t,reference,measured,noisy
282.585,0.2,-9.201871236286378e-07,-0.029456378359351637
282.59,0.2,-1.625650421387299e-05,-0.2968256240848233
282.595,0.2,-0.0001009302570978756,-0.14170043496809204
282.6,0.2,-0.00036185676098849637,0.04174655938269991
282.605,0.2,-0.0009136049228532319,0.06408967159787435
282.61,0.2,-0.0018069691599995206,0.4051125142503177
282.615,0.2,-0.002977804364487268,0.1386491966361526
282.62,0.2,-0.004247339397373511,0.16084603684000068
282.625,0.2,-0.005384455805596769,-0.1457897348000999
282.63,0.2,-0.006201230705963017,-0.32575326365001356
282.635,0.2,-0.006637075532337872,-0.28998315232914995
282.64,0.2,-0.006778551658983342,0.05726811286497584
282.645,0.2,-0.006779442026004272,0.3425324918473241
282.65,0.2,-0.006729094312152263,0.3594071843506533
282.655,0.2,-0.006572328755391888,0.24224218430301048
282.66,0.2,-0.006136646830337652,-0.04670470299802244
282.665,0.2,-0.005235793859651386,-0.15488926254649893
282.67,0.2,-0.0037764406672641014,-0.2853566379444889
282.675,0.2,-0.0018107496006797385,-0.1696703625636475
282.68,0.2,0.0004855925896872088,0.05512865067690445
282.685,0.2,0.002900224881516087,0.2933796880315783
282.69,0.2,0.005292184597917419,0.3496646371128362
282.695,0.2,0.007653675736674875,0.16702937387842887
282.7,0.2,0.010077713621003119,-0.2031854119204028
282.705,0.2,0.012647702169606,-0.28930587841217464
282.71,0.2,0.015333621976731665,-0.22507831096035552
282.715,0.2,0.017972563179428764,-0.13901827049732712
282.72,0.2,0.020330620095514153,0.08548293961823096
282.725,0.2,0.02219009949378241,0.007189088354828954
282.73,0.2,0.0234167418454126,0.34410106918669375
282.735,0.2,0.02400088407557246,0.28225091995222457
282.74,0.2,0.024069630462806208,0.15940404617445522
282.745,0.2,0.023845755187860435,0.04915859168461284
282.75,0.2,0.023563243640938134,-0.14713000100213436
282.755,0.2,0.02338183494854219,-0.2943834039472529
282.76,0.2,0.02334064829986642,0.10538124292624962
282.765,0.2,0.023398727263941918,0.3976487214848539
282.77,0.2,0.023552946208040923,0.4663331867625639
282.775,0.2,0.02392268993649289,0.12495326423870676
282.78,0.2,0.024715082322888757,0.026075723401632077
282.785,0.2,0.02611175053540403,-0.22647044813640507
282.79,0.2,0.028163997321233796,-0.4059182418054397
282.795,0.2,0.030745688839947525,-0.046755808763224105
282.8,0.2,0.03359468716778552,0.025663075474544453
282.805,0.2,0.0364262743876381,0.28211061102062446
282.81,0.2,0.03904108933998036,0.22494923003921796
282.815,0.2,0.04137638479342027,0.400706646213911
282.82,0.2,0.043493001146854206,-0.1637613334837017
282.825,0.2,0.0454951852327493,-0.115911930808238
282.83,0.2,0.04742663027311511,-0.20571049555860532
282.835,0.2,0.0492199348572033,-0.21847246821098543
282.84,0.2,0.05071858524818953,0.10370036953609432
282.845,0.2,0.051751975481605886,0.26798808308006883
282.85,0.2,0.05223690130089334,0.4611037871289026
282.855,0.2,0.052250410250566454,0.39963402570331913
282.86,0.2,0.05202314593014011,0.06595022180866314
282.865,0.2,0.05184350473933896,-0.16238754530477723
282.87,0.2,0.051923272817009807,-0.2634048428338552
282.875,0.2,0.05231261334290278,-0.13434346012373555
282.88,0.2,0.052910431933114274,-0.021295274515468893
282.885,0.2,0.05354141533468127,0.07029656421886016
282.89,0.2,0.05404751900045831,0.3921267006526379
282.895,0.2,0.0543645257118717,0.2592104174953574
282.9,0.2,0.05454855688397522,0.06559350838905303
282.905,0.2,0.05472424436566875,-0.015805451673005858
282.91,0.2,0.05499397507452427,-0.2248460469493182
282.915,0.2,0.05537024080706037,-0.15768094425834236
282.92,0.2,0.055777782152149055,0.5046010155026313
282.925,0.2,0.0561497877246938,0.36067618682023994
282.93,0.2,0.056538360825139,0.38848736568831843
282.935,0.2,0.05712363341136514,0.11776780751519478
282.94,0.2,0.05813079991666303,0.10559648813863644
282.945,0.2,0.05974187402953543,0.06245593354938184
282.95,0.2,0.06204695903388516,-0.10747208169940546
282.955,0.2,0.06502712430794537,0.008404513584978845
282.96,0.2,0.06856542528272982,0.10258458975601818
282.965,0.2,0.07250050572166111,0.3646983844537819
282.97,0.2,0.0767049355558263,0.31256696132560746
282.975,0.2,0.0811430869766958,0.543924155252868
282.98,0.2,0.08587792869536429,0.05170074404490268
282.985,0.2,0.09100766503051845,-0.10499786924585326
282.99,0.2,0.0965552540747035,-0.1698023658574344
282.995,0.2,0.10239141289396454,-0.26845433860493095
283.0,0.2,0.10824277134534485,0.1492138125822111
283.005,0.2,0.11378173636110296,0.3374959820952698
283.01,0.2,0.1187531898764314,0.33783802856572914
283.015,0.2,0.12305567345608749,0.4226223445964612
283.02,0.2,0.12674041640225095,0.22793314457783115
283.025,0.2,0.129946421574125,-0.11122552520245443
283.03,0.2,0.13279401025629686,-0.1659210364435009
283.035,0.2,0.1352970628528644,-0.02266291433203759
283.04,0.2,0.13736335467271538,0.12923930806649644
283.045,0.2,0.13887456792384917,0.36890673943765995
283.05,0.2,0.13978385835321439,0.46175365306463273
283.055,0.2,0.14017342775565889,0.2823394545801586
283.06,0.2,0.140232715880685,0.07380081514790451
283.065,0.2,0.14016894508911631,-0.0208215766763412
283.07,0.2,0.1401137886518736,-0.16283397048540377
283.075,0.2,0.14007192120926512,-0.20027553933955958
283.08,0.2,0.1399257063594114,0.18102606513409764
283.085,0.2,0.13951218094488627,0.4150036269321937
283.09,0.2,0.13874116019188568,0.3624837543994879
283.095,0.2,0.13766457106176008,0.39631295533262095
283.1,0.2,0.13645913494651787,0.25208881459309607
283.105,0.2,0.135358609368626,0.09543759287647693
283.11,0.2,0.13456463559680581,-0.2392087891801766
283.115,0.2,0.13415856133724066,-0.10352735941658922
283.12,0.2,0.134080067916977,0.41015891153397854
283.125,0.2,0.1342157107114158,0.2976834236456822
283.13,0.2,0.1345173170096619,0.4940150066791477
283.135,0.2,0.13505489128848794,0.5368521902232035
283.14,0.2,0.13600672453771737,0.29506666795382364
283.145,0.2,0.1376014414030129,0.13481960204844126
283.15,0.2,0.14001394943786374,-0.26743928065083
283.155,0.2,0.1432614474597564,-0.0744375551185325
283.16,0.2,0.14717809862156128,0.23402414110128006
283.165,0.2,0.1515010625609981,0.2757109838380517
283.17,0.2,0.15599323898455145,0.39507369274052934
283.175,0.2,0.1605157766439565,0.46036199152257173
283.18,0.2,0.16503668365916074,0.13443084042234574
283.185,0.2,0.16957374475313608,-0.14188028858340168
283.19,0.2,0.17409244318084321,-0.0786334572648009
283.195,0.2,0.17844193159539862,-0.053254787660474076
283.2,0.2,0.18238343046889727,0.2646647467645973
283.205,0.2,0.1856844565435533,0.39639277001513606
283.21,0.2,0.18822062850589008,0.5334153754853364
283.215,0.2,0.19003087130081087,0.42214118737930295
283.22,0.2,0.1912894408952286,-0.0048703810042438345
283.225,0.2,0.19219870157026694,-0.036566838254832076
283.23,0.2,0.19287406360889697,-0.0714316975756456
283.235,0.2,0.19330216040572154,-0.006812403287315409
283.24,0.2,0.1933777264168125,0.20635410830413328
283.245,0.2,0.19298726111394224,0.5182134291878359
283.25,0.2,0.1921102966401992,0.5623714829572328
283.255,0.2,0.19087944604154142,0.3450593375237778
283.26,0.2,0.1895514881133596,0.3823106123584919
283.265,0.2,0.1884121129633654,-0.17246996602278944
283.27,0.2,0.18766330608865722,-0.021770165587559814
283.275,0.2,0.18734193421383474,-0.2310572551336103
283.28,0.2,0.18731739332100245,0.20550060360796457
283.285,0.2,0.1873817433053104,0.5477539801854261
283.29,0.2,0.1873890284122876,0.4621002695963014
283.295,0.2,0.18734389838051593,0.4020578573496791
283.3,0.2,0.18737764593494496,0.20402539424524982
283.305,0.2,0.18765070258833216,-0.10498101316853013
283.31,0.2,0.18824205961068316,-0.18256861022383625
283.315,0.2,0.18907993456833366,-0.01077219110103652
283.32,0.2,0.18995646744921338,-0.028767799306845532
283.325,0.2,0.19060725700215359,0.3012352598469493
283.33,0.2,0.19081888333902486,0.7156916993973488
283.335,0.2,0.19053484504381588,0.369012694809637
283.34,0.2,0.189877296360715,0.10976204933484038
283.345,0.2,0.18904268723971965,-0.024114681536369097
283.35,0.2,0.18816876999259932,-0.06559576744181189
283.355,0.2,0.18726796056039924,-0.21638282772347311
283.36,0.2,0.18622936361389678,0.1478732588938223
283.365,0.2,0.1848837099427005,0.3622045275125256
283.37,0.2,0.18311702757028228,0.522756722895058
283.375,0.2,0.1809646761125681,0.5245680526958372
283.38,0.2,0.17862488037274646,0.31940661146523985
283.385,0.2,0.1763780883329193,-0.22381588923313195
283.39,0.2,0.17444635858655463,-0.03135010386121774
283.395,0.2,0.17289220098404373,-0.08152580806885162
283.4,0.2,0.1716281340137625,0.12665885324878928
283.405,0.2,0.17050517718117736,0.4532838153722962
283.41,0.2,0.1694207583076265,0.40411604181214533
283.415,0.2,0.16839132692366462,0.46246470650394556
283.42,0.2,0.16754715406727527,0.15834126870927104
283.425,0.2,0.1670474716500356,-0.29015424249943106
283.43,0.2,0.16695334382406748,-0.20358656479294768
283.435,0.2,0.1671486924673452,-0.061050428287037405
283.44,0.2,0.1673812303996101,0.1808493937983242
283.445,0.2,0.16738475086517618,0.3937839541845448
283.45,0.2,0.16699956965449028,0.5284489143419274
283.455,0.2,0.16624002605902302,0.47660390254190105
283.46,0.2,0.1652812853064903,0.16138251226505332
283.465,0.2,0.16436324802755187,-0.06004419134956468
283.47,0.2,0.16366103274945457,-0.1635069209112394
283.475,0.2,0.16320531869691546,0.04976494973827464
283.48,0.2,0.1628993539041282,0.12275459640397515
283.485,0.2,0.16260674299479927,0.45321857084801287
283.49,0.2,0.16225240565519156,0.4629008259687451
283.495,0.2,0.16188262839471576,0.34267734751341145
283.5,0.2,0.1616500323815569,0.2851820060955543
283.505,0.2,0.16173956412824742,-0.0067580365174045
283.51,0.2,0.16227461960247652,-0.21265188991200112
283.515,0.2,0.16323450468968503,-0.21695879407231283
283.52,0.2,0.16443814135299825,0.263293830893484
283.525,0.2,0.16563808035509936,0.466424117320406
283.53,0.2,0.16667262637486313,0.6528207761713352
283.535,0.2,0.16756672786632607,0.5653628891984968
283.54,0.2,0.1685188531298944,0.1284824214574945
283.545,0.2,0.1697841748801132,0.027005017371267884
283.55,0.2,0.17153156646407589,-0.11920665230198733
283.555,0.2,0.17376787949876457,0.05412178512427632
283.56,0.2,0.17636784563823882,0.46233676800039947
283.565,0.2,0.17918399616633796,0.44106901142606303
283.57,0.2,0.18215401037798773,0.5189025763659052
283.575,0.2,0.18533465457955384,0.49024699132258587
283.58,0.2,0.1888665349771745,0.1926114506028754
283.585,0.2,0.19289390080751093,0.03889112615234812
283.59,0.2,0.19746723027058835,-0.11450764497168761
283.595,0.2,0.20248255890269581,0.0013337345621048866
283.6,0.2,0.20769460179432328,0.09921800382415023
283.605,0.2,0.2127952940401025,0.3919302779687477
283.61,0.2,0.21751427395144218,0.27619228630828924
283.615,0.2,0.22168403468258094,0.38565430226585073
283.62,0.2,0.2252457495692256,0.25071570877898175
283.625,0.2,0.22820602376564006,-0.12527180276416444
283.63,0.2,0.2305539235603737,-0.17298542047882687
283.635,0.2,0.23218303313457525,-0.11821659212128732
283.64,0.2,0.23288836168004254,0.08414914157946508
283.645,0.2,0.23244689250346798,0.3823171612606777
283.65,0.2,0.23073278080275383,0.5400469267803258
283.655,0.2,0.22780672221301787,0.5580582422002417
283.66,0.2,0.22392512442460774,0.22739436802933494
283.665,0.2,0.21945204419161418,0.03783438406492118
283.67,0.2,0.21472341241146897,-0.0967459596478722
283.675,0.2,0.20995236396128858,0.1089635449668689
283.68,0.2,0.20523476782342312,0.3912868663931219
283.685,0.2,0.20063878876365862,0.49487481087931995
283.69,0.2,0.19629328695867373,0.3278625565127813
283.695,0.2,0.19240518677648583,0.5111613302969502
283.7,0.2,0.1892227312045962,0.23158915442898514
283.705,0.2,0.18697867391578987,0.08335946632402398
283.71,0.2,0.18581649366660458,-0.05905283154259833
283.715,0.2,0.18572363729801664,-0.21515323045590926
283.72,0.2,0.18652091351048022,0.3528357606391326
283.725,0.2,0.18794505351409715,0.4428566914066116
283.73,0.2,0.18978816905928056,0.6305536580398678
283.735,0.2,0.1919855091935918,0.33206454361394266
283.74,0.2,0.19458610291950054,0.06498389154698653
283.745,0.2,0.19764536100551247,0.11712948301319703
283.75,0.2,0.2011293696939908,-0.1988494998226487
283.755,0.2,0.20487686908493535,0.0295272447140551
283.76,0.2,0.2086226399789847,0.2355967678823592
283.765,0.2,0.21208707878049668,0.5066093859514629
283.77,0.2,0.21508593395178754,0.3498612345682063
283.775,0.2,0.2175829652382741,0.5609283246903166
283.78,0.2,0.2196715018581746,0.2126537684031966
283.785,0.2,0.22150443332660202,-0.022451224517235642
283.79,0.2,0.22318675398944982,-0.19364695575107296
283.795,0.2,0.22468799524691865,-0.02831305129786445
283.8,0.2,0.2258457183546927,0.19216875747179796
283.805,0.2,0.22646229278833707,0.5073944051640333
283.81,0.2,0.2264290848417799,0.492967723594355
283.815,0.2,0.225791277417162,0.2583788380216717
283.82,0.2,0.22471046301709305,0.1966113235646463
283.825,0.2,0.22337116533378015,0.06533956869013556
283.83,0.2,0.221902795921111,-0.039217063283550214
283.835,0.2,0.2203426058137272,0.08128184745831873
283.84,0.2,0.21865220852581685,0.3778248402122439
283.845,0.2,0.21678946824107753,0.3640589301459005
283.85,0.2,0.2147852254425864,0.5175968289131285
283.855,0.2,0.21277014397352823,0.3227682157873937
283.86,0.2,0.2109416267156624,0.19398664757118372
283.865,0.2,0.20949100157180248,0.09469691226607903
283.87,0.2,0.20853271622184222,0.027314131283200163
283.875,0.2,0.20806886777345512,-0.016631799623123368
283.88,0.2,0.2079925044818457,0.10346654218656755
283.885,0.2,0.20813078279004893,0.3337590125414666
283.89,0.2,0.2083216985733746,0.3768937582047146
283.895,0.2,0.20848224241103402,0.3640375071685845
283.9,0.2,0.2086179028567482,0.09407372926268001
283.905,0.2,0.20876933991087307,0.10322866138717282
283.91,0.2,0.20893975309928897,-0.16001258744011032
283.915,0.2,0.2090450348679445,-0.05490509060960583
283.92,0.2,0.2089155591752057,0.2633669713457261
283.925,0.2,0.20836909778997986,0.40155652122668567
283.93,0.2,0.20731356185594166,0.443044137082155
283.935,0.2,0.20580564672500257,0.5839179137852946
283.94,0.2,0.2040443174758233,0.27781344608332176
283.945,0.2,0.20230378205895033,0.06438181923041975
283.95,0.2,0.20081834248616737,-0.17691981249287053
283.955,0.2,0.19967903074597504,-0.05960942951617049
283.96,0.2,0.19881204813159917,0.10060796479200292
283.965,0.2,0.19805785783164667,0.588866693293604
283.97,0.2,0.19730472674597724,0.48077949071072745
283.975,0.2,0.19658237367208567,0.494679747458315
283.98,0.2,0.19604857197818581,0.1293339421763794
283.985,0.2,0.19588534204162633,-0.1235203159521635
283.99,0.2,0.19617233676207585,-0.190567557924732
283.995,0.2,0.19681644198202058,-0.032976693696888756
284.0,0.2,0.19758383755261735,0.18406907769021175
284.005,0.2,0.19820892047590177,0.4169885429231436
284.01,0.2,0.19851262561495628,0.4864699472614215
284.015,0.2,0.1984708222680754,0.46041134539110756
284.02,0.2,0.1982020652159781,0.1411703979169453
284.025,0.2,0.19787756542968427,-0.09345045212543074
284.03,0.2,0.1976092476131983,0.11685763721527498
284.035,0.2,0.19740529692106107,0.16635778612121005
284.04,0.2,0.19720981484036235,0.1444116601959325
284.045,0.2,0.19696552717715754,0.5273610409997328
284.05,0.2,0.1966748749107656,0.5244635237298739
284.055,0.2,0.1964493925208568,0.490334560593514
284.06,0.2,0.19650088113040426,0.2733259275422396
284.065,0.2,0.19705561607843225,-0.1794078431606421
284.07,0.2,0.1982356309263525,0.03404325432239996
284.075,0.2,0.1999911287214182,-0.06050156602683309
284.08,0.2,0.20212887063751298,0.18821695585415166
284.085,0.2,0.20439911104207556,0.3227435763417887
284.09,0.2,0.2065909182486352,0.44874294430480716
284.095,0.2,0.20860124711417208,0.443804410913011
284.1,0.2,0.210442333137468,0.09377923639610627
284.105,0.2,0.21217666946059838,0.059764232659529445
284.11,0.2,0.21382468828952697,-0.0922627502656013
284.115,0.2,0.21531330566499457,0.07141657859602654
284.12,0.2,0.21649433880472885,0.2277153572232465
284.125,0.2,0.21721886881631744,0.4667753850162784
284.13,0.2,0.21742803970787786,0.5565842544520339
284.135,0.2,0.21720394649161992,0.3269362709840394
284.14,0.2,0.21673702955522567,0.12991634090771165
284.145,0.2,0.21622765700579422,0.043926010384878825
284.15,0.2,0.21578970217816185,-0.18269469471154653
284.155,0.2,0.2154008967791286,-0.017178821889978727
284.16,0.2,0.21491602278762523,0.13485792821004416
284.165,0.2,0.2141411604948696,0.24274760259268446
284.17,0.2,0.21292696403434352,0.435878493732717
284.175,0.2,0.21123382115913045,0.36929877550884177
284.18,0.2,0.20914256570017725,0.19086243745939935
284.185,0.2,0.20679700403791615,-0.0815200410777862
284.19,0.2,0.20431308057727043,0.12151535200419197
284.195,0.2,0.20172911861783813,-0.0025308494165031045
284.2,0.2,0.19901627101474403,0.05401093104515062
284.205,0.2,0.19611310278187546,0.2792145132745736
284.21,0.2,0.19297509862650514,0.34381137405528217
284.215,0.2,0.18962909538383332,0.3556318793690784
284.22,0.2,0.18619719345729507,0.448922215518184
284.225,0.2,0.1828707205904119,-0.10693078913573727
284.23,0.2,0.17983176944268342,0.051030877826597015
284.235,0.2,0.17717116587127407,0.04566763247358127
284.24,0.2,0.17487985990567242,0.230145926330307
284.245,0.2,0.17290926246090335,0.3391671761719333
284.25,0.2,0.1712503425189527,0.7126384532799762
284.255,0.2,0.16999940905260044,0.3970459428691048
284.26,0.2,0.1693559246240263,0.146543428698856
284.265,0.2,0.1695256487488003,0.007693213513050988
284.27,0.2,0.17060006102874964,-0.20318259225694085
284.275,0.2,0.1724877167186067,-0.2058591203929124
284.28,0.2,0.17492299543721976,0.22576878239393783
284.285,0.2,0.17757162263986115,0.6197928827072268
284.29,0.2,0.18019106048327446,0.46955030808922926
284.295,0.2,0.1827258462266051,0.5541857143418002
284.3,0.2,0.18528107363609722,0.18260760749630642
284.305,0.2,0.18801139414032292,-0.18857695347441666
284.31,0.2,0.19098275087503194,-0.14506319547323904
284.315,0.2,0.19408975498410705,-0.047287850679281054
284.32,0.2,0.19708175837421282,0.007586633013945326
284.325,0.2,0.19965649804559235,0.3270658461050864
284.33,0.2,0.20156877825247502,0.5158624042595077
284.335,0.2,0.2027237038865133,0.4818703820586084
284.34,0.2,0.20319977389470245,0.1449198805929451
284.345,0.2,0.20317121949128264,0.007878618130869097
284.35,0.2,0.20278164489325012,-0.25130846589250466
284.355,0.2,0.2020498247475659,-0.154099905796465
284.36,0.2,0.20085887953888748,0.14611024595296912
284.365,0.2,0.19904501632669425,0.5363690471817193
284.37,0.2,0.1965408439399475,0.600838091851071
284.375,0.2,0.1934717055032255,0.4744583159176123
284.38,0.2,0.1901376321010951,0.3039323615806497
284.385,0.2,0.18690449094532202,0.0007352672308847535
284.39,0.2,0.18407317390527062,-0.0650206604468076
284.395,0.2,0.18179185360658437,-0.0031706435780251754
284.4,0.2,0.18005173386656734,0.1527890494493842
284.405,0.2,0.17876158761670405,0.5057877089213084
284.41,0.2,0.17785349706191217,0.3739733567656842
284.415,0.2,0.17734904688164976,0.40749575543287775
284.42,0.2,0.17734900182020785,0.26899367017969633
284.425,0.2,0.1779745211400588,0.10398442219669463
284.43,0.2,0.1792958847210789,-0.0506239799962761
284.435,0.2,0.18127180915841726,-0.07205203248576685
284.44,0.2,0.18373351466942497,0.13546190348441045
284.445,0.2,0.1864359326666332,0.2908528733180789
284.45,0.2,0.18915489493453186,0.5462838429459376
284.455,0.2,0.19177267096450787,0.32856012050188427
284.46,0.2,0.19429315722012971,0.24395292569341387
284.465,0.2,0.19677433724096233,-0.11423600510874157
284.47,0.2,0.1992214164022277,-0.24530878203255557
284.475,0.2,0.20150679614155537,-0.10533443362698032
284.48,0.2,0.20337976565805282,0.24698318651465392
284.485,0.2,0.20457016981741824,0.2763486582998825
284.49,0.2,0.20490207271298808,0.3316433255206351
284.495,0.2,0.2043398291644214,0.30127435890619636
284.5,0.2,0.20296681781455936,0.14746399955005912
284.505,0.2,0.20092142997790147,-0.12166119940282556
284.51,0.2,0.19830803060442007,-0.22562954464101787
284.515,0.2,0.1951314647008616,0.02049456437322518
284.52,0.2,0.1913131527606291,0.15045982367938635
284.525,0.2,0.1867792509463622,0.3762971495102674
284.53,0.2,0.18155629268312884,0.5205554209728036
284.535,0.2,0.1758228843998456,0.3597964700266794
284.54,0.2,0.16988606540735957,0.14005664186481995
284.545,0.2,0.1640836461111064,-0.06722132550032688
284.55,0.2,0.15866699861592132,-0.19759995088275661
284.555,0.2,0.153739370044017,0.23267883682177193
284.56,0.2,0.1492931825149684,0.19680209505282836
284.565,0.2,0.14530324314068802,0.30895727647617005
284.57,0.2,0.14179573906627355,0.501108031913607
284.575,0.2,0.13887801975647282,0.3992098435290631
284.58,0.2,0.13672826420016476,0.10975733786592201
284.585,0.2,0.13551938216592907,-0.14582177295894813
284.59,0.2,0.13530544745233422,-0.28842448318958136
284.595,0.2,0.1359537671056336,-0.02390669970902852
284.6,0.2,0.13717819667448108,0.086734265034208
284.605,0.2,0.13865059230902538,0.3636310028458095
284.61,0.2,0.14011781882839727,0.372141083852024
284.615,0.2,0.14146683576493538,0.35793091170287206
284.62,0.2,0.14271602126794886,0.13596360885109884
284.625,0.2,0.14394165558494215,-0.10423330600447378
284.63,0.2,0.1451807053162087,-0.07829731958336053
284.635,0.2,0.1463719714881483,-0.0467351907703529
284.64,0.2,0.1473663549645415,0.003641386161710572
284.645,0.2,0.1479882595313534,0.42321618163265184
284.65,0.2,0.1481187506348643,0.21837646582116818
284.655,0.2,0.1477485533984799,0.22701819825002317
284.66,0.2,0.14695429664918938,-0.03489404176056661
284.665,0.2,0.14582182435396182,-0.12669883945471927
284.67,0.2,0.14437161402889995,-0.2297642810159052
284.675,0.2,0.14252576909399897,-0.04934628173365384
284.68,0.2,0.14014347474946043,0.2599642953158446
284.685,0.2,0.13711030400334703,0.15942391994351396
284.69,0.2,0.13341603369152316,0.41374527521127347
284.695,0.2,0.129179415946298,0.25370520693779364
284.7,0.2,0.12462171196329754,0.04872961326049206
284.705,0.2,0.11999199329056519,-0.06609982275246343
284.71,0.2,0.11547595649874212,-0.18401592026592678
284.715,0.2,0.1111429725920723,-0.0797246835089451
284.72,0.2,0.10695410713207024,-0.0025616649715568957
284.725,0.2,0.10281993424057347,0.21985959422011375
284.73,0.2,0.09867935424540224,0.30782237202662316
284.735,0.2,0.09456975001610192,0.5649240703633351
284.74,0.2,0.09065613271439306,0.05700014092518926
284.745,0.2,0.08717350261939796,-0.16696744899606086
284.75,0.2,0.08430034112346343,-0.09392629105108677
284.755,0.2,0.08207133104369897,-0.19390456634235415
284.76,0.2,0.08038603884183974,0.09553539970352123
284.765,0.2,0.07908205878394492,0.2531762606926997
284.77,0.2,0.07803510323692225,0.4848492755141701
284.775,0.2,0.07724008685077194,0.3502206002960567
284.78,0.2,0.07682093180300957,0.21805516767617686
284.785,0.2,0.07695179889501379,-0.31479128684195534
284.79,0.2,0.07772317283797994,-0.3267502184523154
284.795,0.2,0.07904399060610892,-0.09375585486165014
284.8,0.2,0.08066621727896794,0.10670622902748676
284.805,0.2,0.0823084651460993,0.33671953257312187
284.81,0.2,0.08378039665779549,0.3623539642126039
284.815,0.2,0.08503797037810376,0.18071223500507935
284.82,0.2,0.08615604423743042,0.2091207422505405
284.825,0.2,0.08725105380305669,-0.20098367145668028
284.83,0.2,0.08838721028262508,-0.3303349663037358
284.835,0.2,0.08949918117400314,-0.16074397456634906
284.84,0.2,0.09039067738566668,-0.017808929021078775
284.845,0.2,0.09082545735670845,0.37181989308115465
284.85,0.2,0.09065174188999918,0.3599290847020299
284.855,0.2,0.08987961480546168,0.2468350809861609
284.86,0.2,0.08866694200702306,0.2236925265716362
284.865,0.2,0.0872366434114561,-0.20227993019108437
284.87,0.2,0.08576626337114152,-0.34201667587196427
284.875,0.2,0.08429265481535364,-0.22647129099181845
284.88,0.2,0.08269519712629517,-0.12584941869322963
284.885,0.2,0.08077307678960649,0.23105005291660105
284.89,0.2,0.07835821343499441,0.09760563142796819
284.895,0.2,0.07539286556147201,0.29806650842971316
284.9,0.2,0.07194535458995757,0.15732936725878033
284.905,0.2,0.06817399518724068,-0.13375308211473208
284.91,0.2,0.06424713108353344,-0.19423549543092639
284.915,0.2,0.06025676556932138,-0.2514177615079529
284.92,0.2,0.056188843856937495,-0.017872801262292057
284.925,0.2,0.051976389133306634,0.367227120495055
284.93,0.2,0.047606036257315715,0.3113621071000557
284.935,0.2,0.043195212100608615,0.25906080017945593
284.94,0.2,0.03897733267353437,0.13014582784940737
284.945,0.2,0.03521406146220244,-0.29332533401873084
284.95,0.2,0.032080127654573166,-0.34573621196033916
284.955,0.2,0.029579771796816933,-0.1693873956887018
284.96,0.2,0.027559861197561503,-0.029847095460579235
284.965,0.2,0.025815221919495843,0.43025486440438493
284.97,0.2,0.02421217085755705,0.10667564332937218
284.975,0.2,0.022744094801228396,0.18786016700558905
284.98,0.2,0.02149317953998687,-0.033241028281136537
284.985,0.2,0.020548557014516175,-0.25888262768707954
284.99,0.2,0.019920849593613524,-0.44474140621328595
284.995,0.2,0.01947782884143679,-0.35964083697802646
285.0,0.2,0.018953023418099398,0.03729976212122997
285.005,0.2,0.01805283231240695,0.30561499115021207
285.01,0.2,0.016599407220851407,0.25854158926859205
285.015,0.2,0.014601343268810345,0.14437178080201954
285.02,0.2,0.012212004773484329,-0.05954865297352101
285.025,0.2,0.009621707111455595,-0.3454685158642654
285.03,0.2,0.00694805129126147,-0.28217973339757546
285.035,0.2,0.004178528675217167,-0.3306352089817217
285.04,0.2,0.001186990365851337,-0.13955525018220805
285.045,0.2,-0.002197010173602214,0.047796916496709
285.05,0.2,-0.006096034079340846,0.2488304126724263
285.055,0.2,-0.01050499725716336,0.22861639800183287
285.06,0.2,-0.01527468440638561,-0.11977164836786611
285.065,0.2,-0.02018712111185843,-0.3103525663455224
285.07,0.2,-0.02507806801055576,-0.41817146439341124
285.075,0.2,-0.029913756442924853,-0.1969805709577501
285.08,0.2,-0.034772030389774305,-0.12123337272138553
285.085,0.2,-0.03975797943070838,0.12187895078693611
285.09,0.2,-0.04491152664508063,0.2520833809818178
285.095,0.2,-0.05015156423531556,0.03234915499234958
285.1,0.2,-0.055289592548584246,0.014155280527206271
285.105,0.2,-0.060102121117295744,-0.18241322416595757
285.11,0.2,-0.06441055809949127,-0.24902092769471615
285.115,0.2,-0.06813525141201666,-0.29655948772251545
285.12,0.2,-0.0713099396141436,-0.18039056681517873
285.125,0.2,-0.07404423382855296,0.09728949798053158
285.13,0.2,-0.07644110029498091,0.2075214275716227
285.135,0.2,-0.0785185480643026,0.0936402336913701
285.14,0.2,-0.08019431812579443,0.0765135268479028
285.145,0.2,-0.0813457049602417,-0.4790676948401053
285.15,0.2,-0.08191774966516185,-0.4680655804509371
285.155,0.2,-0.0820102332423566,-0.2619986222821694
285.16,0.2,-0.08186213682647957,-0.17395151233179568
285.165,0.2,-0.08174625140165662,0.18642290771773048
285.17,0.2,-0.08185146728117854,0.2111089300871422
285.175,0.2,-0.08221813640910053,-0.08370269808204814
285.18,0.2,-0.08277054224197337,-0.17423261342322838
285.185,0.2,-0.08341625234522117,-0.3283894532702089
285.19,0.2,-0.08412773371043873,-0.2876693798012327
285.195,0.2,-0.08496564749702891,-0.2850042671574799
285.2,0.2,-0.08605290065970077,-0.12472453442751377
285.205,0.2,-0.08752107604681895,-0.0824807018922731
285.21,0.2,-0.08945228480125977,0.1109963999861479
285.215,0.2,-0.09182982187317368,0.23581727567325395
285.22,0.2,-0.09452373285363265,-0.3402900399595852
285.225,0.2,-0.09735831538960919,-0.3918362560807779
285.23,0.2,-0.10023018225138149,-0.4226124464042755
285.235,0.2,-0.10316665959319261,-0.30032871157536495
285.24,0.2,-0.10629102850617529,-0.23987003532968992
285.245,0.2,-0.10974493787977045,0.05447388246028405
285.25,0.2,-0.11360416468202489,0.1223065307093425
285.255,0.2,-0.11781210414123727,0.23990595269867443
285.26,0.2,-0.12216625701357209,-0.0513307407393989
285.265,0.2,-0.12638566998132872,-0.42763218653867496
285.27,0.2,-0.13023349537824036,-0.23968871728779823
285.275,0.2,-0.13359926457799842,-0.27192444139574984
285.28,0.2,-0.13649071150629818,-0.2795090058834998
285.285,0.2,-0.13897758044357095,0.1485012853172744
285.29,0.2,-0.14110995161071746,0.2846658449480102
285.295,0.2,-0.1428404710306669,-0.11362879098116396
285.3,0.2,-0.14404049479668463,-0.33650249443861624
285.305,0.2,-0.1446170152865792,-0.5131447584679548
285.31,0.2,-0.144621442205897,-0.5390889218063695
285.315,0.2,-0.1442657706151038,-0.12532417797867046
285.32,0.2,-0.1438359918019359,-0.0011369475672277085
285.325,0.2,-0.14356701429634114,-0.06384992507333155
285.33,0.2,-0.14357399605269322,0.03750420263965573
285.335,0.2,-0.14385556502495694,-0.021969654081189754
285.34,0.2,-0.1443324034511163,-0.31379779132640134
285.345,0.2,-0.14491213687909155,-0.2600780171541689
285.35,0.2,-0.14555196241244625,-0.2942261442897641
285.355,0.2,-0.14628246965824376,-0.48666204623591647
285.36,0.2,-0.1472046297108619,-0.22836597896463393
285.365,0.2,-0.14845430219989228,0.08025395961114642
285.37,0.2,-0.1501165300662326,0.08272040930158032
285.375,0.2,-0.15214853253931665,0.08719126642209069
285.38,0.2,-0.15438799354121446,-0.3605248273159297
285.385,0.2,-0.15664787253348464,-0.4104969529985802
285.39,0.2,-0.1588287146945283,-0.5253414594343708
285.395,0.2,-0.1609721678946931,-0.4460054400654353
285.4,0.2,-0.1632349835633292,-0.22814502918506982
285.405,0.2,-0.16580730293803564,-0.08421841626846005
285.41,0.2,-0.16881883987062343,-0.040489611940200204
285.415,0.2,-0.1722820861481987,0.0125519466172775
285.42,0.2,-0.17609009201928355,-0.11412901117668478
285.425,0.2,-0.1800650321844684,-0.4352112120001025
285.43,0.2,-0.18404557557642665,-0.4143266751069604
285.435,0.2,-0.18796242055685836,-0.4431094517235379
285.44,0.2,-0.19184903106736656,-0.28133621252389973
285.445,0.2,-0.19578046819887673,0.20706605158775165
285.45,0.2,-0.19976224300854473,0.25607705672080494
285.455,0.2,-0.20363788967978846,0.13254352028874203
285.46,0.2,-0.20710207179920956,-0.16505965403586836
285.465,0.2,-0.2098143245546825,-0.2705888216430495
285.47,0.2,-0.2115315371468302,-0.6272278794528525
285.475,0.2,-0.2121924228805386,-0.28115690055329545
285.48,0.2,-0.21191645390308772,-0.352618884499441
285.485,0.2,-0.21092473214085372,-0.03825082108674709
285.49,0.2,-0.20943304973918656,0.1669811651728375
285.495,0.2,-0.207564828644899,-0.0563735211948882
285.5,0.2,-0.20533734076932936,-0.27564596482161835
285.505,0.2,-0.20274335290955683,-0.5727985382577218
285.51,0.2,-0.19986185779214174,-0.5126261751627335
285.515,0.2,-0.19691272331068976,-0.5959448040583214
285.52,0.2,-0.19422976762378846,-0.26687427431094074
285.525,0.2,-0.19216770457836507,0.00490332216235183
285.53,0.2,-0.19097469689003413,0.21097696326287713
285.535,0.2,-0.1906942293537582,0.09959519617454607
285.54,0.2,-0.19116704582245486,-0.2753034086604599
285.545,0.2,-0.1921438159475374,-0.4873774004521287
285.55,0.2,-0.19342833757780176,-0.38546341885593005
285.555,0.2,-0.19495234420269109,-0.566763891995806
285.56,0.2,-0.19676284343958464,-0.14680881294123826
285.565,0.2,-0.1989458920569691,0.0638739194878103
285.57,0.2,-0.20152053043479964,-0.008174801917395058
285.575,0.2,-0.2043755631950554,0.08552558940920155
285.58,0.2,-0.2072846662264163,-0.08273171124413939
285.585,0.2,-0.20997186242795998,-0.3376843109231697
285.59,0.2,-0.21221580736190468,-0.8273256889651784
285.595,0.2,-0.21396220042610223,-0.4123394069911727
285.6,0.2,-0.21534362632830745,-0.17429359078617718
285.605,0.2,-0.2165675431774066,-0.040032187804137365
285.61,0.2,-0.21777549687555994,0.11158909783449161
285.615,0.2,-0.21897493010268007,-0.08349137288686365
285.62,0.2,-0.220063870699022,-0.36420641445690516
285.625,0.2,-0.2209278279890675,-0.5108109780670782
285.63,0.2,-0.2215433272631669,-0.5101465654943346
285.635,0.2,-0.22202362400480724,-0.6594380125817865
285.64,0.2,-0.22260019423143093,-0.29109282002256576
285.645,0.2,-0.22354200843052116,0.06932702857284256
285.65,0.2,-0.22502574346583165,0.0985760142199591
285.655,0.2,-0.2270434286069906,-0.07955726210063631
285.66,0.2,-0.2294290491014169,-0.361266830302142
285.665,0.2,-0.23197329391995297,-0.39606845883108327
285.67,0.2,-0.2345365022352013,-0.6767515478250802
285.675,0.2,-0.2371079750622364,-0.445472367674161
285.68,0.2,-0.23978979314382123,-0.1596881397696019
285.685,0.2,-0.24270077806190307,0.04196741038859541
285.69,0.2,-0.24586124099738713,0.03401938297649355
285.695,0.2,-0.24914149926575824,0.037100941938545184
285.7,0.2,-0.25229596267424725,-0.30567829982234235
285.705,0.2,-0.2550558659144319,-0.349277984429717
285.71,0.2,-0.2572281586251943,-0.42480014673848465
285.715,0.2,-0.2587458895486552,-0.40923257698173504
285.72,0.2,-0.2596584411998922,-0.27050882153962974
285.725,0.2,-0.26007420312023677,0.040782897540905416
285.73,0.2,-0.26006264825036424,0.36655251640667397
285.735,0.2,-0.2595641635738914,-0.10614409906793755
285.74,0.2,-0.2583953142766632,-0.07634452714299406
285.745,0.2,-0.2563509799999924,-0.33992805431424783
285.75,0.2,-0.25331181015411636,-0.42731328086487846
285.755,0.2,-0.24929704461638733,-0.21365375999262592
285.76,0.2,-0.24444825210871518,-0.22618320253025637
285.765,0.2,-0.2389643265820457,-0.09236464082912563
285.77,0.2,-0.2330335745254237,0.0684401067094673
285.775,0.2,-0.22678446499120306,-0.03572232267928784
285.78,0.2,-0.22027317108759442,-0.1501059715512753
285.785,0.2,-0.21352749124305834,-0.41793558641184125
285.79,0.2,-0.20662750586873918,-0.5716864047442473
285.795,0.2,-0.19977168492587286,-0.4858409927251005
285.8,0.2,-0.19327356861018158,-0.2060435370767577
285.805,0.2,-0.1874760463191854,-0.09225110193927366
285.81,0.2,-0.18263884597205496,0.0738190425515236
285.815,0.2,-0.17886568206858716,0.04836332723912137
285.82,0.2,-0.17610158139011425,-0.2335736363706883
285.825,0.2,-0.174203555135869,-0.37494467724347663
285.83,0.2,-0.17304087016339595,-0.3308318502423989
285.835,0.2,-0.17254850845728467,-0.24239073467508565
285.84,0.2,-0.17271627666938363,-0.3979027459973008
285.845,0.2,-0.17355355472306955,0.04917623702120071
285.85,0.2,-0.1750352987803578,0.11339131083705546
285.855,0.2,-0.17704296891544427,-0.1624982751846768
285.86,0.2,-0.17936958763403274,-0.147214357905907
285.865,0.2,-0.18179516915358046,-0.4038411706357073
285.87,0.2,-0.1841692291138798,-0.5365401957369552
285.875,0.2,-0.18646381725998223,-0.4107266636364642
285.88,0.2,-0.18876328788152205,-0.059672120054474836
285.885,0.2,-0.19117561450518256,-0.01737108909081419
285.89,0.2,-0.1937250371333654,0.22689155649123446
285.895,0.2,-0.19629822838626554,-0.03286640376363298
285.9,0.2,-0.19867546709116352,-0.30494905476308254
285.905,0.2,-0.20063171954693937,-0.29753364993622816
285.91,0.2,-0.20203912013227004,-0.5812875992781361
285.915,0.2,-0.2029213003492978,-0.5495608780939933
285.92,0.2,-0.20344666675029774,-0.08277387679440346
285.925,0.2,-0.2038374422487899,0.06763509171379173
285.93,0.2,-0.2042392603497079,-0.018852275851353406
285.935,0.2,-0.2046540979304946,0.18677156801483402
285.94,0.2,-0.2049559636314564,-0.15173598708215685
285.945,0.2,-0.20495875409242226,-0.34218108475892167
285.95,0.2,-0.2045165624327765,-0.38619422839992595
285.955,0.2,-0.20359902779404376,-0.34307183332314917
285.96,0.2,-0.20229059574720326,-0.17747899509408613
285.965,0.2,-0.20072878977223987,-0.05168768627667804
285.97,0.2,-0.1990213702230878,0.20456631127273844
285.975,0.2,-0.1971814361599551,-0.04262852191130852
285.98,0.2,-0.19512374501869684,-0.08589238991225227
285.985,0.2,-0.19273657488826787,-0.5554327089078774
285.99,0.2,-0.1899905279505451,-0.5296282795445938
285.995,0.2,-0.18701049301993636,-0.39236642282386264
286.0,0.2,-0.18404825466362965,-0.11604642481412891
286.005,0.2,-0.1813749654472777,-0.08612916695840987
286.01,0.2,-0.17917733025735952,0.08240407193495079
286.015,0.2,-0.1775029298140189,0.17553883193596667
286.02,0.2,-0.17624741606762628,0.10370924211261698
286.025,0.2,-0.17519426891689674,-0.37299403184121616
286.03,0.2,-0.17412435859566508,-0.4567478830655563
286.035,0.2,-0.17293463034600853,-0.3613221795194088
286.04,0.2,-0.17166277130372917,-0.04032910826038055
286.045,0.2,-0.1704092732665977,-0.14605420898482632
286.05,0.2,-0.16924644536322625,0.09450155383229586
286.055,0.2,-0.1681737239118566,-0.03259516275673507
286.06,0.2,-0.16712010094095645,-0.16141902987992593
286.065,0.2,-0.16599469560623323,-0.43919090803584654
286.07,0.2,-0.16477370383863268,-0.6313594048023312
286.075,0.2,-0.163569072637353,-0.3826932141603743
286.08,0.2,-0.162617709386199,-0.32108824454013307
286.085,0.2,-0.16219187116417197,-0.03329205887323722
286.09,0.2,-0.16248990027490617,0.06908054041050199
286.095,0.2,-0.16355828967599922,0.13184106023708736
286.1,0.2,-0.16527513565434965,-0.08455690982478938
286.105,0.2,-0.1674116782358014,-0.3820017099059935
286.11,0.2,-0.16974763790980454,-0.44973557755310145
286.115,0.2,-0.1721630565567402,-0.2516903598076267
286.12,0.2,-0.17463828975047335,-0.12222040682049022
286.125,0.2,-0.1771807384047366,-0.010380889912424945
286.13,0.2,-0.17975085275381367,0.04509965797827007
286.135,0.2,-0.18222589548070778,0.136921301674346
286.14,0.2,-0.18440336490021292,-0.1128421016022126
286.145,0.2,-0.18605514749351498,-0.4108605255059606
286.15,0.2,-0.18702767045493496,-0.49341515856115037
286.155,0.2,-0.18732579660595308,-0.484105770315354
286.16,0.2,-0.18711802374090722,-0.3062755133054304
286.165,0.2,-0.18665819401920986,0.07488409095102519
286.17,0.2,-0.1861657000065264,-0.01503835421252804
286.175,0.2,-0.18573731972296806,0.09064633589585412
286.18,0.2,-0.1853415574784353,-0.20162239003419602
286.185,0.2,-0.18488354290844125,-0.3181759076312457
286.19,0.2,-0.18429532256703382,-0.41766047063906925
286.195,0.2,-0.18360044803958706,-0.4316644147741149
286.2,0.2,-0.18292201528277083,-0.2759631042693024
286.205,0.2,-0.1824256743348436,0.2009522743684419
286.21,0.2,-0.1822124142608447,0.10555062728397263
286.215,0.2,-0.18223972933911434,-0.03935012855217242
286.22,0.2,-0.18235023912611847,-0.29099558910272916
286.225,0.2,-0.18238575370113036,-0.6176617184344844
286.23,0.2,-0.18230209548554907,-0.44578620949909575
286.235,0.2,-0.18220827623975566,-0.3828411833814641
286.24,0.2,-0.18231989104463348,-0.490883804182646
286.245,0.2,-0.18287632121056227,0.20194146868888288
286.25,0.2,-0.18403413306548885,0.19322423461739746
286.255,0.2,-0.18577194725932303,-0.11532294193947804
286.26,0.2,-0.18790377102656755,-0.12740554534015058
286.265,0.2,-0.19018716999745272,-0.31829350569452275
286.27,0.2,-0.19242718798432232,-0.5271788076321116
286.275,0.2,-0.194542912400646,-0.4519384837835717
286.28,0.2,-0.196579562521074,-0.1756785981604982
286.285,0.2,-0.19863380228007843,0.21755303888906305
286.29,0.2,-0.2007256924897933,0.2006834313378883
286.295,0.2,-0.20270964337126698,0.32077425059487075
286.3,0.2,-0.20428786185691158,-0.25303687277652154
286.305,0.2,-0.20512074721879603,-0.20065400438678688
286.31,0.2,-0.20495862166289186,-0.3175653891866688
286.315,0.2,-0.20370820062538048,-0.3165888252599291
286.32,0.2,-0.20142323530093986,-0.15658189708959835
286.325,0.2,-0.19824325382917493,0.17062399535076353
286.33,0.2,-0.19429798500133388,0.13303874798566312
286.335,0.2,-0.1896354075102561,0.07240153203569241
286.34,0.2,-0.1842347242285763,-0.3079554467463971
286.345,0.2,-0.17809499325510014,-0.3809278250196127
286.35,0.2,-0.17133086920211038,-0.5210738168589807
286.355,0.2,-0.1642126887909492,-0.4451748964020136
286.36,0.2,-0.15713265956199293,-0.1927648015376778
286.365,0.2,-0.15050963302398995,-0.0026419320270266167
286.37,0.2,-0.1446712621947539,0.1644802961247287
286.375,0.2,-0.13977503041103892,-0.002505170689769052
286.38,0.2,-0.13581050350403345,-0.07100721071658952
286.385,0.2,-0.13267528797624578,-0.42125155919171603
286.39,0.2,-0.13028026117564548,-0.42885547943244695
286.395,0.2,-0.12862482698625072,-0.3692386705708649
286.4,0.2,-0.12779954944490118,-0.28877839707299097
286.405,0.2,-0.12792500935306347,0.0038309301849714546
286.41,0.2,-0.1290599295799542,0.24684313365810615
286.415,0.2,-0.13112054159808176,-0.006137989136470068
286.42,0.2,-0.13387752993451363,-0.15805149471773017
286.425,0.2,-0.1370425458595299,-0.23745526044675727
286.43,0.2,-0.14037094144669762,-0.4439895357597995
286.435,0.2,-0.14372665356438946,-0.41439266261364366
286.44,0.2,-0.14709444256415616,-0.16466874590039238
286.445,0.2,-0.15051784666493082,0.22197587276020245
286.45,0.2,-0.1539846913465107,0.13690922220475085
286.455,0.2,-0.15735485213561923,0.0012319546446885252
286.46,0.2,-0.16039227889390822,-0.12516542671698316
286.465,0.2,-0.1628616457997062,-0.3855291992970652
286.47,0.2,-0.1646227821594012,-0.3967980745079755
286.475,0.2,-0.16568160757665026,-0.3650813066883631
286.48,0.2,-0.16616875200986247,-0.001968860201717354
286.485,0.2,-0.16624792017832615,0.11197762935656796
286.49,0.2,-0.16601117624827058,0.11725710510549207
286.495,0.2,-0.16543848654742402,-0.1126476588871963
286.5,0.2,-0.16444920970171573,-0.34792353894806305
286.505,0.2,-0.16300455305640071,-0.5008576577961047
286.51,0.2,-0.16119381910701902,-0.5579489836437485
286.515,0.2,-0.1592549351100052,-0.34537353436556917
286.52,0.2,-0.15751827264409424,-0.24288216556840855
286.525,0.2,-0.15630420636520073,0.02515160130352232
286.53,0.2,-0.15582170377892723,0.12154761486328226
286.535,0.2,-0.15610695135392635,0.06211941570210906
286.54,0.2,-0.15703038507052303,-0.08583920056529143
286.545,0.2,-0.15837539300161219,-0.42697702411367977
286.55,0.2,-0.15995517766012085,-0.511435378892365
286.555,0.2,-0.161700139256323,-0.28971886309348055
286.56,0.2,-0.16365429945003432,-0.2314911724188321
286.565,0.2,-0.16590033345828745,-0.11665355484184792
286.57,0.2,-0.16848265154185757,0.036744945615710026
286.575,0.2,-0.17136416813074345,-0.14148108061409304
286.58,0.2,-0.17442728759172865,-0.0626191821783671
286.585,0.2,-0.17751885197457226,-0.4572145946169053
286.59,0.2,-0.1805207165381048,-0.40607361393420877
286.595,0.2,-0.18340509880107841,-0.30967624980534336
286.6,0.2,-0.1862296335218662,-0.2781101902323322
286.605,0.2,-0.18908151342013446,-0.07617205024830853
286.61,0.2,-0.19201084156370749,0.07074742084262424
286.615,0.2,-0.1949757480526193,0.03534913490720855
286.62,0.2,-0.19783346993517348,-0.2354221437867635
286.625,0.2,-0.2004074592155833,-0.5114095578156791
286.63,0.2,-0.20259538853119113,-0.48423262753534674
286.635,0.2,-0.20443927869188852,-0.5898491466317173
286.64,0.2,-0.2061102932045237,-0.057155991938405704
286.645,0.2,-0.20780989774330444,0.04432830119908482
286.65,0.2,-0.209647829721317,-0.03640086838773263
286.655,0.2,-0.21159048898551955,0.0018537548486301392
286.66,0.2,-0.2134997162119201,-0.2878516648321551
286.665,0.2,-0.21521440184706436,-0.3564272779193914
286.67,0.2,-0.21663751047090576,-0.5981250724349442
286.675,0.2,-0.21779597562583794,-0.45596805792711803
286.68,0.2,-0.21883607717740508,-0.20823376392608017
286.685,0.2,-0.21994708962428583,-0.15144036961626348
286.69,0.2,-0.221264252153383,0.021121967546727002
286.695,0.2,-0.22281081629977392,-0.05878783573650999
286.7,0.2,-0.22450133582371318,-0.27705382592175504
286.705,0.2,-0.2262071540193741,-0.4805832107109699
286.71,0.2,-0.2278505291691367,-0.5202375724240192
286.715,0.2,-0.22946057956033586,-0.3765858864038689
286.72,0.2,-0.23116045614489336,-0.5010220741178331
286.725,0.2,-0.2331101609257837,0.007260665452643754
286.73,0.2,-0.2354206413834639,0.11184200547727638
286.735,0.2,-0.23806033175668237,0.16101917064860446
286.74,0.2,-0.24083041450387085,-0.30135744295584843
286.745,0.2,-0.2434538128011131,-0.38138221253721544
286.75,0.2,-0.24571048516691704,-0.5040729295508353
286.755,0.2,-0.24751223972368352,-0.2298653086094928
286.76,0.2,-0.24887948228258885,-0.2179015749153097
286.765,0.2,-0.24986367127504489,0.014752158272138967
286.77,0.2,-0.2504759589642831,-0.039641462009512435
286.775,0.2,-0.25065227392495815,0.07234586446258547
286.78,0.2,-0.2502595480179615,-0.14040061828707107
286.785,0.2,-0.24914630195556037,-0.42630866579481286
286.79,0.2,-0.24722416369041697,-0.29789663872773897
286.795,0.2,-0.24452275880167337,-0.3784861591833246
286.8,0.2,-0.24117805065137038,-0.19374798176675634
286.805,0.2,-0.2373687613372728,0.14251569959031582
286.81,0.2,-0.233225586994883,0.1330219241009533
286.815,0.2,-0.22876689148036397,-0.05056027696699165
286.82,0.2,-0.2239250324957453,-0.30811120789505964
286.825,0.2,-0.21865065110823323,-0.5715403043662519
286.83,0.2,-0.213020375174446,-0.5786256423953329
286.835,0.2,-0.207283225914755,-0.5810030244707234
286.84,0.2,-0.20181829489775627,-0.12209336777131571
286.845,0.2,-0.19701272540711298,0.08210234373015532
286.85,0.2,-0.19311976957130558,0.09239110562490636
286.855,0.2,-0.19018796309248584,0.012054972272987338
286.86,0.2,-0.18809462464771323,-0.16198574868260207
286.865,0.2,-0.1866456863610427,-0.4984845355412584
286.87,0.2,-0.18569180659483936,-0.47803182593894317
286.875,0.2,-0.18520182483002812,-0.39589667191201333
286.88,0.2,-0.18524917536042812,-0.21022215853885787
286.885,0.2,-0.18593180021583783,-0.04330144183839354
286.89,0.2,-0.18728422222009034,0.0030277027216863983
286.895,0.2,-0.1892279653927823,0.0019482458119401379
286.9,0.2,-0.19157901390994364,-0.16033902946699313
286.905,0.2,-0.19411052494745729,-0.4824883479054147
286.91,0.2,-0.19664900009262745,-0.49246110292422224
286.915,0.2,-0.19915176315438785,-0.6065293373742973
286.92,0.2,-0.20171515526484243,-0.2554726587485012
286.925,0.2,-0.20450337725530712,-0.09159090400953356
286.93,0.2,-0.20763549570643805,0.0555544068205284
286.935,0.2,-0.2110969619655525,0.12917552513219754
286.94,0.2,-0.21472603930977185,-0.2862445439170266
286.945,0.2,-0.2182907109134618,-0.45637406393623015
286.95,0.2,-0.22161470869337246,-0.559516754613673
286.955,0.2,-0.22465724051457564,-0.318127242739951
286.96,0.2,-0.22748879412386638,-0.14935648813885452
286.965,0.2,-0.23020002046339078,-0.11300000865753472
286.97,0.2,-0.23282281302544158,-0.026525976693333495
286.975,0.2,-0.23530058010833,-0.007795592151820456
286.98,0.2,-0.23749967992855098,-0.21300802916157807
286.985,0.2,-0.23926450504189892,-0.5065827088809717
286.99,0.2,-0.24050378801044567,-0.38436695171969254
286.995,0.2,-0.24125088289819147,-0.6322165905710186
287.0,0.2,-0.24165979601934098,-0.17036141643264846
287.005,0.2,-0.24192874284209046,0.17707093067852075
287.01,0.2,-0.24217951155299317,-0.11144690901445722
287.015,0.2,-0.24239250702330417,0.009442054738998909
287.02,0.2,-0.2424403240566509,-0.09736601925459633
287.025,0.2,-0.24216328015174848,-0.5382547965365606
287.03,0.2,-0.24145857865460263,-0.41725249463778574
287.035,0.2,-0.24034811548460855,-0.4019696987885362
287.04,0.2,-0.23896956551649534,-0.3050221764918607
287.045,0.2,-0.23751074103329609,-0.17271456420408882
287.05,0.2,-0.23613598246339618,0.0024278408748326374
287.055,0.2,-0.23492304616438117,0.03761929779621328
287.06,0.2,-0.23383291674393378,-0.06253444284888013
287.065,0.2,-0.23274614380970446,-0.5415192598139271
287.07,0.2,-0.23156518566201384,-0.48401552930403313
287.075,0.2,-0.23030772328049776,-0.4528403638719091
287.08,0.2,-0.2291097828983471,-0.24694996790171486
287.085,0.2,-0.2281441994674824,0.04621820430024683
287.09,0.2,-0.2275096761005817,0.2082177457354277
287.095,0.2,-0.22715306388263232,-0.043703476922143325
287.1,0.2,-0.22688605150332497,-0.23585109396726212
287.105,0.2,-0.22648259578852745,-0.18411263121174495
287.11,0.2,-0.225771836675248,-0.44909544211905744
287.115,0.2,-0.22468309123984775,-0.27120577797052714
287.12,0.2,-0.22324517288675538,-0.20773949959389407
287.125,0.2,-0.22153597588746393,0.07003550610895667
287.13,0.2,-0.2196016628316303,0.12205791064249244
287.135,0.2,-0.2173989272847378,-0.0027625742115095844
287.14,0.2,-0.214816091289051,-0.5080671820259368
287.145,0.2,-0.21178261671692072,-0.6233309747611966
287.15,0.2,-0.20838127717351615,-0.41000209636497054
287.155,0.2,-0.20486496696414258,-0.6435429249805393
287.16,0.2,-0.20159099105464007,-0.19577555175749367
287.165,0.2,-0.19892033606824655,0.023164134374855833
287.17,0.2,-0.1971011136355523,0.014304141308710439
287.175,0.2,-0.19620230410629397,-0.1823534868367349
287.18,0.2,-0.19613983400931623,0.07265245317121824
287.185,0.2,-0.19674038913888398,-0.37549394689132787
287.19,0.2,-0.197813759816862,-0.48524936134255264
287.195,0.2,-0.19923418199928628,-0.34184299894765924
287.2,0.2,-0.20096328794803836,0.00299498922741942
287.205,0.2,-0.2029801246054773,-0.07712320278259083
287.21,0.2,-0.205200035604362,0.05877273991570541
287.215,0.2,-0.20745033143392347,0.029045988796654074
287.22,0.2,-0.209497480593586,-0.29694274652494335
287.225,0.2,-0.21112278950655475,-0.5406593687705546
287.23,0.2,-0.21222693992298278,-0.599099426924197
287.235,0.2,-0.21288788577866527,-0.39145436980785137
287.24,0.2,-0.21332235680042574,-0.31262747213108627
287.245,0.2,-0.21378707830270022,-0.13251422718873823
287.25,0.2,-0.21447732863836688,0.16879747376398185
287.255,0.2,-0.21545011093414365,0.008616753414070444
287.26,0.2,-0.21660578170253422,-0.082739510868437
287.265,0.2,-0.21775394825708025,-0.4181109602005098
287.27,0.2,-0.21873182142661457,-0.6192155534312435
287.275,0.2,-0.21950698093883786,-0.49891376078022925
287.28,0.2,-0.22019482724132383,-0.2000217252259438
287.285,0.2,-0.22096616906452568,0.1567697062491543
287.29,0.2,-0.22190572415074417,0.19953296002019288
287.295,0.2,-0.2229270217695242,-0.0085946746081726
287.3,0.2,-0.22380313964591514,-0.15284144746674164
287.305,0.2,-0.2242828120277411,-0.5623521975783413
287.31,0.2,-0.22421527994532509,-0.38916091051715934
287.315,0.2,-0.2236123518709889,-0.4593400862215171
287.32,0.2,-0.2226202611969628,-0.16956230728736615
287.325,0.2,-0.22143061645470358,0.018484960589768076
287.33,0.2,-0.22018190163152593,-0.03143412837115109
287.335,0.2,-0.21890364846898033,0.05789329055815769
287.34,0.2,-0.21752895617038287,-0.3009238099847257
287.345,0.2,-0.2159624503638132,-0.3399560520167605
287.35,0.2,-0.21416947849593232,-0.6150878263892656
287.355,0.2,-0.21223889671868099,-0.44205242802615086
287.36,0.2,-0.21037764898449812,-0.24685930726795466
287.365,0.2,-0.20882469003820103,0.13730052531766046
287.37,0.2,-0.20772539883954716,0.1382179667118548
287.375,0.2,-0.20705165018616084,0.04578420617832898
287.38,0.2,-0.20663022477153878,-0.39653300240248457
287.385,0.2,-0.2062578863759156,-0.2749997043078446
287.39,0.2,-0.20581259398762392,-0.55820244177229
287.395,0.2,-0.2053023302048051,-0.4526519975109485
287.4,0.2,-0.204848600551857,-0.08609253617873065
287.405,0.2,-0.2046080029533374,-0.14790883703562058
287.41,0.2,-0.20467296546071628,0.1848704361553204
287.415,0.2,-0.20500678677828973,0.15496031183962206
287.42,0.2,-0.20543865939242092,-0.2851879562719428
287.425,0.2,-0.2057420624851197,-0.35332338075249087
287.43,0.2,-0.20576118549943198,-0.6006165423627137
287.435,0.2,-0.20549172524354198,-0.3665810824856522
287.44,0.2,-0.20506169919030096,-0.041164676329360134
287.445,0.2,-0.2046314922520043,-0.13683033428778668
287.45,0.2,-0.20429670469349673,0.03860518705192448
287.455,0.2,-0.2040520934509336,0.010987214268535855
287.46,0.2,-0.20380513474677564,-0.22791074009565493
287.465,0.2,-0.20343326910546752,-0.4066444665758202
287.47,0.2,-0.20287511814780612,-0.6271836793168638
287.475,0.2,-0.20220497955058855,-0.5509817876197732
287.48,0.2,-0.20163543925374267,-0.24180900744020653
287.485,0.2,-0.20142700804234856,0.06785885191712379
287.49,0.2,-0.2017500649668356,0.16358084045719126
287.495,0.2,-0.2025871964979039,0.21609729332319197
287.5,0.2,-0.20373071081520824,-0.11626508554021661
287.505,0.2,-0.2048865532974863,-0.7310839256807369
287.51,0.2,-0.2058438359914093,-0.48856429023484704
287.515,0.2,-0.20658895530384638,-0.5701021459666147
287.52,0.2,-0.20728775969318572,-0.3954593720937814
287.525,0.2,-0.20818094814043805,0.10793991223926593
287.53,0.2,-0.20944526587520546,0.20249329376877276
287.535,0.2,-0.2110807742390234,0.004875813281691234
287.54,0.2,-0.21291052693906903,-0.1628324057984326
287.545,0.2,-0.21468467089648055,-0.32055148200811223
287.55,0.2,-0.21620178072259325,-0.5798997467807333
287.555,0.2,-0.2173904641925114,-0.4035868413958671
287.56,0.2,-0.2183150082934284,-0.12616675139429956
287.565,0.2,-0.2190959487194476,-0.10215257386853774
287.57,0.2,-0.2198094524722551,0.07810938947641896
287.575,0.2,-0.22043292568812575,-0.006241023978303735
287.58,0.2,-0.22085295780195838,-0.25331643014554633
287.585,-0.2,-0.22093613917607535,-0.511292348269745
287.59,-0.2,-0.22063207026894752,-0.5612593932790809
287.595,-0.2,-0.22003491885261514,-0.4005129711609704
287.6,-0.2,-0.21935602348864291,-0.26039421754288644
287.605,-0.2,-0.21883074245239822,-0.017922111578213717
287.61,-0.2,-0.2186187415059275,-0.00823588262041286
287.615,-0.2,-0.2187439204430356,0.1096011061089414
287.62,-0.2,-0.21909865907951126,-0.33710347907319305
287.625,-0.2,-0.21952218971001403,-0.4676832357346088
287.63,-0.2,-0.2199153274533341,-0.535053020410197
287.635,-0.2,-0.22030350233616397,-0.28756865255806086
287.64,-0.2,-0.22080188330901226,-0.18998585704579493
287.645,-0.2,-0.22152906833124383,-0.14537029169856464
287.65,-0.2,-0.22253632824521324,0.080667549445095
287.655,-0.2,-0.22377099151235566,-0.023277196397893357
287.66,-0.2,-0.2250805859228156,-0.21803659128969524
287.665,-0.2,-0.22627766357014464,-0.48513937677377356
287.67,-0.2,-0.2272370861904019,-0.3965252577046374
287.675,-0.2,-0.22795449116315936,-0.5048503112295338
287.68,-0.2,-0.2285328775301712,-0.1555197395275204
287.685,-0.2,-0.22910911094493686,0.015469830499341267
287.69,-0.2,-0.22975598138855,0.05676776394928139
287.695,-0.2,-0.23042352129763694,-0.03305148786602992
287.7,-0.2,-0.23095760054769604,-0.1377620091359718
287.705,-0.2,-0.23117646159558936,-0.49715522216361285
287.71,-0.2,-0.23097211081737962,-0.6077281527813041
287.715,-0.2,-0.23039238331974937,-0.5895966173257897
287.72,-0.2,-0.22964038918697835,-0.11619440208312388
287.725,-0.2,-0.2289722565173777,-0.08600068690325743
287.73,-0.2,-0.2285676603531908,0.020459672696245906
287.735,-0.2,-0.22846667081065228,-0.08502182984647759
287.74,-0.2,-0.2285937497331959,-0.3157345235737043
287.745,-0.2,-0.22883417634593775,-0.31723399475241365
287.75,-0.2,-0.2291161175448641,-0.6095044556175073
287.755,-0.2,-0.22946105159945115,-0.3453280493451235
287.76,-0.2,-0.22997833260133851,-0.3102143385678092
287.765,-0.2,-0.23080173562881187,-0.060593685071446274
287.77,-0.2,-0.23200385736396045,0.0746632363568673
287.775,-0.2,-0.2335346793806924,-0.006867094130804018
287.78,-0.2,-0.23522347971405536,-0.2668719839531161
287.785,-0.2,-0.23685643259646733,-0.42164556454041296
287.79,-0.2,-0.23828176577823934,-0.5203152098724563
287.795,-0.2,-0.239476601735347,-0.5398030458120233
287.8,-0.2,-0.2405421636130809,-0.1417120072674647
287.805,-0.2,-0.24162822985924826,-0.1834533203229107
287.81,-0.2,-0.2428367673712413,-0.001417601499365484
287.815,-0.2,-0.24416969445065895,-0.12605303380067334
287.82,-0.2,-0.24553610414863833,-0.15917636776573713
287.825,-0.2,-0.24680491754755865,-0.49055110649724143
287.83,-0.2,-0.24787961967577815,-0.33213272139033856
287.835,-0.2,-0.24874733118266168,-0.43211834600192106
287.84,-0.2,-0.24947135803787035,-0.22321078516816564
287.845,-0.2,-0.25013886978365923,-0.015583494545882894
287.85,-0.2,-0.25078351347817607,0.18389599348092525
287.855,-0.2,-0.2513241079704438,-0.1301763458090876
287.86,-0.2,-0.2515800011269586,-0.1768946068597717
287.865,-0.2,-0.2513611965933298,-0.480426402508041
287.87,-0.2,-0.2505700813166241,-0.5676092814464723
287.875,-0.2,-0.2492636716283823,-0.5273407016578322
287.88,-0.2,-0.24764231498988534,-0.17992543878873468
287.885,-0.2,-0.2459610436578781,-0.17960519094881963
287.89,-0.2,-0.2444243231279832,-0.048566231934702164
287.895,-0.2,-0.24312317570296435,0.1168747654753198
287.9,-0.2,-0.24201680873022416,-0.09526797874583504
287.905,-0.2,-0.24097318638295845,-0.5866932555920624
287.91,-0.2,-0.23988151804854838,-0.4818770154873943
287.915,-0.2,-0.2387541675214947,-0.5009766489999957
287.92,-0.2,-0.23773310623936944,-0.40950521187900313
287.925,-0.2,-0.23701982292857005,-0.04859231213017303
287.93,-0.2,-0.23677387176231982,0.051549614085300705
287.935,-0.2,-0.23702337804401744,0.011311517919802318
287.94,-0.2,-0.23764874727772853,-0.21060406031526918
287.945,-0.2,-0.2384553054081405,-0.4298457308043222
287.95,-0.2,-0.23928896067104763,-0.7063429938279855
287.955,-0.2,-0.2401259926037836,-0.3686291223543119
287.96,-0.2,-0.24107133308859807,-0.27786474190660837
287.965,-0.2,-0.24227165548552684,-0.20810482024742885
287.97,-0.2,-0.24382389543724978,-0.015950018645866468
287.975,-0.2,-0.24572139585766886,0.042298292637315674
287.98,-0.2,-0.24784526429036335,-0.42196025108953594
287.985,-0.2,-0.2500306103980101,-0.5055927617563833
287.99,-0.2,-0.25217844965054886,-0.603971145399709
287.995,-0.2,-0.254321644722523,-0.5508124338852143
288.0,-0.2,-0.2566015985913272,-0.15209008515194047
288.005,-0.2,-0.2591674824639123,0.10143985197010105
288.01,-0.2,-0.262047560006203,0.19329434255116368
288.015,-0.2,-0.265082783727985,-0.09670071941960162
288.02,-0.2,-0.26797859732970186,-0.29480024820380235
288.025,-0.2,-0.27043829395227087,-0.5893919507845268
288.03,-0.2,-0.272293575083248,-0.6237858671478029
288.035,-0.2,-0.2735648687553726,-0.48106950230303946
288.04,-0.2,-0.27442613261539134,-0.2953430316592708
288.045,-0.2,-0.275102744234089,-0.1231814612790744
288.05,-0.2,-0.27575915513675914,0.14546053716484442
288.055,-0.2,-0.2764182245461563,0.04424156046748756
288.06,-0.2,-0.2769469211168933,-0.11073583977823365
288.065,-0.2,-0.27712882429285746,-0.4686417661415211
288.07,-0.2,-0.27679260333062033,-0.6503166860774284
288.075,-0.2,-0.2759174110390551,-0.42415478836078757
288.08,-0.2,-0.27463606221691034,-0.18532821068731617
288.085,-0.2,-0.2731337820082102,0.016197168538842094
288.09,-0.2,-0.27152330456373913,0.18094925467874043
288.095,-0.2,-0.2697757987858799,-0.05724612637366699
288.1,-0.2,-0.267741615907451,-0.15279535558461554
288.105,-0.2,-0.26523983287072755,-0.34965623967350024
288.11,-0.2,-0.2621585304113297,-0.5404660402513255
288.115,-0.2,-0.2585259911389165,-0.5724274435866663
288.12,-0.2,-0.2545284487400436,-0.3604358386363083
288.125,-0.2,-0.250454769731762,-0.2219200707516743
288.13,-0.2,-0.2465909243142525,0.025024437417263016
288.135,-0.2,-0.243121348057328,-0.006461105623191389
288.14,-0.2,-0.24009193746089758,-0.27492072982069937
288.145,-0.2,-0.23746025453239736,-0.4079624225855014
288.15,-0.2,-0.2351977046240082,-0.6728809293540366
288.155,-0.2,-0.2333765939380564,-0.6422555196252483
288.16,-0.2,-0.232191900395476,-0.3914548412111534
288.165,-0.2,-0.23188899014299513,0.05940193621951401
288.17,-0.2,-0.23261981517322827,0.227683856946264
288.175,-0.2,-0.234326322451861,-0.030291984106429328
288.18,-0.2,-0.23674837505072996,-0.20055440394682286
288.185,-0.2,-0.23954084638109477,-0.3402683674636948
288.19,-0.2,-0.24239837593460892,-0.3922478984245434
288.195,-0.2,-0.24512504276872468,-0.49312792039311915
288.2,-0.2,-0.2476486016975824,-0.2883411319972075
288.205,-0.2,-0.24998196039775766,-0.09495943746941189
288.21,-0.2,-0.2521391385429908,0.11326138966902521
288.215,-0.2,-0.2540503999655775,0.08685650398356785
288.22,-0.2,-0.25553990850719893,-0.2405223675241002
288.225,-0.2,-0.2563963426244832,-0.467560742231403
288.23,-0.2,-0.25649640985996347,-0.6849078700784205
288.235,-0.2,-0.25589632775374904,-0.5517411286300344
288.24,-0.2,-0.25482720386594115,-0.26592084100825325
288.245,-0.2,-0.25358466295398474,0.18825352958975206
288.25,-0.2,-0.2523731539227094,0.07752656565072476
288.255,-0.2,-0.25122069817173187,-0.1821145859349464
288.26,-0.2,-0.2500266285644313,-0.2612735058020349
288.265,-0.2,-0.2486768056437598,-0.45916753038537383
288.27,-0.2,-0.2471305355187271,-0.38247470908832637
288.275,-0.2,-0.24545076378618386,-0.5260196036912819
288.28,-0.2,-0.24378365352161271,-0.07626373012195381
288.285,-0.2,-0.2422921004746786,-0.17285078087338804
288.29,-0.2,-0.2410741579886472,0.08447893780825763
288.295,-0.2,-0.24011284252667547,0.03271033400872826
288.3,-0.2,-0.23927476521003924,-0.09619049487450165
288.305,-0.2,-0.23836455029593087,-0.4288916919079081
288.31,-0.2,-0.23722489495576957,-0.4703355637086629
288.315,-0.2,-0.23582072561239129,-0.4429377009515745
288.32,-0.2,-0.23424604774096908,-0.22052507350983416
288.325,-0.2,-0.23265664860174806,-0.14202881955955254
288.33,-0.2,-0.23118748383206988,-0.17548536274850401
288.335,-0.2,-0.2299086832656675,-0.08387588031146698
288.34,-0.2,-0.2288317335432278,-0.4575116135717979
288.345,-0.2,-0.22795758645636638,-0.42174254513284415
288.35,-0.2,-0.2273358642860102,-0.47619848339968907
288.355,-0.2,-0.22708720803746382,-0.46676365843516465
288.36,-0.2,-0.22738190945763023,-0.3693908764463148
288.365,-0.2,-0.22838515509033633,0.08920017833660596
288.37,-0.2,-0.23016535191454515,0.1404846476440278
288.375,-0.2,-0.23261914725607988,-0.13562798702760898
288.38,-0.2,-0.23550042246723346,-0.33832169573739185
288.385,-0.2,-0.23854157449014798,-0.5177648340101823
288.39,-0.2,-0.2415734455682264,-0.6699447756891929
288.395,-0.2,-0.2445784428300281,-0.35441662344565145
288.4,-0.2,-0.24765600184397843,-0.31720617984619603
288.405,-0.2,-0.2509298981801266,-0.14060360214033774
288.41,-0.2,-0.2544565961634088,0.1322457826947932
288.415,-0.2,-0.25816669808299275,-0.11971396512955332
288.42,-0.2,-0.26187610217306245,-0.4528329789154645
288.425,-0.2,-0.26538620517609707,-0.5230799473436495
288.43,-0.2,-0.2685928109649464,-0.4315653535365891
288.435,-0.2,-0.27151118626776904,-0.37099830420923147
288.44,-0.2,-0.2742265100484535,-0.257270366433007
288.445,-0.2,-0.2768233996220771,-0.03954760926543827
288.45,-0.2,-0.2793206288954351,-0.018771829275920554
288.455,-0.2,-0.28163131114931683,0.0070651466403450006
288.46,-0.2,-0.28357582915869334,-0.2893307132082875
288.465,-0.2,-0.28495438552236957,-0.44779266122233985
288.47,-0.2,-0.28564776201524605,-0.6326274226773536
288.475,-0.2,-0.2856889996933525,-0.5386650569466458
288.48,-0.2,-0.28526146658640017,-0.36249699519365897
288.485,-0.2,-0.28461592426608257,0.04245717197251794
288.49,-0.2,-0.28394401113105006,0.04072604284051683
288.495,-0.2,-0.28328703621116264,-0.004576562868427558
288.5,-0.2,-0.2825438669371518,-0.31893067721425994
288.505,-0.2,-0.281563631704373,-0.37490445341226525
288.51,-0.2,-0.280248565885543,-0.4489362608650538
288.515,-0.2,-0.2786057444367898,-0.4351863624407542
288.52,-0.2,-0.27674328640021206,-0.42381665461309337
288.525,-0.2,-0.2748241116427621,0.05033479672196181
288.53,-0.2,-0.2729792766692803,-0.006404423402118969
288.535,-0.2,-0.2712299393832906,-0.10349547982557078
288.54,-0.2,-0.26949307463476385,-0.3199643451161563
288.545,-0.2,-0.26766736758100373,-0.5470497141464433
288.55,-0.2,-0.26573051768755784,-0.5501899546642526
288.555,-0.2,-0.26378772236867415,-0.5114188826341209
288.56,-0.2,-0.2620510018487245,-0.42264133770189727
288.565,-0.2,-0.2607657111160772,-0.03529948461476708
288.57,-0.2,-0.26011170905986103,-0.06764505298324551
288.575,-0.2,-0.26012471092303885,0.046714839497123156
288.58,-0.2,-0.2606889996942565,-0.3075307370156096
288.585,-0.2,-0.2616152288485189,-0.5976076440895893
288.59,-0.2,-0.26276771161215245,-0.7286553880675948
288.595,-0.2,-0.2641580431591261,-0.5298828398750374
288.6,-0.2,-0.2659315871004071,-0.28608448133511344
288.605,-0.2,-0.26826666751116374,-0.2820746470651429
288.61,-0.2,-0.2712669955114893,0.11459970432016423
288.615,-0.2,-0.27489417886765194,-0.13457427068168026
288.62,-0.2,-0.2789679963609373,-0.3882641309806343
288.625,-0.2,-0.2832481824690577,-0.3590267766319738
288.63,-0.2,-0.2875376809125902,-0.6316006060955012
288.635,-0.2,-0.2917460945233081,-0.611095241298605
288.64,-0.2,-0.29589662987564214,-0.15288468162892238
288.645,-0.2,-0.30004778597748555,0.13341632354234634
288.65,-0.2,-0.3041597717822758,0.1366786181796733
288.655,-0.2,-0.3080226216959664,-0.059354125338830485
288.66,-0.2,-0.3113077668914408,-0.276198561320644
288.665,-0.2,-0.3136948911037335,-0.5382760749547337
288.67,-0.2,-0.3149912972478778,-0.4658861056453802
288.675,-0.2,-0.31518401123630685,-0.5118222113039211
288.68,-0.2,-0.31441136603713277,-0.22697782023737728
288.685,-0.2,-0.31287687417518417,-0.02779063917189846
288.69,-0.2,-0.31074451798547587,0.0179297465137795
288.695,-0.2,-0.3080762206463789,-0.18318636988964732
288.7,-0.2,-0.3048535665840288,-0.28130295002647254
288.705,-0.2,-0.3010567007614135,-0.4949767217542079
288.71,-0.2,-0.2967454341982869,-0.6282162953710193
288.715,-0.2,-0.2921061421677832,-0.5073234980574008
288.72,-0.2,-0.28743310718707327,-0.23827804082372828
288.725,-0.2,-0.28303699060238263,-0.0562202242696864
288.73,-0.2,-0.27913094550477036,0.07495051924306183
288.735,-0.2,-0.27576493237901684,-0.08785246028498553
288.74,-0.2,-0.27284406494600794,-0.23264947125450292
288.745,-0.2,-0.27021550276660344,-0.46941491214634157
288.75,-0.2,-0.2677770165773741,-0.6966604427057438
288.755,-0.2,-0.26556047360180274,-0.6393229215938517
288.76,-0.2,-0.26374258325536565,-0.29010982620981246
288.765,-0.2,-0.26255422660204447,0.016768603311562574
288.77,-0.2,-0.2621369911666382,0.08162476828308737
288.775,-0.2,-0.26245021230331617,-0.014607096666166601
288.78,-0.2,-0.2632852746094378,-0.190076220608566
288.785,-0.2,-0.26436716454251197,-0.6258715246866555
288.79,-0.2,-0.2654841026116681,-0.45011104773072996
288.795,-0.2,-0.26656275396043855,-0.41610288711037324
288.8,-0.2,-0.267646146038349,-0.3297921024643751
288.805,-0.2,-0.2688239365836946,-0.2773908557542467
288.81,-0.2,-0.27016476965010444,0.11679271220959807
288.815,-0.2,-0.2716482452599692,0.04588744575310669
288.82,-0.2,-0.27313592299058115,-0.45964565546653524
288.825,-0.2,-0.27444520577603293,-0.46986344625034665
288.83,-0.2,-0.2754753305825636,-0.6597469879442801
288.835,-0.2,-0.2762792474919687,-0.6667978296380718
288.84,-0.2,-0.2770499842860133,-0.2411122553996368
288.845,-0.2,-0.2780264017213236,-0.03154380728024907
288.85,-0.2,-0.2793604535417338,-0.014896431873602067
288.855,-0.2,-0.2810434255996137,-0.16259120083033796
288.86,-0.2,-0.2829379438797061,-0.3229741926873846
288.865,-0.2,-0.2848773792029171,-0.6629637266078074
288.87,-0.2,-0.2867690178443087,-0.44925689849395944
288.875,-0.2,-0.2886373199303856,-0.4825235456110458
288.88,-0.2,-0.2905879870401733,-0.3000695639768479
288.885,-0.2,-0.2927337191729846,-0.11653375908441486
288.89,-0.2,-0.29511915420646584,-0.01619816858132537
288.895,-0.2,-0.29767163362733634,-0.09588565718583308
288.9,-0.2,-0.30021369426217337,-0.3616957488751138
288.905,-0.2,-0.3025373166800126,-0.3203577923114079
288.91,-0.2,-0.30448888726846796,-0.6125145846936225
288.915,-0.2,-0.30602732911225256,-0.6155604467782433
288.92,-0.2,-0.30724214636064984,-0.3776339482127893
288.925,-0.2,-0.30830110004956873,-0.042276717847549695
288.93,-0.2,-0.3093359614244289,-0.02092278284791937
288.935,-0.2,-0.31035139212782153,-0.046675625005165436
288.94,-0.2,-0.3112223989521582,-0.21956866437951916
288.945,-0.2,-0.31177005956734327,-0.5375747831167419
288.95,-0.2,-0.3118668799619309,-0.49328313278042757
288.955,-0.2,-0.3115114412210431,-0.6132235420710143
288.96,-0.2,-0.3108315912087219,-0.2949625848403376
288.965,-0.2,-0.31001986940961074,-0.20892407469560853
288.97,-0.2,-0.3092354473737017,0.059393313101705855
288.975,-0.2,-0.3085229389955783,-0.049616826234874144
288.98,-0.2,-0.3078024789998341,-0.43185842032733107
288.985,-0.2,-0.3069541696299416,-0.5889351317984997
288.99,-0.2,-0.3059368528265619,-0.5747761251407318
288.995,-0.2,-0.3048425588645786,-0.49927236082424975
289.0,-0.2,-0.30386640515294,-0.5035838933626392
289.005,-0.2,-0.30323418635348864,-0.05276225797366055
289.01,-0.2,-0.30310990685689937,-0.06268275834221666
289.015,-0.2,-0.3035200562599027,-0.16153095087135105
289.02,-0.2,-0.3043571931580673,-0.33194347868149865
289.025,-0.2,-0.30546373946639366,-0.6024278334022758
289.03,-0.2,-0.30672614011465144,-0.3232120130720355
289.035,-0.2,-0.30810821362871116,-0.4020654522065258
289.04,-0.2,-0.3096205586168971,-0.3416509524585631
289.045,-0.2,-0.31127797653737893,-0.17701576010860828
289.05,-0.2,-0.31305820352375396,0.020343737130633976
289.055,-0.2,-0.3148546895774653,-0.021099424713550724
289.06,-0.2,-0.31646569717144957,-0.3114096974039503
289.065,-0.2,-0.317659671001737,-0.48117160225991573
289.07,-0.2,-0.31828259309486956,-0.6401208997944039
289.075,-0.2,-0.31833386865640634,-0.5957566966228716
289.08,-0.2,-0.31795859940223853,-0.11475398328748271
289.085,-0.2,-0.31734851107453366,-0.08898921345527047
289.09,-0.2,-0.31661523958355237,0.1263245054831935
289.095,-0.2,-0.3157266881445691,-0.14636429039109228
289.1,-0.2,-0.314538469666138,-0.2678111859121585
289.105,-0.2,-0.3128858910082744,-0.37196861520092717
289.11,-0.2,-0.31067454869082695,-0.5473236116204296
289.115,-0.2,-0.30793064972973333,-0.46033884897293076
289.12,-0.2,-0.30479818357607635,-0.306294599360153
289.125,-0.2,-0.3014804087405677,-0.18867960090507557
289.13,-0.2,-0.2981537046989652,0.03891228598348256
289.135,-0.2,-0.29489763539913283,-0.06301561564985467
289.14,-0.2,-0.29167996878781244,-0.25245308118126486
289.145,-0.2,-0.28841444617082507,-0.4454533110684364
289.15,-0.2,-0.28505550261500245,-0.5624023544433232
289.155,-0.2,-0.28166662557207583,-0.5323168766073295
289.16,-0.2,-0.27842552679932087,-0.40184857247544936
289.165,-0.2,-0.2755655162221107,-0.15361268853837504
289.17,-0.2,-0.2732734352206021,0.20009900263598157
289.175,-0.2,-0.27159604881437455,-0.252072212533652
289.18,-0.2,-0.2704364312385177,-0.2861752081939528
289.185,-0.2,-0.26964823093402945,-0.4763850446206426
289.19,-0.2,-0.26913587478750994,-0.5061263173355819
289.195,-0.2,-0.2688995084379704,-0.5055492965370172
289.2,-0.2,-0.26902317334551,-0.2539777976699748
289.205,-0.2,-0.26961371378087307,-0.17057015016479748
289.21,-0.2,-0.2707229540128564,-0.08920606529799588
289.215,-0.2,-0.2722979747205639,0.008246821371534319
289.22,-0.2,-0.27418182133436353,-0.37910281993949774
289.225,-0.2,-0.27618012116725904,-0.6142664090836735
289.23,-0.2,-0.2781737433056071,-0.6796687120385381
289.235,-0.2,-0.2801924662562432,-0.5079285827599541
289.24,-0.2,-0.2823872443782743,-0.2935460532945964
289.245,-0.2,-0.2849269707277749,-0.08022761719991256
289.25,-0.2,-0.2878895014935246,-0.024468955586568975
289.255,-0.2,-0.291204579272959,-0.06241486353674516
289.26,-0.2,-0.2946709770523689,-0.25877547060130635
289.265,-0.2,-0.2980357079293412,-0.47945755783054045
289.27,-0.2,-0.3011012830475963,-0.699877937112477
289.275,-0.2,-0.30380772519942645,-0.45834562005043894
289.28,-0.2,-0.30623314579372996,-0.3536350977264745
289.285,-0.2,-0.3085108708581165,-0.08716377583764559
289.29,-0.2,-0.3107197920060568,0.11045920168130421
289.295,-0.2,-0.3128111615924176,-0.1909104208702707
289.3,-0.2,-0.3146174601886464,-0.15144082089235522
289.305,-0.2,-0.31593569528874377,-0.5526076293291107
289.31,-0.2,-0.3166271800355566,-0.4653077582070393
289.315,-0.2,-0.31668634284953656,-0.726531438114712
289.32,-0.2,-0.31625430781396663,-0.34245612282918986
289.325,-0.2,-0.31555526740398016,0.030849239035007858
289.33,-0.2,-0.3147708573404426,-0.07240113868041162
289.335,-0.2,-0.31394762003535215,-0.09696656331866775
289.34,-0.2,-0.3130149718922578,-0.44828769001859303
289.345,-0.2,-0.3118848461064191,-0.5930643144742006
289.35,-0.2,-0.31055428292700904,-0.5494053507783279
289.355,-0.2,-0.30914447452905064,-0.5160187703524893
289.36,-0.2,-0.30786648686017787,-0.43283645173157226
289.365,-0.2,-0.3069483008534516,-0.08123657070940697
289.37,-0.2,-0.30654699894953746,-0.08471917082344295
289.375,-0.2,-0.3066771389809025,0.061810266659268476
289.38,-0.2,-0.3071994576969782,-0.25892271663410493
289.385,-0.2,-0.3078792555372472,-0.2190474079114822
289.39,-0.2,-0.30848476089219,-0.71803581613634
289.395,-0.2,-0.30888465698230805,-0.4875232914392659
289.4,-0.2,-0.309089025215578,-0.33064169929440795
289.405,-0.2,-0.3091898498404649,0.018597886312147816
289.41,-0.2,-0.3092463563332913,-0.12286839908433697
289.415,-0.2,-0.30921081971845765,0.10484256680681875
289.42,-0.2,-0.3089263224433486,-0.162730168667726
289.425,-0.2,-0.30818607092082334,-0.5698714808297546
289.43,-0.2,-0.30684349208367956,-0.5357911137467151
289.435,-0.2,-0.3049000036997866,-0.3692366483972528
289.44,-0.2,-0.30248997969571795,-0.2808181559732519
289.445,-0.2,-0.29979419810292457,-0.15110320645904912
289.45,-0.2,-0.29695346888996604,0.10196556056510042
289.455,-0.2,-0.29400899615526443,-0.07984867339905125
289.46,-0.2,-0.2908978623859178,-0.2719310559059654
289.465,-0.2,-0.2875242053752024,-0.4877099600192311
289.47,-0.2,-0.2838607624719572,-0.5741754594347418
289.475,-0.2,-0.28000946121957615,-0.4754362930490283
289.48,-0.2,-0.27618486556271693,-0.263629239176923
289.485,-0.2,-0.27263681376637894,-0.2720308409622533
289.49,-0.2,-0.2695644641704771,0.021287482000074836
289.495,-0.2,-0.26705216847870783,0.06809431759799084
289.5,-0.2,-0.2650409345529934,-0.18031967234397328
289.505,-0.2,-0.263375568759926,-0.5653365184799842
289.51,-0.2,-0.2619261349577208,-0.6024987652705194
289.515,-0.2,-0.26068546258243047,-0.3511601510668537
289.52,-0.2,-0.2597536400872334,-0.19035045182146393
289.525,-0.2,-0.2592375118127292,-0.01814997695258841
289.53,-0.2,-0.25915471551262903,0.041250496192621916
289.535,-0.2,-0.2593896627152736,0.10377465666903929
289.54,-0.2,-0.25970897307637963,-0.25188106041041414
289.545,-0.2,-0.2598435913299999,-0.5129229075899276
289.55,-0.2,-0.2596107882790961,-0.5612861111618511
289.555,-0.2,-0.2589898825486426,-0.3211458864091308
289.56,-0.2,-0.2580935043188425,-0.2700730379573318
289.565,-0.2,-0.25707753534665084,-0.16703982844660029
289.57,-0.2,-0.25606375041710167,-0.06616998596932155
289.575,-0.2,-0.2551081577751863,-0.38851154541700533
289.58,-0.2,-0.25422409764888393,-0.3132659617442279
289.585,-0.2,-0.2534314509268407,-0.3331245434800082
289.59,-0.2,-0.25278189113381183,-0.44706276629294217
289.595,-0.2,-0.2523643875239566,-0.5027310417573577
289.6,-0.2,-0.25230077477737084,-0.08905420779605869
289.605,-0.2,-0.2526952575498701,-0.01299508562820132
289.61,-0.2,-0.2535511304706179,0.05598806074805411
289.615,-0.2,-0.2547285164480986,0.030356233519639772
289.62,-0.2,-0.2559801329587575,-0.4075364146647541
289.625,-0.2,-0.25705392050551473,-0.504997472372731
289.63,-0.2,-0.25780925908425767,-0.5714536074266523
289.635,-0.2,-0.2582703310437752,-0.4941202810073208
289.64,-0.2,-0.25859193644811085,-0.24470784033913043
289.645,-0.2,-0.25897098962928855,-0.21132120886666172
289.65,-0.2,-0.25954851851794936,0.16860422961943775
289.655,-0.2,-0.26033332198849013,0.06816893726748027
289.66,-0.2,-0.26118202952216246,-0.21046818544223386
289.665,-0.2,-0.26187446337390596,-0.5486265822842077
289.67,-0.2,-0.2622491987761284,-0.527343640556813
289.675,-0.2,-0.262296210170427,-0.5589811452475684
289.68,-0.2,-0.2621487612111223,-0.20055189750971086
289.685,-0.2,-0.2619887505669716,0.06656313921539321
289.69,-0.2,-0.26191923449235516,0.13619957329464566
289.695,-0.2,-0.261888935538608,-0.11587205666026171
289.7,-0.2,-0.2617250791771424,-0.24121091516354687
289.705,-0.2,-0.26123702672686644,-0.384522969109048
289.71,-0.2,-0.26031213781177903,-0.511288877065104
289.715,-0.2,-0.25897191748695747,-0.671531244110523
289.72,-0.2,-0.2573807392996752,-0.21731725246959785
289.725,-0.2,-0.2557717672416726,0.15399885990121023
289.73,-0.2,-0.25430885406980713,-0.06488452514847631
289.735,-0.2,-0.2530082969972266,-0.1753429012752618
289.74,-0.2,-0.2517821344108405,-0.20753848236173572
289.745,-0.2,-0.25053041699431045,-0.556804358682094
289.75,-0.2,-0.24921929097353349,-0.4417723771165257
289.755,-0.2,-0.24792611954067062,-0.6182375562253241
289.76,-0.2,-0.2468292122727016,-0.18899556631457287
289.765,-0.2,-0.24613224508228343,-0.029910930198305843
289.77,-0.2,-0.24595726111309335,-0.011671747424239237
289.775,-0.2,-0.24628653765660952,-0.21946888876658113
289.78,-0.2,-0.24699846883019036,-0.2985063246688681
289.785,-0.2,-0.2479543197822032,-0.47805613221801624
289.79,-0.2,-0.2490734400869084,-0.4831881121861327
289.795,-0.2,-0.25036663941251747,-0.4473011083442578
289.8,-0.2,-0.2519196373992963,-0.3062828642089068
289.805,-0.2,-0.2538353201159915,-0.1132451276995899
289.81,-0.2,-0.2561601742483421,-0.0353614440786332
289.815,-0.2,-0.25883493386246337,-0.1528463557517032
289.82,-0.2,-0.2617091936845196,-0.39722908404210167
289.825,-0.2,-0.26461520924471793,-0.38157302191511244
289.83,-0.2,-0.2674478466610893,-0.6636001921886401
289.835,-0.2,-0.2702108418450853,-0.4989598198150121
289.84,-0.2,-0.27300715356198535,-0.1838129053255232
289.845,-0.2,-0.2759539325437605,0.0645773336411922
289.85,-0.2,-0.2790644111767389,0.10298022190028733
289.855,-0.2,-0.28218843800887994,-0.05977256611289054
289.86,-0.2,-0.28505406804710287,-0.25779061544207515
289.865,-0.2,-0.28737970230323073,-0.5827786776684876
289.87,-0.2,-0.28898939398160045,-0.3857408583065238
289.875,-0.2,-0.28985735445398153,-0.31461240401471124
289.88,-0.2,-0.2900610236079147,-0.17602295121509243
289.885,-0.2,-0.289694077191999,0.052342699098699735
289.89,-0.2,-0.28878500915459127,0.21039174187145349
289.895,-0.2,-0.28724237391478985,0.12913002089284695
289.9,-0.2,-0.28486512048720924,-0.21008689468850295
289.905,-0.2,-0.28144175175545394,-0.5534888162968705
289.91,-0.2,-0.276890131109129,-0.5844511619097623
289.915,-0.2,-0.27134452649957025,-0.6186134648079561
289.92,-0.2,-0.2651352107826101,-0.2072373619239558
289.925,-0.2,-0.2586757022720383,-0.10729705221471326
289.93,-0.2,-0.25232586740112584,-0.017785417992827485
289.935,-0.2,-0.2463054254702052,0.08645506897792085
289.94,-0.2,-0.2406820542931744,-0.22905282426114162
289.945,-0.2,-0.23543217739595904,-0.5061025998461779
289.95,-0.2,-0.23055306019004856,-0.5754646361614446
289.955,-0.2,-0.22615193730201966,-0.5646351851227397
289.96,-0.2,-0.22245089460400605,-0.38259794756046467
289.965,-0.2,-0.2197141678488303,-0.110405942621166
289.97,-0.2,-0.21814118825953777,-0.04284795217475036
289.975,-0.2,-0.21778153552959337,0.056172169617316164
289.98,-0.2,-0.21851567659206608,-0.18321452912202713
289.985,-0.2,-0.22011751559780066,-0.5763665504274039
289.99,-0.2,-0.22237750632993203,-0.5944565744306872
289.995,-0.2,-0.2252016767048714,-0.41767067053578194
290.0,-0.2,-0.22860081561823242,-0.09544077541659943
290.005,-0.2,-0.23258543419034594,0.0324033870624591
290.01,-0.2,-0.23706124495245437,0.015669543364179833
290.015,-0.2,-0.2417999892271223,-0.08390355646076682
290.02,-0.2,-0.2464867962991959,-0.15629611114308584
290.025,-0.2,-0.25080059994120363,-0.37718390039693084
290.03,-0.2,-0.25449490410153475,-0.47090629545532353
290.035,-0.2,-0.2574561660450259,-0.4466318695741716
290.04,-0.2,-0.2597093235177566,-0.26483365378636636
290.045,-0.2,-0.26135774276891094,-0.024571338250340115
290.05,-0.2,-0.2624864943875534,0.08000963363952272
290.055,-0.2,-0.2630887372460211,-0.04273689884241953
290.06,-0.2,-0.26306650763181955,-0.2198274599456693
290.065,-0.2,-0.26229790431376937,-0.24126236215742558
290.07,-0.2,-0.2607177822606538,-0.5792879160373472
290.075,-0.2,-0.25838407897734567,-0.6395537797487711
290.08,-0.2,-0.2555109978664551,-0.39256074168724464
290.085,-0.2,-0.25242058231421605,-0.04588249778640481
290.09,-0.2,-0.2494200360097896,-0.13781984582516152
290.095,-0.2,-0.24669816494306862,0.0838366292328678
290.1,-0.2,-0.24430581839698934,-0.4002912906367447
290.105,-0.2,-0.24221538892875757,-0.33886354478270686
290.11,-0.2,-0.24041500768298485,-0.6279533126696885
290.115,-0.2,-0.2389795186609815,-0.5859718989861589
290.12,-0.2,-0.2380831292647188,-0.3451120063208061
290.125,-0.2,-0.23794218753160729,-0.18820439372663778
290.13,-0.2,-0.23871636854809733,-0.06760852167200951
290.135,-0.2,-0.24043226356742844,-0.01244575436171795
290.14,-0.2,-0.2429705412877668,-0.2963798734967323
290.145,-0.2,-0.24612605957950504,-0.4787126325243458
290.15,-0.2,-0.24971450041760884,-0.6527230045571717
290.155,-0.2,-0.25365700064801405,-0.49798173237670446
290.16,-0.2,-0.2579883045596681,-0.4456067794533489
290.165,-0.2,-0.26279199023215183,-0.09585390771114355
290.17,-0.2,-0.26809764978906814,0.14190654187273832
290.175,-0.2,-0.27378794550555463,0.0139841540447051
290.18,-0.2,-0.279584172096905,-0.2480942943041459
290.185,-0.2,-0.2851418971298386,-0.5933263426222193
290.19,-0.2,-0.2901965747079775,-0.6312004589800424
290.195,-0.2,-0.2946628178690952,-0.6767191740472052
290.2,-0.2,-0.2986324658197189,-0.24215757362709908
290.205,-0.2,-0.302278127536132,-0.16527442279879306
290.21,-0.2,-0.30572144029717796,0.14919315722031876
290.215,-0.2,-0.3089457958510367,-0.17669423485625796
290.22,-0.2,-0.3118054578868721,-0.26497371324401814
290.225,-0.2,-0.3141194364244109,-0.554939377475704
290.23,-0.2,-0.31578153637953116,-0.5431558833165653
290.235,-0.2,-0.31681686196622383,-0.43009500504575787
290.24,-0.2,-0.31735708175046407,-0.24181284013904136
290.245,-0.2,-0.31755320161383105,0.053283845355086734
290.25,-0.2,-0.3174788385897568,-0.0644372941888984
290.255,-0.2,-0.31708817711353005,-0.13403664784733874
290.26,-0.2,-0.3162540773468152,-0.26899751062414107
290.265,-0.2,-0.31485158647207506,-0.5432953180424088
290.27,-0.2,-0.31284374469462106,-0.5863414514223845
290.275,-0.2,-0.3103374797808291,-0.6372921204027627
290.28,-0.2,-0.3075741561809466,-0.2506058545164166
290.285,-0.2,-0.3048463607598014,-0.22527033842345837
290.29,-0.2,-0.30239087254062447,-0.1000854592589102
290.295,-0.2,-0.3003281684836109,-0.23130876067533743
290.3,-0.2,-0.29867627292815824,-0.44993026397127056
290.305,-0.2,-0.2974206096631254,-0.5586385962383252
290.31,-0.2,-0.29659010131486446,-0.5452290509259743
290.315,-0.2,-0.2962880738971476,-0.5524459752312995
290.32,-0.2,-0.29666863359909534,-0.3390080029362035
290.325,-0.2,-0.29787814529962614,-0.26585744677299017
290.33,-0.2,-0.29998635947869184,-0.06612862992685427
290.335,-0.2,-0.30293549912734635,-0.09736628519062633
290.34,-0.2,-0.3065375046889296,-0.34985831394477
290.345,-0.2,-0.3105417724087446,-0.6169314990566408
290.35,-0.2,-0.31474328215947106,-0.5382951395658109
290.355,-0.2,-0.3190445978969767,-0.37564954287865027
290.36,-0.2,-0.3234231590620283,-0.18184347189928515
290.365,-0.2,-0.32784246477796963,0.01256590985031085
290.37,-0.2,-0.33217923843254465,-0.18014606841057335
290.375,-0.2,-0.3362157474026137,-0.12404247167276296
290.38,-0.2,-0.3396897774884319,-0.28116862639580326
290.385,-0.2,-0.34236101087897397,-0.4276044325522335
290.39,-0.2,-0.34407415708413314,-0.5303846511449807
290.395,-0.2,-0.34480578154704145,-0.5497585827974057
290.4,-0.2,-0.34466917217391574,-0.408838068601464
290.405,-0.2,-0.34385979405159983,-0.044272285120219704
290.41,-0.2,-0.3425520125755472,0.026070300343049982
290.415,-0.2,-0.3408118902770321,-0.18525644775425845
290.42,-0.2,-0.3386054252888007,-0.45824809304586517
290.425,-0.2,-0.3358929319050197,-0.4636199089995406
290.43,-0.2,-0.33271836418788064,-0.5750033158639897
290.435,-0.2,-0.3292357969050038,-0.4691852037035069
290.44,-0.2,-0.32567838153094913,-0.3117226605172368
290.445,-0.2,-0.3222838235969362,-0.0024128169153121715
290.45,-0.2,-0.3192003288317675,-0.015438445745742012
290.455,-0.2,-0.3164349497813929,-0.2724842494278298
290.46,-0.2,-0.3138891023730137,-0.22492730931077884
290.465,-0.2,-0.3114432510549993,-0.5104228064551075
290.47,-0.2,-0.30903362097625503,-0.5794033026985934
290.475,-0.2,-0.30670491108581627,-0.6504539323192144
290.48,-0.2,-0.3046229316894997,-0.5085622155585011
290.485,-0.2,-0.30302138578640875,-0.06446735545237739
290.49,-0.2,-0.30208093970020006,0.21928303256111342
290.495,-0.2,-0.30181010117932955,-0.21720123218355514
290.5,-0.2,-0.30204902456134974,-0.5372032996983052
290.505,-0.2,-0.3026040575540236,-0.5068782085885023
290.51,-0.2,-0.30337398929239506,-0.6076362674439909
290.515,-0.2,-0.3043810953277749,-0.5164997864025695
290.52,-0.2,-0.3057298622916351,-0.210277107235197
290.525,-0.2,-0.3075243434130185,-0.17477723018150407
290.53,-0.2,-0.3097791874480963,0.07844471748683943
290.535,-0.2,-0.3123697106946381,-0.08222722819111075
290.54,-0.2,-0.31504655075009097,-0.23902711513282907
290.545,-0.2,-0.3175177713162212,-0.5251852701113966
290.55,-0.2,-0.3195636744729059,-0.6472805552336545
290.555,-0.2,-0.3211196735586202,-0.555797755825863
290.56,-0.2,-0.3222740943037904,-0.25885485985642975
290.565,-0.2,-0.32317773027549124,-0.07722451401099202
290.57,-0.2,-0.32392178548335565,0.1385903605107781
290.575,-0.2,-0.32446426209362356,-0.25623988277305665
290.58,-0.2,-0.32465985713329476,-0.3863968041304634
290.585,-0.2,-0.32436558093895,-0.4225610028722428
290.59,-0.2,-0.32353238309938126,-0.6670580164492428
290.595,-0.2,-0.32223966922206365,-0.425033819880728
290.6,-0.2,-0.3206721915541176,-0.32706785510159603
290.605,-0.2,-0.3190463056503418,-0.22335680253439033
290.61,-0.2,-0.3175218730689712,0.12015493042767816
290.615,-0.2,-0.3161402328196294,-0.24846009134863195
290.62,-0.2,-0.3148303113210178,-0.3644352901375192
290.625,-0.2,-0.31349343532066815,-0.5180329962217042
290.63,-0.2,-0.31210033017958405,-0.6507880843680932
290.635,-0.2,-0.3107381031079521,-0.5210765231851902
290.64,-0.2,-0.30959540004458636,-0.4604444817863962
290.645,-0.2,-0.3088923869388149,-0.0794893345770474
290.65,-0.2,-0.3087806744392976,-0.04614049779573548
290.655,-0.2,-0.3092677491573948,-0.14008889591994342
290.66,-0.2,-0.3102235498402739,-0.3774560746577348
290.665,-0.2,-0.31146259345066474,-0.38557908989177897
290.67,-0.2,-0.3128321284743363,-0.5151933892072467
290.675,-0.2,-0.3142548445799009,-0.36161734774161536
290.68,-0.2,-0.31572019375110344,-0.33960312038331386
290.685,-0.2,-0.317242976932481,-0.22918488929810624
290.69,-0.2,-0.31881163491052755,0.024703312462546832
290.695,-0.2,-0.3203340779379749,0.11092512376676214
290.7,-0.2,-0.321609880216717,-0.28343827878968486
290.705,-0.2,-0.32238463399229494,-0.46250831284943505
290.71,-0.2,-0.3224702833556021,-0.6066754098892339
290.715,-0.2,-0.321832202551323,-0.40579985601942536
290.72,-0.2,-0.320578796044249,-0.2929710770251239
290.725,-0.2,-0.31887719247657764,-0.08982306867993843
290.73,-0.2,-0.3168573221607462,-0.010135542703038793
290.735,-0.2,-0.3145568494760958,-0.1944009058913791
290.74,-0.2,-0.31193789730829163,-0.37243191049498703
290.745,-0.2,-0.3089599438538949,-0.3950434985583354
290.75,-0.2,-0.3056504171288048,-0.5887791534293427
290.755,-0.2,-0.3021437102845645,-0.685045850718268
290.76,-0.2,-0.2986835392539639,-0.27265932546770166
290.765,-0.2,-0.2955559898164436,-0.04631359177889802
290.77,-0.2,-0.2929693698783595,-0.0862565042519947
290.775,-0.2,-0.2909803971429441,-0.16291883037258517
290.78,-0.2,-0.2895177972337339,-0.2898522658061513
290.785,-0.2,-0.2884616470664565,-0.5076304776006246
290.79,-0.2,-0.2877309457707246,-0.641900940907071
290.795,-0.2,-0.2873434278619291,-0.4493849572967723
290.8,-0.2,-0.28740073697759977,-0.122632014335011
290.805,-0.2,-0.28799199495104805,0.028451256502261157
290.81,-0.2,-0.2890840920193727,0.146713231931749
290.815,-0.2,-0.2904744451929579,0.02484866777067711
290.82,-0.2,-0.2918275523193334,-0.14561998208433377
290.825,-0.2,-0.2927794718561643,-0.5818494448321164
290.83,-0.2,-0.2930654619987384,-0.38209412630484957
290.835,-0.2,-0.2925911249011221,-0.39519880399923346
290.84,-0.2,-0.2914103578156611,-0.36395576286119646
290.845,-0.2,-0.289653744741909,0.002579663227533696
290.85,-0.2,-0.2874434672585369,-0.001570223088900662
290.855,-0.2,-0.2848243646117939,-0.10408903002230166
290.86,-0.2,-0.2817657036352199,-0.3381387593492637
290.865,-0.2,-0.2782339477978004,-0.4283697318612092
290.87,-0.2,-0.2742716331437261,-0.49924041887557646
290.875,-0.2,-0.2700360054152661,-0.6107116875999201
290.88,-0.2,-0.26578444735380763,-0.10664981306398666
290.885,-0.2,-0.26179885084237803,-0.20300422087486877
290.89,-0.2,-0.25827943759982075,0.22037168653944644
290.895,-0.2,-0.2552668986323638,0.09711758629278394
290.9,-0.2,-0.25263862377508,-0.39010227886652665
290.905,-0.2,-0.2502120657046765,-0.6448895319077587
290.91,-0.2,-0.2478972402004121,-0.4997606514721653
290.915,-0.2,-0.24576583913162026,-0.4940184488243926
290.92,-0.2,-0.24399997601943565,-0.1455544539159105
290.925,-0.2,-0.24279259856911992,-0.34463783011441707
290.93,-0.2,-0.24227404376236167,-0.09442793864708682
290.935,-0.2,-0.24248089735052786,-0.06286373281530655
290.94,-0.2,-0.2433473947391802,-0.21639193039868584
290.945,-0.2,-0.24473203554390557,-0.38301805853823556
290.95,-0.2,-0.24649393628106733,-0.6561280999857946
290.955,-0.2,-0.24857696120317468,-0.5104919417781598
290.96,-0.2,-0.25103782897351046,-0.4450112303245675
290.965,-0.2,-0.25398897907467816,0.038151577635313266
290.97,-0.2,-0.25748844541651805,-0.07610173984261762
290.975,-0.2,-0.2614625903268911,-0.17891881349417574
290.98,-0.2,-0.26572712173262575,-0.3615531974391718
290.985,-0.2,-0.270079631233609,-0.5662270902054558
290.99,-0.2,-0.2743895563617782,-0.4811632692752887
290.995,-0.2,-0.27862861954518836,-0.29619856132325273
291.0,-0.2,-0.28282699742483364,-0.2367461028193103
291.005,-0.2,-0.2869939112234,0.07171911365383457
291.01,-0.2,-0.2910452997305463,0.11956083805284982
291.015,-0.2,-0.29476968525564573,-0.10754799533189868
291.02,-0.2,-0.29786747188061347,-0.2010400782890422
291.025,-0.2,-0.30005450763366254,-0.5988119448811274
291.03,-0.2,-0.3011782251354632,-0.6871877045345124
291.035,-0.2,-0.30129188625299125,-0.577310255854459
291.04,-0.2,-0.300635233052057,-0.26344728115600746
291.045,-0.2,-0.29951922657738483,-0.04475980854008649
291.05,-0.2,-0.29818835470417643,-0.028685397423235094
291.055,-0.2,-0.296745418036232,-0.07927829683003433
291.06,-0.2,-0.29516593629262927,-0.2574558966446736
291.065,-0.2,-0.29337086416681946,-0.3685862300461991
291.07,-0.2,-0.29131316651836014,-0.6045111222405792
291.075,-0.2,-0.28904466252593874,-0.5194863229252065
291.08,-0.2,-0.2867265302868412,-0.2428595116705169
291.085,-0.2,-0.2845634227186727,-0.16113744320347467
291.09,-0.2,-0.28270729278278034,-0.07204279425809944
291.095,-0.2,-0.28119987208180197,-0.06345352026666135
291.1,-0.2,-0.27997730432501056,-0.34493850094718886
291.105,-0.2,-0.27893508873226336,-0.567251171472486
291.11,-0.2,-0.27802613511164026,-0.6239380994704418
291.115,-0.2,-0.2773251793941254,-0.5480749960049703
291.12,-0.2,-0.2770096575469176,-0.238775740586992
291.125,-0.2,-0.2772680051217649,-0.11475616160838084
291.13,-0.2,-0.27819604714131085,-0.054700713206251625
291.135,-0.2,-0.2797451569675845,-0.07490660565876844
291.14,-0.2,-0.2817419136435497,-0.3094549479223905
291.145,-0.2,-0.2839597511779314,-0.34460484316831586
291.15,-0.2,-0.2862112684391709,-0.777008139957066
291.155,-0.2,-0.2884265095107796,-0.4610681579820096
291.16,-0.2,-0.2906677586896573,-0.37668038711147445
291.165,-0.2,-0.2930587340697708,-0.17694772141523188
291.17,-0.2,-0.2956841501767371,-0.09411829076510973
291.175,-0.2,-0.29852737852297895,-0.13774653242720108
291.18,-0.2,-0.30146940435121333,-0.28217240719988795
291.185,-0.2,-0.30434826293824363,-0.5960712222450795
291.19,-0.2,-0.30705130188408764,-0.5657489201673171
291.195,-0.2,-0.30957693337938663,-0.45607525878143096
291.2,-0.2,-0.3120172777554689,-0.3120084415032031
291.205,-0.2,-0.31448023060969504,-0.07922105264907174
291.21,-0.2,-0.31699796022041316,0.14567262167200146
291.215,-0.2,-0.31946160766053,-0.05019649998226649
291.22,-0.2,-0.32163350293909215,-0.36051181245970354
291.225,-0.2,-0.32324892116789383,-0.41175427980396173
291.23,-0.2,-0.3241321700925219,-0.5468623158997359
291.235,-0.2,-0.3242529079736094,-0.4910058224132494
291.24,-0.2,-0.3237104626262247,-0.20297365197877337
291.245,-0.2,-0.32266176181274797,-0.22271408192070027
291.25,-0.2,-0.3212392845528191,-0.13840249806866078
291.255,-0.2,-0.31950779026908827,-0.07579615299692213
291.26,-0.2,-0.3174641078150499,-0.3337463137446459
291.265,-0.2,-0.3150776731959048,-0.44273097540322626
291.27,-0.2,-0.31236464123992236,-0.6834224541370716
291.275,-0.2,-0.3094509618798347,-0.5293535127086816
291.28,-0.2,-0.3065775523290668,-0.5228486753320108
291.285,-0.2,-0.30403845291803716,-0.12722442705286197
291.29,-0.2,-0.30208238196155507,-0.20048903110938396
291.295,-0.2,-0.3008338727030796,-0.0794344350490355
291.3,-0.2,-0.30027943783854916,-0.34621663814657233
291.305,-0.2,-0.3003273455986751,-0.6689302166726774
291.31,-0.2,-0.3009102617686645,-0.5902984305544017
291.315,-0.2,-0.30205224934684044,-0.43322171788875796
291.32,-0.2,-0.30384391046017045,-0.3737694590479442
291.325,-0.2,-0.30636138332032536,-0.049926765553077464
291.33,-0.2,-0.30958292611885285,0.03750579834829825
291.335,-0.2,-0.3133351597461012,-0.0555214051562557
291.34,-0.2,-0.3173110315271042,-0.333961024131004
291.345,-0.2,-0.3211672318272403,-0.49279684304244403
291.35,-0.2,-0.3246409888936119,-0.5674958952084102
291.355,-0.2,-0.3276170011510419,-0.5338219079891124
291.36,-0.2,-0.3301202308601355,-0.35022025227656417
291.365,-0.2,-0.33224522697097153,-0.05362091579601945
291.37,-0.2,-0.3340572614380432,-0.1237861951125203
291.375,-0.2,-0.3355340627967283,-0.2964328314275294
291.38,-0.2,-0.33659592929339377,-0.46806277307220767
291.385,-0.2,-0.33718823150710736,-0.5307177946012879
291.39,-0.2,-0.3373434866203952,-0.5257412808572521
291.395,-0.2,-0.3371894957507725,-0.47215311255464587
291.4,-0.2,-0.33691092878295215,-0.2784427826734718
291.405,-0.2,-0.3366803088017723,-0.0848261910277823
291.41,-0.2,-0.3365810992785914,-0.014908291837509795
291.415,-0.2,-0.33656392227581505,-0.1272936153289494
291.42,-0.2,-0.33647075360144574,-0.3244254527067896
291.425,-0.2,-0.33611925733246595,-0.513354163176625
291.43,-0.2,-0.33540177894952883,-0.6524836279845265
291.435,-0.2,-0.33434785510961074,-0.5413581067509348
291.44,-0.2,-0.33311509464999955,-0.3468620041075741
291.445,-0.2,-0.3319041332455788,0.03121440582872581
291.45,-0.2,-0.3308408508248162,-0.0506179829004684
291.455,-0.2,-0.329908619222961,-0.1872801412648993
291.46,-0.2,-0.32897813487192484,-0.25733025385400843
291.465,-0.2,-0.3278962549481527,-0.5527708927902217
291.47,-0.2,-0.3265756546777003,-0.5614600615703625
291.475,-0.2,-0.32505134679956676,-0.594108062164371
291.48,-0.2,-0.3234724189750244,-0.2123737263636154
291.485,-0.2,-0.3220186933147882,-0.04718264642931112
291.49,-0.2,-0.32078894744115527,0.005535738783846535
291.495,-0.2,-0.3197460305845461,-0.30130157509743405
291.5,-0.2,-0.3187589929834221,-0.26772894472187153
291.505,-0.2,-0.3176984987552763,-0.7052690894460882
291.51,-0.2,-0.3165237911067077,-0.4788616229219397
291.515,-0.2,-0.315318434837875,-0.5543297629170405
291.52,-0.2,-0.31425892522042936,-0.37744219763217957
291.525,-0.2,-0.31354338415068456,-0.2068042273780613
291.53,-0.2,-0.3133122234142335,-0.05535998443634227
291.535,-0.2,-0.3135872096926796,-0.1531713063714439
291.54,-0.2,-0.3142674498381868,-0.29765568673958853
291.545,-0.2,-0.31519082201422444,-0.45474748138510973
291.55,-0.2,-0.316217913533562,-0.48437196773552327
291.555,-0.2,-0.3172966803853413,-0.8147217889527634
291.56,-0.2,-0.31849520297460027,-0.4556697229298131
291.565,-0.2,-0.3199707329874475,-0.1298591720054028
291.57,-0.2,-0.3218573589793031,-0.02220105484998468
291.575,-0.2,-0.3241551269958196,-0.1260083163177494
291.58,-0.2,-0.3267155409103984,-0.24838050865251826
291.585,-0.2,-0.3293197077094233,-0.5892775447966321
291.59,-0.2,-0.3317918402724298,-0.6551304833489877
291.595,-0.2,-0.3340836552618336,-0.5606778373185987
291.6,-0.2,-0.33627307950493884,-0.28266882230351703
291.605,-0.2,-0.3384740493679718,-0.0027255255848223775
291.61,-0.2,-0.3407180466948376,0.02613384743317055
291.615,-0.2,-0.34288847580297055,-0.09742793928141577
291.62,-0.2,-0.3447522322133193,-0.36113029606739366
291.625,-0.2,-0.34606624209970677,-0.5823584749835555
291.63,-0.2,-0.34669476415791967,-0.6754717874279896
291.635,-0.2,-0.3466730235024493,-0.5487210073816201
291.64,-0.2,-0.34618393485810334,-0.3582051387075051
291.645,-0.2,-0.3454637625912521,-0.11633116420622804
291.65,-0.2,-0.34469314156631436,-0.14999289282545314
291.655,-0.2,-0.34393992868982404,-0.2767139977484462
291.66,-0.2,-0.34317401163471656,-0.11676875212997956
291.665,-0.2,-0.34231475228811564,-0.48727483785210357
291.67,-0.2,-0.34129357623691187,-0.6781204258128642
291.675,-0.2,-0.3401265089652975,-0.4574800390540228
291.68,-0.2,-0.33893457987384984,-0.4169097584455399
291.685,-0.2,-0.33787934236067385,-0.0642567209100772
291.69,-0.2,-0.33706062334529013,0.07273430935397363
291.695,-0.2,-0.33644180220000475,-0.16986564303762514
291.7,-0.2,-0.3358609569855681,-0.32130117136330644
291.705,-0.2,-0.33512691326431315,-0.5469185520021205
291.71,-0.2,-0.33413483382011583,-0.8394028710242333
291.715,-0.2,-0.33293925079458153,-0.43828021260548705
291.72,-0.2,-0.33173459452507326,-0.3733562489250594
291.725,-0.2,-0.33074901995968947,-0.13751379143293613
291.73,-0.2,-0.3301342607205673,-0.13381682939543554
291.735,-0.2,-0.32991135858190623,-0.06115800733850285
291.74,-0.2,-0.3299774201840847,-0.3267439456991467
291.745,-0.2,-0.33016657989421844,-0.4247020417629477
291.75,-0.2,-0.3303400527648402,-0.6258313484735367
291.755,-0.2,-0.33045716604692793,-0.5200025746537575
291.76,-0.2,-0.330586376586444,-0.39339054616981217
291.765,-0.2,-0.3308467684526188,-0.0843128390150595
291.77,-0.2,-0.3313075799899174,0.08303395156384467
291.775,-0.2,-0.3319089738695391,-0.18055609650940338
291.78,-0.2,-0.33246823153191085,-0.21934168385249853
291.785,-0.2,-0.3327679668232986,-0.5777440607676885
291.79,-0.2,-0.33266364876425186,-0.5802124327375084
291.795,-0.2,-0.33214346442742304,-0.30024066726220977
291.8,-0.2,-0.33129893204843924,-0.28719767959648645
291.805,-0.2,-0.33023513529345344,0.012025259791807547
291.81,-0.2,-0.32898599975896436,0.03840330534440743
291.815,-0.2,-0.32746785986291493,0.0550930108517127
291.82,-0.2,-0.3254948121724279,-0.33736838389934937
291.825,-0.2,-0.32287228405988777,-0.6329482264488344
291.83,-0.2,-0.3195295945552949,-0.7301150735716463
291.835,-0.2,-0.31560107999298037,-0.5679545693068735
291.84,-0.2,-0.3113916309453742,-0.237560598725028
291.845,-0.2,-0.30724515819413734,0.026162964741878347
291.85,-0.2,-0.3034017853365528,-0.0767806870592423
291.855,-0.2,-0.2999348754941454,-0.10926352355954125
291.86,-0.2,-0.2967935224049807,-0.4993323940471562
291.865,-0.2,-0.2939123616973505,-0.6958744183414398
291.87,-0.2,-0.29132797704542646,-0.7896530831429569
291.875,-0.2,-0.28923645081660704,-0.6933880941097188
291.88,-0.2,-0.28794911228787357,-0.1409963367588537
291.885,-0.2,-0.2877618705475293,-0.24462523184143287
291.89,-0.2,-0.2888282730455461,-0.09295807742445424
291.895,-0.2,-0.291117738034471,-0.16031840702308203
291.9,-0.2,-0.29444322059484695,-0.1164178866550512
291.905,-0.2,-0.2985186741852596,-0.4652325177960473
291.91,-0.2,-0.30304977096412833,-0.7091255379851934
291.915,-0.2,-0.30783782329555875,-0.5602533210841304
291.92,-0.2,-0.31281536986810665,-0.23936918287851772
291.925,-0.2,-0.31796741177780213,0.0273627261817445
291.93,-0.2,-0.3232087976783468,-0.05213472625619306
291.935,-0.2,-0.32832922932421976,-0.17877921479116013
291.94,-0.2,-0.3330391678940153,-0.31683258826877697
291.945,-0.2,-0.3370660927064002,-0.5506884241586733
291.95,-0.2,-0.34024405538654184,-0.5782732202642622
291.955,-0.2,-0.3425653085419435,-0.6820320455881805
291.96,-0.2,-0.34417300891680014,-0.3081884771851983
291.965,-0.2,-0.3452819315627235,-0.07202450797916338
291.97,-0.2,-0.3460550249604717,0.021947796738319557
291.975,-0.2,-0.3465134384345721,0.00919501753252358
291.98,-0.2,-0.34653695874354495,-0.2792237969415594
291.985,-0.2,-0.3459422472948326,-0.28238163858860243
291.99,-0.2,-0.3445878460108006,-0.7174143281416293
291.995,-0.2,-0.34246269826502845,-0.5718154525697529
292.0,-0.2,-0.3397148413390023,-0.3187518970276041
292.005,-0.2,-0.33658073136268624,-0.023648825245108557
292.01,-0.2,-0.33325741251439706,-0.07687016758145604
292.015,-0.2,-0.32982011923196924,-0.0391001730998779
292.02,-0.2,-0.3262263382120834,-0.19338332306250525
292.025,-0.2,-0.322382928674519,-0.5785010593045925
292.03,-0.2,-0.3182484353416236,-0.6216724873941342
292.035,-0.2,-0.31391511308002595,-0.5171458099078663
292.04,-0.2,-0.30959985003670737,-0.20623156893432645
292.045,-0.2,-0.3055496200326002,-0.22373499401445218
292.05,-0.2,-0.30194332885276914,-0.09173721602227253
292.055,-0.2,-0.29884941975807083,-0.1967579475201583
292.06,-0.2,-0.2962397155808828,-0.2818201907415312
292.065,-0.2,-0.2940452911122807,-0.5886953548520903
292.07,-0.2,-0.2922351593056802,-0.5671993042606726
292.075,-0.2,-0.29086863884551256,-0.4547846322622069
292.08,-0.2,-0.29008482108217687,-0.5701075824819783
292.085,-0.2,-0.2900504637432535,-0.17720123780594016
292.09,-0.2,-0.29089077722456025,-0.14427198905764257
292.095,-0.2,-0.2926196007810018,-0.09343679936485674
292.1,-0.2,-0.29511806756672765,-0.3445234669833526
292.105,-0.2,-0.2981903246291515,-0.5067639683344398
292.11,-0.2,-0.30165870189618504,-0.5885514594542911
292.115,-0.2,-0.3054388590436819,-0.7209538757117996
292.12,-0.2,-0.3095556686825988,-0.2786812579720515
292.125,-0.2,-0.3140838541963481,-0.24348015530389683
292.13,-0.2,-0.3190407555570675,0.13784917829350862
292.135,-0.2,-0.32430342864623546,-0.18497918332810517
292.14,-0.2,-0.32960861800153973,-0.1553359507819565
292.145,-0.2,-0.33463581593454994,-0.5905926041283244
292.15,-0.2,-0.33912457146692526,-0.5994135268333722
292.155,-0.2,-0.3429608285758146,-0.555653073950402
292.16,-0.2,-0.3461816364318172,-0.3576563850807734
292.165,-0.2,-0.3489005285136248,-0.15796405107431144
292.17,-0.2,-0.35120493219481536,-0.006323231517519462
292.175,-0.2,-0.353079754820554,-0.03431878222643603
292.18,-0.2,-0.3544008507022287,-0.4052560499237457
292.185,-0.2,-0.3550180439040975,-0.66573417552825
292.19,-0.2,-0.3548777885725195,-0.6053620909935734
292.195,-0.2,-0.3540816681913736,-0.38456863381141726
292.2,-0.2,-0.3528401791863926,-0.4459738305708727
292.205,-0.2,-0.3513854953645708,-0.1953020623275453
292.21,-0.2,-0.34990130881578674,-0.16750560594806935
292.215,-0.2,-0.3484756644212775,-0.076049492531217
292.22,-0.2,-0.34709292407324616,-0.43584888061702465
292.225,-0.2,-0.34569102069694163,-0.5776015781141052
292.23,-0.2,-0.3442575992001277,-0.6658433322272013
292.235,-0.2,-0.3428950413599777,-0.675914136334839
292.24,-0.2,-0.3418098239593597,-0.28527895643196577
292.245,-0.2,-0.34122344172777563,-0.04547540714198228
292.25,-0.2,-0.3412514735986471,-0.08659608793469653
292.255,-0.2,-0.3418440767133138,-0.2602085007223793
292.26,-0.2,-0.34283156006686105,-0.3900087369516457
292.265,-0.2,-0.34402058006585395,-0.45234433466927443
292.27,-0.2,-0.3452788353678886,-0.8118370337559845
292.275,-0.2,-0.3465886029181313,-0.4415091341543072
292.28,-0.2,-0.3480357887893322,-0.26918496386805457
292.285,-0.2,-0.3497194238188827,-0.1370243272850926
292.29,-0.2,-0.351649020778977,0.03076477270886728
292.295,-0.2,-0.35369687568708347,-0.11246842774552604
292.3,-0.2,-0.35562583098693,-0.45240493011484717
292.305,-0.2,-0.3571870143614016,-0.49247764998914717
292.31,-0.2,-0.35823294856275134,-0.7973495156895498
292.315,-0.2,-0.35877497069698344,-0.34766414190389694
292.32,-0.2,-0.3589489182183812,-0.3381824126654655
292.325,-0.2,-0.35891680128100656,-0.20356265357441888
292.33,-0.2,-0.3587791163253106,-0.05322125387392174
292.335,-0.2,-0.35853712485720207,-0.2593183240239417
292.34,-0.2,-0.3581113533458257,-0.37936578680598115
292.345,-0.2,-0.35741098779153424,-0.5310644069168566
292.35,-0.2,-0.3564154379580479,-0.7499306720492366
292.355,-0.2,-0.35522669240508936,-0.5790334025578352
292.36,-0.2,-0.3540590471569812,-0.3609951573936355
292.365,-0.2,-0.3531510357646757,-0.055981341496633544
292.37,-0.2,-0.3526433392838013,0.05136338813292628
292.375,-0.2,-0.35250287130499214,-0.1498607707161436
292.38,-0.2,-0.35255170776865613,-0.49929524890522314
292.385,-0.2,-0.3525820726081638,-0.4249566316933796
292.39,-0.2,-0.35246632021713575,-0.6904947365779603
292.395,-0.2,-0.3522031198299026,-0.5144023144419915
292.4,-0.2,-0.3518989134289606,-0.29873881573421235
292.405,-0.2,-0.35169505580687915,-0.2666899082957395
292.41,-0.2,-0.35168316306502045,-0.11032854567423095
292.415,-0.2,-0.35185251309667886,0.015224063988849235
292.42,-0.2,-0.3520765719487025,-0.2593842437769851
292.425,-0.2,-0.3521584975354994,-0.5331208364066412
292.43,-0.2,-0.3519402202979104,-0.7388509829341827
292.435,-0.2,-0.3513980490076697,-0.3721294907500247
292.44,-0.2,-0.3506360016605999,-0.33239003895886715
292.445,-0.2,-0.3497900731129131,-0.05744661817180363
292.45,-0.2,-0.34892556213085585,0.036528258564897984
292.455,-0.2,-0.3479819552365425,-0.10509411826044096
292.46,-0.2,-0.34679149219071004,-0.31836305393336917
292.465,-0.2,-0.3451692419659581,-0.563304022806679
292.47,-0.2,-0.34301910123345125,-0.5209241209076269
292.475,-0.2,-0.34038783065699,-0.5480212108287413
292.48,-0.2,-0.33744838745009315,-0.44353727327783
292.485,-0.2,-0.3344360104768672,-0.1746144917757426
292.49,-0.2,-0.33156054837161136,-0.0994778988505582
292.495,-0.2,-0.328925898191769,0.02370299222247821
292.5,-0.2,-0.32649822933791056,-0.17394189111398098
292.505,-0.2,-0.32415057823299315,-0.5761723663825424
292.51,-0.2,-0.3217717772957779,-0.5498499124354818
292.515,-0.2,-0.31935773658102706,-0.3897290169862614
292.52,-0.2,-0.3170124708370738,-0.5136260936513048
292.525,-0.2,-0.314889085501865,-0.15488411534963606
292.53,-0.2,-0.3131167152868728,-0.04392975323658336
292.535,-0.2,-0.31173490183291486,-0.2733631409175712
292.54,-0.2,-0.3106816335186448,-0.1407147403996404
292.545,-0.2,-0.309850073463685,-0.7538739940135666
292.55,-0.2,-0.3091790265313731,-0.5225746560394323
292.555,-0.2,-0.30872093510023463,-0.6410098973421041
292.56,-0.2,-0.308636535718733,-0.44480244622185183
292.565,-0.2,-0.3091226637225048,-0.11448427296597452
292.57,-0.2,-0.31030969845881595,-0.03668713642595044
292.575,-0.2,-0.3121787585558151,-0.09375239612066269
292.58,-0.2,-0.3145558741790665,-0.2139353364020025
