t,reference,measured,noisy
251.64,0.2,-2.1326161888336928e-08,-0.0006826779873407123
251.645,0.2,2.339311072818831e-06,0.08006571319616584
251.65,0.2,2.4916185365644678e-05,0.20930567487407037
251.655,0.2,0.00012465808349977354,0.17769176771373757
251.66,0.2,0.00040728036001900597,0.07663277859468366
251.665,0.2,0.0009927184732991688,-0.23689818528232756
251.67,0.2,0.0019428624689195562,-0.20468904047613284
251.675,0.2,0.0032075226247157964,-0.13738649197538094
251.68,0.2,0.004643137932564411,0.13950459442090932
251.685,0.2,0.006093610190123286,0.16021252249165513
251.69,0.2,0.007472468511395826,0.31178577570894134
251.695,0.2,0.00879932864890619,0.14891186507569168
251.7,0.2,0.010181292668541021,0.12928280300069978
251.705,0.2,0.01175151882596308,-0.20601522674115122
251.71,0.2,0.01358460985670444,-0.3254813494921509
251.715,0.2,0.015627958191983097,-0.17370827110820614
251.72,0.2,0.0177054925475739,0.020225232444080282
251.725,0.2,0.019601181586886857,0.16375047795419279
251.73,0.2,0.02117073141550992,0.6185165890219206
251.735,0.2,0.02242997544327122,0.25769429209850453
251.74,0.2,0.023560603935176578,0.09075380126064761
251.745,0.2,0.024807858611293854,-0.1609819434616956
251.75,0.2,0.026346938326505347,-0.19565528574065602
251.755,0.2,0.028207260810365984,-0.23613310445862146
251.76,0.2,0.030278586580218855,0.10227193947088675
251.765,0.2,0.03239084789514485,0.2873361138625951
251.77,0.2,0.034425181839258065,0.3124150129180883
251.775,0.2,0.036384440856272925,0.363931220665578
251.78,0.2,0.0383852735890061,0.006770379578236202
251.785,0.2,0.040576760625568545,-0.25103837394906114
251.79,0.2,0.043026458073731004,-0.21326438513629972
251.795,0.2,0.04565379939228402,-0.20754598832598037
251.8,0.2,0.04825320207549001,-0.008062763823029062
251.805,0.2,0.05057644557906098,0.16181798739421158
251.81,0.2,0.052434085292022085,0.4631074302817857
251.815,0.2,0.053777755259781485,0.22311534978489272
251.82,0.2,0.05471097633926574,0.15680155295309528
251.825,0.2,0.055415632413426986,-0.10034323909288331
251.83,0.2,0.056049178016656355,-0.12783245913534436
251.835,0.2,0.056671972883935814,-0.239505327962767
251.84,0.2,0.057237453889880045,0.23783097018574015
251.845,0.2,0.05766761099335797,0.5261669730992415
251.85,0.2,0.057976346991000155,0.4034955828651132
251.855,0.2,0.058324641755187125,0.127427083233779
251.86,0.2,0.05895942964916794,0.31732024614640947
251.865,0.2,0.06011380384697033,-0.25553992602352454
251.87,0.2,0.06192107783325342,-0.14380911376893973
251.875,0.2,0.06435954114502764,-0.012691119257729824
251.88,0.2,0.06727584442466546,0.12168519134856368
251.885,0.2,0.07048252844002172,0.4723539403797917
251.89,0.2,0.07386366706859226,0.37489461620324716
251.895,0.2,0.07742793985290496,0.31919189803404674
251.9,0.2,0.0812707827619754,-0.15691892753190528
251.905,0.2,0.08546605685082119,-0.08149941501493846
251.91,0.2,0.08996970657533694,-0.21426832847377936
251.915,0.2,0.09460245007865105,0.05570642061312893
251.92,0.2,0.09911010705168476,0.15270922138310328
251.925,0.2,0.10325929727650769,0.36816378337832556
251.93,0.2,0.10691898045875241,0.3032360029400669
251.935,0.2,0.11009130729404124,0.3675966219514124
251.94,0.2,0.11288815965180617,0.16028981903206682
251.945,0.2,0.1154688424362536,0.020510499753890132
251.95,0.2,0.11796017634090557,-0.09671273062402506
251.955,0.2,0.12039088055553177,-0.19384221620546746
251.96,0.2,0.12267138889098618,0.043554463938949406
251.965,0.2,0.12464034431619256,0.31046026631290025
251.97,0.2,0.12616825701360024,0.4860857467044709
251.975,0.2,0.12725359359653202,0.39440442202700127
251.98,0.2,0.1280377412259085,0.165402312701486
251.985,0.2,0.12873262193825283,0.11813887165702283
251.99,0.2,0.12952357708708942,-0.045951999949082986
251.995,0.2,0.13050395155832709,-0.05694222397721943
252.0,0.2,0.1316612022045751,0.2096556980444822
252.005,0.2,0.13292496345490126,0.3457885726067536
252.01,0.2,0.13425329631160898,0.44734889410156103
252.015,0.2,0.1356921690437423,0.32974999086635726
252.02,0.2,0.1373709186041298,0.32889715529816144
252.025,0.2,0.13945261929989625,0.16186878473071006
252.03,0.2,0.1420755054143104,0.16583449212958282
252.035,0.2,0.14530341540767483,-0.11656039611169547
252.04,0.2,0.14909574969225273,0.229420262147653
252.045,0.2,0.15332695834253557,0.3053584225158587
252.05,0.2,0.15786090545661402,0.43153757389681335
252.055,0.2,0.16262263747530784,0.4178084910970597
252.06,0.2,0.1676083785177577,0.023023473386766635
252.065,0.2,0.17282399861041153,0.029834543222275585
252.07,0.2,0.17819923616235475,-0.18871380549739541
252.075,0.2,0.18354033553720847,-0.1202176364815163
252.08,0.2,0.18854988738925063,0.26146851788474096
252.085,0.2,0.19291861798223814,0.39002559880266907
252.09,0.2,0.1964432035751851,0.44027724881023095
252.095,0.2,0.1990888484734568,0.4415744747327737
252.1,0.2,0.20097091389297042,0.21941786533824176
252.105,0.2,0.20227812606054943,0.01176600250738832
252.11,0.2,0.20316692579751924,-0.20073130420853214
252.115,0.2,0.203672938117896,-0.1645711813034112
252.12,0.2,0.20370085192462067,0.3779209111276171
252.125,0.2,0.20312261003049148,0.46220270775339967
252.13,0.2,0.20191262389293185,0.4862021538523683
252.135,0.2,0.20020474857159035,0.3773210291300196
252.14,0.2,0.1982430813210547,0.06103716381394991
252.145,0.2,0.1962816334163409,0.1897763857671803
252.15,0.2,0.19449646567495368,-0.2246314233368541
252.155,0.2,0.19293524033983522,-0.039559338959834475
252.16,0.2,0.19151342551645828,0.13139129279907036
252.165,0.2,0.1900889790272826,0.6669547384656893
252.17,0.2,0.18859852203915778,0.5929162598424855
252.175,0.2,0.18714687713323774,0.34946605337155306
252.18,0.2,0.18596372774738051,0.08587260015374285
252.185,0.2,0.18527037540280905,-0.0309558672687233
252.19,0.2,0.1851631322570906,-0.18592613393812013
252.195,0.2,0.1855642107157663,-0.14273094421235816
252.2,0.2,0.1862476007143548,0.26699033015597085
252.205,0.2,0.18694186382126526,0.4085626008381668
252.21,0.2,0.18746337634945015,0.590577815840902
252.215,0.2,0.18779626043087408,0.42027309248433925
252.22,0.2,0.18808077327084852,0.39648155290343834
252.225,0.2,0.1885295457812415,-0.06894390366582928
252.23,0.2,0.18930887829703996,-0.09396999167737961
252.235,0.2,0.19044138099515645,-0.11133897543038539
252.24,0.2,0.19179144934678308,0.13209407054225467
252.245,0.2,0.19314500045994748,0.4676782178120015
252.25,0.2,0.19433460660704963,0.4955702153021534
252.255,0.2,0.19533443542394863,0.5864340064661955
252.26,0.2,0.19626995430530936,0.22285481107816776
252.265,0.2,0.19734034812679338,0.093363498844337
252.27,0.2,0.19869990315975072,-0.13526248049381853
252.275,0.2,0.20037042586197792,0.04657056124829588
252.28,0.2,0.20223360080212427,0.04849581212680196
252.285,0.2,0.20409209573443404,0.270082184032363
252.29,0.2,0.2057589529029116,0.5007243337136708
252.295,0.2,0.20714586986696468,0.5869512124951128
252.3,0.2,0.20831067198814118,0.3224540191282312
252.305,0.2,0.20940838881807777,-0.18736049354372952
252.31,0.2,0.2105519816122424,-0.2230864232604855
252.315,0.2,0.21169303961509667,-0.057695365569343904
252.32,0.2,0.21262433498296446,0.05676907510100351
252.325,0.2,0.21308398469142573,0.4118995976198165
252.33,0.2,0.2128779075156093,0.35405706100457884
252.335,0.2,0.21195807572918265,0.49456521901094397
252.34,0.2,0.2104258116573351,0.13288846268329813
252.345,0.2,0.20845496823243898,-0.20183188647154388
252.35,0.2,0.20617235484553562,-0.021770684130137705
252.355,0.2,0.20359276222349063,0.1345107620329127
252.36,0.2,0.20065884724994287,0.11330171867006988
252.365,0.2,0.1973219234765739,0.4283251219044943
252.37,0.2,0.19360647745914544,0.3936719034477423
252.375,0.2,0.18965155799583702,0.5819719032000419
252.38,0.2,0.18571290185640207,0.2678630093489684
252.385,0.2,0.18210553034804897,0.11228574919235357
252.39,0.2,0.1791030828528402,-0.0019918347525665347
252.395,0.2,0.17685520570648133,0.037971679817260406
252.4,0.2,0.17537125472748802,0.1045916942372796
252.405,0.2,0.1745641442433717,0.2877135899579483
252.41,0.2,0.17433340440443967,0.7032400671395758
252.415,0.2,0.17465405188595717,0.2676446421096313
252.42,0.2,0.1755961131693634,0.24783671741813362
252.425,0.2,0.17725022746245817,0.05463324104570222
252.43,0.2,0.17963331145136988,-0.13153864573994303
252.435,0.2,0.18263731631306337,0.10684801123251259
252.44,0.2,0.18604268139481633,0.12387543257935504
252.445,0.2,0.18959604941985966,0.5461468847622692
252.45,0.2,0.19311427831232889,0.5192963570483271
252.455,0.2,0.19655301129973968,0.4056097934617733
252.46,0.2,0.1999881782579295,0.1632335525862637
252.465,0.2,0.20352500466306878,0.09684699514751234
252.47,0.2,0.20720254513890163,-0.14089101678002292
252.475,0.2,0.21094014749763162,0.03920257346166836
252.48,0.2,0.21455067937707192,0.2922803756215141
252.485,0.2,0.2178233233745887,0.3552768681028119
252.49,0.2,0.22062206662092917,0.5289703259147555
252.495,0.2,0.22294025996208863,0.4608431980394459
252.5,0.2,0.22489100579871113,0.17724069816476282
252.505,0.2,0.22662986717476333,-0.04497478678652266
252.51,0.2,0.22824476621308806,-0.12362297548461208
252.515,0.2,0.22968577040526036,-0.07272875216425917
252.52,0.2,0.2307796772085946,0.22360254862895462
252.525,0.2,0.23132313618719344,0.4914965631210211
252.53,0.2,0.23120203278342286,0.4617238389916122
252.535,0.2,0.23046154204264777,0.537178269071133
252.54,0.2,0.22929229258698144,0.24901744587201322
252.545,0.2,0.2279443119575771,-0.1147317553215303
252.55,0.2,0.22660723140710842,0.0570376424619585
252.555,0.2,0.2253388878881799,0.06834952361868585
252.56,0.2,0.22408714633858115,0.12964468817568497
252.565,0.2,0.2227590231637034,0.3953490989066135
252.57,0.2,0.22129658927994195,0.5031180838159434
252.575,0.2,0.21973705815803055,0.3455467744079158
252.58,0.2,0.21821089893970066,0.19926698290561562
252.585,0.2,0.21686644245801737,-0.1191374165398742
252.59,0.2,0.21576787570545025,-0.1855889357435652
252.595,0.2,0.21483426427704191,0.050979759311577104
252.6,0.2,0.21387373318633948,0.30988175761377407
252.605,0.2,0.21269507163263973,0.39371782453988535
252.61,0.2,0.21120918036814185,0.40872638770651737
252.615,0.2,0.20946286884875362,0.47111746282723443
252.62,0.2,0.20761342003728334,0.19357133650273628
252.625,0.2,0.20585742062292645,-0.029147328332073723
252.63,0.2,0.20433154385225624,-0.08550842406677499
252.635,0.2,0.20303770415377173,-0.2008523599212592
252.64,0.2,0.20184359150510423,0.371712409586181
252.645,0.2,0.20057190997558114,0.3609550539089554
252.65,0.2,0.19912155450815822,0.47157865102386926
252.655,0.2,0.19752429320561507,0.2769822170224726
252.66,0.2,0.1959146874162641,0.336411402268634
252.665,0.2,0.1944645957995942,0.09786566577110194
252.67,0.2,0.19331186956604984,-0.14288573077162775
252.675,0.2,0.19248966656997796,-0.0788037017025401
252.68,0.2,0.19190217763577835,0.23604349036214886
252.685,0.2,0.19139247036297322,0.4241556776990821
252.69,0.2,0.19086134324606246,0.5971887536567194
252.695,0.2,0.1903472878257962,0.41518501380807127
252.7,0.2,0.19001164813200963,0.1241008681143271
252.705,0.2,0.19004104416038717,0.07670333612267165
252.71,0.2,0.190539785857948,-0.12375169268586948
252.715,0.2,0.19147604780096453,0.039968636807137886
252.72,0.2,0.19269878695194514,0.19949163828614783
252.725,0.2,0.19401370844392674,0.3508991408790565
252.73,0.2,0.1952803094204984,0.6135312496000044
252.735,0.2,0.19648447695496046,0.4729282956060209
252.74,0.2,0.19774898937166988,0.3683090106926895
252.745,0.2,0.1992650341434667,0.0036589797442406376
252.75,0.2,0.20117722502754218,-0.06830830636076765
252.755,0.2,0.20349277262693016,-0.013152114505289712
252.76,0.2,0.20607239655326534,0.14083492924362873
252.765,0.2,0.20870220174711646,0.3845381938442207
252.77,0.2,0.211200167647023,0.5507874979993936
252.775,0.2,0.21349881236514903,0.37094301520820894
252.78,0.2,0.21564955732780622,0.18598231659509495
252.785,0.2,0.2177491293663604,0.1273453893811886
252.79,0.2,0.21985624592541123,0.06851885071104832
252.795,0.2,0.22194212341483163,-0.2612501559118937
252.8,0.2,0.22387602752229666,0.3920264097267532
252.805,0.2,0.2254771698443717,0.3340369175942087
252.81,0.2,0.22661935172244924,0.40056873522007314
252.815,0.2,0.22729190911572872,0.3800579880102209
252.82,0.2,0.22758932222089204,0.4266580721047852
252.825,0.2,0.22767412754512198,0.2098301449744013
252.83,0.2,0.2277166163048031,-0.09675430117341882
252.835,0.2,0.2278112451318206,0.016845643268016207
252.84,0.2,0.22792995162481405,0.12117583196151194
252.845,0.2,0.2279606681500465,0.3261655857158816
252.85,0.2,0.2278003783425989,0.5504852598450636
252.855,0.2,0.22743910893319608,0.4141504951054032
252.86,0.2,0.22697768476153982,0.18464833242274195
252.865,0.2,0.22655578179999608,-0.11214979530712406
252.87,0.2,0.2262389824345694,-0.12967714328560295
252.875,0.2,0.22595181448426893,-0.009642860948203383
252.88,0.2,0.22550635693350468,0.27197905198547184
252.885,0.2,0.22470473531809151,0.42263834238408976
252.89,0.2,0.2234427303423122,0.36361044356511607
252.895,0.2,0.22174698526506628,0.2987067534566836
252.9,0.2,0.21973749804538495,0.15924669259014132
252.905,0.2,0.21755264094314913,-0.062063815421244284
252.91,0.2,0.2152748922760056,0.0084588847077324
252.915,0.2,0.21289244575981303,-0.04298616143328959
252.92,0.2,0.21031596525126037,0.1947966960485151
252.925,0.2,0.20744772728645644,0.5930630075752958
252.93,0.2,0.20428552845989648,0.6222980753642375
252.935,0.2,0.20099789137794496,0.5253751231914274
252.94,0.2,0.19790262102549055,0.32869351576296957
252.945,0.2,0.1953568326430576,-0.06867268060100873
252.95,0.2,0.19361632649899327,-0.17894818531208836
252.955,0.2,0.19273894558397925,0.04867098010659851
252.96,0.2,0.1925971840152764,0.17588161042962372
252.965,0.2,0.19298934567823042,0.6148189231834589
252.97,0.2,0.19377282600055115,0.481816813662421
252.975,0.2,0.19493757102018935,0.44630010977041623
252.98,0.2,0.19657472156097652,0.02246062728018719
252.985,0.2,0.1987646138057285,-0.13592494531158705
252.99,0.2,0.20146455093296495,-0.05328725402082223
252.995,0.2,0.2044724984142391,-0.11031883814088128
253.0,0.2,0.20747616051311046,0.23628531125373686
253.005,0.2,0.2101579842339063,0.5891621008542657
253.01,0.2,0.21231288522276281,0.25740737016388593
253.015,0.2,0.2138938259908334,0.28640983890418753
253.02,0.2,0.2149551233131467,0.07712004434422548
253.025,0.2,0.2155653492314313,0.01985872557583051
253.03,0.2,0.215747598126535,0.0018370301914658743
253.035,0.2,0.21545639952101,-0.05987093115679791
253.04,0.2,0.21458691570411959,0.07078887278930102
253.045,0.2,0.21301694911913205,0.37570058860020933
253.05,0.2,0.21068104199225737,0.36755050693971025
253.055,0.2,0.20763786439464776,0.5142799683154633
253.06,0.2,0.20408007076136547,0.17729616363299128
253.065,0.2,0.20026604423927644,-0.1517090893922267
253.07,0.2,0.19639374937629048,-0.30917979210342494
253.075,0.2,0.19249907935442784,-0.07458453741003325
253.08,0.2,0.18846759751710715,0.2191447082821016
253.085,0.2,0.1841532630576964,0.4377386359982143
253.09,0.2,0.17951399304413296,0.5752549282076056
253.095,0.2,0.17468221392376604,0.4411265393871104
253.1,0.2,0.16993726073745746,0.13350631151832204
253.105,0.2,0.165594738666618,-0.030022492542690918
253.11,0.2,0.16187945035906176,-0.12023399766044873
253.115,0.2,0.15885256757477098,-0.15973564134772772
253.12,0.2,0.15641962119239114,0.24253517438600145
253.125,0.2,0.15442199485081554,0.5575271916274904
253.13,0.2,0.1527694813594926,0.4302410279328027
253.135,0.2,0.15150961340722469,0.30925140590984135
253.14,0.2,0.15078218120931056,0.10133010687714947
253.145,0.2,0.1507147698403693,-0.08361313767798735
253.15,0.2,0.151328466811684,-0.2060905385201819
253.155,0.2,0.15249471799279146,0.03991929571094319
253.16,0.2,0.1539679051912591,0.05622511439615985
253.165,0.2,0.15547613310644806,0.4224682928213382
253.17,0.2,0.1568298658631505,0.6595523691435297
253.175,0.2,0.1580037984748513,0.3006340185315974
253.18,0.2,0.15912671528688796,0.20078067186923598
253.185,0.2,0.1603755231703281,-0.01766517625275328
253.19,0.2,0.16185996595023544,-0.09810981591015953
253.195,0.2,0.16356528642405196,0.04353765954913587
253.2,0.2,0.1653682105496641,0.15360133376331536
253.205,0.2,0.16710898695835982,0.33593605167866
253.21,0.2,0.1686822896813769,0.6565327430063805
253.215,0.2,0.17010965726529495,0.3685011735552639
253.22,0.2,0.17154329628910236,0.279157797268071
253.225,0.2,0.17318022238873254,-0.09777822005840996
253.23,0.2,0.17514135738961906,-0.12258550073090554
253.235,0.2,0.17739696386632517,0.03970140365790444
253.24,0.2,0.17978719403561588,0.21679058649651814
253.245,0.2,0.1821169555141114,0.3834481428205678
253.25,0.2,0.1842552237218563,0.4452395999564841
253.255,0.2,0.1861893831114412,0.4720199624009704
253.26,0.2,0.18801551768421204,0.07070628761949535
253.265,0.2,0.18986183524073247,0.024872531650809084
253.27,0.2,0.19178586472448658,-0.19587607462215895
253.275,0.2,0.19370946501268496,-0.132456794429183
253.28,0.2,0.1954255408415245,0.14258775683512614
253.285,0.2,0.19668550338531446,0.5442439594746523
253.29,0.2,0.19733108344110348,0.4155474902513256
253.295,0.2,0.19737615091722036,0.4780227759524963
253.3,0.2,0.19698496662601636,0.15905764196901062
253.305,0.2,0.19637565883677197,-0.06779275754507427
253.31,0.2,0.19570767442596848,-2.431009263709205e-05
253.315,0.2,0.19501686339105528,-0.10133925233949613
253.32,0.2,0.19422883180421546,0.27564321909300415
253.325,0.2,0.19323284990494036,0.3163996036260176
253.33,0.2,0.1919793137330137,0.6587026501297489
253.335,0.2,0.19055158334651318,0.40983697151273624
253.34,0.2,0.1891605779421685,0.17986843411053036
253.345,0.2,0.18804944797791115,-0.06692516095279902
253.35,0.2,0.1873678724951442,-0.1651394783395035
253.355,0.2,0.1871013199001203,0.012107636694999525
253.36,0.2,0.18709537328315587,0.18592366732081353
253.365,0.2,0.1871562616950667,0.5197176055238131
253.37,0.2,0.18717402296100602,0.6635452907766918
253.375,0.2,0.18720091650534576,0.3879313409937233
253.38,0.2,0.18742303839908966,0.07116324427124218
253.385,0.2,0.1880373415253148,0.029207667657285497
253.39,0.2,0.18913805789241286,0.05501504452571676
253.395,0.2,0.1906806560063688,-0.1806247288151164
253.4,0.2,0.19249953927237345,0.20367971512261365
253.405,0.2,0.19436489574672203,0.28649381723469713
253.41,0.2,0.19607805639745388,0.48940738999371963
253.415,0.2,0.1975494281470023,0.2861574434995475
253.42,0.2,0.19880121017884364,0.2065482280027061
253.425,0.2,0.19990272897152261,-0.0026477546896561746
253.43,0.2,0.20088506307937273,-0.17839109568236433
253.435,0.2,0.20167720807083933,-0.10398494385272163
253.44,0.2,0.20210561598405558,0.27078945207590727
253.445,0.2,0.20197892636030212,0.3986568348071137
253.45,0.2,0.20120148201837704,0.419661812983364
253.455,0.2,0.19982756744402108,0.3897160998291853
253.46,0.2,0.1980266854324024,-0.05478396015935569
253.465,0.2,0.19598851134763454,0.1085604034371451
253.47,0.2,0.19383527065213732,-0.06364548686851162
253.475,0.2,0.19159021120629363,-0.09273777945933696
253.48,0.2,0.1891883061163701,0.11239922790627055
253.485,0.2,0.18652627247162465,0.4279449609514641
253.49,0.2,0.18355645795488412,0.4939002476012979
253.495,0.2,0.18036511208067826,0.4275599736764638
253.5,0.2,0.1771633619027284,0.05849492662826364
253.505,0.2,0.1741933024032789,0.07970538118249666
253.51,0.2,0.1716188550497224,-0.23714795580403994
253.515,0.2,0.16947080355176736,0.24136085888153383
253.52,0.2,0.16767466038133297,0.10459395904118567
253.525,0.2,0.16612936414851923,0.31457398944153014
253.53,0.2,0.16477357992856317,0.3614469479660576
253.535,0.2,0.1636204727825559,0.4223611026885949
253.54,0.2,0.16276258693511098,0.21369588761392605
253.545,0.2,0.16233222186985927,0.12575295077156526
253.55,0.2,0.16242353164242443,-0.25083300734650027
253.555,0.2,0.16301867828511896,0.1090263952745841
253.56,0.2,0.163981503000479,0.1770254862117223
253.565,0.2,0.16514031476400645,0.5379156137773953
253.57,0.2,0.16639366840874567,0.3366363080595419
253.575,0.2,0.16775430956879564,0.34170842401150003
253.58,0.2,0.16931576251000066,0.254862644804595
253.585,0.2,0.1711816543808068,-0.10533863136280733
253.59,0.2,0.17338116338458828,-0.23869717008695232
253.595,0.2,0.17580268011168732,0.05071649043836078
253.6,0.2,0.17821308169077354,0.1811211747914954
253.605,0.2,0.18035921676452604,0.3053816560945112
253.61,0.2,0.18207262602585786,0.5796007408314987
253.615,0.2,0.18332991993848785,0.3415022987144394
253.62,0.2,0.18424672259599675,0.24981396107844983
253.625,0.2,0.1849958379784571,-0.12579857558851507
253.63,0.2,0.1856968387435767,0.016946181481551956
253.635,0.2,0.1863485863431581,-0.18193212618841992
253.64,0.2,0.18683277179569116,0.15819225995080555
253.645,0.2,0.1869817932964642,0.4243058833018027
253.65,0.2,0.1866894632317426,0.5541018294003961
253.655,0.2,0.18599649971616775,0.3400903069209046
253.66,0.2,0.1850796527930686,0.22303961992711246
253.665,0.2,0.18415992509495394,0.01657297992485781
253.67,0.2,0.18340322976614049,0.01256198743784774
253.675,0.2,0.1828620278750222,-0.1392198746184769
253.68,0.2,0.1824679978859213,0.13062514757256227
253.685,0.2,0.18208312254053402,0.40518571425266614
253.69,0.2,0.18160050594518215,0.48350013065576164
253.695,0.2,0.18103116955764023,0.4549835396644071
253.7,0.2,0.18050440484227387,0.006563491101863245
253.705,0.2,0.18017808480204398,0.05944743386796468
253.71,0.2,0.18013452867748075,-0.0778000015757432
253.715,0.2,0.1803359442713754,-0.024183658077090095
253.72,0.2,0.1806445505254703,0.1559344808813974
253.725,0.2,0.18088647097852847,0.3216577547798134
253.73,0.2,0.18093412329007585,0.3744066498655353
253.735,0.2,0.18076244645490472,0.3811749785700033
253.74,0.2,0.18045530641198182,0.395969896405435
253.745,0.2,0.18016611142010602,-0.030528421577361284
253.75,0.2,0.1800377397637792,0.012791273009436263
253.755,0.2,0.18012094947592927,-0.05756150754297475
253.76,0.2,0.18035642552854822,0.2464192737995955
253.765,0.2,0.18063254226137465,0.2858708259910714
253.77,0.2,0.18087408108743502,0.6003155338742422
253.775,0.2,0.18110930700014888,0.3389772279764037
253.78,0.2,0.1814684645858227,0.16503712642379603
253.785,0.2,0.18209973332453702,-0.15108193749474116
253.79,0.2,0.18305243055744144,-0.27116122263023545
253.795,0.2,0.18420749013942744,-0.03090944202982332
253.8,0.2,0.18531117651047752,0.2511058794538804
253.805,0.2,0.1861007690499412,0.5255974593001169
253.81,0.2,0.18644259362652285,0.6040084463547098
253.815,0.2,0.186400662388765,0.48008169082337365
253.82,0.2,0.18620965223118835,0.4295652041347242
253.825,0.2,0.18617690387949437,-0.06116777352665578
253.83,0.2,0.18655255812657506,-0.07282131152164842
253.835,0.2,0.18742976410045503,0.06094256913138796
253.84,0.2,0.18874155588329122,0.1487200155694795
253.845,0.2,0.19034059139030793,0.3478609909208312
253.85,0.2,0.19209914642688591,0.6259215092839457
253.855,0.2,0.19398978105399106,0.4301051547585135
253.86,0.2,0.19609801811164324,0.15447910058817418
253.865,0.2,0.19853802067091175,-0.09425006675391123
253.87,0.2,0.20132740658568984,-0.27944250525568837
253.875,0.2,0.2043116055523963,-0.04239348636488505
253.88,0.2,0.2071889142654333,0.11054345095601394
253.885,0.2,0.2096145690707089,0.20210288187244985
253.89,0.2,0.21130999053497407,0.3967271590099567
253.895,0.2,0.21213182132144917,0.40941141995586583
253.9,0.2,0.21208513158947342,0.05006973827747159
253.905,0.2,0.2112615884935254,-0.04384651350898451
253.91,0.2,0.2097333047666645,-0.23779888129179078
253.915,0.2,0.20747999576293238,-0.06692307747987368
253.92,0.2,0.20439383501798222,0.04776411428065648
253.925,0.2,0.2003544177258225,0.4072464768487863
253.93,0.2,0.19533458858154198,0.4906061134668722
253.935,0.2,0.18947477443110292,0.37452366724549885
253.94,0.2,0.1830674482777181,0.08519787009424958
253.945,0.2,0.17645281343415853,-0.08384586317390075
253.95,0.2,0.1698963342537665,-0.14619777815119417
253.955,0.2,0.1635219990447246,-0.0899327982993241
253.96,0.2,0.15732784030697944,0.19665433247951528
253.965,0.2,0.15126651451938983,0.2936631266113647
253.97,0.2,0.1453362520474747,0.2830285791519905
253.975,0.2,0.1396236153149857,0.33542304105049303
253.98,0.2,0.1342856877537783,0.04073173896865065
253.985,0.2,0.1294923906352929,0.09976159066455698
253.99,0.2,0.12535947146657486,-0.1610881711370929
253.995,0.2,0.12190059396965129,-0.1240767434403203
254.0,0.2,0.11901652368596581,0.045475274250971726
254.005,0.2,0.11654428674815127,0.3762449123069792
254.01,0.2,0.11435731199838645,0.39100268679329303
254.015,0.2,0.11244741524486784,0.42219082542276815
254.02,0.2,0.11092163707580423,-0.0862855944923411
254.025,0.2,0.10990872631691623,-0.08578814383764327
254.03,0.2,0.10944599182964443,-0.18465113378633605
254.035,0.2,0.10943342847821123,-0.03682166400397768
254.04,0.2,0.10967516955693042,0.22135616254916765
254.045,0.2,0.10996485869324621,0.055318260370002315
254.05,0.2,0.11015743476653088,0.4500903559645627
254.055,0.2,0.11020723604067488,0.2447761735599506
254.06,0.2,0.11017098497053236,0.1413674364495327
254.065,0.2,0.11015302404007654,-0.1788430519830117
254.07,0.2,0.11021173321695112,-0.11174617661158703
254.075,0.2,0.11029494966301448,-0.2615277967868918
254.08,0.2,0.11023692779127636,-0.07157407970849436
254.085,0.2,0.10980692092153688,0.06807015030527583
254.09,0.2,0.1087928237496715,0.29840461758703096
254.095,0.2,0.10708223598307649,0.12199422195363785
254.1,0.2,0.1046837621972246,0.019470566359785932
254.105,0.2,0.10167392704227657,-0.1591209653080439
254.11,0.2,0.09811764037373152,-0.2092258513970594
254.115,0.2,0.09402114346769942,-0.040590304281206885
254.12,0.2,0.08934415983129422,-0.028946595185370932
254.125,0.2,0.08405436937689963,0.23014393506405506
254.13,0.2,0.07819582511775426,0.47058345443437377
254.135,0.2,0.07194792667246391,0.30668415862866943
254.14,0.2,0.06562650687737795,0.14247251919271062
254.145,0.2,0.05959854910468486,-0.15891897909237673
254.15,0.2,0.0541592795157909,-0.19542303732134028
254.155,0.2,0.04944846973204989,-0.19964161583763967
254.16,0.2,0.045444321979888784,-0.06947057850726518
254.165,0.2,0.04202423254210876,0.1517484633660821
254.17,0.2,0.03905896610690528,0.3024765692002004
254.175,0.2,0.03649836499267428,0.3251827610375394
254.18,0.2,0.034400025325060445,0.04166468563017882
254.185,0.2,0.032876732841226844,-0.10326758416466927
254.19,0.2,0.03199624606362822,-0.32292365581832444
254.195,0.2,0.03170001369849674,-0.26371744932783
254.2,0.2,0.03179398319674531,0.04316203703984108
254.205,0.2,0.032023262904414256,0.10754657259601354
254.21,0.2,0.03217883224454465,0.2584498524856456
254.215,0.2,0.03216198877821548,0.08898682560796096
254.22,0.2,0.03197716604764146,0.008530799625241016
254.225,0.2,0.03167383626902548,-0.1037248547556376
254.23,0.2,0.03127246929823776,-0.4608435220052469
254.235,0.2,0.030702384227512713,-0.1581763486946513
254.24,0.2,0.029801882264218545,0.12605560725871628
254.245,0.2,0.028411619123030866,0.28774306518191184
254.25,0.2,0.02649238304206665,0.4017321424583566
254.255,0.2,0.024173468260212484,0.13616514907259705
254.26,0.2,0.021709729094662948,0.15858319576451166
254.265,0.2,0.019383208199156413,-0.29532209072146187
254.27,0.2,0.0173929239588375,-0.3169919786396601
254.275,0.2,0.015776435352480366,-0.2713605603499741
254.28,0.2,0.014415198516786899,0.04463732150543127
254.285,0.2,0.013126967081230604,0.11670073420243729
254.29,0.2,0.011777566801608555,0.2809951655399719
254.295,0.2,0.010343368796859698,0.08429021412730087
254.3,0.2,0.008895118405926184,-0.1373265629208254
254.305,0.2,0.007516425634242589,-0.27056353462981747
254.31,0.2,0.0062164285362301735,-0.27315279717724683
254.315,0.2,0.0048968848632544104,-0.21915264461446765
254.32,0.2,0.003384437312838993,-0.020903756382535697
254.325,0.2,0.0015029473168849453,0.07794519570989142
254.33,0.2,-0.0008418466746852191,0.47105951483780695
254.335,0.2,-0.003600607685020847,-0.03169351886703842
254.34,0.2,-0.006598962222784334,-0.06299359179978492
254.345,0.2,-0.009635246837994455,-0.11782253414261154
254.35,0.2,-0.012574482784912388,-0.44524692255132914
254.355,0.2,-0.015401052234379884,-0.32625412887144223
254.36,0.2,-0.01822446813806213,-0.04398118431319088
254.365,0.2,-0.021206609281834224,0.18477175311523222
254.37,0.2,-0.024441885954487114,0.27467983649549366
254.375,0.2,-0.02788248055737809,0.10407274943678016
254.38,0.2,-0.03136036819181948,-0.12769892954631729
254.385,0.2,-0.034678890452081106,-0.11547209731091265
254.39,0.2,-0.03770427513721198,-0.4062648846868819
254.395,0.2,-0.04041576765573684,-0.19889358650792427
254.4,0.2,-0.04289522122660112,0.09144099130835515
254.405,0.2,-0.04524910345969299,0.07460251851769163
254.41,0.2,-0.047516721078201006,0.30579962700374497
254.415,0.2,-0.04963278367939023,-0.0602975597517561
254.42,0.2,-0.051462151020479914,-0.050257023774810256
254.425,0.2,-0.05288262504188514,-0.37516746989195426
254.43,0.2,-0.05386824158013607,-0.37494555405720176
254.435,0.2,-0.054527987096020976,-0.23114061625482057
254.44,0.2,-0.05506956783290022,0.030020877017420206
254.445,0.2,-0.05569388046708391,0.34855312120482146
254.45,0.2,-0.056488346352444804,-0.028536874662866057
254.455,0.2,-0.0574025440214007,0.14729853308735538
254.46,0.2,-0.05830254814001845,-0.02091404633116986
254.465,0.2,-0.05904299881884413,-0.351769672245563
254.47,0.2,-0.05954273725912624,-0.31283049177243216
254.475,0.2,-0.05984384756156545,-0.34810407147039135
254.48,0.2,-0.060106102770505196,-0.14347229771365733
254.485,0.2,-0.06053293395008895,0.19816687159376778
254.49,0.2,-0.06125901090325574,0.3626423708550424
254.495,0.2,-0.0622621495945464,0.0669324629061297
254.5,0.2,-0.06337734223157328,-0.1044016258327412
254.505,0.2,-0.06440516962767062,-0.27664883991200395
254.51,0.2,-0.06523036817793328,-0.5453954115150148
254.515,0.2,-0.06588967960481383,-0.25853098678219033
254.52,0.2,-0.06655843067067044,-0.18890293486836293
254.525,0.2,-0.06746283395975333,-0.006730578810082266
254.53,0.2,-0.06877141807548293,0.3508015086082381
254.535,0.2,-0.07050891456735431,0.16873817760891308
254.54,0.2,-0.07253730727628437,-0.07498666772894247
254.545,0.2,-0.07463636226584718,-0.2602266771678527
254.55,0.2,-0.07662815587601994,-0.37870347856732006
254.555,0.2,-0.07845458731442322,-0.20909520932374648
254.56,0.2,-0.08017042757477838,-0.1291468402104074
254.565,0.2,-0.08187182744341166,0.14973336725614828
254.57,0.2,-0.08361309816426499,-0.011475493835047257
254.575,0.2,-0.08536797295388729,0.01130528263110292
254.58,0.2,-0.08705702901207,-0.2934523385990187
254.585,0.2,-0.08862203768467154,-0.4971682994215194
254.59,0.2,-0.09010413754849794,-0.3876818025439609
254.595,0.2,-0.09166862875101872,-0.3612902830137643
254.6,0.2,-0.09355727886579832,-0.20622397568685896
254.605,0.2,-0.09600138165385598,0.1251170322205448
254.61,0.2,-0.09912832865992784,0.09918902298076128
254.615,0.2,-0.10290056895913882,0.15755118911550442
254.62,0.2,-0.10712517260383449,-0.07091424996750874
254.625,0.2,-0.11153672862927257,-0.4915893494988375
254.63,0.2,-0.11592495373331613,-0.5138319633982841
254.635,0.2,-0.12023123258734211,-0.35736613334763667
254.64,0.2,-0.12453821395451255,-0.16820155087637628
254.645,0.2,-0.12897959745344934,-0.23105025047988853
254.65,0.2,-0.13365498938575734,0.07388709761168094
254.655,0.2,-0.13857519638135388,0.09670060167389485
254.66,0.2,-0.14363809921456988,-0.1940264588164276
254.665,0.2,-0.14867270024160964,-0.42094408244604475
254.67,0.2,-0.15354606513760466,-0.5632261594361683
254.675,0.2,-0.1582534661323644,-0.5499204831274261
254.68,0.2,-0.16292727802811302,-0.24290644327455488
254.685,0.2,-0.16775946677827042,-0.09424312704791002
254.69,0.2,-0.17289041177869927,-0.04196629533138349
254.695,0.2,-0.17833807179222683,-0.009105221706825886
254.7,0.2,-0.18399512440963964,-0.1472766254272201
254.705,0.2,-0.18967961897255622,-0.33907231698495766
254.71,0.2,-0.19522011753555052,-0.5663390939357491
254.715,0.2,-0.20053948691225923,-0.4784733173468051
254.72,0.2,-0.20567929468595011,-0.22870875254112188
254.725,0.2,-0.21073952506641463,-0.12868356976640474
254.73,0.2,-0.21578135668162574,0.06140086627877167
254.735,0.2,-0.22075221018244515,0.22859353964676077
254.74,0.2,-0.2254568904852828,-0.03206216885096197
254.745,0.2,-0.22960455931098703,-0.42096233363476043
254.75,0.2,-0.23293370448913786,-0.4513233012592164
254.755,0.2,-0.2353232466137198,-0.2990543352084297
254.76,0.2,-0.2368038494022998,-0.33851542123069006
254.765,0.2,-0.23750052012128972,-0.24401008345572855
254.77,0.2,-0.23756897098615218,-0.020035243993519733
254.775,0.2,-0.2371311204856064,0.08789905884049139
254.78,0.2,-0.23621684216884728,0.08279094612719276
254.785,0.2,-0.2347624690941958,-0.42256328606273186
254.79,0.2,-0.23269671909148001,-0.4772021946240404
254.795,0.2,-0.23005393485165232,-0.5228987254470652
254.8,0.2,-0.22700831537400146,-0.10608088566337895
254.805,0.2,-0.22379026563109458,0.18073983081941214
254.81,0.2,-0.22054842495728333,0.1955805602066909
254.815,0.2,-0.21726993435143688,-0.023260321152950337
254.82,0.2,-0.2138230315488454,-0.33405479306402003
254.825,0.2,-0.21007970237660792,-0.3963153678015418
254.83,0.2,-0.20601739328297736,-0.3182005610247497
254.835,0.2,-0.20174365837989666,-0.5301800870322806
254.84,0.2,-0.1974705722505141,-0.27812937094737794
254.845,0.2,-0.19345993335582562,-0.010974828155284708
254.85,0.2,-0.18993267044905704,-0.004369112976112477
254.855,0.2,-0.18699141177457687,-0.03417159360328434
254.86,0.2,-0.18461544131331536,-0.15033719046866548
254.865,0.2,-0.18272025801639616,-0.4364359407780374
254.87,0.2,-0.18124592286203578,-0.5363933797634982
254.875,0.2,-0.1802286558559876,-0.4391685026310463
254.88,0.2,-0.17979467912540506,0.01885694535637536
254.885,0.2,-0.18006091234266988,0.09609877741012297
254.89,0.2,-0.18101636130760904,0.22504349707471152
254.895,0.2,-0.18247688053958022,-0.020001119636688734
254.9,0.2,-0.18414689983737992,-0.4549793213117092
254.905,0.2,-0.1857502521655476,-0.2880124211263221
254.91,0.2,-0.18713328225486853,-0.4392969299200073
254.915,0.2,-0.18827599921411028,-0.17712381143313408
254.92,0.2,-0.1892385075797343,-0.1948013199980092
254.925,0.2,-0.19009391216541296,-0.07062005321452514
254.93,0.2,-0.19087300524614875,0.13269362626082842
254.935,0.2,-0.19152746709871957,-0.040134309893780674
254.94,0.2,-0.19193720598074138,-0.3081489687064814
254.945,0.2,-0.191985361950193,-0.45895917160238214
254.95,0.2,-0.19165410257434534,-0.5284755064606519
254.955,0.2,-0.1910693494211096,-0.46356788056971016
254.96,0.2,-0.1904686075740133,-0.14505785670973528
254.965,0.2,-0.1901044857550638,0.024652859795543075
254.97,0.2,-0.19013088530081637,0.14626350174452166
254.975,0.2,-0.19053854415678936,0.012702925817843802
254.98,0.2,-0.19117659633536377,-0.19252564188562377
254.985,0.2,-0.19184593896090052,-0.4415635690536343
254.99,0.2,-0.19241167418618765,-0.48484113526756445
254.995,0.2,-0.19286957048206008,-0.3857439508695111
255.0,0.2,-0.19333064767785818,-0.20879860724753757
255.005,0.2,-0.1939412978034809,-0.014349046929884791
255.01,0.2,-0.19479045505973838,0.03149129164191264
255.015,0.2,-0.1958551401096693,-0.02053532737125218
255.02,0.2,-0.19701138710750224,-0.20777631640179872
255.025,0.2,-0.1980976617219216,-0.2486676413641833
255.03,0.2,-0.1989927666242152,-0.551889999101295
255.035,0.2,-0.19967568645522013,-0.3580150507415242
255.04,0.2,-0.2002298849227053,-0.09588727413323593
255.045,0.2,-0.20077600836329218,-0.17703061917215193
255.05,0.2,-0.2013887543086097,0.10486345432971778
255.055,0.2,-0.2020514105987879,-0.009115244821069741
255.06,0.2,-0.20265424262521456,-0.13271264032111063
255.065,0.2,-0.20304596739274777,-0.4116159220789238
255.07,0.2,-0.2031285983144355,-0.6071934433557055
255.075,0.2,-0.20294123306282258,-0.520533671017729
255.08,0.2,-0.20267168943215916,-0.3166985152240641
255.085,0.2,-0.2025774213452888,-0.02936248655146618
255.09,0.2,-0.20285952830310072,0.15138057951037126
255.095,0.2,-0.2035628185908577,0.092655450161546
255.1,0.2,-0.20456248456039944,-0.20714705278382445
255.105,0.2,-0.2056500494762138,-0.417807508614856
255.11,0.2,-0.2066629486499606,-0.5733745031055562
255.115,0.2,-0.2075769540300335,-0.5425385030929881
255.12,0.2,-0.20850650504965654,-0.032471561370620156
255.125,0.2,-0.20960285088750108,0.08310590889964395
255.13,0.2,-0.21092026860994822,0.10427937063115013
255.135,0.2,-0.2123579895145537,-0.029049264281281732
255.14,0.2,-0.2137088482696477,-0.32335213277925606
255.145,0.2,-0.21476292744099215,-0.28550051854609126
255.15,0.2,-0.21539702086533874,-0.49924091541909654
255.155,0.2,-0.21561975079985,-0.589533978142968
255.16,0.2,-0.21557375558907202,-0.21396060128796188
255.165,0.2,-0.2154702927057312,0.06148124582548024
255.17,0.2,-0.21546668289062976,0.04070432600185668
255.175,0.2,-0.21557791300497664,0.11860448546792092
255.18,0.2,-0.2156835784053825,-0.2941072853579539
255.185,0.2,-0.21561725135091003,-0.4531149758362821
255.19,0.2,-0.2152832003405707,-0.48132783991261885
255.195,0.2,-0.21472224568428563,-0.44093698399787284
255.2,0.2,-0.21409136249012356,-0.2238872698867801
255.205,0.2,-0.2135822861367605,-0.009011487328011228
255.21,0.2,-0.2133211170833694,0.11356010191326105
255.215,0.2,-0.21329696257088918,0.09773469711638716
255.22,0.2,-0.2133663779273355,-0.3514281384091763
255.225,0.2,-0.2133479942815951,-0.4903371368723953
255.23,0.2,-0.21315033484370668,-0.5819840919438656
255.235,0.2,-0.21283866828033224,-0.4410457887008526
255.24,0.2,-0.21260301969545617,-0.21931240397595525
255.245,0.2,-0.21265650845530293,0.05168411647751803
255.25,0.2,-0.21312680202214992,-0.12556549446464788
255.255,0.2,-0.21401327751961646,-0.15441883014049473
255.26,0.2,-0.21521975137994467,-0.061794135958572693
255.265,0.2,-0.21661060309237526,-0.4860220911018073
255.27,0.2,-0.21807749586137926,-0.5487655885183365
255.275,0.2,-0.2196078267066976,-0.39667306010059367
255.28,0.2,-0.22128715212688252,-0.1487753341624804
255.285,0.2,-0.2232148166371396,0.02220365043305421
255.29,0.2,-0.22540471056062067,0.033932278937629304
255.295,0.2,-0.2277391700308736,0.08562587967172396
255.3,0.2,-0.22998821203724631,-0.14862671918036308
255.305,0.2,-0.2318816923297656,-0.37418492332415965
255.31,0.2,-0.2332186299644678,-0.7309455337676087
255.315,0.2,-0.2339642927374527,-0.383577802219684
255.32,0.2,-0.23425258906883578,-0.15805990150432037
255.325,0.2,-0.23427939326116848,-0.06512692808927775
255.33,0.2,-0.23418032211569756,0.07881306068591981
255.335,0.2,-0.2339682177076326,0.09821513060077215
255.34,0.2,-0.2335346450161975,-0.15889813511912543
255.345,0.2,-0.23271000981440707,-0.24395708963185858
255.35,0.2,-0.23135939002853495,-0.5269446223042443
255.355,0.2,-0.2294667904706026,-0.5131640945740228
255.36,0.2,-0.22716064296580346,-0.17338086358289653
255.365,0.2,-0.22464667740566766,0.06567867906752053
255.37,0.2,-0.22208107552799575,0.1894374844687905
255.375,0.2,-0.21948035455408849,0.0354445478796732
255.38,0.2,-0.21672941679571114,-0.12218817374322849
255.385,0.2,-0.2136685439146164,-0.3458790383143227
255.39,0.2,-0.2102006982070779,-0.5080511528630783
255.395,0.2,-0.2063663558293255,-0.44544811415727575
255.4,0.2,-0.2023524030192826,-0.36999459393283957
255.405,0.2,-0.1984315746880001,-0.09546848764712475
255.41,0.2,-0.19485462109124124,0.2634436292112071
255.415,0.2,-0.1917419952138838,-0.029575338058015294
255.42,0.2,-0.18905858273226572,-0.28667958039808417
255.425,0.2,-0.1867029237379427,-0.3794157129124316
255.43,0.2,-0.18462246986164402,-0.4595925525980467
255.435,0.2,-0.18286195480559705,-0.2631742620808184
255.44,0.2,-0.1815315000188743,-0.11293099609866686
255.445,0.2,-0.1807338534409129,-0.17028133101836523
255.45,0.2,-0.18050301900070345,0.16229421192438176
255.455,0.2,-0.18077414294882668,-0.124272188858672
255.46,0.2,-0.1813971088768782,-0.2578108096457556
255.465,0.2,-0.1822023444088353,-0.2495435935192152
255.47,0.2,-0.18307244604652353,-0.4562764317293959
255.475,0.2,-0.1839788283960604,-0.38009471255638
255.48,0.2,-0.1849766880038653,-0.10496272565888873
255.485,0.2,-0.1861493104598871,-0.11852290436732646
255.49,0.2,-0.18752917758129684,0.17375763027737645
255.495,0.2,-0.18904858854785936,-0.10336265554210265
255.5,0.2,-0.19055328497536617,-0.24321755670586626
255.505,0.2,-0.19188130886857693,-0.4667821239217526
255.51,0.2,-0.19295880780526709,-0.5412474313972776
255.515,0.2,-0.1938507197269181,-0.43946671787921027
255.52,0.2,-0.19473421470270127,-0.11573620714509926
255.525,0.2,-0.19579969421005325,0.0779651130597922
255.53,0.2,-0.19713409837801477,0.16235083022573937
255.535,0.2,-0.1986505619180418,0.36446735457000357
255.54,0.2,-0.20009076487588498,-0.13820385470683566
255.545,0.2,-0.20111380967778175,-0.333656452233784
255.55,0.2,-0.20143803724606973,-0.28073463118440606
255.555,0.2,-0.20093597262534083,-0.43438376283891766
255.56,0.2,-0.19964459583610125,-0.36542662822932603
255.565,0.2,-0.19771728134393135,0.1696037978204253
255.57,0.2,-0.19532157263818323,0.06473476435412695
255.575,0.2,-0.1925400962926766,-0.022376339233299167
255.58,0.2,-0.1893646351005397,-0.17909892582590067
255.585,0.2,-0.185769577422901,-0.3500828201624356
255.59,0.2,-0.18179150697189322,-0.4170925145088147
255.595,0.2,-0.17757482453609436,-0.4573278402201788
255.6,0.2,-0.17336970865894902,-0.32479391317280537
255.605,0.2,-0.16947376579934803,0.09629379554720345
255.61,0.2,-0.16612952194420388,-0.019390492665359443
255.615,0.2,-0.16343936570867706,0.15520369658789404
255.62,0.2,-0.16135488773187787,-0.1461717211224287
255.625,0.2,-0.15974411049832504,-0.4891161879212663
255.63,0.2,-0.1585027422456549,-0.3696244240132468
255.635,0.2,-0.15763274137926636,-0.42804338091162975
255.64,0.2,-0.15723215900495882,-0.14203719448262564
255.645,0.2,-0.15741924788769227,0.0074821833551004125
255.65,0.2,-0.15823806442347108,0.21576749399091846
255.655,0.2,-0.1595898219111474,0.1353309640835968
255.66,0.2,-0.16123753308526506,-0.23359718230433885
255.665,0.2,-0.16289784683586367,-0.3141973801332726
255.67,0.2,-0.16436474554493025,-0.5646548069822512
255.675,0.2,-0.16559055576799012,-0.4972255035832424
255.68,0.2,-0.16668754050295514,-0.19224103024249076
255.685,0.2,-0.16784036513050576,0.12353680450457968
255.69,0.2,-0.169171633492901,0.11808580352900779
255.695,0.2,-0.1706559845362253,0.05635323034157834
255.7,0.2,-0.17213822958873198,-0.22574739061551435
255.705,0.2,-0.17342706807128197,-0.3207619564532828
255.71,0.2,-0.17440157698328176,-0.5894554176334997
255.715,0.2,-0.17507750690845694,-0.32147752593445733
255.72,0.2,-0.1755966448473884,-0.22196680477612463
255.725,0.2,-0.17613995622178133,0.09864191535742081
255.73,0.2,-0.17682162236511417,-0.005859944065969971
255.735,0.2,-0.17763262353252326,0.06593973311255999
255.74,0.2,-0.17845817315334664,-0.2317579561571504
255.745,0.2,-0.1791525315914814,-0.40637324202232017
255.75,0.2,-0.1796301420484696,-0.36311039638833764
255.755,0.2,-0.1799118838967819,-0.2749020137373409
255.76,0.2,-0.18010361904330305,-0.351616882881477
255.765,0.2,-0.18034429797364385,-0.028796365420349253
255.77,0.2,-0.1807426667580449,0.10816980104932414
255.775,0.2,-0.18131712923842871,-0.17898338773014397
255.78,0.2,-0.18199398348738724,-0.1271470571908952
255.785,0.2,-0.18266994398776892,-0.373170922380307
255.79,0.2,-0.18328311453522614,-0.4370017485182983
255.795,0.2,-0.18386099513379067,-0.47436544652938756
255.8,0.2,-0.18452378268690556,-0.13732325881078244
255.805,0.2,-0.18542257936104503,-0.06371310158139874
255.81,0.2,-0.18664376981960562,0.17290245202933552
255.815,0.2,-0.18814310119170363,0.0025967653386047007
255.82,0.2,-0.1897539766543841,-0.22496780857122564
255.825,0.2,-0.19127641707727286,-0.5480306644134829
255.83,0.2,-0.1925964869897819,-0.4949694051871614
255.835,0.2,-0.1937511514825063,-0.4262325307774985
255.84,0.2,-0.19489689929161477,-0.1772262298535562
255.845,0.2,-0.19621453132424152,-0.05798164717798247
255.85,0.2,-0.19781055242161286,0.09723938879094755
255.855,0.2,-0.199658912715888,0.045961956173955924
255.86,0.2,-0.2016073720717353,-0.21842159943556982
255.865,0.2,-0.203456793467836,-0.5098559051840732
255.87,0.2,-0.2050806216134152,-0.6173473144648385
255.875,0.2,-0.20650718574545074,-0.4539821707827706
255.88,0.2,-0.2079037367860232,-0.22470415200609817
255.885,0.2,-0.20947833965638094,-0.12141086754064304
255.89,0.2,-0.21136970154625742,0.12781228049446755
255.895,0.2,-0.21357752384445722,0.010551010310892827
255.9,0.2,-0.21595440426881832,-0.013149736711140003
255.905,0.2,-0.21826712807926787,-0.4637255604665113
255.91,0.2,-0.2203081899147751,-0.4795436669694288
255.915,0.2,-0.2219870382047541,-0.2321638687147478
255.92,0.2,-0.22332523274801233,-0.15548605737502794
255.925,0.2,-0.22437307957158795,0.045378435858746
255.93,0.2,-0.22512319739172104,0.21597536110648013
255.935,0.2,-0.22545860934310671,0.13593225468442072
255.94,0.2,-0.22516198321645597,-0.21967358670649445
255.945,0.2,-0.22400843541890042,-0.47385774067904507
255.95,0.2,-0.2218905449406481,-0.3941741228066965
255.955,0.2,-0.21887672741670464,-0.323040075636439
255.96,0.2,-0.2151728556548633,-0.25203446248562866
255.965,0.2,-0.21103069075403955,0.22430033696815127
255.97,0.2,-0.20663565065321865,0.2783686463497058
255.975,0.2,-0.2020265110053011,-0.11715168595783296
255.98,0.2,-0.1971285108929384,-0.26714756469137235
255.985,0.2,-0.19188014937683504,-0.5148179286080559
255.99,0.2,-0.18634291005795928,-0.45225724495047087
255.995,0.2,-0.18072772880911758,-0.36211504347584267
256.0,0.2,-0.17533930326747513,-0.11631663034058151
256.005,0.2,-0.17047526485072906,-0.030930667649073658
256.01,0.2,-0.16633179432746906,0.1550352266576349
256.015,0.2,-0.1629545439644504,-0.030680568111061776
256.019999999,0.2,-0.16025267404332,-0.04865004128296649
256.024999999,0.2,-0.158068057221025,-0.3710538831559921
256.029999999,0.2,-0.15626422150960087,-0.30329179900433306
256.035,0.2,-0.15479101148185626,-0.46813979141468426
256.04,0.2,-0.1536965562988691,-0.17661924171719004
256.045,0.2,-0.15307516745202773,0.12821451333442593
256.05,0.2,-0.15297014291379601,0.06024099713216546
256.055,0.2,-0.15330294085725166,0.10216748490418126
256.06,0.2,-0.153884477654389,-0.16711744306427584
256.065,0.2,-0.15449608980051577,-0.45179701097413044
256.07,0.2,-0.15499363321142517,-0.37282368143206635
256.075,0.2,-0.1553722786905474,-0.5031477752310906
256.079999999,0.2,-0.15576017820000762,-0.3141260941535039
256.084999999,0.2,-0.15635600776805839,-0.029759587932389725
256.089999999,0.2,-0.15732566185073588,0.21244346689902285
256.095,0.2,-0.15870320116606176,-0.01781184489460761
256.1,0.2,-0.16037370994947384,-0.10028925146465419
256.105,0.2,-0.16214984114018227,-0.3460864883895612
256.11,0.2,-0.16388069568026936,-0.558323175186212
256.115,0.2,-0.1655344979239903,-0.41666962277061415
256.12,0.2,-0.16720930868056313,-0.21330757781188078
256.125,0.2,-0.1690548650801097,0.08345385351028226
256.13,0.2,-0.17116121078041963,-0.05411997233811219
256.135,0.2,-0.17350377228222283,-0.12347177759075709
256.14,0.2,-0.17597717162822044,-0.30232015445576244
256.144999999,0.2,-0.17847147059391066,-0.3393239255465542
256.149999999,0.2,-0.1809309683079179,-0.352679797822126
256.154999999,0.2,-0.18337487769142843,-0.45425557476261913
256.16,0.2,-0.18588724432885775,-0.2015493419274893
256.165,0.2,-0.18856965452056243,0.0698977284094183
256.17,0.2,-0.19146227454642417,-0.07072426226560449
256.175,0.2,-0.19450039820640752,-0.1749351919458072
256.18,0.2,-0.19755187138181632,-0.26989249990169284
256.185,0.2,-0.20048963894093694,-0.34575263087144115
256.19,0.2,-0.20324779919729283,-0.5188223463492546
256.195,0.2,-0.20585185297953418,-0.3775625182361879
256.2,0.2,-0.20840784848670652,-0.20053978587408625
256.204999999,0.2,-0.21103567792506692,0.028822233031052018
256.209999999,0.2,-0.21377630481429535,0.1683410100447369
256.214999999,0.2,-0.2165291448930673,0.08348864963481016
256.22,0.2,-0.21905941145232788,-0.054749911854469424
256.225,0.2,-0.22108323245389638,-0.5536781108977882
256.23,0.2,-0.22239210996788109,-0.2987351361476791
256.235,0.2,-0.22293822121795762,-0.6396120534441317
256.24,0.2,-0.22283574962383665,-0.16655713657345386
256.245,0.2,-0.22228780587176802,-0.01661188072073107
256.25,0.2,-0.22147162705948667,0.06695163799833587
256.255,0.2,-0.22044917106996134,0.1341370360817281
256.26,0.2,-0.2191537411403491,-0.09811068512621039
256.265,0.2,-0.21744981374755845,-0.3561408378053276
256.269999999,0.2,-0.21524103173015724,-0.5862420049159085
256.274999999,0.2,-0.2125746811982981,-0.6610054942277848
256.279999999,0.2,-0.20967214538582274,-0.18286712384338294
256.285,0.2,-0.2068414819975318,0.0969483152594654
256.29,0.2,-0.20432506127627365,-0.03311195309404791
256.295,0.2,-0.20221256580654065,-0.07828639595723769
256.3,0.2,-0.20046580118405638,-0.11530919561607665
256.305,0.2,-0.1989904197892741,-0.3561474375518813
256.31,0.2,-0.19771567502770016,-0.6550739883533738
256.315,0.2,-0.19667350119760693,-0.48964758034338385
256.32,0.2,-0.19601623331624476,-0.1401251265605897
256.325,0.2,-0.19592899850640796,0.008986369237812857
256.329999999,0.2,-0.19650479783752506,0.07170193191754988
256.334999999,0.2,-0.1976826462099507,-0.03148523032232714
256.339999999,0.2,-0.19927810727502634,-0.2996181688505192
256.345,0.2,-0.20108066369595823,-0.5392938486733148
256.35,0.2,-0.20296180572787573,-0.443116645396332
256.355,0.2,-0.2049228704532953,-0.41251029686266855
256.36,0.2,-0.2070592426530254,-0.19401441008645673
256.365,0.2,-0.20948101900498808,-0.1479128033531023
256.37,0.2,-0.21223815148692654,0.03665595471347906
256.375,0.2,-0.21527196216574476,0.08633503521555082
256.38,0.2,-0.21840791660054718,-0.21507453477675326
256.385,0.2,-0.22141968163130557,-0.6052928259450215
256.39,0.2,-0.22414722793573058,-0.38748779969601144
256.394999999,0.2,-0.2265656726343953,-0.32025360052033
256.399999999,0.2,-0.22874220259092823,-0.022463559841298025
256.404999999,0.2,-0.23073067512887227,0.1685475898100879
256.41,0.2,-0.23247192174432504,0.3693216081972907
256.415,0.2,-0.2337485586868178,-0.015474206220325054
256.42,0.2,-0.23423534588168968,-0.10036026066473344
256.425,0.2,-0.23362391561699247,-0.40948430098271055
256.43,0.2,-0.23174623224596383,-0.5340317893383171
256.435,0.2,-0.22863450845752653,-0.19293002181761526
256.44,0.2,-0.2244892759948073,-0.335916594663377
256.445,0.2,-0.21958805563247466,0.011782855394752436
256.45,0.2,-0.21418757089945767,0.22866629483151465
256.454999999,0.2,-0.20844584145710943,-0.09894172990929113
256.459999999,0.2,-0.20241423841079753,-0.17017609927399463
256.464999999,0.2,-0.19611263047246694,-0.32787122362079757
256.47,0.2,-0.18961998662496768,-0.6097158242722036
256.475,0.2,-0.18313557843737033,-0.5330192443693709
256.48,0.2,-0.17698924212137512,-0.385786421213646
256.485,0.2,-0.17156999165569597,0.05477353571149741
256.49,0.2,-0.16719406243749016,0.06594971711483699
256.495,0.2,-0.16400435311236874,-0.13185849653726753
256.5,0.2,-0.1619783419724743,-0.24301441496309215
256.505,0.2,-0.16102013653633226,-0.4701886545112035
256.51,0.2,-0.1610568012528468,-0.4583449868810857
256.515,0.2,-0.16208605964902265,-0.37211632103830594
256.519999999,0.2,-0.164158023566098,-0.20510948347622293
256.524999999,0.2,-0.16730955520443208,-0.07236130488129443
256.529999999,0.2,-0.17149112076419237,0.12570098170028898
256.535,0.2,-0.17652109963507762,-0.0436696508861862
256.54,0.2,-0.18209310367043768,0.02354015198712478
256.545,0.2,-0.18783685843766315,-0.34418395030338317
256.55,0.2,-0.1934142925743452,-0.548480940161455
256.555,0.2,-0.19861521496650222,-0.37907098089555913
256.56,0.2,-0.20338492991937507,-0.24276338627879562
256.565,0.2,-0.20775556568441617,0.046413025271660066
256.57,0.2,-0.21173284961331945,0.24924259811368735
256.575,0.2,-0.21521284662546072,-0.03902636121275152
256.579999999,0.2,-0.21798482373378392,-0.020013055884317232
256.584999999,0.2,-0.2198211487529014,-0.6219189263101721
256.589999999,0.2,-0.22059484899664586,-0.28136829119616824
256.595,0.2,-0.22034280919714277,-0.4118412792124767
256.6,0.2,-0.2192322472079182,-0.05573486884643264
256.605,0.2,-0.21746792357035732,-0.00898844827048434
256.61,0.2,-0.21519617868383792,0.28114233790113774
256.615,0.2,-0.21244345916844332,0.0028600312696463563
256.62,0.2,-0.2091300778602136,-0.2059167080085222
256.625,0.2,-0.20516223013378904,-0.3503097876173321
256.63,0.2,-0.20053721073085604,-0.49093905113168507
256.635,0.2,-0.19539257444101374,-0.26143004228113664
256.64,-0.2,-0.18997609041200125,-0.17469000568949644
256.644999999,-0.2,-0.18455075858243747,0.2989683213503056
256.649999999,-0.2,-0.17927687015794178,0.2595423510691484
256.654999999,-0.2,-0.17414166916576732,0.07158279486738199
256.66,-0.2,-0.16899401077881038,-0.09003630600826303
256.665,-0.2,-0.16365947018242347,-0.4238131707390797
256.67,-0.2,-0.15805949240526546,-0.39591868365844285
256.675,-0.2,-0.1522735519285693,-0.3751442600317048
256.68,-0.2,-0.146513559223682,-0.040656089753706964
256.685,-0.2,-0.14102996210179852,-0.05899131201594336
256.69,-0.2,-0.13601574435979158,0.05163283197167576
256.695,-0.2,-0.13155852576298094,0.07529571389017847
256.7,-0.2,-0.12764484392029563,-0.19468343999256751
256.704999999,-0.2,-0.12421551551637329,-0.4077273342756931
256.709999999,-0.2,-0.12125390964159422,-0.41641481943235525
256.714999999,-0.2,-0.11884602975503994,-0.46425734160962956
256.72,-0.2,-0.11716581965723583,-0.01398673425577654
256.725,-0.2,-0.11638823315394733,0.037305696245875375
256.73,-0.2,-0.11658033708492371,0.2288191292708102
256.735,-0.2,-0.1176408272032862,0.1171393789565617
256.74,-0.2,-0.11932005938549779,-0.08860830708355807
256.745,-0.2,-0.12131644026904892,-0.5603087089225595
256.75,-0.2,-0.12341317063810929,-0.4845259262252293
256.755,-0.2,-0.12556163573482365,-0.21457292464210365
256.76,-0.2,-0.1278438397721152,-0.2144655598705925
256.765,-0.2,-0.13036988476701278,-0.033729889775186664
256.769999999,-0.2,-0.1331965869554793,0.05887454021030557
256.774999999,-0.2,-0.13628597049208202,-0.0013098160293412778
256.779999999,-0.2,-0.13951309266923562,-0.3031873567501146
256.785,-0.2,-0.14273453840412806,-0.3662980535228387
256.79,-0.2,-0.1458726970579018,-0.4048115433781134
256.795,-0.2,-0.14895589615781812,-0.46698033824931473
256.8,-0.2,-0.15210222280029018,-0.15234567994122974
256.805,-0.2,-0.15545570422248842,-0.05777019640555875
256.81,-0.2,-0.15910160523129824,-0.010032159662075685
256.815,-0.2,-0.1630120361167189,0.10156716719737688
256.82,-0.2,-0.16704287321807448,-0.07555496187092059
256.825,-0.2,-0.17098105000263011,-0.37693274828209183
256.829999999,-0.2,-0.17463484040480787,-0.34588183256334754
256.834999999,-0.2,-0.177911570401973,-0.37145751866129295
256.839999999,-0.2,-0.18082597895750185,-0.17453001950259348
256.845,-0.2,-0.18344630341081228,-0.05129432011714953
256.85,-0.2,-0.1858216817116941,-0.018166524280437274
256.855,-0.2,-0.1879307258808402,0.12096638978607838
256.86,-0.2,-0.1896703097884145,-0.12726165069689516
256.865,-0.2,-0.19089137442709894,-0.21041848075147532
256.87,-0.2,-0.19147093682217856,-0.3677326422457561
256.875,-0.2,-0.19138313007574845,-0.5344614602796062
256.88,-0.2,-0.19073444909978768,-0.2969036556927522
256.885,-0.2,-0.18973404435499527,-0.08239083196345999
256.89,-0.2,-0.1885896148573995,0.352406605258464
256.894999999,-0.2,-0.18738934108412492,-0.03998750250365538
256.899999999,-0.2,-0.1860810186372401,-0.3678196595013115
256.904999999,-0.2,-0.18457976026211717,-0.43261943880503145
256.91,-0.2,-0.18289147292130428,-0.4229920659158741
256.915,-0.2,-0.18114632176290843,-0.3582322817597518
256.92,-0.2,-0.17955191105615823,-0.15833080596997579
256.925,-0.2,-0.17831248152844725,-0.012925790328262965
256.93,-0.2,-0.17754901971807566,0.03745300182684504
256.935,-0.2,-0.17725055298502332,0.19809777821341248
256.94,-0.2,-0.17727393408046496,-0.1863482213355931
256.945,-0.2,-0.1774051631955433,-0.27948210371646554
256.95,-0.2,-0.17746605506563393,-0.5273500394508839
256.954999999,-0.2,-0.17740449361333427,-0.48823305102514386
256.959999999,-0.2,-0.17730824234978315,-0.06261167207775784
256.964999999,-0.2,-0.1773250363310748,-0.03853416805808689
256.97,-0.2,-0.1775472922906553,0.11067936954274937
256.975,-0.2,-0.17794146179859147,0.2389229364090307
256.98,-0.2,-0.17834701089002844,-0.2791929162354326
256.985,-0.2,-0.17855654710289878,-0.4676498103143555
256.99,-0.2,-0.17844547045949202,-0.4351611098383944
256.995,-0.2,-0.17804764933739015,-0.46477398854374297
257.0,-0.2,-0.17753258441399292,-0.24027704400287098
257.005,-0.2,-0.17711638761641457,0.16940107370347518
257.01,-0.2,-0.17694773981319142,-0.05005148579894206
257.015,-0.2,-0.1770384029693444,0.08476126338250126
257.019999999,-0.2,-0.17728205610162373,-0.21758473661674305
257.024999999,-0.2,-0.17753568726049526,-0.501526158130803
257.029999999,-0.2,-0.17772434974333878,-0.5381380079086632
257.035,-0.2,-0.17790499585794145,-0.22203145720811845
257.04,-0.2,-0.17822975190926743,-0.1952695501996356
257.045,-0.2,-0.17885028793711702,-0.09160646316909768
257.05,-0.2,-0.17984095623889165,0.17146829279451892
257.055,-0.2,-0.18116054843856305,-0.1305962327254289
257.06,-0.2,-0.18266441191538726,-0.10096104419590732
257.065,-0.2,-0.18417092619323303,-0.3443449715665057
257.07,-0.2,-0.18554529334232425,-0.5338717247610425
257.075,-0.2,-0.1867643747715307,-0.4211593741335536
257.079999999,-0.2,-0.18792681108584142,-0.25203199390590686
257.084999999,-0.2,-0.18918352678531977,0.0979833409669228
257.089999999,-0.2,-0.19062185245826668,0.20964932904546818
257.095,-0.2,-0.1921847366637361,-0.10417886082338315
257.1,-0.2,-0.1936964304559741,-0.29015750418224084
257.105,-0.2,-0.1949772704525661,-0.49970288329753404
257.11,-0.2,-0.1959582753269453,-0.6173148051214049
257.115,-0.2,-0.19672836010368835,-0.3345872498083631
257.12,-0.2,-0.19749016291780555,-0.16954433272260547
257.125,-0.2,-0.1984476807702174,0.09243174484616136
257.13,-0.2,-0.19969771807987163,0.012684614981395531
257.135,-0.2,-0.20118972171761673,-0.03539219297867524
257.14,-0.2,-0.20276261195807344,-0.14605986386724845
257.144999999,-0.2,-0.20422856913363188,-0.558035303845462
257.149999999,-0.2,-0.20547746512423068,-0.6346907648741938
257.154999999,-0.2,-0.20655283994204846,-0.3723988446272163
257.16,-0.2,-0.20763115332482748,-0.2610280438193705
257.165,-0.2,-0.20891720970349406,-0.032983680113776004
257.17,-0.2,-0.2105313384334613,0.22140191809146031
257.175,-0.2,-0.21243769439931784,-0.0237314822185776
257.18,-0.2,-0.21445073284774221,-0.14448872954059183
257.185,-0.2,-0.2163253629933852,-0.3801948781276791
257.19,-0.2,-0.21787126958608902,-0.4895505868500534
257.195,-0.2,-0.219026607061123,-0.4064740449909435
257.2,-0.2,-0.2198525337339356,-0.022307522170915584
257.204999999,-0.2,-0.22044932676897563,-0.08413519772008961
257.209999999,-0.2,-0.22086510036972518,-0.025652481370993907
257.214999999,-0.2,-0.22106184280720512,0.07999910849094397
257.22,-0.2,-0.22092289394181305,-0.010049719658041578
257.225,-0.2,-0.22028892708311806,-0.4305965133322158
257.23,-0.2,-0.21904395447601746,-0.5169682102784038
257.235,-0.2,-0.21720910305891042,-0.4493557581824202
257.24,-0.2,-0.21495995116242114,-0.33077017429919353
257.245,-0.2,-0.21255788494203384,-0.13933123334963832
257.25,-0.2,-0.2102486341475296,0.05457955592150275
257.255,-0.2,-0.20817507245506442,0.05126263670372089
257.26,-0.2,-0.20634908755176948,-0.2960857126013256
257.265,-0.2,-0.20471369960000255,-0.4866700135752912
257.269999999,-0.2,-0.20325846990738716,-0.6752501094164931
257.274999999,-0.2,-0.20210266929292733,-0.5490765857215877
257.279999999,-0.2,-0.20149012130066,-0.35110813468063873
257.285,-0.2,-0.20169618807492662,0.04580095043770432
257.29,-0.2,-0.20290050589680123,-0.09249278997542687
257.295,-0.2,-0.20510691281697124,0.11493087856803333
257.3,-0.2,-0.20814861212571678,-0.23290807207054076
257.305,-0.2,-0.211759123489658,-0.27057790160225054
257.31,-0.2,-0.21566977806435111,-0.41533934696947006
257.315,-0.2,-0.21968211596560713,-0.29891770556104513
257.32,-0.2,-0.22367821406017832,-0.1622726944892331
257.325,-0.2,-0.2275717224979425,0.0933320072120392
257.329999999,-0.2,-0.23123178446288814,0.16787430835291517
257.334999999,-0.2,-0.23443965131985323,-0.18609996670502366
257.339999999,-0.2,-0.23692607402127863,-0.10877557685184305
257.345,-0.2,-0.23845586238443772,-0.30972201064563953
257.35,-0.2,-0.23889291698085177,-0.3741613849761849
257.355,-0.2,-0.2382312784314328,-0.38004184853084944
257.36,-0.2,-0.23659054100465343,-0.20324612243237059
257.365,-0.2,-0.2341700699685066,-0.2833917665835436
257.37,-0.2,-0.23118114746236157,0.19462517923085304
257.375,-0.2,-0.2277767865696179,-0.06943890277678326
257.38,-0.2,-0.2240202823446174,-0.2623022628808481
257.385,-0.2,-0.21994004269554965,-0.509413294127135
257.39,-0.2,-0.21562410988800246,-0.34795528724804015
257.394999999,-0.2,-0.2112569647582564,-0.35230117453426074
257.399999999,-0.2,-0.20707766895543134,-0.12383765877100401
257.404999999,-0.2,-0.20330477672133762,-0.07273961231767072
257.41,-0.2,-0.2000653944181114,0.20444541464915303
257.415,-0.2,-0.1973495962019491,-0.02042140623204324
257.42,-0.2,-0.1950231496185941,-0.21265168594340744
257.425,-0.2,-0.19291262763219397,-0.41871716253535973
257.43,-0.2,-0.19091822823507634,-0.6668760390922894
257.435,-0.2,-0.18909453692223996,-0.6130814410806691
257.44,-0.2,-0.18765366619524926,-0.21573896182588298
257.445,-0.2,-0.1868626654742308,0.1418352126943531
257.45,-0.2,-0.18687778635326527,0.36817279562283584
257.454999999,-0.2,-0.18762941049816054,0.026567094437791518
257.459999999,-0.2,-0.18884791918642588,-0.23529155211171526
257.464999999,-0.2,-0.1902058715587588,-0.37017818570022926
257.47,-0.2,-0.191461991570983,-0.48028887444240514
257.475,-0.2,-0.19252594202727027,-0.337297520983634
257.48,-0.2,-0.19343654819221498,-0.1594984158024135
257.485,-0.2,-0.19428609365741467,-0.18031268383249632
257.49,-0.2,-0.1951444640696536,0.03556666975719633
257.495,-0.2,-0.1960125919325799,0.013353425969196045
257.5,-0.2,-0.19682061393827915,-0.5030610097474486
257.505,-0.2,-0.19749865989663082,-0.5017693335735262
257.51,-0.2,-0.19806840551782598,-0.2991942118366976
257.515,-0.2,-0.19865217127629287,-0.3353570935703703
257.519999999,-0.2,-0.1994112101050658,-0.2723936407466128
257.524999999,-0.2,-0.20048762135619028,-0.07074775745547224
257.529999999,-0.2,-0.2019538575532214,0.11791651019916788
257.535,-0.2,-0.20375786296159118,0.1737170618497083
257.54,-0.2,-0.20570938332224364,-0.27454592196277217
257.545,-0.2,-0.20756307178608618,-0.6144242950121851
257.55,-0.2,-0.20915705848013963,-0.3135834224735437
257.555,-0.2,-0.21047787855207573,-0.34333910456149214
257.56,-0.2,-0.21160626606535224,-0.012229092149120907
257.565,-0.2,-0.2126193513515259,-0.04494889497870175
257.57,-0.2,-0.2135178705368715,0.13858172637837962
257.575,-0.2,-0.21419935356265013,0.001170842335570058
257.579999999,-0.2,-0.21448190313439358,-0.14204450593193435
257.584999999,-0.2,-0.2141785057633751,-0.49467530417955385
257.589999999,-0.2,-0.21319550299761567,-0.4156288549086309
257.595,-0.2,-0.21159308554041792,-0.4691289407717
257.6,-0.2,-0.2095705255099054,-0.3075183647329258
257.605,-0.2,-0.20738884977870836,0.10121590706760192
257.61,-0.2,-0.20525954911855432,0.05963123432496793
257.615,-0.2,-0.2032570990683922,0.0963935513586669
257.62,-0.2,-0.20131803647189642,-0.2446253513149325
257.625,-0.2,-0.19932978666516152,-0.5517738574224302
257.63,-0.2,-0.19725232284831887,-0.46896394949427783
257.635,-0.2,-0.19518835927439437,-0.5208145000676583
257.64,-0.2,-0.19335732074521939,-0.13120141397420687
257.644999999,-0.2,-0.19199266795394335,0.13983271108069714
257.649999999,-0.2,-0.19121623797381496,0.13352405760170857
257.654999999,-0.2,-0.19096699968307218,0.12288032787416597
257.66,-0.2,-0.1910296639193128,-0.21426872414228929
257.665,-0.2,-0.1911443274500636,-0.5244482535688768
257.67,-0.2,-0.19114063175109788,-0.4994768771843027
257.675,-0.2,-0.1910081119571973,-0.2130073787605616
257.68,-0.2,-0.19085722811518635,-0.3522092222924435
257.685,-0.2,-0.19082824725691666,0.08563913810086005
257.69,-0.2,-0.19100371087942575,0.15736515629344408
257.695,-0.2,-0.19134496825405697,-0.05746039457211759
257.7,-0.2,-0.19169736105655474,-0.06576559924121117
257.704999999,-0.2,-0.191871197280356,-0.4957151354882273
257.709999999,-0.2,-0.19174262436723766,-0.3533036420793002
257.714999999,-0.2,-0.19131195349211705,-0.3373170742872048
257.72,-0.2,-0.1906841882342965,-0.16208491245121123
257.725,-0.2,-0.1899971222512909,-0.08547885630204101
257.73,-0.2,-0.18935428241969945,-0.11762163544904794
257.735,-0.2,-0.18879014303162464,0.10149223034413334
257.74,-0.2,-0.18826211967333223,-0.1449016652183195
257.745,-0.2,-0.18768039253015634,-0.45744737353886483
257.75,-0.2,-0.18699378428983532,-0.603182479133396
257.755,-0.2,-0.18627585014190862,-0.4075948553902075
257.76,-0.2,-0.18572450105028976,-0.28613876786415404
257.765,-0.2,-0.18557292494352184,0.015613223096654529
257.769999999,-0.2,-0.1859742733969901,0.171621198762884
257.774999999,-0.2,-0.18692550903641786,-0.10621008297132631
257.779999999,-0.2,-0.1882865939265531,-0.3349249325842788
257.785,-0.2,-0.18988744024446472,-0.45740017902330243
257.79,-0.2,-0.1916389019689684,-0.6003895474592764
257.795,-0.2,-0.193582894060997,-0.45861870023847207
257.8,-0.2,-0.19586436117584136,-0.13199805733475406
257.805,-0.2,-0.19863316185261465,0.01247313878309896
257.81,-0.2,-0.2019352275532671,0.004237184634665589
257.815,-0.2,-0.2056711628963688,-0.11301781931912508
257.82,-0.2,-0.20963557834661062,-0.1517998438669935
257.825,-0.2,-0.21359266049536513,-0.37360570307242835
257.829999999,-0.2,-0.2173548330669792,-0.537255790203364
257.834999999,-0.2,-0.22084673555126122,-0.4692042317508808
257.839999999,-0.2,-0.22411808152015342,-0.2872906759684789
257.845,-0.2,-0.22728398222397161,-0.0864546085137056
257.85,-0.2,-0.23042700006459668,0.07631242919997795
257.855,-0.2,-0.2335165268614729,0.14013710041921884
257.86,-0.2,-0.23638826559367307,-0.17179458585363322
257.865,-0.2,-0.23880411232405316,-0.2834894816077224
257.87,-0.2,-0.24056289035691658,-0.5613219900385218
257.875,-0.2,-0.241592951659056,-0.40422525092722633
257.88,-0.2,-0.24196457307313704,-0.08655564244256353
257.885,-0.2,-0.241812298147368,-0.10962525189294824
257.89,-0.2,-0.2412361918180271,0.047126229360074906
257.894999999,-0.2,-0.2402511058541851,0.03365371598189299
257.899999999,-0.2,-0.23878388015178686,0.017428081732291045
257.904999999,-0.2,-0.23671177022838072,-0.42545296341311317
257.91,-0.2,-0.23394943315343794,-0.46961615165201587
257.915,-0.2,-0.2305358039291,-0.3477831591775328
257.92,-0.2,-0.22663711536404935,-0.08349186399135518
257.925,-0.2,-0.22246033884189936,-0.016781910335629098
257.93,-0.2,-0.21815466754272006,0.10737865885675385
257.935,-0.2,-0.21376437097728304,-0.04531781464477459
257.94,-0.2,-0.20925010853508877,-0.2617535913805606
257.945,-0.2,-0.20456418430685286,-0.3652426829254024
257.95,-0.2,-0.19973946818526456,-0.705357391935226
257.954999999,-0.2,-0.19494988696776028,-0.4675539445268493
257.959999999,-0.2,-0.1904981236988681,-0.16948901199043886
257.964999999,-0.2,-0.18671338541658541,-0.08368559106143163
257.97,-0.2,-0.18382480269787235,0.1494113564730124
257.975,-0.2,-0.18189301582677608,-0.11236146919606801
257.98,-0.2,-0.1808273197908443,-0.1704451163159159
257.985,-0.2,-0.18046921887887193,-0.43819647090756936
257.99,-0.2,-0.18069399536630257,-0.5659723037970485
257.995,-0.2,-0.1814794756237228,-0.40960084158402343
258.0,-0.2,-0.1828987250946561,-0.11810078479690665
258.005,-0.2,-0.18502897767305823,0.11153283234728256
258.01,-0.2,-0.1878410153599067,0.07020329580865617
258.015,-0.2,-0.1911540577709068,-0.02666726422669726
258.019999999,-0.2,-0.1946813628662798,-0.22804390867642005
258.024999999,-0.2,-0.19812645031677728,-0.35628809271221157
258.029999999,-0.2,-0.2012781226418741,-0.560840078376363
258.035,-0.2,-0.2040676215409744,-0.3583051049526512
258.04,-0.2,-0.20655939911535676,-0.2791169228688911
258.045,-0.2,-0.2088718055365152,0.1376454545219543
258.05,-0.2,-0.21106110019596339,0.2830098809665017
258.055,-0.2,-0.2130313997876533,0.11285101799062906
258.06,-0.2,-0.21454625179194953,-0.33160116722215266
258.065,-0.2,-0.21535685941760654,-0.5380322185387076
258.07,-0.2,-0.21535648075759256,-0.6393396727920082
258.075,-0.2,-0.2146480624025883,-0.32053182618537346
258.079999999,-0.2,-0.21348747996778827,-0.18886304561083664
258.084999999,-0.2,-0.21215611957171493,0.01159445035033781
258.089999999,-0.2,-0.2108453766995425,0.14660789964148901
258.095,-0.2,-0.209606339025617,-0.24247268017314197
258.1,-0.2,-0.2083867148242435,-0.20262956532484755
258.105,-0.2,-0.2071282319438712,-0.6472570549213095
258.11,-0.2,-0.20586150637375056,-0.50780355508179
258.115,-0.2,-0.20474109194276402,-0.29036652034731614
258.12,-0.2,-0.20398702729487686,-0.06406422192122482
258.125,-0.2,-0.20377765029261746,-0.19942514088048294
258.13,-0.2,-0.20418413305841931,0.016897602715092705
258.135,-0.2,-0.20515789947527052,0.0916765197814352
258.14,-0.2,-0.20654090609663336,-0.28370541517626024
258.144999999,-0.2,-0.20812188840598148,-0.3759660562509717
258.149999999,-0.2,-0.20973445981469874,-0.47149844785635625
258.154999999,-0.2,-0.21132319889486137,-0.39630640453691807
258.16,-0.2,-0.21293892633626518,-0.32948941720360064
258.165,-0.2,-0.2146808861118611,-0.007045869863324294
258.17,-0.2,-0.2166093013436925,0.10806238052343814
258.175,-0.2,-0.2186710955696052,-0.033463150243925446
258.18,-0.2,-0.2206975774173908,-0.17415054901932342
258.185,-0.2,-0.22248177112980808,-0.446103519415638
258.19,-0.2,-0.2238791346081369,-0.4118417243936194
258.195,-0.2,-0.22486966571630093,-0.49964059324332855
258.2,-0.2,-0.22555608152469198,-0.28339102838889674
258.204999999,-0.2,-0.22610502369084645,-0.07715386095407674
258.209999999,-0.2,-0.22665522046169906,0.04651184464837369
258.214999999,-0.2,-0.22723251798753644,0.2606203434821772
258.22,-0.2,-0.22771673447084495,-0.17001558064817412
258.225,-0.2,-0.227902538262319,-0.5410647866452354
258.23,-0.2,-0.22763841364278187,-0.4844557760562176
258.235,-0.2,-0.2269303949780411,-0.44566370688461515
258.24,-0.2,-0.22592895166011828,-0.19580730637539523
258.245,-0.2,-0.22482777874882676,0.1746657449566941
258.25,-0.2,-0.22374203935879716,0.05279790249262225
258.255,-0.2,-0.22264645943652844,-0.11798596050918217
258.26,-0.2,-0.22142346393901993,-0.3887744894083315
258.265,-0.2,-0.21997800285784552,-0.5480176891142932
258.269999999,-0.2,-0.2183335047452823,-0.5195256186886971
258.274999999,-0.2,-0.21665435566763225,-0.3944973634160639
258.279999999,-0.2,-0.21519196807198435,-0.2583871729708336
258.285,-0.2,-0.21419180134765048,-0.023787356739373967
258.29,-0.2,-0.21379712673334655,0.22742767688343368
258.295,-0.2,-0.21398370270217543,-0.10386573236613922
258.3,-0.2,-0.21457833545127747,-0.2452533153088819
258.305,-0.2,-0.21536391718126077,-0.4381172477911716
258.31,-0.2,-0.21619012912100363,-0.42304173378358434
258.315,-0.2,-0.2170247324624591,-0.5023804350456211
258.32,-0.2,-0.21794289551364543,-0.24315764385577548
258.325,-0.2,-0.2190549852545493,0.2894765401543752
258.329999999,-0.2,-0.22038648599828642,0.07436502809617661
258.334999999,-0.2,-0.22180193612800192,0.0029231087092518246
258.339999999,-0.2,-0.2230467739728216,-0.17557615278816535
258.345,-0.2,-0.22385684961309177,-0.37376811163523554
258.35,-0.2,-0.22405462973633994,-0.3403222871903273
258.355,-0.2,-0.22359616799668333,-0.41851291918808087
258.36,-0.2,-0.22256143766278835,-0.20419968794320423
258.365,-0.2,-0.2210984962523714,-0.08326013285081599
258.37,-0.2,-0.21934551202976105,0.010325431233346644
258.375,-0.2,-0.21737096370673323,-0.03470003888672121
258.38,-0.2,-0.21516519761942457,-0.14768255481197845
258.385,-0.2,-0.21268550782298895,-0.40801315298357466
258.39,-0.2,-0.209934286685611,-0.5505468236879987
258.394999999,-0.2,-0.2070313939135041,-0.6177718340116912
258.399999999,-0.2,-0.20422692590181463,-0.18031136869527162
258.404999999,-0.2,-0.2018231656813744,-0.10269113960253377
258.41,-0.2,-0.2000476683904671,0.18290385366632744
258.415,-0.2,-0.19896105429236857,0.04822676831981171
258.42,-0.2,-0.19844825729311688,-0.07429405144671955
258.425,-0.2,-0.19829760380989944,-0.5280434705598485
258.43,-0.2,-0.19833579903310122,-0.6514380365055756
258.435,-0.2,-0.19854209404901652,-0.5665391919448794
258.44,-0.2,-0.1990590992016556,-0.22208603966992307
258.445,-0.2,-0.2000899600350848,-0.01513613773742636
258.45,-0.2,-0.2017599264075924,0.08515627470745893
258.454999999,-0.2,-0.20403214989520807,0.06852525745877402
258.459999999,-0.2,-0.20671209968034054,-0.14173213624436948
258.464999999,-0.2,-0.20952489283653933,-0.32350660931181163
258.47,-0.2,-0.21222672394330272,-0.5752364825708252
258.475,-0.2,-0.21469255770133755,-0.27081293824092467
258.48,-0.2,-0.2169237888397125,-0.2876677655503409
258.485,-0.2,-0.2189761536578696,0.1056502696723617
258.49,-0.2,-0.22086766831221094,-0.07577411360090791
258.495,-0.2,-0.22253535520358886,-0.18242678413874663
258.5,-0.2,-0.22386697214593504,-0.2054745859570429
258.505,-0.2,-0.2247690960377196,-0.4929389174838933
258.51,-0.2,-0.2252289617043788,-0.4922085346011579
258.515,-0.2,-0.22534765641730004,-0.3746021894106451
258.519999999,-0.2,-0.22531595003789578,-0.2579782402020877
258.524999999,-0.2,-0.22533373402188847,0.1070830739157189
258.529999999,-0.2,-0.22551250413117604,0.07077002750537535
258.535,-0.2,-0.22582146257118005,-0.15450530142252897
258.54,-0.2,-0.22612633112485236,-0.2932463044014546
258.545,-0.2,-0.22629045691390476,-0.45122439671385906
258.55,-0.2,-0.22626011650358807,-0.4377774417130814
258.555,-0.2,-0.22609592869887923,-0.5028439494590269
258.56,-0.2,-0.22595008628222352,-0.14728026295707408
258.565,-0.2,-0.22600011278453655,-0.2610812214602964
258.57,-0.2,-0.22637021282650419,0.13302943151416471
258.575,-0.2,-0.2270648319237383,0.24004502616722118
258.579999999,-0.2,-0.22793628864606574,-0.22637536498123947
258.584999999,-0.2,-0.2287455072704198,-0.5193954427700872
258.589999999,-0.2,-0.22930629843577086,-0.5037834876137496
258.595,-0.2,-0.22958017446125265,-0.21479091902209807
258.6,-0.2,-0.22963936327793605,-0.0879926088284777
258.605,-0.2,-0.229561681373132,-0.025251646880493465
258.61,-0.2,-0.2293575661518947,-0.05953916983169599
258.615,-0.2,-0.228955113954421,0.12389770145922457
258.62,-0.2,-0.2282074019515856,0.07749395098279427
258.625,-0.2,-0.2269172581961531,-0.3430015818218502
258.63,-0.2,-0.2249161991011506,-0.5007122682963486
258.635,-0.2,-0.22217269770403397,-0.560066841872719
258.64,-0.2,-0.21883616355463892,-0.2384622497847311
258.644999999,-0.2,-0.21516659209015557,0.07339156587303455
258.649999999,-0.2,-0.2113957064409454,0.14460812727649447
258.654999999,-0.2,-0.2076284027826255,-0.174968934946399
258.66,-0.2,-0.2038600278150885,-0.2367195300352832
258.665,-0.2,-0.20006989756056384,-0.41063016455415113
258.67,-0.2,-0.19630678947170985,-0.5920781962889167
258.675,-0.2,-0.1927277680542984,-0.29640965071232406
258.68,-0.2,-0.1895621237520314,0.037826239476961426
258.685,-0.2,-0.18699720245398743,0.172708947437527
258.69,-0.2,-0.18506560777365622,0.19120745893656238
258.695,-0.2,-0.18361436873758422,0.13655988683707
258.7,-0.2,-0.18236209751284888,-0.23592013939844633
258.704999999,-0.2,-0.18101271587999848,-0.32655810332966606
258.709999999,-0.2,-0.17937227646761375,-0.4484706483860236
258.714999999,-0.2,-0.17740835787721076,-0.37315001820753085
258.72,-0.2,-0.17523288913121898,-0.2209613760478387
258.725,-0.2,-0.17303233908733467,-0.17100355041053547
258.73,-0.2,-0.17099058358143163,-0.14470635460917844
258.735,-0.2,-0.1692404047220004,-0.04261753815601185
258.74,-0.2,-0.16784969733390975,-0.2890299205543825
258.745,-0.2,-0.16684598836814676,-0.3646943940577565
258.75,-0.2,-0.16626922123148524,-0.410244082280252
258.755,-0.2,-0.16621099503981787,-0.46096994442590133
258.76,-0.2,-0.16681254343489407,-0.24727130229947122
258.765,-0.2,-0.16821738658713434,-0.027701528260636148
258.769999999,-0.2,-0.17048903600448898,0.14846170166800915
258.774999999,-0.2,-0.1735387076314256,0.11458064010224038
258.779999999,-0.2,-0.17712101305136088,-0.17636976884893438
258.785,-0.2,-0.18091859486169518,-0.43328057342647786
258.79,-0.2,-0.18466367824444185,-0.2696117975664656
258.795,-0.2,-0.18820062951138394,-0.21241993081790958
258.8,-0.2,-0.1914546798502209,0.005957894243819428
258.805,-0.2,-0.19435486766714158,0.1599959602104245
258.81,-0.2,-0.19676886476044989,0.07590197184343123
258.815,-0.2,-0.198486581319149,0.10215250268373838
258.82,-0.2,-0.19926430693075972,-0.32365266129014547
258.825,-0.2,-0.19892151940712458,-0.6027604865617926
258.829999999,-0.2,-0.19745258320888323,-0.5489713168465634
258.834999999,-0.2,-0.19507034467547085,-0.3782967913124705
258.839999999,-0.2,-0.1921346624700679,-0.08716209204432525
258.845,-0.2,-0.18901561585024995,0.017789524715893776
258.85,-0.2,-0.18598018528475777,-0.04217545340171952
258.855,-0.2,-0.18315709581478912,-0.057293838096387564
258.86,-0.2,-0.18056895675644172,-0.16096980312459494
258.865,-0.2,-0.1781930275690625,-0.38538860590731355
258.87,-0.2,-0.17603250892504485,-0.5057841911910758
258.875,-0.2,-0.17417127233620253,-0.3055336359380634
258.88,-0.2,-0.17276610112303473,-0.22405417212239287
258.885,-0.2,-0.17197474843528182,0.05346777396342556
258.89,-0.2,-0.17186530938108927,0.19585274148284335
258.894999999,-0.2,-0.1723484136429367,0.2626860382014193
258.899999999,-0.2,-0.1731735882641448,-0.20518589207768598
258.904999999,-0.2,-0.1740280434797982,-0.5837259238860867
258.91,-0.2,-0.174692313993513,-0.35245040909552006
258.915,-0.2,-0.17512006651248782,-0.269788862709762
258.92,-0.2,-0.17539147611300204,-0.23265738374147632
258.925,-0.2,-0.17562051785583774,0.04721103264900414
258.93,-0.2,-0.17587335287191616,0.1608142152950635
258.935,-0.2,-0.17610808838066816,0.09255093932910026
258.94,-0.2,-0.1761728856803158,-0.15852464324963045
258.945,-0.2,-0.17588186732373448,-0.3655555929906279
258.95,-0.2,-0.17511866200780674,-0.3388305658643901
258.954999999,-0.2,-0.1738982984729472,-0.48993956561835883
258.959999999,-0.2,-0.1723647881928766,-0.2043645558825352
258.964999999,-0.2,-0.17073094810769995,-0.0017719643736556767
258.97,-0.2,-0.16918032299956468,0.05798824813705411
258.975,-0.2,-0.16779254233210708,-0.060348372457214694
258.98,-0.2,-0.16654918688517772,-0.292402708787914
258.985,-0.2,-0.16541590307747314,-0.6445326267581197
258.99,-0.2,-0.16444341368687246,-0.42957941428986823
258.995,-0.2,-0.16380212126947613,-0.28560195392891835
259.0,-0.2,-0.16371652359034414,-0.12911279619478697
259.005,-0.2,-0.1643638166546505,-0.06863214939401363
259.01,-0.2,-0.16580247870906745,0.1941511468710496
259.015,-0.2,-0.1679385690181783,0.027483186001516037
259.019999999,-0.2,-0.17054255211602212,-0.1881772445685654
259.024999999,-0.2,-0.17334211812054692,-0.6267299312901862
259.029999999,-0.2,-0.1761514560543294,-0.37864182231776233
259.035,-0.2,-0.17893727931309758,-0.41792490575159735
259.04,-0.2,-0.18178010320105886,-0.154711373178858
259.045,-0.2,-0.18477755990931105,0.11452088826201187
259.05,-0.2,-0.18794485242859255,0.07966619081826962
259.055,-0.2,-0.19116601590111237,-0.08518477436305617
259.06,-0.2,-0.19423228987480332,-0.19394429548804776
259.065,-0.2,-0.196932056107178,-0.35377258793455063
259.07,-0.2,-0.19913324303688962,-0.4862187320232414
259.075,-0.2,-0.2008306671553369,-0.40718704980119136
259.079999999,-0.2,-0.20213859227882341,-0.20180379744995644
259.084999999,-0.2,-0.20322614103737993,-0.19026058109845737
259.089999999,-0.2,-0.2042311256777536,0.20001184718884166
259.095,-0.2,-0.20518558882253354,0.10826751793829209
259.1,-0.2,-0.20598640587556266,-0.10521476000240954
259.105,-0.2,-0.206450129887706,-0.33094989651922196
259.11,-0.2,-0.2064266745775482,-0.48476969763685857
259.115,-0.2,-0.20589335725308341,-0.505544464467324
259.12,-0.2,-0.20497598038636122,-0.24932678524139107
259.125,-0.2,-0.20388620739212238,-0.056759396104390236
259.13,-0.2,-0.20280970503956341,0.14726627160200007
259.135,-0.2,-0.20181689401886774,-0.06319477362101235
259.14,-0.2,-0.2008584317448161,-0.23566221803053303
259.144999999,-0.2,-0.19984258392127613,-0.3671207928468876
259.149999999,-0.2,-0.19872806251066719,-0.46183659552156786
259.154999999,-0.2,-0.19758098228884524,-0.6329865170697743
259.16,-0.2,-0.19658169668698286,-0.17026065310766075
259.165,-0.2,-0.1959585306889707,0.008957216331688535
259.17,-0.2,-0.19586511359179243,0.1454450171907353
259.175,-0.2,-0.19629897169611563,-0.1941367783942448
259.18,-0.2,-0.19713475665162816,-0.3474761360349387
259.185,-0.2,-0.1982287707187573,-0.29525044800393957
259.19,-0.2,-0.19949919292310475,-0.5155420140659542
259.195,-0.2,-0.20094834888223312,-0.2693404907889133
259.2,-0.2,-0.20264326432349417,-0.3458223965557064
259.204999999,-0.2,-0.204662916113444,0.07456571679968782
259.209999999,-0.2,-0.20701746388802525,0.2663150266819726
259.214999999,-0.2,-0.20957117747517615,0.10386853418266857
259.22,-0.2,-0.21204006787102594,-0.16054410656854176
259.225,-0.2,-0.21409162928334485,-0.33674952272575087
259.23,-0.2,-0.21547998106226962,-0.6271292596609119
259.235,-0.2,-0.2161330179597021,-0.2577549416642927
259.24,-0.2,-0.2161418042090842,-0.23574111724517108
259.245,-0.2,-0.2156659529113959,0.037685039588749775
259.25,-0.2,-0.2148343067657106,-0.13876441731527395
259.255,-0.2,-0.21370749152459229,-0.16618501474580127
259.26,-0.2,-0.21230489349116857,-0.2756154049796657
259.265,-0.2,-0.2106529136632075,-0.28984795764642496
259.269999999,-0.2,-0.2088200618035776,-0.45551323648581055
259.274999999,-0.2,-0.20693992945999662,-0.49998629301969927
259.279999999,-0.2,-0.20521384357478623,-0.18474841594287575
259.285,-0.2,-0.20386207436858347,-0.10037013684218027
259.29,-0.2,-0.20303443393074316,0.14176746185934969
259.295,-0.2,-0.20274322884809617,-0.07240307943523884
259.3,-0.2,-0.20286908925470337,-0.17940234019097964
259.305,-0.2,-0.2032388124104084,-0.44855559768314573
259.31,-0.2,-0.20372454802241455,-0.4162503249781886
259.315,-0.2,-0.20430199863607035,-0.4114876317495217
259.32,-0.2,-0.20504246946355006,-0.2849289612699494
259.325,-0.2,-0.20605506034866886,-0.061468587636446595
259.329999999,-0.2,-0.2074065811810778,0.07882177599138218
259.334999999,-0.2,-0.20905322232946047,0.06422258462860614
259.339999999,-0.2,-0.21082072617996364,0.07962768030906131
259.345,-0.2,-0.21245246693891512,-0.5068970641858861
259.35,-0.2,-0.21371969517014724,-0.4340704506723439
259.355,-0.2,-0.2145253778370218,-0.33149222821167346
259.36,-0.2,-0.21490971144103468,-0.14128458709043737
259.365,-0.2,-0.21496205364161106,0.13187519165331726
259.37,-0.2,-0.21471713984663623,0.10293366302247846
259.375,-0.2,-0.2141000938118027,0.07171901767416715
259.38,-0.2,-0.2129497101090783,-0.2169771621160296
259.385,-0.2,-0.21110984641787073,-0.5397542270529007
259.39,-0.2,-0.2085460054987178,-0.6228937126859576
259.394999999,-0.2,-0.2054160530380606,-0.45018698367073773
259.399999999,-0.2,-0.20204207440588964,-0.3735557066312295
259.404999999,-0.2,-0.1988023096256025,0.07174308137834268
259.41,-0.2,-0.19599411313683193,0.23571440899342092
259.415,-0.2,-0.1937296752988737,-0.0418673361737803
259.42,-0.2,-0.1919392652712809,-0.21241761675777995
259.425,-0.2,-0.19048115615406525,-0.466924248375487
259.43,-0.2,-0.18926698126122551,-0.4802218332884574
259.435,-0.2,-0.18832673418087126,-0.4542236880618367
259.44,-0.2,-0.1877918676961563,-0.1413595793049833
259.445,-0.2,-0.18781248544600462,-0.05085763320167548
259.45,-0.2,-0.1884619470097291,0.020558296592059905
259.454999999,-0.2,-0.18968581901095122,0.05648620253313847
259.459999999,-0.2,-0.19130937611847476,-0.10189074256328884
259.464999999,-0.2,-0.1930949661143645,-0.3611094671182722
259.47,-0.2,-0.19483705750566632,-0.5275622756830737
259.475,-0.2,-0.19644261323931664,-0.21772493438846416
259.48,-0.2,-0.1979301480798444,-0.24454560635514833
259.485,-0.2,-0.19936004738219085,-0.0768842959264579
259.49,-0.2,-0.20075761816311055,0.21795871908082967
259.495,-0.2,-0.2020569092483602,-0.0600708690705771
259.5,-0.2,-0.2030972738165361,-0.12542646898524762
259.505,-0.2,-0.2036946099835304,-0.41969409554631787
259.51,-0.2,-0.20373794412790358,-0.38797594928182005
259.515,-0.2,-0.20324385797462363,-0.3725112215546091
259.519999999,-0.2,-0.20234126506325836,-0.16336031119856934
259.524999999,-0.2,-0.20119270781357704,0.23051627793622795
259.529999999,-0.2,-0.19988806642941326,0.08795029060726653
259.535,-0.2,-0.1983906044190431,-0.1732389205924462
259.54,-0.2,-0.19659207717169416,-0.30746052526023593
259.545,-0.2,-0.19442246034827879,-0.4391232265457054
259.55,-0.2,-0.19193469720816722,-0.7719904062465146
259.555,-0.2,-0.18934783516964862,-0.5507400613009399
259.56,-0.2,-0.18702136386759186,-0.13754114625303188
259.565,-0.2,-0.18533110046569518,0.027813511203937984
259.57,-0.2,-0.18451910062785035,0.049989576815340796
259.575,-0.2,-0.18462821961143738,-0.07688879205430299
259.579999999,-0.2,-0.185548877104234,-0.4460036756493333
259.584999999,-0.2,-0.18712409595955926,-0.16974069214199927
259.589999999,-0.2,-0.18922912577452855,-0.4744037231867403
259.595,-0.2,-0.1917998593670511,-0.4737306625017023
259.6,-0.2,-0.19483222917308252,-0.04328234469472661
259.605,-0.2,-0.1983288175619978,0.07938005064681847
259.61,-0.2,-0.20220134615601987,0.18052156578907746
259.615,-0.2,-0.20622085064759443,-0.07953918810202486
259.62,-0.2,-0.2100615521985302,-0.07872039359082146
259.625,-0.2,-0.2133967032120468,-0.4118025231988349
259.63,-0.2,-0.21599731024055366,-0.5425947842550708
259.635,-0.2,-0.21780338507198543,-0.48143800735693554
259.64,-0.2,-0.21892649735414169,-0.2204381280538188
259.644999999,-0.2,-0.21956010212023028,0.16517193318167386
259.649999999,-0.2,-0.21984275716674775,0.14780751651520146
259.654999999,-0.2,-0.21976623665950493,0.12692783049494133
259.66,-0.2,-0.21918756492261887,-0.18260711010074399
259.665,-0.2,-0.21792237273620985,-0.23818276970243943
259.67,-0.2,-0.2158560420536203,-0.5940289456313981
259.675,-0.2,-0.2130240120146052,-0.4298527117200777
259.68,-0.2,-0.20962217621441226,-0.20847685402078298
259.685,-0.2,-0.20592792763110088,-0.014324363952152233
259.69,-0.2,-0.20217809746897286,0.16322323971473301
259.695,-0.2,-0.1984829891234377,0.00913070095142457
259.7,-0.2,-0.19482809625048184,-0.31182856809552095
259.704999999,-0.2,-0.19116682296442547,-0.5508776131756997
259.709999999,-0.2,-0.1875375972114567,-0.4757935753357268
259.714999999,-0.2,-0.18411461708291985,-0.4754173300935428
259.72,-0.2,-0.18116702500372592,-0.16705813097269348
259.725,-0.2,-0.17896208721817694,-0.02023647691587531
259.73,-0.2,-0.17765579667775822,0.28188143512804736
259.735,-0.2,-0.1772147538745859,0.1318229131569157
259.74,-0.2,-0.1774198635609732,-0.19102413973868157
259.745,-0.2,-0.1779667638835591,-0.2751035007813622
259.75,-0.2,-0.17859956328159352,-0.5258473447159093
259.755,-0.2,-0.17920241914381294,-0.5306705962031217
259.76,-0.2,-0.17981345902480647,-0.06537200069516962
259.765,-0.2,-0.18053855528340834,0.19753758733566473
259.769999999,-0.2,-0.18141211430763934,0.08937318622031354
259.774999999,-0.2,-0.18232547124111456,0.028712520570373698
259.779999999,-0.2,-0.18307122678031604,-0.27101609174582686
259.785,-0.2,-0.183451279958579,-0.47025660317560136
259.79,-0.2,-0.18338419240311354,-0.5640219568891861
259.795,-0.2,-0.18295531239550963,-0.31488600725572097
259.8,-0.2,-0.18237305117617078,-0.13205626038696303
259.805,-0.2,-0.18185709341487136,0.081197089524258
259.81,-0.2,-0.18153124789596825,0.07155114096533041
259.815,-0.2,-0.18137478360999224,0.14244064083002259
259.82,-0.2,-0.1812385846135854,-0.0736605362268924
259.825,-0.2,-0.18092044894097234,-0.5274393261457007
259.829999999,-0.2,-0.18028517099684047,-0.48986073645166045
259.834999999,-0.2,-0.17935768338808047,-0.4577331455200334
259.839999999,-0.2,-0.17831724963533666,-0.2861649590874042
259.845,-0.2,-0.17741079001111082,-0.08006408826403424
259.85,-0.2,-0.1768413524588641,0.2078316190257355
259.855,-0.2,-0.17667389707768655,0.09310648582196708
259.86,-0.2,-0.17681361401466453,-0.2204336182737982
259.865,-0.2,-0.1770895124827125,-0.4695881299906854
259.87,-0.2,-0.17738419715022138,-0.43597315168488066
259.875,-0.2,-0.17770497002078947,-0.32605845711348475
259.88,-0.2,-0.1781622606411362,-0.3387739295766904
259.885,-0.2,-0.17889941827113895,0.031158251240082663
259.89,-0.2,-0.18000593338930385,0.1973896679494438
259.894999999,-0.2,-0.18144294463483598,-0.07661253321569664
259.899999999,-0.2,-0.1830477960905465,-0.23095635884787602
259.904999999,-0.2,-0.1846212287717118,-0.18934901442727076
259.91,-0.2,-0.18600818786342752,-0.2946899832309026
259.915,-0.2,-0.1871291380581376,-0.3640088280916891
259.92,-0.2,-0.18798988890849877,-0.3820551693124141
259.925,-0.2,-0.18866936786064994,-0.004358680538067913
259.93,-0.2,-0.1892552011051049,0.1193374512763933
259.935,-0.2,-0.18975787525634533,-0.014428229037354086
259.94,-0.2,-0.19009254137878487,-0.3087615215242881
259.945,-0.2,-0.19015714863296151,-0.46097033297379425
259.95,-0.2,-0.1899333667663576,-0.4412123590129879
259.954999999,-0.2,-0.18952647934427225,-0.3623625817472172
259.959999999,-0.2,-0.18912814376642942,-0.2012993538808168
259.964999999,-0.2,-0.18893462890683257,0.04567027770909737
259.97,-0.2,-0.18906147663045508,-0.017977644722969338
259.975,-0.2,-0.1895050080864653,-0.18756598931684873
259.98,-0.2,-0.19017466224433968,-0.10387121658495313
259.985,-0.2,-0.19096160279176633,-0.5512427389121481
259.99,-0.2,-0.1918069910069151,-0.32576568675755563
259.995,-0.2,-0.19274141395966188,-0.41585896637633596
260.0,-0.2,-0.1938645215444014,-0.1161886849849449
260.005,-0.2,-0.1952728630166397,0.0638386426868337
260.01,-0.2,-0.19696940739266683,0.31585835764506887
260.015,-0.2,-0.19879742684044122,0.13973714314108412
260.019999999,-0.2,-0.20045622626666731,-0.20454038187128412
260.024999999,-0.2,-0.20161477157976582,-0.40199131359160467
260.029999999,-0.2,-0.2020608551456653,-0.7468476252240122
260.035,-0.2,-0.2017976398694735,-0.3897097156692302
260.04,-0.2,-0.20101988823617423,-0.0027163303130477434
260.045,-0.2,-0.19997383719995324,0.037837544394124456
260.05,-0.2,-0.19880923584684887,0.22267680014906044
260.055,-0.2,-0.19751936842398318,0.032425505035895946
260.06,-0.2,-0.19597618494638971,-0.2356537850810382
260.065,-0.2,-0.19402965444731246,-0.3190007074101355
260.07,-0.2,-0.19160853692044819,-0.34579020894800616
260.075,-0.2,-0.18876611798818435,-0.48457410093487874
260.079999999,-0.2,-0.18567314169888813,-0.24451238350336824
260.084999999,-0.2,-0.18256462774588833,0.01069486028418774
260.089999999,-0.2,-0.17964369459983084,0.08155568392846844
260.095,-0.2,-0.17699773866738944,0.0501655692943652
260.1,-0.2,-0.17459131626393062,-0.24221888176713166
260.105,-0.2,-0.1723356078592306,-0.26906296858640966
260.11,-0.2,-0.1701773678070943,-0.44106656414029277
260.115,-0.2,-0.16815083016108923,-0.31542878802390906
260.12,-0.2,-0.16637165039321924,-0.20760882669464864
260.125,-0.2,-0.16497861154152255,0.03602438550097625
260.13,-0.2,-0.16404413127944542,0.3365431106284527
260.135,-0.2,-0.1634966501556843,0.0659703739693009
260.14,-0.2,-0.16312112414811156,-0.13881895862938137
260.144999999,-0.2,-0.162659600179935,-0.40326219206454866
260.149999999,-0.2,-0.16194141414510538,-0.4744997532432893
260.154999999,-0.2,-0.16095702184935462,-0.3876603739178353
260.16,-0.2,-0.15984366240223372,-0.2221190646259315
260.165,-0.2,-0.1587959390663442,0.18761700741495613
260.17,-0.2,-0.15794506048631726,0.12172881998801464
260.175,-0.2,-0.1572820893552726,0.010193151646553038
260.18,-0.2,-0.15668029254530796,-0.17416544165094638
260.185,-0.2,-0.1559913680181564,-0.46535911748022063
260.19,-0.2,-0.15514859639460307,-0.4104946672289481
260.195,-0.2,-0.1542187115649115,-0.38366790809807066
260.2,-0.2,-0.15337385815815657,-0.1151603508370932
260.204999999,-0.2,-0.1528034810896872,0.039220480096819416
260.209999999,-0.2,-0.1526152769760242,0.17908161251612487
260.214999999,-0.2,-0.1527775591500427,0.0029197893035167385
260.22,-0.2,-0.15314023997877854,-0.20988478723290305
260.225,-0.2,-0.15352096867638876,-0.23929322953994828
260.23,-0.2,-0.15379914636803058,-0.5728488083425267
260.235,-0.2,-0.15397347023337893,-0.27100433824498654
260.24,-0.2,-0.1541574483580198,-0.26409247670011715
260.245,-0.2,-0.1545084199373805,0.053003137331242255
260.25,-0.2,-0.1551251754056754,0.29923713323007645
260.255,-0.2,-0.1559673076662138,0.0137963211404337
260.26,-0.2,-0.1568629681826415,-0.32951650456051995
260.265,-0.2,-0.1576179378837879,-0.2894699504260518
260.269999999,-0.2,-0.15812868526094423,-0.4450376329503164
260.274999999,-0.2,-0.15841811335185677,-0.25880768963007555
260.279999999,-0.2,-0.15859922336169152,-0.08495314747663739
260.285,-0.2,-0.15879779347143674,-0.023214624090010988
260.29,-0.2,-0.15907514250291163,0.16279441126487013
260.295,-0.2,-0.1593894540153106,-0.051551151730519315
260.3,-0.2,-0.1596115570485198,-0.05090038257418317
260.305,-0.2,-0.1595841315756562,-0.23796705972736024
260.31,-0.2,-0.15919312670399802,-0.4148021218154248
260.315,-0.2,-0.15842675156093963,-0.3942121256072532
260.32,-0.2,-0.157385596752813,0.03541520341644472
260.325,-0.2,-0.15621082001647074,0.0503469603573767
260.329999999,-0.2,-0.15498217539184772,0.09246792770671408
260.334999999,-0.2,-0.15367293737689952,0.06783293018705677
260.339999999,-0.2,-0.15217399187167915,-0.10158833195857947
260.345,-0.2,-0.15036089162603575,-0.4189740237732977
260.35,-0.2,-0.1481798952102253,-0.2990102466131458
260.355,-0.2,-0.14569818364040837,-0.30395055164127965
260.36,-0.2,-0.1430893914093719,-0.43125211389555707
260.365,-0.2,-0.14058232774495663,0.15055528708058097
260.37,-0.2,-0.13837145627261033,0.2961817163114785
260.375,-0.2,-0.13651174736436353,0.03033480197826975
260.38,-0.2,-0.13490400063353075,-0.17758344314900412
260.385,-0.2,-0.13339918684609095,-0.42297846776968895
260.39,-0.2,-0.1319171334085804,-0.22950466048287987
260.394999999,-0.2,-0.13049039474700938,-0.3958514979938589
260.399999999,-0.2,-0.12923935501109896,-0.1795483972812173
260.404999999,-0.2,-0.12831405159690928,0.06541613379661729
260.41,-0.2,-0.1278159478267376,0.06533441804343038
260.415,-0.2,-0.12773485867025725,0.1303703707671508
260.42,-0.2,-0.12794836393885944,-0.18387046128891016
260.425,-0.2,-0.12828653029774784,-0.24517532228141864
260.43,-0.2,-0.12862364225274772,-0.48151198263121303
260.435,-0.2,-0.12894211292385344,-0.24290924110419235
260.44,-0.2,-0.1293311868186027,-0.3086087639933961
260.445,-0.2,-0.12993009158229168,-0.012912964865465504
260.45,-0.2,-0.13084326532919013,0.30335536868830193
260.454999999,-0.2,-0.13205413567318192,0.1133415072130899
260.459999999,-0.2,-0.13339757837622274,-0.013479840463386364
260.464999999,-0.2,-0.13463041043146012,-0.2920771603527872
260.47,-0.2,-0.13555211325486483,-0.4817016097062987
260.475,-0.2,-0.13609472335404885,-0.21207063169091436
260.48,-0.2,-0.13632308728535228,-0.12241632099473512
260.485,-0.2,-0.1363563921231326,-0.042592728571761176
260.49,-0.2,-0.13627825879612895,0.3033620357577691
260.495,-0.2,-0.13607402009777933,0.058965369367436675
260.5,-0.2,-0.1356184822936257,0.06917705835632085
260.505,-0.2,-0.13473686317181346,-0.39690788938165933
260.51,-0.2,-0.13330948052603744,-0.2944633081546175
260.515,-0.2,-0.1313493234684184,-0.3737105774044849
260.519999999,-0.2,-0.1290016561926414,-0.09842730226623958
260.524999999,-0.2,-0.12647069436626976,0.08463650828348987
260.529999999,-0.2,-0.12391896839203746,0.1622709811438357
260.535,-0.2,-0.12139888146815128,0.07999643351722895
260.54,-0.2,-0.11885527951917742,-0.03510165973845156
260.545,-0.2,-0.11619089267565456,-0.34796811312757436
260.55,-0.2,-0.1133620039900953,-0.4874987253479539
260.555,-0.2,-0.1104515567615688,-0.25021166590750266
260.56,-0.2,-0.10765592407620193,-0.04403236625667148
260.565,-0.2,-0.10518965922219196,0.011561710853442833
260.57,-0.2,-0.10319211725242249,0.04649765505646428
260.575,-0.2,-0.10168908399013361,0.17577923959902292
260.579999999,-0.2,-0.10059818164318461,-0.08046274936224385
260.584999999,-0.2,-0.09977761818957831,-0.33431391897638335
260.589999999,-0.2,-0.09911950743833332,-0.4393047070790911
260.595,-0.2,-0.09862982811270793,-0.33151279338822665
260.6,-0.2,-0.09842775815278525,-0.1147391397790691
260.605,-0.2,-0.09866615691196304,0.05310598882498386
260.61,-0.2,-0.09943380772681105,0.08918953299436011
260.615,-0.2,-0.10070329657025893,-0.006482526479694634
260.62,-0.2,-0.10234387512527664,0.02470261174814367
260.625,-0.2,-0.10417880973867744,-0.4062016340465599
260.63,-0.2,-0.1060682407679744,-0.38971908124659765
260.635,-0.2,-0.10797715706976722,-0.225939445649687
260.64,-0.2,-0.10996083042454631,0.08510988546624698
260.644999999,-0.2,-0.11206439441300403,0.298526123390212
260.649999999,-0.2,-0.11421720488397771,0.24052261969741687
260.654999999,-0.2,-0.11620104678727938,0.15095706016747218
260.66,-0.2,-0.11771316607241103,-0.26895348204915165
260.665,-0.2,-0.11848433384226581,-0.17744013921398882
260.67,-0.2,-0.11837755283132252,-0.3965068945135132
260.675,-0.2,-0.11742037506380074,-0.2552600457874802
260.68,-0.2,-0.1157680860292925,0.12174584289144431
260.685,-0.2,-0.11360588869503759,0.18124030327309243
260.69,-0.2,-0.11104461732587423,0.12755568261702402
260.695,-0.2,-0.10808409162581882,0.22144551081423053
260.7,-0.2,-0.10464583737360474,-0.1494467858724439
260.704999999,-0.2,-0.10065162101105893,-0.4058778520569517
260.709999999,-0.2,-0.09612311373417588,-0.30422824654957986
260.714999999,-0.2,-0.09122923674518008,-0.21511279200631073
260.72,-0.2,-0.08624336603763841,-0.1852391539971483
260.725,-0.2,-0.08145779855811161,0.1557525064303253
260.73,-0.2,-0.07710341008136332,-0.05924647069117289
260.735,-0.2,-0.07330748038261718,0.04064273332617137
260.74,-0.2,-0.07011123680044618,-0.25023231703444926
260.745,-0.2,-0.06752540026137334,-0.201185907736256
260.75,-0.2,-0.06558751902009168,-0.4762177229626718
260.755,-0.2,-0.06440227960948973,-0.39540357170144536
260.76,-0.2,-0.06414001069463558,-0.03680532415873608
260.765,-0.2,-0.06496179200761784,0.203753175794546
260.769999999,-0.2,-0.06690263702006391,0.2621435823908824
260.774999999,-0.2,-0.06980505788411628,0.1734039693189527
260.779999999,-0.2,-0.0733546493901252,-0.16418562457709857
260.785,-0.2,-0.07719266805366409,-0.2309325435240121
260.79,-0.2,-0.08103448405420322,-0.34254119815613815
260.795,-0.2,-0.08473485470440806,-0.4158852544481044
260.8,-0.2,-0.08828211417638179,0.11229500117022412
260.805,-0.2,-0.09171883208031187,0.057414445246160586
260.81,-0.2,-0.09503224121492636,0.3193852311125803
260.815,-0.2,-0.09809025919489645,0.21070565410375836
260.82,-0.2,-0.10065206205740394,0.003137290690431102
260.825,-0.2,-0.10244603702826091,-0.24603148987123674
260.829999999,-0.2,-0.10328560934583224,-0.4788978297621945
260.834999999,-0.2,-0.1031568454182858,-0.2222081559613276
260.839999999,-0.2,-0.10221670137399981,-0.18105838666777468
260.845,-0.2,-0.10070574787566818,0.13626666540781257
260.85,-0.2,-0.0988377564864122,0.12493160290832361
260.855,-0.2,-0.09673007756712972,0.03717687880212854
260.86,-0.2,-0.09440679330030129,-0.06557617333823579
260.865,-0.2,-0.09186061168038509,-0.3342989553855047
260.87,-0.2,-0.08913101206177822,-0.33208032475124305
260.875,-0.2,-0.08635324549904873,-0.2956202654922367
260.88,-0.2,-0.08374356328046761,-0.06227050011566034
260.885,-0.2,-0.08152627736307777,0.056502987809529
260.89,-0.2,-0.07984826939931423,0.15391789231354003
260.894999999,-0.2,-0.07872152468629891,0.3433076296075721
260.899999999,-0.2,-0.07801560940595217,-0.1556911820350827
260.904999999,-0.2,-0.07752416371626547,-0.21909996177713348
260.91,-0.2,-0.07708099215735152,-0.34003360005011785
260.915,-0.2,-0.07663925950053191,-0.2969382021600228
260.92,-0.2,-0.07626808791657969,-0.06562146529776725
260.925,-0.2,-0.07607884066394112,0.25109708316398827
260.93,-0.2,-0.07611920273220743,0.2057891495848626
260.935,-0.2,-0.0763044297774424,0.24893597926770133
260.94,-0.2,-0.07643481235279054,-0.14332222250553256
260.945,-0.2,-0.07628708883515474,-0.22770948802232732
260.95,-0.2,-0.07572606783625042,-0.4468179227660847
260.954999999,-0.2,-0.0747742852644171,-0.324691546185519
260.959999999,-0.2,-0.07359713818429027,0.07156252914979253
260.964999999,-0.2,-0.07239965751011891,0.20899356037790212
260.97,-0.2,-0.07130195303925119,0.16972412390453928
260.975,-0.2,-0.07028683609283397,0.1306456942154818
260.98,-0.2,-0.06923380060032881,0.0013020731053066809
260.985,-0.2,-0.06799627781455735,-0.3087229324319696
260.99,-0.2,-0.06649173413530281,-0.32925162060394514
260.995,-0.2,-0.06476510196747944,-0.28941304135704
261.0,-0.2,-0.06297929012825329,-0.03781042999555243
261.005,-0.2,-0.06133352227742857,0.15479903799418743
261.01,-0.2,-0.05996352370414288,0.1163023135865828
261.015,-0.2,-0.058888913722864415,0.10817292129919276
261.019999999,-0.2,-0.05803078798911191,-0.0580639777487112
261.024999999,-0.2,-0.05727536413063661,-0.23370458476602385
261.029999999,-0.2,-0.05655105329370953,-0.33049692884986964
261.035,-0.2,-0.05588050830341341,-0.18496585306609153
261.04,-0.2,-0.05537237386810256,-0.11989101987969192
261.045,-0.2,-0.05515644738881322,0.19898628166722696
261.05,-0.2,-0.055295567589711214,0.3005979791524304
261.055,-0.2,-0.055718144403506066,0.23561531507730588
261.06,-0.2,-0.05622006219631989,0.005906257409606729
261.065,-0.2,-0.056557647691294025,-0.5603576568398294
261.07,-0.2,-0.05659322488956948,-0.4489291691300907
261.075,-0.2,-0.05638945363180811,-0.3153896098467711
261.079999999,-0.2,-0.056176026811671734,-0.18573427355730246
261.084999999,-0.2,-0.05623273775428042,0.08430842617889217
261.089999999,-0.2,-0.05676775302022548,0.2864811468470159
261.095,-0.2,-0.057832562865692466,0.1396362425088639
261.1,-0.2,-0.05931298204989061,0.025981450786089468
261.105,-0.2,-0.06100485954006871,-0.24333046520154145
261.11,-0.2,-0.06272544710365635,-0.3487059232675597
261.115,-0.2,-0.06439464979752481,-0.1962533767267045
261.12,-0.2,-0.06604315748104825,-0.1978563173883635
261.125,-0.2,-0.06775603700802439,0.11020624460639811
261.13,-0.2,-0.06959284664968422,0.13337069838686194
261.135,-0.2,-0.07151849560049278,0.3505370184189751
261.14,-0.2,-0.07337922969290735,-0.07800589201478655
261.144999999,-0.2,-0.07495862862781451,-0.2737691292031474
261.149999999,-0.2,-0.07609858563844267,-0.5128711589235844
261.154999999,-0.2,-0.07680206405265726,-0.38297759882891114
261.16,-0.2,-0.07723984221016769,-0.11826038257125465
261.165,-0.2,-0.07765623293097437,0.10751513787980871
261.17,-0.2,-0.07823845062428843,0.21460653910176425
261.175,-0.2,-0.07902879961055641,0.22961192250875495
261.18,-0.2,-0.07992340171278985,-0.18942801340098048
261.185,-0.2,-0.08075647327451868,-0.20258393530392274
261.19,-0.2,-0.08141396475004739,-0.4259106769726059
261.195,-0.2,-0.08190418602804722,-0.3408634275813931
261.2,-0.2,-0.08235486464913114,-0.07858081032141094
261.204999999,-0.2,-0.08293707073454189,0.15249468198417185
261.209999999,-0.2,-0.0837541734196759,0.22674305260227157
261.214999999,-0.2,-0.08476867480896601,0.19485801732251323
261.22,-0.2,-0.08580738311216354,0.056813750684626046
261.225,-0.2,-0.08664238716169718,-0.5184865186480447
261.23,-0.2,-0.08711538037783112,-0.2136580745915002
261.235,-0.2,-0.08721261015307079,-0.1351072366677856
261.24,-0.2,-0.08703193802352353,-0.22311121919214644
261.245,-0.2,-0.08669909918705197,0.3588971207242361
261.25,-0.2,-0.08627877245511101,0.26770890853724644
261.255,-0.2,-0.08571068883614104,0.011796240630140425
261.26,-0.2,-0.08483757886726757,-0.0328770122555794
261.265,-0.2,-0.08350563928979898,-0.2884012787533616
261.269999999,-0.2,-0.08165605622228551,-0.3948274994490985
261.274999999,-0.2,-0.07938289595613424,-0.5980801747901825
261.279999999,-0.2,-0.07693948615670242,0.013239678524477827
261.285,-0.2,-0.07465143702894042,0.08964033416376632
261.29,-0.2,-0.07276901016445086,0.3022136355334552
261.295,-0.2,-0.07136565968851565,0.22044769861586871
261.3,-0.2,-0.07034135365895851,-0.09379158759888159
261.305,-0.2,-0.06951568219950463,-0.2521260701920403
261.31,-0.2,-0.0687570481135613,-0.5484564329168578
261.315,-0.2,-0.06807503273833056,-0.2885871070115069
261.32,-0.2,-0.06762220390759066,-0.21148267129831222
261.325,-0.2,-0.06760769743357575,0.1211308953095992
261.329999999,-0.2,-0.06818182693741379,0.1242686810480294
261.334999999,-0.2,-0.06936295260079722,0.054533425977847466
261.339999999,-0.2,-0.07104224422220552,-0.030547417541541187
261.345,-0.2,-0.07305184115301358,-0.35165208441906637
261.35,-0.2,-0.0752561393544447,-0.33181860087086384
261.355,-0.2,-0.0776222080959397,-0.4783694281545444
261.36,-0.2,-0.0802264415352516,0.02808056492000835
261.365,-0.2,-0.08317750121823794,0.15070422370685968
261.37,-0.2,-0.08650060001647282,0.1842017201993611
261.375,-0.2,-0.09007421141727,0.1629546729065989
261.38,-0.2,-0.09365532319121893,-0.04237231488737381
261.385,-0.2,-0.09696459366018553,-0.3193255700749749
261.39,-0.2,-0.09979551686899932,-0.4347195366878196
261.394999999,-0.2,-0.10209661063384724,-0.3818722344749441
261.399999999,-0.2,-0.10397048704733475,-0.027791469653155848
261.404999999,-0.2,-0.1055846227895108,0.03462360869168818
261.41,-0.2,-0.10705330139767194,0.33458953485705617
261.415,-0.2,-0.10836088291065071,0.0962167692623958
261.42,-0.2,-0.10936781581838899,-0.09290900920873449
261.425,-0.2,-0.1098954927186158,-0.19888236371381018
261.43,-0.2,-0.10983282441929114,-0.4942656616530887
261.435,-0.2,-0.10920455517220426,-0.21778770629133543
261.44,-0.2,-0.10816192697602428,-0.005061904345633306
261.445,-0.2,-0.10689656629399019,-0.02979551933708638
261.45,-0.2,-0.10554401950461836,0.31181560261861635
261.454999999,-0.2,-0.10412964749671323,0.06479823194710908
261.459999999,-0.2,-0.10257759621083545,-0.22381543273270618
261.464999999,-0.2,-0.10078926556876214,-0.13202461465646642
261.47,-0.2,-0.09872697039239905,-0.26108189186205555
261.475,-0.2,-0.09643733961976839,-0.12051051898132178
261.48,-0.2,-0.09402826659565286,-0.16229536701507702
261.485,-0.2,-0.0916302046000005,0.007882899729276666
261.49,-0.2,-0.08935137968456046,0.09925139458557555
261.495,-0.2,-0.08724001466661005,-0.030109182442133592
261.5,-0.2,-0.08528479845269113,-0.17587282569080648
261.505,-0.2,-0.08346249356897116,-0.21823254080737742
261.51,-0.2,-0.08179190748875162,-0.3028601037441876
261.515,-0.2,-0.08036143147943986,-0.38315281882654295
261.519999999,-0.2,-0.07932439345915138,-0.06179425255469736
261.524999999,-0.2,-0.07885008378290947,-0.017925788641308685
261.529999999,-0.2,-0.0790473719508916,0.07216646417345216
261.535,-0.2,-0.07991134207867338,0.20624312593344454
261.54,-0.2,-0.08132096684614094,-0.2355507412653488
261.545,-0.2,-0.08309866215659432,-0.23796429036574773
261.55,-0.2,-0.08510737221620147,-0.4525974525618925
261.555,-0.2,-0.08731298059496287,-0.18626361910596728
261.56,-0.2,-0.0897700880677579,-0.1810135871396717
261.565,-0.2,-0.09255509057134823,0.03048997932050053
261.57,-0.2,-0.0956882323944011,0.2770187193755442
261.575,-0.2,-0.09907053722165529,0.1800581416197543
261.579999999,-0.2,-0.1024783120547607,-0.21094861385493363
261.584999999,-0.2,-0.105653520634566,-0.405957708600293
261.589999999,-0.2,-0.10843717819404723,-0.49424839142497395
261.595,-0.2,-0.11084120083708095,-0.2946510413021161
261.6,-0.2,-0.11301393597277128,-0.10091064484729843
261.605,-0.2,-0.11513265398084518,0.1588477668768633
261.61,-0.2,-0.11728913734192019,0.20855933819657263
261.615,-0.2,-0.11943454376188613,-0.07103910512313752
261.62,-0.2,-0.1214169868029906,-0.0996746248979149
261.625,-0.2,-0.12307638524822538,-0.36591912718802555
261.63,-0.2,-0.12432789115253734,-0.2556176860176543
261.635,-0.2,-0.12519551267563,-0.33481905838772413
