t,reference,measured,noisy
365.18,0.2,3.4402312364318855e-06,0.11012624534930403
365.185,0.2,1.6759125879960332e-05,-0.2993476303500493
365.19,0.2,1.9180605107415864e-05,-0.24094318884001376
365.195,0.2,-7.815570254932395e-05,-0.10598978891829137
365.2,0.2,-0.0004260493167012557,-0.21749773738713793
365.205,0.2,-0.0011846074248140258,0.22952218078428913
365.21,0.2,-0.002450620771669606,0.2889774054676171
365.215,0.2,-0.004190972536649212,0.1465484834577715
365.22,0.2,-0.0062386274152031644,0.13536296586673743
365.225,0.2,-0.008360581452773545,-0.14271245554717943
365.23,0.2,-0.010353433996179717,-0.36862097148854833
365.235,0.2,-0.012126886704003765,-0.1781935824056316
365.24,0.2,-0.01371671786950045,0.1178401746623455
365.245,0.2,-0.015201714131408072,0.2179037475536818
365.25,0.2,-0.016588270387525313,0.5743292064543674
365.255,0.2,-0.01773751645904048,0.2764631033348764
365.26,0.2,-0.018376155015360357,0.18290120333905635
365.265,0.2,-0.018194953389991535,-0.19842654847172211
365.27,0.2,-0.016982113419709986,-0.3076231936035848
365.275,0.2,-0.014719011049070389,-0.30909825901863064
365.28,0.2,-0.011585588058625359,0.05151744275792789
365.285,0.2,-0.0078621329788119,0.33121447499105633
365.29,0.2,-0.0037845640336484736,0.33776683473704566
365.295,0.2,0.0005408039709296413,0.0623660310700688
365.3,0.2,0.005102787413869991,-0.15023487205335886
365.305,0.2,0.00987667725688264,-0.29655240193554866
365.31,0.2,0.014733700207026952,-0.30691331490173457
365.315,0.2,0.01941485039323593,-0.3914231230298139
365.32,0.2,0.02356356143168953,-0.06010241407321929
365.325,0.2,0.026812200857783297,0.21759458405411647
365.33,0.2,0.028903797565342705,0.30716358112821024
365.335,0.2,0.029777946203742484,0.19572596000614068
365.34,0.2,0.02956202920619329,0.08584317510802165
365.345,0.2,0.02848493868337837,-0.1886895111307455
365.35,0.2,0.026765979347320355,-0.2925031058714407
365.355,0.2,0.024533927749512796,-0.105088805666227
365.36,0.2,0.021823613360257385,-0.0057950327310979655
365.365,0.2,0.01864287205700947,0.2018441450026161
365.37,0.2,0.01505843091915615,0.4357495141100934
365.375,0.2,0.011260280700031338,0.3463086720360412
365.38,0.2,0.007566837204204114,0.14678892548069672
365.385,0.2,0.004346411730031544,-0.16083431214246985
365.39,0.2,0.0018915964786830443,-0.2595467085898759
365.395,0.2,0.00032954470899064357,-0.05985841426066256
365.4,0.2,-0.00036888343527354916,0.134125199528289
365.405,0.2,-0.00029898939563101313,0.20554647185662522
365.41,0.2,0.0004703150037513248,0.2995635290892989
365.415,0.2,0.0019443860130385407,0.3802309578399874
365.42,0.2,0.004203493622855236,0.04627600373069413
365.425,0.2,0.007348913911253017,-0.06784698811599063
365.43,0.2,0.011413574998683205,-0.17581707129719656
365.435,0.2,0.016299920608715622,-0.1674247844792485
365.44,0.2,0.02178958914168649,0.21988735945093843
365.445,0.2,0.027626506642473004,0.30725182465713285
365.45,0.2,0.03362347574383967,0.3609750427231389
365.455,0.2,0.03971955457587542,0.3905548756453347
365.46,0.2,0.04596195685825623,-0.008782942446365696
365.465,0.2,0.05243062469877058,0.09564631714334654
365.47,0.2,0.05915357165177549,-0.12874407179158798
365.475,0.2,0.06605818353153968,-0.17977731081090853
365.48,0.2,0.07296165847961361,-0.034445652195134166
365.485,0.2,0.07961482592048771,0.427548470300132
365.49,0.2,0.08580694715202912,0.3006366503450164
365.495,0.2,0.09145462825719033,0.31246353717487546
365.5,0.2,0.09659339485418267,-0.0816623612958838
365.505,0.2,0.10129176836050852,0.03092276994673028
365.51,0.2,0.10557032687706641,-0.10231262060512354
365.515,0.2,0.10937510743361437,-0.042355771416703165
365.52,0.2,0.11259587917805845,0.0722179076349824
365.525,0.2,0.1151171716996738,0.3774968737072897
365.53,0.2,0.11689335496374233,0.334780566399571
365.535,0.2,0.11799879046249909,0.2620337940733695
365.54,0.2,0.11860968134985865,0.1919622142472205
365.545,0.2,0.11893130329469295,-0.20366842667964946
365.55,0.2,0.11911185479210284,0.048765485013147675
365.555,0.2,0.11919699464522124,-0.029250026521072874
365.56,0.2,0.11914820774512547,-0.02491068666899246
365.565,0.2,0.11888831693468899,0.24626465852315851
365.57,0.2,0.11836562365469436,0.6139271714302376
365.575,0.2,0.11764043802720243,0.4401719639314572
365.58,0.2,0.11691756289867783,0.15162202920778212
365.585,0.2,0.11646807732844296,0.07643891800962441
365.59,0.2,0.11650169454107086,-0.3102928373478725
365.595,0.2,0.11707123773553017,-0.14680033699611755
365.6,0.2,0.11805498273085911,0.10398894038134282
365.605,0.2,0.11924008028822246,0.39545999984671526
365.61,0.2,0.12045807365309019,0.43917029971740823
365.615,0.2,0.12167646938081036,0.43633621477239515
365.62,0.2,0.12299911735361437,0.19960876669494418
365.625,0.2,0.12459041138897194,0.004773527972499962
365.63,0.2,0.12656732096604792,-0.19651357398168262
365.635,0.2,0.12891856018690784,-0.0005122671211859817
365.64,0.2,0.1315037452044293,0.13633664974933749
365.645,0.2,0.13413627701796269,0.48121704928990006
365.65,0.2,0.13669855729235295,0.5533495873756085
365.655,0.2,0.13921245360097176,0.23101512472904603
365.66,0.2,0.141804753991871,0.04345786686654812
365.665,0.2,0.14459794983855634,0.05470197907045066
365.67,0.2,0.14762083650320196,-0.2062359549062927
365.675,0.2,0.15077893823417896,0.05073280375425261
365.68,0.2,0.15387692964056035,0.0067908202543236484
365.685,0.2,0.15668859463359705,0.4530928048336348
365.69,0.2,0.15906046953322744,0.6520878465045712
365.695,0.2,0.16100428129233618,0.44993151569401146
365.7,0.2,0.1627040695488197,0.28193482227642025
365.705,0.2,0.1644191772972532,0.027096659980814522
365.71,0.2,0.16635578684751012,-0.06519388906549065
365.715,0.2,0.16858261574975736,-0.04986286312669995
365.72,0.2,0.17101843031443542,-0.0016885324598985008
365.725,0.2,0.17348852241163643,0.4500993584658235
365.73,0.2,0.17583913626913655,0.7241405549741069
365.735,0.2,0.178057308218884,0.4594328421521082
365.74,0.2,0.180292306317382,0.19925613117714824
365.745,0.2,0.18274570698698012,-0.13801634184906095
365.75,0.2,0.18552252050377513,-0.13140416959716802
365.755,0.2,0.1885606124977628,0.2137707957561959
365.76,0.2,0.19168479890855705,0.31583385656150464
365.765,0.2,0.19472233582542017,0.33190008500824897
365.77,0.2,0.19758392465372115,0.5550018036870598
365.775,0.2,0.20028825955514795,0.3148481024933835
365.78,0.2,0.20293486970706978,0.10903884944149084
365.785,0.2,0.2056219391428236,-0.059000308802228556
365.79,0.2,0.20835632465111248,-0.052108132646753624
365.795,0.2,0.21102089406937496,0.031039391120987705
365.8,0.2,0.2134081851671071,0.05656342663598912
365.805,0.2,0.21529316577190308,0.4882139729836299
365.81,0.2,0.21652421047956072,0.42842402565885607
365.815,0.2,0.21709535030556612,0.5381846810603415
365.82,0.2,0.21715552208128003,0.40509963148233163
365.825,0.2,0.21694421187003832,-0.11950039738851229
365.83,0.2,0.21667012200008115,-0.08207551630081614
365.835,0.2,0.21640619334237307,0.059909252347480776
365.84,0.2,0.21609442373181748,0.3386619981943233
365.845,0.2,0.21565026505258877,0.5384061851726194
365.85,0.2,0.21507507087928066,0.5587609159436138
365.855,0.2,0.21450403267614226,0.44394554083369275
365.86,0.2,0.21416417903015528,0.07572906492557374
365.865,0.2,0.21427378764591049,0.2515657107171985
365.87,0.2,0.2149558965631086,-0.09861309236178463
365.875,0.2,0.2162064464973254,0.19731278515737177
365.88,0.2,0.21791684836158157,0.28437036118765463
365.885,0.2,0.2199486406672239,0.5640160073498477
365.89,0.2,0.22222588027237114,0.549590503064591
365.895,0.2,0.2247818152698064,0.3934759264749002
365.9,0.2,0.22772965336591822,0.3206239760741331
365.905,0.2,0.23118092110774663,-0.04361724067277938
365.91,0.2,0.23515473474617374,-0.020279740991436618
365.915,0.2,0.23951944076033796,-0.11191200950336681
365.92,0.2,0.24400250556848138,0.2281315134181413
365.925,0.2,0.24827485358911827,0.4030623902445539
365.93,0.2,0.2520737648998343,0.6616993751424723
365.935,0.2,0.255300857712953,0.557509411454512
365.94,0.2,0.2580292749371604,0.08977879957086435
365.945,0.2,0.2604108457416066,0.32611634140664425
365.95,0.2,0.26256893577419904,0.031432692381048455
365.955,0.2,0.2645481581860322,0.08574080633455705
365.96,0.2,0.2663106403922522,0.2697605625945976
365.965,0.2,0.2677736258998716,0.3594198511665229
365.97,0.2,0.2688723761453434,0.280008958769967
365.975,0.2,0.26959561211460004,0.390208166754314
365.98,0.2,0.2699821073782691,0.2452253921934883
365.985,0.2,0.27008993405714327,-0.04981334112623602
365.99,0.2,0.2699353433843522,-0.05652105181381868
365.995,0.2,0.2694424941646724,0.11570010024653787
366.0,0.2,0.26847330060659563,0.504146166250218
366.005,0.2,0.2669303636143494,0.4407666617260798
366.01,0.2,0.2648389895570807,0.3753623991621837
366.015,0.2,0.26234843676085046,0.5371083466484907
366.02,0.2,0.2596880357736595,0.2510754654330947
366.025,0.2,0.25710415725137226,-0.012179139476445514
366.03,0.2,0.25477146920969534,0.008731003459529915
366.035,0.2,0.2527258513365422,-0.0452868199549062
366.04,0.2,0.25087156488299994,0.23027876298575575
366.045,0.2,0.24905662374570034,0.44358352232159576
366.05,0.2,0.24717551461623286,0.4782131286993899
366.055,0.2,0.24523974594355824,0.5052205867757361
366.06,0.2,0.24336819387283581,-0.006720199955794093
366.065,0.2,0.24169730760480732,0.04431242539239859
366.07,0.2,0.2402720716628166,-0.22452410570795908
366.075,0.2,0.2389870703122822,-0.17580796807425328
366.08,0.2,0.2376025445603768,0.23689928538245433
366.085,0.2,0.23584319978163495,0.4861148739381167
366.09,0.2,0.2335399383080549,0.5463435913060735
366.095,0.2,0.2307141079145092,0.4287303770821371
366.1,0.2,0.22755380135383466,0.29272914829454916
366.105,0.2,0.22431422176913643,-0.08120719988340191
366.11,0.2,0.22119558418540194,-0.08459499218560224
366.115,0.2,0.2182611666932494,0.014472333221047535
366.12,0.2,0.2154485366388659,0.2830950931704357
366.125,0.2,0.2126720905476991,0.7835577115182544
366.13,0.2,0.20995151482779614,0.42587694866762493
366.135,0.2,0.20746286023006003,0.46240293111835146
366.14,0.2,0.205471103511327,0.10416740620461744
366.145,0.2,0.2042117635033295,0.06121356463677939
366.15,0.2,0.20379522341571077,-0.13395320472249025
366.155,0.2,0.2041628478659914,-0.020473206718510217
366.16,0.2,0.20511038503753787,0.23217157890300405
366.165,0.2,0.20637860112738032,0.4298915095136033
366.17,0.2,0.2077628030427276,0.33835608224742875
366.175,0.2,0.20916733615323546,0.35234582335950926
366.18,0.2,0.21058526151831597,0.15634657318007428
366.185,0.2,0.2120320583594183,-0.1288283313619813
366.19,0.2,0.21345931855286368,-0.23491888673831382
366.195,0.2,0.2146985295396475,0.0990033464449445
366.2,0.2,0.21549554484007016,0.1667498421530521
366.205,0.2,0.215617561385415,0.47620801086242304
366.21,0.2,0.21495579248141672,0.4684471645348048
366.215,0.2,0.21357172770235894,0.423973410611512
366.22,0.2,0.2116674407085582,0.15467409099627613
366.225,0.2,0.20948946849158345,-0.08010764836394542
366.23,0.2,0.20721795358809628,0.001061795321076739
366.235,0.2,0.20490267864481243,-0.2420871224987721
366.24,0.2,0.20245772526599168,-0.06972965484280838
366.245,0.2,0.19970701740168548,0.3536647294912403
366.25,0.2,0.19649190990043258,0.5022615123504437
366.255,0.2,0.19279215344031986,0.484148727210795
366.26,0.2,0.18875991993445057,0.1589266687354394
366.265,0.2,0.18464569712975837,0.20750555793397774
366.27,0.2,0.18068551824596443,-0.22623478856287701
366.275,0.2,0.17701522604094166,0.10186072277184192
366.28,0.2,0.17365273511667834,0.17041742749490535
366.285,0.2,0.1705602522087508,0.3939033444584519
366.29,0.2,0.16774080966027413,0.6385005063813297
366.295,0.2,0.16530781623119914,0.4130438651871545
366.3,0.2,0.1634817125513661,0.2618413601472261
366.305,0.2,0.16250653011107147,0.0818700741181275
366.31,0.2,0.16254819148287666,0.06954991314746001
366.315,0.2,0.1636372494172613,-0.047045545292572113
366.32,0.2,0.16566855341660827,0.2358045840003024
366.325,0.2,0.16845469350696662,0.32912683829279854
366.33,0.2,0.1718125474873667,0.4637364981705743
366.335,0.2,0.17563572124276758,0.5312559620855618
366.34,0.2,0.17991866675411058,0.3531513582615268
366.345,0.2,0.18472249194875448,0.1938521356906918
366.35,0.2,0.1900889506280483,-0.20526260369838906
366.355,0.2,0.19594445899065988,0.023713512149457383
366.36,0.2,0.20207155231802895,0.22259768596305338
366.365,0.2,0.20818535709677813,0.41831166484434873
366.37,0.2,0.2140495279443888,0.41143249762688694
366.375,0.2,0.2195358999864626,0.21309870578711637
366.38,0.2,0.224594631650152,0.004079539920719466
366.385,0.2,0.22917288399462668,-0.02579030536363412
366.39,0.2,0.2331478713339095,-0.1840463593698761
366.395,0.2,0.2363112613205581,0.06629530857475269
366.4,0.2,0.2384098723502243,0.13758581847819423
366.405,0.2,0.23922579472126235,0.3353920566269649
366.41,0.2,0.23866154328671893,0.6192559460088424
366.415,0.2,0.23679899290291373,0.39080925513946735
366.42,0.2,0.23388550518121431,0.04605496033505532
366.425,0.2,0.23022813684941598,0.06671839923178781
366.43,0.2,0.22607748675059933,0.0027520716523112693
366.435,0.2,0.22157893968103276,-0.09597041748105825
366.44,0.2,0.21678297711649805,0.28347283323327654
366.445,0.2,0.2117112845809874,0.6396792215668125
366.45,0.2,0.20646550099011068,0.4627533174604259
366.455,0.2,0.20128434411303217,0.3893475321629651
366.46,0.2,0.19649707245344647,0.3590259333927456
366.465,0.2,0.19242964292473616,-0.0484618796963899
366.47,0.2,0.18930758272229756,-0.11822573614050799
366.475,0.2,0.18718495170206947,0.09820246814413829
366.48,0.2,0.18595515680281624,0.1357967489007803
366.485,0.2,0.1854347761614698,0.30514990178702245
366.49,0.2,0.18545065943695024,0.3528607798333693
366.495,0.2,0.1858962841297592,0.46789116858723895
366.5,0.2,0.1867506757559798,0.22373326645591565
366.505,0.2,0.18804212158209502,-0.016657782861645647
366.51,0.2,0.18976237509848687,-0.12439346351617638
366.515,0.2,0.19178951109829642,-0.13570754044362449
366.52,0.2,0.19388146127887218,0.18387373892416514
366.525,0.2,0.19575735136853617,0.49856823541749107
366.53,0.2,0.19722663641917146,0.5823104703272316
366.535,0.2,0.1982775291859453,0.4229614524572453
366.54,0.2,0.19906206432148751,0.3176294132145858
366.545,0.2,0.1997996565461688,-0.012311583394801361
366.55,0.2,0.20065836285308228,-0.12451310586045283
366.555,0.2,0.20166744501240366,-0.07485093357600872
366.56,0.2,0.20270767069127144,0.13163133161805762
366.565,0.2,0.20359154503827384,0.5293252637625595
366.57,0.2,0.2041935652882257,0.6315604771822569
366.575,0.2,0.20454843471820933,0.4517804257918106
366.58,0.2,0.20484418505415491,0.2844565674380573
366.585,0.2,0.2053200846567556,-0.00717644501677369
366.59,0.2,0.20614091782178587,-0.14130933879583552
366.595,0.2,0.2073169230931242,0.06972041708017812
366.6,0.2,0.2087127829422413,0.11364036269456668
366.605,0.2,0.2101275691790022,0.28466742916070187
366.61,0.2,0.21139173198058048,0.6334437436681606
366.615,0.2,0.21245286100673433,0.5392382957098419
366.62,0.2,0.21341056543949355,0.3328474258726998
366.625,0.2,0.21445462450322067,0.01423419457869728
366.63,0.2,0.21573660950861764,-0.14874743551849953
366.635,0.2,0.21726338405434573,-0.09155509688063702
366.64,0.2,0.21888451708499043,0.27426503020176296
366.645,0.2,0.2203790395503349,0.25533895689811126
366.65,0.2,0.22157484338359731,0.6642033814832571
366.655,0.2,0.2224345448799919,0.48408474940901286
366.66,0.2,0.2230687244581074,0.19050980359253097
366.665,0.2,0.22365316142456754,-0.04040911527364849
366.67,0.2,0.22429908330556736,-0.13126438027481221
366.675,0.2,0.22497232549084634,-0.055023761780977384
366.68,0.2,0.22550855705061032,0.2679081644638525
366.685,0.2,0.22570939712858099,0.4182826439744331
366.69,0.2,0.22545350266195574,0.36068358540127254
366.695,0.2,0.22474212909549465,0.23985861484449156
366.7,0.2,0.22366321141817544,0.19456949356762418
366.705,0.2,0.22232430319603882,0.04294170851888095
366.71,0.2,0.22079399456788681,-0.06416917547373677
366.715,0.2,0.21906490767579667,0.0415500086441721
366.72,0.2,0.21706058434768824,0.22148856399352967
366.725,0.2,0.2146946159823788,0.33530093811507616
366.73,0.2,0.21194508366555628,0.4523733806592978
366.735,0.2,0.2088952859975266,0.289835301348305
366.74,0.2,0.2057165356327188,0.23620636353850527
366.745,0.2,0.2026028789810817,-0.02311911410483687
366.75,0.2,0.1996962160622933,0.08732346168440488
366.755,0.2,0.1970443806339854,-0.02555325838622492
366.76,0.2,0.19461183402088036,0.30249372162689286
366.765,0.2,0.1923437735397615,0.5798336391241766
366.77,0.2,0.19025906837298145,0.5012218380922369
366.775,0.2,0.1885039439929458,0.5172225373056611
366.78,0.2,0.18732261311255957,0.27954091352561083
366.785,0.2,0.18696385675275803,-0.12974894280991237
366.79,0.2,0.18756666667001295,0.05372804106266682
366.795,0.2,0.18909293410666056,-0.08999852332801007
366.8,0.2,0.19134566285452237,0.10711262473799803
366.805,0.2,0.19404655572103044,0.4336811232123684
366.81,0.2,0.1969415435254832,0.41347005200363574
366.815,0.2,0.19988024823013611,0.261554222536886
366.82,0.2,0.2028102421963522,0.16703266860403962
366.825,0.2,0.20570788316911945,-0.010881757991270086
366.83,0.2,0.20850361399501385,-0.1958424004046771
366.835,0.2,0.21103712222665555,0.0853940480215487
366.84,0.2,0.21307514423893173,0.10892466403142204
366.845,0.2,0.21439619233096854,0.594128082550324
366.85,0.2,0.21489852497876863,0.536901951932803
366.855,0.2,0.21466165533837564,0.33199081200754693
366.86,0.2,0.21390215990459005,0.048385036701660555
366.865,0.2,0.21285380492174721,0.10511383123476577
366.87,0.2,0.21166549110994054,-0.22741629161886873
366.875,0.2,0.21035447210791844,-0.05558494713574375
366.88,0.2,0.20882101219948138,0.3423170101868481
366.885,0.2,0.20694076362258407,0.4006930851721371
366.89,0.2,0.2046779970804719,0.40883427858570015
366.895,0.2,0.20213137852118218,0.4779081512697034
366.9,0.2,0.19950442232164156,0.11894077250813055
366.905,0.2,0.19701853555809937,-0.2418540735387386
366.91,0.2,0.19479187913515758,-0.15812289983280325
366.915,0.2,0.19276857624101873,-0.06651196528941275
366.92,0.2,0.19075869237657828,0.17135188213644165
366.925,0.2,0.18855631412008605,0.6059288863910999
366.93,0.2,0.1860714763911339,0.5294524237940406
366.935,0.2,0.18339585459333457,0.2411112692003549
366.94,0.2,0.18074189703230498,-0.011590106211567558
366.945,0.2,0.17831242012937795,0.13384832682404949
366.95,0.2,0.17621716920202377,-0.03772359272530053
366.955,0.2,0.17446120137595517,-0.02261665567236257
366.96,0.2,0.17296561952927733,0.21885098167646624
366.965,0.2,0.17162727006189196,0.585495590779808
366.97,0.2,0.17041847540061522,0.5154258746179381
366.975,0.2,0.16945188047876464,0.46030282062501227
366.98,0.2,0.16895087038628426,0.23922367434620057
366.985,0.2,0.16915470870942698,0.09873263093034346
366.99,0.2,0.1702155189450465,-0.1718461024967028
366.995,0.2,0.1721278733479364,0.046200117489621925
367.0,0.2,0.1747283280903593,0.09794450068362576
367.005,0.2,0.1777759500776444,0.5520702762384423
367.01,0.2,0.1810748343582385,0.5687533301507769
367.015,0.2,0.18455884181869514,0.25855545690138815
367.02,0.2,0.18826599378526904,0.07556647784006304
367.025,0.2,0.19222942430337991,-0.025176198835719307
367.03,0.2,0.1963884943439774,-0.0019250019827186382
367.035,0.2,0.20057529139329197,0.0971890710311449
367.04,0.2,0.20456384482437168,0.29006619224710706
367.045,0.2,0.20814653168603045,0.29545826144480913
367.05,0.2,0.21119978808029313,0.5224928623741203
367.055,0.2,0.2137190462728085,0.39622018987583535
367.06,0.2,0.21580644447727373,0.11240830151568659
367.065,0.2,0.217597498091128,0.03354931399648889
367.07,0.2,0.21916910810472273,-0.018239748834431246
367.075,0.2,0.22049710293316704,0.06247454311231122
367.08,0.2,0.221481279697536,0.27104366583468453
367.085,0.2,0.22200792335930739,0.14112393457744615
367.09,0.2,0.22200482719692272,0.4115163410714755
367.095,0.2,0.22147788040450397,0.5309814096458718
367.1,0.2,0.22053583658142678,0.2502585371064411
367.105,0.2,0.21936612341483308,0.147515962492637
367.11,0.2,0.21814374785407115,-0.2584849216535654
367.115,0.2,0.2169343327564714,0.07881029226498684
367.12,0.2,0.21567261450677738,0.1094151229288765
367.125,0.2,0.21423435405112978,0.41100635471830854
367.13,0.2,0.21254587195970076,0.6224902415960214
367.135,0.2,0.21066193941350644,0.30336012265701895
367.14,0.2,0.20875435700118863,0.12905229121233258
367.145,0.2,0.20701059495527993,-0.06773838553201451
367.15,0.2,0.20552317715882196,-0.1386754907635284
367.155,0.2,0.20424291990266152,0.05370539421602662
367.16,0.2,0.20301187411572957,0.12605516477556866
367.165,0.2,0.2016460987721497,0.30333530948619825
367.17,0.2,0.20001986962591903,0.4386810779539422
367.175,0.2,0.19812648222767065,0.5736836366049245
367.18,0.2,0.19609680036929475,0.2068818074926689
367.185,0.2,0.1941444238893188,0.07988113981083333
367.19,0.2,0.19245265261640215,-0.180220134165627
367.195,0.2,0.19107846936705164,-0.026836414062370292
367.2,0.2,0.18994438255759624,0.3470892313479612
367.205,0.2,0.1889277061178993,0.3864184394090622
367.21,0.2,0.18797912682999943,0.6979213715471525
367.215,0.2,0.1871928856837462,0.5041985019523725
367.22,0.2,0.18679444612631368,0.25663129763571857
367.225,0.2,0.1870404023500494,-0.105204612483837
367.23,0.2,0.18808145332190818,-0.06110394115775486
367.235,0.2,0.18988320430038802,-0.031493580063182036
367.24,0.2,0.19224932853748677,0.17228852789717772
367.245,0.2,0.19491206068742098,0.2852736724736423
367.25,0.2,0.1976340274683208,0.4968648887396973
367.255,0.2,0.2002801583341389,0.32224559846918527
367.26,0.2,0.20282602277210363,0.20838158210364052
367.265,0.2,0.20529846560380136,0.010276870739704055
367.27,0.2,0.2076895871239062,-0.15063993887858984
367.275,0.2,0.20989697314205116,0.025138260416212442
367.28,0.2,0.21173162106796822,0.20438760793546867
367.285,0.2,0.21300118564331674,0.5484010610862038
367.29,0.2,0.21361639511805633,0.40428180165261557
367.295,0.2,0.21364113775718055,0.39994954704026886
367.3,0.2,0.2132546478826186,0.15431905544262736
367.305,0.2,0.21265944706065298,-0.04335104249805779
367.31,0.2,0.2119840177347371,-0.12213799206500006
367.315,0.2,0.2112297263221814,0.10454639728508888
367.32,0.2,0.21030273559636464,0.3282254651272367
367.325,0.2,0.20911364186073148,0.4956007288048442
367.33,0.2,0.2076672327606957,0.3067475773795575
367.335,0.2,0.206079555500727,0.4215539680209019
367.34,0.2,0.20453293545767925,0.1432819549545095
367.345,0.2,0.20320960618972359,0.11070340935468466
367.35,0.2,0.20222040092330368,-0.22976966155605005
367.355,0.2,0.20154377476258234,-0.09821410615097353
367.36,0.2,0.2010179376013146,0.1695141012215985
367.365,0.2,0.2004249423045583,0.5753138219870378
367.37,0.2,0.19963223369424932,0.605775920504336
367.375,0.2,0.19868809482964403,0.48492415293166713
367.38,0.2,0.19780065649800987,0.22100991199449013
367.385,0.2,0.19722225623086698,-0.07045708072662418
367.39,0.2,0.1971222724346287,0.13074118983597877
367.395,0.2,0.1975272037900955,-0.09165546844988892
367.4,0.2,0.19833250538279523,0.04573907811178121
367.405,0.2,0.19935001869540392,0.31724863527964836
367.41,0.2,0.20038295278996374,0.27136987380214284
367.415,0.2,0.201299614780713,0.3767720544907936
367.42,0.2,0.20205776186122193,0.2005001209963664
367.425,0.2,0.20267909555678593,0.21834231916019448
367.43,0.2,0.20319855408107335,-0.08361455343879813
367.435,0.2,0.20360770095956443,0.0029867245444135174
367.44,0.2,0.20382632139941323,0.15754762855872695
367.445,0.2,0.20373798578787028,0.36289561414723226
367.45,0.2,0.20327423856929935,0.5538016534526339
367.455,0.2,0.20248478545676057,0.3740238948560212
367.46,0.2,0.2015383452915208,0.2831316675061467
367.465,0.2,0.20064723768969076,-0.07718750328932496
367.47,0.2,0.19995975224149787,-0.09622027319632939
367.475,0.2,0.19948574368467367,-0.03906446090779281
367.48,0.2,0.199104231827619,0.19480247465712525
367.485,0.2,0.19864944785075866,0.46126518743441514
367.49,0.2,0.1980185863472007,0.3783730038650927
367.495,0.2,0.19723166880867515,0.4461775551884367
367.5,0.2,0.19641081174867556,0.024031855288321524
367.505,0.2,0.19569286112948323,-0.09204123335594537
367.51,0.2,0.19513136612933515,0.03659424922012619
367.515,0.2,0.19466451044445765,0.05560342250581121
367.52,0.2,0.19415725638070339,0.08635022148755557
367.525,0.2,0.19345991323434014,0.2367288319851324
367.53,0.2,0.1924668784146245,0.5983986439495057
367.535,0.2,0.19118290527434897,0.3950100838373464
367.54,0.2,0.18974170214859792,0.10884353842980875
367.545,0.2,0.188331536434453,0.1021848828686957
367.55,0.2,0.1870905530621906,-0.08794192202587396
367.555,0.2,0.18605059049135061,0.03108005323007943
367.56,0.2,0.18514112474511124,0.08779578587522002
367.565,0.2,0.18424335417461232,0.4123881961026985
367.57,0.2,0.1832861245218437,0.7790953721991529
367.575,0.2,0.182343689275458,0.48409450961211187
367.58,0.2,0.1816445588822816,0.10369129647978301
367.585,0.2,0.18145081401919855,-0.07054475989547992
367.59,0.2,0.18190284630809472,-0.21759902562710556
367.595,0.2,0.18294497303853363,-0.0007818331974944765
367.6,0.2,0.18435994949601675,0.12941296372486047
367.605,0.2,0.18587267232315133,0.31084766241574147
367.61,0.2,0.18726152466353327,0.500252261322891
367.615,0.2,0.18843240811618442,0.3935971608660887
367.62,0.2,0.18942124020551554,0.05199923657794139
367.625,0.2,0.19031294119134987,-0.026438072502055543
367.63,0.2,0.1911331487184135,-0.19696404102894868
367.635,0.2,0.19179491502925167,0.13161461585653395
367.64,0.2,0.19213591389000378,0.26251460575270197
367.645,0.2,0.19201541393820565,0.40682039772665973
367.65,0.2,0.19139988064482552,0.4637341584297142
367.655,0.2,0.19039454795179783,0.4819231678864518
367.66,0.2,0.18922157329775222,0.2627403090372331
367.665,0.2,0.18814839344250883,0.027747735843450194
367.67,0.2,0.18738987383444208,0.07329300808977901
367.675,0.2,0.18704098737898894,-0.04919900194222441
367.68,0.2,0.18707261124721208,0.19298448605139037
367.685,0.2,0.18738232784782144,0.33445297323171713
367.69,0.2,0.18788012123381334,0.5738281503012697
367.695,0.2,0.1885696466087252,0.5242737053819521
367.7,0.2,0.1895715376322749,0.30125084169266936
367.705,0.2,0.19106052432353457,-0.014407146704225781
367.71,0.2,0.19314895871353321,-0.09086456858029335
367.715,0.2,0.1957968660187113,-0.08497032745156635
367.72,0.2,0.19880969096193946,0.21936222869220381
367.725,0.2,0.20192307585369954,0.3690891549918075
367.73,0.2,0.20492255636078655,0.6007289952047675
367.735,0.2,0.2077296576039063,0.420314809190688
367.74,0.2,0.21040079291863303,0.11428146426052829
367.745,0.2,0.2130375604848172,0.0543361964139725
367.75,0.2,0.21567871675487144,-0.10536659760182734
367.755,0.2,0.21824969190571894,0.12765451757307553
367.76,0.2,0.22059363634522652,0.3394436600873767
367.765,0.2,0.22256124595389132,0.4353234790687387
367.77,0.2,0.2240961914477836,0.4517674850492439
367.775,0.2,0.2252643135199645,0.4674603262042465
367.78,0.2,0.22622262093103115,0.10028481845606067
367.785,0.2,0.22713651619753136,-0.06352072337035417
367.79,0.2,0.22807409480212548,-0.22994991463633283
367.795,0.2,0.22894682706565894,0.0856182592392754
367.8,0.2,0.22954644874353328,0.1492747812702307
367.805,0.2,0.2296539526991559,0.5363112589814174
367.81,0.2,0.22915388511267906,0.47659243291059467
367.815,0.2,0.22809270230377338,0.4083947249605574
367.82,0.2,0.22664726022769016,0.10519021615041099
367.825,0.2,0.22502442256280555,0.020863663470730615
367.83,0.2,0.22335610583006477,-0.1660869025296614
367.835,0.2,0.2216401505039533,-0.096243930767678
367.84,0.2,0.21974404027691857,0.01547655215156446
367.845,0.2,0.2174775503372574,0.5500611223320393
367.85,0.2,0.21472288116062271,0.6678032757561633
367.855,0.2,0.21154590607109494,0.40410091010940213
367.86,0.2,0.20819114832116287,0.30374496291522773
367.865,0.2,0.20496618121932625,-0.08092373436987217
367.87,0.2,0.20210895245606691,0.05055368362804574
367.875,0.2,0.19971651901543666,0.006435315235955653
367.88,0.2,0.19775695425659534,0.1740105516147093
367.885,0.2,0.19613976881670478,0.5003278593240308
367.89,0.2,0.19481491705652823,0.6435518999788915
367.895,0.2,0.19384986707469465,0.3376434347936357
367.9,0.2,0.19341639038095262,0.28859632393677326
367.905,0.2,0.1936956536220639,-0.008892789698938343
367.91,0.2,0.19477204768277898,-0.1823403657969167
367.915,0.2,0.19657113117812036,0.1597494019585422
367.92,0.2,0.19888158423271232,0.11479316429132785
367.925,0.2,0.20144178174563468,0.25316839056197193
367.93,0.2,0.20402628407984985,0.5596165444555894
367.935,0.2,0.20651086840966523,0.3918869692909982
367.94,0.2,0.20889697464044432,0.3464115749908808
367.945,0.2,0.21126149859639226,-0.06448889361204668
367.95,0.2,0.21365264380438487,-0.1111124861699317
367.955,0.2,0.21600321583499552,-0.04949196735441388
367.96,0.2,0.21812798460528665,0.231269752994185
367.965,0.2,0.21980698051307554,0.32134715507251105
367.97,0.2,0.22089301985774693,0.601924554707409
367.975,0.2,0.22137980052606968,0.28270033291992425
367.98,0.2,0.2213906657787429,0.24022245330310785
367.985,0.2,0.22109603971435904,0.006575457357249053
367.99,0.2,0.22061760670299296,-0.09358701125356225
367.995,0.2,0.21996634183323732,-0.1118504114137499
368.0,0.2,0.21904221192082088,0.3046654420027095
368.005,0.2,0.21771027429985856,0.3300274237772661
368.01,0.2,0.21590920324911542,0.5963890450864291
368.015,0.2,0.21371213370353676,0.19931234501893744
368.02,0.2,0.2112945688408071,0.11277741768173104
368.025,0.2,0.20883527550816966,-0.04626772679525332
368.03,0.2,0.20641801961097175,-0.3572229809068187
368.035,0.2,0.20397531632977908,-0.09530753195648178
368.04,0.2,0.20131162357219348,0.37050978426487124
368.045,0.2,0.19822240329936747,0.263985326378319
368.05,0.2,0.19461996233267764,0.5086564554335965
368.055,0.2,0.19058033620943152,0.4370495793094495
368.06,0.2,0.1863226852063009,0.30678197233034354
368.065,0.2,0.18213799521055224,-0.01977085113710514
368.07,0.2,0.1782806950977956,-0.02832423095387393
368.075,0.2,0.17488299926484407,-0.029246827483790525
368.08,0.2,0.17194454554525154,0.14753210116730964
368.085,0.2,0.16939833788229616,0.5543317383268053
368.09,0.2,0.16721586799171487,0.4427914523426171
368.095,0.2,0.16548046891605833,0.5018684536132907
368.1,0.2,0.16437566931759567,0.2216857197172208
368.105,0.2,0.1641022825722686,-0.024426546284406013
368.11,0.2,0.16477549212293796,0.02924750380618557
368.115,0.2,0.1663666596621935,0.05300506875457711
368.12,0.2,0.16872636388205292,0.28162280073598395
368.125,0.2,0.17165989485157032,0.288547494042712
368.13,0.2,0.1750026524232082,0.45065836384494495
368.135,0.2,0.1786662868289738,0.43752590707278294
368.14,0.2,0.1826442554097063,0.2164448375868227
368.145,0.2,0.18696529112497734,0.04565782926440444
368.15,0.2,0.19161334756515339,-0.021877395256712256
368.155,0.2,0.19646464112191148,-0.20535175953992246
368.16,0.2,0.2012800854384285,0.3044680413725849
368.165,0.2,0.20577837173103833,0.47331899601066696
368.17,0.2,0.20975752321667068,0.38373487253487315
368.175,0.2,0.21316289190887172,0.419573031014336
368.18,0.2,0.21605799427090583,0.08180354078654031
368.185,0.2,0.21853484264804515,-0.13730814291883714
368.19,0.2,0.220612741276345,-0.09367059959039964
368.195,0.2,0.22219037485167115,0.017458921338851515
368.2,0.2,0.2230808760933186,0.03633307258991214
368.205,0.2,0.22308670143425932,0.2666285702622949
368.21,0.2,0.22208008309821492,0.5726067868320642
368.215,0.2,0.22007946108515478,0.4450861513451274
368.22,0.2,0.2172684542295681,0.12196306395214726
368.225,0.2,0.2139142609059944,0.029803979749058435
368.23,0.2,0.2102426637395777,-0.19183746364389243
368.235,0.2,0.2063602589921916,0.06305023724701037
368.24,0.2,0.20226812228514301,0.3238308255550595
368.245,0.2,0.19795187724845303,0.35942939394471585
368.25,0.2,0.19347640002369093,0.5644615753501762
368.255,0.2,0.18902358612282924,0.3202216375578327
368.26,0.2,0.18486345301604382,0.31387783747529796
368.265,0.2,0.18127662224689245,-0.013720230444223502
368.27,0.2,0.17846239069277944,-0.05227552002806646
368.275,0.2,0.17647240564303518,-0.10090502744676864
368.28,0.2,0.17520913549224829,0.28130086765022816
368.285,0.2,0.1745033748457307,0.3561708177679475
368.29,0.2,0.1742188879213574,0.3490392213139719
368.295,0.2,0.1743136460360906,0.5813315658988055
368.3,0.2,0.17484620575261467,0.24245755372340572
368.305,0.2,0.17592946048951558,0.002052885190073763
368.31,0.2,0.17763615555667348,0.026072210217811476
368.315,0.2,0.17992631083622407,0.07348301423787322
368.32,0.2,0.18265150996477128,0.0606235634325471
368.325,0.2,0.1856031809900242,0.19118341962950133
368.33,0.2,0.18857729528099093,0.6245254719436386
368.335,0.2,0.19145980001213692,0.5244376015122878
368.34,0.2,0.1942750584873781,0.12262142369917291
368.345,0.2,0.1971199255865532,-0.07175009882604735
368.35,0.2,0.20003365067973022,-0.044560211296667054
368.355,0.2,0.2029289704075572,0.038484182346116225
368.36,0.2,0.2056186586064039,0.06783281826576745
368.365,0.2,0.20789163078786616,0.4979046846079071
368.37,0.2,0.20960387237407727,0.38879537778120843
368.375,0.2,0.21074685828282427,0.5459425530529909
368.38,0.2,0.21145226991730676,0.29341499906473295
368.385,0.2,0.21192934260892557,0.04985389176053662
368.39,0.2,0.21236439140425128,0.025941049107228803
368.395,0.2,0.21284327348987142,0.09060851936766895
368.4,0.2,0.21335296376558335,0.36612930726195503
368.405,0.2,0.21385278684740294,0.417545123597937
368.41,0.2,0.21435621491492196,0.5651052838297257
368.415,0.2,0.21497565363596163,0.5543672316870728
368.42,0.2,0.21590941245379427,0.1535984708133897
368.425,0.2,0.21735860584142766,-0.04807208640818251
368.43,0.2,0.2194065617633729,-0.20123618390038772
368.435,0.2,0.2219471846316923,0.027003098582283343
368.44,0.2,0.22471503915087748,0.10304988600401746
368.445,0.2,0.22739249095550593,0.5034798403443855
368.45,0.2,0.22973450087494665,0.47699156793075104
368.455,0.2,0.2316493907468792,0.4605180108687126
368.46,0.2,0.23319383079408523,0.23481542944780442
368.465,0.2,0.23449168079588012,-0.005589668981345419
368.47,0.2,0.23562660752245385,-0.09317444939502596
368.475,0.2,0.2365671383886156,-0.06231018327697294
368.48,0.2,0.23716902406984613,0.26169054048063956
368.485,0.2,0.23725555392640826,0.3507209584290526
368.49,0.2,0.2367200668927797,0.4512249481210932
368.495,0.2,0.23558680187048722,0.5060180368430375
368.5,0.2,0.2340093334575874,0.24877114753653007
368.505,0.2,0.23220602648007485,-0.029704488759576767
368.51,0.2,0.2303591743878968,0.14719886290840642
368.515,0.2,0.22855597230759314,0.14474697573201895
368.52,0.2,0.22681251109868877,0.36990981205032425
368.525,0.2,0.2251397825988473,0.421197258337452
368.53,0.2,0.2236038455033344,0.5827131276559359
368.535,0.2,0.2223582759261256,0.5105190076533358
368.54,0.2,0.22162500094966633,0.10243650485680197
368.545,0.2,0.22160800467334743,0.0233023213585769
368.55,0.2,0.22238273620963236,-0.21533148289565077
368.555,0.2,0.2238413324253844,0.145442631068175
368.56,0.2,0.22573270117063274,0.1340937029134578
368.565,0.2,0.2277644074772117,0.3809507474816148
368.57,0.2,0.2297043514823413,0.5252686975188601
368.575,0.2,0.23144402564220345,0.35263702216549103
368.58,0.2,0.23299630234102375,0.215744756128415
368.585,0.2,0.23442912670217309,0.166611481811564
368.59,0.2,0.23578685600886728,-0.058787602789831764
368.595,0.2,0.2370392016914006,0.0641668666164502
368.6,0.2,0.2380711659389485,0.061516357113048564
368.605,0.2,0.23872721153032503,0.5075534455774001
368.61,0.2,0.23889955709763214,0.455149793345138
368.615,0.2,0.2386034990826084,0.4603309022365615
368.62,0.2,0.23798023933053428,0.30089967089752057
368.625,0.2,0.23722828994335016,0.035555233628562596
368.63,0.2,0.2365040008364656,-0.11204813329731443
368.635,0.2,0.23584504658895608,0.11940019800713197
368.64,0.2,0.23517191717135458,0.15168062745712044
368.645,0.2,0.234359247743032,0.3291665876998169
368.65,0.2,0.2333220280952705,0.6037675097373937
368.655,0.2,0.23207941937246143,0.3085836402413076
368.66,0.2,0.23075773830380322,0.28746833675125943
368.665,0.2,0.22952028308500794,-0.0014228513213366558
368.67,0.2,0.22847473928141118,-0.03725719624663146
368.675,0.2,0.22761250640614505,-0.06791298403603277
368.68,0.2,0.22680965324225633,0.23661859374842698
368.685,0.2,0.22590088735824396,0.5025816930829294
368.69,0.2,0.2247932361773443,0.5780964164998037
368.695,0.2,0.2235384179459578,0.3288678996751519
368.7,0.2,0.22229991978388677,0.062046772593570776
368.705,0.2,0.2212378847793738,-0.09820891469405409
368.71,0.2,0.22039623656551757,-0.2240585761857025
368.715,0.2,0.21965199272017724,-0.18595927432826734
368.72,0.2,0.21874821374169925,0.33542689720345525
368.725,0.2,0.21741260895919404,0.4478786819466386
368.73,0.2,0.21550195247949477,0.6050045962058809
368.735,0.2,0.21307658621235617,0.4833321071422532
368.74,0.2,0.21036936531469694,0.21618341012367198
368.745,0.2,0.20767841879158394,0.0726460009624898
368.75,0.2,0.20524637652277733,-0.00157524312306781
368.755,0.2,0.20318760110078946,-0.05089711039148773
368.76,0.2,0.2014815933997935,0.1363566354486213
368.765,0.2,0.2000302816459593,0.5208992912056265
368.77,0.2,0.1987682800473482,0.6597858257608287
368.775,0.2,0.19775869380060074,0.4077898256301033
368.78,0.2,0.19718667523941158,0.2149645481067279
368.785,0.2,0.19725305056078574,-0.04521136086748015
368.79,0.2,0.19805396188283683,-0.08404088054680875
368.795,0.2,0.1995160025269344,-0.15389716187070288
368.8,0.2,0.2014131449127056,0.3406512693819723
368.805,0.2,0.20346154840099967,0.25443334677915164
368.81,0.2,0.20543594483452118,0.5323925078783468
368.815,0.2,0.20724037713261104,0.4703548634361126
368.82,0.2,0.20890744988007875,0.058871311023476036
368.825,0.2,0.21051954704983167,-0.023450368700772134
368.83,0.2,0.21209549534386415,-0.16269654061063288
368.835,0.2,0.21353151971576786,0.07583011117486646
368.84,0.2,0.21463293025910937,0.16193668154512444
368.845,0.2,0.21520184409226042,0.38213580252311624
368.85,0.2,0.21513330145517484,0.6767674534818057
368.855,0.2,0.2144871080476744,0.5177218170277746
368.86,0.2,0.21349219157503754,0.3059374223728299
368.865,0.2,0.21245968016975159,0.12376380864049033
368.87,0.2,0.21165813360931837,-0.021300789030410466
368.875,0.2,0.21122730967576606,0.04197607808158221
368.88,0.2,0.2111696434319982,0.3138797859320239
368.885,0.2,0.21141663327472182,0.3500656512835579
368.89,0.2,0.2119176226438538,0.4801611071928281
368.895,0.2,0.21269215990770707,0.4264343977892517
368.9,0.2,0.21382779524814766,0.2522685250329128
368.905,0.2,0.21542527482836013,-0.015695520947636182
368.91,0.2,0.21751224456245197,-0.0837309264196531
368.915,0.2,0.21998095627117512,-0.023003268958546652
368.92,0.2,0.2225989334737296,0.17985560651731525
368.925,0.2,0.22509167060192692,0.4415495843588485
368.93,0.2,0.22725464210499494,0.572548021719312
368.935,0.2,0.22903270056228253,0.4296366197486461
368.94,0.2,0.23051188657583685,0.13254893433638465
368.945,0.2,0.2318219600076232,-0.07632846526365122
368.95,0.2,0.23301521574783501,-0.1766347628253137
368.955,0.2,0.23400118793253447,-0.018028461538502003
368.96,0.2,0.23457388938214208,0.18978246449049563
368.965,0.2,0.2345082267715745,0.3347314916776656
368.97,0.2,0.23366342262066703,0.44990775588352
368.975,0.2,0.23204002461231554,0.36332137247018825
368.98,0.2,0.22976944712117958,0.20156369079553657
368.985,0.2,0.22704479319274293,0.03517013350988397
368.99,0.2,0.2240271022305784,-0.18848576208760973
368.995,0.2,0.2207727182169244,-0.019267438193035925
369.0,0.2,0.2172270547529601,0.150183104215723
369.005,0.2,0.2132988481603915,0.4553842215647055
369.01,0.2,0.2089774370609579,0.7750984031834076
369.015,0.2,0.20442057815619408,0.3091340383371942
369.02,0.2,0.19993642802665812,0.3009300911262782
369.025,0.2,0.19587217737325066,0.19033268557741398
369.03,0.2,0.19250401474954892,-0.11326988143470779
369.035,0.2,0.18997305256362504,0.14083665743264345
369.04,0.2,0.18828371783702028,0.3499867144617981
369.045,0.2,0.1873798949976053,0.4689635351699681
369.05,0.2,0.18724620332613823,0.6791502246784893
369.055,0.2,0.18796807393287268,0.5545142577374742
369.06,0.2,0.18971717336753444,0.13059576817653357
369.065,0.2,0.19264863234666285,-0.10373529493179587
369.07,0.2,0.19677171208286381,0.011667720775560969
369.075,0.2,0.20189924153957933,-0.033100247966750915
369.08,0.2,0.2077029935975544,0.4119003989627029
369.085,0.2,0.21383383291335362,0.5766049689890276
369.09,0.2,0.2200452712028098,0.4945902800027788
369.095,0.2,0.2262435161702941,0.41541305688856445
369.1,0.2,0.23243806700625,0.0868779683448566
369.105,0.2,0.23864048690534198,0.031216690195390077
369.11,0.2,0.24476911456339973,-0.278991657587108
369.115,0.2,0.25059566088051477,-0.11626022590488685
369.12,0.2,0.25575397476319656,-0.1129296484798886
369.125,0.2,0.25981697806674015,0.3235710646849187
369.13,0.2,0.2624220357908344,0.47612742680399334
369.135,0.2,0.26338644345145473,0.3863652677789257
369.14,0.2,0.26273303782377905,0.06742086250995041
369.145,0.2,0.2606047244952854,-0.05056468597371986
369.15,0.2,0.2571419731182196,-0.18973314929271534
369.155,0.2,0.25240649265026527,-0.1254641551819119
369.16,0.2,0.246387482326975,0.3287178567601562
369.165,0.2,0.23909031318293478,0.4184795384531221
369.17,0.2,0.23065152010104284,0.6472891554005209
369.175,0.2,0.2213973022212236,0.4640866992436914
369.18,0.2,0.21180503773173645,0.1517419676732792
369.185,0.2,0.20238264649453724,0.019529146966471428
369.19,0.2,0.193537111497633,-0.0047343024081618335
369.195,0.2,0.18551293524667475,0.10824923022385634
369.2,0.2,0.1784159608552941,0.23810458396769207
369.205,0.2,0.17228456390047361,0.39126697340090005
369.21,0.2,0.16716540195012858,0.4916024235116191
369.215,0.2,0.16315808240476834,0.3259195434466087
369.22,0.2,0.16039992223860763,0.14808134824008035
369.225,0.2,0.15898746634358327,-0.2531654563593285
369.23,0.2,0.15888109818420895,0.002021817274583143
369.235,0.2,0.1598656800507003,-0.22108092628878537
369.24,0.2,0.1615895695150847,0.11915117653128818
369.245,0.2,0.16365513682027108,0.38306993865014544
369.25,0.2,0.1657421212932916,0.667185150695665
369.255,0.2,0.16770718501436213,0.20342233288279468
369.26,0.2,0.1695716618601049,0.1771110324931147
369.265,0.2,0.1714080694541962,-0.14285506268876835
369.27,0.2,0.17321526768623932,-0.4051643169501188
369.275,0.2,0.17483944320506517,-0.171839366560139
369.28,0.2,0.17598311883836154,0.076697055208398
369.285,0.2,0.17631327281521506,0.24265752498522816
369.29,0.2,0.17559812151751067,0.5212676592827492
369.295,0.2,0.17379849217961352,0.44615760070393823
369.3,0.2,0.17107900964152853,0.2174582956984535
369.305,0.2,0.1677278026037845,-3.090125632810095e-05
369.31,0.2,0.16403335272863548,0.04203776759544481
369.315,0.2,0.16020284099847512,0.013839761836689085
369.32,0.2,0.15636032179619494,0.37309268766174186
369.325,0.2,0.15260762576245168,0.4008993096590728
369.33,0.2,0.14909772924949274,0.4879838335118066
369.335,0.2,0.14606625503899598,0.4467531199500943
369.34,0.2,0.14380353364518636,0.1769116592531553
369.345,0.2,0.142575684828201,-0.04900904128628854
369.35,0.2,0.1425301318691219,0.05800451195811063
369.355,0.2,0.14365106450997275,0.000995893638408768
369.36,0.2,0.1457936363215222,0.3705290768147884
369.365,0.2,0.14877013871072106,0.3868995652488722
369.37,0.2,0.15243917906210755,0.48292093750300763
369.375,0.2,0.15675706217002544,0.6613804293731127
369.38,0.2,0.16178046770632779,0.21618009690984344
369.385,0.2,0.16760136950506066,-0.10037213740243234
369.39,0.2,0.17421871033957692,-0.2164232386373095
369.395,0.2,0.18143889653511944,-0.13694120108863939
369.4,0.2,0.1888924442314442,0.27205549774051835
369.405,0.2,0.1961556457047229,0.3461815882022889
369.41,0.2,0.20289076902216552,0.4842146382272275
369.415,0.2,0.20892478488889296,0.49290664223526426
369.42,0.2,0.21425464215443235,0.4316607583796892
369.425,0.2,0.21899718020261968,0.1316557188365152
369.43,0.2,0.2232851089507333,-0.33784455177336026
369.435,0.2,0.22714226966078435,-0.014211608556501203
369.44,0.2,0.23044519844768316,0.3684811917298624
369.445,0.2,0.2330191530320914,0.21649499526717603
369.45,0.2,0.23475773259627933,0.47501417826736
369.455,0.2,0.23567488385511323,0.49843205215532815
369.46,0.2,0.2358991383671755,0.03130839530355989
369.465,0.2,0.23560162055957343,-0.09329270762893108
369.47,0.2,0.23488244969158054,-0.10034618357906214
369.475,0.2,0.23371161300165597,-0.04664951183609833
369.48,0.2,0.23196184881462548,0.20134032949968367
369.485,0.2,0.22949785887829607,0.40952702527000173
369.49,0.2,0.22627639561539123,0.4991967951629798
369.495,0.2,0.22240410252377324,0.3596975294655156
369.5,0.2,0.21811750663653742,0.27282296129145556
369.505,0.2,0.21370286180521753,0.04562983420514788
369.51,0.2,0.20940011988067644,-0.10077744269563595
369.515,0.2,0.20532810010967525,-0.10169492755162313
369.52,0.2,0.20147011799593967,0.2489046437260141
369.525,0.2,0.19774834861174292,0.54055303882774
369.53,0.2,0.1941415620221506,0.34232511182904424
369.535,0.2,0.19074323501626989,0.38144835475783906
369.54,0.2,0.18772877008148622,0.27726214426639717
369.545,0.2,0.1852882735463632,0.1048796941575441
369.55,0.2,0.1835550147788921,-0.17057490909576412
369.555,0.2,0.18254173763549988,0.11729857025790222
369.56,0.2,0.18213704546065967,0.1863818356813406
369.565,0.2,0.182183280557823,0.5245999316201243
369.57,0.2,0.18258322292082732,0.583078274044496
369.575,0.2,0.18336443628732244,0.3598894927424112
369.58,0.2,0.1846545528104961,0.19975782147765053
369.585,0.2,0.18658487574152705,0.01412596006602911
369.59,0.2,0.18919299299701534,-0.06232979956176146
369.595,0.2,0.19237546072187695,-0.015503643723828592
369.6,0.2,0.19590858558126473,0.2815992720719788
369.605,0.2,0.19953098268255443,0.32805137743039636
369.61,0.2,0.2030394438633082,0.44759556013456553
369.615,0.2,0.20634015165311914,0.3274832763343611
369.62,0.2,0.20943461104697125,0.14326836123568787
369.625,0.2,0.21235643913342409,0.0821728625480518
369.63,0.2,0.21509909374496242,-0.10075986146496706
369.635,0.2,0.21757111057545137,-0.02606994313765098
369.64,0.2,0.21960125952497012,0.2320738667246666
369.645,0.2,0.22101051036989292,0.5534422829611487
369.65,0.2,0.2217264054825561,0.6755183201189074
369.655,0.2,0.22186240480350036,0.5289829126142133
369.66,0.2,0.2216952122542835,0.21224358598052417
369.665,0.2,0.2215383484171898,-0.24017095489861245
369.67,0.2,0.2215838936890721,-0.08265009193144897
369.675,0.2,0.2218208061585935,-0.05874356466187899
369.68,0.2,0.22207504096147884,0.1485918093269939
369.685,0.2,0.2221174017357164,0.3385861005451436
369.69,0.2,0.22177251570936168,0.445985914377179
369.695,0.2,0.2209915380094864,0.4641830168635655
369.7,0.2,0.21985945677235486,0.1554907479543713
369.705,0.2,0.21852416794394852,-0.09418096422445835
369.71,0.2,0.21708307352451575,-0.13950753851588216
369.715,0.2,0.2155099894448712,0.025058297558736474
369.72,0.2,0.2136766311182993,0.18815145995747282
369.725,0.2,0.21144562208418904,0.4941391079603495
369.73,0.2,0.20877096725752478,0.3761832950540942
369.735,0.2,0.20574153401404988,0.32359056391321367
369.74,0.2,0.20254665889656007,0.25632071632425174
369.745,0.2,0.19940713335116247,0.182778780610445
369.75,0.2,0.1965072378844746,-0.2046207182759399
369.755,0.2,0.19393209214731738,0.10526817461697485
369.76,0.2,0.1916477156283834,0.06048585685614047
369.765,0.2,0.18955183980733123,0.31054637610232305
369.77,0.2,0.18755321362479088,0.3296538194169261
369.775,0.2,0.18563495126362092,0.5712866489167457
369.78,0.2,0.18387989159749887,0.1028974628338015
369.785,0.2,0.18241849503032573,-0.2069777812243493
369.79,0.2,0.1813065423028748,-0.22279615111512627
369.795,0.2,0.18043425627201456,-0.19761601618609761
369.8,0.2,0.17954688674132604,0.19498748918266842
369.805,0.2,0.17834758290269004,0.027971114263933283
369.81,0.2,0.1765996032242744,0.3587038643636152
369.815,0.2,0.17419184403464055,0.5309931563058506
369.82,0.2,0.17117036751937248,0.06314572272697684
369.825,0.2,0.16768958217802654,-0.2281995171982248
369.83,0.2,0.16388080033956665,-0.1636535510479434
369.835,0.2,0.15975826280158298,-0.10176663586238718
369.84,0.2,0.1552379013024097,0.11968398405711383
369.845,0.2,0.15023157427123476,0.5053249303390868
369.85,0.2,0.1447568998620731,0.409171491073428
369.855,0.2,0.1389924316369568,0.27151640554955536
369.86,0.2,0.1332331823188213,0.15421717955717879
369.865,0.2,0.1277884179845972,-0.04432529224892309
369.87,0.2,0.12288282864644805,-0.27480891943031155
369.875,0.2,0.11858507832369054,-0.23086495931112677
369.88,0.2,0.11479584815729058,0.0476407944777897
369.885,0.2,0.11132562820923639,0.32825885940807925
369.89,0.2,0.10802514066783926,0.421459324678371
369.895,0.2,0.10488606550327835,0.5443985461266636
369.9,0.2,0.102055474992011,0.04786738714194343
369.905,0.2,0.09974636644818534,-0.207102301183492
369.91,0.2,0.09809009839761049,-0.2692637785480051
369.915,0.2,0.0970370919141622,-0.27727185478203575
369.92,0.2,0.09636813437717996,0.08474296655568754
369.925,0.2,0.09579670995834977,0.2633503516468911
369.93,0.2,0.09509549311517602,0.2134494670464211
369.935,0.2,0.0941634872064263,0.17259633140612712
369.94,0.2,0.09300410623421225,-0.06249375148538299
369.945,0.2,0.09165131641764436,-0.16220232748146626
369.95,0.2,0.09009263681196335,-0.2740550012489913
369.955,0.2,0.08822806155490007,-0.16547352227666495
369.96,0.2,0.0858827215825637,-0.1478231241286219
369.965,0.2,0.08286544064116795,0.22280190644958991
369.97,0.2,0.07905754015585646,0.36510560539696146
369.975,0.2,0.07449133514656307,0.18263825978547693
369.98,0.2,0.06935569720702198,0.17031915831462163
369.985,0.2,0.06392118573833162,-0.16468740698446796
369.99,0.2,0.05843440827763215,-0.26241792247737167
369.995,0.2,0.05303043624846248,-0.2796556336867428
370.0,0.2,0.047717326173372536,0.24449788118259067
370.005,0.2,0.04245923208309111,0.2220344047236234
370.01,0.2,0.03729230680740657,0.4252439757794282
370.015,0.2,0.03238098779184965,0.26156369281409864
370.02,0.2,0.027990443337703484,0.09182588480084286
370.025,0.2,0.024398327058068176,-0.16442531937117116
370.03,0.2,0.02178327124403296,-0.3849012783556105
370.035,0.2,0.02014129204725088,-0.2934050888822361
370.04,0.2,0.019286671017384946,0.12480593006874294
370.045,0.2,0.018950470511672153,0.03085313648109872
370.05,0.2,0.0189028266233071,0.33354496723534727
370.055,0.2,0.01902221253613769,0.15400886221041316
370.06,0.2,0.019294800724741185,-0.04730905074810461
370.065,0.2,0.019746736505290317,-0.27400132803279154
370.07,0.2,0.02034519291979901,-0.3736432783260134
370.075,0.2,0.020941251428568692,-0.11687010376145013
370.08,0.2,0.021301758264161846,0.028584120826188383
370.085,0.2,0.02121187193669056,0.3673775983015247
370.09,0.2,0.020578237683805227,0.15156916424955386
370.095,0.2,0.01946482190655215,0.26103956330615663
370.1,0.2,0.018051445799393665,-0.017440003989689173
370.105,0.2,0.01654935766044597,-0.21221629190281943
370.11,0.2,0.015108837239358798,-0.20976201159988078
370.115,0.2,0.013756422436098655,-0.4087137648991959
370.12,0.2,0.012388109400813816,-0.06702787359655743
370.125,0.2,0.010828968496045964,0.20287170555518208
370.13,0.2,0.008945107419602845,0.24904052593034362
370.135,0.2,0.006728925049050582,0.059247762786530114
370.14,0.2,0.004284657441323751,-0.11443207866373381
370.145,0.2,0.001741925968873074,-0.17575355855999802
370.15,0.2,-0.0008264043496669697,-0.32664693484295454
370.155,0.2,-0.0034432092963261078,-0.22675245402699531
370.16,0.2,-0.006212142696049639,0.042619695234068576
370.165,0.2,-0.009245475707971374,0.17134258078255848
370.17,0.2,-0.012573733792398869,0.24314792276931904
370.175,0.2,-0.01610130357489519,0.1187500855815724
370.18,-0.2,-0.019631196969942106,0.06192009641252332
370.185,-0.2,-0.022939430440447644,-0.31502895071339837
370.19,-0.2,-0.025873542226137376,-0.43462006053967317
370.195,-0.2,-0.028431136419754695,-0.2651072871720767
370.2,-0.2,-0.030754464836661777,-0.04832534994108697
370.205,-0.2,-0.033039621883008546,-0.0053963041540552315
370.21,-0.2,-0.035432435519583166,0.2806540655749425
370.215,-0.2,-0.03795923310756829,0.23227142230233608
370.22,-0.2,-0.04051050237741375,0.004507595940001247
370.225,-0.2,-0.042901772031821994,-0.28391004757749855
370.23,-0.2,-0.04499211944978252,-0.4557529445766434
370.235,-0.2,-0.046780833415857884,-0.30771790897188583
370.24,-0.2,-0.04841275508684066,-0.12270911042160357
370.245,-0.2,-0.050092474347175196,0.11312906281769985
370.25,-0.2,-0.05197266808135724,0.10495971412909447
370.255,-0.2,-0.05408750926916179,0.12850607238777326
370.26,-0.2,-0.05636118344969486,-0.2027831146529706
370.265,-0.2,-0.05867979119805834,-0.2555992026392771
370.27,-0.2,-0.060978215656416604,-0.3239143848562566
370.275,-0.2,-0.06328411438395193,-0.26291304972864304
370.28,-0.2,-0.06570135966589856,-0.12146725159991997
370.285,-0.2,-0.06835170870452056,0.03533613554228196
370.29,-0.2,-0.0712976310690543,0.3073622263086552
370.295,-0.2,-0.07447920211717414,0.060482741935730916
370.3,-0.2,-0.0777177425668193,-0.1340807383629212
370.305,-0.2,-0.08079779198658159,-0.15684765840165527
370.31,-0.2,-0.0835640180662136,-0.4498707772057653
370.315,-0.2,-0.08597826212319966,-0.23359622055441856
370.32,-0.2,-0.08811691831841266,-0.10642965831854348
370.325,-0.2,-0.09010333900314928,0.08584355442523735
370.33,-0.2,-0.092012049690584,0.29095774754181103
370.335,-0.2,-0.09379985763302723,0.15778402385888826
370.34,-0.2,-0.09530749522399079,-0.1277723929860977
370.345,-0.2,-0.09635084311796704,-0.49014997747472866
370.35,-0.2,-0.09685087430153758,-0.40912824298601047
370.355,-0.2,-0.09690202747424476,-0.313946295202674
370.36,-0.2,-0.09673150842850652,-0.09938420580945594
370.365,-0.2,-0.09659494127214341,0.0031468184015156775
370.37,-0.2,-0.09668104029967994,0.05091310373633977
370.375,-0.2,-0.09706371392543066,0.0967376514679268
370.38,-0.2,-0.09770964632535893,-0.23596592920624274
370.385,-0.2,-0.09854639530859002,-0.5036693542877222
370.39,-0.2,-0.09956676523383415,-0.49707250850812024
370.395,-0.2,-0.10089264981893728,-0.42698018832512885
370.4,-0.2,-0.10274770825871248,-0.21231144357751253
370.405,-0.2,-0.1053608554645068,0.11438725184282744
370.41,-0.2,-0.1088475163677626,0.2699184754283498
370.415,-0.2,-0.11312872991731242,0.05876317619781068
370.42,-0.2,-0.11795265883549141,-0.24548360856817053
370.425,-0.2,-0.12301687538305223,-0.4488383202397326
370.43,-0.2,-0.1281013996402435,-0.3457753938069259
370.435,-0.2,-0.1331258287263259,-0.456791133656022
370.44,-0.2,-0.13812678710852597,-0.19542571698737474
370.445,-0.2,-0.14318491072170464,0.14087632063385866
370.45,-0.2,-0.14832280297396544,0.09733644508261152
370.455,-0.2,-0.15343602261830305,0.005294557895683116
370.46,-0.2,-0.15831747540813165,-0.24059933871648542
370.465,-0.2,-0.16274895572371467,-0.27939591332510744
370.47,-0.2,-0.16658905909781271,-0.43616903654192934
370.475,-0.2,-0.16981615062454333,-0.32433507850285653
370.48,-0.2,-0.17251635951692007,-0.19126238812991095
370.485,-0.2,-0.17481896541661587,0.0863630106055358
370.49,-0.2,-0.1768076815831241,0.05481881304100557
370.495,-0.2,-0.17846691459367206,-0.04463259426871216
370.5,-0.2,-0.17970327665411667,-0.2303709743193282
370.505,-0.2,-0.1804201876097935,-0.31103150315107264
370.51,-0.2,-0.18059237173262266,-0.4758215843994422
370.515,-0.2,-0.1803115811151213,-0.5373559204583713
370.52,-0.2,-0.17979058961106958,-0.25766657399679593
370.525,-0.2,-0.17929798786594814,0.14009386652466121
370.53,-0.2,-0.17903146125406127,0.17836992212918967
370.535,-0.2,-0.17901565389167914,0.15250763761492772
370.54,-0.2,-0.17910494093851054,-0.18009186937739463
370.545,-0.2,-0.1790800078988525,-0.22499666563950707
370.55,-0.2,-0.17876342606966827,-0.40430462129084654
370.555,-0.2,-0.17808376251861233,-0.1185394846402062
370.56,-0.2,-0.1770663453399633,-0.27125096022046574
370.565,-0.2,-0.17578150958940447,0.04795459339593704
370.57,-0.2,-0.17428340370751277,0.13803331382161538
370.575,-0.2,-0.17256302479294744,-0.16984479620486964
370.58,-0.2,-0.17055615017911702,-0.07383512300404632
370.585,-0.2,-0.16820117430683473,-0.3086643559316721
370.59,-0.2,-0.16549698651260644,-0.43222970431512275
370.595,-0.2,-0.1625415949087961,-0.3613919591220492
370.6,-0.2,-0.15952433897073362,0.026131071965640462
370.605,-0.2,-0.15665005087450642,-0.10755536121016467
370.61,-0.2,-0.1540509038267023,0.1812266040140463
370.615,-0.2,-0.15174873272623787,-0.10476464953905472
370.62,-0.2,-0.1496767846347671,-0.1349734053450724
370.625,-0.2,-0.14774525522792378,-0.34736819549012427
370.63,-0.2,-0.14591498236345318,-0.38906297572380216
370.635,-0.2,-0.14424387929721857,-0.48830926694504495
370.64,-0.2,-0.14289177963709487,-0.29711626000567837
370.645,-0.2,-0.14206360510351113,0.2421142363832774
370.65,-0.2,-0.14189248919254455,0.08790838931602266
370.655,-0.2,-0.14234823267687055,0.07048969643412506
370.66,-0.2,-0.14325506241088223,-0.19020548294970932
370.665,-0.2,-0.14439458966870358,-0.4522679397464351
370.67,-0.2,-0.14561839862688256,-0.38241344290027846
370.675,-0.2,-0.14690292566523355,-0.2727516555975955
370.68,-0.2,-0.14831606135746206,-0.08600216530893688
370.685,-0.2,-0.1499320718065408,0.032662190962367485
370.69,-0.2,-0.15175485218438473,0.08600764229632474
370.695,-0.2,-0.15369034110371677,-0.1427254304792832
370.7,-0.2,-0.15558023705751528,-0.0953257499886543
370.705,-0.2,-0.15727300526880716,-0.5141862226969551
370.71,-0.2,-0.15870174755268496,-0.48994224061758695
370.715,-0.2,-0.15993391206081248,-0.3567097117417696
370.72,-0.2,-0.16114678097229929,-0.18258798108228969
370.725,-0.2,-0.16252932184160557,0.21710235932836933
370.73,-0.2,-0.16416570143104675,0.16171588478003263
370.735,-0.2,-0.16596977697550064,0.11833723656918732
370.74,-0.2,-0.16771665691590162,-0.21334771858171758
370.745,-0.2,-0.1691553943704573,-0.46108147912293085
370.75,-0.2,-0.17013615355455622,-0.46494286961145503
370.755,-0.2,-0.1706708297287611,-0.21393539342380663
370.76,-0.2,-0.17089257968664967,-0.2433092475193484
370.765,-0.2,-0.17096349082230064,0.07644012583307128
370.77,-0.2,-0.17099301526341673,-0.02817440452298589
370.775,-0.2,-0.17099898465323943,-0.06376383624286651
370.78,-0.2,-0.17092728087595216,-0.21598112079213663
370.785,-0.2,-0.17071141295299594,-0.29273924092239434
370.79,-0.2,-0.1703319947099243,-0.4181703288110473
370.795,-0.2,-0.1698561497186602,-0.49376245288020354
370.8,-0.2,-0.16944260824789759,-0.18387574664327497
370.805,-0.2,-0.16928442422369663,0.1150087908955964
370.81,-0.2,-0.1695031251150686,0.043308403816854114
370.815,-0.2,-0.17007802248319023,0.05693581610115999
370.82,-0.2,-0.17086326789775758,-0.1397086929833697
370.825,-0.2,-0.17167117119107742,-0.5256423505083584
370.83,-0.2,-0.17238532858957445,-0.5830375378246577
370.835,-0.2,-0.1730489578493323,-0.607524898458528
370.84,-0.2,-0.17386343134167775,-0.1876801618411517
370.845,-0.2,-0.17508808122324301,-0.07289419462360397
370.85,-0.2,-0.17690619447555136,0.10726139780889056
370.855,-0.2,-0.17933515664571212,0.18130243610845534
370.86,-0.2,-0.1822189458592357,-0.2723592608488804
370.865,-0.2,-0.18531272105915508,-0.409660473610747
370.87,-0.2,-0.1884157398507197,-0.504177718961924
370.875,-0.2,-0.19145582836542469,-0.3757985931093269
370.88,-0.2,-0.19448026839337265,-0.29736640934953606
370.885,-0.2,-0.19758780546266497,-0.12094834731396956
370.89,-0.2,-0.20084089679563177,0.26182009286809804
370.895,-0.2,-0.20418142489188673,0.10140849995184824
370.9,-0.2,-0.20740610924677771,-0.20424848083874292
370.905,-0.2,-0.21025044657693975,-0.44757933527828553
370.91,-0.2,-0.21252602405485824,-0.5169557093825073
370.915,-0.2,-0.21419834130532864,-0.21095611756871566
370.92,-0.2,-0.21535281466293632,-0.11620070217635914
370.925,-0.2,-0.21609186086618354,0.12362608515867383
370.93,-0.2,-0.21644147515848866,0.12717184979750995
370.935,-0.2,-0.21631521589785496,0.0038464459747079537
370.94,-0.2,-0.21555538892453008,-0.3830317392423973
370.945,-0.2,-0.21403726960911557,-0.41890136552987023
370.95,-0.2,-0.21177000779150848,-0.5771416674002605
370.955,-0.2,-0.20893387677541245,-0.4904323149440373
370.96,-0.2,-0.2058422375519537,-0.17348338772470218
370.965,-0.2,-0.20283943879760705,0.0014080387738304029
370.97,-0.2,-0.20017523306068233,0.20697688987826285
370.975,-0.2,-0.1979268066041074,-0.06416634013442724
370.98,-0.2,-0.19601494064571548,-0.1136748319898986
370.985,-0.2,-0.19429197327544623,-0.3031522672438477
370.99,-0.2,-0.19263964253705695,-0.4753838474785126
370.995,-0.2,-0.19103539268364575,-0.36531956736824034
371.0,-0.2,-0.18955700638494502,-0.08489665397378734
371.005,-0.2,-0.18830662860401343,0.19156943860343922
371.01,-0.2,-0.1873056527166594,-0.012211726627305061
371.015,-0.2,-0.18645488854951858,-0.03220202238246295
371.02,-0.2,-0.18558474911350184,-0.23915499512429161
371.025,-0.2,-0.18454608811654488,-0.529656306877138
371.03,-0.2,-0.1832948336799592,-0.4030108408868832
371.035,-0.2,-0.18193527473164836,-0.6731627608547011
371.04,-0.2,-0.18070025806443132,-0.11812807120826943
371.045,-0.2,-0.1798610866038414,0.0683603199000877
371.05,-0.2,-0.1795945466480023,0.138235756940223
371.055,-0.2,-0.1799013990744208,-0.08778896864177582
371.06,-0.2,-0.18064339176508398,-0.33950199948805593
371.065,-0.2,-0.18165898996171653,-0.48049233619671855
371.07,-0.2,-0.18286713191883314,-0.3907676952672733
371.075,-0.2,-0.18430192302218626,-0.5483318908414919
371.08,-0.2,-0.18608421684153575,-0.12385795500550079
371.085,-0.2,-0.1883429739693684,0.12069141636262568
371.09,-0.2,-0.1911043804014619,0.17487043747976674
371.095,-0.2,-0.19422306841789813,0.036789055354289515
371.1,-0.2,-0.19741757932589118,-0.2599205972226984
371.105,-0.2,-0.20038413896042265,-0.36447235181452226
371.11,-0.2,-0.20291240238904137,-0.49096689625412526
371.115,-0.2,-0.2049434372661297,-0.39025946532974076
371.12,-0.2,-0.20655289477473895,-0.1996382398211705
371.125,-0.2,-0.20787161647992253,0.05594922116208197
371.13,-0.2,-0.20898227542321376,0.1061415442520444
371.135,-0.2,-0.20984928543412298,0.13416738795378624
371.14,-0.2,-0.21032086873775646,-0.16156063275900767
371.145,-0.2,-0.2102089507504897,-0.500414020331199
371.15,-0.2,-0.20941147315249023,-0.5181250266903074
371.155,-0.2,-0.20799179723761185,-0.33279782348777
371.16,-0.2,-0.20615097371159236,-0.1672434893562721
371.165,-0.2,-0.20412449756072504,0.004347887288751174
371.17,-0.2,-0.20207770702022293,0.16683033020923732
371.175,-0.2,-0.20005239709204356,-0.20050123353193383
371.18,-0.2,-0.19800092850792292,-0.37703557380168795
371.185,-0.2,-0.1958870484015752,-0.41261482527628573
371.19,-0.2,-0.19376613742980683,-0.4710830113285153
371.195,-0.2,-0.1917956853042485,-0.353600165387292
371.2,-0.2,-0.1901958756610808,-0.32725828497128534
371.205,-0.2,-0.18918951350630386,-0.14629779623963232
371.21,-0.2,-0.18892989379994624,0.24560436274419023
371.215,-0.2,-0.1894217896955062,0.14737606317914412
371.22,-0.2,-0.19049099464437777,-0.18953103421334383
371.225,-0.2,-0.19186453495600098,-0.4369293528252809
371.23,-0.2,-0.19330906768576311,-0.3198755510001285
371.235,-0.2,-0.19471320312031556,-0.4760763870045157
371.24,-0.2,-0.19608431791443393,-0.2213319645832744
371.245,-0.2,-0.19748903211103688,0.07125838630438497
371.25,-0.2,-0.19895726176818526,0.1430570866973433
371.255,-0.2,-0.2004096710429932,-0.14573471897845405
371.26,-0.2,-0.201672865300786,-0.008531484192685651
371.265,-0.2,-0.20255388924477805,-0.3868119489724117
371.27,-0.2,-0.20292381324972297,-0.5955775234046764
371.275,-0.2,-0.2027950896785863,-0.5279597595117077
371.28,-0.2,-0.20234007775900076,-0.18744584420833757
371.285,-0.2,-0.2018001730832585,0.1722389539259619
371.29,-0.2,-0.20133767811126305,0.15351315031084464
371.295,-0.2,-0.20094560513404094,0.031651129474376524
371.3,-0.2,-0.20048055041275015,-0.37070114675148924
371.305,-0.2,-0.1997799521094883,-0.2729490202237287
371.31,-0.2,-0.19877309971292426,-0.6824133265659118
371.315,-0.2,-0.19753523067828463,-0.38270488592524254
371.32,-0.2,-0.1962714274771191,-0.2513670854965423
371.325,-0.2,-0.19522784512470237,0.0062702603659897166
371.33,-0.2,-0.19457534867954657,0.12987877294454997
371.335,-0.2,-0.19433616582791283,-0.01789833429720098
371.34,-0.2,-0.19439241503118385,-0.14548462833957734
371.345,-0.2,-0.19457274597339622,-0.5920434282161748
371.35,-0.2,-0.19476822743844333,-0.38315923685437503
371.355,-0.2,-0.1950002761279686,-0.5093809466976539
371.36,-0.2,-0.19540937061129326,-0.44620966193556433
371.365,-0.2,-0.1961889682024931,0.15754387744037668
371.37,-0.2,-0.1974742842432148,0.1409552022859713
371.375,-0.2,-0.19924180502550018,-0.12472966505560687
371.38,-0.2,-0.2013192253922115,-0.14621426851142816
371.385,-0.2,-0.2034818976994674,-0.23813075180957355
371.39,-0.2,-0.20553954166269972,-0.46188435805249345
371.395,-0.2,-0.20739141472056916,-0.4114704879745343
371.4,-0.2,-0.20904312591582458,-0.15428797513043008
371.405,-0.2,-0.210549917921525,0.18165112571336434
371.41,-0.2,-0.21191067279869596,0.07164781639358014
371.415,-0.2,-0.21300794696434608,-0.038563387480014505
371.42,-0.2,-0.2136446685727367,-0.1660051735535741
371.425,-0.2,-0.21363811137586416,-0.5254364269848011
371.43,-0.2,-0.21292037408055187,-0.6026762917497166
371.435,-0.2,-0.21160034863683896,-0.4092572685150246
371.44,-0.2,-0.2099368318563497,-0.2557829983703388
371.445,-0.2,-0.20822745807881127,0.15055920204370796
371.45,-0.2,-0.20667954920395232,0.04290828063447377
371.455,-0.2,-0.20534687122283307,-0.2198893754967051
371.46,-0.2,-0.20417024147582086,-0.0892873953968925
371.465,-0.2,-0.20306358917895623,-0.44415035790987184
371.47,-0.2,-0.20198230275420817,-0.3680299196085481
371.475,-0.2,-0.20096623669422406,-0.5231261614143389
371.48,-0.2,-0.20014227598593967,-0.1468026520477397
371.485,-0.2,-0.19966691351694987,-0.07050383627085922
371.49,-0.2,-0.19963766801973784,0.021929770312986513
371.495,-0.2,-0.20003727786674805,-0.04692235066855224
371.5,-0.2,-0.20074701742197634,-0.2732591488649936
371.505,-0.2,-0.2016134264122394,-0.2842014797785562
371.51,-0.2,-0.2025256304348624,-0.5336320084506512
371.515,-0.2,-0.2034663878766738,-0.3849300823398354
371.52,-0.2,-0.20450783047099477,-0.07307530667870529
371.525,-0.2,-0.2057386157264702,-0.028043369736731855
371.53,-0.2,-0.20717058151281798,0.133789611368152
371.535,-0.2,-0.20869566896622738,-0.06996622622588902
371.54,-0.2,-0.21011302248638045,-0.11492515232744623
371.545,-0.2,-0.211205426266535,-0.4287023753025713
371.55,-0.2,-0.2118307381322787,-0.48562216338030434
371.555,-0.2,-0.21198187785064407,-0.3195903097264305
371.56,-0.2,-0.21176822469063644,-0.07294619988537407
371.565,-0.2,-0.21132227807718054,0.08431663132478441
371.57,-0.2,-0.21070251293347333,0.018025890565647934
371.575,-0.2,-0.2098630918964697,-0.11323392880687135
371.58,-0.2,-0.20870171552763717,-0.3090208564813377
371.585,-0.2,-0.20714619186706687,-0.4807963568410584
371.59,-0.2,-0.20522890629666488,-0.4628627996940125
371.595,-0.2,-0.20311618008340557,-0.6038488974987407
371.6,-0.2,-0.2010862224408086,-0.26703048755276654
371.605,-0.2,-0.19945178393862753,0.03375799256924515
371.61,-0.2,-0.19843979511940132,0.11289572564951746
371.615,-0.2,-0.19810743200913003,-0.21325546027100983
371.62,-0.2,-0.19837053715847416,-0.2852838840148467
371.625,-0.2,-0.19909819607444532,-0.13828593972260045
371.63,-0.2,-0.20018126893421448,-0.6133352646637906
371.635,-0.2,-0.2015774619292782,-0.5375781959202062
371.64,-0.2,-0.20333624585109109,-0.0375770510152989
371.645,-0.2,-0.20553419214301685,0.11959030694942799
371.65,-0.2,-0.2081460270618697,0.19424530037338789
371.655,-0.2,-0.21097854339745653,-0.0014522154707710296
371.66,-0.2,-0.21370924730817192,0.08065354613729683
371.665,-0.2,-0.21597422310269068,-0.29483278340896757
371.67,-0.2,-0.2174668705214811,-0.4542762182568435
371.675,-0.2,-0.21802604242400833,-0.32934544848044417
371.68,-0.2,-0.217656880786721,-0.12936123394739435
371.685,-0.2,-0.21646163038162994,-0.01777325731199486
371.69,-0.2,-0.214541718356467,0.09541580183816192
371.695,-0.2,-0.21193812134526674,-0.033353059476029706
371.7,-0.2,-0.2086374649682536,-0.2598052814161862
371.705,-0.2,-0.2046390059300498,-0.4489687929049031
371.71,-0.2,-0.20004268156709065,-0.6468429619605138
371.715,-0.2,-0.19509754574452337,-0.30746521944465555
371.72,-0.2,-0.19016578742622103,-0.3032550377887041
371.725,-0.2,-0.18561855961364362,0.06070249145053695
371.73,-0.2,-0.18172291634962773,0.14731687465368773
371.735,-0.2,-0.17856930274269456,0.049190480275488946
371.74,-0.2,-0.17608292215373894,-0.31964624534953756
371.745,-0.2,-0.17412366644269334,-0.35350564944451973
371.75,-0.2,-0.17260515291666262,-0.6139390048625941
371.755,-0.2,-0.17155517325104636,-0.21622806808178005
371.76,-0.2,-0.17108749088345182,-0.2270135417531542
371.765,-0.2,-0.17131459701530413,-0.0036754337012215275
371.77,-0.2,-0.17226501134602976,0.08725209844703682
371.775,-0.2,-0.17384151909498594,0.016587417520577952
371.78,-0.2,-0.17583452822969178,-0.17941076980089624
371.785,-0.2,-0.17799518412368392,-0.38660020877506085
371.79,-0.2,-0.1801341278029856,-0.4867447913540104
371.795,-0.2,-0.1821847119063825,-0.2887305842045414
371.8,-0.2,-0.1841840473696441,-0.044314199571891255
371.805,-0.2,-0.1861785444910936,0.20577649588197675
371.81,-0.2,-0.1881202097577822,0.13911893376510642
371.815,-0.2,-0.18983465712497707,-0.1461456506703296
371.82,-0.2,-0.19108833168483733,-0.2463616392728995
371.825,-0.2,-0.1917023507432511,-0.5425202757737961
371.83,-0.2,-0.1916405365660752,-0.4347561602703762
371.835,-0.2,-0.19103468339242113,-0.5060429835383458
371.84,-0.2,-0.19014692391605423,-0.31856570712824805
371.845,-0.2,-0.18928191856818788,0.16858470894738334
371.85,-0.2,-0.18866307525645376,0.1505515236882965
371.855,-0.2,-0.1883416633670694,-0.10920027293245152
371.86,-0.2,-0.18822064313629205,-0.17968917644893834
371.865,-0.2,-0.18815658483687614,-0.2631628392051142
371.87,-0.2,-0.18805618180113198,-0.7532229378327134
371.875,-0.2,-0.1879438004393458,-0.24873551583500084
371.88,-0.2,-0.1879581581062875,-0.13088533941474662
371.885,-0.2,-0.18825584764543224,-0.05115641030819586
371.89,-0.2,-0.18890946647131104,0.061914553545342366
371.895,-0.2,-0.18987122409139062,-0.023875410212997904
371.9,-0.2,-0.19099436181661913,-0.175798819825565
371.905,-0.2,-0.1920971039705181,-0.31791083159922295
371.91,-0.2,-0.1930510621644019,-0.6944730006632079
371.915,-0.2,-0.19386094059226672,-0.48052028634914523
371.92,-0.2,-0.19468006479254069,-0.2761919614846436
371.925,-0.2,-0.1957283215837138,-0.03959998535769395
371.93,-0.2,-0.19717107714310267,-0.06457129340882323
371.935,-0.2,-0.19904564347734371,0.06100813209396997
371.94,-0.2,-0.20126026762350374,-0.243834620333695
371.945,-0.2,-0.20365469284960147,-0.3904738268764042
371.95,-0.2,-0.20609725673760476,-0.5713100921416412
371.955,-0.2,-0.2085610343880679,-0.397473284427781
371.96,-0.2,-0.21112402836580962,-0.24104716956189653
371.965,-0.2,-0.21388936053145854,0.15504825616597542
371.97,-0.2,-0.21687071289694654,0.20455863341842664
371.975,-0.2,-0.21991657022151911,0.0902406539910326
371.98,-0.2,-0.2227342415217664,-0.2269323123799398
371.985,-0.2,-0.22500451083965928,-0.39296841845088726
371.99,-0.2,-0.22650981331873074,-0.4706622475943135
371.995,-0.2,-0.22720731152378354,-0.5970703782611131
372.0,-0.2,-0.22722735784883694,-0.2000129060097773
372.005,-0.2,-0.226798618290317,-0.126731026011263
372.01,-0.2,-0.22612954783708744,0.1579431720750279
372.015,-0.2,-0.22531639639457082,-0.0822924058128445
372.02,-0.2,-0.22433170289208187,-0.09208157895539734
372.025,-0.2,-0.22308022340419742,-0.1635965579712937
372.03,-0.2,-0.22148424048388948,-0.8574576463432775
372.035,-0.2,-0.2195831377280034,-0.4769195623341318
372.04,-0.2,-0.217578271522017,-0.2150201339850084
372.045,-0.2,-0.21574342397056362,0.059501027106056606
372.05,-0.2,-0.21427408388220662,0.02258371287621301
372.055,-0.2,-0.21321112610423176,-0.09165742385579656
372.06,-0.2,-0.21246849874983295,-0.16104066221317692
372.065,-0.2,-0.2119164614014886,-0.5093441269418256
372.07,-0.2,-0.2114767252601538,-0.549095214688434
372.075,-0.2,-0.21118547922245798,-0.3392270901674564
372.08,-0.2,-0.21117309479773477,-0.17053037068353535
372.085,-0.2,-0.2115741731143517,-0.07429088937709281
372.09,-0.2,-0.21244131669604766,0.053894416192746715
372.095,-0.2,-0.2137007163119677,0.1457098553043173
372.1,-0.2,-0.2151564899147877,-0.2840897913440522
372.105,-0.2,-0.21655900985725074,-0.2600166196855641
372.11,-0.2,-0.21770664187811428,-0.43988348197152805
372.115,-0.2,-0.21851240197350758,-0.4242974076543395
372.12,-0.2,-0.21900701913663387,-0.15538342802474997
372.125,-0.2,-0.21927472391532393,0.1623409599447106
372.13,-0.2,-0.21934591176951973,0.13147541534848015
372.135,-0.2,-0.2191344143407124,-0.1691866995497201
372.14,-0.2,-0.21848273852711603,-0.2587053399937139
372.145,-0.2,-0.21726349543821727,-0.3204786928493238
372.15,-0.2,-0.21545112667238595,-0.49739665476244305
372.155,-0.2,-0.21315184139297547,-0.5869470171573774
372.16,-0.2,-0.21059370955440773,0.0024776245099327743
372.165,-0.2,-0.20803986843493935,0.04647398071635235
372.17,-0.2,-0.20565170853607884,0.36281882231272233
372.175,-0.2,-0.2034097983943741,-0.14464619941382675
372.18,-0.2,-0.20115716346198695,-0.1732849036872157
372.185,-0.2,-0.19872017229194222,-0.34406171408277464
372.19,-0.2,-0.19601437480834924,-0.5377664705687478
372.195,-0.2,-0.19309524487099153,-0.416589209450106
372.2,-0.2,-0.1901457394103088,-0.1539306819890275
372.205,-0.2,-0.18739389046028349,-0.049052803906316306
372.21,-0.2,-0.18500398972923857,0.18192704548531874
372.215,-0.2,-0.18300256132796336,0.12038630099397553
372.22,-0.2,-0.18127797780226576,-0.32316529245211956
372.225,-0.2,-0.17966964719064354,-0.3825211513884483
372.23,-0.2,-0.17808882383964164,-0.4769581297612374
372.235,-0.2,-0.1765776254121754,-0.3685558963656096
372.24,-0.2,-0.17528373654431456,-0.2372912587404204
372.245,-0.2,-0.1743838402418627,-0.004135570480146091
372.25,-0.2,-0.17399755953498633,-0.07296014185311486
372.255,-0.2,-0.17413767290349444,0.008292086345162469
372.26,-0.2,-0.17471929417122942,-0.2691567063458118
372.265,-0.2,-0.17561679175021092,-0.31618498505902315
372.27,-0.2,-0.17674338992618513,-0.6600529363650941
372.275,-0.2,-0.17811740334889464,-0.4079927999691951
372.28,-0.2,-0.1798590767653303,-0.04179893161207762
372.285,-0.2,-0.18209489176923946,-0.0024974140097365413
372.29,-0.2,-0.1848518520338037,-0.1266638339974681
372.295,-0.2,-0.1880295688994877,0.15367807026002422
372.3,-0.2,-0.19142844188554184,-0.2210047813315715
372.305,-0.2,-0.19480769764164219,-0.429025600953669
372.31,-0.2,-0.19797771849703982,-0.40580075061040966
372.315,-0.2,-0.20086879126705154,-0.3888393669998728
372.32,-0.2,-0.20351861393809106,-0.11442467762074451
372.325,-0.2,-0.2059896192960461,0.22856296526736875
372.33,-0.2,-0.20826130109991917,0.17424346996535348
372.335,-0.2,-0.2101700829124559,0.09461709584303216
372.34,-0.2,-0.2114463548592893,-0.14925898526684384
372.345,-0.2,-0.2118238822934154,-0.4819139784087102
372.35,-0.2,-0.2111535156526438,-0.21953219365844917
372.355,-0.2,-0.20944374353395,-0.196662790787066
372.36,-0.2,-0.2068083107658285,-0.04247932080527006
372.365,-0.2,-0.20338722930690437,-0.08356913799100255
372.37,-0.2,-0.19929385761622204,0.17215267612770124
372.375,-0.2,-0.1945850241303173,-0.0023676521455189108
372.38,-0.2,-0.18925893556435086,-0.04089888322255006
372.385,-0.2,-0.18331050875848237,-0.717284456764119
372.39,-0.2,-0.1768426579464431,-0.6040568482454659
372.395,-0.2,-0.17015136610860726,-0.5391924255618795
372.4,-0.2,-0.1636929622631711,-0.22199350031145246
372.405,-0.2,-0.15794647276292662,0.11609479954630372
372.41,-0.2,-0.15325627924452484,0.19757036642958065
372.415,-0.2,-0.14973980076029905,0.01220234773140212
372.42,-0.2,-0.1473149918960554,-0.3175904617573908
372.425,-0.2,-0.14582459525520175,-0.4390175467109788
372.43,-0.2,-0.14516212790443989,-0.4184983693946732
372.435,-0.2,-0.14532162457883496,-0.3821261244848176
372.44,-0.2,-0.14636291176588306,-0.0032641369969194367
372.445,-0.2,-0.14832154241152198,0.11456622271437505
372.45,-0.2,-0.15111441511563234,0.15288576453511277
372.455,-0.2,-0.1545010916508653,0.17898486570552619
372.46,-0.2,-0.1581242231553346,-0.3046299191903482
372.465,-0.2,-0.1616144299909407,-0.26773313025731804
372.47,-0.2,-0.16470327345117802,-0.3972683431608971
372.475,-0.2,-0.16727545170598979,-0.34276954624223993
372.48,-0.2,-0.16935055348151928,-0.18774595966262272
372.485,-0.2,-0.17101942376998394,-0.021566375723969425
372.49,-0.2,-0.17235989055847464,0.10987556762048242
372.495,-0.2,-0.17337116575483236,0.05141197443732724
372.5,-0.2,-0.17395921996374317,0.06074640678600199
372.505,-0.2,-0.17397887096861425,-0.36740277080340417
372.51,-0.2,-0.17332387116092374,-0.4968463924806344
372.515,-0.2,-0.1720201212015491,-0.39305712052978276
372.52,-0.2,-0.1702434999944625,-0.19566778302313576
372.525,-0.2,-0.16824691445648662,-0.16406396246035476
372.53,-0.2,-0.16626490179722392,0.023131389127212604
372.535,-0.2,-0.16444435628490242,0.147292921986088
372.54,-0.2,-0.16281613467200676,-0.2586627914103684
372.545,-0.2,-0.16133735583880046,-0.34865013650021454
372.55,-0.2,-0.15999406376025804,-0.652185914877906
372.555,-0.2,-0.15888765706194535,-0.4605063849513836
372.56,-0.2,-0.15823214748980505,-0.049073955133997996
372.565,-0.2,-0.1582516913300236,-0.022631940622646562
372.57,-0.2,-0.1590631674337273,-0.04586096300266171
372.575,-0.2,-0.16063632739349315,0.030107355990568945
372.58,-0.2,-0.16282163423515866,-0.10800016082492983
372.585,-0.2,-0.16540910944737475,-0.4185794356704074
372.59,-0.2,-0.16821220289312006,-0.3660577386393078
372.595,-0.2,-0.1711325853834804,-0.27367222550536546
372.6,-0.2,-0.17415625225115003,-0.27634505603198634
372.605,-0.2,-0.17729913906699024,0.06675823644507735
372.61,-0.2,-0.1805369589350339,0.09814456599520849
372.615,-0.2,-0.18374499946751835,0.16837599561515004
372.62,-0.2,-0.18669261497819828,-0.1954454671910525
372.625,-0.2,-0.18912343589467323,-0.5574493800391109
372.63,-0.2,-0.19088341032426187,-0.43672355619956815
372.635,-0.2,-0.19199923520818324,-0.5172445973184856
372.64,-0.2,-0.19265540104816584,-0.23526244410334296
372.645,-0.2,-0.19309943319948603,0.05068368817193795
372.65,-0.2,-0.19352258634167005,0.08648469133331557
372.655,-0.2,-0.19397744075902276,0.025685157631366026
372.66,-0.2,-0.19438272633993617,-0.15472696937522096
372.665,-0.2,-0.19459834008146082,-0.27999624765866354
372.67,-0.2,-0.1945171428894276,-0.4576066750794394
372.675,-0.2,-0.19413208271483967,-0.41915140001939916
372.68,-0.2,-0.1935490752245223,-0.22115266694736985
372.685,-0.2,-0.19293016682293743,0.031050962469198896
372.69,-0.2,-0.19239599249704334,0.05677388698610719
372.695,-0.2,-0.19195968955865803,-0.09109116494233996
372.7,-0.2,-0.19154998053717717,-0.48484352267492337
372.705,-0.2,-0.19111243885933232,-0.5605844517823946
372.71,-0.2,-0.1907112111967863,-0.6402529582852401
372.715,-0.2,-0.19055396418730663,-0.35801472417913777
372.72,-0.2,-0.19092823207316303,-0.31320889597947943
372.725,-0.2,-0.1920884952924619,0.2249902322366299
372.73,-0.2,-0.1941395711960014,0.09935467047943049
372.735,-0.2,-0.19697997648842255,-0.13444267065993554
372.74,-0.2,-0.20035722960562063,-0.21927148339272004
372.745,-0.2,-0.2039904851842443,-0.4724977728436399
372.75,-0.2,-0.20766820321811394,-0.2481994426371229
372.755,-0.2,-0.21128269482066056,-0.5363338074368194
372.76,-0.2,-0.2148173661512154,-0.16185500944124911
372.765,-0.2,-0.218304122858357,-0.19619093816714503
372.77,-0.2,-0.2217610538220858,-0.01603676052716231
372.775,-0.2,-0.225141338383326,-0.04131674208480228
372.78,-0.2,-0.22832227532548538,-0.14441307928877345
372.785,-0.2,-0.23114339017274788,-0.41384112329244294
372.79,-0.2,-0.23348743329366717,-0.6034832886587149
372.795,-0.2,-0.2353533536796863,-0.26748339588532966
372.8,-0.2,-0.23684972072352864,-0.24405120321040635
372.805,-0.2,-0.23811221154616524,-0.024495217181956998
372.81,-0.2,-0.23921825526368323,-0.0017810559578786272
372.815,-0.2,-0.24014550001899765,-0.021530428704453382
372.82,-0.2,-0.24078325124690123,-0.19395389082914785
372.825,-0.2,-0.24099983022903362,-0.6071053802275201
372.83,-0.2,-0.24074237922650724,-0.456632460854398
372.835,-0.2,-0.24009882851834985,-0.471700680601702
372.84,-0.2,-0.23926618929873372,-0.06922059641004805
372.845,-0.2,-0.2384559800416731,-0.2760256820529423
372.85,-0.2,-0.23781172000336612,0.09815103174938944
372.855,-0.2,-0.23736591473016624,0.028266910749996044
372.86,-0.2,-0.2370332852326366,-0.20823610060351544
372.865,-0.2,-0.23666908652066274,-0.5746198592273047
372.87,-0.2,-0.23618557687959071,-0.5567661084424719
372.875,-0.2,-0.23563407841009304,-0.4357408157586235
372.88,-0.2,-0.23518561467991092,-0.28621658892844337
372.885,-0.2,-0.23503770874348667,0.002460415107589837
372.89,-0.2,-0.2353014897303479,0.29313503384051864
372.895,-0.2,-0.23591858314329586,-0.06646879254662968
372.9,-0.2,-0.23667305957732568,-0.20695847045260918
372.905,-0.2,-0.23730353001963128,-0.4246693705301073
372.91,-0.2,-0.23763006442835055,-0.5710096735559824
372.915,-0.2,-0.237625270632397,-0.46697470158760024
372.92,-0.2,-0.23740690369682713,-0.2628922146574204
372.925,-0.2,-0.23715870939510286,-0.12035892857663441
372.93,-0.2,-0.23703617172074565,-0.2503000942277592
372.935,-0.2,-0.23711219583585916,0.18471048846627336
372.94,-0.2,-0.23735446673626379,-0.13673426723031407
372.945,-0.2,-0.23764027288699582,-0.40141014500939853
372.95,-0.2,-0.23784612447693118,-0.6779790577534658
372.955,-0.2,-0.2379613565155049,-0.48753540511303917
372.96,-0.2,-0.23811258614338457,-0.16679189641314907
372.965,-0.2,-0.2384754228177439,-0.15090829276535475
372.97,-0.2,-0.23915847049201172,0.1367226611883689
372.975,-0.2,-0.24013599648859696,-0.021107386086361844
372.98,-0.2,-0.24125565057090528,-0.333419655916524
372.985,-0.2,-0.24232529745966003,-0.45383168152118747
372.99,-0.2,-0.24322604412652046,-0.5485698400163972
372.995,-0.2,-0.24396760779983445,-0.3275123149214564
373.0,-0.2,-0.2446583361745258,-0.26938213516539034
373.005,-0.2,-0.24542328747148498,0.005775430557150046
373.01,-0.2,-0.24632159807894413,-0.05911861239558246
373.015,-0.2,-0.24730695561413119,-0.09829747377750862
373.02,-0.2,-0.24824766685630512,-0.1570156009722744
373.025,-0.2,-0.24898446850167774,-0.3621825069621537
373.03,-0.2,-0.24939872756722142,-0.4829799845151424
373.035,-0.2,-0.2494728924819048,-0.5475039757006311
373.04,-0.2,-0.24930429689467173,-0.09731075789160751
373.045,-0.2,-0.24903479244984064,0.05147890037237329
373.05,-0.2,-0.2487382204551755,-0.009562852252374965
373.055,-0.2,-0.24836315407446655,0.0300809868883357
373.06,-0.2,-0.24775917840631642,-0.16496291926574705
373.065,-0.2,-0.246756096717188,-0.615260047600645
373.07,-0.2,-0.2452773459285178,-0.6888279446920843
373.075,-0.2,-0.24342892875118688,-0.5074909673854967
373.08,-0.2,-0.24147833917288386,-0.18863909059309705
373.085,-0.2,-0.23973510474702428,-0.22527458743695267
373.09,-0.2,-0.238430959776338,0.07104814557214593
373.095,-0.2,-0.2376520979284282,0.08593853402266848
373.1,-0.2,-0.23733280090666603,-0.44784835548688584
373.105,-0.2,-0.23733395189041448,-0.3981811419808974
373.11,-0.2,-0.23756113680056223,-0.5294416837065545
373.115,-0.2,-0.23802977533309874,-0.6129754014653812
373.12,-0.2,-0.2388596070689191,-0.2643255005845005
373.125,-0.2,-0.24020488117788485,0.07451781517406932
373.13,-0.2,-0.24213502584439514,0.06925762784131417
373.135,-0.2,-0.24454922372906354,0.07443211827247435
373.14,-0.2,-0.24720121644294046,-0.5259852160794041
373.145,-0.2,-0.24982113199230963,-0.3936383084614562
373.15,-0.2,-0.25224294858165613,-0.6340724218880525
373.155,-0.2,-0.2544565725398643,-0.5012495574369035
373.16,-0.2,-0.25657737691773336,-0.18832056085782736
373.165,-0.2,-0.2587528977733274,-0.025025480763345213
373.17,-0.2,-0.2610480768766801,0.12458466591948061
373.175,-0.2,-0.26337427344070075,0.12356948678442606
373.18,-0.2,-0.2654984678209232,-0.23457922970760198
373.185,-0.2,-0.2671334764495858,-0.3869119056661212
373.19,-0.2,-0.26806479762477153,-0.5571344959591399
373.195,-0.2,-0.26824328953059345,-0.6725035538758805
373.2,-0.2,-0.2678014139684945,-0.23872438271467528
373.205,-0.2,-0.2669775112183813,-0.09698736625705967
373.21,-0.2,-0.26598379961024454,0.06121608574300609
373.215,-0.2,-0.2649100524759197,-0.05969072973879912
373.22,-0.2,-0.2637188930314229,-0.20409762167739162
373.225,-0.2,-0.2623212169765757,-0.5922136259135904
373.23,-0.2,-0.2606896817470086,-0.6635569373459101
373.235,-0.2,-0.2589420944074328,-0.5452049956777613
373.24,-0.2,-0.2573294599554142,-0.265004462321972
373.245,-0.2,-0.25612405274673367,0.19369109863986192
373.25,-0.2,-0.2554806729417281,-0.1611535901509418
373.255,-0.2,-0.2553775770060736,-0.0269559341123804
373.26,-0.2,-0.2556583084351317,-0.0722471269351852
373.265,-0.2,-0.256114130959145,-0.6960321775344032
373.27,-0.2,-0.25658918084910226,-0.5300025118586627
373.275,-0.2,-0.25707156592762337,-0.5791969221987278
373.28,-0.2,-0.25768812021624254,-0.2081569185600896
373.285,-0.2,-0.25860531183879343,-0.0691011413832245
373.29,-0.2,-0.25991203502768867,0.06762725436534049
373.295,-0.2,-0.2615515853802536,-0.03724932910230476
373.3,-0.2,-0.2633340080444923,-0.1813829327774849
373.305,-0.2,-0.26501514636274365,-0.4236388225989939
373.31,-0.2,-0.2663942441929186,-0.3404676868249754
373.315,-0.2,-0.26737429520084827,-0.467331793378591
373.32,-0.2,-0.2679671213696945,-0.3418034674211789
373.325,-0.2,-0.26825737771924973,-0.13230278137978788
373.33,-0.2,-0.26833728941104007,-0.10092754228919842
373.335,-0.2,-0.26824308857008183,-0.04621013851081491
373.34,-0.2,-0.26793857261982207,-0.3169152025259639
373.345,-0.2,-0.26736225643421757,-0.49273999083719083
373.35,-0.2,-0.266513370888374,-0.6906840663756623
373.355,-0.2,-0.2655172158270422,-0.47963947953020897
373.36,-0.2,-0.2646134804870716,-0.35616619035170516
373.365,-0.2,-0.26407087332138246,-0.15706547259188713
373.37,-0.2,-0.264082402478838,0.05822812006064352
373.375,-0.2,-0.2646890131054976,0.018617636712708066
373.38,-0.2,-0.2657701926362437,-0.3368865055086652
373.385,-0.2,-0.2671269199773106,-0.5361619766582445
373.39,-0.2,-0.2686074444649337,-0.5188413798371297
373.395,-0.2,-0.2701764755101393,-0.3945633981108853
373.4,-0.2,-0.271886508547164,-0.15520039742399847
373.405,-0.2,-0.27379484768564777,-0.19085550361181866
373.41,-0.2,-0.2758957708855845,-0.07846964300755632
373.415,-0.2,-0.2780967146523195,-0.02334716423096822
373.42,-0.2,-0.28022790045235,-0.25389464979792764
373.425,-0.2,-0.2820895227507023,-0.4174600870477042
373.43,-0.2,-0.2835383884659746,-0.7092047730122275
373.435,-0.2,-0.28456535685915924,-0.40572060420540035
373.44,-0.2,-0.28529429602239703,-0.28916421103820183
373.445,-0.2,-0.2858920103377306,0.007838582201053657
373.45,-0.2,-0.286458707047653,-0.0823392856534094
373.455,-0.2,-0.2869714393041,0.04576033084879552
373.46,-0.2,-0.2872996577743155,-0.3464466894446873
373.465,-0.2,-0.2872858195471012,-0.5897870290184091
373.47,-0.2,-0.2868587029976318,-0.6082622316474143
373.475,-0.2,-0.2861000953920782,-0.4413928578192289
373.48,-0.2,-0.2852108928877289,-0.27308316100762914
373.485,-0.2,-0.2844078558072848,0.01876810246260173
373.49,-0.2,-0.28381624435661434,-0.0012960247108684438
373.495,-0.2,-0.2834131210128104,-0.01409586009022358
373.5,-0.2,-0.28305069507078806,-0.3197268290145055
373.505,-0.2,-0.28254271663656677,-0.3476794719491958
373.51,-0.2,-0.281765230100099,-0.7093200719748207
373.515,-0.2,-0.2807238589843923,-0.3480409264239078
373.52,-0.2,-0.2795490509196532,-0.3806523743630418
373.525,-0.2,-0.2784197993442877,-0.0673681811238648
373.53,-0.2,-0.27746847150718085,-0.05104028056741852
373.535,-0.2,-0.27672353125624016,-0.19491812527913513
373.54,-0.2,-0.27612573710261246,-0.43437212946089776
373.545,-0.2,-0.2756094145031682,-0.5513377365629099
373.55,-0.2,-0.2751852541826155,-0.5441220225358048
373.555,-0.2,-0.2749654679534831,-0.43701225888269457
373.56,-0.2,-0.2751295670687977,-0.4820124101014817
373.565,-0.2,-0.275856211502319,0.1271886231081306
373.57,-0.2,-0.2772257335999356,0.13058425621536301
373.575,-0.2,-0.27913954051426204,-0.17406047800110563
373.58,-0.2,-0.28134749071215603,-0.2752751120684345
373.585,-0.2,-0.2835650786645423,-0.37018218621856
373.59,-0.2,-0.28557212016965833,-0.40252688362519473
373.595,-0.2,-0.28726058291592,-0.7407449075197996
373.6,-0.2,-0.2886555755917589,-0.31746287277551244
373.605,-0.2,-0.2898801708474953,-0.06847944907661148
373.61,-0.2,-0.2910462119974682,-0.013309590387761708
373.615,-0.2,-0.29215092618367755,0.11120214826175703
373.62,-0.2,-0.2930590654117424,-0.3255717905953547
373.625,-0.2,-0.2935780412821323,-0.45543484403879714
373.63,-0.2,-0.29357843282053137,-0.6181740948925266
373.635,-0.2,-0.2930823974430042,-0.6783733819905097
373.64,-0.2,-0.2922708615689072,-0.28447502529643987
373.645,-0.2,-0.29139832010499,0.012013990013739581
373.65,-0.2,-0.2906534154267024,0.03545887086837922
373.655,-0.2,-0.29006771709399765,-0.13451678083788812
373.66,-0.2,-0.28953796587523006,-0.28881645045949705
373.665,-0.2,-0.2889241735577,-0.5185773255739747
373.67,-0.2,-0.2881546695675984,-0.6617607910968335
373.675,-0.2,-0.28729101705753973,-0.5380495362941751
373.68,-0.2,-0.28651708328948294,-0.2785688658858447
373.685,-0.2,-0.28604612771893806,0.00614721724938265
373.69,-0.2,-0.286001153857525,-0.03992524143310138
373.695,-0.2,-0.28634976735466705,-0.028125118768065185
373.7,-0.2,-0.2869267554098017,-0.2801266409401945
373.705,-0.2,-0.2875184195760494,-0.4327621814157076
373.71,-0.2,-0.2879643214102433,-0.6139367103081985
373.715,-0.2,-0.2882289530383103,-0.4830553620103325
373.72,-0.2,-0.2884010939060038,-0.2692098806307936
373.725,-0.2,-0.2886176457530877,-0.09948363283890142
373.73,-0.2,-0.28896411300544456,-0.0364929963101815
373.735,-0.2,-0.2894180265258188,-0.14337784148131644
373.74,-0.2,-0.2898629150519552,-0.256361659575357
373.745,-0.2,-0.2901556997795189,-0.49074739690377944
373.75,-0.2,-0.29020827904825836,-0.5044600115590325
373.755,-0.2,-0.2900394681024967,-0.49782217442961324
373.76,-0.2,-0.2897678711039042,-0.29792946884818905
373.765,-0.2,-0.28954684200221564,-0.05927436125893033
373.77,-0.2,-0.2894741603631211,-0.03762977309649338
373.775,-0.2,-0.28953671585038443,-0.2313742487327047
373.78,-0.2,-0.28963786104334105,-0.42764357918725954
373.785,-0.2,-0.2896888324178182,-0.6409020217951695
373.79,-0.2,-0.2896976581437812,-0.5916776420280004
373.795,-0.2,-0.2897951442438616,-0.41251038270126805
373.8,-0.2,-0.2901794898752402,-0.2225238183151135
373.805,-0.2,-0.2910183538217455,-0.12315756721665472
373.81,-0.2,-0.2923729584797877,-0.14307230045734143
373.815,-0.2,-0.2941844349701954,-0.29119502465900426
373.82,-0.2,-0.2963194916061816,-0.3536719126424344
373.825,-0.2,-0.2986388695149179,-0.46093440245791795
373.83,-0.2,-0.3010550737748714,-0.6217497061394227
373.835,-0.2,-0.30356228140871255,-0.3335139267516802
373.84,-0.2,-0.3062134466123795,-0.22890057656750545
373.845,-0.2,-0.3090486319996065,-0.15459395003552442
373.85,-0.2,-0.3120286256423283,0.01781231760759082
373.855,-0.2,-0.3150085087433667,-0.12530147811643125
373.86,-0.2,-0.3177590355512363,-0.2794242372552239
373.865,-0.2,-0.32004218022542985,-0.5867723293520912
373.87,-0.2,-0.3217098942034273,-0.5239843720296691
373.875,-0.2,-0.3227606150764528,-0.5161004678782408
373.88,-0.2,-0.3233182999791762,-0.3094411427626248
373.885,-0.2,-0.3235514917037815,-0.03411302242235663
373.89,-0.2,-0.323570059692196,0.08147443133935815
373.895,-0.2,-0.32335883565884943,-0.2852753994838843
373.9,-0.2,-0.32280652140889093,-0.30401661295972887
373.905,-0.2,-0.32180750506956857,-0.6630138181716705
373.91,-0.2,-0.3203618878491366,-0.6793225829180042
373.915,-0.2,-0.3186227650997301,-0.5378928089151317
373.92,-0.2,-0.31685888823108704,-0.22356360089612276
373.925,-0.2,-0.31533846912846775,0.04209110038687036
373.93,-0.2,-0.31420041646999247,0.07745705720979566
373.935,-0.2,-0.31339522498304645,-0.13579236294731684
373.94,-0.2,-0.3127314147529852,-0.29324405454662067
373.945,-0.2,-0.31198647779685035,-0.43743757517058324
373.95,-0.2,-0.31101236370254814,-0.6453398271468894
373.955,-0.2,-0.30979771376357673,-0.5201705183384652
373.96,-0.2,-0.3084643941680792,-0.2996845096931865
373.965,-0.2,-0.30719150848943977,-0.16407562958562427
373.97,-0.2,-0.3061120364421758,0.0018133197909671675
373.975,-0.2,-0.30524378000502284,-0.08205972869054326
373.98,-0.2,-0.30449166516650084,-0.4118896130919981
373.985,-0.2,-0.3037320546282222,-0.6890072939733344
373.99,-0.2,-0.3029308120196875,-0.63201916054996
373.995,-0.2,-0.3022007130547161,-0.5031490851524635
374.0,-0.2,-0.3017558838512543,-0.2892362400618821
374.005,-0.2,-0.3018066990133501,-0.10729604976441465
374.01,-0.2,-0.3024593366021286,0.002713921470365711
374.015,-0.2,-0.303662821558129,-0.07579039965452028
374.02,-0.2,-0.3052235423755394,-0.1836486821527069
374.025,-0.2,-0.3068831266362249,-0.5688030994970718
374.03,-0.2,-0.3084322024906073,-0.6338770553556784
374.035,-0.2,-0.30980167397626895,-0.5648449962913717
374.04,-0.2,-0.3110666934636881,-0.27579323123596644
374.045,-0.2,-0.3123639441732035,-0.25941118708786104
374.05,-0.2,-0.3137920698368763,-0.059801600858940845
374.055,-0.2,-0.3153528277385891,-0.14835816896881077
374.06,-0.2,-0.31695409325376844,-0.4591244043601688
374.065,-0.2,-0.3184764516369763,-0.4625889228172643
374.07,-0.2,-0.3198569530041765,-0.5725019721566856
374.075,-0.2,-0.32112885730407803,-0.5175799714438469
374.08,-0.2,-0.3224025519915443,-0.24260073913033187
374.085,-0.2,-0.32380108644234484,-0.24775497953775463
374.09,-0.2,-0.3253849687188535,-0.025514750700477894
374.095,-0.2,-0.3271029511116474,0.01422238264797017
374.1,-0.2,-0.3287937678328289,-0.5369577718126841
374.105,-0.2,-0.3302644917755269,-0.4607811634580887
374.11,-0.2,-0.3313994221444278,-0.5509758700667257
374.115,-0.2,-0.3322063239735636,-0.48920933137493455
374.12,-0.2,-0.3327894562040088,-0.36428990357633023
374.125,-0.2,-0.3332825943900379,-0.01719640164939011
374.13,-0.2,-0.3337592264486292,-0.019304082416540868
374.135,-0.2,-0.3341670454419844,-0.06392164493476911
374.14,-0.2,-0.33434122367874053,-0.3345581318915179
374.145,-0.2,-0.33409219774148163,-0.5208814627431403
374.15,-0.2,-0.3333131349123643,-0.6405660673014558
374.155,-0.2,-0.3320442939555998,-0.5024583237692734
374.16,-0.2,-0.33045114153699184,-0.1482540464361559
374.165,-0.2,-0.3287212246319329,-0.015818549858061512
374.17,-0.2,-0.32695461931367015,-0.1631372448982529
374.175,-0.2,-0.32512820205557297,-0.006828622465272327
374.18,-0.2,-0.3231346500458671,-0.45928436591009153
374.185,-0.2,-0.3208661834098747,-0.6060183705410346
374.19,-0.2,-0.31831155675062317,-0.553048970375864
374.195,-0.2,-0.3156020702580913,-0.6095486930056659
374.2,-0.2,-0.3129775242759605,-0.3009455817760618
374.205,-0.2,-0.3106998283446222,-0.14446763694224457
374.21,-0.2,-0.30894775295069715,0.08673652912854207
374.215,-0.2,-0.30774037421150247,-0.08239238898139616
374.22,-0.2,-0.306944564691998,-0.40103946248405214
374.225,-0.2,-0.306376813682014,-0.6235715535199378
374.23,-0.2,-0.3059347915023972,-0.7104168531537782
374.235,-0.2,-0.3056663377603011,-0.47972807154192715
374.24,-0.2,-0.3057389175489964,-0.4533765785881254
374.245,-0.2,-0.30634504486414327,-0.07056748500480894
374.25,-0.2,-0.30759586119207194,-0.0026737484509896086
374.255,-0.2,-0.30944753945830317,-0.08561276005739939
374.26,-0.2,-0.3117089219423912,-0.38004113192371797
374.265,-0.2,-0.31413930132359064,-0.6406855357013796
374.27,-0.2,-0.31657274595504653,-0.5933602926537473
374.275,-0.2,-0.31897486336997993,-0.2764090900116889
374.28,-0.2,-0.3213908803571708,-0.20718608637236433
374.285,-0.2,-0.32383818049184426,0.1304801013007705
374.29,-0.2,-0.32621803384563924,0.09222649092016183
374.295,-0.2,-0.328289211951443,-0.0932871215037355
374.3,-0.2,-0.3297242031208538,-0.2582428037849917
374.305,-0.2,-0.3302236309962597,-0.5848085283800226
374.31,-0.2,-0.3296317456406264,-0.6607645477895772
374.315,-0.2,-0.32799944080764304,-0.5129837965063406
374.32,-0.2,-0.32555178312242217,-0.18691377496916864
374.325,-0.2,-0.32257111617146006,-0.10984147877304676
374.33,-0.2,-0.31927132508394457,0.11081384783755088
374.335,-0.2,-0.31573149766610714,-0.13665116870136715
374.34,-0.2,-0.31191479042529896,-0.30283713918231625
374.345,-0.2,-0.3077618070961842,-0.6447391532756478
374.35,-0.2,-0.30330450957448735,-0.640021708894172
374.355,-0.2,-0.2987346340812592,-0.7900855129371221
374.36,-0.2,-0.29439253127087445,-0.3482608995489549
374.365,-0.2,-0.2906717765688869,-0.1371035699168897
374.37,-0.2,-0.2878756341074846,0.06924190790651213
374.375,-0.2,-0.2861139549380193,-0.18253953316750596
374.38,-0.2,-0.2853138674505702,-0.41425249649618745
374.385,-0.2,-0.28532928490042586,-0.6232707591602548
374.39,-0.2,-0.286055682499745,-0.38044377013272845
374.395,-0.2,-0.28746848621674476,-0.5679144956596762
374.4,-0.2,-0.2895900040916753,-0.1539350606832453
374.405,-0.2,-0.29242323032815193,-0.09129834561000928
374.41,-0.2,-0.29587941097627607,-0.020821156816436003
374.415,-0.2,-0.29974489581626923,-0.12234248744718229
374.42,-0.2,-0.30371652592639725,-0.30874899539880585
374.425,-0.2,-0.30748633027750244,-0.503670547727356
374.43,-0.2,-0.3108330827988117,-0.5182263375936744
374.435,-0.2,-0.313672982246422,-0.48919515890345505
374.44,-0.2,-0.31604011845213187,-0.15366279932470045
374.445,-0.2,-0.31800767497632737,-0.15694633178756048
374.45,-0.2,-0.3196033166327859,-0.05570542768740591
374.455,-0.2,-0.3207624694334276,0.18423695609852586
374.46,-0.2,-0.32132434275885896,-0.3582886916539232
374.465,-0.2,-0.32109093379278264,-0.40583638298006064
374.47,-0.2,-0.31994156772027216,-0.6725440859447522
374.475,-0.2,-0.31792074827208516,-0.5386054047875745
374.48,-0.2,-0.315235363510121,-0.2765116665052752
374.485,-0.2,-0.312159396913183,0.0629835262611316
374.49,-0.2,-0.30890572520404685,-0.17966629744907828
374.495,-0.2,-0.30556200711311915,-0.06325828804941527
374.5,-0.2,-0.3021178949066757,-0.3197146002745066
374.505,-0.2,-0.2985424207980373,-0.6795401595330313
374.51,-0.2,-0.29488017783225573,-0.6265051312192378
374.515,-0.2,-0.29131129821504786,-0.5178691871942577
374.52,-0.2,-0.2881191188239961,-0.3428089450662574
374.525,-0.2,-0.2855887078601593,-0.04451908718908427
374.53,-0.2,-0.28389878927755935,-0.05232061645591017
374.535,-0.2,-0.28306143700263214,-0.09660277529208584
374.54,-0.2,-0.28294072388989255,-0.26466689658863796
374.545,-0.2,-0.2833339499991668,-0.49168865442481563
374.55,-0.2,-0.28407140671311915,-0.5765112494803736
374.555,-0.2,-0.28508810701695797,-0.5553474670862126
374.56,-0.2,-0.2864311473088982,-0.37105437835742916
374.565,-0.2,-0.28819525975064514,-0.01585502341606939
374.57,-0.2,-0.2904169573832829,0.002055353397305764
374.575,-0.2,-0.29299668326174544,-0.0646948956107616
374.58,-0.2,-0.2957136596817023,-0.4413026189145747
374.585,-0.2,-0.2983233846085095,-0.3930351906504425
374.59,-0.2,-0.3006611157857493,-0.6405078210746254
374.595,-0.2,-0.3026967992563985,-0.6126145534629961
374.6,-0.2,-0.3045314271444566,-0.2868265582844451
374.605,-0.2,-0.30632645041040313,-0.15901688622276952
374.61,-0.2,-0.3081945084849479,0.0019426611490758264
374.615,-0.2,-0.3101253523207209,-0.12436347331457855
374.62,-0.2,-0.3119870937083167,-0.1615071009136622
374.625,-0.2,-0.3135902476302329,-0.5028468660071347
374.63,-0.2,-0.314783303098863,-0.5753449005409179
374.635,-0.2,-0.31553289317133526,-0.539990482229024
374.64,-0.2,-0.3159330571851684,-0.24677774451901485
374.645,-0.2,-0.3161284814009716,-0.032433266405522965
374.65,-0.2,-0.3162020348238745,0.08278985298997699
374.655,-0.2,-0.3161073776592557,-0.19135988965233236
374.66,-0.2,-0.3156916322703023,-0.12868778357327462
374.665,-0.2,-0.31478357266878704,-0.678703518572298
374.67,-0.2,-0.3133006081761014,-0.6064686868441398
374.675,-0.2,-0.31131742539737567,-0.38629098668411915
374.68,-0.2,-0.3090345520860162,-0.2520877670133864
374.685,-0.2,-0.3066730929658235,-0.14252879801625648
374.69,-0.2,-0.304381782014471,0.01196355116443476
374.695,-0.2,-0.30219154001222037,-0.07520597956526302
374.7,-0.2,-0.30002507632228315,-0.31688236973237843
374.705,-0.2,-0.2977701792023967,-0.543981558556512
374.71,-0.2,-0.2953857010585855,-0.7157951692501766
374.715,-0.2,-0.292970081839301,-0.41610783675089524
374.72,-0.2,-0.2907389464112556,-0.3808988832844527
374.725,-0.2,-0.2889287001221068,-0.04246817044949237
374.73,-0.2,-0.28769125242690846,-0.05635254961681191
374.735,-0.2,-0.2870370918319468,-0.17734577500267534
374.74,-0.2,-0.28685756402429663,-0.3435280676768282
374.745,-0.2,-0.2870088012053223,-0.5267695530162418
374.75,-0.2,-0.2874002112198589,-0.5373729645774235
374.755,-0.2,-0.2880379877896869,-0.4550947811933408
374.76,-0.2,-0.28900591179019663,-0.3355241327918872
374.765,-0.2,-0.2903988870744684,-0.06335376662879401
374.77,-0.2,-0.29224050867444534,0.004995557457265907
374.775,-0.2,-0.2944286399787692,-0.14113562832014176
374.78,-0.2,-0.29675419792407504,-0.32902809911705
374.785,-0.2,-0.2989909933144043,-0.6050713238377291
374.79,-0.2,-0.30099638948845153,-0.4381957523954263
374.795,-0.2,-0.3027505714983828,-0.3877467579547439
374.8,-0.2,-0.30431742532564277,-0.29550128749879734
374.805,-0.2,-0.30577892180178545,-0.2722965370645173
374.81,-0.2,-0.3071856663753327,-0.06697199830348662
374.815,-0.2,-0.30852223434752474,-0.11301522681342814
374.82,-0.2,-0.3096960170135559,-0.24828952893664052
374.825,-0.2,-0.31057579807778135,-0.4632109052410745
374.83,-0.2,-0.3110698580947749,-0.5645267417850408
374.835,-0.2,-0.31119091859187786,-0.5084495066042882
374.84,-0.2,-0.31105817900307103,-0.25705140417087563
374.845,-0.2,-0.3108296660055658,-0.14442773016683996
374.85,-0.2,-0.3106139452985773,-0.1200725889576775
374.855,-0.2,-0.31042037781364784,-0.054547457620277164
374.86,-0.2,-0.31016357333987615,-0.25897363878474
374.865,-0.2,-0.3097169484754789,-0.5392874213063311
374.87,-0.2,-0.30900273269567646,-0.5969410041002429
374.875,-0.2,-0.3080677698559923,-0.6453444743381516
374.88,-0.2,-0.30709080499096936,-0.385036260622278
374.885,-0.2,-0.3063138652275294,-0.19689797354130306
374.89,-0.2,-0.3059336317257556,-0.006291789373650243
374.895,-0.2,-0.3060117457836441,-0.03204102007544905
374.9,-0.2,-0.3064505217518157,-0.09522454081344556
374.905,-0.2,-0.30704476579920603,-0.47246759537584
374.91,-0.2,-0.3075934828520391,-0.7096475267616187
374.915,-0.2,-0.3080132745626463,-0.47362959768300644
374.92,-0.2,-0.30836524784194785,-0.35347471070244324
374.925,-0.2,-0.30877148455152026,0.07501964043927481
374.93,-0.2,-0.30928509072840993,0.1613656422001951
374.935,-0.2,-0.30980114855649354,-0.022488031162326533
374.94,-0.2,-0.3100764999690224,-0.35853685243630173
374.945,-0.2,-0.3098551792098781,-0.6476311590893081
374.95,-0.2,-0.30900556612408536,-0.4182387439439079
374.955,-0.2,-0.30756491361851956,-0.3957421287469654
374.96,-0.2,-0.3056795219862142,-0.18317336244053795
374.965,-0.2,-0.30350851821210456,-0.05622931003323427
374.97,-0.2,-0.30114800165840866,-0.09393136580268224
374.975,-0.2,-0.29860074733334335,-0.04262997855883971
374.98,-0.2,-0.2957961924820683,-0.29343312454057496
374.985,-0.2,-0.2926550652318574,-0.596006695536863
374.99,-0.2,-0.28917628144124713,-0.43696383978769193
374.995,-0.2,-0.28548294403293945,-0.4795259224007137
375.0,-0.2,-0.28179148974505214,-0.29785903516627105
375.005,-0.2,-0.2783353956818713,-0.05894295866665581
375.01,-0.2,-0.27527990666501756,-0.03663707882774538
375.015,-0.2,-0.2726663600704225,-0.12000585002832359
375.02,-0.2,-0.2704207372354178,-0.1492774198249523
375.025,-0.2,-0.2684228279672407,-0.7317130683152504
375.03,-0.2,-0.26661328159543196,-0.6235492697443623
375.035,-0.2,-0.26507629887318573,-0.5593446964167293
375.04,-0.2,-0.26402416267548573,-0.37808464270565956
375.045,-0.2,-0.2636948752731096,0.010754312464322832
375.05,-0.2,-0.26422269913509094,0.19933582901333594
375.055,-0.2,-0.2655405703280409,0.06402086223230002
375.06,-0.2,-0.26738991668183293,-0.48411743178648203
375.065,-0.2,-0.2694591305090361,-0.6140545220976341
375.07,-0.2,-0.2715504186675185,-0.6615952930467668
375.075,-0.2,-0.27365423906319436,-0.602071295420255
375.08,-0.2,-0.27590231699967144,-0.030722523083427294
375.085,-0.2,-0.2784385265738271,-0.08980108683479127
375.09,-0.2,-0.28129218335318146,0.041105839898724524
375.095,-0.2,-0.2843317105742325,0.06015319678053928
375.1,-0.2,-0.2872905695641688,-0.052300556465737086
375.105,-0.2,-0.2898378742035942,-0.4586714010510654
375.11,-0.2,-0.2916947486731116,-0.6459394055516355
375.115,-0.2,-0.29274994091593004,-0.5671558908988914
375.12,-0.2,-0.2930853977945842,-0.23302893168892422
375.125,-0.2,-0.29288782836223376,-0.13610715075498736
375.13,-0.2,-0.29231685116989126,0.18208572221490427
375.135,-0.2,-0.2914112852517084,-0.025191725576502046
375.14,-0.2,-0.29008868060669224,-0.49163778225162713
375.145,-0.2,-0.28824981249394177,-0.4919286477188839
375.15,-0.2,-0.2859009701300242,-0.5501478605108157
375.155,-0.2,-0.28319443295428665,-0.5245892713491596
375.16,-0.2,-0.2803885139317183,-0.2898545338592944
375.165,-0.2,-0.2777570008484366,0.1384878544881334
375.17,-0.2,-0.27547403182023006,-0.07988105362283565
375.175,-0.2,-0.2735511860070957,-0.06487612385786155
