t,reference,measured,noisy
189.71,0.2,-0.3802836935982877,-0.3802836935982877
189.715,0.2,-0.18703877744711814,-0.18703877744711814
189.72,0.2,0.08262182491768225,0.08262182491768225
189.725,0.2,0.23072742731396226,0.23072742731396226
189.73,0.2,0.3767607275753405,0.3767607275753405
189.735,0.2,0.26745985737791556,0.26745985737791556
189.74,0.2,-0.018313083761218665,-0.018313083761218665
189.745,0.2,-0.3684919926963418,-0.3684919926963418
189.75,0.2,-0.24696372788340998,-0.24696372788340998
189.755,0.2,0.03175419862609846,0.03175419862609846
189.76,0.2,0.05576210746907094,0.05576210746907094
189.765,0.2,0.17052340674330627,0.17052340674330627
189.77,0.2,0.3669074660706989,0.3669074660706989
189.775,0.2,0.41802096456640614,0.41802096456640614
189.78,0.2,-0.07765219099409129,-0.07765219099409129
189.785,0.2,-0.015711674884736404,-0.015711674884736404
189.79,0.2,-0.16218845003220744,-0.16218845003220744
189.795,0.2,-0.048896721356078754,-0.048896721356078754
189.8,0.2,0.04460540886218135,0.04460540886218135
189.805,0.2,0.5118370340007092,0.5118370340007092
189.81,0.2,0.5628133988231969,0.5628133988231969
189.815,0.2,0.3566034887193046,0.3566034887193046
189.82,0.2,0.21209197985385503,0.21209197985385503
189.825,0.2,-0.17009801427146448,-0.17009801427146448
189.83,0.2,-0.4226374494600871,-0.4226374494600871
189.835,0.2,-0.08627614717042142,-0.08627614717042142
189.84,0.2,0.3357811915351099,0.3357811915351099
189.845,0.2,0.45182051010815194,0.45182051010815194
189.85,0.2,0.5965108644164134,0.5965108644164134
189.855,0.2,0.44538890139588516,0.44538890139588516
189.86,0.2,0.18639471730062995,0.18639471730062995
189.865,0.2,-0.10014927660334788,-0.10014927660334788
189.87,0.2,-0.11422774076235014,-0.11422774076235014
189.875,0.2,-0.23106999343287343,-0.23106999343287343
189.88,0.2,0.13105147004060413,0.13105147004060413
189.885,0.2,0.32940570644469164,0.32940570644469164
189.89,0.2,0.4263961458918396,0.4263961458918396
189.895,0.2,0.4307844457496104,0.4307844457496104
189.9,0.2,0.3064762159358255,0.3064762159358255
189.905,0.2,-0.16801537232119462,-0.16801537232119462
189.91,0.2,-0.29305486549710624,-0.29305486549710624
189.915,0.2,-0.12188737478089937,-0.12188737478089937
189.92,0.2,0.2740564622834961,0.2740564622834961
189.925,0.2,0.3727351137732315,0.3727351137732315
189.93,0.2,0.5891078518651065,0.5891078518651065
189.935,0.2,0.46503666676176547,0.46503666676176547
189.94,0.2,0.27553289155398103,0.27553289155398103
189.945,0.2,0.03340452948354014,0.03340452948354014
189.95,0.2,-0.10279883575104201,-0.10279883575104201
189.955,0.2,-0.05594761435691181,-0.05594761435691181
189.96,0.2,0.153445058281114,0.153445058281114
189.965,0.2,0.49727228264637885,0.49727228264637885
189.97,0.2,0.6286964550046477,0.6286964550046477
189.975,0.2,0.5636496073197552,0.5636496073197552
189.98,0.2,0.28212097556652327,0.28212097556652327
189.985,0.2,0.007412824056404713,0.007412824056404713
189.99,0.2,-0.037128389389997477,-0.037128389389997477
189.995,0.2,-0.09666909689454131,-0.09666909689454131
190.0,0.2,0.3889905613193192,0.3889905613193192
190.005,0.2,0.4286849780042036,0.4286849780042036
190.01,0.2,0.42135607544945264,0.42135607544945264
190.015,0.2,0.4509988358569409,0.4509988358569409
190.02,0.2,0.133526468982414,0.133526468982414
190.025,0.2,-0.04593054193031382,-0.04593054193031382
190.03,0.2,-0.0800343110393931,-0.0800343110393931
190.035,0.2,-0.1556938236572624,-0.1556938236572624
190.04,0.2,0.20849146904493265,0.20849146904493265
190.045,0.2,0.5248581549177787,0.5248581549177787
190.05,0.2,0.7612583700378985,0.7612583700378985
190.055,0.2,0.47013419632116454,0.47013419632116454
190.06,0.2,0.2589031575788013,0.2589031575788013
190.065,0.2,-0.05869744922346554,-0.05869744922346554
190.07,0.2,-0.2378991058409683,-0.2378991058409683
190.075,0.2,0.001128009717161857,0.001128009717161857
190.08,0.2,0.24129863260707615,0.24129863260707615
190.085,0.2,0.5976503774084372,0.5976503774084372
190.09,0.2,0.6006040343979286,0.6006040343979286
190.095,0.2,0.48260778950517796,0.48260778950517796
190.1,0.2,0.1494546117518748,0.1494546117518748
190.105,0.2,0.01848263072859463,0.01848263072859463
190.11,0.2,-0.051514529284132166,-0.051514529284132166
190.115,0.2,-0.05449401386050565,-0.05449401386050565
190.12,0.2,0.17540343682184925,0.17540343682184925
190.125,0.2,0.5825511323619237,0.5825511323619237
190.13,0.2,0.4140721670458271,0.4140721670458271
190.135,0.2,0.5173539790295112,0.5173539790295112
190.14,0.2,0.16970894340846782,0.16970894340846782
190.145,0.2,-0.07246678487359451,-0.07246678487359451
190.15,0.2,-0.0955399698599522,-0.0955399698599522
190.155,0.2,-0.18757011542106083,-0.18757011542106083
190.16,0.2,0.394206857516349,0.394206857516349
190.165,0.2,0.5839990476655799,0.5839990476655799
190.17,0.2,0.5844510304870977,0.5844510304870977
190.175,0.2,0.6535132854659205,0.6535132854659205
190.18,0.2,0.33500174370980007,0.33500174370980007
190.185,0.2,-0.18976660217437152,-0.18976660217437152
190.19,0.2,-0.1294666004862523,-0.1294666004862523
190.195,0.2,0.09695179576499643,0.09695179576499643
190.2,0.2,0.24953361999157625,0.24953361999157625
190.205,0.2,0.5782446172233123,0.5782446172233123
190.21,0.2,0.7257481024097814,0.7257481024097814
190.215,0.2,0.6391016314311608,0.6391016314311608
190.22,0.2,0.2509980578327836,0.2509980578327836
190.225,0.2,0.06555141683084977,0.06555141683084977
190.23,0.2,-0.06668876236370622,-0.06668876236370622
190.235,0.2,0.12074041264013059,0.12074041264013059
190.24,0.2,0.23083344888669155,0.23083344888669155
190.245,0.2,0.4163076570162906,0.4163076570162906
190.25,0.2,0.7657394381560165,0.7657394381560165
190.255,0.2,0.5411233594287883,0.5411233594287883
190.26,0.2,0.3124965670107203,0.3124965670107203
190.265,0.2,-0.1202360015841641,-0.1202360015841641
190.27,0.2,-0.23252429344221084,-0.23252429344221084
190.275,0.2,-0.0835513595266644,-0.0835513595266644
190.28,0.2,0.3233703605602228,0.3233703605602228
190.285,0.2,0.6010766534975738,0.6010766534975738
190.29,0.2,0.7500613552897979,0.7500613552897979
190.295,0.2,0.4383001274318944,0.4383001274318944
190.3,0.2,0.24707972185313476,0.24707972185313476
190.305,0.2,0.02934850864254157,0.02934850864254157
190.31,0.2,-0.11038563180575041,-0.11038563180575041
190.315,0.2,0.04277109762218827,0.04277109762218827
190.32,0.2,0.23744633666577034,0.23744633666577034
190.325,0.2,0.6057333887559513,0.6057333887559513
190.33,0.2,0.5670293237364072,0.5670293237364072
190.335,0.2,0.4772258387962797,0.4772258387962797
190.34,0.2,0.2699971166072497,0.2699971166072497
190.345,0.2,0.01627596295060372,0.01627596295060372
190.35,0.2,-0.08932977254099202,-0.08932977254099202
190.355,0.2,-0.20669560238426282,-0.20669560238426282
190.36,0.2,0.24688890936903257,0.24688890936903257
190.365,0.2,0.5283614658049753,0.5283614658049753
190.37,0.2,0.6532940836900674,0.6532940836900674
190.375,0.2,0.39242748895626967,0.39242748895626967
190.38,0.2,0.18560508830860095,0.18560508830860095
190.385,0.2,-0.14092991629171472,-0.14092991629171472
190.39,0.2,-0.16247824211419756,-0.16247824211419756
190.395,0.2,-0.10319282860211068,-0.10319282860211068
190.4,0.2,0.15891293794586156,0.15891293794586156
190.405,0.2,0.49124104215978914,0.49124104215978914
190.41,0.2,0.5697253504697495,0.5697253504697495
190.415,0.2,0.29198930310425314,0.29198930310425314
190.42,0.2,0.20379677259293563,0.20379677259293563
190.425,0.2,-0.07738820181347479,-0.07738820181347479
190.43,0.2,-0.05956011164710204,-0.05956011164710204
190.435,0.2,-0.3623313801822333,-0.3623313801822333
190.44,0.2,0.43605705106222503,0.43605705106222503
190.445,0.2,0.5549862059362134,0.5549862059362134
190.45,0.2,0.5056462986959627,0.5056462986959627
190.455,0.2,0.4804667420547445,0.4804667420547445
190.46,0.2,0.36137982255869433,0.36137982255869433
190.465,0.2,-0.13334597532530182,-0.13334597532530182
190.47,0.2,-0.26263491179648296,-0.26263491179648296
190.475,0.2,0.10842344184502295,0.10842344184502295
190.48,0.2,0.20153737962508508,0.20153737962508508
190.485,0.2,0.3899242021764131,0.3899242021764131
190.49,0.2,0.5769394814528896,0.5769394814528896
190.495,0.2,0.379745005765092,0.379745005765092
190.5,0.2,0.41937172049776905,0.41937172049776905
190.505,0.2,0.07354260520966065,0.07354260520966065
190.51,0.2,-0.08551990354821312,-0.08551990354821312
190.515,0.2,-0.05999703123782382,-0.05999703123782382
190.52,0.2,0.45852215637917304,0.45852215637917304
190.525,0.2,0.4223822025964603,0.4223822025964603
190.53,0.2,0.7737644922628355,0.7737644922628355
190.535,0.2,0.7032471920198408,0.7032471920198408
190.54,0.2,0.34024930996813074,0.34024930996813074
190.545,0.2,-0.0939539938419788,-0.0939539938419788
190.55,0.2,0.11652823376339394,0.11652823376339394
190.555,0.2,-0.07989961427172602,-0.07989961427172602
190.56,0.2,0.3619766968403187,0.3619766968403187
190.565,0.2,0.5623011011754341,0.5623011011754341
190.57,0.2,0.6611639789816618,0.6611639789816618
190.575,0.2,0.5448985940239914,0.5448985940239914
190.58,0.2,0.01253043046264346,0.01253043046264346
190.585,0.2,-0.05623051620221507,-0.05623051620221507
190.59,0.2,-0.06012706789293311,-0.06012706789293311
190.595,0.2,-0.004523171010197863,-0.004523171010197863
190.6,0.2,0.5399834773023137,0.5399834773023137
190.605,0.2,0.5448249265409487,0.5448249265409487
190.61,0.2,0.8140774494621393,0.8140774494621393
190.615,0.2,0.5010776859952716,0.5010776859952716
190.62,0.2,0.18372914954250374,0.18372914954250374
190.625,0.2,0.12800872406492975,0.12800872406492975
190.63,0.2,-0.21389275443146186,-0.21389275443146186
190.635,0.2,0.283178368826821,0.283178368826821
190.64,0.2,0.3244833225942488,0.3244833225942488
190.645,0.2,0.7157822123936906,0.7157822123936906
190.65,0.2,0.7102650835445913,0.7102650835445913
190.655,0.2,0.4618298448077785,0.4618298448077785
190.66,0.2,0.28231196397827296,0.28231196397827296
190.665,0.2,0.07259278964509963,0.07259278964509963
190.67,0.2,-0.01121690415214889,-0.01121690415214889
190.675,0.2,0.08499534405163374,0.08499534405163374
190.68,0.2,0.2746835257616156,0.2746835257616156
190.685,0.2,0.48860528169084716,0.48860528169084716
190.69,0.2,0.7451479440470896,0.7451479440470896
190.695,0.2,0.5352743869023838,0.5352743869023838
190.7,0.2,0.33921737372952676,0.33921737372952676
190.705,0.2,0.014080983285746418,0.014080983285746418
190.71,0.2,-0.10118623261411036,-0.10118623261411036
190.715,0.2,-0.1803961572942687,-0.1803961572942687
190.72,0.2,0.22250593181038003,0.22250593181038003
190.725,0.2,0.4872265813197337,0.4872265813197337
190.73,0.2,0.5957658219774508,0.5957658219774508
190.735,0.2,0.5917577315941525,0.5917577315941525
190.74,0.2,0.25491687469295776,0.25491687469295776
190.745,0.2,-0.0009677645158095802,-0.0009677645158095802
190.75,0.2,-0.09424037861274924,-0.09424037861274924
190.755,0.2,0.0199169934565712,0.0199169934565712
190.76,0.2,0.38233171981731184,0.38233171981731184
190.765,0.2,0.5705639391896234,0.5705639391896234
190.77,0.2,0.7875315134276881,0.7875315134276881
190.775,0.2,0.6454034578314929,0.6454034578314929
190.78,0.2,0.2826728729832758,0.2826728729832758
190.785,0.2,-0.06429499311794712,-0.06429499311794712
190.79,0.2,-0.06852352483745555,-0.06852352483745555
190.795,0.2,-0.03412714984068849,-0.03412714984068849
190.8,0.2,0.37876752620721954,0.37876752620721954
190.805,0.2,0.566130864623307,0.566130864623307
190.81,0.2,0.5143146552113453,0.5143146552113453
190.815,0.2,0.5298027601075098,0.5298027601075098
190.82,0.2,0.3301833582346117,0.3301833582346117
190.825,0.2,-0.09561482719101815,-0.09561482719101815
190.83,0.2,-0.10692577836399272,-0.10692577836399272
190.835,0.2,0.010993436937328446,0.010993436937328446
190.84,0.2,0.3032772643133061,0.3032772643133061
190.845,0.2,0.5639704538654725,0.5639704538654725
190.85,0.2,0.8175266304471116,0.8175266304471116
190.855,0.2,0.6724166720207392,0.6724166720207392
190.86,0.2,0.27943762060227106,0.27943762060227106
190.865,0.2,0.14023292456037817,0.14023292456037817
190.87,0.2,-0.18873769854932998,-0.18873769854932998
190.875,0.2,-0.012555259186924496,-0.012555259186924496
190.88,0.2,0.33251677825324305,0.33251677825324305
190.885,0.2,0.503118359834036,0.503118359834036
190.89,0.2,0.46876332827550937,0.46876332827550937
190.895,0.2,0.5334608825097269,0.5334608825097269
190.9,0.2,0.11976752306820174,0.11976752306820174
190.905,0.2,0.03967230657675396,0.03967230657675396
190.91,0.2,-0.22430046025822525,-0.22430046025822525
190.915,0.2,0.10988937922210704,0.10988937922210704
190.92,0.2,0.2924401330346662,0.2924401330346662
190.925,0.2,0.45282609418940406,0.45282609418940406
190.93,0.2,0.7497648111797813,0.7497648111797813
190.935,0.2,0.5711742049220182,0.5711742049220182
190.94,0.2,0.05207271395967353,0.05207271395967353
190.945,0.2,0.08645911132243302,0.08645911132243302
190.95,0.2,0.04370891564657317,0.04370891564657317
190.955,0.2,-0.050240270009752994,-0.050240270009752994
190.96,0.2,0.37466914073067636,0.37466914073067636
190.965,0.2,0.5781154944843184,0.5781154944843184
190.97,0.2,0.8244181136986515,0.8244181136986515
190.975,0.2,0.4456333006167176,0.4456333006167176
190.98,0.2,0.28711876351960014,0.28711876351960014
190.985,0.2,-0.0061171245870137066,-0.0061171245870137066
190.99,0.2,-0.2106030282736427,-0.2106030282736427
190.995,0.2,0.11101672932655655,0.11101672932655655
191.0,0.2,0.33349413789930554,0.33349413789930554
191.005,0.2,0.6582818149177802,0.6582818149177802
191.01,0.2,0.6717428797492495,0.6717428797492495
191.015,0.2,0.2666566559905082,0.2666566559905082
191.02,0.2,0.20301034654210495,0.20301034654210495
191.025,0.2,0.040951442217197036,0.040951442217197036
191.03,0.2,-0.0525342532687001,-0.0525342532687001
191.035,0.2,0.02598395931150569,0.02598395931150569
191.04,0.2,0.265733790864152,0.265733790864152
191.045,0.2,0.6389628294976046,0.6389628294976046
191.05,0.2,0.4213052471469434,0.4213052471469434
191.055,0.2,0.5135830945184114,0.5135830945184114
191.06,0.2,0.19949836057375536,0.19949836057375536
191.065,0.2,-0.27722161506116977,-0.27722161506116977
191.07,0.2,0.01989104985666354,0.01989104985666354
191.075,0.2,0.026542693710256568,0.026542693710256568
191.08,0.2,0.28862395336951585,0.28862395336951585
191.085,0.2,0.4735603868468334,0.4735603868468334
191.09,0.2,0.4916050875189304,0.4916050875189304
191.095,0.2,0.38439123868342057,0.38439123868342057
191.1,0.2,0.32741956977921427,0.32741956977921427
191.105,0.2,0.06773852951425896,0.06773852951425896
191.11,0.2,0.0383780443083267,0.0383780443083267
191.115,0.2,-0.04817462052649573,-0.04817462052649573
191.12,0.2,0.29763598996965973,0.29763598996965973
191.125,0.2,0.5280471328629662,0.5280471328629662
191.13,0.2,0.6929614842096732,0.6929614842096732
191.135,0.2,0.47888354962889834,0.47888354962889834
191.14,0.2,0.1687923042166522,0.1687923042166522
191.145,0.2,-0.03906611720567672,-0.03906611720567672
191.15,0.2,-0.2773761664399927,-0.2773761664399927
191.155,0.2,0.034468000062685744,0.034468000062685744
191.16,0.2,0.30509683165016516,0.30509683165016516
191.165,0.2,0.49125659489575607,0.49125659489575607
191.17,0.2,0.6613579859187448,0.6613579859187448
191.175,0.2,0.3915296377662538,0.3915296377662538
191.18,0.2,0.23326058748250367,0.23326058748250367
191.185,0.2,-0.10297817350240976,-0.10297817350240976
191.19,0.2,-0.15067574093618613,-0.15067574093618613
191.195,0.2,0.13921279251034946,0.13921279251034946
191.2,0.2,0.3335897619813773,0.3335897619813773
191.205,0.2,0.4430405596787221,0.4430405596787221
191.21,0.2,0.45842034951104893,0.45842034951104893
191.215,0.2,0.485575880412608,0.485575880412608
191.22,0.2,0.34940024437735834,0.34940024437735834
191.225,0.2,-0.0482807251861916,-0.0482807251861916
191.23,0.2,-0.1319579850244066,-0.1319579850244066
191.235,0.2,0.07115706192953072,0.07115706192953072
191.24,0.2,0.4371875830280573,0.4371875830280573
191.245,0.2,0.5350489124639518,0.5350489124639518
191.25,0.2,0.5595890974335863,0.5595890974335863
191.255,0.2,0.30371712377847604,0.30371712377847604
191.26,0.2,0.1374326939711589,0.1374326939711589
191.265,0.2,0.07451116281215972,0.07451116281215972
191.27,0.2,-0.08908463919307646,-0.08908463919307646
191.275,0.2,0.11772423248232913,0.11772423248232913
191.28,0.2,0.16477897265943292,0.16477897265943292
191.285,0.2,0.4879685907734068,0.4879685907734068
191.29,0.2,0.5958180988091419,0.5958180988091419
191.295,0.2,0.4401825085023683,0.4401825085023683
191.3,0.2,0.07440589376914236,0.07440589376914236
191.305,0.2,0.01574197552440551,0.01574197552440551
191.31,0.2,-0.1677000648994591,-0.1677000648994591
191.315,0.2,0.04256500251493538,0.04256500251493538
191.32,0.2,0.3230428452502042,0.3230428452502042
191.325,0.2,0.5986443680786259,0.5986443680786259
191.33,0.2,0.7620068543078106,0.7620068543078106
191.335,0.2,0.6795915655265968,0.6795915655265968
191.34,0.2,0.18452284451602327,0.18452284451602327
191.345,0.2,-0.09700532249485291,-0.09700532249485291
191.35,0.2,0.08921342054530257,0.08921342054530257
191.355,0.2,0.14272792279551522,0.14272792279551522
191.36,0.2,0.4316869993827351,0.4316869993827351
191.365,0.2,0.5612234931850846,0.5612234931850846
191.37,0.2,0.7393667876057629,0.7393667876057629
191.375,0.2,0.3766878138468282,0.3766878138468282
191.38,0.2,0.12144753720081493,0.12144753720081493
191.385,0.2,-0.0888381933213278,-0.0888381933213278
191.39,0.2,-0.1374248416725477,-0.1374248416725477
191.395,0.2,-0.04147428133111837,-0.04147428133111837
191.4,0.2,0.5325235100328019,0.5325235100328019
191.405,0.2,0.7638797280383623,0.7638797280383623
191.41,0.2,0.7406876435837239,0.7406876435837239
191.415,0.2,0.46499361579647197,0.46499361579647197
191.42,0.2,0.223806175398379,0.223806175398379
191.425,0.2,-0.18571494280793285,-0.18571494280793285
191.43,0.2,-0.2010942418678568,-0.2010942418678568
191.435,0.2,-0.09451755306921777,-0.09451755306921777
191.44,0.2,0.12641979440500314,0.12641979440500314
191.445,0.2,0.45570872874154356,0.45570872874154356
191.45,0.2,0.7432121074512241,0.7432121074512241
191.455,0.2,0.4626456543230303,0.4626456543230303
191.46,0.2,0.23363308588649753,0.23363308588649753
191.465,0.2,-0.05006368659006465,-0.05006368659006465
191.47,0.2,-0.30019325605469516,-0.30019325605469516
191.475,0.2,-0.16205877078248232,-0.16205877078248232
191.48,0.2,0.11392830735395933,0.11392830735395933
191.485,0.2,0.47559335558686266,0.47559335558686266
191.49,0.2,0.5411684990023925,0.5411684990023925
191.495,0.2,0.4257444236560381,0.4257444236560381
191.5,0.2,0.24000525915016896,0.24000525915016896
191.505,0.2,-0.07416055969565627,-0.07416055969565627
191.51,0.2,-0.20305813229484462,-0.20305813229484462
191.515,0.2,-0.08078944069938485,-0.08078944069938485
191.52,0.2,0.2504618578831619,0.2504618578831619
191.525,0.2,0.30226427476726747,0.30226427476726747
191.53,0.2,0.5807755064349124,0.5807755064349124
191.535,0.2,0.6605444517322723,0.6605444517322723
191.54,0.2,0.2929039321574042,0.2929039321574042
191.545,0.2,0.010897802572880866,0.010897802572880866
191.55,0.2,-0.24601805638059498,-0.24601805638059498
191.555,0.2,-0.08001651313326025,-0.08001651313326025
191.56,0.2,0.4084526688312981,0.4084526688312981
191.565,0.2,0.3164827651561193,0.3164827651561193
191.57,0.2,0.4270248145772927,0.4270248145772927
191.575,0.2,0.4347719688212534,0.4347719688212534
191.58,0.2,0.14054056261068038,0.14054056261068038
191.585,0.2,-0.14799186554474356,-0.14799186554474356
191.59,0.2,-0.3189294423116912,-0.3189294423116912
191.595,0.2,0.05455913245728797,0.05455913245728797
191.6,0.2,0.12157421575887761,0.12157421575887761
191.605,0.2,0.4703591839596749,0.4703591839596749
191.61,0.2,0.6446126391790044,0.6446126391790044
191.615,0.2,0.50442074148265,0.50442074148265
191.62,0.2,0.33185899950987974,0.33185899950987974
191.625,0.2,-0.23326603471566237,-0.23326603471566237
191.63,0.2,-0.1180529739338095,-0.1180529739338095
191.635,0.2,0.025501103209215836,0.025501103209215836
191.64,0.2,0.18832188283369106,0.18832188283369106
191.645,0.2,0.34827353732137883,0.34827353732137883
191.65,0.2,0.6286092677884644,0.6286092677884644
191.655,0.2,0.3360256672857171,0.3360256672857171
191.66,0.2,0.28322757524455433,0.28322757524455433
191.665,0.2,0.11778056780185381,0.11778056780185381
191.67,0.2,-0.10481776800643508,-0.10481776800643508
191.675,0.2,-0.13309619212358956,-0.13309619212358956
191.68,0.2,0.1715160059505096,0.1715160059505096
191.685,0.2,0.6033101088642436,0.6033101088642436
191.69,0.2,0.6207932341918628,0.6207932341918628
191.695,0.2,0.3428068195910249,0.3428068195910249
191.7,0.2,0.3706540987682342,0.3706540987682342
191.705,0.2,-0.016415493722422667,-0.016415493722422667
191.71,0.2,-0.031251201165158254,-0.031251201165158254
191.715,0.2,0.06641118738489035,0.06641118738489035
191.72,0.2,0.16258872745286282,0.16258872745286282
191.725,0.2,0.4630864027419118,0.4630864027419118
191.73,0.2,0.6284940526704111,0.6284940526704111
191.735,0.2,0.6685099454652192,0.6685099454652192
191.74,0.2,0.36187785649436044,0.36187785649436044
191.745,0.2,0.031187110643282598,0.031187110643282598
191.75,0.2,-0.2803530978666606,-0.2803530978666606
191.755,0.2,0.101602507882884,0.101602507882884
191.76,0.2,0.2538813687634125,0.2538813687634125
191.765,0.2,0.6530748791908597,0.6530748791908597
191.77,0.2,0.5788537410730636,0.5788537410730636
191.775,0.2,0.5458411163513729,0.5458411163513729
191.78,0.2,0.12458506541503286,0.12458506541503286
191.785,0.2,-0.03347559665470929,-0.03347559665470929
191.79,0.2,-0.15944382643256996,-0.15944382643256996
191.795,0.2,-0.007703788122221021,-0.007703788122221021
191.8,0.2,0.24374532525003217,0.24374532525003217
191.805,0.2,0.5494811461372667,0.5494811461372667
191.81,0.2,0.6612240200367875,0.6612240200367875
191.815,0.2,0.5197122688245214,0.5197122688245214
191.82,0.2,0.1485316984749844,0.1485316984749844
191.825,0.2,0.04792529820788574,0.04792529820788574
191.83,0.2,-0.09424832945045852,-0.09424832945045852
191.835,0.2,0.18354201577204712,0.18354201577204712
191.84,0.2,0.31184673643454003,0.31184673643454003
191.845,0.2,0.4954826880563116,0.4954826880563116
191.85,0.2,0.5328827526286628,0.5328827526286628
191.855,0.2,0.3552508255004183,0.3552508255004183
191.86,0.2,0.3165348117396175,0.3165348117396175
191.865,0.2,-0.0043597190597729416,-0.0043597190597729416
191.87,0.2,-0.12222123498455895,-0.12222123498455895
191.875,0.2,-0.014880725813866652,-0.014880725813866652
191.88,0.2,0.12922017452303344,0.12922017452303344
191.885,0.2,0.7365210215949292,0.7365210215949292
191.89,0.2,0.5759986996449635,0.5759986996449635
191.895,0.2,0.47257750055311487,0.47257750055311487
191.9,0.2,0.22147013088299916,0.22147013088299916
191.905,0.2,-0.11468760297282513,-0.11468760297282513
191.91,0.2,0.10667741744307244,0.10667741744307244
191.915,0.2,-0.13396640875528926,-0.13396640875528926
191.92,0.2,0.11208746541062463,0.11208746541062463
191.925,0.2,0.5844692368514388,0.5844692368514388
191.93,0.2,0.44650312226048616,0.44650312226048616
191.935,0.2,0.46553618213833997,0.46553618213833997
191.94,0.2,0.06712910331734476,0.06712910331734476
191.945,0.2,-0.012714748670761604,-0.012714748670761604
191.95,0.2,-0.2844157932128449,-0.2844157932128449
191.955,0.2,-0.04739416374783858,-0.04739416374783858
191.96,0.2,0.19755930107259925,0.19755930107259925
191.965,0.2,0.5141375740796619,0.5141375740796619
191.97,0.2,0.7215934523217596,0.7215934523217596
191.975,0.2,0.3278701578159465,0.3278701578159465
191.98,0.2,0.24535495493824638,0.24535495493824638
191.985,0.2,-0.1629592478770221,-0.1629592478770221
191.99,0.2,-0.19988641654144332,-0.19988641654144332
191.995,0.2,-0.18983422275880033,-0.18983422275880033
192.0,0.2,0.27712745281615286,0.27712745281615286
192.005,0.2,0.42020655893566916,0.42020655893566916
192.01,0.2,0.5311153876720672,0.5311153876720672
192.015,0.2,0.4012458449688423,0.4012458449688423
192.02,0.2,-0.03432487301807535,-0.03432487301807535
192.025,0.2,-0.3341233717851926,-0.3341233717851926
192.03,0.2,-0.250511965560201,-0.250511965560201
192.035,0.2,-0.006822794968089477,-0.006822794968089477
192.04,0.2,0.207056270066568,0.207056270066568
192.045,0.2,0.440204474300669,0.440204474300669
192.05,0.2,0.6828301265906571,0.6828301265906571
192.055,0.2,0.30923542334928905,0.30923542334928905
192.06,0.2,0.2286327963983772,0.2286327963983772
192.065,0.2,-0.10876916812756611,-0.10876916812756611
192.07,0.2,-0.04394671237672654,-0.04394671237672654
192.075,0.2,-0.13087799195253186,-0.13087799195253186
192.08,0.2,0.26743812471746564,0.26743812471746564
192.085,0.2,0.438022027390259,0.438022027390259
192.09,0.2,0.38582157312118304,0.38582157312118304
192.095,0.2,0.2775858343349771,0.2775858343349771
192.1,0.2,0.17450164974442625,0.17450164974442625
192.105,0.2,-0.15144764187013438,-0.15144764187013438
192.11,0.2,-0.2256584113889105,-0.2256584113889105
192.115,0.2,-0.0759767880655109,-0.0759767880655109
192.12,0.2,0.17924623304243223,0.17924623304243223
192.125,0.2,0.3493633547396362,0.3493633547396362
192.13,0.2,0.3946256846471936,0.3946256846471936
192.135,0.2,0.21666610307582895,0.21666610307582895
192.14,0.2,0.17390648885745078,0.17390648885745078
192.145,0.2,-0.13005827958216937,-0.13005827958216937
192.15,0.2,-0.29080172797772896,-0.29080172797772896
192.155,0.2,0.063299207992639,0.063299207992639
192.16,0.2,0.1643792898127258,0.1643792898127258
192.165,0.2,0.24473045418486172,0.24473045418486172
192.17,0.2,0.6376701302542094,0.6376701302542094
192.175,0.2,0.43505493196229983,0.43505493196229983
192.18,0.2,0.06799318635836257,0.06799318635836257
192.185,0.2,-0.15119007974172838,-0.15119007974172838
192.19,0.2,-0.13245530516567272,-0.13245530516567272
192.195,0.2,-0.1231214802489821,-0.1231214802489821
192.2,0.2,0.07652426491460512,0.07652426491460512
192.205,0.2,0.3026389060336511,0.3026389060336511
192.21,0.2,0.5341515936650427,0.5341515936650427
192.215,0.2,0.577326917456727,0.577326917456727
192.22,0.2,0.19385574703113168,0.19385574703113168
192.225,0.2,-0.17572970229119855,-0.17572970229119855
192.23,0.2,-0.11101670495947596,-0.11101670495947596
192.235,0.2,-0.10858685183829944,-0.10858685183829944
192.24,0.2,0.08597693689967648,0.08597693689967648
192.245,0.2,0.32382563016170735,0.32382563016170735
192.25,0.2,0.37883754974610306,0.37883754974610306
192.255,0.2,0.3524510819212544,0.3524510819212544
192.26,0.2,0.08393003195560729,0.08393003195560729
192.265,0.2,-0.07376591256761861,-0.07376591256761861
192.27,0.2,-0.09084045960129775,-0.09084045960129775
192.275,0.2,-0.1701718709444053,-0.1701718709444053
192.28,0.2,0.22095946661587462,0.22095946661587462
192.285,0.2,0.4412439804861337,0.4412439804861337
192.29,0.2,0.43625269935037925,0.43625269935037925
192.295,0.2,0.1353694867738573,0.1353694867738573
192.3,0.2,0.04663440912146864,0.04663440912146864
192.305,0.2,-0.08560283087328996,-0.08560283087328996
192.31,0.2,-0.04501166895110553,-0.04501166895110553
192.315,0.2,-0.057931667530106146,-0.057931667530106146
192.32,0.2,0.27955412312343325,0.27955412312343325
192.325,0.2,0.34354693903943745,0.34354693903943745
192.33,0.2,0.36985224312218606,0.36985224312218606
192.335,0.2,0.20122351548131825,0.20122351548131825
192.34,0.2,0.12937518288842717,0.12937518288842717
192.345,0.2,-0.13578956009439325,-0.13578956009439325
192.35,0.2,-0.18576542805906054,-0.18576542805906054
192.355,0.2,-0.06529030948167364,-0.06529030948167364
192.36,0.2,0.05947015215877223,0.05947015215877223
192.365,0.2,0.4292449810241674,0.4292449810241674
192.37,0.2,0.55890407417849,0.55890407417849
192.375,0.2,0.38345782312847254,0.38345782312847254
192.38,0.2,0.0911991035508746,0.0911991035508746
192.385,0.2,-0.11306678042400405,-0.11306678042400405
192.39,0.2,-0.2163776079279569,-0.2163776079279569
192.395,0.2,-0.10523241688916475,-0.10523241688916475
192.4,0.2,0.2866331364226328,0.2866331364226328
192.405,0.2,0.30699383739926633,0.30699383739926633
192.41,0.2,0.5199127106615168,0.5199127106615168
192.415,0.2,0.33817214540676244,0.33817214540676244
192.42,0.2,0.005548817449277724,0.005548817449277724
192.425,0.2,-0.18365258592284014,-0.18365258592284014
192.43,0.2,-0.3268639578037602,-0.3268639578037602
192.435,0.2,-0.0320469875312783,-0.0320469875312783
192.44,0.2,0.07896071118743271,0.07896071118743271
192.445,0.2,0.28009915236600624,0.28009915236600624
192.45,0.2,0.571699109559699,0.571699109559699
192.455,0.2,0.3636227843575435,0.3636227843575435
192.46,0.2,0.228035193851549,0.228035193851549
192.465,0.2,-0.05976548855861841,-0.05976548855861841
192.47,0.2,-0.09588394109784301,-0.09588394109784301
192.475,0.2,0.0561341893661358,0.0561341893661358
192.48,0.2,0.2729946634786357,0.2729946634786357
192.485,0.2,0.42788352649102956,0.42788352649102956
192.49,0.2,0.5222469720561158,0.5222469720561158
192.495,0.2,0.27004063501188563,0.27004063501188563
192.5,0.2,0.28822356690891193,0.28822356690891193
192.505,0.2,-0.019006927258091832,-0.019006927258091832
192.51,0.2,-0.13394573012324357,-0.13394573012324357
192.515,0.2,-0.05686999010671063,-0.05686999010671063
192.52,0.2,0.13411590422283595,0.13411590422283595
192.525,0.2,0.45123755324914255,0.45123755324914255
192.53,0.2,0.6368076176532291,0.6368076176532291
192.535,0.2,0.4357987481544663,0.4357987481544663
192.54,0.2,0.22245822211824498,0.22245822211824498
192.545,0.2,-0.18537860816476662,-0.18537860816476662
192.55,0.2,-0.1978594404808812,-0.1978594404808812
192.555,0.2,-0.15216702144540245,-0.15216702144540245
192.56,0.2,0.14272908911748824,0.14272908911748824
192.565,0.2,0.6246683244120895,0.6246683244120895
192.57,0.2,0.517626233443863,0.517626233443863
192.575,0.2,0.7349581700301513,0.7349581700301513
192.58,0.2,0.18782555070329712,0.18782555070329712
192.585,0.2,-0.2150812362197552,-0.2150812362197552
192.59,0.2,-0.09530210082175868,-0.09530210082175868
192.595,0.2,-0.12174532846514534,-0.12174532846514534
192.6,0.2,0.3667047819075941,0.3667047819075941
192.605,0.2,0.5252389612730393,0.5252389612730393
192.61,0.2,0.490066573892329,0.490066573892329
192.615,0.2,0.3573631432317442,0.3573631432317442
192.62,0.2,-0.13675915019581017,-0.13675915019581017
192.625,0.2,-0.09912911855811424,-0.09912911855811424
192.63,0.2,-0.21250112047041939,-0.21250112047041939
192.635,0.2,-0.22330338541373723,-0.22330338541373723
192.64,0.2,0.15408895617117985,0.15408895617117985
192.645,0.2,0.32604363505980866,0.32604363505980866
192.65,0.2,0.4692641448196762,0.4692641448196762
192.655,0.2,0.603455326360774,0.603455326360774
192.66,0.2,0.033545056100845044,0.033545056100845044
192.665,0.2,-0.23921685476778057,-0.23921685476778057
192.67,0.2,-0.30282038105594433,-0.30282038105594433
192.675,0.2,0.15033207803121948,0.15033207803121948
192.68,0.2,0.19196068753649037,0.19196068753649037
192.685,0.2,0.5235101657096054,0.5235101657096054
192.69,0.2,0.5762212190427791,0.5762212190427791
192.695,0.2,0.6514276740049729,0.6514276740049729
192.7,0.2,0.05288918376860717,0.05288918376860717
192.705,0.2,0.08108450900077205,0.08108450900077205
192.71,0.2,-0.10229781714463618,-0.10229781714463618
192.715,0.2,-0.0481454064117245,-0.0481454064117245
192.72,0.2,0.23031867871791506,0.23031867871791506
192.725,0.2,0.464935808172389,0.464935808172389
192.73,0.2,0.6710958757586732,0.6710958757586732
192.735,0.2,0.5147069427355971,0.5147069427355971
192.74,0.2,0.2805242022954295,0.2805242022954295
192.745,0.2,-0.31475442572840107,-0.31475442572840107
192.75,0.2,-0.10496749514323009,-0.10496749514323009
192.755,0.2,-0.09121941182537831,-0.09121941182537831
192.76,0.2,0.16447505070432122,0.16447505070432122
192.765,0.2,0.32928915961975896,0.32928915961975896
192.77,0.2,0.4776824995073063,0.4776824995073063
192.775,0.2,0.788751836421848,0.788751836421848
192.78,0.2,0.12490584523116846,0.12490584523116846
192.785,0.2,-0.2368364345393434,-0.2368364345393434
192.79,0.2,-0.07445678117472801,-0.07445678117472801
192.795,0.2,-0.11584623556499606,-0.11584623556499606
192.8,0.2,0.28402032453989556,0.28402032453989556
192.805,0.2,0.5235234784344432,0.5235234784344432
192.81,0.2,0.4954654391606372,0.4954654391606372
192.815,0.2,0.5091529723185093,0.5091529723185093
192.82,0.2,0.2590867895542362,0.2590867895542362
192.825,0.2,-0.0023803691728079834,-0.0023803691728079834
192.83,0.2,-0.1920525025509236,-0.1920525025509236
192.835,0.2,-0.09462163445922403,-0.09462163445922403
192.84,0.2,0.27536860662703,0.27536860662703
192.845,0.2,0.5185432269270471,0.5185432269270471
192.85,0.2,0.39827759025426135,0.39827759025426135
192.855,0.2,0.34841576863587376,0.34841576863587376
192.86,0.2,-0.0008761877951864727,-0.0008761877951864727
192.865,0.2,-0.12441622544615911,-0.12441622544615911
192.87,0.2,-0.05924829215496069,-0.05924829215496069
192.875,0.2,-0.011986706566856471,-0.011986706566856471
192.88,0.2,0.27257466217642884,0.27257466217642884
192.885,0.2,0.3746664780449592,0.3746664780449592
192.89,0.2,0.24819094917486428,0.24819094917486428
192.895,0.2,0.35820607857577247,0.35820607857577247
192.9,0.2,0.43420338397954283,0.43420338397954283
192.905,0.2,-0.1089633529285868,-0.1089633529285868
192.91,0.2,-0.14470627291821966,-0.14470627291821966
192.915,0.2,-0.09231072863609602,-0.09231072863609602
192.92,0.2,0.20732189028881443,0.20732189028881443
192.925,0.2,0.43902950395246104,0.43902950395246104
192.93,0.2,0.6269396240140545,0.6269396240140545
192.935,0.2,0.6029349392765223,0.6029349392765223
192.94,0.2,0.2725025597644212,0.2725025597644212
192.945,0.2,-0.0758539755963844,-0.0758539755963844
192.95,0.2,-0.03418467752511817,-0.03418467752511817
192.955,0.2,-0.028796129665695867,-0.028796129665695867
192.96,0.2,0.08006692043971833,0.08006692043971833
192.965,0.2,0.5858479390767446,0.5858479390767446
192.97,0.2,0.6401256097974242,0.6401256097974242
192.975,0.2,0.40736928238446024,0.40736928238446024
192.98,0.2,0.35343117129420587,0.35343117129420587
192.985,0.2,-0.05828429130320086,-0.05828429130320086
192.99,0.2,-0.20687646808627974,-0.20687646808627974
192.995,0.2,0.05779371415591751,0.05779371415591751
193.0,0.2,0.2612823009473927,0.2612823009473927
193.005,0.2,0.5259937022301557,0.5259937022301557
193.01,0.2,0.8439072867390723,0.8439072867390723
193.015,0.2,0.4549661085325466,0.4549661085325466
193.02,0.2,0.47250280296502983,0.47250280296502983
193.025,0.2,-0.09283555733411619,-0.09283555733411619
193.03,0.2,-0.023122655606400352,-0.023122655606400352
193.035,0.2,0.01849594063773148,0.01849594063773148
193.04,0.2,0.06591379338924575,0.06591379338924575
193.045,0.2,0.5696126060068735,0.5696126060068735
193.05,0.2,0.7018354746264801,0.7018354746264801
193.055,0.2,0.5474151441299824,0.5474151441299824
193.06,0.2,0.35636964170983476,0.35636964170983476
193.065,0.2,0.06846078160020293,0.06846078160020293
193.07,0.2,0.03823063400806523,0.03823063400806523
193.075,0.2,-0.002425287501992196,-0.002425287501992196
193.08,0.2,0.2149482319233263,0.2149482319233263
193.085,0.2,0.6537870563336344,0.6537870563336344
193.09,0.2,0.552220252480516,0.552220252480516
193.095,0.2,0.4826134696250745,0.4826134696250745
193.1,0.2,0.1563187663456353,0.1563187663456353
193.105,0.2,0.18742123402404207,0.18742123402404207
193.11,0.2,-0.11970558597965904,-0.11970558597965904
193.115,0.2,0.06833667767342831,0.06833667767342831
193.12,0.2,0.2475224106367888,0.2475224106367888
193.125,0.2,0.46964442594013317,0.46964442594013317
193.13,0.2,0.423094704799283,0.423094704799283
193.135,0.2,0.4164186977232657,0.4164186977232657
193.14,0.2,0.40395287565102056,0.40395287565102056
193.145,0.2,-0.26876555507585287,-0.26876555507585287
193.15,0.2,-0.08796174581432459,-0.08796174581432459
193.155,0.2,-0.2218253998448049,-0.2218253998448049
193.16,0.2,0.09116082688620059,0.09116082688620059
193.165,0.2,0.5732614986664373,0.5732614986664373
193.17,0.2,0.7010335721919362,0.7010335721919362
193.175,0.2,0.7146708871824311,0.7146708871824311
193.18,0.2,0.3731262500142402,0.3731262500142402
193.185,0.2,0.13518017705274402,0.13518017705274402
193.19,0.2,0.02211592187965364,0.02211592187965364
193.195,0.2,-0.2553367734734451,-0.2553367734734451
193.2,0.2,0.23543157905329803,0.23543157905329803
193.205,0.2,0.472548211878995,0.472548211878995
193.21,0.2,0.5229601563804017,0.5229601563804017
193.215,0.2,0.5338633735483076,0.5338633735483076
193.22,0.2,0.27038903334211745,0.27038903334211745
193.225,0.2,-0.12430967630666534,-0.12430967630666534
193.23,0.2,-0.020695918758171908,-0.020695918758171908
193.235,0.2,0.015348203769727314,0.015348203769727314
193.24,0.2,0.2906195989672308,0.2906195989672308
193.245,0.2,0.46737178573432187,0.46737178573432187
193.25,0.2,0.5383340887034859,0.5383340887034859
193.255,0.2,0.5732992827120016,0.5732992827120016
193.26,0.2,0.2967706322482794,0.2967706322482794
193.265,0.2,-0.006398514443575615,-0.006398514443575615
193.27,0.2,-0.07639740099655189,-0.07639740099655189
193.275,0.2,0.12882631719603668,0.12882631719603668
193.28,0.2,0.23706953092752836,0.23706953092752836
193.285,0.2,0.42475925572802264,0.42475925572802264
193.29,0.2,0.6076642199099637,0.6076642199099637
193.295,0.2,0.48192744246825336,0.48192744246825336
193.3,0.2,0.25036692434046515,0.25036692434046515
193.305,0.2,-0.22092622270366322,-0.22092622270366322
193.31,0.2,0.09993189970418653,0.09993189970418653
193.315,0.2,0.02187513924312321,0.02187513924312321
193.32,0.2,0.2092449197194536,0.2092449197194536
193.325,0.2,0.5441972369392021,0.5441972369392021
193.33,0.2,0.6662686063710905,0.6662686063710905
193.335,0.2,0.48355007579542986,0.48355007579542986
193.34,0.2,0.22393749856789286,0.22393749856789286
193.345,0.2,0.029869200662252633,0.029869200662252633
193.35,0.2,-0.031308663912749446,-0.031308663912749446
193.355,0.2,0.0835727643043082,0.0835727643043082
193.36,0.2,0.2508346528037227,0.2508346528037227
193.365,0.2,0.4405002386704783,0.4405002386704783
193.37,0.2,0.5667310596542202,0.5667310596542202
193.375,0.2,0.30040730858119047,0.30040730858119047
193.38,0.2,0.2799725111042681,0.2799725111042681
193.385,0.2,-0.19160268640633044,-0.19160268640633044
193.39,0.2,-0.16224511318068005,-0.16224511318068005
193.395,0.2,0.10702739493694773,0.10702739493694773
193.4,0.2,0.2638578508430047,0.2638578508430047
193.405,0.2,0.4262046594464301,0.4262046594464301
193.41,0.2,0.4205628909423687,0.4205628909423687
193.415,0.2,0.4986802698645083,0.4986802698645083
193.42,0.2,0.18970516701829127,0.18970516701829127
193.425,0.2,-0.14949854900914109,-0.14949854900914109
193.43,0.2,-0.1020958714729216,-0.1020958714729216
193.435,0.2,0.19070664753915118,0.19070664753915118
193.44,0.2,0.2289586216910594,0.2289586216910594
193.445,0.2,0.6150309776042548,0.6150309776042548
193.45,0.2,0.6038239769768421,0.6038239769768421
193.455,0.2,0.5533993861623389,0.5533993861623389
193.46,0.2,0.11648438677866851,0.11648438677866851
193.465,0.2,-0.09847780241514263,-0.09847780241514263
193.47,0.2,-0.09258532513626712,-0.09258532513626712
193.475,0.2,-0.11918482666951366,-0.11918482666951366
193.48,0.2,0.1599905315526643,0.1599905315526643
193.485,0.2,0.5417180567176696,0.5417180567176696
193.49,0.2,0.6123429419123188,0.6123429419123188
193.495,0.2,0.40796983958542465,0.40796983958542465
193.5,0.2,0.39914699634775835,0.39914699634775835
193.505,0.2,-0.16050438198832626,-0.16050438198832626
193.51,0.2,-0.1845594443512086,-0.1845594443512086
193.515,0.2,0.010921834174825916,0.010921834174825916
193.52,0.2,0.2919909095945723,0.2919909095945723
193.525,0.2,0.5726482874774814,0.5726482874774814
193.53,0.2,0.5256550908678809,0.5256550908678809
193.535,0.2,0.4150330417909202,0.4150330417909202
193.54,0.2,0.2520667443559313,0.2520667443559313
193.545,0.2,0.05058039265042141,0.05058039265042141
193.55,0.2,-0.0363964793189301,-0.0363964793189301
193.555,0.2,-0.025268041531412898,-0.025268041531412898
193.56,0.2,0.20889292790324226,0.20889292790324226
193.565,0.2,0.4063622791629649,0.4063622791629649
193.57,0.2,0.5377649743025191,0.5377649743025191
193.575,0.2,0.4126329497144617,0.4126329497144617
193.58,0.2,0.12963851213019714,0.12963851213019714
193.585,0.2,-0.023914771531417366,-0.023914771531417366
193.59,0.2,-0.030179397962241825,-0.030179397962241825
193.595,0.2,-0.06859672493135455,-0.06859672493135455
193.6,0.2,0.29245082162067704,0.29245082162067704
193.605,0.2,0.5021750614929779,0.5021750614929779
193.61,0.2,0.6653701439573385,0.6653701439573385
193.615,0.2,0.44333614536143656,0.44333614536143656
193.62,0.2,-0.09446949486611098,-0.09446949486611098
193.625,0.2,0.06977778168046092,0.06977778168046092
193.63,0.2,-0.24782840116548663,-0.24782840116548663
193.635,0.2,0.03708827140667252,0.03708827140667252
193.64,0.2,0.10627922471133285,0.10627922471133285
193.645,0.2,0.5855815019595351,0.5855815019595351
193.65,0.2,0.7583536773297912,0.7583536773297912
193.655,0.2,0.5909206116508583,0.5909206116508583
193.66,0.2,0.23804239178689582,0.23804239178689582
193.665,0.2,-0.03712127913042284,-0.03712127913042284
193.67,0.2,-0.18068957314116252,-0.18068957314116252
193.675,0.2,0.1663702065219739,0.1663702065219739
193.68,0.2,0.23435845471520655,0.23435845471520655
193.685,0.2,0.3694259972525248,0.3694259972525248
193.69,0.2,0.69341423893482,0.69341423893482
193.695,0.2,0.4565276370761916,0.4565276370761916
193.7,0.2,0.11087097021298269,0.11087097021298269
193.705,0.2,0.09180624477445978,0.09180624477445978
193.71,0.2,-0.07251453753350137,-0.07251453753350137
193.715,0.2,-0.04979450222641699,-0.04979450222641699
193.72,0.2,0.24399797948010796,0.24399797948010796
193.725,0.2,0.3845108022869763,0.3845108022869763
193.73,0.2,0.5085899755271124,0.5085899755271124
193.735,0.2,0.441861661565148,0.441861661565148
193.74,0.2,0.17522518692328856,0.17522518692328856
193.745,0.2,0.12593574718593462,0.12593574718593462
193.75,0.2,-0.3144264670390234,-0.3144264670390234
193.755,0.2,0.004392485313071889,0.004392485313071889
193.76,0.2,0.21504385887199476,0.21504385887199476
193.765,0.2,0.4311190211307099,0.4311190211307099
193.77,0.2,0.8363547077554431,0.8363547077554431
193.775,0.2,0.5373281403179342,0.5373281403179342
193.78,0.2,0.12447757379691891,0.12447757379691891
193.785,0.2,-0.08679164971490394,-0.08679164971490394
193.79,0.2,-0.2801570451119848,-0.2801570451119848
193.795,0.2,0.02976693132284517,0.02976693132284517
193.8,0.2,0.23013899571973045,0.23013899571973045
193.805,0.2,0.5027965994831683,0.5027965994831683
193.81,0.2,0.5169173359376618,0.5169173359376618
193.815,0.2,0.4933026140272694,0.4933026140272694
193.82,0.2,0.2905770650153152,0.2905770650153152
193.825,0.2,-0.11389548038155534,-0.11389548038155534
193.83,0.2,-0.12887127441265786,-0.12887127441265786
193.835,0.2,0.0563847948068609,0.0563847948068609
193.84,0.2,0.37840160289126745,0.37840160289126745
193.845,0.2,0.5679231008467563,0.5679231008467563
193.85,0.2,0.45376484492664393,0.45376484492664393
193.855,0.2,0.4641417159318119,0.4641417159318119
193.86,0.2,0.14562395538040307,0.14562395538040307
193.865,0.2,0.08758440037421772,0.08758440037421772
193.87,0.2,-0.16272036739686796,-0.16272036739686796
193.875,0.2,0.05332720753568096,0.05332720753568096
193.88,0.2,0.3326253917646454,0.3326253917646454
193.885,0.2,0.644347204817582,0.644347204817582
193.89,0.2,0.5571692506275554,0.5571692506275554
193.895,0.2,0.4467526484400393,0.4467526484400393
193.9,0.2,0.050187521966966325,0.050187521966966325
193.905,0.2,-0.21738672239109066,-0.21738672239109066
193.91,0.2,-0.3181343554968767,-0.3181343554968767
193.915,0.2,-0.141337011395359,-0.141337011395359
193.92,0.2,0.25462938623415193,0.25462938623415193
193.925,0.2,0.5707486629840945,0.5707486629840945
193.93,0.2,0.5586850850923545,0.5586850850923545
193.935,0.2,0.6863434666279864,0.6863434666279864
193.94,0.2,0.13207616684931045,0.13207616684931045
193.945,0.2,-0.04430673197477531,-0.04430673197477531
193.95,0.2,-0.07700451872519136,-0.07700451872519136
193.955,0.2,0.11426264470423611,0.11426264470423611
193.96,0.2,0.13679215578781864,0.13679215578781864
193.965,0.2,0.4069492394277989,0.4069492394277989
193.97,0.2,0.8150183946359245,0.8150183946359245
193.975,0.2,0.48444904423502877,0.48444904423502877
193.98,0.2,0.3191575045193376,0.3191575045193376
193.985,0.2,0.015816009500732767,0.015816009500732767
193.99,0.2,-0.10941638676893554,-0.10941638676893554
193.995,0.2,0.0494836326348463,0.0494836326348463
194.0,0.2,0.2669111045328922,0.2669111045328922
194.005,0.2,0.34128529890639103,0.34128529890639103
194.01,0.2,0.5360294911674566,0.5360294911674566
194.015,0.2,0.4274169754225777,0.4274169754225777
194.02,0.2,0.39063070925622717,0.39063070925622717
194.025,0.2,0.030439346470150397,0.030439346470150397
194.03,0.2,-0.0843636335812229,-0.0843636335812229
194.035,0.2,0.18798296988033797,0.18798296988033797
194.04,0.2,0.3549895155866249,0.3549895155866249
194.045,0.2,0.5559148047690554,0.5559148047690554
194.05,0.2,0.7724286983409496,0.7724286983409496
194.055,0.2,0.4123707208249984,0.4123707208249984
194.06,0.2,0.12793714007301918,0.12793714007301918
194.065,0.2,0.04487280316859808,0.04487280316859808
194.07,0.2,-0.07156741983247623,-0.07156741983247623
194.075,0.2,0.06573546251969453,0.06573546251969453
194.08,0.2,0.2872276426895624,0.2872276426895624
194.085,0.2,0.5177303989989787,0.5177303989989787
194.09,0.2,0.6613006735279221,0.6613006735279221
194.095,0.2,0.4755671920047402,0.4755671920047402
194.1,0.2,0.19227822242027512,0.19227822242027512
194.105,0.2,0.15149650608526646,0.15149650608526646
194.11,0.2,-0.11601767763065135,-0.11601767763065135
194.115,0.2,0.043181903468018486,0.043181903468018486
194.12,0.2,0.16827869951497354,0.16827869951497354
194.125,0.2,0.4462557314429436,0.4462557314429436
194.13,0.2,0.734538441518623,0.734538441518623
194.135,0.2,0.5244971600644714,0.5244971600644714
194.14,0.2,0.34539964904802956,0.34539964904802956
194.145,0.2,-0.11789535456055378,-0.11789535456055378
194.15,0.2,-0.10446178227715715,-0.10446178227715715
194.155,0.2,-0.14451892213748313,-0.14451892213748313
194.16,0.2,0.03741132105585346,0.03741132105585346
194.165,0.2,0.45271126043529303,0.45271126043529303
194.17,0.2,0.7318118625859635,0.7318118625859635
194.175,0.2,0.3373198329240632,0.3373198329240632
194.18,0.2,0.25180647033179016,0.25180647033179016
194.185,0.2,-0.12269316473241258,-0.12269316473241258
194.19,0.2,0.08144634359344075,0.08144634359344075
194.195,0.2,-0.1660360670018315,-0.1660360670018315
194.2,0.2,0.10137774837411431,0.10137774837411431
194.205,0.2,0.5255506765626865,0.5255506765626865
194.21,0.2,0.4852032505502516,0.4852032505502516
194.215,0.2,0.22496651489145852,0.22496651489145852
194.22,0.2,0.26334199440114775,0.26334199440114775
194.225,0.2,-0.14839182141257504,-0.14839182141257504
194.23,0.2,-0.014599448037164536,-0.014599448037164536
194.235,0.2,0.03657596637047361,0.03657596637047361
194.24,0.2,0.14875744059486928,0.14875744059486928
194.245,0.2,0.421213672615725,0.421213672615725
194.25,0.2,0.5528290110259657,0.5528290110259657
194.255,0.2,0.5309881620242857,0.5309881620242857
194.26,0.2,0.18756808955295584,0.18756808955295584
194.265,0.2,-0.05796995442601456,-0.05796995442601456
194.27,0.2,-0.1523077855110997,-0.1523077855110997
194.275,0.2,-0.08670057265611208,-0.08670057265611208
194.28,0.2,0.21772235424717445,0.21772235424717445
194.285,0.2,0.47316662380197755,0.47316662380197755
194.29,0.2,0.41343911699941727,0.41343911699941727
194.295,0.2,0.3772240016361102,0.3772240016361102
194.3,0.2,0.051492503256917455,0.051492503256917455
194.305,0.2,-0.026558229443659653,-0.026558229443659653
194.31,0.2,-0.11176817469783021,-0.11176817469783021
194.315,0.2,0.039648607796577584,0.039648607796577584
194.32,0.2,0.35330115714149823,0.35330115714149823
194.325,0.2,0.6997876006463609,0.6997876006463609
194.33,0.2,0.4696579543795277,0.4696579543795277
194.335,0.2,0.481328357331676,0.481328357331676
194.34,0.2,0.34687994710157954,0.34687994710157954
194.345,0.2,-0.11502754898453277,-0.11502754898453277
194.35,0.2,0.0032029243264378726,0.0032029243264378726
194.355,0.2,0.02225532613593851,0.02225532613593851
194.36,0.2,0.4147217768917079,0.4147217768917079
194.365,0.2,0.5331394427289583,0.5331394427289583
194.37,0.2,0.6693050321860146,0.6693050321860146
194.375,0.2,0.5639071096020203,0.5639071096020203
194.38,0.2,0.15810258515811082,0.15810258515811082
194.385,0.2,-0.20155083244167657,-0.20155083244167657
194.39,0.2,-0.2148669333157877,-0.2148669333157877
194.395,0.2,0.03169979976223222,0.03169979976223222
194.4,0.2,0.2607687630831456,0.2607687630831456
194.405,0.2,0.5342087703359506,0.5342087703359506
194.41,0.2,0.6709890817741051,0.6709890817741051
194.415,0.2,0.5787211114600249,0.5787211114600249
194.42,0.2,0.28901195946308506,0.28901195946308506
194.425,0.2,-0.003632545778462091,-0.003632545778462091
194.43,0.2,-0.002179687185577678,-0.002179687185577678
194.435,0.2,0.16527420637506185,0.16527420637506185
194.44,0.2,0.08726828510507006,0.08726828510507006
194.445,0.2,0.5988094812343556,0.5988094812343556
194.45,0.2,0.43963748380008283,0.43963748380008283
194.455,0.2,0.5210918089528416,0.5210918089528416
194.46,0.2,0.28321152930186505,0.28321152930186505
194.465,0.2,0.004288611049944352,0.004288611049944352
194.47,0.2,-0.3333631855068683,-0.3333631855068683
194.475,0.2,-0.0944586258293807,-0.0944586258293807
194.48,0.2,0.14039721272614664,0.14039721272614664
194.485,0.2,0.4472020877948314,0.4472020877948314
194.49,0.2,0.7013219582245187,0.7013219582245187
194.495,0.2,0.3560319923794545,0.3560319923794545
194.5,0.2,0.148175364607543,0.148175364607543
194.505,0.2,-0.0810902007803685,-0.0810902007803685
194.51,0.2,0.04561806274658703,0.04561806274658703
194.515,0.2,0.10481539650168137,0.10481539650168137
194.52,0.2,0.26086526884342137,0.26086526884342137
194.525,0.2,0.39367049016488564,0.39367049016488564
194.53,0.2,0.5741421290241665,0.5741421290241665
194.535,0.2,0.526765838641607,0.526765838641607
194.54,0.2,0.1209088906190163,0.1209088906190163
194.545,0.2,-0.18790532473579039,-0.18790532473579039
194.55,0.2,-0.03672826189587883,-0.03672826189587883
194.555,0.2,-0.24247903283474656,-0.24247903283474656
194.56,0.2,0.33445995414741586,0.33445995414741586
194.565,0.2,0.5480296044970074,0.5480296044970074
194.57,0.2,0.7556359184710437,0.7556359184710437
194.575,0.2,0.3860105810479738,0.3860105810479738
194.58,0.2,0.345033139324599,0.345033139324599
194.585,0.2,0.020381601794099563,0.020381601794099563
194.59,0.2,-0.02954141716270893,-0.02954141716270893
194.595,0.2,-0.032559156994528354,-0.032559156994528354
194.6,0.2,0.19329971512105595,0.19329971512105595
194.605,0.2,0.5958760960726548,0.5958760960726548
194.61,0.2,0.5350388828400914,0.5350388828400914
194.615,0.2,0.23679027373223388,0.23679027373223388
194.62,0.2,0.03098287168225769,0.03098287168225769
194.625,0.2,0.03297935897289221,0.03297935897289221
194.63,0.2,-0.3036261181820937,-0.3036261181820937
194.635,0.2,-0.020180629908006183,-0.020180629908006183
194.64,0.2,0.13491749081110124,0.13491749081110124
194.645,0.2,0.47820736906160116,0.47820736906160116
194.65,0.2,0.46282519965361435,0.46282519965361435
194.655,0.2,0.3394560604489485,0.3394560604489485
194.66,0.2,0.1425475924999082,0.1425475924999082
194.665,0.2,-0.23974904607397118,-0.23974904607397118
194.67,0.2,-0.28723176403860357,-0.28723176403860357
194.675,0.2,-0.05994779650304571,-0.05994779650304571
194.68,0.2,0.3336417405321554,0.3336417405321554
194.685,0.2,0.4547756286568941,0.4547756286568941
194.69,0.2,0.6035718650434916,0.6035718650434916
194.695,0.2,0.3833230419148359,0.3833230419148359
194.7,0.2,0.1964723227560639,0.1964723227560639
194.705,0.2,-0.11500397024499327,-0.11500397024499327
194.71,-0.2,-0.1670368240034147,-0.1670368240034147
194.715,-0.2,-0.02671628499435886,-0.02671628499435886
194.72,-0.2,0.5222511436412157,0.5222511436412157
194.725,-0.2,0.48805811155111173,0.48805811155111173
194.73,-0.2,0.5802532685555297,0.5802532685555297
194.735,-0.2,0.3684114536718632,0.3684114536718632
194.74,-0.2,0.26052433000434716,0.26052433000434716
194.745,-0.2,-0.16765693175374857,-0.16765693175374857
194.75,-0.2,-0.21582002715561277,-0.21582002715561277
194.755,-0.2,-0.19631920836180006,-0.19631920836180006
194.76,-0.2,0.26082180473108185,0.26082180473108185
194.765,-0.2,0.5810719593182626,0.5810719593182626
194.77,-0.2,0.5550603847693434,0.5550603847693434
194.775,-0.2,0.2922544584241886,0.2922544584241886
194.78,-0.2,-0.011670625397872808,-0.011670625397872808
194.785,-0.2,0.10875113064800979,0.10875113064800979
194.79,-0.2,-0.08120983770673022,-0.08120983770673022
194.795,-0.2,-0.04537246494258029,-0.04537246494258029
194.8,-0.2,0.2640921460607599,0.2640921460607599
194.805,-0.2,0.5733221372600785,0.5733221372600785
194.81,-0.2,0.4749859342825328,0.4749859342825328
194.815,-0.2,0.36162801829606567,0.36162801829606567
194.82,-0.2,0.18367460108193867,0.18367460108193867
194.825,-0.2,-0.014501361353832329,-0.014501361353832329
194.83,-0.2,-0.3534018785538932,-0.3534018785538932
194.835,-0.2,-0.11642197821820557,-0.11642197821820557
194.84,-0.2,0.10954237489494585,0.10954237489494585
194.845,-0.2,0.5143229545814574,0.5143229545814574
194.85,-0.2,0.477361822879147,0.477361822879147
194.855,-0.2,0.40355519327066813,0.40355519327066813
194.86,-0.2,0.23104859398686678,0.23104859398686678
194.865,-0.2,0.01944138781334477,0.01944138781334477
194.87,-0.2,-0.27800392025013354,-0.27800392025013354
194.875,-0.2,0.043348005090691616,0.043348005090691616
194.88,-0.2,0.21589636024294512,0.21589636024294512
194.885,-0.2,0.3470097383783747,0.3470097383783747
194.89,-0.2,0.8242938967627274,0.8242938967627274
194.895,-0.2,0.5825576780971077,0.5825576780971077
194.9,-0.2,0.14476757748455665,0.14476757748455665
194.905,-0.2,-0.12801587469173023,-0.12801587469173023
194.91,-0.2,-0.050503813508105566,-0.050503813508105566
194.915,-0.2,-0.1630393838981575,-0.1630393838981575
194.92,-0.2,0.14589510491713523,0.14589510491713523
194.925,-0.2,0.5955330839328515,0.5955330839328515
194.93,-0.2,0.3895429912680435,0.3895429912680435
194.935,-0.2,0.2442116341605305,0.2442116341605305
194.94,-0.2,0.20816093676289352,0.20816093676289352
194.945,-0.2,-0.04618742741612526,-0.04618742741612526
194.95,-0.2,-0.19381546783136847,-0.19381546783136847
194.955,-0.2,0.019322473262508244,0.019322473262508244
194.96,-0.2,0.24244327673146027,0.24244327673146027
194.965,-0.2,0.4936680901369478,0.4936680901369478
194.97,-0.2,0.5215900495684516,0.5215900495684516
194.975,-0.2,0.35438891736551187,0.35438891736551187
194.98,-0.2,0.08278008920818702,0.08278008920818702
194.985,-0.2,-0.2390877652554717,-0.2390877652554717
194.99,-0.2,-0.1053204559236365,-0.1053204559236365
194.995,-0.2,0.06618459627214254,0.06618459627214254
195.0,-0.2,0.15257007704707254,0.15257007704707254
195.005,-0.2,0.5750126514141772,0.5750126514141772
195.01,-0.2,0.5989961756966635,0.5989961756966635
195.015,-0.2,0.39207902639400133,0.39207902639400133
195.02,-0.2,0.10979690292271682,0.10979690292271682
195.025,-0.2,-0.0256106417535011,-0.0256106417535011
195.03,-0.2,-0.15384316256880212,-0.15384316256880212
195.035,-0.2,-0.07064744709483309,-0.07064744709483309
195.04,-0.2,0.22372651340282787,0.22372651340282787
195.045,-0.2,0.33955902476555533,0.33955902476555533
195.05,-0.2,0.6591183873790202,0.6591183873790202
195.055,-0.2,0.37586206492896834,0.37586206492896834
195.06,-0.2,0.17609669453378818,0.17609669453378818
195.065,-0.2,-0.04927590452590305,-0.04927590452590305
195.07,-0.2,-0.1021948475768927,-0.1021948475768927
195.075,-0.2,-0.05483441478078643,-0.05483441478078643
195.08,-0.2,0.16780161784640163,0.16780161784640163
195.085,-0.2,0.42790217431767474,0.42790217431767474
195.09,-0.2,0.6082816815483946,0.6082816815483946
195.095,-0.2,0.45103062649627434,0.45103062649627434
195.1,-0.2,0.1871488314290343,0.1871488314290343
195.105,-0.2,-0.08921487649411412,-0.08921487649411412
195.11,-0.2,-0.2692285341531821,-0.2692285341531821
195.115,-0.2,-0.15287565739947861,-0.15287565739947861
195.12,-0.2,0.3060574925655717,0.3060574925655717
195.125,-0.2,0.5446132286058837,0.5446132286058837
195.13,-0.2,0.5999772101209054,0.5999772101209054
195.135,-0.2,0.4519232540824813,0.4519232540824813
195.14,-0.2,0.170833320149741,0.170833320149741
195.145,-0.2,-0.08950629848361988,-0.08950629848361988
195.15,-0.2,-0.004235542729710745,-0.004235542729710745
195.155,-0.2,0.06501598350686036,0.06501598350686036
195.16,-0.2,0.2994084361067125,0.2994084361067125
195.165,-0.2,0.49486021029530797,0.49486021029530797
195.17,-0.2,0.6104254669970386,0.6104254669970386
195.175,-0.2,0.24995334841671013,0.24995334841671013
195.18,-0.2,0.12091757118124451,0.12091757118124451
195.185,-0.2,0.019102397028403592,0.019102397028403592
195.19,-0.2,-0.17856299888634414,-0.17856299888634414
195.195,-0.2,-0.03591824160057884,-0.03591824160057884
195.2,-0.2,-0.06793669651790185,-0.06793669651790185
195.205,-0.2,0.5332810291489513,0.5332810291489513
195.21,-0.2,0.60801234855091,0.60801234855091
195.215,-0.2,0.32916699194899035,0.32916699194899035
195.22,-0.2,0.2995317150687225,0.2995317150687225
195.225,-0.2,-0.052135909608459007,-0.052135909608459007
195.23,-0.2,-0.2583003508248392,-0.2583003508248392
195.235,-0.2,-0.07147248596319045,-0.07147248596319045
195.24,-0.2,0.11709336404544868,0.11709336404544868
195.245,-0.2,0.32464599579980474,0.32464599579980474
195.25,-0.2,0.6554534355594102,0.6554534355594102
195.255,-0.2,0.38698444129412124,0.38698444129412124
195.26,-0.2,0.017480249480233134,0.017480249480233134
195.265,-0.2,-0.04512826634243623,-0.04512826634243623
195.27,-0.2,-0.27370296170041297,-0.27370296170041297
195.275,-0.2,-0.06311287099450588,-0.06311287099450588
195.28,-0.2,0.04800576555950303,0.04800576555950303
195.285,-0.2,0.5588233579694197,0.5588233579694197
195.29,-0.2,0.5766235069272639,0.5766235069272639
195.295,-0.2,0.42538718444362766,0.42538718444362766
195.3,-0.2,0.09479338411878943,0.09479338411878943
195.305,-0.2,-0.17718371833510946,-0.17718371833510946
195.31,-0.2,-0.2354438104036385,-0.2354438104036385
195.315,-0.2,-0.1495655386677637,-0.1495655386677637
195.32,-0.2,0.1391743390699445,0.1391743390699445
195.325,-0.2,0.3028280568305238,0.3028280568305238
195.33,-0.2,0.3567768374585548,0.3567768374585548
195.335,-0.2,0.37075218377806063,0.37075218377806063
195.34,-0.2,0.16275402417983376,0.16275402417983376
195.345,-0.2,0.08457638425188965,0.08457638425188965
195.35,-0.2,-0.2821410213235744,-0.2821410213235744
195.355,-0.2,-0.03283095190783961,-0.03283095190783961
195.36,-0.2,0.2416905359119073,0.2416905359119073
195.365,-0.2,0.4187433338156936,0.4187433338156936
195.37,-0.2,0.6477786049215657,0.6477786049215657
195.375,-0.2,0.34480725375150423,0.34480725375150423
195.38,-0.2,0.23562290785199252,0.23562290785199252
195.385,-0.2,-0.22473403528762448,-0.22473403528762448
195.39,-0.2,-0.03383032411548742,-0.03383032411548742
195.395,-0.2,-0.0153888573949943,-0.0153888573949943
195.4,-0.2,0.10782042204701138,0.10782042204701138
195.405,-0.2,0.34895960302045315,0.34895960302045315
195.41,-0.2,0.550373675288198,0.550373675288198
195.415,-0.2,0.4552171855931948,0.4552171855931948
195.42,-0.2,0.22532387881795202,0.22532387881795202
195.425,-0.2,-0.1842455605409059,-0.1842455605409059
195.43,-0.2,-0.17680678562476895,-0.17680678562476895
195.435,-0.2,-0.19616516467225484,-0.19616516467225484
195.44,-0.2,0.1615950484580418,0.1615950484580418
195.445,-0.2,0.39669113019384744,0.39669113019384744
195.45,-0.2,0.6350751876103596,0.6350751876103596
195.455,-0.2,0.34850230305490715,0.34850230305490715
195.46,-0.2,0.349954225725239,0.349954225725239
195.465,-0.2,-0.061828723702629665,-0.061828723702629665
195.47,-0.2,-0.3625429931744652,-0.3625429931744652
195.475,-0.2,0.026214581237286913,0.026214581237286913
195.48,-0.2,0.3526339460576138,0.3526339460576138
195.485,-0.2,0.4235554659330924,0.4235554659330924
195.49,-0.2,0.7041315521527056,0.7041315521527056
195.495,-0.2,0.53937657606022,0.53937657606022
195.5,-0.2,0.26462439869966603,0.26462439869966603
195.505,-0.2,0.06387727258963771,0.06387727258963771
195.51,-0.2,-0.262403859794058,-0.262403859794058
195.515,-0.2,-0.07251672674149358,-0.07251672674149358
195.52,-0.2,0.1504597915816978,0.1504597915816978
195.525,-0.2,0.40087833494242475,0.40087833494242475
195.53,-0.2,0.7091473089539756,0.7091473089539756
195.535,-0.2,0.455706732241518,0.455706732241518
195.54,-0.2,0.17840252823931915,0.17840252823931915
195.545,-0.2,-0.2567961322935197,-0.2567961322935197
195.55,-0.2,-0.10373980338281617,-0.10373980338281617
195.555,-0.2,0.00950495165245302,0.00950495165245302
195.56,-0.2,0.33461056282234725,0.33461056282234725
195.565,-0.2,0.5905249182356653,0.5905249182356653
195.57,-0.2,0.5818945372718893,0.5818945372718893
195.575,-0.2,0.27614449259972906,0.27614449259972906
195.58,-0.2,0.3432552878618562,0.3432552878618562
195.585,-0.2,-0.015309956303197599,-0.015309956303197599
195.59,-0.2,-0.1944901107717529,-0.1944901107717529
195.595,-0.2,0.03174992838258307,0.03174992838258307
195.6,-0.2,0.13841681807683903,0.13841681807683903
195.605,-0.2,0.33934191028779737,0.33934191028779737
195.61,-0.2,0.44195499806792804,0.44195499806792804
195.615,-0.2,0.5883426491381605,0.5883426491381605
195.62,-0.2,0.24685896963174084,0.24685896963174084
195.625,-0.2,-0.10798929939800314,-0.10798929939800314
195.63,-0.2,0.030654399234353258,0.030654399234353258
195.635,-0.2,0.06307605067417534,0.06307605067417534
195.64,-0.2,0.2674485052755783,0.2674485052755783
195.645,-0.2,0.43378304590372385,0.43378304590372385
195.65,-0.2,0.694578055144093,0.694578055144093
195.655,-0.2,0.4638539281499198,0.4638539281499198
195.66,-0.2,0.12171361868502006,0.12171361868502006
195.665,-0.2,-0.1765351963096195,-0.1765351963096195
195.67,-0.2,-0.12068840816391962,-0.12068840816391962
195.675,-0.2,0.004213467280626628,0.004213467280626628
195.68,-0.2,0.20273150552775016,0.20273150552775016
195.685,-0.2,0.502045780368959,0.502045780368959
195.69,-0.2,0.46307120759817477,0.46307120759817477
195.695,-0.2,0.5310896450897561,0.5310896450897561
195.7,-0.2,0.05381767402526394,0.05381767402526394
195.705,-0.2,-0.17053505571682404,-0.17053505571682404
195.71,-0.2,-0.09419347775751363,-0.09419347775751363
195.715,-0.2,-0.21104911820177835,-0.21104911820177835
195.72,-0.2,0.20888004717934666,0.20888004717934666
195.725,-0.2,0.5979853573106146,0.5979853573106146
195.73,-0.2,0.6156948007554404,0.6156948007554404
195.735,-0.2,0.37391166703342676,0.37391166703342676
195.74,-0.2,0.10980039810699016,0.10980039810699016
195.745,-0.2,-0.17861276402536425,-0.17861276402536425
195.75,-0.2,-0.18372523190361956,-0.18372523190361956
195.755,-0.2,0.23939043996179077,0.23939043996179077
195.76,-0.2,0.18213453312420153,0.18213453312420153
195.765,-0.2,0.4959790528122531,0.4959790528122531
195.77,-0.2,0.4861099800663937,0.4861099800663937
195.775,-0.2,0.3797324308486575,0.3797324308486575
195.78,-0.2,0.2961574718206763,0.2961574718206763
195.785,-0.2,0.039696885945069926,0.039696885945069926
195.79,-0.2,-0.24679544079833338,-0.24679544079833338
195.795,-0.2,-0.11814868474014502,-0.11814868474014502
195.8,-0.2,0.24284714717384082,0.24284714717384082
195.805,-0.2,0.5117974060265202,0.5117974060265202
195.81,-0.2,0.6131260972747191,0.6131260972747191
195.815,-0.2,0.4758540022042556,0.4758540022042556
195.82,-0.2,0.29353014227613206,0.29353014227613206
195.825,-0.2,-0.058536358014908085,-0.058536358014908085
195.83,-0.2,-0.17940247278888946,-0.17940247278888946
195.835,-0.2,0.06478738411312229,0.06478738411312229
195.84,-0.2,0.3730743615096404,0.3730743615096404
195.845,-0.2,0.5758224383390085,0.5758224383390085
195.85,-0.2,0.6277147474949548,0.6277147474949548
195.855,-0.2,0.528066497475397,0.528066497475397
195.86,-0.2,0.32075001881786896,0.32075001881786896
195.865,-0.2,0.07677900422475922,0.07677900422475922
195.87,-0.2,-0.034588602479424885,-0.034588602479424885
195.875,-0.2,-0.017178342485396847,-0.017178342485396847
195.88,-0.2,0.29990166577580435,0.29990166577580435
195.885,-0.2,0.4675245187440695,0.4675245187440695
195.89,-0.2,0.7056321462773683,0.7056321462773683
195.895,-0.2,0.549134689583662,0.549134689583662
195.9,-0.2,0.11978164091020904,0.11978164091020904
195.905,-0.2,0.014479312651445052,0.014479312651445052
195.91,-0.2,-0.07717341030056113,-0.07717341030056113
195.915,-0.2,0.04736226361643668,0.04736226361643668
195.92,-0.2,0.283841441189224,0.283841441189224
195.925,-0.2,0.6564999008070661,0.6564999008070661
195.93,-0.2,0.6290201883093887,0.6290201883093887
195.935,-0.2,0.4663532298013571,0.4663532298013571
195.94,-0.2,0.3504443519545527,0.3504443519545527
195.945,-0.2,-0.006638820311240929,-0.006638820311240929
195.95,-0.2,-0.036685732201608104,-0.036685732201608104
195.955,-0.2,0.1355903471839877,0.1355903471839877
195.96,-0.2,0.3035297780516675,0.3035297780516675
195.965,-0.2,0.5462600689013966,0.5462600689013966
195.97,-0.2,0.6875191110109475,0.6875191110109475
195.975,-0.2,0.5741894576963271,0.5741894576963271
195.98,-0.2,0.23154349862695067,0.23154349862695067
195.985,-0.2,-0.0036386094285405565,-0.0036386094285405565
195.99,-0.2,-0.22840568852703397,-0.22840568852703397
195.995,-0.2,0.03923700776250083,0.03923700776250083
196.0,-0.2,0.3826385339469374,0.3826385339469374
196.005,-0.2,0.49533011875288124,0.49533011875288124
196.01,-0.2,0.5673426545258745,0.5673426545258745
196.015,-0.2,0.798543757088737,0.798543757088737
196.02,-0.2,0.1754719833378613,0.1754719833378613
196.025,-0.2,0.06174101391769925,0.06174101391769925
196.03,-0.2,-0.14217623820963732,-0.14217623820963732
196.035,-0.2,-0.0007363127501771802,-0.0007363127501771802
196.04,-0.2,0.5178745455279591,0.5178745455279591
196.045,-0.2,0.530075463708082,0.530075463708082
196.05,-0.2,0.5767422162385204,0.5767422162385204
196.055,-0.2,0.6995084276430598,0.6995084276430598
196.06,-0.2,0.27585604868366365,0.27585604868366365
196.065,-0.2,0.07980266780947841,0.07980266780947841
196.07,-0.2,-0.1803903378641688,-0.1803903378641688
196.075,-0.2,-0.06239713194305638,-0.06239713194305638
196.08,-0.2,0.2352457706072108,0.2352457706072108
196.085,-0.2,0.5103295408098034,0.5103295408098034
196.09,-0.2,0.7095782822331771,0.7095782822331771
196.095,-0.2,0.37506059085965615,0.37506059085965615
196.1,-0.2,0.26779551571904847,0.26779551571904847
196.105,-0.2,0.05059883988443201,0.05059883988443201
196.11,-0.2,-0.12242229292663283,-0.12242229292663283
196.115,-0.2,-0.06201877972797268,-0.06201877972797268
196.12,-0.2,0.057819542677918945,0.057819542677918945
196.125,-0.2,0.5424984869052739,0.5424984869052739
196.13,-0.2,0.7756212703742998,0.7756212703742998
196.135,-0.2,0.4485820651559601,0.4485820651559601
196.14,-0.2,0.05693991680128138,0.05693991680128138
196.145,-0.2,-0.09484520901731086,-0.09484520901731086
196.15,-0.2,-0.18874307888737107,-0.18874307888737107
196.155,-0.2,-0.2623602641385825,-0.2623602641385825
196.16,-0.2,0.22043004800761823,0.22043004800761823
196.165,-0.2,0.5631366697303335,0.5631366697303335
196.17,-0.2,0.617815115253697,0.617815115253697
196.175,-0.2,0.3582832940684591,0.3582832940684591
196.18,-0.2,0.02795335436316676,0.02795335436316676
196.185,-0.2,-0.068468597391611,-0.068468597391611
196.19,-0.2,-0.27423206008085416,-0.27423206008085416
196.195,-0.2,0.19571802483069314,0.19571802483069314
196.2,-0.2,0.07613812117310645,0.07613812117310645
196.205,-0.2,0.5081785201065463,0.5081785201065463
196.21,-0.2,0.4796611095209355,0.4796611095209355
196.215,-0.2,0.38222109189246295,0.38222109189246295
196.22,-0.2,0.21049396598532827,0.21049396598532827
196.225,-0.2,-0.0482190982098877,-0.0482190982098877
196.23,-0.2,0.11842839780410469,0.11842839780410469
196.235,-0.2,-0.08130016598916785,-0.08130016598916785
196.24,-0.2,0.4267269859954256,0.4267269859954256
196.245,-0.2,0.5398139890375074,0.5398139890375074
196.25,-0.2,0.5719600977102718,0.5719600977102718
196.255,-0.2,0.22768999285756167,0.22768999285756167
196.26,-0.2,-0.14937503561304033,-0.14937503561304033
196.265,-0.2,-0.05467476147500006,-0.05467476147500006
196.27,-0.2,-0.20695255259099304,-0.20695255259099304
196.275,-0.2,0.017608414152455763,0.017608414152455763
196.28,-0.2,0.3197524873914688,0.3197524873914688
196.285,-0.2,0.4051013174565076,0.4051013174565076
196.29,-0.2,0.48128737957245515,0.48128737957245515
196.295,-0.2,0.4482979323281192,0.4482979323281192
196.3,-0.2,0.020954910882707845,0.020954910882707845
196.305,-0.2,0.0640006101650863,0.0640006101650863
196.31,-0.2,-0.20249461731292692,-0.20249461731292692
196.315,-0.2,0.026738334317296455,0.026738334317296455
196.32,-0.2,0.36046887188358157,0.36046887188358157
196.325,-0.2,0.5088354744392617,0.5088354744392617
196.33,-0.2,0.4860112588278938,0.4860112588278938
196.335,-0.2,0.3623950073660313,0.3623950073660313
196.34,-0.2,0.19402613172259492,0.19402613172259492
196.345,-0.2,0.09408666107624275,0.09408666107624275
196.35,-0.2,-0.23234233188035008,-0.23234233188035008
196.355,-0.2,0.15923021200087836,0.15923021200087836
196.36,-0.2,0.32453556136703476,0.32453556136703476
196.365,-0.2,0.40983241859932906,0.40983241859932906
196.37,-0.2,0.7262070866493762,0.7262070866493762
196.375,-0.2,0.482673349191383,0.482673349191383
196.38,-0.2,0.15083490800322955,0.15083490800322955
196.385,-0.2,-0.08183881256680087,-0.08183881256680087
196.39,-0.2,-0.13835073257211525,-0.13835073257211525
196.395,-0.2,0.06917122777476042,0.06917122777476042
196.4,-0.2,0.35814386200967885,0.35814386200967885
196.405,-0.2,0.3614240386877544,0.3614240386877544
196.41,-0.2,0.5671277534480185,0.5671277534480185
196.415,-0.2,0.5403234440853646,0.5403234440853646
196.42,-0.2,0.3276397920856857,0.3276397920856857
196.425,-0.2,0.011472743074527017,0.011472743074527017
196.43,-0.2,-0.20196449777113268,-0.20196449777113268
196.435,-0.2,0.12676418419531796,0.12676418419531796
196.44,-0.2,0.31819630064826754,0.31819630064826754
196.445,-0.2,0.589631635493789,0.589631635493789
196.45,-0.2,0.7212962533940662,0.7212962533940662
196.455,-0.2,0.4986726109110443,0.4986726109110443
196.46,-0.2,0.24902178815213244,0.24902178815213244
196.465,-0.2,-0.1255777178246901,-0.1255777178246901
196.47,-0.2,-0.24716917975047237,-0.24716917975047237
196.475,-0.2,-0.026752910070246355,-0.026752910070246355
196.48,-0.2,0.32495919790280775,0.32495919790280775
196.485,-0.2,0.6265344325840972,0.6265344325840972
196.49,-0.2,0.6818650243994405,0.6818650243994405
196.495,-0.2,0.6336775552841021,0.6336775552841021
196.5,-0.2,0.28296384689443327,0.28296384689443327
196.505,-0.2,-0.03259628568216214,-0.03259628568216214
196.51,-0.2,-0.12682695148074943,-0.12682695148074943
196.515,-0.2,-0.04812614636550569,-0.04812614636550569
196.52,-0.2,0.17383054479495097,0.17383054479495097
196.525,-0.2,0.42837724205408867,0.42837724205408867
196.53,-0.2,0.6171552610569332,0.6171552610569332
196.535,-0.2,0.3372612169392421,0.3372612169392421
196.54,-0.2,0.35905201816097393,0.35905201816097393
196.545,-0.2,-0.13785691493672547,-0.13785691493672547
196.55,-0.2,-0.1889826776711538,-0.1889826776711538
196.555,-0.2,0.1326106003204243,0.1326106003204243
196.56,-0.2,0.16658020235436105,0.16658020235436105
196.565,-0.2,0.5300912638658911,0.5300912638658911
196.57,-0.2,0.4077616797452065,0.4077616797452065
196.575,-0.2,0.535681372450468,0.535681372450468
196.58,-0.2,0.07830032608170984,0.07830032608170984
196.585,-0.2,0.20716808690247787,0.20716808690247787
196.59,-0.2,0.05714273041531753,0.05714273041531753
196.595,-0.2,0.03583271558463359,0.03583271558463359
196.6,-0.2,0.13532838546064052,0.13532838546064052
196.605,-0.2,0.5467035545817043,0.5467035545817043
196.61,-0.2,0.5612802528972098,0.5612802528972098
196.615,-0.2,0.44565761575029383,0.44565761575029383
196.62,-0.2,0.21001313568052674,0.21001313568052674
196.625,-0.2,0.008626947914105565,0.008626947914105565
196.63,-0.2,-0.07293313894876054,-0.07293313894876054
196.635,-0.2,0.015069005700861185,0.015069005700861185
196.64,-0.2,0.09727855559313611,0.09727855559313611
196.645,-0.2,0.5784454987290116,0.5784454987290116
196.65,-0.2,0.5222478906323205,0.5222478906323205
196.655,-0.2,0.52692717049796,0.52692717049796
196.66,-0.2,0.10853499321118161,0.10853499321118161
196.665,-0.2,-0.01837317710380329,-0.01837317710380329
196.67,-0.2,-0.21005895655310614,-0.21005895655310614
196.675,-0.2,-0.04543562340133118,-0.04543562340133118
196.68,-0.2,0.17667245746070045,0.17667245746070045
196.685,-0.2,0.48946964387609715,0.48946964387609715
196.69,-0.2,0.6787935430250737,0.6787935430250737
196.695,-0.2,0.5151859839870842,0.5151859839870842
196.7,-0.2,0.2517585326006047,0.2517585326006047
196.705,-0.2,0.051804961448788475,0.051804961448788475
196.71,-0.2,-0.22108338661096863,-0.22108338661096863
196.715,-0.2,-0.08827924670655896,-0.08827924670655896
196.72,-0.2,0.1458741556489439,0.1458741556489439
196.725,-0.2,0.3661174872740056,0.3661174872740056
196.73,-0.2,0.5816070317615482,0.5816070317615482
196.735,-0.2,0.37492435366272714,0.37492435366272714
196.74,-0.2,0.19850195683509808,0.19850195683509808
196.745,-0.2,-0.2300956687213091,-0.2300956687213091
196.75,-0.2,-0.28534219779511066,-0.28534219779511066
196.755,-0.2,-0.3188524010582173,-0.3188524010582173
196.76,-0.2,0.29376723933287824,0.29376723933287824
196.765,-0.2,0.3891038868517266,0.3891038868517266
196.77,-0.2,0.4596105730168523,0.4596105730168523
196.775,-0.2,0.48647062008506653,0.48647062008506653
196.78,-0.2,0.29157908279629086,0.29157908279629086
196.785,-0.2,0.07691641998589559,0.07691641998589559
196.79,-0.2,-0.014928396353060536,-0.014928396353060536
196.795,-0.2,-0.054001512505924464,-0.054001512505924464
196.8,-0.2,0.27784597111749515,0.27784597111749515
196.805,-0.2,0.482555173663837,0.482555173663837
196.81,-0.2,0.6505346029479324,0.6505346029479324
196.815,-0.2,0.4860011872072462,0.4860011872072462
196.82,-0.2,0.38125483415696754,0.38125483415696754
196.825,-0.2,-0.1891251857459416,-0.1891251857459416
196.83,-0.2,-0.1421801153250824,-0.1421801153250824
196.835,-0.2,-0.13253253902277073,-0.13253253902277073
196.84,-0.2,0.1941952690788693,0.1941952690788693
196.845,-0.2,0.6343710501056619,0.6343710501056619
196.85,-0.2,0.5461528077635872,0.5461528077635872
196.855,-0.2,0.6164572568303475,0.6164572568303475
196.86,-0.2,0.16157070211065266,0.16157070211065266
196.865,-0.2,0.07803447903264332,0.07803447903264332
196.87,-0.2,-0.04328150147080896,-0.04328150147080896
196.875,-0.2,-0.06921949300292027,-0.06921949300292027
196.88,-0.2,0.2767519544299635,0.2767519544299635
196.885,-0.2,0.6297218283037519,0.6297218283037519
196.89,-0.2,0.7135842972143378,0.7135842972143378
196.895,-0.2,0.5651705527753519,0.5651705527753519
196.9,-0.2,0.1485241650749951,0.1485241650749951
196.905,-0.2,-0.011064925089426685,-0.011064925089426685
196.91,-0.2,-0.13604246642529036,-0.13604246642529036
196.915,-0.2,-0.1127078876239648,-0.1127078876239648
196.92,-0.2,0.1200413366587012,0.1200413366587012
196.925,-0.2,0.5759857350756199,0.5759857350756199
196.93,-0.2,0.6860363784178578,0.6860363784178578
196.935,-0.2,0.495598320235288,0.495598320235288
196.94,-0.2,0.18546048072598137,0.18546048072598137
196.945,-0.2,0.10995306861905793,0.10995306861905793
196.95,-0.2,-0.040644912228303826,-0.040644912228303826
196.955,-0.2,-0.18053619220753347,-0.18053619220753347
196.96,-0.2,0.2652905397061016,0.2652905397061016
196.965,-0.2,0.3459251353899079,0.3459251353899079
196.97,-0.2,0.5724066679124186,0.5724066679124186
196.975,-0.2,0.29894473048918707,0.29894473048918707
196.98,-0.2,0.1210331917169634,0.1210331917169634
196.985,-0.2,-0.18725593696420273,-0.18725593696420273
196.99,-0.2,-0.2373670313298292,-0.2373670313298292
196.995,-0.2,-0.08019585993051215,-0.08019585993051215
197.0,-0.2,0.2250878431025905,0.2250878431025905
197.005,-0.2,0.2990296985298285,0.2990296985298285
197.01,-0.2,0.5399167275115192,0.5399167275115192
197.015,-0.2,0.13996853095442824,0.13996853095442824
197.02,-0.2,0.27363727932787163,0.27363727932787163
197.025,-0.2,-0.3510500990555132,-0.3510500990555132
197.03,-0.2,-0.21587854914750812,-0.21587854914750812
197.035,-0.2,-0.06832703252076862,-0.06832703252076862
197.04,-0.2,0.12150810668118397,0.12150810668118397
197.045,-0.2,0.4866810200068129,0.4866810200068129
197.05,-0.2,0.48599908264617103,0.48599908264617103
197.055,-0.2,0.4514548464821416,0.4514548464821416
197.06,-0.2,0.19454091335507437,0.19454091335507437
197.065,-0.2,-0.06955142298736301,-0.06955142298736301
197.07,-0.2,-0.1488323835062686,-0.1488323835062686
197.075,-0.2,-0.07571933997830564,-0.07571933997830564
197.08,-0.2,0.16164661774665168,0.16164661774665168
197.085,-0.2,0.483450427115242,0.483450427115242
197.09,-0.2,0.41031540345444906,0.41031540345444906
197.095,-0.2,0.27744857689632196,0.27744857689632196
197.1,-0.2,0.18227866260741254,0.18227866260741254
197.105,-0.2,0.016312836562615507,0.016312836562615507
197.11,-0.2,-0.31245304692613907,-0.31245304692613907
197.115,-0.2,0.023377478599531376,0.023377478599531376
197.12,-0.2,0.1730142255965475,0.1730142255965475
197.125,-0.2,0.2910292621275368,0.2910292621275368
197.13,-0.2,0.6461167947685229,0.6461167947685229
197.135,-0.2,0.39331028148775504,0.39331028148775504
197.14,-0.2,0.2470569396610176,0.2470569396610176
197.145,-0.2,-0.05738931450403329,-0.05738931450403329
197.15,-0.2,-0.2810529869205178,-0.2810529869205178
197.155,-0.2,-0.28510859078707107,-0.28510859078707107
197.16,-0.2,0.13536631600650578,0.13536631600650578
197.165,-0.2,0.40488278262492894,0.40488278262492894
197.17,-0.2,0.5777415854652326,0.5777415854652326
197.175,-0.2,0.5271808701598797,0.5271808701598797
197.18,-0.2,0.2773521257568278,0.2773521257568278
197.185,-0.2,-0.2456077066600895,-0.2456077066600895
197.19,-0.2,-0.4149925175243717,-0.4149925175243717
197.195,-0.2,-0.16474172849387372,-0.16474172849387372
197.2,-0.2,0.16792027837042436,0.16792027837042436
197.205,-0.2,0.6822140976545514,0.6822140976545514
197.21,-0.2,0.7550680450147448,0.7550680450147448
197.215,-0.2,0.5081941209281773,0.5081941209281773
197.22,-0.2,0.2746111299693895,0.2746111299693895
197.225,-0.2,-0.178865630468164,-0.178865630468164
197.23,-0.2,-0.3370821979433483,-0.3370821979433483
197.235,-0.2,0.031273407815813434,0.031273407815813434
197.24,-0.2,0.30041360450593546,0.30041360450593546
197.245,-0.2,0.5750073268671076,0.5750073268671076
197.25,-0.2,0.5783053403914783,0.5783053403914783
197.255,-0.2,0.4650981604268009,0.4650981604268009
197.26,-0.2,0.11395475978780183,0.11395475978780183
197.265,-0.2,-0.07118504439064385,-0.07118504439064385
197.27,-0.2,-0.0889756587851934,-0.0889756587851934
197.275,-0.2,-0.1308064949785776,-0.1308064949785776
197.28,-0.2,0.19847972619050316,0.19847972619050316
197.285,-0.2,0.39605032757175274,0.39605032757175274
197.29,-0.2,0.4902036824708242,0.4902036824708242
197.295,-0.2,0.44849126336357426,0.44849126336357426
197.3,-0.2,0.222588157206265,0.222588157206265
197.305,-0.2,-0.04131489339103865,-0.04131489339103865
197.31,-0.2,-0.06611732905449019,-0.06611732905449019
197.315,-0.2,-0.05202034326678258,-0.05202034326678258
197.32,-0.2,0.1978600858456253,0.1978600858456253
197.325,-0.2,0.4278878223743055,0.4278878223743055
197.33,-0.2,0.6123459377541264,0.6123459377541264
197.335,-0.2,0.6697685172726731,0.6697685172726731
197.34,-0.2,0.18094854438090288,0.18094854438090288
197.345,-0.2,-0.08825525146585149,-0.08825525146585149
197.35,-0.2,-0.13099812080914505,-0.13099812080914505
197.355,-0.2,-0.015609637822964772,-0.015609637822964772
197.36,-0.2,0.3202069192964748,0.3202069192964748
197.365,-0.2,0.3412115252349323,0.3412115252349323
197.37,-0.2,0.6757046135417087,0.6757046135417087
197.375,-0.2,0.453160028264106,0.453160028264106
197.38,-0.2,0.10917207545122304,0.10917207545122304
197.385,-0.2,-0.15451566371696793,-0.15451566371696793
197.39,-0.2,-0.17343350833771787,-0.17343350833771787
197.395,-0.2,-0.14327804729787244,-0.14327804729787244
197.4,-0.2,0.3543570685564099,0.3543570685564099
197.405,-0.2,0.5633244315951044,0.5633244315951044
197.41,-0.2,0.44994391297549186,0.44994391297549186
197.415,-0.2,0.3903951941981989,0.3903951941981989
197.42,-0.2,0.10742122051895228,0.10742122051895228
197.425,-0.2,0.025219701283649087,0.025219701283649087
197.43,-0.2,-0.18053213333173745,-0.18053213333173745
197.435,-0.2,-0.06955357850038318,-0.06955357850038318
197.44,-0.2,0.24098917032177916,0.24098917032177916
197.445,-0.2,0.37735392164631637,0.37735392164631637
197.45,-0.2,0.5634345577136267,0.5634345577136267
197.455,-0.2,0.26396842273555543,0.26396842273555543
197.46,-0.2,0.1526784968946879,0.1526784968946879
197.465,-0.2,0.04302867518993468,0.04302867518993468
197.47,-0.2,-0.21170091955919795,-0.21170091955919795
197.475,-0.2,-0.06434561610962256,-0.06434561610962256
197.48,-0.2,0.1299391971432967,0.1299391971432967
197.485,-0.2,0.5359654243697696,0.5359654243697696
197.49,-0.2,0.5353321134312037,0.5353321134312037
197.495,-0.2,0.31934585239579794,0.31934585239579794
197.5,-0.2,0.14824665300750955,0.14824665300750955
197.505,-0.2,-0.017610981320420396,-0.017610981320420396
197.51,-0.2,-0.13615068039006273,-0.13615068039006273
197.515,-0.2,-0.10680945753706214,-0.10680945753706214
197.52,-0.2,0.21483699044708157,0.21483699044708157
197.525,-0.2,0.46350855242627875,0.46350855242627875
197.53,-0.2,0.7987735829701387,0.7987735829701387
197.535,-0.2,0.5797559743969618,0.5797559743969618
197.54,-0.2,-0.022319296462720656,-0.022319296462720656
197.545,-0.2,-0.21237968037169264,-0.21237968037169264
197.55,-0.2,-0.15649064395698498,-0.15649064395698498
197.555,-0.2,0.018610996612714162,0.018610996612714162
197.56,-0.2,0.03906775456409997,0.03906775456409997
197.565,-0.2,0.3544289805583597,0.3544289805583597
197.57,-0.2,0.4882874507263603,0.4882874507263603
197.575,-0.2,0.4355078322835424,0.4355078322835424
197.58,-0.2,0.1050227766105577,0.1050227766105577
197.585,-0.2,-0.22352702525747858,-0.22352702525747858
197.59,-0.2,-0.20822141204201366,-0.20822141204201366
197.595,-0.2,-0.016176141915131184,-0.016176141915131184
197.6,-0.2,0.12160510993325757,0.12160510993325757
197.605,-0.2,0.4982008423411749,0.4982008423411749
197.61,-0.2,0.391499409161968,0.391499409161968
197.615,-0.2,0.3195107355339476,0.3195107355339476
197.62,-0.2,0.19437702973822732,0.19437702973822732
197.625,-0.2,0.13779384706286016,0.13779384706286016
197.63,-0.2,-0.09000801239376227,-0.09000801239376227
197.635,-0.2,-0.03985662752186379,-0.03985662752186379
197.64,-0.2,0.24614409771397477,0.24614409771397477
197.645,-0.2,0.5405991369155236,0.5405991369155236
197.65,-0.2,0.49556225051585523,0.49556225051585523
197.655,-0.2,0.4065002136807352,0.4065002136807352
197.66,-0.2,0.3274987054908024,0.3274987054908024
197.665,-0.2,-0.17647964996301332,-0.17647964996301332
197.67,-0.2,-0.2339893072231144,-0.2339893072231144
197.675,-0.2,0.14683146780226838,0.14683146780226838
197.68,-0.2,0.04949077712133615,0.04949077712133615
197.685,-0.2,0.3797756541839671,0.3797756541839671
197.69,-0.2,0.639102631564939,0.639102631564939
197.695,-0.2,0.3436223106048143,0.3436223106048143
197.7,-0.2,0.10503865750721189,0.10503865750721189
197.705,-0.2,-0.011979454241949997,-0.011979454241949997
197.71,-0.2,-0.05895655752722563,-0.05895655752722563
197.715,-0.2,0.04843692955679611,0.04843692955679611
197.72,-0.2,0.21013118498353273,0.21013118498353273
197.725,-0.2,0.483270513816174,0.483270513816174
197.73,-0.2,0.5065342053008107,0.5065342053008107
197.735,-0.2,0.43303470346321005,0.43303470346321005
197.74,-0.2,0.21412581328861152,0.21412581328861152
197.745,-0.2,-0.1537187728306711,-0.1537187728306711
197.75,-0.2,-0.07457557444092693,-0.07457557444092693
197.755,-0.2,0.08467141865898384,0.08467141865898384
197.76,-0.2,0.16504293480989982,0.16504293480989982
197.765,-0.2,0.5154720279225373,0.5154720279225373
197.77,-0.2,0.6117908765647285,0.6117908765647285
197.775,-0.2,0.3330661570174941,0.3330661570174941
197.78,-0.2,0.2259402691739652,0.2259402691739652
197.785,-0.2,-0.028657390955621368,-0.028657390955621368
197.79,-0.2,0.05194588044548332,0.05194588044548332
197.795,-0.2,0.1181526796907113,0.1181526796907113
197.8,-0.2,0.31063380688720654,0.31063380688720654
197.805,-0.2,0.4602441705839657,0.4602441705839657
197.81,-0.2,0.4010103400538322,0.4010103400538322
197.815,-0.2,0.37907237187998916,0.37907237187998916
197.82,-0.2,0.30958874234867023,0.30958874234867023
197.825,-0.2,-0.21199805002264818,-0.21199805002264818
197.83,-0.2,-0.008579925967474838,-0.008579925967474838
197.835,-0.2,0.11066986122107171,0.11066986122107171
197.84,-0.2,0.24896002746289908,0.24896002746289908
197.845,-0.2,0.6223173845576537,0.6223173845576537
197.85,-0.2,0.46707977536357986,0.46707977536357986
197.855,-0.2,0.3310216073406935,0.3310216073406935
197.86,-0.2,0.13241075564793175,0.13241075564793175
197.865,-0.2,0.0820657682183935,0.0820657682183935
197.87,-0.2,-0.0637207602901215,-0.0637207602901215
197.875,-0.2,0.09474454917585699,0.09474454917585699
197.88,-0.2,0.07697928115400637,0.07697928115400637
197.885,-0.2,0.43782049704709225,0.43782049704709225
197.89,-0.2,0.3777311263713966,0.3777311263713966
197.895,-0.2,0.3972694706418478,0.3972694706418478
197.9,-0.2,0.3186419927432129,0.3186419927432129
197.905,-0.2,0.041260441680660745,0.041260441680660745
197.91,-0.2,-0.2378266852960727,-0.2378266852960727
197.915,-0.2,-0.06812073825540968,-0.06812073825540968
197.92,-0.2,0.2916452329269553,0.2916452329269553
197.925,-0.2,0.5053859474936013,0.5053859474936013
197.93,-0.2,0.7417941903089638,0.7417941903089638
197.935,-0.2,0.5104402595536182,0.5104402595536182
197.94,-0.2,0.14680966298498077,0.14680966298498077
197.945,-0.2,-0.127382546930703,-0.127382546930703
197.95,-0.2,-0.2647528962461995,-0.2647528962461995
197.955,-0.2,-0.25113463303807587,-0.25113463303807587
197.96,-0.2,0.31891171042935434,0.31891171042935434
197.965,-0.2,0.5010680104104515,0.5010680104104515
197.97,-0.2,0.4907415577408648,0.4907415577408648
197.975,-0.2,0.5972176272821853,0.5972176272821853
197.98,-0.2,0.22912595041769288,0.22912595041769288
197.985,-0.2,-0.19116934312692058,-0.19116934312692058
197.99,-0.2,-0.06374070394554184,-0.06374070394554184
197.995,-0.2,-0.05025889319665744,-0.05025889319665744
198.0,-0.2,0.3893187223761563,0.3893187223761563
198.005,-0.2,0.6551750874150173,0.6551750874150173
198.01,-0.2,0.5686120062745317,0.5686120062745317
198.015,-0.2,0.6210074562338109,0.6210074562338109
198.02,-0.2,0.20409677777539287,0.20409677777539287
198.025,-0.2,-0.10114766684170792,-0.10114766684170792
198.03,-0.2,-0.1688290475545139,-0.1688290475545139
198.035,-0.2,-0.0012781608449455794,-0.0012781608449455794
198.04,-0.2,0.24111924052049327,0.24111924052049327
198.045,-0.2,0.5110308477556418,0.5110308477556418
198.05,-0.2,0.4409576027979988,0.4409576027979988
198.055,-0.2,0.4534392322714904,0.4534392322714904
198.06,-0.2,0.28880756448485895,0.28880756448485895
198.065,-0.2,0.007216911953736749,0.007216911953736749
198.07,-0.2,-0.2745629224171714,-0.2745629224171714
198.075,-0.2,-0.035879513234423885,-0.035879513234423885
198.08,-0.2,0.243154442772206,0.243154442772206
198.085,-0.2,0.27254051122780953,0.27254051122780953
198.09,-0.2,0.6531668388662286,0.6531668388662286
198.095,-0.2,0.5027519133094939,0.5027519133094939
198.1,-0.2,-0.029926258014388085,-0.029926258014388085
198.105,-0.2,-0.19843536494786607,-0.19843536494786607
198.11,-0.2,-0.15335998477779147,-0.15335998477779147
198.115,-0.2,-0.12510002353976746,-0.12510002353976746
198.12,-0.2,0.22690188725365923,0.22690188725365923
198.125,-0.2,0.40635414768763967,0.40635414768763967
198.13,-0.2,0.5963974889473445,0.5963974889473445
198.135,-0.2,0.4085578262949195,0.4085578262949195
198.14,-0.2,0.26413333237411846,0.26413333237411846
198.145,-0.2,-0.08656368948447235,-0.08656368948447235
198.15,-0.2,-0.2552329024783657,-0.2552329024783657
198.155,-0.2,0.04199614380731756,0.04199614380731756
198.16,-0.2,0.02648628328365768,0.02648628328365768
198.165,-0.2,0.446697338484466,0.446697338484466
198.17,-0.2,0.4794688220797426,0.4794688220797426
198.175,-0.2,0.44463610534051834,0.44463610534051834
198.18,-0.2,0.01798631427428668,0.01798631427428668
198.185,-0.2,-0.052323931714096536,-0.052323931714096536
198.19,-0.2,0.0262579815160984,0.0262579815160984
198.195,-0.2,-0.20249821362406362,-0.20249821362406362
198.2,-0.2,0.11847414787262207,0.11847414787262207
198.205,-0.2,0.4021107542601621,0.4021107542601621
198.21,-0.2,0.6488388880960658,0.6488388880960658
198.215,-0.2,0.27675585951445525,0.27675585951445525
198.22,-0.2,0.01861601417492892,0.01861601417492892
198.225,-0.2,-0.2872090348039863,-0.2872090348039863
198.23,-0.2,-0.30302993464461836,-0.30302993464461836
198.235,-0.2,-0.2019289690164656,-0.2019289690164656
198.24,-0.2,0.21687354141951568,0.21687354141951568
198.245,-0.2,0.42571803457414564,0.42571803457414564
198.25,-0.2,0.548324199036367,0.548324199036367
198.255,-0.2,0.3000571196948757,0.3000571196948757
198.26,-0.2,0.056483045697427216,0.056483045697427216
198.265,-0.2,-0.24328182545545754,-0.24328182545545754
198.27,-0.2,-0.05335864703613949,-0.05335864703613949
198.275,-0.2,-0.26668338626056326,-0.26668338626056326
198.28,-0.2,0.26377580621283453,0.26377580621283453
198.285,-0.2,0.3842841872409734,0.3842841872409734
198.29,-0.2,0.39337762373699126,0.39337762373699126
198.295,-0.2,0.3758326016520271,0.3758326016520271
198.3,-0.2,0.09487911490107556,0.09487911490107556
198.305,-0.2,-0.24350378221792537,-0.24350378221792537
198.31,-0.2,-0.24257609064243388,-0.24257609064243388
198.315,-0.2,-0.140680363829747,-0.140680363829747
198.32,-0.2,0.17453434760722955,0.17453434760722955
198.325,-0.2,0.27274439078675017,0.27274439078675017
198.33,-0.2,0.4879141024766286,0.4879141024766286
198.335,-0.2,0.2947534318738839,0.2947534318738839
198.34,-0.2,0.04899934248746901,0.04899934248746901
198.345,-0.2,-0.1280328440755067,-0.1280328440755067
198.35,-0.2,-0.15353545975132624,-0.15353545975132624
198.355,-0.2,-0.046863526765078996,-0.046863526765078996
198.36,-0.2,0.23013298172770325,0.23013298172770325
198.365,-0.2,0.4266820933948462,0.4266820933948462
198.37,-0.2,0.5410628014148883,0.5410628014148883
198.375,-0.2,0.29585790401074596,0.29585790401074596
198.38,-0.2,0.20983412068508148,0.20983412068508148
198.385,-0.2,-0.24688097882000515,-0.24688097882000515
198.39,-0.2,-0.3343687112801623,-0.3343687112801623
198.395,-0.2,-0.011495282518755548,-0.011495282518755548
198.4,-0.2,0.08967437361116576,0.08967437361116576
198.405,-0.2,0.5219524632946796,0.5219524632946796
198.41,-0.2,0.5919553730554206,0.5919553730554206
198.415,-0.2,0.34783908977224487,0.34783908977224487
198.42,-0.2,0.15829344477334836,0.15829344477334836
198.425,-0.2,-0.16002511407614672,-0.16002511407614672
198.43,-0.2,-0.12983471011009512,-0.12983471011009512
198.435,-0.2,-0.04112794468483419,-0.04112794468483419
198.44,-0.2,0.2515287944336167,0.2515287944336167
198.445,-0.2,0.2939501144615493,0.2939501144615493
198.45,-0.2,0.5709354435172842,0.5709354435172842
198.455,-0.2,0.43898027410092666,0.43898027410092666
198.46,-0.2,0.03872022178646381,0.03872022178646381
198.465,-0.2,-0.20529124486858555,-0.20529124486858555
198.47,-0.2,-0.30257378173064026,-0.30257378173064026
198.475,-0.2,0.12049200279683353,0.12049200279683353
198.48,-0.2,0.27995450483704276,0.27995450483704276
198.485,-0.2,0.4744939964356832,0.4744939964356832
198.49,-0.2,0.6200694562956038,0.6200694562956038
198.495,-0.2,0.47068026826219217,0.47068026826219217
198.5,-0.2,0.08459911000980086,0.08459911000980086
198.505,-0.2,-0.13765244103818702,-0.13765244103818702
198.51,-0.2,-0.08601422487768964,-0.08601422487768964
198.515,-0.2,-0.20023307070747173,-0.20023307070747173
198.52,-0.2,0.22176011309994684,0.22176011309994684
198.525,-0.2,0.31559837359623266,0.31559837359623266
198.53,-0.2,0.49843651387583643,0.49843651387583643
198.535,-0.2,0.358642454292233,0.358642454292233
198.54,-0.2,0.006704903229375336,0.006704903229375336
198.545,-0.2,-0.04765005525494099,-0.04765005525494099
198.55,-0.2,-0.28939366188415716,-0.28939366188415716
198.555,-0.2,-0.06555093478056918,-0.06555093478056918
198.56,-0.2,0.14937965419067786,0.14937965419067786
198.565,-0.2,0.43096572810512945,0.43096572810512945
198.57,-0.2,0.46455498150188695,0.46455498150188695
198.575,-0.2,0.2775614094738147,0.2775614094738147
198.58,-0.2,0.03167695093815344,0.03167695093815344
198.585,-0.2,-0.04653646808424547,-0.04653646808424547
198.59,-0.2,-0.13305920127509646,-0.13305920127509646
198.595,-0.2,-0.30575759086550985,-0.30575759086550985
198.6,-0.2,0.1963250991819302,0.1963250991819302
198.605,-0.2,0.40263433286948247,0.40263433286948247
198.61,-0.2,0.7287254308056627,0.7287254308056627
198.615,-0.2,0.30357501140258586,0.30357501140258586
198.62,-0.2,0.0101844705835748,0.0101844705835748
198.625,-0.2,-0.21214983793138426,-0.21214983793138426
198.63,-0.2,-0.3339618230858553,-0.3339618230858553
198.635,-0.2,-0.09234588107421583,-0.09234588107421583
198.64,-0.2,0.27034289063389005,0.27034289063389005
198.645,-0.2,0.4743222108644922,0.4743222108644922
198.65,-0.2,0.42824006013963556,0.42824006013963556
198.655,-0.2,0.28925746794695195,0.28925746794695195
198.66,-0.2,-0.018738586639844734,-0.018738586639844734
198.665,-0.2,-0.006451801161326792,-0.006451801161326792
198.67,-0.2,-0.3729551161039714,-0.3729551161039714
198.675,-0.2,-0.3353501899191612,-0.3353501899191612
198.68,-0.2,0.09422610225743555,0.09422610225743555
198.685,-0.2,0.4406270981910304,0.4406270981910304
198.69,-0.2,0.5823108156707862,0.5823108156707862
198.695,-0.2,0.40547313651939776,0.40547313651939776
198.7,-0.2,0.11945209937009138,0.11945209937009138
198.705,-0.2,-0.08889151558952399,-0.08889151558952399
198.71,-0.2,-0.22803221188242845,-0.22803221188242845
198.715,-0.2,-0.06932412763240102,-0.06932412763240102
198.72,-0.2,0.24169296734797047,0.24169296734797047
198.725,-0.2,0.45607343252244376,0.45607343252244376
198.73,-0.2,0.540887972626269,0.540887972626269
198.735,-0.2,0.2182654873676635,0.2182654873676635
198.74,-0.2,-0.08495325126437026,-0.08495325126437026
198.745,-0.2,-0.01212325801092437,-0.01212325801092437
198.75,-0.2,-0.19249657709512707,-0.19249657709512707
198.755,-0.2,-0.06894829983300184,-0.06894829983300184
198.76,-0.2,0.09535844346775435,0.09535844346775435
198.765,-0.2,0.554532308468952,0.554532308468952
198.77,-0.2,0.6228254785301901,0.6228254785301901
198.775,-0.2,0.16807828432538027,0.16807828432538027
198.78,-0.2,0.16410493007792293,0.16410493007792293
198.785,-0.2,-0.2604717271283762,-0.2604717271283762
198.79,-0.2,-0.20042905420554466,-0.20042905420554466
198.795,-0.2,-0.13631132171971744,-0.13631132171971744
198.8,-0.2,0.23331380020426074,0.23331380020426074
198.805,-0.2,0.23878074509726155,0.23878074509726155
198.81,-0.2,0.4462325719026847,0.4462325719026847
198.815,-0.2,0.36252344839762374,0.36252344839762374
198.82,-0.2,0.10667115688425546,0.10667115688425546
198.825,-0.2,-0.16066734942173896,-0.16066734942173896
198.83,-0.2,-0.30174870560675965,-0.30174870560675965
198.835,-0.2,-0.26461081937047326,-0.26461081937047326
198.84,-0.2,0.10653766125659377,0.10653766125659377
198.845,-0.2,0.4687479164752055,0.4687479164752055
198.85,-0.2,0.4966531456356658,0.4966531456356658
198.855,-0.2,0.44973715306684925,0.44973715306684925
198.86,-0.2,0.1666339985462576,0.1666339985462576
198.865,-0.2,-0.13519535313165168,-0.13519535313165168
198.87,-0.2,-0.13880860375861542,-0.13880860375861542
198.875,-0.2,-0.1150352949504583,-0.1150352949504583
198.88,-0.2,0.2202535086396809,0.2202535086396809
198.885,-0.2,0.32085334327201603,0.32085334327201603
198.89,-0.2,0.4492153503610255,0.4492153503610255
198.895,-0.2,0.20594260642449044,0.20594260642449044
198.9,-0.2,0.10192534674240203,0.10192534674240203
198.905,-0.2,-0.08106285050073155,-0.08106285050073155
198.91,-0.2,-0.19477999511247987,-0.19477999511247987
198.915,-0.2,-0.12803703850299092,-0.12803703850299092
198.92,-0.2,0.20371270840614022,0.20371270840614022
198.925,-0.2,0.3924501727134007,0.3924501727134007
198.93,-0.2,0.5253117845063244,0.5253117845063244
198.935,-0.2,0.3930602581436684,0.3930602581436684
198.94,-0.2,-0.020659408417594366,-0.020659408417594366
198.945,-0.2,0.01777867358334284,0.01777867358334284
198.95,-0.2,-0.28791734524609663,-0.28791734524609663
198.955,-0.2,-0.2064586445013672,-0.2064586445013672
198.96,-0.2,0.20641288347430609,0.20641288347430609
198.965,-0.2,0.45201418970986135,0.45201418970986135
198.97,-0.2,0.5395368852142606,0.5395368852142606
198.975,-0.2,0.45498525293994097,0.45498525293994097
198.98,-0.2,0.15815142192221995,0.15815142192221995
198.985,-0.2,-0.07883013149388005,-0.07883013149388005
198.99,-0.2,-0.4123278014456499,-0.4123278014456499
198.995,-0.2,-0.12852072242410834,-0.12852072242410834
199.0,-0.2,0.118439952493406,0.118439952493406
199.005,-0.2,0.28326774114844466,0.28326774114844466
199.01,-0.2,0.44540644853516054,0.44540644853516054
199.015,-0.2,0.32724884541148686,0.32724884541148686
199.02,-0.2,0.22258032905662675,0.22258032905662675
199.025,-0.2,0.020062823223652562,0.020062823223652562
199.03,-0.2,-0.19698605147328307,-0.19698605147328307
199.035,-0.2,-0.04289798843579003,-0.04289798843579003
199.04,-0.2,0.10689143326348541,0.10689143326348541
199.045,-0.2,0.594362403461543,0.594362403461543
199.05,-0.2,0.5045903906725617,0.5045903906725617
199.055,-0.2,0.42896875854826366,0.42896875854826366
199.06,-0.2,0.17517195554259934,0.17517195554259934
199.065,-0.2,-0.01642843747882529,-0.01642843747882529
199.07,-0.2,-0.012886805788278582,-0.012886805788278582
199.075,-0.2,-0.28006405520889677,-0.28006405520889677
199.08,-0.2,0.21784519713283973,0.21784519713283973
199.085,-0.2,0.3454647700563298,0.3454647700563298
199.09,-0.2,0.5323219888581269,0.5323219888581269
199.095,-0.2,0.4625481127283915,0.4625481127283915
199.1,-0.2,0.030604596854459987,0.030604596854459987
199.105,-0.2,-0.18357798378282514,-0.18357798378282514
199.11,-0.2,-0.18981469431683434,-0.18981469431683434
199.115,-0.2,-0.09472120815853352,-0.09472120815853352
199.12,-0.2,0.21255983279648283,0.21255983279648283
199.125,-0.2,0.3968037298277531,0.3968037298277531
199.13,-0.2,0.5212786133763063,0.5212786133763063
199.135,-0.2,0.3065465328021895,0.3065465328021895
199.14,-0.2,0.4491919569101028,0.4491919569101028
199.145,-0.2,-0.12931563579287497,-0.12931563579287497
199.15,-0.2,-0.1042654236904624,-0.1042654236904624
199.155,-0.2,-0.0758679056201099,-0.0758679056201099
199.16,-0.2,0.18611762758278397,0.18611762758278397
199.165,-0.2,0.2953019472096979,0.2953019472096979
199.17,-0.2,0.7492117089776629,0.7492117089776629
199.175,-0.2,0.5028294747485802,0.5028294747485802
199.18,-0.2,0.31702828487513823,0.31702828487513823
199.185,-0.2,-0.02959027539483159,-0.02959027539483159
199.19,-0.2,-0.05950696219700655,-0.05950696219700655
199.195,-0.2,0.10132299493315675,0.10132299493315675
199.2,-0.2,0.07483088021879059,0.07483088021879059
199.205,-0.2,0.42935766441061646,0.42935766441061646
199.21,-0.2,0.4438024783732682,0.4438024783732682
199.215,-0.2,0.3809132106609422,0.3809132106609422
199.22,-0.2,0.16506147487147338,0.16506147487147338
199.225,-0.2,0.02091399890671597,0.02091399890671597
199.23,-0.2,-0.08477510516545003,-0.08477510516545003
199.235,-0.2,0.050615785035140526,0.050615785035140526
199.24,-0.2,0.16463288279622,0.16463288279622
199.245,-0.2,0.4730267279124947,0.4730267279124947
199.25,-0.2,0.405207094241104,0.405207094241104
199.255,-0.2,0.5972973841250762,0.5972973841250762
199.26,-0.2,0.3593033223925131,0.3593033223925131
199.265,-0.2,-0.17147635456019306,-0.17147635456019306
199.27,-0.2,-0.20653989957119379,-0.20653989957119379
199.275,-0.2,0.03370983769630147,0.03370983769630147
199.28,-0.2,0.19097648518882873,0.19097648518882873
199.285,-0.2,0.41049111854787756,0.41049111854787756
199.29,-0.2,0.6929559131195953,0.6929559131195953
199.295,-0.2,0.6134640761089152,0.6134640761089152
199.3,-0.2,0.17550535708040618,0.17550535708040618
199.305,-0.2,0.04321509027255366,0.04321509027255366
199.31,-0.2,-0.1575369841856655,-0.1575369841856655
199.315,-0.2,-0.10210097371375454,-0.10210097371375454
199.32,-0.2,0.18981264478278195,0.18981264478278195
199.325,-0.2,0.5470135656684393,0.5470135656684393
199.33,-0.2,0.6369123327610375,0.6369123327610375
199.335,-0.2,0.5456136975417445,0.5456136975417445
199.34,-0.2,0.2844693089917859,0.2844693089917859
199.345,-0.2,0.06789448937129702,0.06789448937129702
199.35,-0.2,-0.3319381334376946,-0.3319381334376946
199.355,-0.2,0.04485673285048816,0.04485673285048816
199.36,-0.2,0.33103404073474985,0.33103404073474985
199.365,-0.2,0.6901607083095319,0.6901607083095319
199.37,-0.2,0.6588570031703869,0.6588570031703869
199.375,-0.2,0.43322446139695775,0.43322446139695775
199.38,-0.2,0.3091876515598275,0.3091876515598275
199.385,-0.2,-0.07649164161943212,-0.07649164161943212
199.39,-0.2,-0.23676845950381406,-0.23676845950381406
199.395,-0.2,0.028088086173616092,0.028088086173616092
199.4,-0.2,0.28161889288551206,0.28161889288551206
199.405,-0.2,0.45572313127654124,0.45572313127654124
199.41,-0.2,0.39774904042888726,0.39774904042888726
199.415,-0.2,0.5083913484510184,0.5083913484510184
199.42,-0.2,0.19734529556658248,0.19734529556658248
199.425,-0.2,0.08049597515138869,0.08049597515138869
199.43,-0.2,-0.2152148378006073,-0.2152148378006073
199.435,-0.2,-0.02089055004578956,-0.02089055004578956
199.44,-0.2,0.19292495031618268,0.19292495031618268
199.445,-0.2,0.49440149149790746,0.49440149149790746
199.45,-0.2,0.6571724186080719,0.6571724186080719
199.455,-0.2,0.5679598963833808,0.5679598963833808
199.46,-0.2,0.12015590043277995,0.12015590043277995
199.465,-0.2,0.006182390274260506,0.006182390274260506
199.47,-0.2,-0.14276288103120946,-0.14276288103120946
199.475,-0.2,-0.06793124447786539,-0.06793124447786539
199.48,-0.2,0.31820981288983385,0.31820981288983385
199.485,-0.2,0.47707355849699457,0.47707355849699457
199.49,-0.2,0.5653950141265994,0.5653950141265994
199.495,-0.2,0.4103189496445613,0.4103189496445613
199.5,-0.2,0.03821847809370893,0.03821847809370893
199.505,-0.2,-0.0757808241284933,-0.0757808241284933
199.51,-0.2,-0.26535159500446326,-0.26535159500446326
199.515,-0.2,0.042466259783007596,0.042466259783007596
199.52,-0.2,0.24773517372043177,0.24773517372043177
199.525,-0.2,0.4849128333670187,0.4849128333670187
199.53,-0.2,0.4737258150344983,0.4737258150344983
199.535,-0.2,0.19248074011847216,0.19248074011847216
199.54,-0.2,0.23400761118328672,0.23400761118328672
199.545,-0.2,0.002114731747757545,0.002114731747757545
199.55,-0.2,-0.1387136565947092,-0.1387136565947092
199.555,-0.2,-0.15031486574734673,-0.15031486574734673
199.56,-0.2,0.2729590984279441,0.2729590984279441
199.565,-0.2,0.48400347057693227,0.48400347057693227
199.57,-0.2,0.4898568518942698,0.4898568518942698
199.575,-0.2,0.46691669946823233,0.46691669946823233
199.58,-0.2,0.128917316945946,0.128917316945946
199.585,-0.2,-0.21501275030335948,-0.21501275030335948
199.59,-0.2,-0.3188647467323616,-0.3188647467323616
199.595,-0.2,0.01870896101105879,0.01870896101105879
199.6,-0.2,0.24886514861205963,0.24886514861205963
199.605,-0.2,0.5019624700219086,0.5019624700219086
199.61,-0.2,0.5882112823476574,0.5882112823476574
199.615,-0.2,0.5804658871783506,0.5804658871783506
199.62,-0.2,0.2080934513143865,0.2080934513143865
199.625,-0.2,-0.22712810035619863,-0.22712810035619863
199.63,-0.2,-0.022899075019347293,-0.022899075019347293
199.635,-0.2,0.08039533940590904,0.08039533940590904
199.64,-0.2,0.06782770034910154,0.06782770034910154
199.645,-0.2,0.6470840195013396,0.6470840195013396
199.65,-0.2,0.6795784889445152,0.6795784889445152
199.655,-0.2,0.43271391705196244,0.43271391705196244
199.66,-0.2,0.11146468909311245,0.11146468909311245
199.665,-0.2,-0.15255749533541527,-0.15255749533541527
199.67,-0.2,-0.25394646571444673,-0.25394646571444673
199.675,-0.2,-0.007246965432202934,-0.007246965432202934
199.68,-0.2,0.09377268823833777,0.09377268823833777
199.685,-0.2,0.46024220126623794,0.46024220126623794
199.69,-0.2,0.4839990002830565,0.4839990002830565
199.695,-0.2,0.5348800285174562,0.5348800285174562
199.7,-0.2,0.357783857627167,0.357783857627167
199.705,-0.2,-0.0012899974061945235,-0.0012899974061945235
