t,reference,measured,noisy
107.155,0.2,-0.29232517688147325,-0.29232517688147325
107.16,0.2,-0.07847803553504462,-0.07847803553504462
107.165,0.2,0.23242027840688884,0.23242027840688884
107.17,0.2,0.35533784703532895,0.35533784703532895
107.175,0.2,0.11405729875127131,0.11405729875127131
107.18,0.2,-0.03961903304733727,-0.03961903304733727
107.185,0.2,-0.4119137036006843,-0.4119137036006843
107.19,0.2,-0.3517790031399391,-0.3517790031399391
107.195,0.2,-0.06955890546382118,-0.06955890546382118
107.2,0.2,0.04069715533683457,0.04069715533683457
107.205,0.2,0.29129584548048326,0.29129584548048326
107.21,0.2,0.2607508205259538,0.2607508205259538
107.215,0.2,0.1316242133457682,0.1316242133457682
107.22,0.2,0.13047734990525098,0.13047734990525098
107.225,0.2,-0.28645649351960045,-0.28645649351960045
107.23,0.2,-0.11128127999667431,-0.11128127999667431
107.235,0.2,-0.16716647326486436,-0.16716647326486436
107.24,0.2,0.13518241250541504,0.13518241250541504
107.245,0.2,0.344103520039772,0.344103520039772
107.25,0.2,0.49923956081509274,0.49923956081509274
107.255,0.2,0.313361555780077,0.313361555780077
107.26,0.2,0.19418928105545064,0.19418928105545064
107.265,0.2,-0.01824721832376819,-0.01824721832376819
107.27,0.2,-0.15971953535864453,-0.15971953535864453
107.275,0.2,-0.29770149223972453,-0.29770149223972453
107.28,0.2,0.07730552144355123,0.07730552144355123
107.285,0.2,0.6086300813335779,0.6086300813335779
107.29,0.2,0.5491246244145234,0.5491246244145234
107.295,0.2,0.387632054540452,0.387632054540452
107.3,0.2,0.12690150998359823,0.12690150998359823
107.305,0.2,0.04121298928365985,0.04121298928365985
107.31,0.2,-0.3193360139527316,-0.3193360139527316
107.315,0.2,-0.1263799045478376,-0.1263799045478376
107.32,0.2,0.25990736173752504,0.25990736173752504
107.325,0.2,0.38930920042024014,0.38930920042024014
107.33,0.2,0.39201837499237874,0.39201837499237874
107.335,0.2,0.3651789334860674,0.3651789334860674
107.34,0.2,0.27400930804961415,0.27400930804961415
107.345,0.2,-0.006271086656773839,-0.006271086656773839
107.35,0.2,-0.03920074395218354,-0.03920074395218354
107.355,0.2,-0.1868920319079853,-0.1868920319079853
107.36,0.2,0.15408450693783815,0.15408450693783815
107.365,0.2,0.36081307425771936,0.36081307425771936
107.37,0.2,0.6695830368529916,0.6695830368529916
107.375,0.2,0.5276254725929066,0.5276254725929066
107.38,0.2,0.09822207630688712,0.09822207630688712
107.385,0.2,-0.03955286602208957,-0.03955286602208957
107.39,0.2,-0.25988839983148215,-0.25988839983148215
107.395,0.2,-0.07377905403034613,-0.07377905403034613
107.4,0.2,0.06705539687528311,0.06705539687528311
107.405,0.2,0.48822166001224215,0.48822166001224215
107.41,0.2,0.5568292252071532,0.5568292252071532
107.415,0.2,0.469218444702699,0.469218444702699
107.42,0.2,0.30264318714423255,0.30264318714423255
107.425,0.2,-0.04888358889744433,-0.04888358889744433
107.43,0.2,-0.2460152023451503,-0.2460152023451503
107.435,0.2,-0.1923596898456162,-0.1923596898456162
107.44,0.2,0.06304698681309318,0.06304698681309318
107.445,0.2,0.4861907887028953,0.4861907887028953
107.45,0.2,0.5055611906894092,0.5055611906894092
107.455,0.2,0.5141969366695793,0.5141969366695793
107.46,0.2,0.3066752808141554,0.3066752808141554
107.465,0.2,-0.053755228618165674,-0.053755228618165674
107.47,0.2,-0.17366341142716107,-0.17366341142716107
107.475,0.2,0.007529151977396842,0.007529151977396842
107.48,0.2,0.13028280928587793,0.13028280928587793
107.485,0.2,0.4010753673557384,0.4010753673557384
107.49,0.2,0.6105712132908806,0.6105712132908806
107.495,0.2,0.5122383071307579,0.5122383071307579
107.5,0.2,0.23144148448262303,0.23144148448262303
107.505,0.2,-0.2346602622386863,-0.2346602622386863
107.51,0.2,-0.09353782225309405,-0.09353782225309405
107.515,0.2,-0.03910148333694981,-0.03910148333694981
107.52,0.2,0.19056928002685755,0.19056928002685755
107.525,0.2,0.6753632096359369,0.6753632096359369
107.53,0.2,0.603855982092141,0.603855982092141
107.535,0.2,0.5865776362705677,0.5865776362705677
107.54,0.2,0.1896721718668468,0.1896721718668468
107.545,0.2,-0.24714229704438584,-0.24714229704438584
107.55,0.2,-0.048775633480160424,-0.048775633480160424
107.555,0.2,-0.08033194490323649,-0.08033194490323649
107.56,0.2,0.22274785289549198,0.22274785289549198
107.565,0.2,0.49269713090931466,0.49269713090931466
107.57,0.2,0.6388892142838251,0.6388892142838251
107.575,0.2,0.5270163733599854,0.5270163733599854
107.58,0.2,0.2620539634414589,0.2620539634414589
107.585,0.2,-0.056462421313190715,-0.056462421313190715
107.59,0.2,-0.08426042605212057,-0.08426042605212057
107.595,0.2,0.07690043022333197,0.07690043022333197
107.6,0.2,0.22916306297631392,0.22916306297631392
107.605,0.2,0.5592569273335524,0.5592569273335524
107.61,0.2,0.5108894261849461,0.5108894261849461
107.615,0.2,0.5204444407720012,0.5204444407720012
107.62,0.2,0.08059650840561274,0.08059650840561274
107.625,0.2,0.03769134229043068,0.03769134229043068
107.63,0.2,-0.3454922492127639,-0.3454922492127639
107.635,0.2,-0.027686651547778753,-0.027686651547778753
107.64,0.2,0.3638353063913109,0.3638353063913109
107.645,0.2,0.5378826690372064,0.5378826690372064
107.65,0.2,0.6680709123171108,0.6680709123171108
107.655,0.2,0.5907760278793123,0.5907760278793123
107.66,0.2,0.06505307497214455,0.06505307497214455
107.665,0.2,-0.11227716599206639,-0.11227716599206639
107.67,0.2,-0.12522695049178378,-0.12522695049178378
107.675,0.2,0.07557376634844976,0.07557376634844976
107.68,0.2,0.22391412516487125,0.22391412516487125
107.685,0.2,0.5275918506311128,0.5275918506311128
107.69,0.2,0.5786297437042688,0.5786297437042688
107.695,0.2,0.4007544081187267,0.4007544081187267
107.7,0.2,0.2945302155841397,0.2945302155841397
107.705,0.2,0.0831303357954,0.0831303357954
107.71,0.2,-0.22846103349906968,-0.22846103349906968
107.715,0.2,-0.0074949444231121876,-0.0074949444231121876
107.72,0.2,0.38893295584316423,0.38893295584316423
107.725,0.2,0.4023728853923802,0.4023728853923802
107.73,0.2,0.6898955756760793,0.6898955756760793
107.735,0.2,0.45130593632072225,0.45130593632072225
107.74,0.2,0.18225552419771285,0.18225552419771285
107.745,0.2,0.11026477410141741,0.11026477410141741
107.75,0.2,-0.05486948848509818,-0.05486948848509818
107.755,0.2,0.030011350085272767,0.030011350085272767
107.76,0.2,0.2976466712782208,0.2976466712782208
107.765,0.2,0.4122193512357353,0.4122193512357353
107.77,0.2,0.8497772217170665,0.8497772217170665
107.775,0.2,0.5340365020572233,0.5340365020572233
107.78,0.2,0.17465025997998984,0.17465025997998984
107.785,0.2,-0.16230639342482445,-0.16230639342482445
107.79,0.2,-0.11061520648774592,-0.11061520648774592
107.795,0.2,-0.047297368915677845,-0.047297368915677845
107.8,0.2,0.41871804130297496,0.41871804130297496
107.805,0.2,0.603495978533947,0.603495978533947
107.81,0.2,0.47227292762925943,0.47227292762925943
107.815,0.2,0.611849952520972,0.611849952520972
107.82,0.2,0.3419288122335134,0.3419288122335134
107.825,0.2,0.07790611687957344,0.07790611687957344
107.83,0.2,-0.17324785581572,-0.17324785581572
107.835,0.2,0.09465041897872731,0.09465041897872731
107.84,0.2,0.2813643102401501,0.2813643102401501
107.845,0.2,0.6289434343646625,0.6289434343646625
107.85,0.2,0.7369847221996038,0.7369847221996038
107.855,0.2,0.5286750474248952,0.5286750474248952
107.86,0.2,0.2207540092869043,0.2207540092869043
107.865,0.2,-0.06529007769017739,-0.06529007769017739
107.87,0.2,-0.03925032039786189,-0.03925032039786189
107.875,0.2,-0.13301094310818828,-0.13301094310818828
107.88,0.2,0.30985111621620953,0.30985111621620953
107.885,0.2,0.6508024038538852,0.6508024038538852
107.89,0.2,0.6621497860881326,0.6621497860881326
107.895,0.2,0.5221716656665071,0.5221716656665071
107.9,0.2,0.3244230971321526,0.3244230971321526
107.905,0.2,-0.21593101054732758,-0.21593101054732758
107.91,0.2,-0.07624464928529143,-0.07624464928529143
107.915,0.2,0.11862463789856521,0.11862463789856521
107.92,0.2,0.2665223198727145,0.2665223198727145
107.925,0.2,0.44043921520676677,0.44043921520676677
107.93,0.2,0.5630136323695174,0.5630136323695174
107.935,0.2,0.5496520945508888,0.5496520945508888
107.94,0.2,0.06136021573290573,0.06136021573290573
107.945,0.2,-0.004789678527993332,-0.004789678527993332
107.95,0.2,-0.00338451570054335,-0.00338451570054335
107.955,0.2,0.09460647199200156,0.09460647199200156
107.96,0.2,0.256316200452262,0.256316200452262
107.965,0.2,0.6270196636800123,0.6270196636800123
107.97,0.2,0.7912861350078284,0.7912861350078284
107.975,0.2,0.3484849591480603,0.3484849591480603
107.98,0.2,0.10562553478962947,0.10562553478962947
107.985,0.2,-0.04942479265132251,-0.04942479265132251
107.99,0.2,-0.08222227157660873,-0.08222227157660873
107.995,0.2,-0.09133551570147716,-0.09133551570147716
108.0,0.2,0.3115937667286781,0.3115937667286781
108.005,0.2,0.5352320853271854,0.5352320853271854
108.01,0.2,0.4205970503960269,0.4205970503960269
108.015,0.2,0.5365308237589455,0.5365308237589455
108.02,0.2,0.12985124337630322,0.12985124337630322
108.025,0.2,0.022060218060455217,0.022060218060455217
108.03,0.2,-0.3146786343310924,-0.3146786343310924
108.035,0.2,0.01517014480220738,0.01517014480220738
108.04,0.2,0.1283955902743156,0.1283955902743156
108.045,0.2,0.4652663482449081,0.4652663482449081
108.05,0.2,0.600212933322037,0.600212933322037
108.055,0.2,0.5426969108875235,0.5426969108875235
108.06,0.2,0.24472606754210738,0.24472606754210738
108.065,0.2,-0.005957190455502859,-0.005957190455502859
108.07,0.2,-0.15738888623163896,-0.15738888623163896
108.075,0.2,-0.20846568598079335,-0.20846568598079335
108.08,0.2,0.07896400948318807,0.07896400948318807
108.085,0.2,0.6021975582643317,0.6021975582643317
108.09,0.2,0.7543911024068215,0.7543911024068215
108.095,0.2,0.38046510311003817,0.38046510311003817
108.1,0.2,0.20693731609478658,0.20693731609478658
108.105,0.2,0.016485658264141473,0.016485658264141473
108.11,0.2,-0.11700727916888395,-0.11700727916888395
108.115,0.2,-0.1782591494052036,-0.1782591494052036
108.12,0.2,0.28779436868238484,0.28779436868238484
108.125,0.2,0.40868221347447087,0.40868221347447087
108.13,0.2,0.6586373322147436,0.6586373322147436
108.135,0.2,0.47164670009274307,0.47164670009274307
108.14,0.2,0.09788937822002697,0.09788937822002697
108.145,0.2,-0.18514308123372694,-0.18514308123372694
108.15,0.2,-0.14271014404805313,-0.14271014404805313
108.155,0.2,-0.19138927551329574,-0.19138927551329574
108.16,0.2,0.23513392737922909,0.23513392737922909
108.165,0.2,0.3651107159619991,0.3651107159619991
108.17,0.2,0.6373595886801179,0.6373595886801179
108.175,0.2,0.3707124271423131,0.3707124271423131
108.18,0.2,0.20903185426955898,0.20903185426955898
108.185,0.2,-0.06231091136933488,-0.06231091136933488
108.19,0.2,-0.22323504173532166,-0.22323504173532166
108.195,0.2,-0.033172087952719656,-0.033172087952719656
108.2,0.2,0.12179154778472148,0.12179154778472148
108.205,0.2,0.471232448854451,0.471232448854451
108.21,0.2,0.46458036111319523,0.46458036111319523
108.215,0.2,0.38314113284509727,0.38314113284509727
108.22,0.2,0.2984908403789237,0.2984908403789237
108.225,0.2,-0.11070431884864185,-0.11070431884864185
108.23,0.2,-0.07332064808060774,-0.07332064808060774
108.235,0.2,-0.027841438563543465,-0.027841438563543465
108.24,0.2,0.08948210753132793,0.08948210753132793
108.245,0.2,0.4700453757709894,0.4700453757709894
108.25,0.2,0.6698123880757422,0.6698123880757422
108.255,0.2,0.5505154090731703,0.5505154090731703
108.26,0.2,0.04923112947793484,0.04923112947793484
108.265,0.2,-0.1957997184987409,-0.1957997184987409
108.27,0.2,-0.09242528632637052,-0.09242528632637052
108.275,0.2,-0.07588695856751651,-0.07588695856751651
108.28,0.2,0.09930590807701996,0.09930590807701996
108.285,0.2,0.5155633047589039,0.5155633047589039
108.29,0.2,0.5995980519123323,0.5995980519123323
108.295,0.2,0.2314250838959318,0.2314250838959318
108.3,0.2,0.17578761974874918,0.17578761974874918
108.305,0.2,0.020027578920307057,0.020027578920307057
108.31,0.2,-0.28125595058027275,-0.28125595058027275
108.315,0.2,-0.1721588211007935,-0.1721588211007935
108.32,0.2,0.229546858805075,0.229546858805075
108.325,0.2,0.370996241501681,0.370996241501681
108.33,0.2,0.745618595459948,0.745618595459948
108.335,0.2,0.4704258390450823,0.4704258390450823
108.34,0.2,0.3197166598167216,0.3197166598167216
108.345,0.2,0.04341782133436198,0.04341782133436198
108.35,0.2,-0.10982137236919892,-0.10982137236919892
108.355,0.2,-0.12897037409467144,-0.12897037409467144
108.36,0.2,0.052338518978092385,0.052338518978092385
108.365,0.2,0.5299702902203266,0.5299702902203266
108.37,0.2,0.47476331273547906,0.47476331273547906
108.375,0.2,0.4704274939030763,0.4704274939030763
108.38,0.2,0.29675003930539945,0.29675003930539945
108.385,0.2,-0.17438748869142962,-0.17438748869142962
108.39,0.2,-0.08329849479980006,-0.08329849479980006
108.395,0.2,-0.1491675969145853,-0.1491675969145853
108.4,0.2,0.274180100506754,0.274180100506754
108.405,0.2,0.432501527826749,0.432501527826749
108.41,0.2,0.4842338285147204,0.4842338285147204
108.415,0.2,0.49856379728137307,0.49856379728137307
108.42,0.2,0.18149999241911335,0.18149999241911335
108.425,0.2,-0.27729914318570115,-0.27729914318570115
108.43,0.2,0.008404139793767057,0.008404139793767057
108.435,0.2,-0.06343989600680659,-0.06343989600680659
108.44,0.2,0.28173842828682943,0.28173842828682943
108.445,0.2,0.3906242709159846,0.3906242709159846
108.45,0.2,0.4900061259327905,0.4900061259327905
108.455,0.2,0.6042635340334808,0.6042635340334808
108.46,0.2,0.18011626932097963,0.18011626932097963
108.465,0.2,-0.03942565794209395,-0.03942565794209395
108.47,0.2,-0.04533545169120591,-0.04533545169120591
108.475,0.2,0.16277557475255294,0.16277557475255294
108.48,0.2,0.19342945278861745,0.19342945278861745
108.485,0.2,0.27182688211511796,0.27182688211511796
108.49,0.2,0.6168394112650726,0.6168394112650726
108.495,0.2,0.7056873876617177,0.7056873876617177
108.5,0.2,0.18270887019415413,0.18270887019415413
108.505,0.2,-0.146794182948853,-0.146794182948853
108.51,0.2,-0.23338168646916885,-0.23338168646916885
108.515,0.2,0.07595125924421701,0.07595125924421701
108.52,0.2,0.31478431810021124,0.31478431810021124
108.525,0.2,0.6085070200385523,0.6085070200385523
108.53,0.2,0.6223895817889291,0.6223895817889291
108.535,0.2,0.594950520282584,0.594950520282584
108.54,0.2,0.19329415628495375,0.19329415628495375
108.545,0.2,-0.14418019964590434,-0.14418019964590434
108.55,0.2,-0.24301554751110038,-0.24301554751110038
108.555,0.2,-0.06756852070716551,-0.06756852070716551
108.56,0.2,0.21257007652638102,0.21257007652638102
108.565,0.2,0.5037881977705697,0.5037881977705697
108.57,0.2,0.6127775204022611,0.6127775204022611
108.575,0.2,0.4807315232861523,0.4807315232861523
108.58,0.2,0.3890722811108938,0.3890722811108938
108.585,0.2,-0.21587996021599212,-0.21587996021599212
108.59,0.2,-0.1333664462451437,-0.1333664462451437
108.595,0.2,0.0551222186044161,0.0551222186044161
108.6,0.2,0.20087765657452242,0.20087765657452242
108.605,0.2,0.5690005615371208,0.5690005615371208
108.61,0.2,0.5468755249117178,0.5468755249117178
108.615,0.2,0.5279552916804412,0.5279552916804412
108.62,0.2,0.39888756446935725,0.39888756446935725
108.625,0.2,0.06595206253421963,0.06595206253421963
108.63,0.2,-0.2956172988563026,-0.2956172988563026
108.635,0.2,0.02089134083702261,0.02089134083702261
108.64,0.2,0.15498053724670396,0.15498053724670396
108.645,0.2,0.5865241427129253,0.5865241427129253
108.65,0.2,0.6800355445312594,0.6800355445312594
108.655,0.2,0.35108217408795284,0.35108217408795284
108.66,0.2,0.3517060451557488,0.3517060451557488
108.665,0.2,-0.11755147840592658,-0.11755147840592658
108.67,0.2,0.022428148988088675,0.022428148988088675
108.675,0.2,-0.22872336209920685,-0.22872336209920685
108.68,0.2,0.11660252824249387,0.11660252824249387
108.685,0.2,0.6354153423236096,0.6354153423236096
108.69,0.2,0.5828373752949915,0.5828373752949915
108.695,0.2,0.5040878785235409,0.5040878785235409
108.7,0.2,0.20871352660792264,0.20871352660792264
108.705,0.2,-0.040306586543635156,-0.040306586543635156
108.71,0.2,-0.18899956534699616,-0.18899956534699616
108.715,0.2,0.048305687928591676,0.048305687928591676
108.72,0.2,0.15706081977179662,0.15706081977179662
108.725,0.2,0.6755123305348594,0.6755123305348594
108.73,0.2,0.5817178013883766,0.5817178013883766
108.735,0.2,0.6033221250160044,0.6033221250160044
108.74,0.2,0.04344146370949761,0.04344146370949761
108.745,0.2,-0.030326735106475322,-0.030326735106475322
108.75,0.2,0.053046030532509864,0.053046030532509864
108.755,0.2,-0.15732743036612287,-0.15732743036612287
108.76,0.2,0.4226415224000814,0.4226415224000814
108.765,0.2,0.6131888051733878,0.6131888051733878
108.77,0.2,0.48535100198395537,0.48535100198395537
108.775,0.2,0.6344873017724546,0.6344873017724546
108.78,0.2,0.26811003116577237,0.26811003116577237
108.785,0.2,-0.05556565618066046,-0.05556565618066046
108.79,0.2,-0.2116816690598816,-0.2116816690598816
108.795,0.2,0.12357731614696049,0.12357731614696049
108.8,0.2,0.23930942953413986,0.23930942953413986
108.805,0.2,0.47640396601060975,0.47640396601060975
108.81,0.2,0.6341024044038434,0.6341024044038434
108.815,0.2,0.4911437176074103,0.4911437176074103
108.82,0.2,0.16972424330497163,0.16972424330497163
108.825,0.2,0.1600582024765667,0.1600582024765667
108.83,0.2,-0.09730477835697598,-0.09730477835697598
108.835,0.2,-0.05378886205031245,-0.05378886205031245
108.84,0.2,0.17753097455540226,0.17753097455540226
108.845,0.2,0.5558131314113418,0.5558131314113418
108.85,0.2,0.557614795852409,0.557614795852409
108.855,0.2,0.3231003507063934,0.3231003507063934
108.86,0.2,0.203758990003173,0.203758990003173
108.865,0.2,-0.20388468375920954,-0.20388468375920954
108.87,0.2,-0.11081383671291664,-0.11081383671291664
108.875,0.2,-0.12325236028220533,-0.12325236028220533
108.88,0.2,0.24194522394078827,0.24194522394078827
108.885,0.2,0.4724243099681821,0.4724243099681821
108.89,0.2,0.6780015217852567,0.6780015217852567
108.895,0.2,0.4726384095151847,0.4726384095151847
108.9,0.2,0.2722000307028399,0.2722000307028399
108.905,0.2,0.008361185000252375,0.008361185000252375
108.91,0.2,-0.21697612447599696,-0.21697612447599696
108.915,0.2,0.11837126872231765,0.11837126872231765
108.92,0.2,0.24853610956617636,0.24853610956617636
108.925,0.2,0.318701795663367,0.318701795663367
108.93,0.2,0.4681734520137528,0.4681734520137528
108.935,0.2,0.45296186347401907,0.45296186347401907
108.94,0.2,0.2088164700050733,0.2088164700050733
108.945,0.2,-0.06393407311216588,-0.06393407311216588
108.95,0.2,0.056076724059234445,0.056076724059234445
108.955,0.2,-0.09946956425914948,-0.09946956425914948
108.96,0.2,0.14574627758181474,0.14574627758181474
108.965,0.2,0.5744267523060734,0.5744267523060734
108.97,0.2,0.6722197010863304,0.6722197010863304
108.975,0.2,0.5364485091166858,0.5364485091166858
108.98,0.2,0.07776477008676011,0.07776477008676011
108.985,0.2,0.010643537531659586,0.010643537531659586
108.99,0.2,-0.14491890025527995,-0.14491890025527995
108.995,0.2,0.09957602763104226,0.09957602763104226
109.0,0.2,0.16417288334594657,0.16417288334594657
109.005,0.2,0.4297190251958468,0.4297190251958468
109.01,0.2,0.5306778037025691,0.5306778037025691
109.015,0.2,0.3920639625339447,0.3920639625339447
109.02,0.2,0.1383421749734365,0.1383421749734365
109.025,0.2,-0.01555366028973737,-0.01555366028973737
109.03,0.2,-0.16638158995853028,-0.16638158995853028
109.035,0.2,0.07528250772964494,0.07528250772964494
109.04,0.2,0.17492086647389188,0.17492086647389188
109.045,0.2,0.5805504799447548,0.5805504799447548
109.05,0.2,0.652116212013284,0.652116212013284
109.055,0.2,0.49387545020143,0.49387545020143
109.06,0.2,0.15813684862511668,0.15813684862511668
109.065,0.2,0.02457413655299856,0.02457413655299856
109.07,0.2,-0.08454170354138138,-0.08454170354138138
109.075,0.2,0.15995827571010954,0.15995827571010954
109.08,0.2,0.16701198514765853,0.16701198514765853
109.085,0.2,0.46376471583126216,0.46376471583126216
109.09,0.2,0.6332218439075303,0.6332218439075303
109.095,0.2,0.4479069121699461,0.4479069121699461
109.1,0.2,0.23974550983115156,0.23974550983115156
109.105,0.2,0.020559670834644203,0.020559670834644203
109.11,0.2,-0.2433098563947677,-0.2433098563947677
109.115,0.2,0.20461335911131046,0.20461335911131046
109.12,0.2,0.12121206678819621,0.12121206678819621
109.125,0.2,0.4808335694097044,0.4808335694097044
109.13,0.2,0.5128791776591748,0.5128791776591748
109.135,0.2,0.49182533885767654,0.49182533885767654
109.14,0.2,-0.060090940231001894,-0.060090940231001894
109.145,0.2,0.03697129714968871,0.03697129714968871
109.15,0.2,-0.1554882109951196,-0.1554882109951196
109.155,0.2,0.04736263429074658,0.04736263429074658
109.16,0.2,0.19132734361909443,0.19132734361909443
109.165,0.2,0.47844835959840937,0.47844835959840937
109.17,0.2,0.6365473044419716,0.6365473044419716
109.175,0.2,0.511106466467959,0.511106466467959
109.18,0.2,0.2956955939904502,0.2956955939904502
109.185,0.2,0.14520426582768833,0.14520426582768833
109.19,0.2,-0.3518404256634593,-0.3518404256634593
109.195,0.2,-0.07697370797062786,-0.07697370797062786
109.2,0.2,0.11649117329181807,0.11649117329181807
109.205,0.2,0.3382202565605824,0.3382202565605824
109.21,0.2,0.6530204106969666,0.6530204106969666
109.215,0.2,0.42279937114434624,0.42279937114434624
109.22,0.2,0.1819372472061546,0.1819372472061546
109.225,0.2,0.02264457606579301,0.02264457606579301
109.23,0.2,-0.240584498272502,-0.240584498272502
109.235,0.2,-0.00306251696955712,-0.00306251696955712
109.24,0.2,0.41857574720203294,0.41857574720203294
109.245,0.2,0.4428772101235789,0.4428772101235789
109.25,0.2,0.6009496248568649,0.6009496248568649
109.255,0.2,0.4414715029883421,0.4414715029883421
109.26,0.2,0.2358382680583508,0.2358382680583508
109.265,0.2,-0.14550818241347624,-0.14550818241347624
109.27,0.2,-0.2725492415602272,-0.2725492415602272
109.275,0.2,0.0456230758787472,0.0456230758787472
109.28,0.2,0.18532685517054084,0.18532685517054084
109.285,0.2,0.5461770468716387,0.5461770468716387
109.29,0.2,0.6175149343727907,0.6175149343727907
109.295,0.2,0.4249026237526667,0.4249026237526667
109.3,0.2,0.12786549945821207,0.12786549945821207
109.305,0.2,-0.28644673512952573,-0.28644673512952573
109.31,0.2,-0.22122885081731036,-0.22122885081731036
109.315,0.2,-0.15774874947524217,-0.15774874947524217
109.32,0.2,0.3466159171214248,0.3466159171214248
109.325,0.2,0.6837720893053548,0.6837720893053548
109.33,0.2,0.4300805094104994,0.4300805094104994
109.335,0.2,0.46792861311415135,0.46792861311415135
109.34,0.2,0.15323796673572979,0.15323796673572979
109.345,0.2,-0.013117480986155186,-0.013117480986155186
109.35,0.2,-0.18652956396864417,-0.18652956396864417
109.355,0.2,-0.009488212116784144,-0.009488212116784144
109.36,0.2,0.20138147568486237,0.20138147568486237
109.365,0.2,0.5472285194713504,0.5472285194713504
109.37,0.2,0.5078976199878728,0.5078976199878728
109.375,0.2,0.47689203836137956,0.47689203836137956
109.38,0.2,0.1801304478538316,0.1801304478538316
109.385,0.2,-0.06924073338319124,-0.06924073338319124
109.39,0.2,-0.2617808086258899,-0.2617808086258899
109.395,0.2,-0.006610249185398823,-0.006610249185398823
109.4,0.2,0.09259639409652817,0.09259639409652817
109.405,0.2,0.6264122806714465,0.6264122806714465
109.41,0.2,0.483559312643957,0.483559312643957
109.415,0.2,0.5785067940792742,0.5785067940792742
109.42,0.2,0.24814474311307944,0.24814474311307944
109.425,0.2,-0.16371727399027594,-0.16371727399027594
109.43,0.2,-0.16229584557473442,-0.16229584557473442
109.435,0.2,-0.16334841474926381,-0.16334841474926381
109.44,0.2,0.253870497804515,0.253870497804515
109.445,0.2,0.4584399382492761,0.4584399382492761
109.45,0.2,0.6497956492029664,0.6497956492029664
109.455,0.2,0.7068153021850425,0.7068153021850425
109.46,0.2,0.13041242399369166,0.13041242399369166
109.465,0.2,-0.11047700686486336,-0.11047700686486336
109.47,0.2,-0.15640915231117314,-0.15640915231117314
109.475,0.2,-0.11469525422540872,-0.11469525422540872
109.48,0.2,0.2533976517124301,0.2533976517124301
109.485,0.2,0.42837965001300193,0.42837965001300193
109.49,0.2,0.30069339016413166,0.30069339016413166
109.495,0.2,0.5424818444551313,0.5424818444551313
109.5,0.2,0.12019633997240159,0.12019633997240159
109.505,0.2,0.05922635017456021,0.05922635017456021
109.51,0.2,0.013037178825305806,0.013037178825305806
109.515,0.2,-0.011330475501544375,-0.011330475501544375
109.52,0.2,0.22527184491338953,0.22527184491338953
109.525,0.2,0.5144111350959337,0.5144111350959337
109.53,0.2,0.5358160059743426,0.5358160059743426
109.535,0.2,0.41435030829828096,0.41435030829828096
109.54,0.2,0.2922015882277769,0.2922015882277769
109.545,0.2,0.07786709947619948,0.07786709947619948
109.55,0.2,-0.287249304251729,-0.287249304251729
109.555,0.2,0.03907803828154169,0.03907803828154169
109.56,0.2,0.27359824847353714,0.27359824847353714
109.565,0.2,0.3598763235760319,0.3598763235760319
109.57,0.2,0.3353566629642112,0.3353566629642112
109.575,0.2,0.4850636453354787,0.4850636453354787
109.58,0.2,0.18106428507541691,0.18106428507541691
109.585,0.2,-0.133646890668115,-0.133646890668115
109.59,0.2,-0.23370892770541563,-0.23370892770541563
109.595,0.2,0.08057240248616188,0.08057240248616188
109.6,0.2,0.19259857204208786,0.19259857204208786
109.605,0.2,0.5930337165837067,0.5930337165837067
109.61,0.2,0.7053731049086839,0.7053731049086839
109.615,0.2,0.6305925386504518,0.6305925386504518
109.62,0.2,0.19464580935828454,0.19464580935828454
109.625,0.2,0.03770932566035014,0.03770932566035014
109.63,0.2,-0.20146456990008121,-0.20146456990008121
109.635,0.2,0.17471983462272073,0.17471983462272073
109.64,0.2,0.43677577696279923,0.43677577696279923
109.645,0.2,0.3896064777377861,0.3896064777377861
109.65,0.2,0.4658719957340314,0.4658719957340314
109.655,0.2,0.695245703153729,0.695245703153729
109.66,0.2,0.23904139467997626,0.23904139467997626
109.665,0.2,0.036126498525185666,0.036126498525185666
109.67,0.2,-0.07973997868760599,-0.07973997868760599
109.675,0.2,-0.027862630141544137,-0.027862630141544137
109.68,0.2,0.12967809570692326,0.12967809570692326
109.685,0.2,0.6314970406577933,0.6314970406577933
109.69,0.2,0.5430506548773615,0.5430506548773615
109.695,0.2,0.3979311026502984,0.3979311026502984
109.7,0.2,0.33167633110930017,0.33167633110930017
109.705,0.2,-0.03907170122264632,-0.03907170122264632
109.71,0.2,-0.030619912525216397,-0.030619912525216397
109.715,0.2,0.054492504563391206,0.054492504563391206
109.72,0.2,0.3742789143010653,0.3742789143010653
109.725,0.2,0.6155683730410523,0.6155683730410523
109.73,0.2,0.6236111604749102,0.6236111604749102
109.735,0.2,0.44610639369032423,0.44610639369032423
109.74,0.2,0.4255577267793037,0.4255577267793037
109.745,0.2,-0.06873962978028195,-0.06873962978028195
109.75,0.2,-0.20292982594116163,-0.20292982594116163
109.755,0.2,-0.09324651870033163,-0.09324651870033163
109.76,0.2,0.2886311340863866,0.2886311340863866
109.765,0.2,0.4455434161069139,0.4455434161069139
109.77,0.2,0.5794589749880791,0.5794589749880791
109.775,0.2,0.6080645511490209,0.6080645511490209
109.78,0.2,0.20550193456715446,0.20550193456715446
109.785,0.2,-0.02982837979311434,-0.02982837979311434
109.79,0.2,0.04897225470218103,0.04897225470218103
109.795,0.2,-0.08364480544575888,-0.08364480544575888
109.8,0.2,0.24488649022634726,0.24488649022634726
109.805,0.2,0.6949281122780466,0.6949281122780466
109.81,0.2,0.741503152786363,0.741503152786363
109.815,0.2,0.5090799562865911,0.5090799562865911
109.82,0.2,0.3801969490021131,0.3801969490021131
109.825,0.2,-0.016967969460207635,-0.016967969460207635
109.83,0.2,-0.11373668178441397,-0.11373668178441397
109.835,0.2,0.17134813111117014,0.17134813111117014
109.84,0.2,0.365926159781504,0.365926159781504
109.845,0.2,0.6382339736921357,0.6382339736921357
109.85,0.2,0.5906486277728804,0.5906486277728804
109.855,0.2,0.6162823016810143,0.6162823016810143
109.86,0.2,0.12899771313261021,0.12899771313261021
109.865,0.2,0.1588415152231194,0.1588415152231194
109.87,0.2,-0.14768268423357522,-0.14768268423357522
109.875,0.2,0.06993555360532339,0.06993555360532339
109.88,0.2,0.5022136843643059,0.5022136843643059
109.885,0.2,0.6859916134590832,0.6859916134590832
109.89,0.2,0.6772686817296399,0.6772686817296399
109.895,0.2,0.7340922806695594,0.7340922806695594
109.9,0.2,0.39072454041212246,0.39072454041212246
109.905,0.2,-0.07004338140259983,-0.07004338140259983
109.91,0.2,-0.029906771946376295,-0.029906771946376295
109.915,0.2,-0.12744543862643132,-0.12744543862643132
109.92,0.2,0.4023513187775607,0.4023513187775607
109.925,0.2,0.6146215619707894,0.6146215619707894
109.93,0.2,0.8119309601222654,0.8119309601222654
109.935,0.2,0.6117422044689782,0.6117422044689782
109.94,0.2,0.587407687007218,0.587407687007218
109.945,0.2,0.12089486135027451,0.12089486135027451
109.95,0.2,-0.04507747414310533,-0.04507747414310533
109.955,0.2,-0.07648599115403251,-0.07648599115403251
109.96,0.2,0.42018457086434857,0.42018457086434857
109.965,0.2,0.6463389861794264,0.6463389861794264
109.97,0.2,0.9474360287317863,0.9474360287317863
109.975,0.2,0.6378633209481475,0.6378633209481475
109.98,0.2,0.38235409384605584,0.38235409384605584
109.985,0.2,0.3112663944864001,0.3112663944864001
109.99,0.2,0.19257515606337136,0.19257515606337136
109.995,0.2,0.2913065536848054,0.2913065536848054
110.0,0.2,0.584506644867375,0.584506644867375
110.005,0.2,0.7074139249991367,0.7074139249991367
110.01,0.2,0.7810382229192739,0.7810382229192739
110.015,0.2,0.565656558519559,0.565656558519559
110.02,0.2,0.3139763191457304,0.3139763191457304
110.025,0.2,0.07666293358492345,0.07666293358492345
110.03,0.2,-0.002331173181921921,-0.002331173181921921
110.035,0.2,0.17647707339197788,0.17647707339197788
110.04,0.2,0.42801767749196135,0.42801767749196135
110.045,0.2,0.7297783408879372,0.7297783408879372
110.05,0.2,0.9188255929450538,0.9188255929450538
110.055,0.2,0.48530124712230704,0.48530124712230704
110.06,0.2,0.3415580850390642,0.3415580850390642
110.065,0.2,0.017814829900404477,0.017814829900404477
110.07,0.2,-0.004818383021482284,-0.004818383021482284
110.075,0.2,0.04615026716595304,0.04615026716595304
110.08,0.2,0.5414907576553245,0.5414907576553245
110.085,0.2,0.6010566629526727,0.6010566629526727
110.09,0.2,0.6639648143898436,0.6639648143898436
110.095,0.2,0.6977937994338821,0.6977937994338821
110.1,0.2,0.3990741224402641,0.3990741224402641
110.105,0.2,0.11190621448690455,0.11190621448690455
110.11,0.2,-0.04152455475073891,-0.04152455475073891
110.115,0.2,0.1403382059922498,0.1403382059922498
110.12,0.2,0.3332601290865107,0.3332601290865107
110.125,0.2,0.5134045948771065,0.5134045948771065
110.13,0.2,0.6498378222012908,0.6498378222012908
110.135,0.2,0.633450486738006,0.633450486738006
110.14,0.2,0.4505987813621316,0.4505987813621316
110.145,0.2,-0.03717742300301369,-0.03717742300301369
110.15,0.2,0.08884293077430358,0.08884293077430358
110.155,0.2,0.012491294468792852,0.012491294468792852
110.16,0.2,0.31276142517185646,0.31276142517185646
110.165,0.2,0.679201074475823,0.679201074475823
110.17,0.2,0.6797902411445302,0.6797902411445302
110.175,0.2,0.6087230895299199,0.6087230895299199
110.18,0.2,0.33126970996996036,0.33126970996996036
110.185,0.2,0.04194305464145401,0.04194305464145401
110.19,0.2,0.14278817765963037,0.14278817765963037
110.195,0.2,0.26898762781072305,0.26898762781072305
110.2,0.2,0.21679956054022625,0.21679956054022625
110.205,0.2,0.6549453200397009,0.6549453200397009
110.21,0.2,0.5522720942211871,0.5522720942211871
110.215,0.2,0.48581882566945084,0.48581882566945084
110.22,0.2,0.3138710268777129,0.3138710268777129
110.225,0.2,0.11089449543214434,0.11089449543214434
110.23,0.2,-0.11748506830629651,-0.11748506830629651
110.235,0.2,0.10435428804932867,0.10435428804932867
110.24,0.2,0.2579913060693715,0.2579913060693715
110.245,0.2,0.5908839461689176,0.5908839461689176
110.25,0.2,0.5859320606380116,0.5859320606380116
110.255,0.2,0.5958511051179289,0.5958511051179289
110.26,0.2,0.2074141364935824,0.2074141364935824
110.265,0.2,0.03479509390371003,0.03479509390371003
110.27,0.2,-0.27335898314324714,-0.27335898314324714
110.275,0.2,0.22267186308312237,0.22267186308312237
110.28,0.2,0.14963312375019683,0.14963312375019683
110.285,0.2,0.6715238522342333,0.6715238522342333
110.29,0.2,0.6916465308494866,0.6916465308494866
110.295,0.2,0.4073547966658224,0.4073547966658224
110.3,0.2,0.01503171082750046,0.01503171082750046
110.305,0.2,0.10507819828659887,0.10507819828659887
110.31,0.2,-0.15263133815508795,-0.15263133815508795
110.315,0.2,-0.01532470203557336,-0.01532470203557336
110.32,0.2,0.16228722405026502,0.16228722405026502
110.325,0.2,0.45843452186436495,0.45843452186436495
110.33,0.2,0.5515352970827528,0.5515352970827528
110.335,0.2,0.44881891402129787,0.44881891402129787
110.34,0.2,0.3738173801061374,0.3738173801061374
110.345,0.2,-0.31710563532334163,-0.31710563532334163
110.35,0.2,-0.23454574692109104,-0.23454574692109104
110.355,0.2,0.043355546771483566,0.043355546771483566
110.36,0.2,0.21895067137288732,0.21895067137288732
110.365,0.2,0.4411401193317912,0.4411401193317912
110.37,0.2,0.6754558045533974,0.6754558045533974
110.375,0.2,0.5551123967580377,0.5551123967580377
110.38,0.2,0.38862837353535107,0.38862837353535107
110.385,0.2,-0.12426810153706956,-0.12426810153706956
110.39,0.2,-0.2109652733641046,-0.2109652733641046
110.395,0.2,-0.048855124015746904,-0.048855124015746904
110.4,0.2,0.40301119479993264,0.40301119479993264
110.405,0.2,0.38428419273840136,0.38428419273840136
110.41,0.2,0.4835557108983169,0.4835557108983169
110.415,0.2,0.5287597520197582,0.5287597520197582
110.42,0.2,0.1491732367489737,0.1491732367489737
110.425,0.2,0.12636770779886514,0.12636770779886514
110.43,0.2,-0.16110832738444808,-0.16110832738444808
110.435,0.2,0.06563444460925831,0.06563444460925831
110.44,0.2,0.42209595115944476,0.42209595115944476
110.445,0.2,0.6289346230070361,0.6289346230070361
110.45,0.2,0.6943145642880831,0.6943145642880831
110.455,0.2,0.22460205493164093,0.22460205493164093
110.46,0.2,0.29700906152871204,0.29700906152871204
110.465,0.2,-0.13274116018464868,-0.13274116018464868
110.47,0.2,-0.0328119538816016,-0.0328119538816016
110.475,0.2,0.13561542128340334,0.13561542128340334
110.48,0.2,0.23105441897445095,0.23105441897445095
110.485,0.2,0.7140299869243096,0.7140299869243096
110.49,0.2,0.4475477723588598,0.4475477723588598
110.495,0.2,0.5789811036997983,0.5789811036997983
110.5,0.2,0.22431623826445363,0.22431623826445363
110.505,0.2,0.05824625118744525,0.05824625118744525
110.51,0.2,-0.19216074810282469,-0.19216074810282469
110.515,0.2,-0.17797103252698734,-0.17797103252698734
110.52,0.2,0.2364915210079442,0.2364915210079442
110.525,0.2,0.41570614180183135,0.41570614180183135
110.53,0.2,0.47650734150929197,0.47650734150929197
110.535,0.2,0.6314658248215244,0.6314658248215244
110.54,0.2,0.1365318025498471,0.1365318025498471
110.545,0.2,-0.16882523471217561,-0.16882523471217561
110.55,0.2,-0.14738767360084934,-0.14738767360084934
110.555,0.2,0.07494142317448643,0.07494142317448643
110.56,0.2,0.13527034817025696,0.13527034817025696
110.565,0.2,0.3609165472572933,0.3609165472572933
110.57,0.2,0.7833382151382778,0.7833382151382778
110.575,0.2,0.5807691991905053,0.5807691991905053
110.58,0.2,0.3734078298153304,0.3734078298153304
110.585,0.2,-0.03448900383390031,-0.03448900383390031
110.59,0.2,-0.1732903721405287,-0.1732903721405287
110.595,0.2,-0.05209993461971904,-0.05209993461971904
110.6,0.2,0.264077179850199,0.264077179850199
110.605,0.2,0.5747100302404632,0.5747100302404632
110.61,0.2,0.6524914775140407,0.6524914775140407
110.615,0.2,0.6710930624278522,0.6710930624278522
110.62,0.2,0.19835124729172748,0.19835124729172748
110.625,0.2,0.002520189401890593,0.002520189401890593
110.63,0.2,-0.1565656444491907,-0.1565656444491907
110.635,0.2,0.03196535252068169,0.03196535252068169
110.64,0.2,0.21726003055962773,0.21726003055962773
110.645,0.2,0.5457929487171612,0.5457929487171612
110.65,0.2,0.7137046846040485,0.7137046846040485
110.655,0.2,0.24420258230112074,0.24420258230112074
110.66,0.2,0.33611965237230845,0.33611965237230845
110.665,0.2,-0.0949422472672681,-0.0949422472672681
110.67,0.2,-0.034341688970430106,-0.034341688970430106
110.675,0.2,-0.014652169850711801,-0.014652169850711801
110.68,0.2,0.3030674272423898,0.3030674272423898
110.685,0.2,0.4292923086712341,0.4292923086712341
110.69,0.2,0.6758947061640057,0.6758947061640057
110.695,0.2,0.5981745657966053,0.5981745657966053
110.7,0.2,0.376018125045136,0.376018125045136
110.705,0.2,-0.10937935818677869,-0.10937935818677869
110.71,0.2,-0.25622431691102643,-0.25622431691102643
110.715,0.2,0.028229101827788622,0.028229101827788622
110.72,0.2,0.4153789838704117,0.4153789838704117
110.725,0.2,0.6071333557898937,0.6071333557898937
110.73,0.2,0.5339532542511249,0.5339532542511249
110.735,0.2,0.6391956569810947,0.6391956569810947
110.74,0.2,0.3863072485270662,0.3863072485270662
110.745,0.2,-0.07573853624594791,-0.07573853624594791
110.75,0.2,0.005876022528512742,0.005876022528512742
110.755,0.2,0.1955697586416878,0.1955697586416878
110.76,0.2,0.35889969442549363,0.35889969442549363
110.765,0.2,0.3351249930061837,0.3351249930061837
110.77,0.2,0.667770189325591,0.667770189325591
110.775,0.2,0.5550962181655293,0.5550962181655293
110.78,0.2,0.19038263790505477,0.19038263790505477
110.785,0.2,-0.022443714882126146,-0.022443714882126146
110.79,0.2,0.019486843984618613,0.019486843984618613
110.795,0.2,-0.01916471579441141,-0.01916471579441141
110.8,0.2,0.33901908470397935,0.33901908470397935
110.805,0.2,0.5951085438578384,0.5951085438578384
110.81,0.2,0.643090272995041,0.643090272995041
110.815,0.2,0.47593087289165725,0.47593087289165725
110.82,0.2,0.24508349153170594,0.24508349153170594
110.825,0.2,0.07191431597782182,0.07191431597782182
110.83,0.2,-0.03752070117568883,-0.03752070117568883
110.835,0.2,-0.1323048013443305,-0.1323048013443305
110.84,0.2,0.44667681026504447,0.44667681026504447
110.845,0.2,0.4222595970962484,0.4222595970962484
110.85,0.2,0.685713544848118,0.685713544848118
110.855,0.2,0.4294042941470086,0.4294042941470086
110.86,0.2,0.3135313223082656,0.3135313223082656
110.865,0.2,0.053644368812379606,0.053644368812379606
110.87,0.2,-0.3230954911497879,-0.3230954911497879
110.875,0.2,-0.07718611416783423,-0.07718611416783423
110.88,0.2,0.3649686046378945,0.3649686046378945
110.885,0.2,0.6547864237024024,0.6547864237024024
110.89,0.2,0.561079934801758,0.561079934801758
110.895,0.2,0.401305895749144,0.401305895749144
110.9,0.2,0.1959850999270085,0.1959850999270085
110.905,0.2,0.07039750729405958,0.07039750729405958
110.91,0.2,-0.0008650789382610019,-0.0008650789382610019
110.915,0.2,0.026762914996194934,0.026762914996194934
110.92,0.2,0.25014327513998,0.25014327513998
110.925,0.2,0.4334259470345956,0.4334259470345956
110.93,0.2,0.6278034985635093,0.6278034985635093
110.935,0.2,0.3795116268235107,0.3795116268235107
110.94,0.2,0.2926330022105215,0.2926330022105215
110.945,0.2,-0.050529017165760845,-0.050529017165760845
110.95,0.2,-0.028829237513287115,-0.028829237513287115
110.955,0.2,0.17103457417101114,0.17103457417101114
110.96,0.2,0.33364483074182094,0.33364483074182094
110.965,0.2,0.672694393728371,0.672694393728371
110.97,0.2,0.6366601048240919,0.6366601048240919
110.975,0.2,0.3741916228073944,0.3741916228073944
110.98,0.2,0.07226947131364153,0.07226947131364153
110.985,0.2,-0.050963388219563546,-0.050963388219563546
110.99,0.2,-0.05611336721451479,-0.05611336721451479
110.995,0.2,0.09814432950844205,0.09814432950844205
111.0,0.2,0.3867264180396124,0.3867264180396124
111.005,0.2,0.5526460948643535,0.5526460948643535
111.01,0.2,0.6405825121922646,0.6405825121922646
111.015,0.2,0.5314840841476458,0.5314840841476458
111.02,0.2,0.1424114653937822,0.1424114653937822
111.025,0.2,-0.11706984585690244,-0.11706984585690244
111.03,0.2,-0.1921834799717903,-0.1921834799717903
111.035,0.2,-0.033073343009820906,-0.033073343009820906
111.04,0.2,0.23412943878152914,0.23412943878152914
111.045,0.2,0.6551474497953871,0.6551474497953871
111.05,0.2,0.6106723868818695,0.6106723868818695
111.055,0.2,0.5169654612902789,0.5169654612902789
111.06,0.2,0.21647183317324703,0.21647183317324703
111.065,0.2,-0.051522813055725966,-0.051522813055725966
111.07,0.2,-0.2476873451527582,-0.2476873451527582
111.075,0.2,-0.014902915971113862,-0.014902915971113862
111.08,0.2,0.36606432820237594,0.36606432820237594
111.085,0.2,0.8741631591634433,0.8741631591634433
111.09,0.2,0.5868515251418456,0.5868515251418456
111.095,0.2,0.5119933063678225,0.5119933063678225
111.1,0.2,0.3206534845486613,0.3206534845486613
111.105,0.2,-0.09851914883712544,-0.09851914883712544
111.11,0.2,-0.2412357534210493,-0.2412357534210493
111.115,0.2,-0.04610886690904195,-0.04610886690904195
111.12,0.2,0.10117150594919086,0.10117150594919086
111.125,0.2,0.521432191576876,0.521432191576876
111.13,0.2,0.5205368174519787,0.5205368174519787
111.135,0.2,0.37403079743228757,0.37403079743228757
111.14,0.2,0.2201621492213889,0.2201621492213889
111.145,0.2,-0.21420036420595412,-0.21420036420595412
111.15,0.2,-0.15828101989437268,-0.15828101989437268
111.155,0.2,0.06100250980271839,0.06100250980271839
111.16,0.2,0.31892908571227674,0.31892908571227674
111.165,0.2,0.444016684324286,0.444016684324286
111.17,0.2,0.5287696516524899,0.5287696516524899
111.175,0.2,0.32595041165233485,0.32595041165233485
111.18,0.2,0.38710774667281245,0.38710774667281245
111.185,0.2,-0.23090915839404827,-0.23090915839404827
111.19,0.2,-0.1494838962324368,-0.1494838962324368
111.195,0.2,-0.05163428283816809,-0.05163428283816809
111.2,0.2,0.1893271081982596,0.1893271081982596
111.205,0.2,0.4309530186957818,0.4309530186957818
111.21,0.2,0.5741560288797253,0.5741560288797253
111.215,0.2,0.31524333575868313,0.31524333575868313
111.22,0.2,0.30979528494915093,0.30979528494915093
111.225,0.2,0.21520405239181867,0.21520405239181867
111.23,0.2,-0.16678056028845634,-0.16678056028845634
111.235,0.2,-0.07775638744611096,-0.07775638744611096
111.24,0.2,0.24222544182256034,0.24222544182256034
111.245,0.2,0.49853147402488174,0.49853147402488174
111.25,0.2,0.5708910333102576,0.5708910333102576
111.255,0.2,0.5781169607172443,0.5781169607172443
111.26,0.2,0.24532728800055129,0.24532728800055129
111.265,0.2,-0.10864291408395008,-0.10864291408395008
111.27,0.2,0.01310021963668953,0.01310021963668953
111.275,0.2,-0.1295875531610306,-0.1295875531610306
111.28,0.2,0.2099492058777971,0.2099492058777971
111.285,0.2,0.6791762985492382,0.6791762985492382
111.29,0.2,0.8926414790922375,0.8926414790922375
111.295,0.2,0.5829066250468111,0.5829066250468111
111.3,0.2,0.31093965700116916,0.31093965700116916
111.305,0.2,-0.19878025772537788,-0.19878025772537788
111.31,0.2,-0.24353566526445486,-0.24353566526445486
111.315,0.2,-0.17686551071089301,-0.17686551071089301
111.32,0.2,0.3593762699419159,0.3593762699419159
111.325,0.2,0.41150180298102884,0.41150180298102884
111.33,0.2,0.6077301004096011,0.6077301004096011
111.335,0.2,0.3126779420929129,0.3126779420929129
111.34,0.2,0.3321037042986864,0.3321037042986864
111.345,0.2,-0.03472915196522956,-0.03472915196522956
111.35,0.2,-0.00943192481042257,-0.00943192481042257
111.355,0.2,0.0422917097654657,0.0422917097654657
111.36,0.2,0.2517564489842301,0.2517564489842301
111.365,0.2,0.4871859525474031,0.4871859525474031
111.37,0.2,0.543047203363839,0.543047203363839
111.375,0.2,0.5150229490842696,0.5150229490842696
111.38,0.2,0.1020938020287975,0.1020938020287975
111.385,0.2,-0.07751447433572725,-0.07751447433572725
111.39,0.2,-0.10585478999117787,-0.10585478999117787
111.395,0.2,-0.07385327772734224,-0.07385327772734224
111.4,0.2,0.30937735286713974,0.30937735286713974
111.405,0.2,0.38803852339627265,0.38803852339627265
111.41,0.2,0.6285558071548812,0.6285558071548812
111.415,0.2,0.611375051983178,0.611375051983178
111.42,0.2,0.13035699447887322,0.13035699447887322
111.425,0.2,-0.11958444459151087,-0.11958444459151087
111.43,0.2,-0.03299278053496936,-0.03299278053496936
111.435,0.2,0.09070636304440181,0.09070636304440181
111.44,0.2,0.1962083773086531,0.1962083773086531
111.445,0.2,0.6739649586885904,0.6739649586885904
111.45,0.2,0.5156863188598977,0.5156863188598977
111.455,0.2,0.3754066440882883,0.3754066440882883
111.46,0.2,-0.0010366105337509257,-0.0010366105337509257
111.465,0.2,-0.19048937590708437,-0.19048937590708437
111.47,0.2,-0.19114502288212806,-0.19114502288212806
111.475,0.2,0.06299305831123211,0.06299305831123211
111.48,0.2,0.2710349503069907,0.2710349503069907
111.485,0.2,0.48955837861983253,0.48955837861983253
111.49,0.2,0.5460126478214792,0.5460126478214792
111.495,0.2,0.5581503334296827,0.5581503334296827
111.5,0.2,0.30114969329719177,0.30114969329719177
111.505,0.2,0.06575548071938211,0.06575548071938211
111.51,0.2,-0.15712708591629088,-0.15712708591629088
111.515,0.2,-0.04093360745441061,-0.04093360745441061
111.52,0.2,0.09308824759966516,0.09308824759966516
111.525,0.2,0.7324602975334528,0.7324602975334528
111.53,0.2,0.5885611307980038,0.5885611307980038
111.535,0.2,0.675214198827535,0.675214198827535
111.54,0.2,0.24908582426086756,0.24908582426086756
111.545,0.2,-0.07182247307441501,-0.07182247307441501
111.55,0.2,-0.1664086843424129,-0.1664086843424129
111.555,0.2,-0.032240690855773406,-0.032240690855773406
111.56,0.2,0.4025115186047473,0.4025115186047473
111.565,0.2,0.3576653800936932,0.3576653800936932
111.57,0.2,0.49632378945871347,0.49632378945871347
111.575,0.2,0.5241854178323233,0.5241854178323233
111.58,0.2,0.02555897233169452,0.02555897233169452
111.585,0.2,0.02427862750789074,0.02427862750789074
111.59,0.2,-0.15472053266620245,-0.15472053266620245
111.595,0.2,-0.08665245330622853,-0.08665245330622853
111.6,0.2,0.29161538508400425,0.29161538508400425
111.605,0.2,0.36567418070387625,0.36567418070387625
111.61,0.2,0.50198999836766,0.50198999836766
111.615,0.2,0.5750074534031524,0.5750074534031524
111.62,0.2,-0.07071745151887396,-0.07071745151887396
111.625,0.2,-0.1713408926346664,-0.1713408926346664
111.63,0.2,-0.16486918595037775,-0.16486918595037775
111.635,0.2,-0.049823609552189535,-0.049823609552189535
111.64,0.2,0.16864027367242113,0.16864027367242113
111.645,0.2,0.45102100455439176,0.45102100455439176
111.65,0.2,0.65901359134164,0.65901359134164
111.655,0.2,0.2364771589950863,0.2364771589950863
111.66,0.2,0.2359156358757461,0.2359156358757461
111.665,0.2,0.00893514079638677,0.00893514079638677
111.67,0.2,-0.22974807914063072,-0.22974807914063072
111.675,0.2,0.13283317872784953,0.13283317872784953
111.68,0.2,0.13274776166780966,0.13274776166780966
111.685,0.2,0.38069748071651,0.38069748071651
111.69,0.2,0.6614527432916569,0.6614527432916569
111.695,0.2,0.4196706913071153,0.4196706913071153
111.7,0.2,-0.042005618913691006,-0.042005618913691006
111.705,0.2,-0.009372431291404706,-0.009372431291404706
111.71,0.2,-0.1349148141344509,-0.1349148141344509
111.715,0.2,-0.03093330221560569,-0.03093330221560569
111.72,0.2,0.29919813493119296,0.29919813493119296
111.725,0.2,0.45589232171122945,0.45589232171122945
111.73,0.2,0.6454823332426195,0.6454823332426195
111.735,0.2,0.6097088229922293,0.6097088229922293
111.74,0.2,0.29531776821435146,0.29531776821435146
111.745,0.2,-0.0033794012167960435,-0.0033794012167960435
111.75,0.2,-0.23241099909793056,-0.23241099909793056
111.755,0.2,0.09112480847876785,0.09112480847876785
111.76,0.2,0.32776119674279247,0.32776119674279247
111.765,0.2,0.3500662432107393,0.3500662432107393
111.77,0.2,0.5738403528434327,0.5738403528434327
111.775,0.2,0.4745174039261144,0.4745174039261144
111.78,0.2,0.2454123934010521,0.2454123934010521
111.785,0.2,0.09262772195321065,0.09262772195321065
111.79,0.2,-0.024899215131119534,-0.024899215131119534
111.795,0.2,-0.024168976237974607,-0.024168976237974607
111.8,0.2,0.13143292827961336,0.13143292827961336
111.805,0.2,0.4016342523850247,0.4016342523850247
111.81,0.2,0.5333353683694386,0.5333353683694386
111.815,0.2,0.46325023045858044,0.46325023045858044
111.82,0.2,0.22305260751227832,0.22305260751227832
111.825,0.2,-0.14842506876406486,-0.14842506876406486
111.83,0.2,-0.2603676021747978,-0.2603676021747978
111.835,0.2,-0.023261799033809524,-0.023261799033809524
111.84,0.2,0.2975402322369354,0.2975402322369354
111.845,0.2,0.37651515818880127,0.37651515818880127
111.85,0.2,0.5886867491675385,0.5886867491675385
111.855,0.2,0.4759909159807368,0.4759909159807368
111.86,0.2,0.17568598227530546,0.17568598227530546
111.865,0.2,0.04856375182895617,0.04856375182895617
111.87,0.2,-0.303906265246627,-0.303906265246627
111.875,0.2,-0.03444824181245372,-0.03444824181245372
111.88,0.2,0.3304404783894889,0.3304404783894889
111.885,0.2,0.49657317875470347,0.49657317875470347
111.89,0.2,0.5894021747241887,0.5894021747241887
111.895,0.2,0.620839064366021,0.620839064366021
111.9,0.2,0.19796752311918203,0.19796752311918203
111.905,0.2,-0.00577763277074253,-0.00577763277074253
111.91,0.2,-0.11105180530000014,-0.11105180530000014
111.915,0.2,-0.0663788833866038,-0.0663788833866038
111.92,0.2,0.1889950308674149,0.1889950308674149
111.925,0.2,0.5921657496799451,0.5921657496799451
111.93,0.2,0.6391068027487311,0.6391068027487311
111.935,0.2,0.29967787610332297,0.29967787610332297
111.94,0.2,0.1398603806793518,0.1398603806793518
111.945,0.2,-0.13594495189510797,-0.13594495189510797
111.95,0.2,-0.21821005677700814,-0.21821005677700814
111.955,0.2,-0.1167566171085492,-0.1167566171085492
111.96,0.2,0.18376773978561617,0.18376773978561617
111.965,0.2,0.507633868766524,0.507633868766524
111.97,0.2,0.694684603569066,0.694684603569066
111.975,0.2,0.32478382739979517,0.32478382739979517
111.98,0.2,0.08176419353744248,0.08176419353744248
111.985,0.2,-0.2127148766041701,-0.2127148766041701
111.99,0.2,-0.2715385901343114,-0.2715385901343114
111.995,0.2,-0.0369815840047447,-0.0369815840047447
112.0,0.2,0.3009803603751372,0.3009803603751372
112.005,0.2,0.3342898765401255,0.3342898765401255
112.01,0.2,0.5470643449624536,0.5470643449624536
112.015,0.2,0.40242631586332756,0.40242631586332756
112.02,0.2,0.11059201715964233,0.11059201715964233
112.025,0.2,0.011510104787175734,0.011510104787175734
112.03,0.2,-0.2351486147096621,-0.2351486147096621
112.035,0.2,-0.0013703572018587962,-0.0013703572018587962
112.04,0.2,0.4193967559673575,0.4193967559673575
112.045,0.2,0.4261249179050659,0.4261249179050659
112.05,0.2,0.48032077547284446,0.48032077547284446
112.055,0.2,0.307983330090975,0.307983330090975
112.06,0.2,0.15250781676706351,0.15250781676706351
112.065,0.2,-0.034394992283131226,-0.034394992283131226
112.07,0.2,-0.04561160271745365,-0.04561160271745365
112.075,0.2,-0.009915373411071272,-0.009915373411071272
112.08,0.2,0.25515717022135687,0.25515717022135687
112.085,0.2,0.5122097351206953,0.5122097351206953
112.09,0.2,0.5650501494893633,0.5650501494893633
112.095,0.2,0.4164668478081369,0.4164668478081369
112.1,0.2,0.312525668502709,0.312525668502709
112.105,0.2,-0.26757382896642334,-0.26757382896642334
112.11,0.2,-0.15450563348554647,-0.15450563348554647
112.115,0.2,-0.17767949565598745,-0.17767949565598745
112.12,0.2,0.053396723131141466,0.053396723131141466
112.125,0.2,0.45229762254418027,0.45229762254418027
112.13,0.2,0.6554587515242338,0.6554587515242338
112.135,0.2,0.33585832762723544,0.33585832762723544
112.14,0.2,0.05739908131009161,0.05739908131009161
112.145,0.2,-0.047998399587858016,-0.047998399587858016
112.15,0.2,-0.026771692843399586,-0.026771692843399586
112.155,-0.2,-0.046853394292425465,-0.046853394292425465
112.16,-0.2,0.21682382106818296,0.21682382106818296
112.165,-0.2,0.45479756009472727,0.45479756009472727
112.17,-0.2,0.5215264897444952,0.5215264897444952
112.175,-0.2,0.41565688367186376,0.41565688367186376
112.18,-0.2,0.11016969458969302,0.11016969458969302
112.185,-0.2,-0.08260944357221028,-0.08260944357221028
112.19,-0.2,-0.011272192647094281,-0.011272192647094281
112.195,-0.2,-0.08707342665384013,-0.08707342665384013
112.2,-0.2,0.2673183707082442,0.2673183707082442
112.205,-0.2,0.5185829341941434,0.5185829341941434
112.21,-0.2,0.4793788835965938,0.4793788835965938
112.215,-0.2,0.2515342444364925,0.2515342444364925
112.22,-0.2,0.21532170268061557,0.21532170268061557
112.225,-0.2,-0.2243249773304768,-0.2243249773304768
112.23,-0.2,-0.402549911707734,-0.402549911707734
112.235,-0.2,0.08030821267232627,0.08030821267232627
112.24,-0.2,0.34110688989487725,0.34110688989487725
112.245,-0.2,0.4918271759455959,0.4918271759455959
112.25,-0.2,0.5087900249834058,0.5087900249834058
112.255,-0.2,0.48372389522104936,0.48372389522104936
112.26,-0.2,0.20100064457673353,0.20100064457673353
112.265,-0.2,-0.06964507436688369,-0.06964507436688369
112.27,-0.2,-0.21686416232847405,-0.21686416232847405
112.275,-0.2,0.15093948516803593,0.15093948516803593
112.28,-0.2,0.06774514590864922,0.06774514590864922
112.285,-0.2,0.6124384603171992,0.6124384603171992
112.29,-0.2,0.5999947257709791,0.5999947257709791
112.295,-0.2,0.5361171199767395,0.5361171199767395
112.3,-0.2,0.18631597306615802,0.18631597306615802
112.305,-0.2,0.04102344958691799,0.04102344958691799
112.31,-0.2,-0.045817470663232246,-0.045817470663232246
112.315,-0.2,0.09209516061641929,0.09209516061641929
112.32,-0.2,0.3164959520349293,0.3164959520349293
112.325,-0.2,0.38873768333173747,0.38873768333173747
112.33,-0.2,0.5905081104983119,0.5905081104983119
112.335,-0.2,0.38457773659605576,0.38457773659605576
112.34,-0.2,0.16232908378369232,0.16232908378369232
112.345,-0.2,-0.07091809586249612,-0.07091809586249612
112.35,-0.2,-0.06887021555303896,-0.06887021555303896
112.355,-0.2,-0.09134223824019078,-0.09134223824019078
112.36,-0.2,0.40178566228159307,0.40178566228159307
112.365,-0.2,0.4237073328731759,0.4237073328731759
112.37,-0.2,0.688554833155608,0.688554833155608
112.375,-0.2,0.44385862111708657,0.44385862111708657
112.38,-0.2,0.3028126545956862,0.3028126545956862
112.385,-0.2,-0.062172768474171664,-0.062172768474171664
112.39,-0.2,-0.08028972558825184,-0.08028972558825184
112.395,-0.2,0.01214178071208629,0.01214178071208629
112.4,-0.2,0.16857044772490629,0.16857044772490629
112.405,-0.2,0.5974651635862673,0.5974651635862673
112.41,-0.2,0.5769297504067391,0.5769297504067391
112.415,-0.2,0.6025430696534008,0.6025430696534008
112.42,-0.2,0.2559631274016583,0.2559631274016583
112.425,-0.2,-0.14832388855377357,-0.14832388855377357
112.43,-0.2,-0.29280951687782364,-0.29280951687782364
112.435,-0.2,-0.10455114060845186,-0.10455114060845186
112.44,-0.2,0.28763146774062315,0.28763146774062315
112.445,-0.2,0.5973920221729206,0.5973920221729206
112.45,-0.2,0.7514065508642328,0.7514065508642328
112.455,-0.2,0.516279313884215,0.516279313884215
112.46,-0.2,0.011926279937221895,0.011926279937221895
112.465,-0.2,-0.22527597155864593,-0.22527597155864593
112.47,-0.2,-0.10700467468369694,-0.10700467468369694
112.475,-0.2,-0.23477850935499464,-0.23477850935499464
112.48,-0.2,0.38815823951233563,0.38815823951233563
112.485,-0.2,0.6711681419682278,0.6711681419682278
112.49,-0.2,0.6215069916960996,0.6215069916960996
112.495,-0.2,0.3900344666605974,0.3900344666605974
112.5,-0.2,0.3138166364098779,0.3138166364098779
112.505,-0.2,0.03654125309611787,0.03654125309611787
112.51,-0.2,-0.07664481686161186,-0.07664481686161186
112.515,-0.2,0.08423522401954725,0.08423522401954725
112.52,-0.2,0.06758831985170632,0.06758831985170632
112.525,-0.2,0.45345590322864493,0.45345590322864493
112.53,-0.2,0.6135910594601861,0.6135910594601861
112.535,-0.2,0.3695317350396433,0.3695317350396433
112.54,-0.2,0.32503758959414514,0.32503758959414514
112.545,-0.2,0.06448428508791433,0.06448428508791433
112.55,-0.2,-0.3235757105635283,-0.3235757105635283
112.555,-0.2,0.000464942611305183,0.000464942611305183
112.56,-0.2,0.15857965924902728,0.15857965924902728
112.565,-0.2,0.32094358715088495,0.32094358715088495
112.57,-0.2,0.4548383123303956,0.4548383123303956
112.575,-0.2,0.3549538570645251,0.3549538570645251
112.58,-0.2,0.18487772351781243,0.18487772351781243
112.585,-0.2,0.0463143073206982,0.0463143073206982
112.59,-0.2,-0.03982689953880403,-0.03982689953880403
112.595,-0.2,0.16371876443872158,0.16371876443872158
112.6,-0.2,0.19911270385068405,0.19911270385068405
112.605,-0.2,0.5127494500918405,0.5127494500918405
112.61,-0.2,0.42899377778538594,0.42899377778538594
112.615,-0.2,0.5762917599425788,0.5762917599425788
112.62,-0.2,0.017409764259561672,0.017409764259561672
112.625,-0.2,0.15157159987527064,0.15157159987527064
112.63,-0.2,-0.1723880695125948,-0.1723880695125948
112.635,-0.2,0.06228685383705758,0.06228685383705758
112.64,-0.2,0.32666683395892293,0.32666683395892293
112.645,-0.2,0.41599664162553696,0.41599664162553696
112.65,-0.2,0.5823772443755518,0.5823772443755518
112.655,-0.2,0.3368881985176896,0.3368881985176896
112.66,-0.2,-0.006740954419115985,-0.006740954419115985
112.665,-0.2,0.059368660802994466,0.059368660802994466
112.67,-0.2,-0.27149127038435084,-0.27149127038435084
112.675,-0.2,-0.029583999733999,-0.029583999733999
112.68,-0.2,0.3987500101197184,0.3987500101197184
112.685,-0.2,0.5742529562306125,0.5742529562306125
112.69,-0.2,0.5676264299141597,0.5676264299141597
112.695,-0.2,0.44689781888012625,0.44689781888012625
112.7,-0.2,0.11082606586676436,0.11082606586676436
112.705,-0.2,-0.011324224647656506,-0.011324224647656506
112.71,-0.2,-0.2816629661654202,-0.2816629661654202
112.715,-0.2,-0.04868482945275711,-0.04868482945275711
112.72,-0.2,0.15986429345079056,0.15986429345079056
112.725,-0.2,0.5909700760566333,0.5909700760566333
112.73,-0.2,0.45534127373349464,0.45534127373349464
112.735,-0.2,0.3968191070797997,0.3968191070797997
112.74,-0.2,0.11626203453490395,0.11626203453490395
112.745,-0.2,0.1044161372980199,0.1044161372980199
112.75,-0.2,-0.13101335210047824,-0.13101335210047824
112.755,-0.2,-0.1302656615990872,-0.1302656615990872
112.76,-0.2,0.3504518763857235,0.3504518763857235
112.765,-0.2,0.38149442515717624,0.38149442515717624
112.77,-0.2,0.5316290729542806,0.5316290729542806
112.775,-0.2,0.5243131046710766,0.5243131046710766
112.78,-0.2,0.1677779296158062,0.1677779296158062
112.785,-0.2,-0.10760059420500033,-0.10760059420500033
112.79,-0.2,-0.10777661884421402,-0.10777661884421402
112.795,-0.2,-0.04020498847495554,-0.04020498847495554
112.8,-0.2,0.2596954366407826,0.2596954366407826
112.805,-0.2,0.4078816307672539,0.4078816307672539
112.81,-0.2,0.6890950813009775,0.6890950813009775
112.815,-0.2,0.2962569955541602,0.2962569955541602
112.82,-0.2,0.2883881826754793,0.2883881826754793
112.825,-0.2,-0.034493874111899414,-0.034493874111899414
112.83,-0.2,-0.16669941101233132,-0.16669941101233132
112.835,-0.2,-0.10403146841264993,-0.10403146841264993
112.84,-0.2,0.32506531710797304,0.32506531710797304
112.845,-0.2,0.3789231989947481,0.3789231989947481
112.85,-0.2,0.6222294511422956,0.6222294511422956
112.855,-0.2,0.510196025232466,0.510196025232466
112.86,-0.2,0.09874665424392705,0.09874665424392705
112.865,-0.2,-0.011444908534516532,-0.011444908534516532
112.87,-0.2,-0.3278940731402227,-0.3278940731402227
112.875,-0.2,-0.03070466179930459,-0.03070466179930459
112.88,-0.2,0.23344210128882018,0.23344210128882018
112.885,-0.2,0.5117910507535351,0.5117910507535351
112.89,-0.2,0.7045607904790545,0.7045607904790545
112.895,-0.2,0.4136232154094767,0.4136232154094767
112.9,-0.2,0.3697241706308644,0.3697241706308644
112.905,-0.2,-0.10782730567347551,-0.10782730567347551
112.91,-0.2,-0.20889770092055004,-0.20889770092055004
112.915,-0.2,-0.1345879281040442,-0.1345879281040442
112.92,-0.2,0.35045397446718085,0.35045397446718085
112.925,-0.2,0.49786419375872165,0.49786419375872165
112.93,-0.2,0.5189241043244888,0.5189241043244888
112.935,-0.2,0.4554519333762851,0.4554519333762851
112.94,-0.2,0.16747974618354833,0.16747974618354833
112.945,-0.2,0.043450061982775554,0.043450061982775554
112.95,-0.2,-0.06278332237703807,-0.06278332237703807
112.955,-0.2,-0.05970544741622212,-0.05970544741622212
112.96,-0.2,0.2140715539569719,0.2140715539569719
112.965,-0.2,0.524043272817147,0.524043272817147
112.97,-0.2,0.6386319067704637,0.6386319067704637
112.975,-0.2,0.5376930838780937,0.5376930838780937
112.98,-0.2,0.26265356287304886,0.26265356287304886
112.985,-0.2,0.0088829157233292,0.0088829157233292
112.99,-0.2,-0.068802689887052,-0.068802689887052
112.995,-0.2,-0.041037264708047555,-0.041037264708047555
113.0,-0.2,0.20928678340085394,0.20928678340085394
113.005,-0.2,0.6487042775874741,0.6487042775874741
113.01,-0.2,0.6237334701595404,0.6237334701595404
113.015,-0.2,0.3969937937327548,0.3969937937327548
113.02,-0.2,0.18392786340808903,0.18392786340808903
113.025,-0.2,0.11075071665440342,0.11075071665440342
113.03,-0.2,-0.30721382036606637,-0.30721382036606637
113.035,-0.2,-0.0036575852657225565,-0.0036575852657225565
113.04,-0.2,0.13048554764610548,0.13048554764610548
113.045,-0.2,0.5083302421932694,0.5083302421932694
113.05,-0.2,0.38212674896371057,0.38212674896371057
113.055,-0.2,0.30412264248438625,0.30412264248438625
113.06,-0.2,0.32806652929743885,0.32806652929743885
113.065,-0.2,0.18462100875065732,0.18462100875065732
113.07,-0.2,-0.03241901545798803,-0.03241901545798803
113.075,-0.2,-0.017667327860202364,-0.017667327860202364
113.08,-0.2,0.26996311114303767,0.26996311114303767
113.085,-0.2,0.37191411249953477,0.37191411249953477
113.09,-0.2,0.6078921966030264,0.6078921966030264
113.095,-0.2,0.3579881231684716,0.3579881231684716
113.1,-0.2,0.19487874617979395,0.19487874617979395
113.105,-0.2,0.023397531342705974,0.023397531342705974
113.11,-0.2,0.05301957737910387,0.05301957737910387
113.115,-0.2,0.030665643513749286,0.030665643513749286
113.12,-0.2,0.10969645545843065,0.10969645545843065
113.125,-0.2,0.40554485137497415,0.40554485137497415
113.13,-0.2,0.5671365494905591,0.5671365494905591
113.135,-0.2,0.48511016901008003,0.48511016901008003
113.14,-0.2,0.08481237051286934,0.08481237051286934
113.145,-0.2,0.0973333291773841,0.0973333291773841
113.15,-0.2,-0.26694575950088184,-0.26694575950088184
113.155,-0.2,0.05468880151768263,0.05468880151768263
113.16,-0.2,0.20140713504327853,0.20140713504327853
113.165,-0.2,0.41879583054221986,0.41879583054221986
113.17,-0.2,0.6075887532069321,0.6075887532069321
113.175,-0.2,0.42572226776070005,0.42572226776070005
113.18,-0.2,0.22486561293461438,0.22486561293461438
113.185,-0.2,-0.1625393784877389,-0.1625393784877389
113.19,-0.2,-0.1706592054211324,-0.1706592054211324
113.195,-0.2,0.010513987350418759,0.010513987350418759
113.2,-0.2,0.15149217901192377,0.15149217901192377
113.205,-0.2,0.3922223855182889,0.3922223855182889
113.21,-0.2,0.6838867170661107,0.6838867170661107
113.215,-0.2,0.5343320431669855,0.5343320431669855
113.22,-0.2,0.19493449881813132,0.19493449881813132
113.225,-0.2,-0.17416581504216677,-0.17416581504216677
113.23,-0.2,-0.34711233121656315,-0.34711233121656315
113.235,-0.2,0.18086577572301807,0.18086577572301807
113.24,-0.2,0.2984561958653417,0.2984561958653417
113.245,-0.2,0.35523267833076466,0.35523267833076466
113.25,-0.2,0.6718604277541348,0.6718604277541348
113.255,-0.2,0.5803549698592605,0.5803549698592605
113.26,-0.2,0.26536363267533625,0.26536363267533625
113.265,-0.2,-0.0442576739465792,-0.0442576739465792
113.27,-0.2,-0.0872128961077646,-0.0872128961077646
113.275,-0.2,0.08250703588504603,0.08250703588504603
113.28,-0.2,0.19768285403886554,0.19768285403886554
113.285,-0.2,0.5816143881112278,0.5816143881112278
113.29,-0.2,0.6722316582776099,0.6722316582776099
113.295,-0.2,0.5689705367601025,0.5689705367601025
113.3,-0.2,0.1685835871582466,0.1685835871582466
113.305,-0.2,-0.013297627541616555,-0.013297627541616555
113.31,-0.2,0.053392052139663165,0.053392052139663165
113.315,-0.2,0.0912387793888414,0.0912387793888414
113.32,-0.2,0.43070865462765967,0.43070865462765967
113.325,-0.2,0.48803600721233426,0.48803600721233426
113.33,-0.2,0.6079192958989955,0.6079192958989955
113.335,-0.2,0.4920196396188509,0.4920196396188509
113.34,-0.2,0.26600071314248863,0.26600071314248863
113.345,-0.2,0.029402570394379546,0.029402570394379546
113.35,-0.2,0.029153696249299255,0.029153696249299255
113.355,-0.2,-0.06858459518228734,-0.06858459518228734
113.36,-0.2,0.22282532505340735,0.22282532505340735
113.365,-0.2,0.5283221369416673,0.5283221369416673
113.37,-0.2,0.6348386281536983,0.6348386281536983
113.375,-0.2,0.7049787768938282,0.7049787768938282
113.38,-0.2,0.06719354716606829,0.06719354716606829
113.385,-0.2,-0.0924465842335706,-0.0924465842335706
113.39,-0.2,-0.14690053579594495,-0.14690053579594495
113.395,-0.2,-0.045972553024225864,-0.045972553024225864
113.4,-0.2,0.16468948991624183,0.16468948991624183
113.405,-0.2,0.5612019826214769,0.5612019826214769
113.41,-0.2,0.7123283389579711,0.7123283389579711
113.415,-0.2,0.6288358870978059,0.6288358870978059
113.42,-0.2,0.015555305513073409,0.015555305513073409
113.425,-0.2,-0.029826742671296085,-0.029826742671296085
113.43,-0.2,-0.20339849180783165,-0.20339849180783165
113.435,-0.2,0.0317332438235446,0.0317332438235446
113.44,-0.2,0.1167487880093342,0.1167487880093342
113.445,-0.2,0.5995260176263835,0.5995260176263835
113.45,-0.2,0.7497306460705754,0.7497306460705754
113.455,-0.2,0.4230682951043864,0.4230682951043864
113.46,-0.2,0.17291157882968147,0.17291157882968147
113.465,-0.2,0.031295144205606765,0.031295144205606765
113.47,-0.2,0.004883599001589994,0.004883599001589994
113.475,-0.2,0.07967326663565567,0.07967326663565567
113.48,-0.2,0.09619360885475423,0.09619360885475423
113.485,-0.2,0.5332062140310599,0.5332062140310599
113.49,-0.2,0.6547009644166533,0.6547009644166533
113.495,-0.2,0.17024672447136502,0.17024672447136502
113.5,-0.2,0.18147848450089119,0.18147848450089119
113.505,-0.2,0.018474992189840583,0.018474992189840583
113.51,-0.2,-0.336363688493709,-0.336363688493709
113.515,-0.2,0.1627350870036723,0.1627350870036723
113.52,-0.2,0.3050150202316402,0.3050150202316402
113.525,-0.2,0.6078751334873388,0.6078751334873388
113.53,-0.2,0.3449291356559375,0.3449291356559375
113.535,-0.2,0.2451339859701362,0.2451339859701362
113.54,-0.2,0.20446113501512836,0.20446113501512836
113.545,-0.2,-0.05525667901620396,-0.05525667901620396
113.55,-0.2,-0.2632648023868901,-0.2632648023868901
113.555,-0.2,0.032342958390696896,0.032342958390696896
113.56,-0.2,0.2782852231469474,0.2782852231469474
113.565,-0.2,0.6431460567367931,0.6431460567367931
113.57,-0.2,0.630834333982733,0.630834333982733
113.575,-0.2,0.39885753562575177,0.39885753562575177
113.58,-0.2,0.2201211148630598,0.2201211148630598
113.585,-0.2,-0.13984691546164632,-0.13984691546164632
113.59,-0.2,-0.11929340460608506,-0.11929340460608506
113.595,-0.2,-0.09288821647537607,-0.09288821647537607
113.6,-0.2,0.2217090920870603,0.2217090920870603
113.605,-0.2,0.470920798699891,0.470920798699891
113.61,-0.2,0.6666275609696032,0.6666275609696032
113.615,-0.2,0.20952079358953377,0.20952079358953377
113.62,-0.2,0.08935891870272701,0.08935891870272701
113.625,-0.2,-0.0637951184152609,-0.0637951184152609
113.63,-0.2,-0.1023007714167289,-0.1023007714167289
113.635,-0.2,-0.07955045937407065,-0.07955045937407065
113.64,-0.2,0.36418234754303563,0.36418234754303563
113.645,-0.2,0.4708338269769835,0.4708338269769835
113.65,-0.2,0.5800050861559064,0.5800050861559064
113.655,-0.2,0.374911918085798,0.374911918085798
113.66,-0.2,0.12783413391892212,0.12783413391892212
113.665,-0.2,-0.07396666882263409,-0.07396666882263409
113.67,-0.2,-0.3150389537839524,-0.3150389537839524
113.675,-0.2,-0.13526336333470168,-0.13526336333470168
113.68,-0.2,0.22378847696481208,0.22378847696481208
113.685,-0.2,0.49407318703219205,0.49407318703219205
113.69,-0.2,0.5501354231501241,0.5501354231501241
113.695,-0.2,0.5706656087430119,0.5706656087430119
113.7,-0.2,0.2635855877396658,0.2635855877396658
113.705,-0.2,-0.1417996560102313,-0.1417996560102313
113.71,-0.2,-0.16476496965893236,-0.16476496965893236
113.715,-0.2,-0.05607019521732584,-0.05607019521732584
113.72,-0.2,0.15955096176274602,0.15955096176274602
113.725,-0.2,0.4998688041251874,0.4998688041251874
113.73,-0.2,0.4805737428067234,0.4805737428067234
113.735,-0.2,0.5570011180558375,0.5570011180558375
113.74,-0.2,0.14310190724222396,0.14310190724222396
113.745,-0.2,0.023782746686995593,0.023782746686995593
113.75,-0.2,-0.03405345559661946,-0.03405345559661946
113.755,-0.2,-0.07158381905366884,-0.07158381905366884
113.76,-0.2,0.10033612266388363,0.10033612266388363
113.765,-0.2,0.5261451850174077,0.5261451850174077
113.77,-0.2,0.7148946424732336,0.7148946424732336
113.775,-0.2,0.3748958166518985,0.3748958166518985
113.78,-0.2,0.30373100358455263,0.30373100358455263
113.785,-0.2,-0.17905652258389143,-0.17905652258389143
113.79,-0.2,-0.14178161504404227,-0.14178161504404227
113.795,-0.2,-0.2527592121654878,-0.2527592121654878
113.8,-0.2,0.29036366003737424,0.29036366003737424
113.805,-0.2,0.4318686901870413,0.4318686901870413
113.81,-0.2,0.5509860938635711,0.5509860938635711
113.815,-0.2,0.23041131881014087,0.23041131881014087
113.82,-0.2,0.1565886947099629,0.1565886947099629
113.825,-0.2,0.04388136451552617,0.04388136451552617
113.83,-0.2,-0.09666381354866377,-0.09666381354866377
113.835,-0.2,-0.11497048746163185,-0.11497048746163185
113.84,-0.2,0.14854839360714633,0.14854839360714633
113.845,-0.2,0.43758566370343743,0.43758566370343743
113.85,-0.2,0.5424771105606978,0.5424771105606978
113.855,-0.2,0.3468325504137185,0.3468325504137185
113.86,-0.2,0.1220396133049906,0.1220396133049906
113.865,-0.2,-0.0879592733421036,-0.0879592733421036
113.87,-0.2,-0.17831278352526936,-0.17831278352526936
113.875,-0.2,-0.2014530084318905,-0.2014530084318905
113.88,-0.2,0.15028455238054983,0.15028455238054983
113.885,-0.2,0.3172990126758623,0.3172990126758623
113.89,-0.2,0.3729438912042177,0.3729438912042177
113.895,-0.2,0.3758901661353085,0.3758901661353085
113.9,-0.2,0.1759097302044276,0.1759097302044276
113.905,-0.2,-0.1381581519506645,-0.1381581519506645
113.91,-0.2,-0.20360944814515253,-0.20360944814515253
113.915,-0.2,0.017457208061518584,0.017457208061518584
113.92,-0.2,0.13788117192706434,0.13788117192706434
113.925,-0.2,0.36636138235045224,0.36636138235045224
113.93,-0.2,0.587306938599615,0.587306938599615
113.935,-0.2,0.38575124459116383,0.38575124459116383
113.94,-0.2,0.21920940696706748,0.21920940696706748
113.945,-0.2,-0.1573633364398751,-0.1573633364398751
113.95,-0.2,-0.31777154053339773,-0.31777154053339773
113.955,-0.2,-0.10131647781667805,-0.10131647781667805
113.96,-0.2,0.24578166823805364,0.24578166823805364
113.965,-0.2,0.6120655422650172,0.6120655422650172
113.97,-0.2,0.6765936972086695,0.6765936972086695
113.975,-0.2,0.3551919477172229,0.3551919477172229
113.98,-0.2,0.42927205226370546,0.42927205226370546
113.985,-0.2,0.03959067225907592,0.03959067225907592
113.99,-0.2,-0.3297054171888847,-0.3297054171888847
113.995,-0.2,-0.03455540103104898,-0.03455540103104898
114.0,-0.2,0.17703793164492432,0.17703793164492432
114.005,-0.2,0.43481245267835095,0.43481245267835095
114.01,-0.2,0.43060212312135276,0.43060212312135276
114.015,-0.2,0.5608164608370836,0.5608164608370836
114.02,-0.2,0.3935075612813569,0.3935075612813569
114.025,-0.2,0.04425414214870531,0.04425414214870531
114.03,-0.2,-0.020652784772866944,-0.020652784772866944
114.035,-0.2,-0.038013158881278125,-0.038013158881278125
114.04,-0.2,0.24298758481222113,0.24298758481222113
114.045,-0.2,0.5895470827549579,0.5895470827549579
114.05,-0.2,0.6581236913565908,0.6581236913565908
114.055,-0.2,0.6099543605532005,0.6099543605532005
114.06,-0.2,0.20890018084177825,0.20890018084177825
114.065,-0.2,0.16438864970939016,0.16438864970939016
114.07,-0.2,-0.2148667724776085,-0.2148667724776085
114.075,-0.2,0.20612175915328637,0.20612175915328637
114.08,-0.2,0.19221665680285255,0.19221665680285255
114.085,-0.2,0.6648366536416438,0.6648366536416438
114.09,-0.2,0.5824995897588903,0.5824995897588903
114.095,-0.2,0.49807496908898813,0.49807496908898813
114.1,-0.2,0.1938572216688228,0.1938572216688228
114.105,-0.2,-0.09440446254641847,-0.09440446254641847
114.11,-0.2,-0.12944077613501964,-0.12944077613501964
114.115,-0.2,-0.010596754038754961,-0.010596754038754961
114.12,-0.2,0.18649429050526792,0.18649429050526792
114.125,-0.2,0.5738118677898074,0.5738118677898074
114.13,-0.2,0.7385618334911594,0.7385618334911594
114.135,-0.2,0.3894021440560271,0.3894021440560271
114.14,-0.2,0.3561599379081143,0.3561599379081143
114.145,-0.2,0.04939245644099008,0.04939245644099008
114.15,-0.2,-0.1917070624612895,-0.1917070624612895
114.155,-0.2,-0.0840037231114566,-0.0840037231114566
114.16,-0.2,0.3660199870572684,0.3660199870572684
114.165,-0.2,0.460156779514984,0.460156779514984
114.17,-0.2,0.5619197468507287,0.5619197468507287
114.175,-0.2,0.6097062777331133,0.6097062777331133
114.18,-0.2,0.27910071552379556,0.27910071552379556
114.185,-0.2,0.09178104487476291,0.09178104487476291
114.19,-0.2,0.05139455095235182,0.05139455095235182
114.195,-0.2,-0.13866580682138074,-0.13866580682138074
114.2,-0.2,0.13145012780554513,0.13145012780554513
114.205,-0.2,0.4557657259471688,0.4557657259471688
114.21,-0.2,0.7015960084317734,0.7015960084317734
114.215,-0.2,0.6091240640906291,0.6091240640906291
114.22,-0.2,0.26554526256868066,0.26554526256868066
114.225,-0.2,0.04285724475618928,0.04285724475618928
114.23,-0.2,-0.07074796820237231,-0.07074796820237231
114.235,-0.2,0.06048581903619063,0.06048581903619063
114.24,-0.2,0.20510407327574776,0.20510407327574776
114.245,-0.2,0.5707218713661303,0.5707218713661303
114.25,-0.2,0.5734528908763082,0.5734528908763082
114.255,-0.2,0.5073679165537571,0.5073679165537571
114.26,-0.2,0.38677913334174957,0.38677913334174957
114.265,-0.2,-0.12813587607200327,-0.12813587607200327
114.27,-0.2,-0.13879529529693924,-0.13879529529693924
114.275,-0.2,0.10497515111595064,0.10497515111595064
114.28,-0.2,0.3385915637821205,0.3385915637821205
114.285,-0.2,0.5362898124094406,0.5362898124094406
114.29,-0.2,0.6392764283606046,0.6392764283606046
114.295,-0.2,0.6640773334383256,0.6640773334383256
114.3,-0.2,0.32628045811945755,0.32628045811945755
114.305,-0.2,0.052564878725711944,0.052564878725711944
114.31,-0.2,-0.2914783287216914,-0.2914783287216914
114.315,-0.2,0.15502222333861643,0.15502222333861643
114.32,-0.2,0.29063635961707157,0.29063635961707157
114.325,-0.2,0.6316047624886642,0.6316047624886642
114.33,-0.2,0.617003534983122,0.617003534983122
114.335,-0.2,0.4775664884037514,0.4775664884037514
114.34,-0.2,0.42459944941196426,0.42459944941196426
114.345,-0.2,0.021713825354034773,0.021713825354034773
114.35,-0.2,-0.23091415516423414,-0.23091415516423414
114.355,-0.2,-0.077787566995216,-0.077787566995216
114.36,-0.2,0.24804989573431996,0.24804989573431996
114.365,-0.2,0.5637954449688863,0.5637954449688863
114.37,-0.2,0.7073647403867844,0.7073647403867844
114.375,-0.2,0.6416992549692808,0.6416992549692808
114.38,-0.2,0.34602141404522296,0.34602141404522296
114.385,-0.2,0.1708885085223834,0.1708885085223834
114.39,-0.2,-0.2851983374926471,-0.2851983374926471
114.395,-0.2,0.0052743463470799196,0.0052743463470799196
114.4,-0.2,0.14221418001516742,0.14221418001516742
114.405,-0.2,0.6187198862427415,0.6187198862427415
114.41,-0.2,0.8047801083987789,0.8047801083987789
114.415,-0.2,0.4500214139056912,0.4500214139056912
114.42,-0.2,0.3716086720423134,0.3716086720423134
114.425,-0.2,0.028645005730294486,0.028645005730294486
114.43,-0.2,-0.030342773566499462,-0.030342773566499462
114.435,-0.2,-0.06441700346273349,-0.06441700346273349
114.44,-0.2,0.34894956046543824,0.34894956046543824
114.445,-0.2,0.5648302918791777,0.5648302918791777
114.45,-0.2,0.7273426496170563,0.7273426496170563
114.455,-0.2,0.45242482246391863,0.45242482246391863
114.46,-0.2,0.19179200481066572,0.19179200481066572
114.465,-0.2,0.24429801166430212,0.24429801166430212
114.47,-0.2,-0.24312591589452728,-0.24312591589452728
114.475,-0.2,0.08351904387861375,0.08351904387861375
114.48,-0.2,0.33746525075282674,0.33746525075282674
114.485,-0.2,0.6602487370336295,0.6602487370336295
114.49,-0.2,0.6437708593695721,0.6437708593695721
114.495,-0.2,0.3876765333044911,0.3876765333044911
114.5,-0.2,0.42139208244864595,0.42139208244864595
114.505,-0.2,0.06122019437594081,0.06122019437594081
114.51,-0.2,0.06253929898472901,0.06253929898472901
114.515,-0.2,-0.018464053689730253,-0.018464053689730253
114.52,-0.2,0.3226910454066101,0.3226910454066101
114.525,-0.2,0.5771317186364696,0.5771317186364696
114.53,-0.2,0.6576940556408246,0.6576940556408246
114.535,-0.2,0.533354669074827,0.533354669074827
114.54,-0.2,0.26928925593885555,0.26928925593885555
114.545,-0.2,0.04055633672234194,0.04055633672234194
114.55,-0.2,0.175544465013891,0.175544465013891
114.555,-0.2,-0.07933765790399858,-0.07933765790399858
114.56,-0.2,0.45432986255617935,0.45432986255617935
114.565,-0.2,0.5010300300885391,0.5010300300885391
114.57,-0.2,0.7210417703112142,0.7210417703112142
114.575,-0.2,0.46134114157614414,0.46134114157614414
114.58,-0.2,0.3029623455113206,0.3029623455113206
114.585,-0.2,-0.018722860630106683,-0.018722860630106683
114.59,-0.2,-0.1619628684545845,-0.1619628684545845
114.595,-0.2,0.09681101260901165,0.09681101260901165
114.6,-0.2,0.1676126186994756,0.1676126186994756
114.605,-0.2,0.3923581447983549,0.3923581447983549
114.61,-0.2,0.5091443810648315,0.5091443810648315
114.615,-0.2,0.5117680851902303,0.5117680851902303
114.62,-0.2,0.22332930330055112,0.22332930330055112
114.625,-0.2,-0.15544150663569511,-0.15544150663569511
114.63,-0.2,-0.25277624435407453,-0.25277624435407453
114.635,-0.2,-0.1295266884164954,-0.1295266884164954
114.64,-0.2,-0.06910192709183788,-0.06910192709183788
114.645,-0.2,0.5378553285820808,0.5378553285820808
114.65,-0.2,0.7742995347442899,0.7742995347442899
114.655,-0.2,0.5006878920390307,0.5006878920390307
114.66,-0.2,0.2820566846838024,0.2820566846838024
114.665,-0.2,0.07870174107353783,0.07870174107353783
114.67,-0.2,-0.21701799599529534,-0.21701799599529534
114.675,-0.2,0.14518231267942638,0.14518231267942638
114.68,-0.2,0.18875394266891685,0.18875394266891685
114.685,-0.2,0.49947488729381045,0.49947488729381045
114.69,-0.2,0.4314654378081488,0.4314654378081488
114.695,-0.2,0.34405092015641303,0.34405092015641303
114.7,-0.2,0.3297762003113906,0.3297762003113906
114.705,-0.2,0.017787577530447712,0.017787577530447712
114.71,-0.2,-0.009363747412281034,-0.009363747412281034
114.715,-0.2,-0.07226479576856498,-0.07226479576856498
114.72,-0.2,0.1296019178998096,0.1296019178998096
114.725,-0.2,0.48724183095771134,0.48724183095771134
114.73,-0.2,0.6242603602518647,0.6242603602518647
114.735,-0.2,0.4078827912865707,0.4078827912865707
114.74,-0.2,0.1729101333439227,0.1729101333439227
114.745,-0.2,-0.025207481914508383,-0.025207481914508383
114.75,-0.2,-0.2340324606825302,-0.2340324606825302
114.755,-0.2,-0.07098418023895656,-0.07098418023895656
114.76,-0.2,0.23586725865504196,0.23586725865504196
114.765,-0.2,0.5100930366299697,0.5100930366299697
114.77,-0.2,0.5998258600468049,0.5998258600468049
114.775,-0.2,0.47427582178095123,0.47427582178095123
114.78,-0.2,0.07923150212953504,0.07923150212953504
114.785,-0.2,-0.09960448995364457,-0.09960448995364457
114.79,-0.2,-0.02092763938340672,-0.02092763938340672
114.795,-0.2,-0.2044850138643393,-0.2044850138643393
114.8,-0.2,0.09251301886829402,0.09251301886829402
114.805,-0.2,0.39910005933466425,0.39910005933466425
114.81,-0.2,0.3860282572258005,0.3860282572258005
114.815,-0.2,0.41480506876163087,0.41480506876163087
114.82,-0.2,0.18697149044373676,0.18697149044373676
114.825,-0.2,-0.146427142375185,-0.146427142375185
114.83,-0.2,-0.22179192875341489,-0.22179192875341489
114.835,-0.2,0.13028080375334128,0.13028080375334128
114.84,-0.2,0.18440143391362962,0.18440143391362962
114.845,-0.2,0.3860378593554394,0.3860378593554394
114.85,-0.2,0.5184051886834129,0.5184051886834129
114.855,-0.2,0.5860659597832167,0.5860659597832167
114.86,-0.2,0.018871304884706674,0.018871304884706674
114.865,-0.2,-0.14172653721297368,-0.14172653721297368
114.87,-0.2,-0.03931255686155723,-0.03931255686155723
114.875,-0.2,3.052145015465524e-05,3.052145015465524e-05
114.88,-0.2,0.1292366620435576,0.1292366620435576
114.885,-0.2,0.5062036644569344,0.5062036644569344
114.89,-0.2,0.6773968843850859,0.6773968843850859
114.895,-0.2,0.509337082187342,0.509337082187342
114.9,-0.2,0.18362850450829205,0.18362850450829205
114.905,-0.2,-0.11368189795438492,-0.11368189795438492
114.91,-0.2,-0.06689538552052039,-0.06689538552052039
114.915,-0.2,-0.1469531904765793,-0.1469531904765793
114.92,-0.2,0.17212250475865692,0.17212250475865692
114.925,-0.2,0.2668661064510264,0.2668661064510264
114.93,-0.2,0.7286926885620544,0.7286926885620544
114.935,-0.2,0.42221151561490433,0.42221151561490433
114.94,-0.2,0.24286540460603886,0.24286540460603886
114.945,-0.2,-0.1277804695926612,-0.1277804695926612
114.95,-0.2,-0.10569508992205802,-0.10569508992205802
114.955,-0.2,-0.11772318773893344,-0.11772318773893344
114.96,-0.2,0.08217128586568602,0.08217128586568602
114.965,-0.2,0.36360023611702136,0.36360023611702136
114.97,-0.2,0.5793115541038962,0.5793115541038962
114.975,-0.2,0.48828791614813827,0.48828791614813827
114.98,-0.2,0.07006515783064035,0.07006515783064035
114.985,-0.2,-0.24808961083118766,-0.24808961083118766
114.99,-0.2,-0.12320458282697104,-0.12320458282697104
114.995,-0.2,-0.15823919625124003,-0.15823919625124003
115.0,-0.2,0.21619003840581583,0.21619003840581583
115.005,-0.2,0.3298248602189548,0.3298248602189548
115.01,-0.2,0.5675400412898176,0.5675400412898176
115.015,-0.2,0.36573685994386024,0.36573685994386024
115.02,-0.2,0.2188985459404354,0.2188985459404354
115.025,-0.2,-0.12257881406815864,-0.12257881406815864
115.03,-0.2,-0.1759061990431576,-0.1759061990431576
115.035,-0.2,-0.25917181932502453,-0.25917181932502453
115.04,-0.2,0.047562324670677586,0.047562324670677586
115.045,-0.2,0.3371081759035487,0.3371081759035487
115.05,-0.2,0.5673305087669671,0.5673305087669671
115.055,-0.2,0.5200274387262407,0.5200274387262407
115.06,-0.2,0.02867975656792715,0.02867975656792715
115.065,-0.2,-0.0435023645877571,-0.0435023645877571
115.07,-0.2,-0.4521985387645775,-0.4521985387645775
115.075,-0.2,-0.038045399215605,-0.038045399215605
115.08,-0.2,0.14882293784956,0.14882293784956
115.085,-0.2,0.37577135600128103,0.37577135600128103
115.09,-0.2,0.44054605787786494,0.44054605787786494
115.095,-0.2,0.5585522863798773,0.5585522863798773
115.1,-0.2,0.15463530500562503,0.15463530500562503
115.105,-0.2,-0.2044431255186135,-0.2044431255186135
115.11,-0.2,-0.1299177675706844,-0.1299177675706844
115.115,-0.2,-0.27628457601282774,-0.27628457601282774
115.12,-0.2,0.07447321040353183,0.07447321040353183
115.125,-0.2,0.27926017402146985,0.27926017402146985
115.13,-0.2,0.7113711934813918,0.7113711934813918
115.135,-0.2,0.4035663619638561,0.4035663619638561
115.14,-0.2,0.1681895496292056,0.1681895496292056
115.145,-0.2,-0.31171562824797394,-0.31171562824797394
115.15,-0.2,-0.25898559073480243,-0.25898559073480243
115.155,-0.2,-0.10365916555116725,-0.10365916555116725
115.16,-0.2,0.2894777866538887,0.2894777866538887
115.165,-0.2,0.31485416602133354,0.31485416602133354
115.17,-0.2,0.45782575955572413,0.45782575955572413
115.175,-0.2,0.45323481031777973,0.45323481031777973
115.18,-0.2,0.3096867282646139,0.3096867282646139
115.185,-0.2,-0.2053010484625754,-0.2053010484625754
115.19,-0.2,-0.20221303483228215,-0.20221303483228215
115.195,-0.2,-0.14781983909190116,-0.14781983909190116
115.2,-0.2,0.16665119512745058,0.16665119512745058
115.205,-0.2,0.5109198253210319,0.5109198253210319
115.21,-0.2,0.5721926389536808,0.5721926389536808
115.215,-0.2,0.405641622488684,0.405641622488684
115.22,-0.2,0.3595889589863358,0.3595889589863358
115.225,-0.2,0.02136204216598829,0.02136204216598829
115.23,-0.2,-0.04607844706767866,-0.04607844706767866
115.235,-0.2,-0.026886753896475005,-0.026886753896475005
115.24,-0.2,0.23129242789707766,0.23129242789707766
115.245,-0.2,0.4436161755113128,0.4436161755113128
115.25,-0.2,0.6689136025365626,0.6689136025365626
115.255,-0.2,0.5168008926882758,0.5168008926882758
115.26,-0.2,0.25205733986793627,0.25205733986793627
115.265,-0.2,-0.04562849809248794,-0.04562849809248794
115.27,-0.2,-0.26119382817778014,-0.26119382817778014
115.275,-0.2,-0.22581800722981876,-0.22581800722981876
115.28,-0.2,0.3517428745781355,0.3517428745781355
115.285,-0.2,0.6247600309476471,0.6247600309476471
115.29,-0.2,0.5589818266236832,0.5589818266236832
115.295,-0.2,0.3575876165028397,0.3575876165028397
115.3,-0.2,0.23935208216947068,0.23935208216947068
115.305,-0.2,-0.00016616060680722106,-0.00016616060680722106
115.31,-0.2,-0.10785081574653413,-0.10785081574653413
115.315,-0.2,0.018130388358866018,0.018130388358866018
115.32,-0.2,0.306410973543476,0.306410973543476
115.325,-0.2,0.4567383068306407,0.4567383068306407
115.33,-0.2,0.6401254043873845,0.6401254043873845
115.335,-0.2,0.3348892890985416,0.3348892890985416
115.34,-0.2,0.15575132129644637,0.15575132129644637
115.345,-0.2,-0.08235517187148575,-0.08235517187148575
115.35,-0.2,0.023792832069298997,0.023792832069298997
115.355,-0.2,-0.06546616546428914,-0.06546616546428914
115.36,-0.2,0.22714466073164985,0.22714466073164985
115.365,-0.2,0.3970794548980875,0.3970794548980875
115.37,-0.2,0.4387598944714814,0.4387598944714814
115.375,-0.2,0.45335009561425077,0.45335009561425077
115.38,-0.2,0.14321885232140008,0.14321885232140008
115.385,-0.2,-0.13070635407917647,-0.13070635407917647
115.39,-0.2,-0.02826046918264291,-0.02826046918264291
115.395,-0.2,-0.18188749927872894,-0.18188749927872894
115.4,-0.2,0.24836743999677216,0.24836743999677216
115.405,-0.2,0.535936350394198,0.535936350394198
115.41,-0.2,0.5530140060245999,0.5530140060245999
115.415,-0.2,0.4598207547385917,0.4598207547385917
115.42,-0.2,0.2431095306995698,0.2431095306995698
115.425,-0.2,-0.00788064383425352,-0.00788064383425352
115.43,-0.2,-0.20225668746977882,-0.20225668746977882
115.435,-0.2,-0.009577810985795993,-0.009577810985795993
115.44,-0.2,0.21647083407209397,0.21647083407209397
115.445,-0.2,0.5072528005002734,0.5072528005002734
115.45,-0.2,0.5617645015271319,0.5617645015271319
115.455,-0.2,0.5614775751685798,0.5614775751685798
115.46,-0.2,0.23406873362095987,0.23406873362095987
115.465,-0.2,-0.29626327251044376,-0.29626327251044376
115.47,-0.2,-0.007202257431662473,-0.007202257431662473
115.475,-0.2,-0.22068652007415718,-0.22068652007415718
115.48,-0.2,0.2971919279542955,0.2971919279542955
115.485,-0.2,0.41242233520756266,0.41242233520756266
115.49,-0.2,0.5383278147739478,0.5383278147739478
115.495,-0.2,0.4679473584403662,0.4679473584403662
115.5,-0.2,0.20564464483911046,0.20564464483911046
115.505,-0.2,-0.062136412213220374,-0.062136412213220374
115.51,-0.2,-0.16787638924294676,-0.16787638924294676
115.515,-0.2,-0.042282385852220494,-0.042282385852220494
115.52,-0.2,0.3625313405576982,0.3625313405576982
115.525,-0.2,0.30700069810075853,0.30700069810075853
115.53,-0.2,0.5601681959025671,0.5601681959025671
115.535,-0.2,0.5076744261273388,0.5076744261273388
115.54,-0.2,0.3781523536979689,0.3781523536979689
115.545,-0.2,-0.3156601952234731,-0.3156601952234731
115.55,-0.2,-0.2141376214381885,-0.2141376214381885
115.555,-0.2,-0.1187693374811139,-0.1187693374811139
115.56,-0.2,0.16886874373621907,0.16886874373621907
115.565,-0.2,0.47393668153535085,0.47393668153535085
115.57,-0.2,0.5656963087205014,0.5656963087205014
115.575,-0.2,0.6083611566016198,0.6083611566016198
115.58,-0.2,0.05687998696584584,0.05687998696584584
115.585,-0.2,0.11026468266502648,0.11026468266502648
115.59,-0.2,-0.20477147723489564,-0.20477147723489564
115.595,-0.2,-0.0887283191107342,-0.0887283191107342
115.6,-0.2,0.3755245977291509,0.3755245977291509
115.605,-0.2,0.4834761915067419,0.4834761915067419
115.61,-0.2,0.7042501015618801,0.7042501015618801
115.615,-0.2,0.6591889728979141,0.6591889728979141
115.62,-0.2,0.1293526625073955,0.1293526625073955
115.625,-0.2,0.007517389523978929,0.007517389523978929
115.63,-0.2,-0.306090273723906,-0.306090273723906
115.635,-0.2,-0.0766815939734338,-0.0766815939734338
115.64,-0.2,0.1924870835215643,0.1924870835215643
115.645,-0.2,0.502896866880888,0.502896866880888
115.65,-0.2,0.46876253331095824,0.46876253331095824
115.655,-0.2,0.517858910884748,0.517858910884748
115.66,-0.2,0.1896139560587714,0.1896139560587714
115.665,-0.2,-0.11758911161615478,-0.11758911161615478
115.67,-0.2,-0.2055468225438641,-0.2055468225438641
115.675,-0.2,-0.025510491727716276,-0.025510491727716276
115.68,-0.2,0.23101633652766726,0.23101633652766726
115.685,-0.2,0.5771290128180846,0.5771290128180846
115.69,-0.2,0.6228413951137172,0.6228413951137172
115.695,-0.2,0.36314942046536314,0.36314942046536314
115.7,-0.2,0.2056973504290171,0.2056973504290171
115.705,-0.2,-0.1447556393513963,-0.1447556393513963
115.71,-0.2,-0.061769138805902624,-0.061769138805902624
115.715,-0.2,-0.19200234444131833,-0.19200234444131833
115.72,-0.2,-0.011299005413970248,-0.011299005413970248
115.725,-0.2,0.642271987522397,0.642271987522397
115.73,-0.2,0.5486355519807049,0.5486355519807049
115.735,-0.2,0.2793242115344061,0.2793242115344061
115.74,-0.2,0.10265023125814124,0.10265023125814124
115.745,-0.2,-0.10906804810596699,-0.10906804810596699
115.75,-0.2,-0.07492477028510033,-0.07492477028510033
115.755,-0.2,0.023410113773959698,0.023410113773959698
115.76,-0.2,0.206733847349161,0.206733847349161
115.765,-0.2,0.4943828694616747,0.4943828694616747
115.77,-0.2,0.6772596964231837,0.6772596964231837
115.775,-0.2,0.3495051229706204,0.3495051229706204
115.78,-0.2,0.2402562704553925,0.2402562704553925
115.785,-0.2,0.04373379992492796,0.04373379992492796
115.79,-0.2,-0.11187156885813716,-0.11187156885813716
115.795,-0.2,-0.2159387871822507,-0.2159387871822507
115.8,-0.2,0.18309267020795272,0.18309267020795272
115.805,-0.2,0.5197115682306739,0.5197115682306739
115.81,-0.2,0.7004988064823933,0.7004988064823933
115.815,-0.2,0.47229615018627824,0.47229615018627824
115.82,-0.2,0.1869808774672266,0.1869808774672266
115.825,-0.2,-0.16175206282537893,-0.16175206282537893
115.83,-0.2,-0.06883138218910462,-0.06883138218910462
115.835,-0.2,-0.02711016356993748,-0.02711016356993748
115.84,-0.2,0.1714662645034705,0.1714662645034705
115.845,-0.2,0.6740134060146712,0.6740134060146712
115.85,-0.2,0.5003761591162067,0.5003761591162067
115.855,-0.2,0.4288042646126141,0.4288042646126141
115.86,-0.2,0.23175228475919032,0.23175228475919032
115.865,-0.2,-0.1564833191742001,-0.1564833191742001
115.87,-0.2,-0.08130366162246715,-0.08130366162246715
115.875,-0.2,-0.01280275579206435,-0.01280275579206435
115.88,-0.2,0.21421827462690848,0.21421827462690848
115.885,-0.2,0.4546929762525126,0.4546929762525126
115.89,-0.2,0.74925799109227,0.74925799109227
115.895,-0.2,0.4711085782673953,0.4711085782673953
115.9,-0.2,0.23700042224929063,0.23700042224929063
115.905,-0.2,-0.19279525590494,-0.19279525590494
115.91,-0.2,-0.2812663419352657,-0.2812663419352657
115.915,-0.2,0.044508376597326385,0.044508376597326385
115.92,-0.2,0.272109337930273,0.272109337930273
115.925,-0.2,0.35887687596650375,0.35887687596650375
115.93,-0.2,0.6395787837056465,0.6395787837056465
115.935,-0.2,0.48368208368618987,0.48368208368618987
115.94,-0.2,0.17347146307407102,0.17347146307407102
115.945,-0.2,-0.08190440535998456,-0.08190440535998456
115.95,-0.2,-0.25500558295425674,-0.25500558295425674
115.955,-0.2,-0.05815666398294313,-0.05815666398294313
115.96,-0.2,0.24074728713759247,0.24074728713759247
115.965,-0.2,0.39879754858269745,0.39879754858269745
115.97,-0.2,0.6249363095159526,0.6249363095159526
115.975,-0.2,0.5902037343814039,0.5902037343814039
115.98,-0.2,0.08056849189051762,0.08056849189051762
115.985,-0.2,-0.024579392733563084,-0.024579392733563084
115.99,-0.2,-0.15162517833088784,-0.15162517833088784
115.995,-0.2,-0.0568026607546395,-0.0568026607546395
116.0,-0.2,0.290416313694701,0.290416313694701
116.005,-0.2,0.43426268812120017,0.43426268812120017
116.01,-0.2,0.5737184311132253,0.5737184311132253
116.015,-0.2,0.39894071413191895,0.39894071413191895
116.02,-0.2,0.2589976688126452,0.2589976688126452
116.025,-0.2,0.10517955234747334,0.10517955234747334
116.03,-0.2,-0.13259839495371367,-0.13259839495371367
116.035,-0.2,-0.061253825963619404,-0.061253825963619404
116.04,-0.2,0.2987462696863158,0.2987462696863158
116.045,-0.2,0.28950250406753597,0.28950250406753597
116.05,-0.2,0.5253040965520983,0.5253040965520983
116.055,-0.2,0.45357406709277565,0.45357406709277565
116.06,-0.2,0.14763330956581128,0.14763330956581128
116.065,-0.2,-0.24462366237279604,-0.24462366237279604
116.07,-0.2,-0.10925908872918791,-0.10925908872918791
116.075,-0.2,0.01637498749553684,0.01637498749553684
116.08,-0.2,0.18436024315301028,0.18436024315301028
116.085,-0.2,0.31479854834687676,0.31479854834687676
116.09,-0.2,0.6895358453852034,0.6895358453852034
116.095,-0.2,0.5315998383147504,0.5315998383147504
116.1,-0.2,0.24947404242220678,0.24947404242220678
116.105,-0.2,0.09555410547571294,0.09555410547571294
116.11,-0.2,-0.23991109715468695,-0.23991109715468695
116.115,-0.2,0.0018666333259809778,0.0018666333259809778
116.12,-0.2,0.24252755813084215,0.24252755813084215
116.125,-0.2,0.5149194515998439,0.5149194515998439
116.13,-0.2,0.5233290820342161,0.5233290820342161
116.135,-0.2,0.4283651022765475,0.4283651022765475
116.14,-0.2,-0.0015830968951747737,-0.0015830968951747737
116.145,-0.2,-0.16003690321952913,-0.16003690321952913
116.15,-0.2,-0.08262807056940816,-0.08262807056940816
116.155,-0.2,0.11463385136716911,0.11463385136716911
116.16,-0.2,0.26345559054752277,0.26345559054752277
116.165,-0.2,0.6124819069479442,0.6124819069479442
116.17,-0.2,0.4272745742182805,0.4272745742182805
116.175,-0.2,0.2991939970925008,0.2991939970925008
116.18,-0.2,0.1850427143007342,0.1850427143007342
116.185,-0.2,0.005001840971499395,0.005001840971499395
116.19,-0.2,-0.15034390325487929,-0.15034390325487929
116.195,-0.2,-0.10423355715869294,-0.10423355715869294
116.2,-0.2,0.33731036362902944,0.33731036362902944
116.205,-0.2,0.36547220965733007,0.36547220965733007
116.21,-0.2,0.5413363407073777,0.5413363407073777
116.215,-0.2,0.3209695112727782,0.3209695112727782
116.22,-0.2,0.26296730070020774,0.26296730070020774
116.225,-0.2,-0.04268802542720613,-0.04268802542720613
116.23,-0.2,-0.16916005298552045,-0.16916005298552045
116.235,-0.2,0.10253679703713381,0.10253679703713381
116.24,-0.2,0.28325169820459567,0.28325169820459567
116.245,-0.2,0.351974851642099,0.351974851642099
116.25,-0.2,0.5963994656940398,0.5963994656940398
116.255,-0.2,0.38555891252879954,0.38555891252879954
116.26,-0.2,0.10734952398495454,0.10734952398495454
116.265,-0.2,0.14931026335775846,0.14931026335775846
116.27,-0.2,-0.38645302744169363,-0.38645302744169363
116.275,-0.2,-0.09860424223564988,-0.09860424223564988
116.28,-0.2,0.18421109584848294,0.18421109584848294
116.285,-0.2,0.5423214374755971,0.5423214374755971
116.29,-0.2,0.6390289085002941,0.6390289085002941
116.295,-0.2,0.4769715744623109,0.4769715744623109
116.3,-0.2,0.21633105431134592,0.21633105431134592
116.305,-0.2,-0.19022511499381464,-0.19022511499381464
116.31,-0.2,-0.0652808521810695,-0.0652808521810695
116.315,-0.2,0.16619889386317926,0.16619889386317926
116.32,-0.2,0.39809030547691215,0.39809030547691215
116.325,-0.2,0.5984921800688553,0.5984921800688553
116.33,-0.2,0.8262181768211685,0.8262181768211685
116.335,-0.2,0.620334032928733,0.620334032928733
116.34,-0.2,0.199183867904171,0.199183867904171
116.345,-0.2,-0.16985851597937654,-0.16985851597937654
116.35,-0.2,-0.11988587119372646,-0.11988587119372646
116.355,-0.2,0.052704529052887084,0.052704529052887084
116.36,-0.2,0.3544349694014219,0.3544349694014219
116.365,-0.2,0.5874244571675789,0.5874244571675789
116.37,-0.2,0.6411808132138713,0.6411808132138713
116.375,-0.2,0.6313009843362144,0.6313009843362144
116.38,-0.2,0.20252178750055244,0.20252178750055244
116.385,-0.2,-0.10256840943499893,-0.10256840943499893
116.39,-0.2,0.09655343163774921,0.09655343163774921
116.395,-0.2,0.023423601345365832,0.023423601345365832
116.4,-0.2,0.16409627021781537,0.16409627021781537
116.405,-0.2,0.409799772532353,0.409799772532353
116.41,-0.2,0.7006602424076143,0.7006602424076143
116.415,-0.2,0.39798395277190146,0.39798395277190146
116.42,-0.2,0.2940200099918805,0.2940200099918805
116.425,-0.2,0.15272928211563594,0.15272928211563594
116.43,-0.2,-0.19548010092683088,-0.19548010092683088
116.435,-0.2,0.03688672844879639,0.03688672844879639
116.44,-0.2,0.15915682726694963,0.15915682726694963
116.445,-0.2,0.4700814268406327,0.4700814268406327
116.45,-0.2,0.6813335624518909,0.6813335624518909
116.455,-0.2,0.5068013973563206,0.5068013973563206
116.46,-0.2,0.395477139538284,0.395477139538284
116.465,-0.2,0.12790434774252762,0.12790434774252762
116.47,-0.2,-0.2614248664081087,-0.2614248664081087
116.475,-0.2,0.04428923074545661,0.04428923074545661
116.48,-0.2,0.43481596600324235,0.43481596600324235
116.485,-0.2,0.4920592927200553,0.4920592927200553
116.49,-0.2,0.547684232451814,0.547684232451814
116.495,-0.2,0.5507736884106702,0.5507736884106702
116.5,-0.2,0.20498266223002426,0.20498266223002426
116.505,-0.2,-0.10932821767648582,-0.10932821767648582
116.51,-0.2,-0.2365023379378225,-0.2365023379378225
116.515,-0.2,0.0693882660828701,0.0693882660828701
116.52,-0.2,0.14975691679732317,0.14975691679732317
116.525,-0.2,0.7175287839473647,0.7175287839473647
116.53,-0.2,0.7126653294817227,0.7126653294817227
116.535,-0.2,0.5327006597400952,0.5327006597400952
116.54,-0.2,0.4467563837152366,0.4467563837152366
116.545,-0.2,-0.025880672085768587,-0.025880672085768587
116.55,-0.2,-0.15324364200141016,-0.15324364200141016
116.555,-0.2,0.057063336680367005,0.057063336680367005
116.56,-0.2,0.2847270970517935,0.2847270970517935
116.565,-0.2,0.5229563295059914,0.5229563295059914
116.57,-0.2,0.7726204151275871,0.7726204151275871
116.575,-0.2,0.4428420470380574,0.4428420470380574
116.58,-0.2,0.2815302047791635,0.2815302047791635
116.585,-0.2,0.08617916116381469,0.08617916116381469
116.59,-0.2,-0.12854920734852268,-0.12854920734852268
116.595,-0.2,0.22608709143585595,0.22608709143585595
116.6,-0.2,0.2768092562080862,0.2768092562080862
116.605,-0.2,0.7644917499286292,0.7644917499286292
116.61,-0.2,0.703097964977903,0.703097964977903
116.615,-0.2,0.6657120684939435,0.6657120684939435
116.62,-0.2,0.3349200836321202,0.3349200836321202
116.625,-0.2,-0.05308284176761069,-0.05308284176761069
116.63,-0.2,-0.24528009356226174,-0.24528009356226174
116.635,-0.2,0.06600272802240681,0.06600272802240681
116.64,-0.2,0.3851873379395695,0.3851873379395695
116.645,-0.2,0.504756406840759,0.504756406840759
116.65,-0.2,0.8343997467075563,0.8343997467075563
116.655,-0.2,0.395771964604344,0.395771964604344
116.66,-0.2,0.24690614591605928,0.24690614591605928
116.665,-0.2,-0.02343993607401862,-0.02343993607401862
116.67,-0.2,-0.10454227964370302,-0.10454227964370302
116.675,-0.2,0.28836082895638365,0.28836082895638365
116.68,-0.2,0.4065094894590324,0.4065094894590324
116.685,-0.2,0.5697551482791828,0.5697551482791828
116.69,-0.2,0.6215286120862685,0.6215286120862685
116.695,-0.2,0.544761036818618,0.544761036818618
116.7,-0.2,0.18511549391151352,0.18511549391151352
116.705,-0.2,-0.0671593864987415,-0.0671593864987415
116.71,-0.2,-0.2094661562633836,-0.2094661562633836
116.715,-0.2,0.13192039937265063,0.13192039937265063
116.72,-0.2,0.43853019134447435,0.43853019134447435
116.725,-0.2,0.5016919689110986,0.5016919689110986
116.73,-0.2,0.5357410789878351,0.5357410789878351
116.735,-0.2,0.5639385678786908,0.5639385678786908
116.74,-0.2,0.018623279320025943,0.018623279320025943
116.745,-0.2,-0.015918295170871836,-0.015918295170871836
116.75,-0.2,-0.2017582650375831,-0.2017582650375831
116.755,-0.2,0.18270680523621938,0.18270680523621938
116.76,-0.2,0.45596434563315297,0.45596434563315297
116.765,-0.2,0.6968510310114049,0.6968510310114049
116.77,-0.2,0.838945967319853,0.838945967319853
116.775,-0.2,0.5572220202488698,0.5572220202488698
116.78,-0.2,0.37422307516123,0.37422307516123
116.785,-0.2,0.03297193471785857,0.03297193471785857
116.79,-0.2,0.053007094471825764,0.053007094471825764
116.795,-0.2,0.1898330126229201,0.1898330126229201
116.8,-0.2,0.3247987363791636,0.3247987363791636
116.805,-0.2,0.7401565876659837,0.7401565876659837
116.81,-0.2,0.802618509661691,0.802618509661691
116.815,-0.2,0.6899727413430681,0.6899727413430681
116.82,-0.2,0.3039370823918153,0.3039370823918153
116.825,-0.2,-0.0034789144235366637,-0.0034789144235366637
116.83,-0.2,0.01744925283224802,0.01744925283224802
116.835,-0.2,0.2209186420632461,0.2209186420632461
116.84,-0.2,0.4849999100974829,0.4849999100974829
116.845,-0.2,0.5485901375507585,0.5485901375507585
116.85,-0.2,0.5055574396767599,0.5055574396767599
116.855,-0.2,0.4656494489564199,0.4656494489564199
116.86,-0.2,0.25445071324831353,0.25445071324831353
116.865,-0.2,0.10314226674699678,0.10314226674699678
116.87,-0.2,0.03612952144079,0.03612952144079
116.875,-0.2,-0.0009636511020778005,-0.0009636511020778005
116.88,-0.2,0.33294827767789636,0.33294827767789636
116.885,-0.2,0.5922873685322376,0.5922873685322376
116.89,-0.2,0.6676191914288043,0.6676191914288043
116.895,-0.2,0.41746739716274317,0.41746739716274317
116.9,-0.2,0.15541399746213835,0.15541399746213835
116.905,-0.2,0.08002771100249403,0.08002771100249403
116.91,-0.2,0.04766675604510778,0.04766675604510778
116.915,-0.2,0.016753759575674685,0.016753759575674685
116.92,-0.2,0.3828775095651816,0.3828775095651816
116.925,-0.2,0.4785021730055373,0.4785021730055373
116.93,-0.2,0.6018098348184039,0.6018098348184039
116.935,-0.2,0.6090464753706469,0.6090464753706469
116.94,-0.2,0.09831974143122194,0.09831974143122194
116.945,-0.2,0.21483134218022387,0.21483134218022387
116.95,-0.2,-0.11110218744528272,-0.11110218744528272
116.955,-0.2,0.08482939447698526,0.08482939447698526
116.96,-0.2,0.34024214601380043,0.34024214601380043
116.965,-0.2,0.5333219682158189,0.5333219682158189
116.97,-0.2,0.5955361307554834,0.5955361307554834
116.975,-0.2,0.42316036135338136,0.42316036135338136
116.98,-0.2,0.29899825748220527,0.29899825748220527
116.985,-0.2,-0.06667710020484058,-0.06667710020484058
116.99,-0.2,-0.04624997602199832,-0.04624997602199832
116.995,-0.2,0.08206294660301096,0.08206294660301096
117.0,-0.2,0.35163430139924007,0.35163430139924007
117.005,-0.2,0.4799869975568764,0.4799869975568764
117.01,-0.2,0.6768298704696949,0.6768298704696949
117.015,-0.2,0.5131863020438845,0.5131863020438845
117.02,-0.2,0.03331864132566567,0.03331864132566567
117.025,-0.2,-0.0020023088617919533,-0.0020023088617919533
117.03,-0.2,-0.1575547748902044,-0.1575547748902044
117.035,-0.2,-0.1045871801431951,-0.1045871801431951
117.04,-0.2,0.2633629592854891,0.2633629592854891
117.045,-0.2,0.5691580559756708,0.5691580559756708
117.05,-0.2,0.7697903906781074,0.7697903906781074
117.055,-0.2,0.48716899397512414,0.48716899397512414
117.06,-0.2,0.4430698189437364,0.4430698189437364
117.065,-0.2,0.008246235853054283,0.008246235853054283
117.07,-0.2,-0.0386342178199898,-0.0386342178199898
117.075,-0.2,-0.018507472989377705,-0.018507472989377705
117.08,-0.2,0.408424926692203,0.408424926692203
117.085,-0.2,0.5358701770537793,0.5358701770537793
117.09,-0.2,0.6430957257843833,0.6430957257843833
117.095,-0.2,0.5379699355731332,0.5379699355731332
117.1,-0.2,0.34821071341618515,0.34821071341618515
117.105,-0.2,0.0501684028944101,0.0501684028944101
117.11,-0.2,0.05185437393243715,0.05185437393243715
117.115,-0.2,0.08172151220588263,0.08172151220588263
117.12,-0.2,0.33619474940333693,0.33619474940333693
117.125,-0.2,0.6112466223074813,0.6112466223074813
117.13,-0.2,0.7743407530672305,0.7743407530672305
117.135,-0.2,0.5548773078389171,0.5548773078389171
117.14,-0.2,0.3406954136078948,0.3406954136078948
117.145,-0.2,-0.16540107657099024,-0.16540107657099024
117.15,-0.2,-0.02424187345428646,-0.02424187345428646
