t,reference,measured,noisy
148.42,0.2,0.0001230153365911111,0.0001230153365911111
148.425,0.2,-0.0781105098011865,-0.0781105098011865
148.43,0.2,-0.30292518224632736,-0.30292518224632736
148.435,0.2,-0.23564114746330056,-0.23564114746330056
148.44,0.2,-0.004850094540305271,-0.004850094540305271
148.445,0.2,0.13137856682236265,0.13137856682236265
148.45,0.2,0.17749441735823063,0.17749441735823063
148.455,0.2,0.4153736889896188,0.4153736889896188
148.46,0.2,-0.035151732015388265,-0.035151732015388265
148.465,0.2,-0.4098514871410222,-0.4098514871410222
148.47,0.2,-0.31340965774265783,-0.31340965774265783
148.475,0.2,-0.27768962376645995,-0.27768962376645995
148.48,0.2,0.0014715772034278353,0.0014715772034278353
148.485,0.2,0.35077013668319856,0.35077013668319856
148.49,0.2,0.21057958826334577,0.21057958826334577
148.495,0.2,0.19123767571161754,0.19123767571161754
148.5,0.2,-0.11196758320692236,-0.11196758320692236
148.505,0.2,-0.25215744309564114,-0.25215744309564114
148.51,0.2,-0.5731567041822145,-0.5731567041822145
148.515,0.2,-0.3772155283854728,-0.3772155283854728
148.52,0.2,0.14835867597589003,0.14835867597589003
148.525,0.2,0.28512327703523127,0.28512327703523127
148.53,0.2,0.35267331603230445,0.35267331603230445
148.535,0.2,0.28616466761337106,0.28616466761337106
148.54,0.2,-0.012244391855236117,-0.012244391855236117
148.545,0.2,-0.39434231037633627,-0.39434231037633627
148.55,0.2,-0.2984917408554414,-0.2984917408554414
148.555,0.2,-0.2803891736907362,-0.2803891736907362
148.56,0.2,0.12111844526689461,0.12111844526689461
148.565,0.2,0.3885939457084229,0.3885939457084229
148.57,0.2,0.3973594611352486,0.3973594611352486
148.575,0.2,0.2764855107335214,0.2764855107335214
148.58,0.2,0.004260137156741207,0.004260137156741207
148.585,0.2,-0.33082949598992323,-0.33082949598992323
148.59,0.2,-0.3428029730130997,-0.3428029730130997
148.595,0.2,-0.08847505965741496,-0.08847505965741496
148.6,0.2,0.19145598500977556,0.19145598500977556
148.605,0.2,0.31608585547153534,0.31608585547153534
148.61,0.2,0.34967529220075055,0.34967529220075055
148.615,0.2,0.43737271108154296,0.43737271108154296
148.62,0.2,0.03742173534730505,0.03742173534730505
148.625,0.2,-0.06483503456470296,-0.06483503456470296
148.63,0.2,-0.22301015535530624,-0.22301015535530624
148.635,0.2,-0.09656324417509567,-0.09656324417509567
148.64,0.2,0.0752818157844291,0.0752818157844291
148.645,0.2,0.3828914711560698,0.3828914711560698
148.65,0.2,0.6187437452726761,0.6187437452726761
148.655,0.2,0.5379836397037601,0.5379836397037601
148.66,0.2,0.2020667271840328,0.2020667271840328
148.665,0.2,-0.2040048745625088,-0.2040048745625088
148.67,0.2,-0.3514375383832596,-0.3514375383832596
148.675,0.2,-0.13704942851605775,-0.13704942851605775
148.68,0.2,-0.03971186233629195,-0.03971186233629195
148.685,0.2,0.22003092374117147,0.22003092374117147
148.69,0.2,0.38774484696967804,0.38774484696967804
148.695,0.2,0.4986970949348947,0.4986970949348947
148.7,0.2,0.00012847269713198162,0.00012847269713198162
148.705,0.2,-0.2105450417376667,-0.2105450417376667
148.71,0.2,-0.3485763775990645,-0.3485763775990645
148.715,0.2,-0.1899021224631317,-0.1899021224631317
148.72,0.2,0.12688411923340778,0.12688411923340778
148.725,0.2,0.26803694185733584,0.26803694185733584
148.73,0.2,0.3605110261390951,0.3605110261390951
148.735,0.2,0.22931749064169837,0.22931749064169837
148.74,0.2,-0.01060218091337882,-0.01060218091337882
148.745,0.2,-0.19213651740460333,-0.19213651740460333
148.75,0.2,-0.4676359521083605,-0.4676359521083605
148.755,0.2,-0.11158924552279637,-0.11158924552279637
148.76,0.2,-0.008613851422324459,-0.008613851422324459
148.765,0.2,0.3700006822933388,0.3700006822933388
148.77,0.2,0.5239378209537756,0.5239378209537756
148.775,0.2,0.1995565116109404,0.1995565116109404
148.78,0.2,0.12695786858915661,0.12695786858915661
148.785,0.2,-0.21981122715320278,-0.21981122715320278
148.79,0.2,-0.37833059511758865,-0.37833059511758865
148.795,0.2,-0.19002358927452248,-0.19002358927452248
148.8,0.2,0.10579013332145161,0.10579013332145161
148.805,0.2,0.13300470656491056,0.13300470656491056
148.81,0.2,0.4256299630271188,0.4256299630271188
148.815,0.2,0.30191155204702996,0.30191155204702996
148.82,0.2,0.018235559340667534,0.018235559340667534
148.825,0.2,-0.06168493515641528,-0.06168493515641528
148.83,0.2,-0.2304792596892796,-0.2304792596892796
148.835,0.2,0.044064762019248416,0.044064762019248416
148.84,0.2,0.16837307618165692,0.16837307618165692
148.845,0.2,0.49522661192942374,0.49522661192942374
148.85,0.2,0.46368596671789913,0.46368596671789913
148.855,0.2,0.3017446861425853,0.3017446861425853
148.86,0.2,0.060546345319090644,0.060546345319090644
148.865,0.2,-0.07583749955717778,-0.07583749955717778
148.87,0.2,-0.19125198062123208,-0.19125198062123208
148.875,0.2,0.003418538053787501,0.003418538053787501
148.88,0.2,0.2906479972021469,0.2906479972021469
148.885,0.2,0.34186551926128805,0.34186551926128805
148.89,0.2,0.51318656009451,0.51318656009451
148.895,0.2,0.5730329007781721,0.5730329007781721
148.9,0.2,0.15605167805276937,0.15605167805276937
148.905,0.2,-0.1126761659222223,-0.1126761659222223
148.91,0.2,-0.0915232783638083,-0.0915232783638083
148.915,0.2,-0.17065261851900804,-0.17065261851900804
148.92,0.2,0.17172560732245815,0.17172560732245815
148.925,0.2,0.6279911145158281,0.6279911145158281
148.93,0.2,0.6253459411846097,0.6253459411846097
148.935,0.2,0.3956746088304914,0.3956746088304914
148.94,0.2,-0.012643625583608126,-0.012643625583608126
148.945,0.2,-0.24726769968473408,-0.24726769968473408
148.95,0.2,-0.3555756390868888,-0.3555756390868888
148.955,0.2,0.08754304446607189,0.08754304446607189
148.96,0.2,0.09724008912746915,0.09724008912746915
148.965,0.2,0.3552551484386231,0.3552551484386231
148.97,0.2,0.5628745895107633,0.5628745895107633
148.975,0.2,0.4772595819668227,0.4772595819668227
148.98,0.2,0.062286041726686434,0.062286041726686434
148.985,0.2,0.0772579105415703,0.0772579105415703
148.99,0.2,-0.23032323379652397,-0.23032323379652397
148.995,0.2,-0.04663015965386055,-0.04663015965386055
149.0,0.2,0.1855683510454437,0.1855683510454437
149.005,0.2,0.4471033049839037,0.4471033049839037
149.01,0.2,0.5616499774895075,0.5616499774895075
149.015,0.2,0.31382210378474534,0.31382210378474534
149.02,0.2,0.027252178291628293,0.027252178291628293
149.025,0.2,-0.0354454831572943,-0.0354454831572943
149.03,0.2,-0.03786547082258468,-0.03786547082258468
149.035,0.2,0.19560299163952358,0.19560299163952358
149.04,0.2,0.03476809153905233,0.03476809153905233
149.045,0.2,0.34302066496285877,0.34302066496285877
149.05,0.2,0.4325818516609137,0.4325818516609137
149.055,0.2,0.39977914763571776,0.39977914763571776
149.06,0.2,0.19187800644556982,0.19187800644556982
149.065,0.2,-0.1121501021331087,-0.1121501021331087
149.07,0.2,-0.17879759951557342,-0.17879759951557342
149.075,0.2,-0.022428206701017528,-0.022428206701017528
149.08,0.2,0.2943295769362636,0.2943295769362636
149.085,0.2,0.3900067489356994,0.3900067489356994
149.09,0.2,0.6723074192621772,0.6723074192621772
149.095,0.2,0.37582959330891214,0.37582959330891214
149.1,0.2,0.18848271351844653,0.18848271351844653
149.105,0.2,-0.12644643165904423,-0.12644643165904423
149.11,0.2,-0.1064435783840723,-0.1064435783840723
149.115,0.2,0.020947317601233723,0.020947317601233723
149.12,0.2,0.12822321024435718,0.12822321024435718
149.125,0.2,0.4765281318690995,0.4765281318690995
149.13,0.2,0.5704769126991839,0.5704769126991839
149.135,0.2,0.4757913359311148,0.4757913359311148
149.14,0.2,0.13608131843476046,0.13608131843476046
149.145,0.2,-0.30264418074835114,-0.30264418074835114
149.15,0.2,-0.3449601189553407,-0.3449601189553407
149.155,0.2,-0.1844955151821389,-0.1844955151821389
149.16,0.2,0.22713589513970425,0.22713589513970425
149.165,0.2,0.27844038404201277,0.27844038404201277
149.17,0.2,0.5828953771689769,0.5828953771689769
149.175,0.2,0.35758333343825066,0.35758333343825066
149.18,0.2,0.10750098730825003,0.10750098730825003
149.185,0.2,-0.20004551815091437,-0.20004551815091437
149.19,0.2,-0.030326505069844717,-0.030326505069844717
149.195,0.2,-0.07329323581880177,-0.07329323581880177
149.2,0.2,0.10881711234972266,0.10881711234972266
149.205,0.2,0.30918578646063577,0.30918578646063577
149.21,0.2,0.5177485297380263,0.5177485297380263
149.215,0.2,0.31911986701190065,0.31911986701190065
149.22,0.2,0.1334671769329907,0.1334671769329907
149.225,0.2,-0.164946642259585,-0.164946642259585
149.23,0.2,-0.2845998492725895,-0.2845998492725895
149.235,0.2,0.09443131920132344,0.09443131920132344
149.24,0.2,0.21406881759897345,0.21406881759897345
149.245,0.2,0.44004433835524864,0.44004433835524864
149.25,0.2,0.47355164983733444,0.47355164983733444
149.255,0.2,0.3646552867079469,0.3646552867079469
149.26,0.2,0.30147156581783996,0.30147156581783996
149.265,0.2,-0.0920285745059518,-0.0920285745059518
149.27,0.2,-0.09432712495194333,-0.09432712495194333
149.275,0.2,-0.04740028494786795,-0.04740028494786795
149.28,0.2,0.054948555209739985,0.054948555209739985
149.285,0.2,0.3968641156545457,0.3968641156545457
149.29,0.2,0.48951495569711523,0.48951495569711523
149.295,0.2,0.5843695217641807,0.5843695217641807
149.3,0.2,0.3172478205910739,0.3172478205910739
149.305,0.2,-0.10514466085663393,-0.10514466085663393
149.31,0.2,-0.09152909085401599,-0.09152909085401599
149.315,0.2,-0.05496429096380505,-0.05496429096380505
149.32,0.2,0.21096772496164196,0.21096772496164196
149.325,0.2,0.5269089320680432,0.5269089320680432
149.33,0.2,0.5602653711561114,0.5602653711561114
149.335,0.2,0.4017674239369744,0.4017674239369744
149.34,0.2,0.20968005445266977,0.20968005445266977
149.345,0.2,-0.010558843199616606,-0.010558843199616606
149.35,0.2,-0.21847436711234164,-0.21847436711234164
149.355,0.2,0.045353543164351875,0.045353543164351875
149.36,0.2,0.24154480959873256,0.24154480959873256
149.365,0.2,0.34196362539352143,0.34196362539352143
149.37,0.2,0.8455279325692421,0.8455279325692421
149.375,0.2,0.4253655437897081,0.4253655437897081
149.38,0.2,0.19034806682677352,0.19034806682677352
149.385,0.2,-0.23154572726229775,-0.23154572726229775
149.39,0.2,-0.1730773804988956,-0.1730773804988956
149.395,0.2,0.004392125985040376,0.004392125985040376
149.4,0.2,0.2913854587292485,0.2913854587292485
149.405,0.2,0.5710413503499696,0.5710413503499696
149.41,0.2,0.6833017300133801,0.6833017300133801
149.415,0.2,0.5236422365519391,0.5236422365519391
149.42,0.2,0.07035379562599431,0.07035379562599431
149.425,0.2,-0.08163200949642024,-0.08163200949642024
149.43,0.2,-0.0641775689882603,-0.0641775689882603
149.435,0.2,0.0015559152351949136,0.0015559152351949136
149.44,0.2,0.1689707030866568,0.1689707030866568
149.445,0.2,0.4451826706582528,0.4451826706582528
149.45,0.2,0.6050234420321308,0.6050234420321308
149.455,0.2,0.5418856958927052,0.5418856958927052
149.46,0.2,0.4598804739085318,0.4598804739085318
149.465,0.2,-0.13548143262310386,-0.13548143262310386
149.47,0.2,-0.13646676080464562,-0.13646676080464562
149.475,0.2,-0.14188693012480497,-0.14188693012480497
149.48,0.2,0.13378971961557523,0.13378971961557523
149.485,0.2,0.4692276372682028,0.4692276372682028
149.49,0.2,0.5865000984999545,0.5865000984999545
149.495,0.2,0.682995629546921,0.682995629546921
149.5,0.2,0.3138127577707998,0.3138127577707998
149.505,0.2,-0.053688308916951186,-0.053688308916951186
149.51,0.2,-0.03404372306072426,-0.03404372306072426
149.515,0.2,0.30079272448365135,0.30079272448365135
149.52,0.2,0.2807094992786382,0.2807094992786382
149.525,0.2,0.4327472569891331,0.4327472569891331
149.53,0.2,0.5166216258725748,0.5166216258725748
149.535,0.2,0.6598051261153802,0.6598051261153802
149.54,0.2,0.2440143670719943,0.2440143670719943
149.545,0.2,0.08324995172049106,0.08324995172049106
149.55,0.2,0.009339959413953325,0.009339959413953325
149.555,0.2,0.10821784528549859,0.10821784528549859
149.56,0.2,0.09934476562954947,0.09934476562954947
149.565,0.2,0.5752115884264776,0.5752115884264776
149.57,0.2,0.6060998322031211,0.6060998322031211
149.575,0.2,0.4359149191026728,0.4359149191026728
149.58,0.2,0.271258427795606,0.271258427795606
149.585,0.2,-0.002984095463987798,-0.002984095463987798
149.59,0.2,-0.16074857091926814,-0.16074857091926814
149.595,0.2,-0.06052790296258971,-0.06052790296258971
149.6,0.2,0.3992404149357488,0.3992404149357488
149.605,0.2,0.3013441716366706,0.3013441716366706
149.61,0.2,0.47669677484347356,0.47669677484347356
149.615,0.2,0.46709651796637636,0.46709651796637636
149.62,0.2,0.06400965831305466,0.06400965831305466
149.625,0.2,-0.2653474251280813,-0.2653474251280813
149.63,0.2,-0.2439081665214307,-0.2439081665214307
149.635,0.2,0.030149196853388738,0.030149196853388738
149.64,0.2,0.2679583256876912,0.2679583256876912
149.645,0.2,0.5137054044880189,0.5137054044880189
149.65,0.2,0.6261615951269464,0.6261615951269464
149.655,0.2,0.21542470744898123,0.21542470744898123
149.66,0.2,0.2716603797670527,0.2716603797670527
149.665,0.2,-0.16888790693761824,-0.16888790693761824
149.67,0.2,-0.06903408078214135,-0.06903408078214135
149.675,0.2,-0.09072336059965805,-0.09072336059965805
149.68,0.2,0.11778548292112317,0.11778548292112317
149.685,0.2,0.35427782408776337,0.35427782408776337
149.69,0.2,0.38304660059706275,0.38304660059706275
149.695,0.2,0.5158390368806844,0.5158390368806844
149.7,0.2,0.02854724129944633,0.02854724129944633
149.705,0.2,-0.2086632101518997,-0.2086632101518997
149.71,0.2,-0.17941096513921448,-0.17941096513921448
149.715,0.2,-0.10835294421742835,-0.10835294421742835
149.72,0.2,0.2632627998290462,0.2632627998290462
149.725,0.2,0.4557475495340741,0.4557475495340741
149.73,0.2,0.577622390537572,0.577622390537572
149.735,0.2,0.44556451155844823,0.44556451155844823
149.74,0.2,0.038685092817880656,0.038685092817880656
149.745,0.2,-0.0443899440140996,-0.0443899440140996
149.75,0.2,-0.03363148639061894,-0.03363148639061894
149.755,0.2,-0.19755371062340302,-0.19755371062340302
149.76,0.2,0.2274608289759078,0.2274608289759078
149.765,0.2,0.452186410796928,0.452186410796928
149.77,0.2,0.6966880867132621,0.6966880867132621
149.775,0.2,0.40557717020539463,0.40557717020539463
149.78,0.2,0.18363141492008217,0.18363141492008217
149.785,0.2,0.08766374354689523,0.08766374354689523
149.79,0.2,-0.17438736231815422,-0.17438736231815422
149.795,0.2,-0.16771471202125088,-0.16771471202125088
149.8,0.2,0.15938410083692986,0.15938410083692986
149.805,0.2,0.381192500483413,0.381192500483413
149.81,0.2,0.46312329826562865,0.46312329826562865
149.815,0.2,0.4089837038929201,0.4089837038929201
149.82,0.2,0.06877173658830324,0.06877173658830324
149.825,0.2,-0.13434367503713165,-0.13434367503713165
149.83,0.2,-0.1879471182114448,-0.1879471182114448
149.835,0.2,0.012662947420756465,0.012662947420756465
149.84,0.2,0.15566935421753714,0.15566935421753714
149.845,0.2,0.2622067962907174,0.2622067962907174
149.85,0.2,0.5448657988787716,0.5448657988787716
149.855,0.2,0.4901091939451614,0.4901091939451614
149.86,0.2,0.2936277902176402,0.2936277902176402
149.865,0.2,-0.061670490357782104,-0.061670490357782104
149.87,0.2,-0.08113331574617058,-0.08113331574617058
149.875,0.2,0.023526317246346296,0.023526317246346296
149.88,0.2,0.08809307325620702,0.08809307325620702
149.885,0.2,0.5343146163666486,0.5343146163666486
149.89,0.2,0.5391962312278755,0.5391962312278755
149.895,0.2,0.41321099437224024,0.41321099437224024
149.9,0.2,0.12112497010767069,0.12112497010767069
149.905,0.2,-0.10633413118413869,-0.10633413118413869
149.91,0.2,-0.1391216639973157,-0.1391216639973157
149.915,0.2,-0.2788287372855698,-0.2788287372855698
149.92,0.2,0.3626270683104426,0.3626270683104426
149.925,0.2,0.37582957078435336,0.37582957078435336
149.93,0.2,0.5363574914338096,0.5363574914338096
149.935,0.2,0.2697974532686488,0.2697974532686488
149.94,0.2,0.1683883248265969,0.1683883248265969
149.945,0.2,-0.06275072313376834,-0.06275072313376834
149.95,0.2,-0.07294233604233143,-0.07294233604233143
149.955,0.2,-0.18011317810531755,-0.18011317810531755
149.96,0.2,0.2967959244567805,0.2967959244567805
149.965,0.2,0.3483843600336056,0.3483843600336056
149.97,0.2,0.5513933843214366,0.5513933843214366
149.975,0.2,0.3886956894118651,0.3886956894118651
149.98,0.2,0.11278800611853834,0.11278800611853834
149.985,0.2,-0.18043345261094246,-0.18043345261094246
149.99,0.2,-0.31177171899142375,-0.31177171899142375
149.995,0.2,0.023922547974860556,0.023922547974860556
150.0,0.2,0.00018794303417535296,0.00018794303417535296
150.005,0.2,0.49466456660968317,0.49466456660968317
150.01,0.2,0.4034753022683323,0.4034753022683323
150.015,0.2,0.22257396221791548,0.22257396221791548
150.02,0.2,0.046138295709425806,0.046138295709425806
150.025,0.2,0.00864919739230656,0.00864919739230656
150.03,0.2,-0.05287898838404309,-0.05287898838404309
150.035,0.2,-0.20378133219428365,-0.20378133219428365
150.04,0.2,0.10491670344104814,0.10491670344104814
150.045,0.2,0.2929763564018333,0.2929763564018333
150.05,0.2,0.4553016546001104,0.4553016546001104
150.055,0.2,0.3078229664636141,0.3078229664636141
150.06,0.2,-0.023336402247604845,-0.023336402247604845
150.065,0.2,-0.18701515836502647,-0.18701515836502647
150.07,0.2,-0.3113615445661672,-0.3113615445661672
150.075,0.2,-0.15787569385135217,-0.15787569385135217
150.08,0.2,0.14144467268147498,0.14144467268147498
150.085,0.2,0.4241024964855663,0.4241024964855663
150.09,0.2,0.59158611546081,0.59158611546081
150.095,0.2,0.20410129004803004,0.20410129004803004
150.1,0.2,0.05051493356770402,0.05051493356770402
150.105,0.2,-0.2660985329460893,-0.2660985329460893
150.11,0.2,-0.24833723967844512,-0.24833723967844512
150.115,0.2,-0.002645122032544911,-0.002645122032544911
150.12,0.2,0.18169528247808067,0.18169528247808067
150.125,0.2,0.4587204390824178,0.4587204390824178
150.13,0.2,0.5278160968413357,0.5278160968413357
150.135,0.2,0.40894160234630955,0.40894160234630955
150.14,0.2,0.13078457937260002,0.13078457937260002
150.145,0.2,-0.2419640674486109,-0.2419640674486109
150.15,0.2,-0.21781376546184567,-0.21781376546184567
150.155,0.2,-0.14852259141215624,-0.14852259141215624
150.16,0.2,0.19669338598878483,0.19669338598878483
150.165,0.2,0.4492481598551572,0.4492481598551572
150.17,0.2,0.5414959107382408,0.5414959107382408
150.175,0.2,0.5966985887341035,0.5966985887341035
150.18,0.2,0.08866275667726102,0.08866275667726102
150.185,0.2,-0.12152830587484013,-0.12152830587484013
150.19,0.2,-0.11187853734935733,-0.11187853734935733
150.195,0.2,-0.02342617408690971,-0.02342617408690971
150.2,0.2,0.2802718754935187,0.2802718754935187
150.205,0.2,0.33722418984976793,0.33722418984976793
150.21,0.2,0.5078260045178747,0.5078260045178747
150.215,0.2,0.19680811824102845,0.19680811824102845
150.22,0.2,0.19230079210444911,0.19230079210444911
150.225,0.2,-0.2889808310703609,-0.2889808310703609
150.23,0.2,-0.2420646700068765,-0.2420646700068765
150.235,0.2,-0.1628395725154885,-0.1628395725154885
150.24,0.2,0.21919900102852005,0.21919900102852005
150.245,0.2,0.37890232646177846,0.37890232646177846
150.25,0.2,0.5010520721315046,0.5010520721315046
150.255,0.2,0.4901898177334094,0.4901898177334094
150.26,0.2,0.10917116686564196,0.10917116686564196
150.265,0.2,-0.12733221925978744,-0.12733221925978744
150.27,0.2,-0.17726706204522968,-0.17726706204522968
150.275,0.2,0.10098497329880807,0.10098497329880807
150.28,0.2,0.200084672513047,0.200084672513047
150.285,0.2,0.38715331868606045,0.38715331868606045
150.29,0.2,0.4311316285352583,0.4311316285352583
150.295,0.2,0.45477345093454724,0.45477345093454724
150.3,0.2,0.36138237931685546,0.36138237931685546
150.305,0.2,-0.049949496416538036,-0.049949496416538036
150.31,0.2,-0.29131609905481026,-0.29131609905481026
150.315,0.2,0.12503175564244806,0.12503175564244806
150.32,0.2,0.11630691251183642,0.11630691251183642
150.325,0.2,0.5576747435552091,0.5576747435552091
150.33,0.2,0.693362291304777,0.693362291304777
150.335,0.2,0.44707245070311774,0.44707245070311774
150.34,0.2,0.28339211123943486,0.28339211123943486
150.345,0.2,0.21997031934818898,0.21997031934818898
150.35,0.2,-0.03602424409954684,-0.03602424409954684
150.355,0.2,-0.0886690800376914,-0.0886690800376914
150.36,0.2,0.3187951418334963,0.3187951418334963
150.365,0.2,0.4406721328584606,0.4406721328584606
150.37,0.2,0.567240651913307,0.567240651913307
150.375,0.2,0.43333853780351445,0.43333853780351445
150.38,0.2,0.17282181065598037,0.17282181065598037
150.385,0.2,-0.006339878406099411,-0.006339878406099411
150.39,0.2,-0.14715539751526885,-0.14715539751526885
150.395,0.2,-0.010177505591191984,-0.010177505591191984
150.4,0.2,0.4236161601117906,0.4236161601117906
150.405,0.2,0.5348447876209427,0.5348447876209427
150.41,0.2,0.7221977535537066,0.7221977535537066
150.415,0.2,0.44727529240862374,0.44727529240862374
150.42,0.2,0.3116876673673848,0.3116876673673848
150.425,0.2,0.03339116334123758,0.03339116334123758
150.43,0.2,-0.07871507924780632,-0.07871507924780632
150.435,0.2,0.26560228434122407,0.26560228434122407
150.44,0.2,0.18567728829152108,0.18567728829152108
150.445,0.2,0.4999191240414657,0.4999191240414657
150.45,0.2,0.4880941815007869,0.4880941815007869
150.455,0.2,0.4260357719790846,0.4260357719790846
150.46,0.2,0.14689580346855982,0.14689580346855982
150.465,0.2,0.048266483763454465,0.048266483763454465
150.47,0.2,-0.17836768902763364,-0.17836768902763364
150.475,0.2,0.10298750194987087,0.10298750194987087
150.48,0.2,0.2960119252528178,0.2960119252528178
150.485,0.2,0.6858937939644313,0.6858937939644313
150.49,0.2,0.7560559451088066,0.7560559451088066
150.495,0.2,0.3630455431438317,0.3630455431438317
150.5,0.2,0.3291372497086885,0.3291372497086885
150.505,0.2,-0.10410112646609633,-0.10410112646609633
150.51,0.2,-0.1628283947083377,-0.1628283947083377
150.515,0.2,-0.008629086474137473,-0.008629086474137473
150.52,0.2,0.41122819035754465,0.41122819035754465
150.525,0.2,0.3191647836976252,0.3191647836976252
150.53,0.2,0.6050416550364139,0.6050416550364139
150.535,0.2,0.6904464029414474,0.6904464029414474
150.54,0.2,0.0936839638467443,0.0936839638467443
150.545,0.2,0.14402701855891747,0.14402701855891747
150.55,0.2,-0.29006666942028125,-0.29006666942028125
150.555,0.2,-0.03084715256984974,-0.03084715256984974
150.56,0.2,0.20028504853622175,0.20028504853622175
150.565,0.2,0.3985602807713827,0.3985602807713827
150.57,0.2,0.6683831825688344,0.6683831825688344
150.575,0.2,0.5504040790180924,0.5504040790180924
150.58,0.2,-0.03296015085109699,-0.03296015085109699
150.585,0.2,-0.16113692926838957,-0.16113692926838957
150.59,0.2,-0.14049978444314792,-0.14049978444314792
150.595,0.2,-0.037340443377939875,-0.037340443377939875
150.6,0.2,0.255202108617736,0.255202108617736
150.605,0.2,0.394704882675279,0.394704882675279
150.61,0.2,0.6392970512048445,0.6392970512048445
150.615,0.2,0.5390288585707367,0.5390288585707367
150.62,0.2,0.16883571404758552,0.16883571404758552
150.625,0.2,0.03263317455418037,0.03263317455418037
150.63,0.2,-0.30017495510250425,-0.30017495510250425
150.635,0.2,0.03381090665886366,0.03381090665886366
150.64,0.2,0.3375967441248857,0.3375967441248857
150.645,0.2,0.446267208836356,0.446267208836356
150.65,0.2,0.5228195392277389,0.5228195392277389
150.655,0.2,0.4216267873414824,0.4216267873414824
150.66,0.2,0.2780970218460687,0.2780970218460687
150.665,0.2,0.03481647793019384,0.03481647793019384
150.67,0.2,-0.13863951851850015,-0.13863951851850015
150.675,0.2,0.1510893328481046,0.1510893328481046
150.68,0.2,0.266977273970221,0.266977273970221
150.685,0.2,0.49133623678285665,0.49133623678285665
150.69,0.2,0.6548689489697254,0.6548689489697254
150.695,0.2,0.6389063196627186,0.6389063196627186
150.7,0.2,0.1389429737710755,0.1389429737710755
150.705,0.2,0.09165660835797648,0.09165660835797648
150.71,0.2,-0.04581545645619998,-0.04581545645619998
150.715,0.2,0.13431038626396358,0.13431038626396358
150.72,0.2,0.1858651446808728,0.1858651446808728
150.725,0.2,0.5984229830738523,0.5984229830738523
150.73,0.2,0.6235011388261922,0.6235011388261922
150.735,0.2,0.4720789170636569,0.4720789170636569
150.74,0.2,0.08213405894262654,0.08213405894262654
150.745,0.2,0.13693505432778305,0.13693505432778305
150.75,0.2,-0.07974152908585017,-0.07974152908585017
150.755,0.2,0.13027919691735357,0.13027919691735357
150.76,0.2,0.4230075578115125,0.4230075578115125
150.765,0.2,0.46447912574682604,0.46447912574682604
150.77,0.2,0.6471046479256092,0.6471046479256092
150.775,0.2,0.4445637224834233,0.4445637224834233
150.78,0.2,0.18963911024903354,0.18963911024903354
150.785,0.2,0.039012836040768495,0.039012836040768495
150.79,0.2,-0.11793704559051257,-0.11793704559051257
150.795,0.2,0.1535925572538846,0.1535925572538846
150.8,0.2,0.3349648579937455,0.3349648579937455
150.805,0.2,0.5687601477752706,0.5687601477752706
150.81,0.2,0.6326379125942792,0.6326379125942792
150.815,0.2,0.4994658715231737,0.4994658715231737
150.82,0.2,0.35504661217683975,0.35504661217683975
150.825,0.2,-0.041933559390099094,-0.041933559390099094
150.83,0.2,-0.10121592823480537,-0.10121592823480537
150.835,0.2,0.11522121479355206,0.11522121479355206
150.84,0.2,0.21746472682188062,0.21746472682188062
150.845,0.2,0.6035402085341723,0.6035402085341723
150.85,0.2,0.5386001477211073,0.5386001477211073
150.855,0.2,0.6356400336986927,0.6356400336986927
150.86,0.2,0.2986441264076854,0.2986441264076854
150.865,0.2,-0.02086307757551356,-0.02086307757551356
150.87,0.2,-0.04273900349972726,-0.04273900349972726
150.875,0.2,-0.19851071186459737,-0.19851071186459737
150.88,0.2,0.4322445017930527,0.4322445017930527
150.885,0.2,0.547278608087544,0.547278608087544
150.89,0.2,0.5611260132554179,0.5611260132554179
150.895,0.2,0.5495438630429232,0.5495438630429232
150.9,0.2,0.33485557534196075,0.33485557534196075
150.905,0.2,0.06461151385314262,0.06461151385314262
150.91,0.2,-0.1655325048983499,-0.1655325048983499
150.915,0.2,0.06502218876252645,0.06502218876252645
150.92,0.2,0.29141990796530914,0.29141990796530914
150.925,0.2,0.32822571656861255,0.32822571656861255
150.93,0.2,0.6181387670739944,0.6181387670739944
150.935,0.2,0.5755252195170318,0.5755252195170318
150.94,0.2,0.39079100290078533,0.39079100290078533
150.945,0.2,0.07428202171164079,0.07428202171164079
150.95,0.2,-0.03424319492823123,-0.03424319492823123
150.955,0.2,-0.030267048010995022,-0.030267048010995022
150.96,0.2,0.2771797894650759,0.2771797894650759
150.965,0.2,0.5114797689759998,0.5114797689759998
150.97,0.2,0.7136097832152649,0.7136097832152649
150.975,0.2,0.5470464518978237,0.5470464518978237
150.98,0.2,0.5079211535239821,0.5079211535239821
150.985,0.2,0.015463264538309178,0.015463264538309178
150.99,0.2,-0.06057825994127619,-0.06057825994127619
150.995,0.2,-0.13232307917000077,-0.13232307917000077
151.0,0.2,0.1659232148301764,0.1659232148301764
151.005,0.2,0.49696487455357125,0.49696487455357125
151.01,0.2,0.7932191386485101,0.7932191386485101
151.015,0.2,0.45961433256159623,0.45961433256159623
151.02,0.2,0.42023805969042577,0.42023805969042577
151.025,0.2,0.03506397960009394,0.03506397960009394
151.03,0.2,-0.12689222595050934,-0.12689222595050934
151.035,0.2,0.13520172635217367,0.13520172635217367
151.04,0.2,0.14098068415268594,0.14098068415268594
151.045,0.2,0.502966871287678,0.502966871287678
151.05,0.2,0.9206874388859634,0.9206874388859634
151.055,0.2,0.699557986642409,0.699557986642409
151.06,0.2,0.2078157815590031,0.2078157815590031
151.065,0.2,-0.055463267599972055,-0.055463267599972055
151.07,0.2,-0.16948351249366533,-0.16948351249366533
151.075,0.2,0.046346341439120475,0.046346341439120475
151.08,0.2,0.33912600918173313,0.33912600918173313
151.085,0.2,0.6699665746867075,0.6699665746867075
151.09,0.2,0.5360227757415774,0.5360227757415774
151.095,0.2,0.35473987119592054,0.35473987119592054
151.1,0.2,0.2862562852535456,0.2862562852535456
151.105,0.2,0.016706494731537208,0.016706494731537208
151.11,0.2,-0.14574302835657527,-0.14574302835657527
151.115,0.2,-0.022127012198472934,-0.022127012198472934
151.12,0.2,0.26022810625318893,0.26022810625318893
151.125,0.2,0.5821901818094902,0.5821901818094902
151.13,0.2,0.7216606975384903,0.7216606975384903
151.135,0.2,0.6142739065823333,0.6142739065823333
151.14,0.2,0.27696741234832933,0.27696741234832933
151.145,0.2,0.04202382643193625,0.04202382643193625
151.15,0.2,-0.22906879653524648,-0.22906879653524648
151.155,0.2,0.03097494502419572,0.03097494502419572
151.16,0.2,0.241575744140808,0.241575744140808
151.165,0.2,0.5077284678110519,0.5077284678110519
151.17,0.2,0.4237756092886593,0.4237756092886593
151.175,0.2,0.588543390398183,0.588543390398183
151.18,0.2,0.06773733807258439,0.06773733807258439
151.185,0.2,0.09073812800199713,0.09073812800199713
151.19,0.2,-0.19571296227030885,-0.19571296227030885
151.195,0.2,0.10210526094013618,0.10210526094013618
151.2,0.2,0.4046238830168837,0.4046238830168837
151.205,0.2,0.5399554468709888,0.5399554468709888
151.21,0.2,0.46969578388535105,0.46969578388535105
151.215,0.2,0.36446270658260876,0.36446270658260876
151.22,0.2,0.2884450074183127,0.2884450074183127
151.225,0.2,-0.022431836088031242,-0.022431836088031242
151.23,0.2,0.09789455570898678,0.09789455570898678
151.235,0.2,0.2457404402247759,0.2457404402247759
151.24,0.2,0.306439153238274,0.306439153238274
151.245,0.2,0.5012638523690782,0.5012638523690782
151.25,0.2,0.6921188760644496,0.6921188760644496
151.255,0.2,0.4202470930980353,0.4202470930980353
151.26,0.2,0.14565223289782525,0.14565223289782525
151.265,0.2,-0.04131503736757318,-0.04131503736757318
151.27,0.2,-0.21801737846614253,-0.21801737846614253
151.275,0.2,0.052670102624361156,0.052670102624361156
151.28,0.2,0.2504613766688508,0.2504613766688508
151.285,0.2,0.5994485034123433,0.5994485034123433
151.29,0.2,0.612332093847304,0.612332093847304
151.295,0.2,0.5741100778795044,0.5741100778795044
151.3,0.2,0.24934866066361072,0.24934866066361072
151.305,0.2,-0.004988322449488568,-0.004988322449488568
151.31,0.2,0.09654240502751651,0.09654240502751651
151.315,0.2,0.08345478548957748,0.08345478548957748
151.32,0.2,0.26220426742453184,0.26220426742453184
151.325,0.2,0.6475224394117445,0.6475224394117445
151.33,0.2,0.7043663678889623,0.7043663678889623
151.335,0.2,0.4524386463854054,0.4524386463854054
151.34,0.2,0.21545773829414433,0.21545773829414433
151.345,0.2,0.016239133600152417,0.016239133600152417
151.35,0.2,-0.15094412169098015,-0.15094412169098015
151.355,0.2,-0.10698919890504384,-0.10698919890504384
151.36,0.2,0.27434823387791835,0.27434823387791835
151.365,0.2,0.5107235726687921,0.5107235726687921
151.37,0.2,0.7944749114314617,0.7944749114314617
151.375,0.2,0.47730367064993473,0.47730367064993473
151.38,0.2,0.17189082453535504,0.17189082453535504
151.385,0.2,-0.19116805338838666,-0.19116805338838666
151.39,0.2,-0.28392423907613396,-0.28392423907613396
151.395,0.2,-0.14368958954742977,-0.14368958954742977
151.4,0.2,0.16174437944479197,0.16174437944479197
151.405,0.2,0.6170725157436731,0.6170725157436731
151.41,0.2,0.6255162830435942,0.6255162830435942
151.415,0.2,0.6173956979775833,0.6173956979775833
151.42,0.2,0.0962734214682369,0.0962734214682369
151.425,0.2,-0.21650662767682918,-0.21650662767682918
151.43,0.2,-0.24778376610493624,-0.24778376610493624
151.435,0.2,0.0030748606736789516,0.0030748606736789516
151.44,0.2,0.1647133846611501,0.1647133846611501
151.445,0.2,0.29225035358478835,0.29225035358478835
151.45,0.2,0.503343126290055,0.503343126290055
151.455,0.2,0.31096912124891074,0.31096912124891074
151.46,0.2,0.0530572300843056,0.0530572300843056
151.465,0.2,-0.07470300150171845,-0.07470300150171845
151.47,0.2,-0.18571827002428754,-0.18571827002428754
151.475,0.2,0.023463280709793602,0.023463280709793602
151.48,0.2,0.25113338709601496,0.25113338709601496
151.485,0.2,0.49334755353144266,0.49334755353144266
151.49,0.2,0.5376570795681413,0.5376570795681413
151.495,0.2,0.352501996252328,0.352501996252328
151.5,0.2,-0.009044940582087657,-0.009044940582087657
151.505,0.2,-0.17173329520633257,-0.17173329520633257
151.51,0.2,-0.13787108904673467,-0.13787108904673467
151.515,0.2,0.08316043535602985,0.08316043535602985
151.52,0.2,0.24265081678550918,0.24265081678550918
151.525,0.2,0.5973936252070751,0.5973936252070751
151.53,0.2,0.532891092317481,0.532891092317481
151.535,0.2,0.39129966210148803,0.39129966210148803
151.54,0.2,0.03823096558016065,0.03823096558016065
151.545,0.2,-0.11204200085783877,-0.11204200085783877
151.55,0.2,-0.05473880515373261,-0.05473880515373261
151.555,0.2,0.04916290152206673,0.04916290152206673
151.56,0.2,0.27518682786952187,0.27518682786952187
151.565,0.2,0.2881880043130284,0.2881880043130284
151.57,0.2,0.4970100937738652,0.4970100937738652
151.575,0.2,0.283933864756135,0.283933864756135
151.58,0.2,0.26696708134051306,0.26696708134051306
151.585,0.2,-0.10816205374950597,-0.10816205374950597
151.59,0.2,-0.04060468757390018,-0.04060468757390018
151.595,0.2,0.1562236836884001,0.1562236836884001
151.6,0.2,0.12926183171604513,0.12926183171604513
151.605,0.2,0.3932532537818436,0.3932532537818436
151.61,0.2,0.6064043046188019,0.6064043046188019
151.615,0.2,0.4063918898438318,0.4063918898438318
151.62,0.2,0.08229528815179434,0.08229528815179434
151.625,0.2,-0.2570144602297676,-0.2570144602297676
151.63,0.2,-0.03652495227149899,-0.03652495227149899
151.635,0.2,-0.17356043559110476,-0.17356043559110476
151.64,0.2,0.05698992563763261,0.05698992563763261
151.645,0.2,0.4104210256417277,0.4104210256417277
151.65,0.2,0.3916374823354052,0.3916374823354052
151.655,0.2,0.37557474370142413,0.37557474370142413
151.66,0.2,0.11329318201776331,0.11329318201776331
151.665,0.2,-0.05381283920476633,-0.05381283920476633
151.67,0.2,-0.015785414005947074,-0.015785414005947074
151.675,0.2,-0.0694866535227096,-0.0694866535227096
151.68,0.2,0.300148567964288,0.300148567964288
151.685,0.2,0.2492054004410163,0.2492054004410163
151.69,0.2,0.42359281363596735,0.42359281363596735
151.695,0.2,0.5926204767494025,0.5926204767494025
151.7,0.2,0.09381038576682885,0.09381038576682885
151.705,0.2,-0.1733608073335914,-0.1733608073335914
151.71,0.2,-0.17285035740232366,-0.17285035740232366
151.715,0.2,-0.10352503037542504,-0.10352503037542504
151.72,0.2,0.01955472491735122,0.01955472491735122
151.725,0.2,0.3161468764983112,0.3161468764983112
151.73,0.2,0.4943756042721109,0.4943756042721109
151.735,0.2,0.26562401484854414,0.26562401484854414
151.74,0.2,0.23716460234196218,0.23716460234196218
151.745,0.2,-0.1341306208158074,-0.1341306208158074
151.75,0.2,-0.40705931661259964,-0.40705931661259964
151.755,0.2,-0.18325369876641867,-0.18325369876641867
151.76,0.2,0.0781818423191418,0.0781818423191418
151.765,0.2,0.34989693105246406,0.34989693105246406
151.77,0.2,0.40421189341885455,0.40421189341885455
151.775,0.2,0.48486393588903837,0.48486393588903837
151.78,0.2,-0.0148291164257313,-0.0148291164257313
151.785,0.2,-0.06327319163468623,-0.06327319163468623
151.79,0.2,-0.3672438338027336,-0.3672438338027336
151.795,0.2,-0.03083962494644231,-0.03083962494644231
151.8,0.2,0.12959241098861257,0.12959241098861257
151.805,0.2,0.4894985870746138,0.4894985870746138
151.81,0.2,0.44535204838532566,0.44535204838532566
151.815,0.2,0.4657625128803689,0.4657625128803689
151.82,0.2,0.08070060681325228,0.08070060681325228
151.825,0.2,-0.14653090597233143,-0.14653090597233143
151.83,0.2,-0.23893969967944054,-0.23893969967944054
151.835,0.2,0.06103466663252627,0.06103466663252627
151.84,0.2,0.23997446421270535,0.23997446421270535
151.845,0.2,0.4118477919185119,0.4118477919185119
151.85,0.2,0.5644402401437131,0.5644402401437131
151.855,0.2,0.36013956211288106,0.36013956211288106
151.86,0.2,0.28143714170855894,0.28143714170855894
151.865,0.2,-0.19108626116447658,-0.19108626116447658
151.87,0.2,-0.19494466687058915,-0.19494466687058915
151.875,0.2,-0.11268550739990696,-0.11268550739990696
151.88,0.2,0.1528300370382446,0.1528300370382446
151.885,0.2,0.5500280659427265,0.5500280659427265
151.89,0.2,0.4250012250798038,0.4250012250798038
151.895,0.2,0.5879156256312895,0.5879156256312895
151.9,0.2,0.19514638858965186,0.19514638858965186
151.905,0.2,-0.09439531220485045,-0.09439531220485045
151.91,0.2,-0.10062622582910459,-0.10062622582910459
151.915,0.2,-0.00504071251114515,-0.00504071251114515
151.92,0.2,0.2317086448488845,0.2317086448488845
151.925,0.2,0.5062809539275447,0.5062809539275447
151.93,0.2,0.6776013593051265,0.6776013593051265
151.935,0.2,0.46964351013336586,0.46964351013336586
151.94,0.2,0.15823073886756622,0.15823073886756622
151.945,0.2,0.013570282784295562,0.013570282784295562
151.95,0.2,-0.23520209829348748,-0.23520209829348748
151.955,0.2,0.014529575892407456,0.014529575892407456
151.96,0.2,0.3764960866369066,0.3764960866369066
151.965,0.2,0.6640528493775923,0.6640528493775923
151.97,0.2,0.5532612048038753,0.5532612048038753
151.975,0.2,0.5433206857090678,0.5433206857090678
151.98,0.2,0.2466205672259637,0.2466205672259637
151.985,0.2,-0.0003670372062008487,-0.0003670372062008487
151.99,0.2,-0.050840019925110044,-0.050840019925110044
151.995,0.2,-0.042834229090397524,-0.042834229090397524
152.0,0.2,0.08199489547614836,0.08199489547614836
152.005,0.2,0.5739328248757348,0.5739328248757348
152.01,0.2,0.5630396086732838,0.5630396086732838
152.015,0.2,0.5826176063595507,0.5826176063595507
152.02,0.2,0.24901118510497428,0.24901118510497428
152.025,0.2,0.05805479593920973,0.05805479593920973
152.03,0.2,-0.15922550694891432,-0.15922550694891432
152.035,0.2,-0.06650257978009742,-0.06650257978009742
152.04,0.2,0.12830067670514977,0.12830067670514977
152.045,0.2,0.3951298818671221,0.3951298818671221
152.05,0.2,0.540251345491101,0.540251345491101
152.055,0.2,0.4246997925843926,0.4246997925843926
152.06,0.2,0.04341572481081277,0.04341572481081277
152.065,0.2,-0.07043120342347703,-0.07043120342347703
152.07,0.2,-0.15181928386843857,-0.15181928386843857
152.075,0.2,-0.04624075664934997,-0.04624075664934997
152.08,0.2,-0.009814087829359941,-0.009814087829359941
152.085,0.2,0.6922909093539616,0.6922909093539616
152.09,0.2,0.6297693687832153,0.6297693687832153
152.095,0.2,0.28159904620945164,0.28159904620945164
152.1,0.2,0.09350317908445213,0.09350317908445213
152.105,0.2,-0.13902929514269513,-0.13902929514269513
152.11,0.2,-0.24579748809528712,-0.24579748809528712
152.115,0.2,-0.08951827526702075,-0.08951827526702075
152.12,0.2,0.0886425684067793,0.0886425684067793
152.125,0.2,0.540744318178617,0.540744318178617
152.13,0.2,0.5193353822132637,0.5193353822132637
152.135,0.2,0.43759558809737464,0.43759558809737464
152.14,0.2,0.14446119107388045,0.14446119107388045
152.145,0.2,-0.2370332841255405,-0.2370332841255405
152.15,0.2,-0.07755411957170866,-0.07755411957170866
152.155,0.2,-0.20685562798462936,-0.20685562798462936
152.16,0.2,-0.03426772627007904,-0.03426772627007904
152.165,0.2,0.4008894649784115,0.4008894649784115
152.17,0.2,0.4789131643253987,0.4789131643253987
152.175,0.2,0.4538860974137887,0.4538860974137887
152.18,0.2,0.10359835980946408,0.10359835980946408
152.185,0.2,-0.22023747274710687,-0.22023747274710687
152.19,0.2,-0.26898142560340377,-0.26898142560340377
152.195,0.2,-0.08043496490177061,-0.08043496490177061
152.2,0.2,0.07563719594505641,0.07563719594505641
152.205,0.2,0.2831195294055589,0.2831195294055589
152.21,0.2,0.5142269775774113,0.5142269775774113
152.215,0.2,0.23000132277660568,0.23000132277660568
152.22,0.2,-0.060384912566177174,-0.060384912566177174
152.225,0.2,-0.3184352737223715,-0.3184352737223715
152.23,0.2,-0.4980731321682776,-0.4980731321682776
152.235,0.2,-0.04706403277600217,-0.04706403277600217
152.24,0.2,0.1392770265889184,0.1392770265889184
152.245,0.2,0.4391321525604026,0.4391321525604026
152.25,0.2,0.5852396022977101,0.5852396022977101
152.255,0.2,0.18060394755635928,0.18060394755635928
152.26,0.2,0.030165730063510997,0.030165730063510997
152.265,0.2,-0.17820304471713563,-0.17820304471713563
152.27,0.2,-0.22610850889204226,-0.22610850889204226
152.275,0.2,-0.0766143642442132,-0.0766143642442132
152.28,0.2,0.10735236382738897,0.10735236382738897
152.285,0.2,0.480080518875542,0.480080518875542
152.29,0.2,0.48502214538507976,0.48502214538507976
152.295,0.2,0.24458358515593265,0.24458358515593265
152.3,0.2,-0.06506833750416839,-0.06506833750416839
152.305,0.2,-0.3051899394899009,-0.3051899394899009
152.31,0.2,-0.32460767971856486,-0.32460767971856486
152.315,0.2,-0.0928648818432868,-0.0928648818432868
152.32,0.2,0.08455093573977478,0.08455093573977478
152.325,0.2,0.2847144946994052,0.2847144946994052
152.33,0.2,0.41797947353298304,0.41797947353298304
152.335,0.2,0.4167921376660142,0.4167921376660142
152.34,0.2,0.061736429719719876,0.061736429719719876
152.345,0.2,-0.1650384360966402,-0.1650384360966402
152.35,0.2,-0.27646892483147567,-0.27646892483147567
152.355,0.2,-0.16757950901543697,-0.16757950901543697
152.36,0.2,0.0942251846708562,0.0942251846708562
152.365,0.2,0.34035948971743346,0.34035948971743346
152.37,0.2,0.48067280121823125,0.48067280121823125
152.375,0.2,0.3546621172253183,0.3546621172253183
152.38,0.2,-0.08229425176252324,-0.08229425176252324
152.385,0.2,-0.13317443737673842,-0.13317443737673842
152.39,0.2,-0.20451565657294507,-0.20451565657294507
152.395,0.2,-0.18897517924366425,-0.18897517924366425
152.4,0.2,0.1316281851425014,0.1316281851425014
152.405,0.2,0.2788988997042052,0.2788988997042052
152.41,0.2,0.5749303054644967,0.5749303054644967
152.415,0.2,0.15061179911566155,0.15061179911566155
152.42,0.2,0.060951971446858176,0.060951971446858176
152.425,0.2,-0.16593478372616335,-0.16593478372616335
152.43,0.2,-0.34036523225938387,-0.34036523225938387
152.435,0.2,-0.1555584621745547,-0.1555584621745547
152.44,0.2,0.24297900733859346,0.24297900733859346
152.445,0.2,0.6234172960971898,0.6234172960971898
152.45,0.2,0.2688431786594073,0.2688431786594073
152.455,0.2,0.3789992404758359,0.3789992404758359
152.46,0.2,0.07869432257514686,0.07869432257514686
152.465,0.2,-0.17016805109993152,-0.17016805109993152
152.47,0.2,-0.1947226016035017,-0.1947226016035017
152.475,0.2,-0.13928271746539767,-0.13928271746539767
152.48,0.2,0.0572826433330081,0.0572826433330081
152.485,0.2,0.2797456968719791,0.2797456968719791
152.49,0.2,0.40622757482704525,0.40622757482704525
152.495,0.2,0.4815003420167595,0.4815003420167595
152.5,0.2,-0.001039287537094466,-0.001039287537094466
152.505,0.2,-0.31589266982863096,-0.31589266982863096
152.51,0.2,-0.10107013663212558,-0.10107013663212558
152.515,0.2,-0.22050233211399542,-0.22050233211399542
152.52,0.2,0.05901994280673993,0.05901994280673993
152.525,0.2,0.42541128242497217,0.42541128242497217
152.53,0.2,0.4484289424404989,0.4484289424404989
152.535,0.2,0.225754986613746,0.225754986613746
152.54,0.2,0.07627246064069244,0.07627246064069244
152.545,0.2,-0.02791003245866361,-0.02791003245866361
152.55,0.2,-0.3430475722534871,-0.3430475722534871
152.555,0.2,-0.14216510958763331,-0.14216510958763331
152.56,0.2,0.048300484337217495,0.048300484337217495
152.565,0.2,0.24126305941786305,0.24126305941786305
152.57,0.2,0.4303860632905489,0.4303860632905489
152.575,0.2,0.31204297510682844,0.31204297510682844
152.58,0.2,-0.03386239762773342,-0.03386239762773342
152.585,0.2,-0.2335487978499526,-0.2335487978499526
152.59,0.2,-0.28160982617565855,-0.28160982617565855
152.595,0.2,-0.11414601381630644,-0.11414601381630644
152.6,0.2,0.19215531603229713,0.19215531603229713
152.605,0.2,0.2868445789834326,0.2868445789834326
152.61,0.2,0.3526366077673576,0.3526366077673576
152.615,0.2,0.34125426713588203,0.34125426713588203
152.62,0.2,-0.23723471000879187,-0.23723471000879187
152.625,0.2,-0.24675371152938608,-0.24675371152938608
152.63,0.2,-0.021411705805474412,-0.021411705805474412
152.635,0.2,-0.12633828333470085,-0.12633828333470085
152.64,0.2,0.12551328271402343,0.12551328271402343
152.645,0.2,0.3293024025782358,0.3293024025782358
152.65,0.2,0.5505728063149627,0.5505728063149627
152.655,0.2,0.4322830125767855,0.4322830125767855
152.66,0.2,0.10565133404996814,0.10565133404996814
152.665,0.2,-0.14563527984170388,-0.14563527984170388
152.67,0.2,-0.23245769890043147,-0.23245769890043147
152.675,0.2,0.029735109851036598,0.029735109851036598
152.68,0.2,0.0827828653228172,0.0827828653228172
152.685,0.2,0.47700221737870974,0.47700221737870974
152.69,0.2,0.5388234970438682,0.5388234970438682
152.695,0.2,0.3188177209597447,0.3188177209597447
152.7,0.2,0.25879464441610506,0.25879464441610506
152.705,0.2,-0.12907512317282718,-0.12907512317282718
152.71,0.2,-0.20607109475938865,-0.20607109475938865
152.715,0.2,-0.20477206484727714,-0.20477206484727714
152.72,0.2,0.28439190935062797,0.28439190935062797
152.725,0.2,0.3823778245525856,0.3823778245525856
152.73,0.2,0.50840033168801,0.50840033168801
152.735,0.2,0.5286536179886955,0.5286536179886955
152.74,0.2,0.2455384874530335,0.2455384874530335
152.745,0.2,-0.2742835553910055,-0.2742835553910055
152.75,0.2,-0.19679148356616472,-0.19679148356616472
152.755,0.2,-0.04337786647224802,-0.04337786647224802
152.76,0.2,0.2413910436589516,0.2413910436589516
152.765,0.2,0.3834567472468363,0.3834567472468363
152.77,0.2,0.722131702147791,0.722131702147791
152.775,0.2,0.5727744576181611,0.5727744576181611
152.78,0.2,0.17045118852788269,0.17045118852788269
152.785,0.2,0.0923043496905146,0.0923043496905146
152.79,0.2,-0.30348029463876103,-0.30348029463876103
152.795,0.2,-0.04842187558830809,-0.04842187558830809
152.8,0.2,0.23938135272289288,0.23938135272289288
152.805,0.2,0.43306775635092387,0.43306775635092387
152.81,0.2,0.5272591005028164,0.5272591005028164
152.815,0.2,0.3408909819944589,0.3408909819944589
152.82,0.2,0.194902736382439,0.194902736382439
152.825,0.2,-0.09725674521493688,-0.09725674521493688
152.83,0.2,-0.11964089765147087,-0.11964089765147087
152.835,0.2,-0.025727804988135275,-0.025727804988135275
152.84,0.2,0.13179491032731572,0.13179491032731572
152.845,0.2,0.3172473588321909,0.3172473588321909
152.85,0.2,0.5461516064688265,0.5461516064688265
152.855,0.2,0.4790211857445036,0.4790211857445036
152.86,0.2,0.13083263410312757,0.13083263410312757
152.865,0.2,-0.08455025202628351,-0.08455025202628351
152.87,0.2,-0.07921027548911667,-0.07921027548911667
152.875,0.2,-0.21493700080809755,-0.21493700080809755
152.88,0.2,0.16911285143751675,0.16911285143751675
152.885,0.2,0.38749989547960584,0.38749989547960584
152.89,0.2,0.5939521710317639,0.5939521710317639
152.895,0.2,0.38359164345380603,0.38359164345380603
152.9,0.2,0.372622693249344,0.372622693249344
152.905,0.2,-0.04078937602446926,-0.04078937602446926
152.91,0.2,-0.1406554095202491,-0.1406554095202491
152.915,0.2,-0.004687901770553934,-0.004687901770553934
152.92,0.2,0.25983132064750647,0.25983132064750647
152.925,0.2,0.24322714883457755,0.24322714883457755
152.93,0.2,0.5166615035235206,0.5166615035235206
152.935,0.2,0.58619113847049,0.58619113847049
152.94,0.2,0.292698510914931,0.292698510914931
152.945,0.2,-0.12463737554381837,-0.12463737554381837
152.95,0.2,-0.04488417859251395,-0.04488417859251395
152.955,0.2,-0.06779362249674056,-0.06779362249674056
152.96,0.2,0.20883473099150068,0.20883473099150068
152.965,0.2,0.5432534813113031,0.5432534813113031
152.97,0.2,0.6615947039836575,0.6615947039836575
152.975,0.2,0.39144159081329094,0.39144159081329094
152.98,0.2,0.3011333954621612,0.3011333954621612
152.985,0.2,-0.19335674663404032,-0.19335674663404032
152.99,0.2,-0.19718045422057007,-0.19718045422057007
152.995,0.2,0.007144854865402672,0.007144854865402672
153.0,0.2,0.2571986500615441,0.2571986500615441
153.005,0.2,0.4238960191434791,0.4238960191434791
153.01,0.2,0.6035657281526663,0.6035657281526663
153.015,0.2,0.6314369165553748,0.6314369165553748
153.02,0.2,0.2645133322104157,0.2645133322104157
153.025,0.2,-0.020002703516496835,-0.020002703516496835
153.03,0.2,-0.20425540537835285,-0.20425540537835285
153.035,0.2,-0.1536982538983545,-0.1536982538983545
153.04,0.2,0.2074427559238851,0.2074427559238851
153.045,0.2,0.6274875121118673,0.6274875121118673
153.05,0.2,0.7691175310413783,0.7691175310413783
153.055,0.2,0.36070305695328064,0.36070305695328064
153.06,0.2,0.23243371997717982,0.23243371997717982
153.065,0.2,-0.20090254217681452,-0.20090254217681452
153.07,0.2,-0.2395621581862612,-0.2395621581862612
153.075,0.2,0.09996346433260253,0.09996346433260253
153.08,0.2,0.18738500999314123,0.18738500999314123
153.085,0.2,0.424305472053305,0.424305472053305
153.09,0.2,0.5088714536583447,0.5088714536583447
153.095,0.2,0.41468434197299386,0.41468434197299386
153.1,0.2,0.13979290655059393,0.13979290655059393
153.105,0.2,-0.12194553764602456,-0.12194553764602456
153.11,0.2,-0.2956258735712681,-0.2956258735712681
153.115,0.2,0.0034781222362265662,0.0034781222362265662
153.12,0.2,0.21644673279987803,0.21644673279987803
153.125,0.2,0.5942043122890591,0.5942043122890591
153.13,0.2,0.5830946046656026,0.5830946046656026
153.135,0.2,0.3980024230480248,0.3980024230480248
153.14,0.2,0.20114635291727562,0.20114635291727562
153.145,0.2,-0.05470052197770692,-0.05470052197770692
153.15,0.2,-0.12653533309103054,-0.12653533309103054
153.155,0.2,0.029723111784922762,0.029723111784922762
153.16,0.2,0.24965864907620056,0.24965864907620056
153.165,0.2,0.509538190618224,0.509538190618224
153.17,0.2,0.511055834384545,0.511055834384545
153.175,0.2,0.45333821433015536,0.45333821433015536
153.18,0.2,0.26264938733355864,0.26264938733355864
153.185,0.2,0.020845588735855083,0.020845588735855083
153.19,0.2,-0.2598428030483454,-0.2598428030483454
153.195,0.2,0.055921981992438446,0.055921981992438446
153.2,0.2,0.19919783493950427,0.19919783493950427
153.205,0.2,0.539638601967185,0.539638601967185
153.21,0.2,0.6226720515838892,0.6226720515838892
153.215,0.2,0.47022347994463454,0.47022347994463454
153.22,0.2,0.13259625152979254,0.13259625152979254
153.225,0.2,0.21779798586331575,0.21779798586331575
153.23,0.2,-0.014112206166541602,-0.014112206166541602
153.235,0.2,0.05979167331772493,0.05979167331772493
153.24,0.2,0.1766489897596435,0.1766489897596435
153.245,0.2,0.5770193549622684,0.5770193549622684
153.25,0.2,0.6058137105829392,0.6058137105829392
153.255,0.2,0.4485869959465323,0.4485869959465323
153.26,0.2,0.3174690594001237,0.3174690594001237
153.265,0.2,-0.012472787150181245,-0.012472787150181245
153.27,0.2,-0.2847584568269535,-0.2847584568269535
153.275,0.2,-0.15357148215530292,-0.15357148215530292
153.28,0.2,0.29798519696040643,0.29798519696040643
153.285,0.2,0.5056362557633539,0.5056362557633539
153.29,0.2,0.7285772448316873,0.7285772448316873
153.295,0.2,0.37779009741409497,0.37779009741409497
153.3,0.2,0.2262055113457975,0.2262055113457975
153.305,0.2,-0.025841694595393587,-0.025841694595393587
153.31,0.2,-0.05976851453407575,-0.05976851453407575
153.315,0.2,-0.10680152293514861,-0.10680152293514861
153.32,0.2,0.36790574936476694,0.36790574936476694
153.325,0.2,0.5193362096047471,0.5193362096047471
153.33,0.2,0.5550733657345949,0.5550733657345949
153.335,0.2,0.5982079232987991,0.5982079232987991
153.34,0.2,0.16915433837696567,0.16915433837696567
153.345,0.2,0.020460713834384414,0.020460713834384414
153.35,0.2,-0.10484310600086978,-0.10484310600086978
153.355,0.2,-0.005665390519796865,-0.005665390519796865
153.36,0.2,0.3900680626769458,0.3900680626769458
153.365,0.2,0.5680941432691666,0.5680941432691666
153.37,0.2,0.6442408832669412,0.6442408832669412
153.375,0.2,0.3168044578606427,0.3168044578606427
153.38,0.2,0.07341233096368785,0.07341233096368785
153.385,0.2,-0.027962066487918498,-0.027962066487918498
153.39,0.2,-0.10815868365643833,-0.10815868365643833
153.395,0.2,0.1417638141699383,0.1417638141699383
153.4,0.2,0.23938057789817904,0.23938057789817904
153.405,0.2,0.49773262785127653,0.49773262785127653
153.41,0.2,0.6605910949237342,0.6605910949237342
153.415,0.2,0.381278602137122,0.381278602137122
153.42,-0.2,0.0939973576283363,0.0939973576283363
153.425,-0.2,-0.18017365710623762,-0.18017365710623762
153.43,-0.2,-0.23360976555304752,-0.23360976555304752
153.435,-0.2,-0.01296622295638141,-0.01296622295638141
153.44,-0.2,0.3453226472270168,0.3453226472270168
153.445,-0.2,0.5341044135117036,0.5341044135117036
153.45,-0.2,0.4613067186127421,0.4613067186127421
153.455,-0.2,0.40932381620768565,0.40932381620768565
153.46,-0.2,0.26655109311450925,0.26655109311450925
153.465,-0.2,0.043064096609725794,0.043064096609725794
153.47,-0.2,-0.17789637023730714,-0.17789637023730714
153.475,-0.2,-0.007344450798267087,-0.007344450798267087
153.48,-0.2,0.36913756216687976,0.36913756216687976
153.485,-0.2,0.5805561138785158,0.5805561138785158
153.49,-0.2,0.590097280974951,0.590097280974951
153.495,-0.2,0.502399351217382,0.502399351217382
153.5,-0.2,0.3587754395925211,0.3587754395925211
153.505,-0.2,0.02228412088811052,0.02228412088811052
153.51,-0.2,-0.17055818957048088,-0.17055818957048088
153.515,-0.2,0.04930988283725053,0.04930988283725053
153.52,-0.2,0.24753758251919628,0.24753758251919628
153.525,-0.2,0.34105591710418726,0.34105591710418726
153.53,-0.2,0.663245489957809,0.663245489957809
153.535,-0.2,0.43546992310718036,0.43546992310718036
153.54,-0.2,0.3392256703204056,0.3392256703204056
153.545,-0.2,-0.08471097116274129,-0.08471097116274129
153.55,-0.2,-0.2821111520317493,-0.2821111520317493
153.555,-0.2,-0.06609383958974008,-0.06609383958974008
153.56,-0.2,0.06747309675031654,0.06747309675031654
153.565,-0.2,0.4168216604827806,0.4168216604827806
153.57,-0.2,0.5776820156332989,0.5776820156332989
153.575,-0.2,0.42450844044182634,0.42450844044182634
153.58,-0.2,0.14453357919833731,0.14453357919833731
153.585,-0.2,-0.14787913960339988,-0.14787913960339988
153.59,-0.2,-0.1459863076507798,-0.1459863076507798
153.595,-0.2,-0.028642920296444586,-0.028642920296444586
153.6,-0.2,0.26032876397350124,0.26032876397350124
153.605,-0.2,0.475822868343818,0.475822868343818
153.61,-0.2,0.5932463437673874,0.5932463437673874
153.615,-0.2,0.39136621549323103,0.39136621549323103
153.62,-0.2,0.20974745232969536,0.20974745232969536
153.625,-0.2,0.06028473997655945,0.06028473997655945
153.63,-0.2,-0.32661215844679187,-0.32661215844679187
153.635,-0.2,0.008435532531557474,0.008435532531557474
153.64,-0.2,0.179146136237616,0.179146136237616
153.645,-0.2,0.6017417313116146,0.6017417313116146
153.65,-0.2,0.44334316418911535,0.44334316418911535
153.655,-0.2,0.39946725890088114,0.39946725890088114
153.66,-0.2,0.01856062950758161,0.01856062950758161
153.665,-0.2,-0.1233186483663494,-0.1233186483663494
153.67,-0.2,-0.17729197935567156,-0.17729197935567156
153.675,-0.2,-0.0051722269896923925,-0.0051722269896923925
153.68,-0.2,0.2510790858441879,0.2510790858441879
153.685,-0.2,0.46495512798497485,0.46495512798497485
153.69,-0.2,0.5880763979977246,0.5880763979977246
153.695,-0.2,0.47639668008629243,0.47639668008629243
153.7,-0.2,0.0676621064906836,0.0676621064906836
153.705,-0.2,0.08366438615763298,0.08366438615763298
153.71,-0.2,-0.2580365348595336,-0.2580365348595336
153.715,-0.2,-0.11619145148359607,-0.11619145148359607
153.72,-0.2,0.2138229182735296,0.2138229182735296
153.725,-0.2,0.41217624562263794,0.41217624562263794
153.73,-0.2,0.528438932877665,0.528438932877665
153.735,-0.2,0.4667342031955836,0.4667342031955836
153.74,-0.2,0.2179103681443165,0.2179103681443165
153.745,-0.2,0.04633775025489187,0.04633775025489187
153.75,-0.2,-0.20949180495104283,-0.20949180495104283
153.755,-0.2,0.02039042606908756,0.02039042606908756
153.76,-0.2,0.2866592726899683,0.2866592726899683
153.765,-0.2,0.5280438975041672,0.5280438975041672
153.77,-0.2,0.37846157206099107,0.37846157206099107
153.775,-0.2,0.36015809375761276,0.36015809375761276
153.78,-0.2,0.3369308205453979,0.3369308205453979
153.785,-0.2,-0.1186260928019692,-0.1186260928019692
153.79,-0.2,-0.2919883724840203,-0.2919883724840203
153.795,-0.2,-0.002634620616436892,-0.002634620616436892
153.8,-0.2,0.33458298993660596,0.33458298993660596
153.805,-0.2,0.42899433756742844,0.42899433756742844
153.81,-0.2,0.5060025431621625,0.5060025431621625
153.815,-0.2,0.5296169660690915,0.5296169660690915
153.82,-0.2,0.2997752199377302,0.2997752199377302
153.825,-0.2,-0.03700755737565126,-0.03700755737565126
153.83,-0.2,-0.14162863796521097,-0.14162863796521097
153.835,-0.2,0.04729778636630105,0.04729778636630105
153.84,-0.2,0.23454237566335742,0.23454237566335742
153.845,-0.2,0.4745386255495681,0.4745386255495681
153.85,-0.2,0.6226347086451428,0.6226347086451428
153.855,-0.2,0.4925966455430275,0.4925966455430275
153.86,-0.2,0.28223865841301754,0.28223865841301754
153.865,-0.2,-0.12731557743904456,-0.12731557743904456
153.87,-0.2,-0.15056271701569307,-0.15056271701569307
153.875,-0.2,0.07292055646793358,0.07292055646793358
153.88,-0.2,0.19732519824425676,0.19732519824425676
153.885,-0.2,0.5187981819226435,0.5187981819226435
153.89,-0.2,0.49649756584060917,0.49649756584060917
153.895,-0.2,0.4965752597375536,0.4965752597375536
153.9,-0.2,0.07829334092920073,0.07829334092920073
153.905,-0.2,-0.00896604297448883,-0.00896604297448883
153.91,-0.2,-0.11017140050382666,-0.11017140050382666
153.915,-0.2,0.1630008825229727,0.1630008825229727
153.92,-0.2,0.19074158367376437,0.19074158367376437
153.925,-0.2,0.36028468820483284,0.36028468820483284
153.93,-0.2,0.7387440726253486,0.7387440726253486
153.935,-0.2,0.4158477050530143,0.4158477050530143
153.94,-0.2,0.14083812226986575,0.14083812226986575
153.945,-0.2,0.07150848005269947,0.07150848005269947
153.95,-0.2,-0.22773285973104496,-0.22773285973104496
153.955,-0.2,-0.09195304348067912,-0.09195304348067912
153.96,-0.2,0.19966442039511748,0.19966442039511748
153.965,-0.2,0.4319779767201487,0.4319779767201487
153.97,-0.2,0.7865671814912822,0.7865671814912822
153.975,-0.2,0.5914718891099147,0.5914718891099147
153.98,-0.2,0.09578608906435443,0.09578608906435443
153.985,-0.2,-0.31376998792682187,-0.31376998792682187
153.99,-0.2,-0.06245475932726756,-0.06245475932726756
153.995,-0.2,-0.07716273913094396,-0.07716273913094396
154.0,-0.2,0.19879465707692368,0.19879465707692368
154.005,-0.2,0.5045210888561192,0.5045210888561192
154.01,-0.2,0.44068551992586474,0.44068551992586474
154.015,-0.2,0.3864519110673256,0.3864519110673256
154.02,-0.2,0.04351004391705093,0.04351004391705093
154.025,-0.2,-0.12370018154706953,-0.12370018154706953
154.03,-0.2,-0.07380575981769642,-0.07380575981769642
154.035,-0.2,-0.13131910415036585,-0.13131910415036585
154.04,-0.2,0.10507468885938696,0.10507468885938696
154.045,-0.2,0.6182562309506088,0.6182562309506088
154.05,-0.2,0.6834773721231427,0.6834773721231427
154.055,-0.2,0.4062956472039503,0.4062956472039503
154.06,-0.2,0.061243953044549104,0.061243953044549104
154.065,-0.2,-0.10416344497208599,-0.10416344497208599
154.07,-0.2,-0.15207604199996894,-0.15207604199996894
154.075,-0.2,-0.03689875977975694,-0.03689875977975694
154.08,-0.2,0.1638538142527383,0.1638538142527383
154.085,-0.2,0.35990127231339386,0.35990127231339386
154.09,-0.2,0.6681777467718545,0.6681777467718545
154.095,-0.2,0.5323320093990938,0.5323320093990938
154.1,-0.2,0.24557151328907462,0.24557151328907462
154.105,-0.2,-0.25287369279813976,-0.25287369279813976
154.11,-0.2,-0.3350960163895431,-0.3350960163895431
154.115,-0.2,0.0010594158391974279,0.0010594158391974279
154.12,-0.2,0.27287337503158554,0.27287337503158554
154.125,-0.2,0.5885826386817697,0.5885826386817697
154.13,-0.2,0.5623913368102718,0.5623913368102718
154.135,-0.2,0.5690845330679334,0.5690845330679334
154.14,-0.2,0.32003207373048387,0.32003207373048387
154.145,-0.2,-0.06482617234472329,-0.06482617234472329
154.15,-0.2,-0.15112372618421893,-0.15112372618421893
154.155,-0.2,-0.07191764763581496,-0.07191764763581496
154.16,-0.2,0.1772720141492159,0.1772720141492159
154.165,-0.2,0.45820241853888005,0.45820241853888005
154.17,-0.2,0.6814526487655591,0.6814526487655591
154.175,-0.2,0.45338945773935435,0.45338945773935435
154.18,-0.2,0.21507883530036853,0.21507883530036853
154.185,-0.2,-0.09500894479303171,-0.09500894479303171
154.19,-0.2,-0.1843931922317338,-0.1843931922317338
154.195,-0.2,-0.04154073877114858,-0.04154073877114858
154.2,-0.2,0.15459592844094128,0.15459592844094128
154.205,-0.2,0.5097970724648971,0.5097970724648971
154.21,-0.2,0.6372541516961199,0.6372541516961199
154.215,-0.2,0.4023623339536883,0.4023623339536883
154.22,-0.2,0.12496156814255299,0.12496156814255299
154.225,-0.2,-0.07315839078964427,-0.07315839078964427
154.23,-0.2,-0.2861192943112654,-0.2861192943112654
154.235,-0.2,-0.06349600238843764,-0.06349600238843764
154.24,-0.2,0.5457279738346833,0.5457279738346833
154.245,-0.2,0.48175550713339826,0.48175550713339826
154.25,-0.2,0.43340235384364156,0.43340235384364156
154.255,-0.2,0.44338717354377283,0.44338717354377283
154.26,-0.2,0.07105178173423632,0.07105178173423632
154.265,-0.2,-0.1254878056251536,-0.1254878056251536
154.27,-0.2,-0.14625409862656621,-0.14625409862656621
154.275,-0.2,-0.0542835448911507,-0.0542835448911507
154.28,-0.2,0.18982111062625645,0.18982111062625645
154.285,-0.2,0.4328393234900901,0.4328393234900901
154.29,-0.2,0.5599434514095668,0.5599434514095668
154.295,-0.2,0.4910302179474182,0.4910302179474182
154.3,-0.2,0.24432676046444157,0.24432676046444157
154.305,-0.2,-0.03384435646142662,-0.03384435646142662
154.31,-0.2,-0.3508448394038824,-0.3508448394038824
154.315,-0.2,-0.013107854903181053,-0.013107854903181053
154.32,-0.2,0.1443125580659314,0.1443125580659314
154.325,-0.2,0.6191500105185008,0.6191500105185008
154.33,-0.2,0.6237299266090035,0.6237299266090035
154.335,-0.2,0.4634586684285202,0.4634586684285202
154.34,-0.2,0.14720036601867797,0.14720036601867797
154.345,-0.2,0.025619191096601393,0.025619191096601393
154.35,-0.2,-0.2435246691150535,-0.2435246691150535
154.355,-0.2,0.12201770759820205,0.12201770759820205
154.36,-0.2,0.19888175504908956,0.19888175504908956
154.365,-0.2,0.5062485994433251,0.5062485994433251
154.37,-0.2,0.5192336114418601,0.5192336114418601
154.375,-0.2,0.481315735766849,0.481315735766849
154.38,-0.2,0.057598123189309375,0.057598123189309375
154.385,-0.2,0.1214221482944203,0.1214221482944203
154.39,-0.2,-0.05719622319557052,-0.05719622319557052
154.395,-0.2,0.06282398122631148,0.06282398122631148
154.4,-0.2,0.2057399863775914,0.2057399863775914
154.405,-0.2,0.4787848742015763,0.4787848742015763
154.41,-0.2,0.8651413966678185,0.8651413966678185
154.415,-0.2,0.5410495159942074,0.5410495159942074
154.42,-0.2,0.20132988648842273,0.20132988648842273
154.425,-0.2,-0.2814193572157775,-0.2814193572157775
154.43,-0.2,-0.28593554285835254,-0.28593554285835254
154.435,-0.2,-0.10578601071794974,-0.10578601071794974
154.44,-0.2,0.13846183140681773,0.13846183140681773
154.445,-0.2,0.3373749056514236,0.3373749056514236
154.45,-0.2,0.7079814057964469,0.7079814057964469
154.455,-0.2,0.30574981588340466,0.30574981588340466
154.46,-0.2,0.22753593795942498,0.22753593795942498
154.465,-0.2,-0.036465655894997506,-0.036465655894997506
154.47,-0.2,-0.17492610147902718,-0.17492610147902718
154.475,-0.2,-0.06442711868199459,-0.06442711868199459
154.48,-0.2,0.2993234407850153,0.2993234407850153
154.485,-0.2,0.47981897679856855,0.47981897679856855
154.49,-0.2,0.5885145870933943,0.5885145870933943
154.495,-0.2,0.4455604060443977,0.4455604060443977
154.5,-0.2,0.14130105191874745,0.14130105191874745
154.505,-0.2,-0.10228806612200861,-0.10228806612200861
154.51,-0.2,0.02254728335837497,0.02254728335837497
154.515,-0.2,-0.15190926685955583,-0.15190926685955583
154.52,-0.2,0.25961205933162107,0.25961205933162107
154.525,-0.2,0.5253913509163639,0.5253913509163639
154.53,-0.2,0.47272437651512617,0.47272437651512617
154.535,-0.2,0.42175282850722257,0.42175282850722257
154.54,-0.2,0.2124686308855278,0.2124686308855278
154.545,-0.2,0.22417054956358048,0.22417054956358048
154.55,-0.2,-0.21466543250626346,-0.21466543250626346
154.555,-0.2,-0.056919408699697846,-0.056919408699697846
154.56,-0.2,0.07751713029743332,0.07751713029743332
154.565,-0.2,0.48650722126072365,0.48650722126072365
154.57,-0.2,0.5812899503696823,0.5812899503696823
154.575,-0.2,0.37703342180182253,0.37703342180182253
154.58,-0.2,0.11634894018681688,0.11634894018681688
154.585,-0.2,5.550920676046511e-05,5.550920676046511e-05
154.59,-0.2,-0.23046865023280966,-0.23046865023280966
154.595,-0.2,-0.1915106210751739,-0.1915106210751739
154.6,-0.2,0.05594483670700573,0.05594483670700573
154.605,-0.2,0.6560087589638363,0.6560087589638363
154.61,-0.2,0.6264402536126549,0.6264402536126549
154.615,-0.2,0.42205803018148547,0.42205803018148547
154.62,-0.2,0.19650143417357077,0.19650143417357077
154.625,-0.2,-0.1397999823311314,-0.1397999823311314
154.63,-0.2,-0.21269341699117134,-0.21269341699117134
154.635,-0.2,-0.16681221809722868,-0.16681221809722868
154.64,-0.2,0.2172247411392376,0.2172247411392376
154.645,-0.2,0.5283414066535896,0.5283414066535896
154.65,-0.2,0.49396966282618177,0.49396966282618177
154.655,-0.2,0.3721007624263078,0.3721007624263078
154.66,-0.2,0.139068242379713,0.139068242379713
154.665,-0.2,-0.035708803541710285,-0.035708803541710285
154.67,-0.2,-0.27814322672419584,-0.27814322672419584
154.675,-0.2,-0.041755454770798624,-0.041755454770798624
154.68,-0.2,0.2528138271691062,0.2528138271691062
154.685,-0.2,0.3328970612563579,0.3328970612563579
154.69,-0.2,0.7928720730223577,0.7928720730223577
154.695,-0.2,0.4119156736736708,0.4119156736736708
154.7,-0.2,0.16063114765080172,0.16063114765080172
154.705,-0.2,-0.4358845343729006,-0.4358845343729006
154.71,-0.2,0.07805239418282256,0.07805239418282256
154.715,-0.2,-0.061510397098392344,-0.061510397098392344
154.72,-0.2,0.026925078267823144,0.026925078267823144
154.725,-0.2,0.5424625311349456,0.5424625311349456
154.73,-0.2,0.3534163752756333,0.3534163752756333
154.735,-0.2,0.4223134295381242,0.4223134295381242
154.74,-0.2,0.21424983686804727,0.21424983686804727
154.745,-0.2,-0.21554560703849898,-0.21554560703849898
154.75,-0.2,-0.044907103508703416,-0.044907103508703416
154.755,-0.2,-0.04583664049815643,-0.04583664049815643
154.76,-0.2,0.3203636718863647,0.3203636718863647
154.765,-0.2,0.41113567890994573,0.41113567890994573
154.77,-0.2,0.5144271180022806,0.5144271180022806
154.775,-0.2,0.5477287399288082,0.5477287399288082
154.78,-0.2,0.21440647190236317,0.21440647190236317
154.785,-0.2,-0.1551349398279146,-0.1551349398279146
154.79,-0.2,-0.15122008853067576,-0.15122008853067576
154.795,-0.2,-0.15050726970155254,-0.15050726970155254
154.8,-0.2,0.019568079373271874,0.019568079373271874
154.805,-0.2,0.3291496976973991,0.3291496976973991
154.81,-0.2,0.5970718188627704,0.5970718188627704
154.815,-0.2,0.44470244478579296,0.44470244478579296
154.82,-0.2,0.2340031629123566,0.2340031629123566
154.825,-0.2,-0.3477011626554445,-0.3477011626554445
154.83,-0.2,-0.3388775441571379,-0.3388775441571379
154.835,-0.2,-0.14633870852148617,-0.14633870852148617
154.84,-0.2,0.09319447359352175,0.09319447359352175
154.845,-0.2,0.40309901163580864,0.40309901163580864
154.85,-0.2,0.5191297963351833,0.5191297963351833
154.855,-0.2,0.1552445028666583,0.1552445028666583
154.86,-0.2,0.14342594606062334,0.14342594606062334
154.865,-0.2,-0.07031030307237843,-0.07031030307237843
154.87,-0.2,-0.22422709694555237,-0.22422709694555237
154.875,-0.2,-0.08089246295272112,-0.08089246295272112
154.88,-0.2,0.251421197784203,0.251421197784203
154.885,-0.2,0.4659611189610371,0.4659611189610371
154.89,-0.2,0.6118600518150346,0.6118600518150346
154.895,-0.2,0.28396059782328,0.28396059782328
154.9,-0.2,0.001144862076940506,0.001144862076940506
154.905,-0.2,0.08291334118909752,0.08291334118909752
154.91,-0.2,-0.19554954613142958,-0.19554954613142958
154.915,-0.2,-0.1471862553328017,-0.1471862553328017
154.92,-0.2,0.15150966402542598,0.15150966402542598
154.925,-0.2,0.4057013244359557,0.4057013244359557
154.93,-0.2,0.45301861211756544,0.45301861211756544
154.935,-0.2,0.41280908771267044,0.41280908771267044
154.94,-0.2,0.1248753425205786,0.1248753425205786
154.945,-0.2,-0.14180063385732022,-0.14180063385732022
154.95,-0.2,0.018361664488791812,0.018361664488791812
154.955,-0.2,-0.1505912780557949,-0.1505912780557949
154.96,-0.2,0.14601525062342818,0.14601525062342818
154.965,-0.2,0.5750250726087276,0.5750250726087276
154.97,-0.2,0.5692438111170738,0.5692438111170738
154.975,-0.2,0.34892458054703107,0.34892458054703107
154.98,-0.2,0.12434447909026386,0.12434447909026386
154.985,-0.2,-0.13189259986078597,-0.13189259986078597
154.99,-0.2,-0.103327157082056,-0.103327157082056
154.995,-0.2,0.07946167092270146,0.07946167092270146
155.0,-0.2,0.20920796897856175,0.20920796897856175
155.005,-0.2,0.4241586246175125,0.4241586246175125
155.01,-0.2,0.4867386965782647,0.4867386965782647
155.015,-0.2,0.49803971155475824,0.49803971155475824
155.02,-0.2,0.1983794884430629,0.1983794884430629
155.025,-0.2,-0.17683804751937166,-0.17683804751937166
155.03,-0.2,-0.351681466182031,-0.351681466182031
155.035,-0.2,0.12753866883096052,0.12753866883096052
155.04,-0.2,0.1969369273237555,0.1969369273237555
155.045,-0.2,0.41664914807891273,0.41664914807891273
155.05,-0.2,0.8749111401258152,0.8749111401258152
155.055,-0.2,0.49113001806865586,0.49113001806865586
155.06,-0.2,0.278536336003931,0.278536336003931
155.065,-0.2,-0.20787947994437464,-0.20787947994437464
155.07,-0.2,-0.09899761974826188,-0.09899761974826188
155.075,-0.2,0.18890118249902965,0.18890118249902965
155.08,-0.2,0.2914667780543966,0.2914667780543966
155.085,-0.2,0.5127213810530046,0.5127213810530046
155.09,-0.2,0.7002993049110962,0.7002993049110962
155.095,-0.2,0.43831395145508495,0.43831395145508495
155.1,-0.2,0.1561943544825862,0.1561943544825862
155.105,-0.2,0.02115248229705638,0.02115248229705638
155.11,-0.2,-0.04147669366876318,-0.04147669366876318
155.115,-0.2,0.06434859852745034,0.06434859852745034
155.12,-0.2,0.20490083874808965,0.20490083874808965
155.125,-0.2,0.7337607599756377,0.7337607599756377
155.13,-0.2,0.6028388125183194,0.6028388125183194
155.135,-0.2,0.5826413007918976,0.5826413007918976
155.14,-0.2,0.08055240134902736,0.08055240134902736
155.145,-0.2,-0.040589801109372214,-0.040589801109372214
155.15,-0.2,-0.04515085358861974,-0.04515085358861974
155.155,-0.2,0.011087933130534362,0.011087933130534362
155.16,-0.2,0.380457350090835,0.380457350090835
155.165,-0.2,0.57498788939179,0.57498788939179
155.17,-0.2,0.7983329495453152,0.7983329495453152
155.175,-0.2,0.4337913797242513,0.4337913797242513
155.18,-0.2,-0.047153078137562116,-0.047153078137562116
155.185,-0.2,-0.03264875642275448,-0.03264875642275448
155.19,-0.2,-0.1342629205731531,-0.1342629205731531
155.195,-0.2,-0.07410457985356,-0.07410457985356
155.2,-0.2,0.10377900037810814,0.10377900037810814
155.205,-0.2,0.5289189633676313,0.5289189633676313
155.21,-0.2,0.5890484418389429,0.5890484418389429
155.215,-0.2,0.5347185849135517,0.5347185849135517
155.22,-0.2,0.28554754797168086,0.28554754797168086
155.225,-0.2,0.19032255923292057,0.19032255923292057
155.23,-0.2,-0.2553214819274995,-0.2553214819274995
155.235,-0.2,-0.07032726070777472,-0.07032726070777472
155.24,-0.2,0.07004406127234397,0.07004406127234397
155.245,-0.2,0.3250193325885531,0.3250193325885531
155.25,-0.2,0.6694933289985128,0.6694933289985128
155.255,-0.2,0.5044278834887003,0.5044278834887003
155.26,-0.2,0.4062846899609977,0.4062846899609977
155.265,-0.2,0.014498340605380328,0.014498340605380328
155.27,-0.2,0.032130944446872034,0.032130944446872034
155.275,-0.2,-0.08025436149048122,-0.08025436149048122
155.28,-0.2,0.14537478620368277,0.14537478620368277
155.285,-0.2,0.6090987549083116,0.6090987549083116
155.29,-0.2,0.6779584937902103,0.6779584937902103
155.295,-0.2,0.3580313616143283,0.3580313616143283
155.3,-0.2,0.1341394731637427,0.1341394731637427
155.305,-0.2,0.046424782851648985,0.046424782851648985
155.31,-0.2,-0.15702338072865063,-0.15702338072865063
155.315,-0.2,-0.0208616151496576,-0.0208616151496576
155.32,-0.2,0.3024313694735319,0.3024313694735319
155.325,-0.2,0.5646743045358794,0.5646743045358794
155.33,-0.2,0.5742113500278904,0.5742113500278904
155.335,-0.2,0.5406953189091286,0.5406953189091286
155.34,-0.2,0.32967660038408897,0.32967660038408897
155.345,-0.2,-0.02662392244925492,-0.02662392244925492
155.35,-0.2,-0.2466451304746416,-0.2466451304746416
155.355,-0.2,-0.0993125847628937,-0.0993125847628937
155.36,-0.2,0.27250223797293055,0.27250223797293055
155.365,-0.2,0.6146186775564693,0.6146186775564693
155.37,-0.2,0.5518268774404211,0.5518268774404211
155.375,-0.2,0.42928012523311626,0.42928012523311626
155.38,-0.2,0.19261508228804936,0.19261508228804936
155.385,-0.2,-0.17024202210069947,-0.17024202210069947
155.39,-0.2,-0.10762585822687738,-0.10762585822687738
155.395,-0.2,0.09532740005261439,0.09532740005261439
155.4,-0.2,0.17948737680102173,0.17948737680102173
155.405,-0.2,0.3935202971050902,0.3935202971050902
155.41,-0.2,0.7615122068732358,0.7615122068732358
155.415,-0.2,0.2959803974759033,0.2959803974759033
155.42,-0.2,0.21568203901435898,0.21568203901435898
155.425,-0.2,-0.012765044322819948,-0.012765044322819948
155.43,-0.2,-0.051383950785325455,-0.051383950785325455
155.435,-0.2,-0.027921224574268697,-0.027921224574268697
155.44,-0.2,0.3971469940584423,0.3971469940584423
155.445,-0.2,0.6063898101091152,0.6063898101091152
155.45,-0.2,0.2576101737646294,0.2576101737646294
155.455,-0.2,0.5523080407518439,0.5523080407518439
155.46,-0.2,0.3060640878974881,0.3060640878974881
155.465,-0.2,-0.09888931911053585,-0.09888931911053585
155.47,-0.2,-0.09183147510976009,-0.09183147510976009
155.475,-0.2,-0.07821128717412866,-0.07821128717412866
155.48,-0.2,0.12712101805140325,0.12712101805140325
155.485,-0.2,0.7085255856786419,0.7085255856786419
155.49,-0.2,0.43596131541109023,0.43596131541109023
155.495,-0.2,0.3840143514756024,0.3840143514756024
155.5,-0.2,0.05487954531712819,0.05487954531712819
155.505,-0.2,-0.06317082037704712,-0.06317082037704712
155.51,-0.2,-0.29748525371779194,-0.29748525371779194
155.515,-0.2,0.013422058624821195,0.013422058624821195
155.52,-0.2,0.2575302576550337,0.2575302576550337
155.525,-0.2,0.6228462760599055,0.6228462760599055
155.53,-0.2,0.3700279109594326,0.3700279109594326
155.535,-0.2,0.32078438187894204,0.32078438187894204
155.54,-0.2,-0.06121798475541615,-0.06121798475541615
155.545,-0.2,-0.056368622292186976,-0.056368622292186976
155.55,-0.2,-0.17668718240192324,-0.17668718240192324
155.555,-0.2,-0.2381960915027953,-0.2381960915027953
155.56,-0.2,0.15814398453565431,0.15814398453565431
155.565,-0.2,0.6833848544537664,0.6833848544537664
155.57,-0.2,0.49315637098319287,0.49315637098319287
155.575,-0.2,0.338785457374565,0.338785457374565
155.58,-0.2,0.2115484330644196,0.2115484330644196
155.585,-0.2,-0.09077533544964014,-0.09077533544964014
155.59,-0.2,0.021972196666020155,0.021972196666020155
155.595,-0.2,-0.0231402301401887,-0.0231402301401887
155.6,-0.2,0.09722869561505883,0.09722869561505883
155.605,-0.2,0.32119410815009974,0.32119410815009974
155.61,-0.2,0.48760527754676053,0.48760527754676053
155.615,-0.2,0.3768911120215058,0.3768911120215058
155.62,-0.2,0.18463810776441245,0.18463810776441245
155.625,-0.2,0.03208975055558631,0.03208975055558631
155.63,-0.2,-0.3321748015535592,-0.3321748015535592
155.635,-0.2,-0.1395044589524202,-0.1395044589524202
155.64,-0.2,0.24312677290450457,0.24312677290450457
155.645,-0.2,0.1677668055129311,0.1677668055129311
155.65,-0.2,0.5094534099418013,0.5094534099418013
155.655,-0.2,0.40477089299309044,0.40477089299309044
155.66,-0.2,0.09579587438761285,0.09579587438761285
155.665,-0.2,-0.1767090924155268,-0.1767090924155268
155.67,-0.2,-0.12543326745594555,-0.12543326745594555
155.675,-0.2,-0.09831335019141851,-0.09831335019141851
155.68,-0.2,0.03975960767115547,0.03975960767115547
155.685,-0.2,0.48405592168454664,0.48405592168454664
155.69,-0.2,0.5935578512009181,0.5935578512009181
155.695,-0.2,0.35383622385662816,0.35383622385662816
155.7,-0.2,0.020316692611091633,0.020316692611091633
155.705,-0.2,-0.13529449589520948,-0.13529449589520948
155.71,-0.2,-0.22275664513330243,-0.22275664513330243
155.715,-0.2,-0.07447087983269456,-0.07447087983269456
155.72,-0.2,0.20648479235789352,0.20648479235789352
155.725,-0.2,0.42438123794637883,0.42438123794637883
155.73,-0.2,0.5145843921138078,0.5145843921138078
155.735,-0.2,0.4101717890770107,0.4101717890770107
155.74,-0.2,0.08762534509594491,0.08762534509594491
155.745,-0.2,-0.2293235934977601,-0.2293235934977601
155.75,-0.2,-0.29144167860010567,-0.29144167860010567
155.755,-0.2,0.06751122965452012,0.06751122965452012
155.76,-0.2,0.03650329092472317,0.03650329092472317
155.765,-0.2,0.2933246190379166,0.2933246190379166
155.77,-0.2,0.37923757236183775,0.37923757236183775
155.775,-0.2,0.368562159623697,0.368562159623697
155.78,-0.2,0.1017491292981785,0.1017491292981785
155.785,-0.2,-0.18090250256520352,-0.18090250256520352
155.79,-0.2,-0.2941247189636281,-0.2941247189636281
155.795,-0.2,-0.068435356929763,-0.068435356929763
155.8,-0.2,0.11738493776202326,0.11738493776202326
155.805,-0.2,0.4294714295083883,0.4294714295083883
155.81,-0.2,0.55484808900928,0.55484808900928
155.815,-0.2,0.3102322120137671,0.3102322120137671
155.82,-0.2,0.13778839069974655,0.13778839069974655
155.825,-0.2,-0.26621536741751073,-0.26621536741751073
155.83,-0.2,-0.02677322310985883,-0.02677322310985883
155.835,-0.2,0.022414174287891886,0.022414174287891886
155.84,-0.2,0.19025782302943406,0.19025782302943406
155.845,-0.2,0.33666715487082144,0.33666715487082144
155.85,-0.2,0.574331560272458,0.574331560272458
155.855,-0.2,0.40833359826832916,0.40833359826832916
155.86,-0.2,0.29056782378201157,0.29056782378201157
155.865,-0.2,-0.053826370005340754,-0.053826370005340754
155.87,-0.2,-0.2011927238391681,-0.2011927238391681
155.875,-0.2,-0.002329848611804096,-0.002329848611804096
155.88,-0.2,0.21490859235318174,0.21490859235318174
155.885,-0.2,0.4437080996464072,0.4437080996464072
155.89,-0.2,0.7243857312256966,0.7243857312256966
155.895,-0.2,0.30360264180712493,0.30360264180712493
155.9,-0.2,0.20692536634274528,0.20692536634274528
155.905,-0.2,0.3230246281041148,0.3230246281041148
155.91,-0.2,-0.2547978954716458,-0.2547978954716458
155.915,-0.2,-0.152673512446808,-0.152673512446808
155.92,-0.2,0.4127361680742039,0.4127361680742039
155.925,-0.2,0.45137310889153465,0.45137310889153465
155.93,-0.2,0.4441753205686147,0.4441753205686147
155.935,-0.2,0.24919200033866953,0.24919200033866953
155.94,-0.2,0.32695701260566273,0.32695701260566273
155.945,-0.2,0.127399605802808,0.127399605802808
155.95,-0.2,-0.13653486069174592,-0.13653486069174592
155.955,-0.2,-0.02755889446687964,-0.02755889446687964
155.96,-0.2,0.24194465099351875,0.24194465099351875
155.965,-0.2,0.6025433917635377,0.6025433917635377
155.97,-0.2,0.5867740948073145,0.5867740948073145
155.975,-0.2,0.2721442668044268,0.2721442668044268
155.98,-0.2,0.14686473807730663,0.14686473807730663
155.985,-0.2,-0.11953524589317839,-0.11953524589317839
155.99,-0.2,-0.13015456612024423,-0.13015456612024423
155.995,-0.2,0.11969221312917439,0.11969221312917439
156.0,-0.2,0.3177966370742077,0.3177966370742077
156.005,-0.2,0.44349953955386434,0.44349953955386434
156.01,-0.2,0.48208726385971346,0.48208726385971346
156.015,-0.2,0.44060058084706893,0.44060058084706893
156.02,-0.2,0.23837765422385365,0.23837765422385365
156.025,-0.2,0.08750910752021207,0.08750910752021207
156.03,-0.2,-0.26161774324723025,-0.26161774324723025
156.035,-0.2,-0.09232584187349498,-0.09232584187349498
156.04,-0.2,0.5240393279686109,0.5240393279686109
156.045,-0.2,0.5249656591822132,0.5249656591822132
156.05,-0.2,0.7359478753654928,0.7359478753654928
156.055,-0.2,0.6965160443375874,0.6965160443375874
156.06,-0.2,0.24674032492927075,0.24674032492927075
156.065,-0.2,-0.08206846020034851,-0.08206846020034851
156.07,-0.2,-0.03503355154404819,-0.03503355154404819
156.075,-0.2,-0.06332178018516652,-0.06332178018516652
156.08,-0.2,0.28486496938091815,0.28486496938091815
156.085,-0.2,0.4061715765215668,0.4061715765215668
156.09,-0.2,0.5786909601773611,0.5786909601773611
156.095,-0.2,0.4916914880568434,0.4916914880568434
156.1,-0.2,0.18692298832050433,0.18692298832050433
156.105,-0.2,-0.09130209084667354,-0.09130209084667354
156.11,-0.2,-0.06516826749538862,-0.06516826749538862
156.115,-0.2,-0.07417552391606043,-0.07417552391606043
156.12,-0.2,0.13625696724899788,0.13625696724899788
156.125,-0.2,0.61688278335841,0.61688278335841
156.13,-0.2,0.5660628856232449,0.5660628856232449
156.135,-0.2,0.6136322174903935,0.6136322174903935
156.14,-0.2,0.22037968320977475,0.22037968320977475
156.145,-0.2,-0.013182854185850926,-0.013182854185850926
156.15,-0.2,-0.13622802817262086,-0.13622802817262086
156.155,-0.2,-0.1546664530798573,-0.1546664530798573
156.16,-0.2,0.15724123216853336,0.15724123216853336
156.165,-0.2,0.5123874061954629,0.5123874061954629
156.17,-0.2,0.5792672999250494,0.5792672999250494
156.175,-0.2,0.47242443706064663,0.47242443706064663
156.18,-0.2,0.1739903366850372,0.1739903366850372
156.185,-0.2,-0.15163798534624567,-0.15163798534624567
156.19,-0.2,-0.005287170333200059,-0.005287170333200059
156.195,-0.2,0.029780730305356024,0.029780730305356024
156.2,-0.2,0.24623545479120562,0.24623545479120562
156.205,-0.2,0.5250762498177924,0.5250762498177924
156.21,-0.2,0.5018152105830718,0.5018152105830718
156.215,-0.2,0.4308235295041114,0.4308235295041114
156.22,-0.2,0.28880579323554967,0.28880579323554967
156.225,-0.2,0.01687402056844202,0.01687402056844202
156.23,-0.2,-0.1536945219988659,-0.1536945219988659
156.235,-0.2,-0.14580935591596328,-0.14580935591596328
156.24,-0.2,0.27237149444832987,0.27237149444832987
156.245,-0.2,0.47737203556896085,0.47737203556896085
156.25,-0.2,0.48849170687271964,0.48849170687271964
156.255,-0.2,0.43909378271915794,0.43909378271915794
156.26,-0.2,0.26529051011533183,0.26529051011533183
156.265,-0.2,0.02899927823317082,0.02899927823317082
156.27,-0.2,-0.18069525035910483,-0.18069525035910483
156.275,-0.2,-0.042764190519298334,-0.042764190519298334
156.28,-0.2,0.2101285128480366,0.2101285128480366
156.285,-0.2,0.5152274659847201,0.5152274659847201
156.29,-0.2,0.764947241050503,0.764947241050503
156.295,-0.2,0.5868346381452997,0.5868346381452997
156.3,-0.2,0.12908224584611844,0.12908224584611844
156.305,-0.2,-0.16277667287139863,-0.16277667287139863
156.31,-0.2,-0.3287415674934735,-0.3287415674934735
156.315,-0.2,-0.27679321658133116,-0.27679321658133116
156.32,-0.2,0.2779605645081168,0.2779605645081168
156.325,-0.2,0.4536888083022066,0.4536888083022066
156.33,-0.2,0.7555924674785978,0.7555924674785978
156.335,-0.2,0.43073952186657855,0.43073952186657855
156.34,-0.2,0.3352937969342903,0.3352937969342903
156.345,-0.2,0.0777945582594542,0.0777945582594542
156.35,-0.2,-0.21248657430208526,-0.21248657430208526
156.355,-0.2,0.028684571032840424,0.028684571032840424
156.36,-0.2,0.2753741954496608,0.2753741954496608
156.365,-0.2,0.6621230606010504,0.6621230606010504
156.37,-0.2,0.33067620956740396,0.33067620956740396
156.375,-0.2,0.5757486230128458,0.5757486230128458
156.38,-0.2,0.5087848772369077,0.5087848772369077
156.385,-0.2,-0.19144490939694828,-0.19144490939694828
156.39,-0.2,-0.07239307106883566,-0.07239307106883566
156.395,-0.2,0.04759582570046322,0.04759582570046322
156.4,-0.2,0.19403909058224403,0.19403909058224403
156.405,-0.2,0.5823872867611098,0.5823872867611098
156.41,-0.2,0.6655839904396195,0.6655839904396195
156.415,-0.2,0.5359980057865406,0.5359980057865406
156.42,-0.2,0.16103208466601301,0.16103208466601301
156.425,-0.2,0.06624097549147157,0.06624097549147157
156.43,-0.2,-0.14222650428949685,-0.14222650428949685
156.435,-0.2,-0.07095032765069044,-0.07095032765069044
156.44,-0.2,0.48227880621163244,0.48227880621163244
156.445,-0.2,0.43034084615495494,0.43034084615495494
156.45,-0.2,0.8486165456742671,0.8486165456742671
156.455,-0.2,0.5974150093207415,0.5974150093207415
156.46,-0.2,0.28793312409459065,0.28793312409459065
156.465,-0.2,-0.012354459545865625,-0.012354459545865625
156.47,-0.2,-0.26293978313065397,-0.26293978313065397
156.475,-0.2,0.039005152859681175,0.039005152859681175
156.48,-0.2,0.39479578646928876,0.39479578646928876
156.485,-0.2,0.5248612586442527,0.5248612586442527
156.49,-0.2,0.6306962245774768,0.6306962245774768
156.495,-0.2,0.6395736373681432,0.6395736373681432
156.5,-0.2,0.1626572828539209,0.1626572828539209
156.505,-0.2,-0.09299258311811497,-0.09299258311811497
156.51,-0.2,-0.12477088989137408,-0.12477088989137408
156.515,-0.2,-0.034899053991580775,-0.034899053991580775
156.52,-0.2,0.19998271301558512,0.19998271301558512
156.525,-0.2,0.5965511867422225,0.5965511867422225
156.53,-0.2,0.4750486804960831,0.4750486804960831
156.535,-0.2,0.6182494762585287,0.6182494762585287
156.54,-0.2,0.15877261214983457,0.15877261214983457
156.545,-0.2,-0.2501791158335666,-0.2501791158335666
156.55,-0.2,-0.28157889994674284,-0.28157889994674284
156.555,-0.2,0.15493502599019138,0.15493502599019138
156.56,-0.2,0.23287170906969903,0.23287170906969903
156.565,-0.2,0.6056303990677671,0.6056303990677671
156.57,-0.2,0.7409296812651766,0.7409296812651766
156.575,-0.2,0.5302012978718865,0.5302012978718865
156.58,-0.2,0.28876521296361557,0.28876521296361557
156.585,-0.2,0.057239902324928996,0.057239902324928996
156.59,-0.2,-0.2120303975809654,-0.2120303975809654
156.595,-0.2,-0.22415880137999783,-0.22415880137999783
156.6,-0.2,0.24127071195659838,0.24127071195659838
156.605,-0.2,0.4744177458214429,0.4744177458214429
156.61,-0.2,0.456114679209082,0.456114679209082
156.615,-0.2,0.38031843113879393,0.38031843113879393
156.62,-0.2,0.3236506593251594,0.3236506593251594
156.625,-0.2,-0.07398300627810799,-0.07398300627810799
156.63,-0.2,-0.08511289380363926,-0.08511289380363926
156.635,-0.2,0.023514532201916488,0.023514532201916488
156.64,-0.2,0.13695440790814947,0.13695440790814947
156.645,-0.2,0.46780158724354504,0.46780158724354504
156.65,-0.2,0.49225996689247586,0.49225996689247586
156.655,-0.2,0.5473685757645893,0.5473685757645893
156.66,-0.2,0.2585334955466892,0.2585334955466892
156.665,-0.2,0.035912521071815945,0.035912521071815945
156.67,-0.2,-0.17693286663692054,-0.17693286663692054
156.675,-0.2,0.008780176343161188,0.008780176343161188
156.68,-0.2,0.4323651702381335,0.4323651702381335
156.685,-0.2,0.557975137022813,0.557975137022813
156.69,-0.2,0.6250137653489645,0.6250137653489645
156.695,-0.2,0.500952178042052,0.500952178042052
156.7,-0.2,0.02193867331342364,0.02193867331342364
156.705,-0.2,-0.11457098283867176,-0.11457098283867176
156.71,-0.2,-0.2555953019684983,-0.2555953019684983
156.715,-0.2,-0.1544220977041193,-0.1544220977041193
156.72,-0.2,0.24551656818713752,0.24551656818713752
156.725,-0.2,0.48646647548950367,0.48646647548950367
156.73,-0.2,0.8565713025282184,0.8565713025282184
156.735,-0.2,0.5546211101246818,0.5546211101246818
156.74,-0.2,0.17252735099734523,0.17252735099734523
156.745,-0.2,-0.03526042089187645,-0.03526042089187645
156.75,-0.2,0.022360379216213394,0.022360379216213394
156.755,-0.2,-0.05073225779804923,-0.05073225779804923
156.76,-0.2,0.20319886812592125,0.20319886812592125
156.765,-0.2,0.5188968724425912,0.5188968724425912
156.77,-0.2,0.5581833972167949,0.5581833972167949
156.775,-0.2,0.47702981513024345,0.47702981513024345
156.78,-0.2,0.17562585129545627,0.17562585129545627
156.785,-0.2,-0.13066615229681555,-0.13066615229681555
156.79,-0.2,-0.15924492802774193,-0.15924492802774193
156.795,-0.2,0.08724092594908556,0.08724092594908556
156.8,-0.2,0.3108617797297174,0.3108617797297174
156.805,-0.2,0.546950021852488,0.546950021852488
156.81,-0.2,0.6729741411100267,0.6729741411100267
156.815,-0.2,0.5451703229185642,0.5451703229185642
156.82,-0.2,0.16708048214846272,0.16708048214846272
156.825,-0.2,-0.14642386556916998,-0.14642386556916998
156.83,-0.2,-0.20257833079796023,-0.20257833079796023
156.835,-0.2,-0.07477847941881739,-0.07477847941881739
156.84,-0.2,0.29850650184838246,0.29850650184838246
156.845,-0.2,0.34070050169677046,0.34070050169677046
156.85,-0.2,0.36138136458235065,0.36138136458235065
156.855,-0.2,0.44383252352334585,0.44383252352334585
156.86,-0.2,0.0981129607492921,0.0981129607492921
156.865,-0.2,-0.13460315286212657,-0.13460315286212657
156.87,-0.2,-0.2108232714774825,-0.2108232714774825
156.875,-0.2,-0.034300148514928866,-0.034300148514928866
156.88,-0.2,0.2201440069884506,0.2201440069884506
156.885,-0.2,0.42912371705742697,0.42912371705742697
156.89,-0.2,0.6077787686901489,0.6077787686901489
156.895,-0.2,0.263571490098889,0.263571490098889
156.9,-0.2,0.36584554272734315,0.36584554272734315
156.905,-0.2,-0.2285542697008397,-0.2285542697008397
156.91,-0.2,-0.23881125259252203,-0.23881125259252203
156.915,-0.2,-0.16854540214232147,-0.16854540214232147
156.92,-0.2,0.3385308885881296,0.3385308885881296
156.925,-0.2,0.5378523280941085,0.5378523280941085
156.93,-0.2,0.660193419597912,0.660193419597912
156.935,-0.2,0.3862721459147697,0.3862721459147697
156.94,-0.2,0.07525579673161972,0.07525579673161972
156.945,-0.2,-0.06749898424132474,-0.06749898424132474
156.95,-0.2,-0.33125790569992175,-0.33125790569992175
156.955,-0.2,-0.22608086959908288,-0.22608086959908288
156.96,-0.2,0.4001175829862833,0.4001175829862833
156.965,-0.2,0.6263992604643012,0.6263992604643012
156.97,-0.2,0.543314529296627,0.543314529296627
156.975,-0.2,0.4047947682552366,0.4047947682552366
156.98,-0.2,0.06267403048222794,0.06267403048222794
156.985,-0.2,-0.10267436254102731,-0.10267436254102731
156.99,-0.2,-0.1309453414960296,-0.1309453414960296
156.995,-0.2,-0.042389428377421816,-0.042389428377421816
157.0,-0.2,0.144111743838818,0.144111743838818
157.005,-0.2,0.4181318838517358,0.4181318838517358
157.01,-0.2,0.5964680172795545,0.5964680172795545
157.015,-0.2,0.47718021794336996,0.47718021794336996
157.02,-0.2,0.1170916907559684,0.1170916907559684
157.025,-0.2,-0.1401177526499298,-0.1401177526499298
157.03,-0.2,-0.187504942213567,-0.187504942213567
157.035,-0.2,0.0103584331936485,0.0103584331936485
157.04,-0.2,0.23329673188022998,0.23329673188022998
157.045,-0.2,0.5210847795456328,0.5210847795456328
157.05,-0.2,0.5432755133952194,0.5432755133952194
157.055,-0.2,0.5436901655295566,0.5436901655295566
157.06,-0.2,0.014808266979904894,0.014808266979904894
157.065,-0.2,-0.1771883043105,-0.1771883043105
157.07,-0.2,-0.11259734154106453,-0.11259734154106453
157.075,-0.2,-0.11854752654832104,-0.11854752654832104
157.08,-0.2,0.05197881076055433,0.05197881076055433
157.085,-0.2,0.5111811157212532,0.5111811157212532
157.09,-0.2,0.44112623647477867,0.44112623647477867
157.095,-0.2,0.36870555137709987,0.36870555137709987
157.1,-0.2,0.16587367998114386,0.16587367998114386
157.105,-0.2,-0.16835525706660717,-0.16835525706660717
157.11,-0.2,-0.1896309502610516,-0.1896309502610516
157.115,-0.2,-0.16867712726765557,-0.16867712726765557
157.12,-0.2,0.25204559341214927,0.25204559341214927
157.125,-0.2,0.4368300704971396,0.4368300704971396
157.13,-0.2,0.6309934244061465,0.6309934244061465
157.135,-0.2,0.3963702842670481,0.3963702842670481
157.14,-0.2,0.235965821639791,0.235965821639791
157.145,-0.2,-0.1691867584679182,-0.1691867584679182
157.15,-0.2,-0.2813990423540386,-0.2813990423540386
157.155,-0.2,-0.048552409347223754,-0.048552409347223754
157.16,-0.2,0.23297490956687839,0.23297490956687839
157.165,-0.2,0.5811826012689945,0.5811826012689945
157.17,-0.2,0.6267844133863625,0.6267844133863625
157.175,-0.2,0.6676635968964446,0.6676635968964446
157.18,-0.2,0.1232275502732378,0.1232275502732378
157.185,-0.2,0.1388866491193783,0.1388866491193783
157.19,-0.2,-0.16743806541325915,-0.16743806541325915
157.195,-0.2,-0.15648942120581538,-0.15648942120581538
157.2,-0.2,0.34634641912363195,0.34634641912363195
157.205,-0.2,0.5743079173628104,0.5743079173628104
157.21,-0.2,0.5359936805954708,0.5359936805954708
157.215,-0.2,0.6567983834836937,0.6567983834836937
157.22,-0.2,0.08941369263328475,0.08941369263328475
157.225,-0.2,-0.07947472498924577,-0.07947472498924577
157.23,-0.2,-0.22051430541052747,-0.22051430541052747
157.235,-0.2,-0.1596031514270016,-0.1596031514270016
157.24,-0.2,0.2768244386876269,0.2768244386876269
157.245,-0.2,0.6616158244398735,0.6616158244398735
157.25,-0.2,0.7490376277342206,0.7490376277342206
157.255,-0.2,0.47288748001583225,0.47288748001583225
157.26,-0.2,0.29636413558231384,0.29636413558231384
157.265,-0.2,-0.2415010420554358,-0.2415010420554358
157.27,-0.2,0.08872580687436121,0.08872580687436121
157.275,-0.2,0.09252330208863829,0.09252330208863829
157.28,-0.2,0.17209230425933464,0.17209230425933464
157.285,-0.2,0.5376675952729252,0.5376675952729252
157.29,-0.2,0.5249780267356743,0.5249780267356743
157.295,-0.2,0.3691245144864673,0.3691245144864673
157.3,-0.2,0.3369403599308987,0.3369403599308987
157.305,-0.2,0.009781894010687131,0.009781894010687131
157.31,-0.2,-0.003587963110673442,-0.003587963110673442
157.315,-0.2,-0.07217387605818779,-0.07217387605818779
157.32,-0.2,0.2587290910470303,0.2587290910470303
157.325,-0.2,0.2463902039631799,0.2463902039631799
157.33,-0.2,0.6528202182949152,0.6528202182949152
157.335,-0.2,0.4378385623615956,0.4378385623615956
157.34,-0.2,0.155882494997874,0.155882494997874
157.345,-0.2,0.0022864903728376934,0.0022864903728376934
157.35,-0.2,-0.04929787931385207,-0.04929787931385207
157.355,-0.2,-0.15384313467048427,-0.15384313467048427
157.36,-0.2,0.176450603178883,0.176450603178883
157.365,-0.2,0.5181543389328679,0.5181543389328679
157.37,-0.2,0.5726558670538491,0.5726558670538491
157.375,-0.2,0.6827277247508852,0.6827277247508852
157.38,-0.2,0.1325990059002512,0.1325990059002512
157.385,-0.2,-0.11644638282750752,-0.11644638282750752
157.39,-0.2,-0.0329503604263269,-0.0329503604263269
157.395,-0.2,0.09962497104124568,0.09962497104124568
157.4,-0.2,0.26245113157661804,0.26245113157661804
157.405,-0.2,0.5131185511985938,0.5131185511985938
157.41,-0.2,0.5913249063377505,0.5913249063377505
157.415,-0.2,0.23669045789451634,0.23669045789451634
157.42,-0.2,0.2379490824190313,0.2379490824190313
157.425,-0.2,-0.012174429625051747,-0.012174429625051747
157.43,-0.2,-0.14205794209830802,-0.14205794209830802
157.435,-0.2,-0.08914743635767622,-0.08914743635767622
157.44,-0.2,0.18980292357766043,0.18980292357766043
157.445,-0.2,0.4863819607493118,0.4863819607493118
157.45,-0.2,0.5697967660197073,0.5697967660197073
157.455,-0.2,0.5145351455956482,0.5145351455956482
157.46,-0.2,0.2714991140974638,0.2714991140974638
157.465,-0.2,-0.05956042729331036,-0.05956042729331036
157.47,-0.2,-0.021696446555362486,-0.021696446555362486
157.475,-0.2,0.0026534810604959963,0.0026534810604959963
157.48,-0.2,0.20423788449226687,0.20423788449226687
157.485,-0.2,0.4941409958906954,0.4941409958906954
157.49,-0.2,0.44573986341962535,0.44573986341962535
157.495,-0.2,0.4415046153127784,0.4415046153127784
157.5,-0.2,0.11997178795816069,0.11997178795816069
157.505,-0.2,-0.3127955700843307,-0.3127955700843307
157.51,-0.2,0.02405745242161811,0.02405745242161811
157.515,-0.2,0.1051173926218045,0.1051173926218045
157.52,-0.2,0.32264847891322274,0.32264847891322274
157.525,-0.2,0.5452789308635537,0.5452789308635537
157.53,-0.2,0.6180643201747094,0.6180643201747094
157.535,-0.2,0.5244585237326989,0.5244585237326989
157.54,-0.2,0.22468765769402285,0.22468765769402285
157.545,-0.2,-0.0586110882459553,-0.0586110882459553
157.55,-0.2,-0.08963979985680894,-0.08963979985680894
157.555,-0.2,0.0009509408286037888,0.0009509408286037888
157.56,-0.2,0.4825786835996646,0.4825786835996646
157.565,-0.2,0.4758175774340181,0.4758175774340181
157.57,-0.2,0.663640185824408,0.663640185824408
157.575,-0.2,0.5047359175910656,0.5047359175910656
157.58,-0.2,0.1996715860448258,0.1996715860448258
157.585,-0.2,0.008601447175833409,0.008601447175833409
157.59,-0.2,-0.10568998722378169,-0.10568998722378169
157.595,-0.2,0.11243747660670382,0.11243747660670382
157.6,-0.2,0.26181255291816613,0.26181255291816613
157.605,-0.2,0.4141179412830625,0.4141179412830625
157.61,-0.2,0.653867071813063,0.653867071813063
157.615,-0.2,0.5572254740756439,0.5572254740756439
157.62,-0.2,0.1599419661704622,0.1599419661704622
157.625,-0.2,-0.23255335594031668,-0.23255335594031668
157.63,-0.2,-0.017755476655465466,-0.017755476655465466
157.635,-0.2,-0.050288006612793146,-0.050288006612793146
157.64,-0.2,0.3439659441535645,0.3439659441535645
157.645,-0.2,0.4399273341092502,0.4399273341092502
157.65,-0.2,0.5837919187698802,0.5837919187698802
157.655,-0.2,0.5824191727222134,0.5824191727222134
157.66,-0.2,0.3658546136231534,0.3658546136231534
157.665,-0.2,-0.1606392849459795,-0.1606392849459795
157.67,-0.2,-0.1475866586960436,-0.1475866586960436
157.675,-0.2,0.08950885048166587,0.08950885048166587
157.68,-0.2,0.05859897613353604,0.05859897613353604
157.685,-0.2,0.4165840608219111,0.4165840608219111
157.69,-0.2,0.6566296112810359,0.6566296112810359
157.695,-0.2,0.5035840146881462,0.5035840146881462
157.7,-0.2,0.09110877490040681,0.09110877490040681
157.705,-0.2,0.03381980320330144,0.03381980320330144
157.71,-0.2,-0.11105916132757485,-0.11105916132757485
157.715,-0.2,-0.042646435127463626,-0.042646435127463626
157.72,-0.2,0.13245408057446292,0.13245408057446292
157.725,-0.2,0.3588385343095507,0.3588385343095507
157.73,-0.2,0.5761822577642798,0.5761822577642798
157.735,-0.2,0.3938051966424515,0.3938051966424515
157.74,-0.2,0.1963250673156546,0.1963250673156546
157.745,-0.2,-0.11912865630155492,-0.11912865630155492
157.75,-0.2,-0.21061454897862766,-0.21061454897862766
157.755,-0.2,-0.05703029384162812,-0.05703029384162812
157.76,-0.2,0.3061615876625246,0.3061615876625246
157.765,-0.2,0.4527296115820349,0.4527296115820349
157.77,-0.2,0.5115414859836087,0.5115414859836087
157.775,-0.2,0.46690316755285644,0.46690316755285644
157.78,-0.2,0.13855613368033867,0.13855613368033867
157.785,-0.2,0.1377335363671519,0.1377335363671519
157.79,-0.2,-0.03317989474015337,-0.03317989474015337
157.795,-0.2,-0.10202629930664445,-0.10202629930664445
157.8,-0.2,0.22679311300703428,0.22679311300703428
157.805,-0.2,0.5437877199053094,0.5437877199053094
157.81,-0.2,0.604383458181891,0.604383458181891
157.815,-0.2,0.4239232488715168,0.4239232488715168
157.82,-0.2,0.24866599687832017,0.24866599687832017
157.825,-0.2,0.14368637173370738,0.14368637173370738
157.83,-0.2,-0.07131873879192605,-0.07131873879192605
157.835,-0.2,-0.0109179738546662,-0.0109179738546662
157.84,-0.2,0.27950661030108515,0.27950661030108515
157.845,-0.2,0.4963906708334449,0.4963906708334449
157.85,-0.2,0.6023767528625431,0.6023767528625431
157.855,-0.2,0.5119611851177965,0.5119611851177965
157.86,-0.2,0.19157664969144228,0.19157664969144228
157.865,-0.2,-0.15907062473646078,-0.15907062473646078
157.87,-0.2,-0.14035631038920532,-0.14035631038920532
157.875,-0.2,-0.009096705120120098,-0.009096705120120098
157.88,-0.2,0.24838838690956364,0.24838838690956364
157.885,-0.2,0.5763623075528503,0.5763623075528503
157.89,-0.2,0.5663370133792277,0.5663370133792277
157.895,-0.2,0.4950808450360124,0.4950808450360124
157.9,-0.2,0.28706861914901893,0.28706861914901893
157.905,-0.2,-0.043825881784971814,-0.043825881784971814
157.91,-0.2,-0.05560335174256062,-0.05560335174256062
157.915,-0.2,0.04735154897896056,0.04735154897896056
157.92,-0.2,0.15597106503906127,0.15597106503906127
157.925,-0.2,0.5241276245989918,0.5241276245989918
157.93,-0.2,0.5003105794852671,0.5003105794852671
157.935,-0.2,0.44213828784373055,0.44213828784373055
157.94,-0.2,0.24518638857180858,0.24518638857180858
157.945,-0.2,-0.029405830049171234,-0.029405830049171234
157.95,-0.2,-0.23473651243104385,-0.23473651243104385
157.955,-0.2,-0.04168001792221326,-0.04168001792221326
157.96,-0.2,0.14256773803804074,0.14256773803804074
157.965,-0.2,0.3792936135742203,0.3792936135742203
157.97,-0.2,0.5322327008886117,0.5322327008886117
157.975,-0.2,0.45629666593337104,0.45629666593337104
157.98,-0.2,0.37789226247172797,0.37789226247172797
157.985,-0.2,-0.18311699103993756,-0.18311699103993756
157.99,-0.2,-0.23027289155866876,-0.23027289155866876
157.995,-0.2,-0.08119120883202846,-0.08119120883202846
158.0,-0.2,0.1737097099646684,0.1737097099646684
158.005,-0.2,0.22776758742800685,0.22776758742800685
158.01,-0.2,0.5670277777469966,0.5670277777469966
158.015,-0.2,0.40776386842066825,0.40776386842066825
158.02,-0.2,0.23532178464985848,0.23532178464985848
158.025,-0.2,-0.08098960806584211,-0.08098960806584211
158.03,-0.2,-0.024292669695248972,-0.024292669695248972
158.035,-0.2,-0.14513295096064333,-0.14513295096064333
158.04,-0.2,0.3044583915729616,0.3044583915729616
158.045,-0.2,0.3077798814563588,0.3077798814563588
158.05,-0.2,0.6578297710967193,0.6578297710967193
158.055,-0.2,0.3899201170344611,0.3899201170344611
158.06,-0.2,0.44471215143361925,0.44471215143361925
158.065,-0.2,-0.033385748843864575,-0.033385748843864575
158.07,-0.2,-0.20456503685428057,-0.20456503685428057
158.075,-0.2,-0.2330388356755003,-0.2330388356755003
158.08,-0.2,0.22500505614038874,0.22500505614038874
158.085,-0.2,0.4301065757922469,0.4301065757922469
158.09,-0.2,0.6960302390122527,0.6960302390122527
158.095,-0.2,0.6855849011645396,0.6855849011645396
158.1,-0.2,0.243280108551867,0.243280108551867
158.105,-0.2,0.015837003833804476,0.015837003833804476
158.11,-0.2,-0.32855578529719554,-0.32855578529719554
158.115,-0.2,-0.16653326871017127,-0.16653326871017127
158.12,-0.2,0.3538710435694012,0.3538710435694012
158.125,-0.2,0.7146711246666971,0.7146711246666971
158.13,-0.2,0.6167712665005067,0.6167712665005067
158.135,-0.2,0.6017679106983348,0.6017679106983348
158.14,-0.2,0.11170851196274968,0.11170851196274968
158.145,-0.2,-0.15550312350716738,-0.15550312350716738
158.15,-0.2,0.07849235174392002,0.07849235174392002
158.155,-0.2,-0.005765477189450096,-0.005765477189450096
158.16,-0.2,0.2179567956585446,0.2179567956585446
158.165,-0.2,0.5229414273160604,0.5229414273160604
158.17,-0.2,0.6409265913497229,0.6409265913497229
158.175,-0.2,0.43709010741934573,0.43709010741934573
158.18,-0.2,0.3202483851627702,0.3202483851627702
158.185,-0.2,-0.13359091473018675,-0.13359091473018675
158.19,-0.2,0.03916510401616044,0.03916510401616044
158.195,-0.2,0.12617703305586508,0.12617703305586508
158.2,-0.2,0.3650829774477512,0.3650829774477512
158.205,-0.2,0.58839607355329,0.58839607355329
158.21,-0.2,0.5545406667153041,0.5545406667153041
158.215,-0.2,0.44531717878534877,0.44531717878534877
158.22,-0.2,0.2105111171524559,0.2105111171524559
158.225,-0.2,-0.20273360684237593,-0.20273360684237593
158.23,-0.2,-0.0573002652682106,-0.0573002652682106
158.235,-0.2,0.11996720098905006,0.11996720098905006
158.24,-0.2,0.4769756836131267,0.4769756836131267
158.245,-0.2,0.5879836024943979,0.5879836024943979
158.25,-0.2,0.7462326144174227,0.7462326144174227
158.255,-0.2,0.4987680542722443,0.4987680542722443
158.26,-0.2,0.27015298479491884,0.27015298479491884
158.265,-0.2,-0.0039030160183724655,-0.0039030160183724655
158.27,-0.2,-0.10315979053400762,-0.10315979053400762
158.275,-0.2,0.0504895368616396,0.0504895368616396
158.28,-0.2,0.26837309059045694,0.26837309059045694
158.285,-0.2,0.5335150105195887,0.5335150105195887
158.29,-0.2,0.6376076406072261,0.6376076406072261
158.295,-0.2,0.5351573979787816,0.5351573979787816
158.3,-0.2,0.2565690417516004,0.2565690417516004
158.305,-0.2,-0.04737398553407218,-0.04737398553407218
158.31,-0.2,-0.15567635357754792,-0.15567635357754792
158.315,-0.2,0.03034564772220894,0.03034564772220894
158.32,-0.2,0.3684226157246867,0.3684226157246867
158.325,-0.2,0.5755487689222285,0.5755487689222285
158.33,-0.2,0.7204365134840107,0.7204365134840107
158.335,-0.2,0.6221051990508475,0.6221051990508475
158.34,-0.2,0.26356418381537017,0.26356418381537017
158.345,-0.2,0.03389245335656048,0.03389245335656048
158.35,-0.2,-0.12928193735865276,-0.12928193735865276
158.355,-0.2,0.09687693588345754,0.09687693588345754
158.36,-0.2,0.14061766139887816,0.14061766139887816
158.365,-0.2,0.8262134477657794,0.8262134477657794
158.37,-0.2,0.7148210496401888,0.7148210496401888
158.375,-0.2,0.5188025129777856,0.5188025129777856
158.38,-0.2,0.18540217887374885,0.18540217887374885
158.385,-0.2,0.04461007565512375,0.04461007565512375
158.39,-0.2,-0.14964302187192055,-0.14964302187192055
158.395,-0.2,-0.040816048612961155,-0.040816048612961155
158.4,-0.2,0.37293573992890594,0.37293573992890594
158.405,-0.2,0.7423483268713343,0.7423483268713343
158.41,-0.2,0.5952332550380948,0.5952332550380948
158.415,-0.2,0.49446003687003504,0.49446003687003504
