t,reference,measured,noisy
334.205,0.2,4.7689317377245795e-06,0.1526596645716894
334.21,0.2,4.4422576823650445e-05,0.2633778318142763
334.215,0.2,0.00020626285275715043,0.2691772034326013
334.22,0.2,0.0006416191444736535,0.021608504315527834
334.225,0.2,0.001516015706389044,-0.1329415762114715
334.23,0.2,0.002922038988121639,-0.3314628178011978
334.235,0.2,0.004813081423763996,-0.18557546391108667
334.24,0.2,0.00700785810967257,-0.014812485594702426
334.245,0.2,0.009270570835740568,0.22262597699085243
334.25,0.2,0.011426642404615758,0.5426990110303328
334.255,0.2,0.013455148603314624,0.2728702644658176
334.26,0.2,0.015495032448176165,0.12477242335198802
334.265,0.2,0.017753239039869244,-0.07326597858973291
334.27,0.2,0.020391333875704826,-0.00812023169221196
334.275,0.2,0.023463419657674157,-0.2220433212410322
334.28,0.2,0.026909575026901063,0.08376401011515522
334.285,0.2,0.030601107471044074,0.32397679213381325
334.29,0.2,0.03442904322856182,0.2622665101452222
334.295,0.2,0.03836551999786225,0.10512502840098215
334.3,0.2,0.042441083439878985,0.017636192596931027
334.305,0.2,0.04666953675795591,-0.2950541665798079
334.31,0.2,0.050974512265337266,-0.22569967124281928
334.315,0.2,0.05515876356375032,-0.14645911545471882
334.32,0.2,0.05894535268764036,0.09970925878964962
334.325,0.2,0.062074159874834896,0.2898702729298242
334.33,0.2,0.06440497686996753,0.49227465629258665
334.335,0.2,0.0659811996897143,0.3566616182918116
334.34,0.2,0.06701262158133138,0.03480231522097432
334.345,0.2,0.06776952099493383,-0.14234724030124546
334.35,0.2,0.0684551794013055,-0.08515516759701125
334.355,0.2,0.06914151401898697,-0.19515949738167299
334.36,0.2,0.06978223869708851,0.09711382107865582
334.365,0.2,0.07027956077519942,0.2989537034892621
334.37,0.2,0.07058316845321687,0.5026145518168791
334.375,0.2,0.07077061105992401,0.3549682495414786
334.38,0.2,0.0710446068453801,0.0523809847201773
334.385,0.2,0.07164155964732558,0.0015356293894547568
334.39,0.2,0.07271876430567441,-0.2580512352633608
334.395,0.2,0.07429091780311733,0.021916693195078163
334.4,0.2,0.07624844302857496,0.19310788722107625
334.405,0.2,0.07844468407222786,0.2679510816433083
334.41,0.2,0.08078534314108897,0.33382755761070326
334.415,0.2,0.0832655594205386,0.2856396620880143
334.42,0.2,0.08595415167033456,0.1373616824578842
334.425,0.2,0.088931459813606,-0.275523177825183
334.43,0.2,0.09219992577116576,-0.05876091959748954
334.435,0.2,0.09564198567651215,0.13460666304188443
334.44,0.2,0.09907253834616835,0.0992716386312945
334.445,0.2,0.10232357049508653,0.27364344455947204
334.45,0.2,0.10530031295962129,0.43762929242556176
334.455,0.2,0.10801142533539268,0.22182925117751423
334.46,0.2,0.1105547549718127,0.09390652729910828
334.465,0.2,0.11304572937483488,-0.05772033482993162
334.47,0.2,0.11553287294673172,-0.23235301030014915
334.475,0.2,0.1179485690212456,-0.054684782711597664
334.48,0.2,0.12012526940677429,0.1630584705716133
334.485,0.2,0.12188250399574653,0.410174159945771
334.49,0.2,0.12313151019497103,0.33715960425626657
334.495,0.2,0.12393322032586024,0.6519134114077202
334.5,0.2,0.12449081827798456,0.029252154195814145
334.505,0.2,0.1250671083948032,-0.06365815847693518
334.51,0.2,0.12585595860039006,-0.05363357211270364
334.515,0.2,0.12690839537766474,-0.0008860137888822908
334.52,0.2,0.1281562354371936,0.12663551348142507
334.525,0.2,0.12948629679435728,0.36941429910829704
334.53,0.2,0.13082294065865574,0.375386159636434
334.535,0.2,0.1321838447606291,0.3880612244487924
334.54,0.2,0.1336761835970655,0.1518680289279341
334.545,0.2,0.1354310641831561,-0.0998129472976018
334.55,0.2,0.1375067154353394,-0.20713911083657144
334.555,0.2,0.13982252229661768,0.000927602789796575
334.56,0.2,0.14218157440165555,0.2088891499549959
334.565,0.2,0.14436979477223347,0.3672891991119931
334.57,0.2,0.14626203786459263,0.519206254672936
334.575,0.2,0.14787793970134017,0.36448826714498433
334.58,0.2,0.14936503793617867,0.24949158702634994
334.585,0.2,0.15091390086013742,-0.16684954808328215
334.59,0.2,0.15264147476274656,-0.17796769652353872
334.595,0.2,0.15451215714869812,-0.025980622007839835
334.6,0.2,0.1563598370231698,0.2646627788239497
334.605,0.2,0.15799095224817944,0.22042393982856734
334.61,0.2,0.15928288007342875,0.4795866674898779
334.615,0.2,0.16023220255652834,0.3850427209030734
334.62,0.2,0.16095209222920087,0.2193415163424631
334.625,0.2,0.1616147022700655,0.06020073888653571
334.63,0.2,0.16236356881876626,-0.0034874466912104413
334.635,0.2,0.16325198808228478,0.014201461063418422
334.64,0.2,0.1642322504438497,-0.030341985245617042
334.645,0.2,0.16519358588869876,0.52004844202602
334.65,0.2,0.16605093495639403,0.5203396976260855
334.655,0.2,0.16683531781240554,0.3583313049241341
334.66,0.2,0.16769317756016594,0.13764280824935018
334.665,0.2,0.16879746175560573,0.1762946160666433
334.67,0.2,0.17025833597211767,-0.13977515394538328
334.675,0.2,0.1720771160510314,0.12694620547616764
334.68,0.2,0.17415022783800577,0.09628289580792211
334.685,0.2,0.17632705972658888,0.4458891970327482
334.69,0.2,0.1784960962514539,0.47790047298866245
334.695,0.2,0.1806502569199581,0.4222786225198287
334.7,0.2,0.18288694625380614,0.22915286527634313
334.705,0.2,0.18534117749101195,0.10306272625477934
334.71,0.2,0.18809782419487198,-0.07217627753195126
334.715,0.2,0.19113157437303255,0.04655702017870897
334.72,0.2,0.19430469496373862,0.12542029052297193
334.725,0.2,0.1974259088482663,0.39567157509438644
334.73,0.2,0.2003425491979413,0.5532827436780385
334.735,0.2,0.20302043993086136,0.518772400007992
334.74,0.2,0.20556060955274477,0.2766859693957433
334.745,0.2,0.20813208570362207,0.07498900289361218
334.75,0.2,0.21086003992349261,-0.1318209864382255
334.755,0.2,0.2137409909347241,0.06397958745415142
334.76,0.2,0.21664137911965828,0.21408587602154686
334.765,0.2,0.21937674553092357,0.3726472480647538
334.77,0.2,0.2218125171660983,0.557451351449597
334.775,0.2,0.22392888442617415,0.36986256940157036
334.78,0.2,0.22582288299072598,0.444617586551288
334.785,0.2,0.2276526258046505,0.02524632662210719
334.79,0.2,0.22954435750144353,-0.15456671804523014
334.795,0.2,0.2314989741345143,-0.05838346441582698
334.8,0.2,0.23336954002213048,0.21541822667163343
334.805,0.2,0.23494088408308683,0.3383002325387244
334.81,0.2,0.23604032470228867,0.3102817863238868
334.815,0.2,0.23660113821211864,0.5243410686524319
334.82,0.2,0.23667497182934377,0.34698741271667477
334.825,0.2,0.2363967860705032,-0.09702924876955757
334.83,0.2,0.23589081445294763,-0.008268976195653338
334.835,0.2,0.23517751099833026,-0.10484616454782114
334.84,0.2,0.23415928362499983,0.10548833881447214
334.845,0.2,0.23268173200442074,0.324068476136878
334.85,0.2,0.23062498778280646,0.33693054763164276
334.855,0.2,0.22797853932530784,0.5701692754851919
334.86,0.2,0.22486110972068163,0.07997789775009481
334.865,0.2,0.2214621430485151,-0.028198049336307596
334.87,0.2,0.2179297885941833,-0.15363992912216037
334.875,0.2,0.214292557746136,-0.010275867185608753
334.88,0.2,0.21047224539022133,0.18978464559442432
334.885,0.2,0.2063721111248186,0.5413978837831159
334.89,0.2,0.20198965039273087,0.5598906292267275
334.895,0.2,0.19748382759415864,0.4556149489709464
334.9,0.2,0.19315082068561046,0.3484100115863854
334.905,0.2,0.18932926752321283,0.014177028967212072
334.91,0.2,0.1862795960269322,-0.24090250085030307
334.915,0.2,0.1840826262048875,-0.08606917614543878
334.92,0.2,0.18262141297255133,0.09627463529776015
334.925,0.2,0.1816725005035987,0.49726558965233203
334.93,0.2,0.18104968745742311,0.536013514124359
334.935,0.2,0.18070437503588327,0.38914799824850055
334.94,0.2,0.1807216588765164,0.2797520320583941
334.945,0.2,0.18123734732625402,0.09621141249457872
334.95,0.2,0.18233917148707085,-0.16471511547877873
334.955,0.2,0.1839898985116343,-0.06876258512970976
334.96,0.2,0.186014174666288,0.2733137473684254
334.965,0.2,0.18818146777026162,0.48254924344797595
334.97,0.2,0.19032891613566238,0.39844047723987863
334.975,0.2,0.192426342531194,0.5170232064599882
334.98,0.2,0.19456122258946837,0.27677728790302597
334.985,0.2,0.19687326720764364,0.05400053901288833
334.99,0.2,0.1994606231935854,-0.07096774525963397
334.995,0.2,0.20229587406253927,-0.21505490627822538
335.0,0.2,0.20519797060381736,0.03962388450465132
335.005,0.2,0.20788815017197962,0.42734936785128064
335.01,0.2,0.21011781542007785,0.49947608975241453
335.015,0.2,0.21178266340650512,0.39243899230006307
335.02,0.2,0.21293266567644833,0.12698328197101794
335.025,0.2,0.2136831766523257,-0.03268143339578686
335.03,0.2,0.21410762245301282,-0.022890932510594486
335.035,0.2,0.21418316623173927,-0.048699672863323086
335.04,0.2,0.21379985059903867,0.020746523640387093
335.045,0.2,0.2128101150064956,0.31422959747749823
335.05,0.2,0.21111344253412145,0.6469282300899527
335.055,0.2,0.2087564938620259,0.6034632697287587
335.06,0.2,0.20596930802364444,0.1787848729404915
335.065,0.2,0.20307747564325845,0.0072526301339363546
335.07,0.2,0.2003470008592781,-0.2479421934596025
335.075,0.2,0.19787421009744766,-0.07284635230589923
335.08,0.2,0.19558428265606342,0.21643912028160583
335.085,0.2,0.19333212579160028,0.437307975250434
335.09,0.2,0.19103538000315376,0.5441375950679644
335.095,0.2,0.18875373708838075,0.45598394827581534
335.1,0.2,0.186679107623457,0.303908308516623
335.105,0.2,0.18505755917201974,0.1380586232287347
335.11,0.2,0.18408364875566183,-0.23965214779095753
335.115,0.2,0.18380266035688775,-0.17165462976065674
335.12,0.2,0.18407966829310693,0.30016142210808827
335.125,0.2,0.18468959921468786,0.4836676109408387
335.13,0.2,0.18546432185957334,0.38523428449725916
335.135,0.2,0.18636600889447968,0.38914617369760984
335.14,0.2,0.1874570344900936,0.1677272684835169
335.145,0.2,0.1888186537447559,-0.08763588235741783
335.15,0.2,0.19046286614743277,-0.014223550232213153
335.155,0.2,0.1922854698309775,-0.022008182360134215
335.16,0.2,0.19409090787810587,0.21031824734492705
335.165,0.2,0.19567140551334763,0.4550609210985073
335.17,0.2,0.1969018265876896,0.48149124871768945
335.175,0.2,0.19780112654918383,0.5164528167810087
335.18,0.2,0.19851937136202832,0.11673165009960676
335.185,0.2,0.19924896607434772,0.006487259221334241
335.19,0.2,0.20011345764763583,-0.008598408437041294
335.195,0.2,0.20111045824282006,0.01171961896407699
335.2,0.2,0.2021335401213944,0.2480889830862565
335.205,0.2,0.2030475710364129,0.4420505690220959
335.21,0.2,0.20377989740913843,0.4973641404568234
335.215,0.2,0.20437717042866158,0.4548445172473479
335.22,0.2,0.20498952350064883,0.13420308758513882
335.225,0.2,0.20578976664909626,0.11213813099535079
335.23,0.2,0.20688420652329936,0.048028049920762345
335.235,0.2,0.20827124950992956,0.03144556506604875
335.24,0.2,0.2098500477966359,0.0960565411130111
335.245,0.2,0.21146524301932168,0.4405714535227214
335.25,0.2,0.21298362981264637,0.38312898770885734
335.255,0.2,0.21436187390424005,0.4337204540903691
335.26,0.2,0.21565089179722183,0.13995108226127645
335.265,0.2,0.21692943193634326,-0.10843007092822941
335.27,0.2,0.21820498087683565,-0.1874556635770614
335.275,0.2,0.21934513080816745,-0.18709547697183385
335.28,0.2,0.22008835749043987,0.11784884961251403
335.285,0.2,0.22013502152160122,0.3494479595236234
335.29,0.2,0.21927509882031482,0.5522238386858414
335.295,0.2,0.21748360395418043,0.47580908383984283
335.3,0.2,0.21492162327258058,0.049465670521893185
335.305,0.2,0.21183404231974867,0.005736916961950221
335.31,0.2,0.20841229287671365,-0.319295560211913
335.315,0.2,0.204710949639225,0.03854080579623748
335.32,0.2,0.2006663186511476,0.26185050176232033
335.325,0.2,0.19620612114720304,0.51786050205689
335.33,0.2,0.19136500500018205,0.32726952223503925
335.335,0.2,0.1863166280640998,0.3825208673442075
335.34,0.2,0.1813277648700041,0.3168804509622478
335.345,0.2,0.17668821738567433,0.005074143827088096
335.35,0.2,0.1726238361809229,-0.3044009194165235
335.355,0.2,0.1692062187648182,-0.020572664534380752
335.36,0.2,0.16633988550447537,0.195006932633285
335.365,0.2,0.16385665415654083,0.2912857561635174
335.37,0.2,0.1616368013452454,0.587184236003897
335.375,0.2,0.1596902637058006,0.5830693197050111
335.38,0.2,0.15817238697091504,0.18404523407663406
335.385,0.2,0.15730333922952408,-0.08028569094713214
335.39,0.2,0.15722670999217947,-0.12939378779459168
335.395,0.2,0.15791361261796938,-0.14740469099132117
335.4,0.2,0.15917169230745795,0.24491150758803623
335.405,0.2,0.1607455884464553,0.45959680464598973
335.41,0.2,0.16245167832447927,0.574610590828763
335.415,0.2,0.16425706006048715,0.2557563993636171
335.42,0.2,0.16624450344257952,0.0791944843956788
335.425,0.2,0.16850158347664523,-0.027935179228835243
335.43,0.2,0.17102654785212568,-0.055528197753169466
335.435,0.2,0.1736998511141152,-0.048495222582532235
335.44,0.2,0.17630816996687407,0.02322301873072871
335.445,0.2,0.17860351449691889,0.374042171899195
335.45,0.2,0.18039344705865526,0.4967423136038726
335.455,0.2,0.1816248831448219,0.39115877950395544
335.46,0.2,0.18239115637201683,0.10159481022730721
335.465,0.2,0.18284615944855753,-0.02696131767163306
335.47,0.2,0.18309550852203985,-0.05672434343372412
335.475,0.2,0.18313699031151504,-0.15730124196453285
335.48,0.2,0.18285898557428013,-0.04212912158465079
335.485,0.2,0.1820922913974955,0.5105634689222747
335.49,0.2,0.18072906347241402,0.7409379547780094
335.495,0.2,0.17884719727108886,0.3916365951634095
335.5,0.2,0.17671264229594394,0.1608498271234522
335.505,0.2,0.1746467415199368,-0.05643443346830654
335.51,0.2,0.1728807916887892,-0.0414086222142965
335.515,0.2,0.17148990260832936,-0.08624890479263747
335.52,0.2,0.17041202472746447,0.2547190231671689
335.525,0.2,0.16953311122911224,0.4954385004321017
335.53,0.2,0.16880184563839543,0.5611281898280448
335.535,0.2,0.1683035199393251,0.49507174772270196
335.54,0.2,0.16823845853008726,0.07188213945918671
335.545,0.2,0.16881193259419347,-0.10177580916014702
335.55,0.2,0.17010841164057075,-0.04593329375607553
335.555,0.2,0.17204005772753664,-0.04352780350580626
335.56,0.2,0.17438997929608427,0.2622172855201981
335.565,0.2,0.17691103698753013,0.43669536992971275
335.57,0.2,0.17942743184317778,0.33351325965101053
335.575,0.2,0.18187911937280093,0.3387482699387604
335.58,0.2,0.1842879926783216,-0.002401920902315946
335.585,0.2,0.18668209285195486,0.10020878549733431
335.59,0.2,0.18903329015470124,-0.016730630868457955
335.595,0.2,0.1912376919623321,-0.06998135256440804
335.6,0.2,0.19313052237692,0.21691561302419848
335.605,0.2,0.19453696455875008,0.33449812504163956
335.61,0.2,0.19535358939275574,0.5085095762450957
335.615,0.2,0.19561247583124416,0.485995033212761
335.62,0.2,0.19548645484484087,0.3360559663477587
335.625,0.2,0.19522880279635593,0.10653606964640112
335.63,0.2,0.1950715504849335,-0.057311629992866875
335.635,0.2,0.19514070829881244,0.15971408091048764
335.64,0.2,0.1954458951034547,0.18676377104483163
335.645,0.2,0.1959433984135652,0.5081980729918191
335.65,0.2,0.19662763046600953,0.6732666242997738
335.655,0.2,0.19759965090502843,0.4098677810975686
335.66,0.2,0.19905386353029336,0.182466997316275
335.665,0.2,0.20117908240924182,0.07870484692391364
335.67,0.2,0.20405031276965266,-0.18360151381029488
335.675,0.2,0.20756489284960997,-0.22251590531500706
335.68,0.2,0.21144087369824896,0.18427350974018944
335.685,0.2,0.21530654086173312,0.4409998380577184
335.69,0.2,0.2188537861703909,0.6186978744323836
335.695,0.2,0.22195136920048672,0.4274894355363085
335.7,0.2,0.22464539394480715,0.2799823444645504
335.705,0.2,0.2270625341779203,-0.09677497978300692
335.71,0.2,0.22928175564619357,-0.1217158615432996
335.715,0.2,0.2312515546581868,0.006235410052115423
335.72,0.2,0.23280979215946784,0.3882158579032833
335.725,0.2,0.2337894058035576,0.34454986690903683
335.73,0.2,0.23411581734096334,0.3292303250512423
335.735,0.2,0.23382601900415645,0.2923218400232319
335.74,0.2,0.2330281154013211,0.15149226641068034
335.745,0.2,0.23184265798246817,0.015630892777924437
335.75,0.2,0.23034254463136347,-0.08757055987180765
335.755,0.2,0.2285151336047049,0.06287148717449827
335.76,0.2,0.2262761948142323,0.15119428373433277
335.765,0.2,0.22353687663334684,0.5016017002563578
335.77,0.2,0.22029263732404597,0.514871918933509
335.775,0.2,0.21667882250944234,0.3568153817545282
335.78,0.2,0.21294184928898788,0.13751540225457304
335.785,0.2,0.2093421481998513,0.07281964865132026
335.79,0.2,0.2060623752448047,-0.002342534435068072
335.795,0.2,0.20316900988625586,0.060768655728836704
335.8,0.2,0.20062536636726164,0.08908172294062444
335.805,0.2,0.19833951834557173,0.3540365865228603
335.81,0.2,0.19623865002789287,0.5677921822599976
335.815,0.2,0.19434349316071164,0.39675632733489935
335.82,0.2,0.19277451787764172,-0.018297042573767158
335.825,0.2,0.1916597649567114,-0.01942589443351301
335.83,0.2,0.19102638895528895,-0.08249835379169727
335.835,0.2,0.19076284569613053,-0.12440866570855424
335.84,0.2,0.19064851660287502,0.14942509790689484
335.845,0.2,0.19043185063239493,0.4602772639672841
335.85,0.2,0.1899489188487169,0.7137293317553975
335.855,0.2,0.18922153755445517,0.4524780192497688
335.86,0.2,0.18844829694253595,0.1487858328399221
335.865,0.2,0.18788146014195,-0.03801638770731004
335.87,0.2,0.18768076009388818,-0.21108181854168423
335.875,0.2,0.18783838595253646,0.09900289674069036
335.88,0.2,0.1882071273074549,0.1172386007008326
335.885,0.2,0.18860226212339704,0.5730408443977034
335.89,0.2,0.18891740864799603,0.5057364492260606
335.895,0.2,0.18918712848284683,0.2700071093095666
335.9,0.2,0.18955172615898874,0.23378325787700688
335.905,0.2,0.1901653049352307,0.12527448559500576
335.91,0.2,0.19111820755678283,-0.15453166473427607
335.915,0.2,0.19238424851922845,-0.09274019571199865
335.92,0.2,0.19380869902186165,0.21148363882750504
335.925,0.2,0.19517232352297628,0.2552982688506371
335.93,0.2,0.19629076704378756,0.323600845331548
335.935,0.2,0.19707481475140287,0.3872997235213649
335.94,0.2,0.1975333799603862,0.10867762025330688
335.945,0.2,0.19772523839362197,-0.01791719633472655
335.95,0.2,0.19768320227213085,0.0064507513322211996
335.955,0.2,0.19737263346028458,0.120402221607535
335.96,0.2,0.19671812014080092,0.28567581777752427
335.965,0.2,0.19566556956025888,0.2646302460364044
335.97,0.2,0.1942365604683521,0.6181515651098453
335.975,0.2,0.19255489671515458,0.14966088154136686
335.98,0.2,0.19081273864588638,0.007520494877986755
335.985,0.2,0.18917279012273452,-0.04301090414983699
335.99,0.2,0.18768865792529302,0.002946779016308382
335.995,0.2,0.18630297914702124,0.04918507719170446
336.0,0.2,0.18489117548338,0.019388317584881437
336.005,0.2,0.18331608899559923,0.46348354230586564
336.01,0.2,0.18150104954835578,0.48699628965051206
336.015,0.2,0.17950071905655832,0.4732322829361605
336.02,0.2,0.1775018201703831,0.11613589323396149
336.025,0.2,0.17573253212097506,-0.030027149317526057
336.03,0.2,0.17434287670711027,-0.14940780705835446
336.035,0.2,0.1733335802990503,-0.08851313331602056
336.04,0.2,0.17257076595528886,0.26604302636195765
336.045,0.2,0.17188185584126278,0.494918376582186
336.05,0.2,0.17117518943643437,0.3879848114410175
336.055,0.2,0.1704927418606047,0.3174244546991344
336.06,0.2,0.16997125744742136,0.25107260451124536
336.065,0.2,0.1697668192158564,0.06266460022463505
336.07,0.2,0.16998452339800146,-0.038478605145187306
336.075,0.2,0.1706318176321327,0.11625269118730894
336.08,0.2,0.17161793677249243,-0.014187200065142042
336.085,0.2,0.17280015047558284,0.5047029403561578
336.09,0.2,0.17406315124038446,0.44571865493187934
336.095,0.2,0.17539250413882004,0.3829154213849019
336.1,0.2,0.17687998367884036,0.3097203358554019
336.105,0.2,0.17866216987383224,0.1306468319458848
336.11,0.2,0.18083904342256288,-0.14005222537453013
336.115,0.2,0.1834005319322093,-0.03207715547710627
336.12,0.2,0.18620430207369668,0.16765137250489998
336.125,0.2,0.1890369232450254,0.32320188078280443
336.13,0.2,0.1917139760033759,0.38764438725527045
336.135,0.2,0.19414320902212795,0.24477161637253142
336.14,0.2,0.19631871739049755,0.20069600129295673
336.145,0.2,0.19826470242089503,-0.08875730610795818
336.15,0.2,0.19996062748700116,-0.20634868055683467
336.155,0.2,0.20128762745209497,0.04379600806844234
336.16,0.2,0.20204059494671822,-0.0412704699994598
336.165,0.2,0.2019984425566942,0.3189149807041208
336.17,0.2,0.20101450334054172,0.5680088230458923
336.175,0.2,0.19909756132696735,0.34143114517266704
336.18,0.2,0.19642102759127725,0.12286511101876385
336.185,0.2,0.1932344304495378,0.07089883561537848
336.19,0.2,0.1897535902213265,-0.10643485131033537
336.195,0.2,0.1860915968781961,-0.23780444229953107
336.2,0.2,0.18224303446773343,0.29633155783318055
336.205,0.2,0.17814933987825352,0.40373107814190656
336.21,0.2,0.17382123674056144,0.5695686883022234
336.215,0.2,0.16941984466986199,0.4950292019745443
336.22,0.2,0.16523774280637837,0.09705979755957549
336.225,0.2,0.16159465172363216,0.0405902383961731
336.23,0.2,0.1587225527451205,0.14321021225041922
336.235,0.2,0.15672067119013444,-0.02052619149075562
336.24,0.2,0.15557268618900266,0.15294485608062813
336.245,0.2,0.15518352722764084,0.1797590720481983
336.25,0.2,0.1554343240726073,0.4789524408505452
336.255,0.2,0.15625302581762843,0.5115180082189856
336.26,0.2,0.1576595395585469,0.26036863483062644
336.265,0.2,0.15973393352098425,0.030763888889495633
336.27,0.2,0.16252260011851336,0.03822322913356163
336.275,0.2,0.16596869406163697,0.08742003328245777
336.28,0.2,0.16992067660702237,0.2762893453960259
336.285,0.2,0.17419597344340682,0.3159713979372766
336.29,0.2,0.1786501628755838,0.46913552711713374
336.295,0.2,0.18321694539819824,0.32027820415253805
336.3,0.2,0.1879009182016461,0.22383629996683324
336.305,0.2,0.19272409914854127,0.017128055349026
336.31,0.2,0.19765304086694047,-0.12265056020202449
336.315,0.2,0.2025516535111847,0.1384954542506722
336.32,0.2,0.20720089190283258,0.1665487760126291
336.325,0.2,0.21137535335266014,0.36691131376578684
336.33,0.2,0.21492858058594916,0.6338371065073737
336.335,0.2,0.21786030479717752,0.5918955831514002
336.34,0.2,0.22032861397826126,0.1863378458321045
336.345,0.2,0.22256423418517443,0.009099510850739258
336.35,0.2,0.22473596584838598,-0.0141287509944064
336.355,0.2,0.2268699308879985,-0.07672431997109451
336.36,0.2,0.22885827880075116,0.24614264037485029
336.365,0.2,0.23053806680000502,0.45136044331528313
336.37,0.2,0.2318045067804629,0.60869615353055
336.375,0.2,0.23268740040836847,0.2924187413047312
336.38,0.2,0.23333091471948314,0.2546231039878399
336.385,0.2,0.23389743770403237,-0.12466750346254293
336.39,0.2,0.23446074138286274,-0.16876571749195574
336.395,0.2,0.23494417702619447,-0.021903089850142072
336.4,0.2,0.23514838399375076,0.30289468639977557
336.405,0.2,0.23486361018400898,0.4688671102211996
336.41,0.2,0.23399334725689097,0.5955507239930607
336.415,0.2,0.23261283684377287,0.38058237237540227
336.42,0.2,0.23093200565909017,0.16496819699569054
336.425,0.2,0.22919120653826372,0.09477413290395756
336.43,0.2,0.22756037334883444,-0.04041046736946883
336.435,0.2,0.22608654780824466,-0.08563088976878187
336.44,0.2,0.22469616406140433,0.2636467010156415
336.445,0.2,0.22326403987334428,0.5017998310385698
336.45,0.2,0.22172772876683672,0.5796182139424254
336.455,0.2,0.220163240344174,0.40772076503114485
336.46,0.2,0.21876299929412812,0.24057889370114355
336.465,0.2,0.21774151890177887,0.046265932907069464
336.47,0.2,0.2172372953203484,0.05833268440802436
336.475,0.2,0.217265642168856,0.09568184876307455
336.48,0.2,0.2177374518541228,0.2552734100685674
336.485,0.2,0.21852076135635823,0.3161166909649441
336.49,0.2,0.21950695141293125,0.4263507506878049
336.495,0.2,0.22065433038729912,0.4321241181850522
336.5,0.2,0.2219949830430095,0.2577531101372169
336.505,0.2,0.22359332367683904,0.024344490511524944
336.51,0.2,0.22546791567615346,-0.059141932985968856
336.515,0.2,0.22753628919454583,0.24345849352957383
336.52,0.2,0.22964096634276288,0.29511237247340283
336.525,0.2,0.23163341423549771,0.4337214491129333
336.53,0.2,0.23344153955165692,0.39443612173026543
336.535,0.2,0.23508801519155204,0.4549171820191566
336.54,0.2,0.23666260499836492,0.01213401426943947
336.545,0.2,0.23824436327876064,-0.13387695866007496
336.55,0.2,0.23980729855550087,-0.03959202608468115
336.555,0.2,0.24118906738492735,0.0009007435458628496
336.56,0.2,0.24214886474668557,0.32150218267446684
336.565,0.2,0.24247103914771623,0.4445975893338185
336.57,0.2,0.24206014470898127,0.48385652270127427
336.575,0.2,0.24098429223468987,0.5616898798955545
336.58,0.2,0.23945659258362392,0.3306324629517
336.585,0.2,0.23776171892000847,0.027124907497840023
336.59,0.2,0.23614432883464603,0.0004188417970545366
336.595,0.2,0.2347208332945044,0.020992843399142737
336.6,0.2,0.2334729819911624,0.22298893309390116
336.605,0.2,0.23231841524866328,0.4936132820072586
336.61,0.2,0.23121171176093314,0.5201403990686427
336.615,0.2,0.2302081929482699,0.30242058667879534
336.62,0.2,0.22944245980820427,0.2541122338768922
336.625,0.2,0.22904979885472918,0.04334295979561933
336.63,0.2,0.22909160347639343,0.008906995163130968
336.635,0.2,0.2295175181328785,0.05010995511544758
336.64,0.2,0.23018023414189215,0.24939856805679475
336.645,0.2,0.23089986465363413,0.331690891384451
336.65,0.2,0.23153775194473536,0.33919155528405476
336.655,0.2,0.23203522158337425,0.3637918419424527
336.66,0.2,0.23240909021129222,0.26180637401227874
336.665,0.2,0.2327149910616965,0.06031941962335227
336.67,0.2,0.23298559078285208,-0.08309997083634182
336.675,0.2,0.23317217625297143,0.0286741044223846
336.68,0.2,0.23313786211324045,0.1353974596719802
336.685,0.2,0.23272037634500112,0.531296370619069
336.69,0.2,0.23182900703448195,0.3933539195668935
336.695,0.2,0.2305028357072406,0.3458993983211135
336.7,0.2,0.22888142628809277,0.08644800141392892
336.705,0.2,0.2271147398424184,-0.04428323237664526
336.71,0.2,0.22527346733397993,-0.14769899737256215
336.715,0.2,0.2233033786143444,-0.08189772547371565
336.72,0.2,0.2210449397804551,0.16168370451771813
336.725,0.2,0.2183158348204129,0.40265479970765156
336.73,0.2,0.2150201053255223,0.5250520728730791
336.735,0.2,0.21121649180969387,0.27501019689586514
336.74,0.2,0.2070970316487458,0.2515765870857879
336.745,0.2,0.20289707966791445,-0.07272496532068883
336.75,0.2,0.19879452623865834,-0.11376092112533298
336.755,0.2,0.1948425930488445,-0.10252782927430243
336.76,0.2,0.1909750272473604,0.3258784345397677
336.765,0.2,0.18709440135567235,0.39243588332579854
336.77,0.2,0.183181334402213,0.44388167784501764
336.775,0.2,0.17934688848741862,0.5220811016153266
336.78,0.2,0.1758155735077516,0.25837233677325744
336.785,0.2,0.17285894013704023,0.15587093209585545
336.79,0.2,0.17070404828444563,0.02228190915531518
336.795,0.2,0.16946158165914696,0.005145904346145109
336.8,0.2,0.16910265182363907,-0.010887134256115344
336.805,0.2,0.169493082443279,0.5394903088471098
336.81,0.2,0.1704877579875129,0.4349561412838043
336.815,0.2,0.17202239244256173,0.3166251982703306
336.82,0.2,0.17411466657047212,0.16565035301396114
336.825,0.2,0.17679082772744992,0.09132731141177843
336.83,0.2,0.1800146393373625,-0.06651442148082506
336.835,0.2,0.18364898408856598,-0.0572404818442972
336.84,0.2,0.18746101672880988,0.2530974912243787
336.845,0.2,0.19119179620692528,0.4791610513089125
336.85,0.2,0.194664262563102,0.5093951344980615
336.855,0.2,0.19784970113090894,0.4151303440035745
336.86,0.2,0.20084503524919609,0.18916362361757083
336.865,0.2,0.20378716156931947,0.1267748049844252
336.87,0.2,0.20676101903210234,-0.11411970210373287
336.875,0.2,0.20974147697202353,0.03337408015313794
336.88,0.2,0.21259687936626,0.2874332275951512
336.885,0.2,0.21516138708300395,0.31944840123786356
336.89,0.2,0.21732531647839198,0.4645216010053694
336.895,0.2,0.21908534454964568,0.44779595843253184
336.9,0.2,0.2205389277707725,0.15126663520774083
336.905,0.2,0.221820972073737,0.03478606055619566
336.91,0.2,0.22300444020228502,-0.31768403598754524
336.915,0.2,0.22402275136043856,-0.012279896019041135
336.92,0.2,0.22468064833761753,0.32249897352929485
336.925,0.2,0.2247669977605475,0.4145212495794259
336.93,0.2,0.22417977419955984,0.4177924424909323
336.935,0.2,0.22296885016826692,0.3650625668257561
336.94,0.2,0.22129444443529642,0.09063080735900945
336.945,0.2,0.21933936804336063,-0.028353784799966267
336.95,0.2,0.21722307358993198,0.0730572842967199
336.955,0.2,0.21496577479095677,-0.1259154381929367
336.96,0.2,0.2125069635406899,0.30482863822057826
336.965,0.2,0.20977035877245556,0.4818383181118237
336.97,0.2,0.20675898970871656,0.48560402649627554
336.975,0.2,0.20361247996783993,0.46330658845589523
336.98,0.2,0.20057898967500157,0.1728043433419374
336.985,0.2,0.19792155935814285,-0.054829938900405197
336.99,0.2,0.19580861705899752,-0.06184892939574119
336.995,0.2,0.19425647831881462,0.10750954402874575
337.0,0.2,0.19316734116525042,0.3976812338950693
337.005,0.2,0.19242793731364996,0.2981833242659438
337.01,0.2,0.1919884198714803,0.48305169163775574
337.015,0.2,0.19188363127690947,0.3396330425998498
337.02,0.2,0.19220850460550334,0.19241872252119407
337.025,0.2,0.1930489762682228,-0.251617865133603
337.03,0.2,0.19438798373924704,0.011340627472879172
337.035,0.2,0.19605681676175163,-0.20202725219266515
337.04,0.2,0.19776907748447003,0.20637334178192335
337.045,0.2,0.19921085863990226,0.3048628595778011
337.05,0.2,0.20014586537854795,0.4219489937743548
337.055,0.2,0.20048668015523585,0.4579065848780637
337.06,0.2,0.20029891735412758,0.2235006200179953
337.065,0.2,0.19973351094400058,-0.136655384708195
337.07,0.2,0.19890956297593487,-0.1696647078936449
337.075,0.2,0.19782468471494252,-0.01848946897933118
337.08,0.2,0.196366049449071,0.2056709905119516
337.085,0.2,0.19440671753734598,0.4349914770012658
337.09,0.2,0.19191178073812284,0.4262530719952323
337.095,0.2,0.18898769889014252,0.36335398785690476
337.1,0.2,0.1858531046979751,0.18389812808797007
337.105,0.2,0.1827589868989538,0.09183647683114676
337.11,0.2,0.1799021460716764,-0.14153024896478042
337.115,0.2,0.17736131432933533,-0.08153867944755405
337.12,0.2,0.17508817251765282,0.26718384473043255
337.125,0.2,0.17297773607919475,0.35039848810674684
337.13,0.2,0.1709746397618449,0.4981140910335391
337.135,0.2,0.16913142184169327,0.23368443209039708
337.14,0.2,0.1675825652558948,0.17625792538460489
337.145,0.2,0.16646081883419356,-0.14779538545707038
337.15,0.2,0.16580836660168638,-0.09451845008995559
337.155,0.2,0.16553164286302477,-0.09811060714351455
337.16,0.2,0.165424222390956,0.11332586470708364
337.165,0.2,0.16524581723080378,0.32256690022313356
337.17,0.2,0.16481760397028963,0.34394537955976484
337.175,0.2,0.1640814287423442,0.27793510742906113
337.18,0.2,0.163087487887734,0.06304931992236763
337.185,0.2,0.16192452943081936,-0.01745338547796524
337.19,0.2,0.16063846595107312,-0.22909449297504084
337.195,0.2,0.15917747329316034,-0.14931387004629043
337.2,0.2,0.1573903993895263,0.05819980019337618
337.205,0.2,0.1550946385071039,0.35337867505866644
337.21,0.2,0.15218439313424087,0.4028548344177044
337.215,0.2,0.1487040840173492,0.2825398514584866
337.22,0.2,0.14483258370890173,0.08889552936679392
337.225,0.2,0.14079715005301519,4.403327503016419e-05
337.23,0.2,0.13677791752484716,-0.21908065617979844
337.235,0.2,0.13284935420025948,0.017465534196452442
337.24,0.2,0.12898560315805635,0.08086516732182517
337.245,0.2,0.1251202961775636,0.10637541645771345
337.25,0.2,0.12120902580255072,0.25939071754113474
337.255,0.2,0.1172626205412994,0.13978268714786632
337.26,0.2,0.11334248846295064,-0.06790790693500846
337.265,0.2,0.10951087925482195,-0.13205065122735915
337.27,0.2,0.10576317288550645,-0.372093298948304
337.275,0.2,0.1019951455752139,0.10546141491402372
337.28,0.2,0.09804340097054345,0.03738949522940459
337.285,0.2,0.09377893658150391,0.37656091532751534
337.29,0.2,0.08918603702808385,0.24000214718470622
337.295,0.2,0.08438900689110992,0.435615688025179
337.3,0.2,0.07962863024383611,0.07165281175897217
337.305,0.2,0.07518564457459373,-0.19846515681741245
337.31,0.2,0.07126582829941693,-0.23552241937083987
337.315,0.2,0.0679148831087784,-0.24378365110923333
337.32,0.2,0.06502255360835064,0.04454220043557039
337.325,0.2,0.06240625876038424,0.19278792554124907
337.33,0.2,0.05992484670532793,0.44844551350448847
337.335,0.2,0.05756054259369216,0.16183421608790663
337.34,0.2,0.05541493270303913,0.049828613873846954
337.345,0.2,0.05362324446547389,-0.1781932882799179
337.35,0.2,0.052251627914980565,-0.2875744681245007
337.355,0.2,0.05123861048653844,-0.1460529228894477
337.36,0.2,0.05040823786612701,-0.04238805737417067
337.365,0.2,0.04954732778985763,0.2637070790951961
337.37,0.2,0.048504731179184586,0.2716858025757794
337.375,0.2,0.04725737770919995,0.2539709653938638
337.38,0.2,0.045905063539989355,0.04464948975927732
337.385,0.2,0.0446002372017348,-0.11226778365568969
337.39,0.2,0.04345887989786006,-0.14256176241848084
337.395,0.2,0.04250084603381823,-0.2642571076522642
337.4,0.2,0.0416381068656201,-0.10029067582026348
337.405,0.2,0.0407160686593635,0.2378496112511082
337.41,0.2,0.03960626663714002,0.3166318202985865
337.415,0.2,0.03828817573055199,0.007383199613819114
337.42,0.2,0.036836084889303664,-0.11639363606979795
337.425,0.2,0.03533038943192642,-0.13806462134576764
337.43,0.2,0.03377920166099368,-0.4642259670510691
337.435,0.2,0.032076030992274816,-0.3789641861630069
337.44,0.2,0.030003006738827595,0.027612359235663984
337.445,0.2,0.027320574910871812,0.3071772784608717
337.45,0.2,0.02390519149204011,0.21507743140950042
337.455,0.2,0.01981808422485196,0.15254066803576427
337.46,0.2,0.015265599614469617,0.04861214005602304
337.465,0.2,0.010507510623396065,-0.20114023331924924
337.47,0.2,0.0057574160364515375,-0.4354323193952905
337.475,0.2,0.0011045654421358837,-0.15179337576739088
337.48,0.2,-0.003483773400430583,0.09218350866602883
337.485,0.2,-0.008064258240918392,0.2990025639010423
337.49,0.2,-0.012605880482597618,0.23252660331023908
337.495,0.2,-0.016949172160671013,0.25103964524091565
337.5,0.2,-0.02084388073329979,-0.003959614969404231
337.505,0.2,-0.02403437414392499,-0.22034595832253112
337.51,0.2,-0.02635341287058889,-0.11964488075343843
337.515,0.2,-0.027770727118616324,-0.20289937901475913
337.52,0.2,-0.028375459191277083,-0.0036803413247598338
337.525,0.2,-0.02832098245527896,-0.0014428437994781218
337.53,0.2,-0.02775933766972372,0.278897437985644
337.535,0.2,-0.02677978141052929,0.23134355009796098
337.54,0.2,-0.02538471376173923,-0.08644871578920539
337.545,0.2,-0.023541368114522995,-0.25020030735482357
337.55,0.2,-0.021278707005771582,-0.29141586832469296
337.555,0.2,-0.018745505882476164,-0.2699289171077027
337.56,0.2,-0.016188191023225468,0.07977706692777771
337.565,0.2,-0.01386240661795944,0.19244799602335289
337.57,0.2,-0.011931439864579478,0.19856516798626622
337.575,0.2,-0.010417524532441762,0.22558749010936388
337.58,0.2,-0.009226047793677718,-0.0990074633135401
337.585,0.2,-0.008229903386137374,-0.4043004281437967
337.59,0.2,-0.00738096863102676,-0.3361998403142286
337.595,0.2,-0.006774652724351582,-0.3468602755219337
337.6,0.2,-0.006623124553637981,-0.10770748724941495
337.605,0.2,-0.007162889436245185,0.17915676856150822
337.61,0.2,-0.008541178333157127,0.2724804644300322
337.615,0.2,-0.010733895827008821,0.2840687555506436
337.62,0.2,-0.0135458714699391,-0.05696829606186694
337.625,0.2,-0.016699688367032898,-0.21416743079735961
337.63,0.2,-0.019958000851967347,-0.2658913294335269
337.635,0.2,-0.02319528175131924,-0.07675621597587245
337.64,0.2,-0.026381886977759256,-0.034688400560307794
337.645,0.2,-0.029517054439320456,0.1601054425863696
337.65,0.2,-0.032560753047305324,0.25800683460961576
337.655,0.2,-0.03539290284302677,0.12666181309071084
337.66,0.2,-0.037823370813745455,0.04420219788287985
337.665,0.2,-0.03965658650743122,-0.28015389317703404
337.67,0.2,-0.04078370829102986,-0.42564392767301085
337.675,0.2,-0.04125582488792292,-0.33060387317916234
337.68,0.2,-0.04128246852721791,-0.08590443248332119
337.685,0.2,-0.04114141651872667,0.12447281010793512
337.69,0.2,-0.041059503814627724,0.1255745514894702
337.695,0.2,-0.04113988516968875,0.17775647967296862
337.7,0.2,-0.04136162990227485,-0.032987559234241355
337.705,0.2,-0.04164349454986275,-0.4160629093448191
337.71,0.2,-0.04195214355114025,-0.49331452771287504
337.715,0.2,-0.0423879134903812,-0.2995755686205888
337.72,0.2,-0.04316920577942461,-0.05776036486248266
337.725,0.2,-0.04452448646629789,0.13519366130316607
337.73,0.2,-0.04657875202043482,0.10039964948142566
337.735,0.2,-0.04930749891366642,0.04316915152134215
337.74,0.2,-0.052567193445101634,-0.05648537542719831
337.745,0.2,-0.05616875660811385,-0.3227073817119961
337.75,0.2,-0.059964201954162376,-0.42791612514395544
337.755,0.2,-0.0639170495877279,-0.45253280946052676
337.76,0.2,-0.06811548073191487,-0.20889589663517277
337.765,0.2,-0.07270627782480299,0.10929826430421935
337.77,0.2,-0.07777582541469304,0.2788198259926051
337.775,0.2,-0.08325286278423966,0.12588748498484115
337.78,0.2,-0.0889089965855531,-0.15286798587280065
337.785,0.2,-0.09445837318357227,-0.27224343861023265
337.79,0.2,-0.09967801249438046,-0.37974107990106104
337.795,0.2,-0.10447290459545563,-0.26500990354164145
337.8,0.2,-0.10886361554513635,-0.07947757130273006
337.805,0.2,-0.11291584612437155,0.03537845521828443
337.81,0.2,-0.11665811991940439,0.14235027687689863
337.815,0.2,-0.12002931859599174,0.20714324390634847
337.82,0.2,-0.1228772120784529,-0.15893629950046845
337.825,0.2,-0.1250215979651832,-0.2627184981222802
337.83,0.2,-0.12634832262295775,-0.20910952132836583
337.835,0.2,-0.12685416552939024,-0.13030632651689075
337.84,0.2,-0.12661808265479146,-0.058599113164224725
337.845,0.2,-0.12574403972859033,0.039350227041397054
337.85,0.2,-0.12430646442694614,0.281821666895818
337.855,0.2,-0.12230320712608618,0.1918940561929673
337.86,0.2,-0.11965175212224317,-0.24163880847179997
337.865,0.2,-0.1162678879355295,-0.3113024219672874
337.87,0.2,-0.112178563109869,-0.4964458104305464
337.875,0.2,-0.10758088886716104,-0.4162439053360464
337.88,0.2,-0.10281982188694556,-0.24476913020500196
337.885,0.2,-0.09829794767334163,0.09086483260020992
337.89,0.2,-0.09435662512317479,-0.05789538819486681
337.895,0.2,-0.09119929663140963,0.08076004121546193
337.9,0.2,-0.08889147704231778,-0.1755445588482296
337.905,0.2,-0.08741300104369501,-0.21887571922942026
337.91,0.2,-0.08673250999020163,-0.5151552185039641
337.915,0.2,-0.08687400318224239,-0.31621201079346023
337.92,0.2,-0.08792629728363166,-0.06202912661761861
337.925,0.2,-0.08997142703402965,0.11986217729678551
337.93,0.2,-0.09298997331056229,0.02024337377055918
337.935,0.2,-0.09682468935957911,0.1196064437251653
337.94,0.2,-0.10120846064123147,-0.008108990016012396
337.945,0.2,-0.10582228068285661,-0.19911263342731167
337.95,0.2,-0.11037958848434909,-0.5743011344961353
337.955,0.2,-0.1147180474866574,-0.26674192924224577
337.96,0.2,-0.11882968903777714,-0.33623298193816986
337.965,0.2,-0.12279687559730142,0.18020295830579128
337.97,0.2,-0.12667584404185392,0.23110816238941434
337.975,0.2,-0.13040237375181943,0.043774021915123335
337.98,0.2,-0.13379257185770935,-0.12226829336426964
337.985,0.2,-0.13663514368174803,-0.3046658354025753
337.99,0.2,-0.1387941693393736,-0.34408227431860766
337.995,0.2,-0.14026312455999398,-0.3641018986313152
338.0,0.2,-0.14115849280661777,-0.18093402018639618
338.005,0.2,-0.14166386267965297,-0.10428962620456528
338.01,0.2,-0.14194689730811386,0.2510351995283491
338.015,0.2,-0.14208367491036258,-0.04680750568344319
338.02,0.2,-0.14205025701498872,-0.34317568324815784
338.025,0.2,-0.14180719008086523,-0.401856643198323
338.03,0.2,-0.1414019402316764,-0.5262896571328206
338.035,0.2,-0.14100672222678276,-0.39351741657116973
338.04,0.2,-0.1408844437227965,-0.256867129103074
338.045,0.2,-0.14130578592353257,0.019281863938189005
338.05,0.2,-0.14244650548733387,0.18629618469179643
338.055,0.2,-0.14431580769505456,-0.06457380768437762
338.06,0.2,-0.14677184042702393,-0.2346678412564037
338.065,0.2,-0.14962075948096776,-0.4256575796020108
338.07,0.2,-0.15273304333423926,-0.7076411781109646
338.075,0.2,-0.15611665432965083,-0.38451185090908085
338.08,0.2,-0.1599042888208046,-0.26446775924884947
338.085,0.2,-0.16425659334807743,-0.0493566736139896
338.09,0.2,-0.16925188509429004,0.043334237473323045
338.095,0.2,-0.1748222962954588,0.10749039377012173
338.1,0.2,-0.18075181385275463,-0.13756900220951354
338.105,0.2,-0.18674584440223174,-0.4920919376718516
338.11,0.2,-0.1925552926033632,-0.5764213793393225
338.115,0.2,-0.19807618181686806,-0.4044227408572855
338.12,0.2,-0.20334666957606456,-0.19324050458190517
338.125,0.2,-0.20844743317286762,0.1762058615599833
338.13,0.2,-0.21337977898413554,0.06380082801219025
338.135,0.2,-0.21800930092938334,-0.09980180476249582
338.14,0.2,-0.2221153195581376,-0.29745218799291967
338.145,0.2,-0.22549712077924472,-0.391220902041724
338.15,0.2,-0.22806329223054309,-0.5944073555893281
338.155,0.2,-0.22986896447614413,-0.2833887865787976
338.16,0.2,-0.2310872669503098,-0.3564414167685386
338.165,0.2,-0.2319301015148044,0.00641330676349078
338.17,0.2,-0.2325528423640007,0.224317728805545
338.175,0.2,-0.2329795375414425,-0.11726002306857383
338.18,0.2,-0.2331045263922634,-0.0797524984835116
338.185,0.2,-0.23277825258447535,-0.46945239285227225
338.19,0.2,-0.23191715980155875,-0.602719669704556
338.195,0.2,-0.23058174501208384,-0.42938016579330207
338.2,0.2,-0.22897252421273157,-0.21273970466364142
338.205,0.2,-0.22733487679586578,0.016045659115036
338.21,0.2,-0.22583807260186903,0.1524041035489975
338.215,0.2,-0.2244982061541499,0.11906145578687855
338.22,0.2,-0.22318275056893971,-0.24211793953134977
338.225,0.2,-0.22169920093489806,-0.3152867620621772
338.23,0.2,-0.2199099333904726,-0.42218138970895974
338.235,0.2,-0.21780278412252135,-0.5376744540485764
338.24,0.2,-0.21549835936971587,-0.22951238388092104
338.245,0.2,-0.21318899503658503,0.08852146291260857
338.25,0.2,-0.21101670582395782,0.3076184851772168
338.255,0.2,-0.20896917241648427,-0.01656390735916236
338.26,0.2,-0.2068822128204591,-0.0017076929290680554
338.265,0.2,-0.2045424904817898,-0.575324950478264
338.27,0.2,-0.20182085695795168,-0.4862956462267667
338.275,0.2,-0.1987616340448441,-0.4946487209413313
338.28,0.2,-0.1955736555109865,-0.25931274356967815
338.285,0.2,-0.19253525134726102,-0.01736689732375279
338.29,0.2,-0.1898789786489387,-0.08022272399746044
338.295,0.2,-0.18772357959578295,-0.07819882159122404
338.3,0.2,-0.18608104796710742,-0.2482458006326317
338.305,0.2,-0.1849133606609262,-0.36191878969289215
338.31,0.2,-0.18420169352514856,-0.5290763701357843
338.315,0.2,-0.1839985078730555,-0.43800013795176473
338.32,0.2,-0.1844319066460655,-0.3158571264160979
338.325,0.2,-0.18564416704158027,0.15078307183269568
338.33,0.2,-0.18768803336357276,0.011349702484645355
338.335,0.2,-0.1904604827358399,-0.07432899382172733
338.34,0.2,-0.19373032399459242,-0.09879749357193099
338.345,0.2,-0.19722522907188714,-0.49472119886580945
338.35,0.2,-0.20073073017673967,-0.5529739895615873
338.355,0.2,-0.2041625634809579,-0.3134768908197212
338.36,0.2,-0.2075581393491925,-0.3065542826226272
338.365,0.2,-0.2109940416343554,0.06301087290086846
338.37,0.2,-0.21448916013634442,0.09741180062141275
338.375,0.2,-0.21794109307272935,0.02344605789955732
338.38,0.2,-0.2211337270832995,-0.13794568118178216
338.385,0.2,-0.22381874497253285,-0.4750884199023553
338.39,0.2,-0.22583146465184706,-0.6571952463432015
338.395,0.2,-0.22717510346636918,-0.3078343011060233
338.4,0.2,-0.22799378908606643,0.08889945843110539
338.405,0.2,-0.2284375514269271,0.09123399094120277
338.41,0.2,-0.22853987013136826,0.11676824405053657
338.415,0.2,-0.22819585579143623,0.03401350437267138
338.42,0.2,-0.22721976078109368,-0.20749391703513495
338.425,0.2,-0.22544370151689125,-0.5776139349799215
338.43,0.2,-0.2228299529681018,-0.5526909649142941
338.435,0.2,-0.2195352349865552,-0.515451310586976
338.44,0.2,-0.21587732062345988,-0.223902235820426
338.445,0.2,-0.2122208899236625,0.06170607151402829
338.45,0.2,-0.20884479938337522,0.03854303462352396
338.455,0.2,-0.20586321021052736,0.06871567113902978
338.46,0.2,-0.20323802872331093,-0.25679968301588674
338.465,0.2,-0.2008653748334673,-0.42198087525228767
338.47,0.2,-0.19867990726613946,-0.34460565439767155
338.475,0.2,-0.19670994266132624,-0.4471456424460978
338.48,0.2,-0.1950628164473009,-0.13788675967529196
338.485,0.2,-0.19386289187199732,-0.04950144476312679
338.49,0.2,-0.1931731319244256,0.049970156495369594
338.495,0.2,-0.19294448302639616,0.02264383897255809
338.5,0.2,-0.19302684804492676,-0.2799771514522176
338.505,0.2,-0.19324638286038706,-0.5429095442549654
338.51,0.2,-0.1935179907970443,-0.6866904521348223
338.515,0.2,-0.1939190016031758,-0.4524204684519128
338.52,0.2,-0.19465972261511905,-0.18150753067568598
338.525,0.2,-0.1959645862768114,0.003304562886101009
338.53,0.2,-0.19794847406006477,0.023403572455763133
338.535,0.2,-0.20055925682457695,0.09714606309239453
338.54,0.2,-0.2035957579146401,-0.191807916074717
338.545,0.2,-0.20678323934298676,-0.2886144493881982
338.55,0.2,-0.20987185501438713,-0.3580253619371696
338.555,0.2,-0.21271143963712522,-0.5851242503712578
338.56,0.2,-0.21528206222250434,-0.3083610367207039
338.565,0.2,-0.21765499949143932,0.23348948141840234
338.57,0.2,-0.2198750411064222,0.030096085247305157
338.575,0.2,-0.22186284017508345,0.033708122304684424
338.58,0.2,-0.22343463162030622,-0.30542182778159477
338.585,0.2,-0.22440768051886226,-0.4870426601223948
338.59,0.2,-0.2247075837769942,-0.4688223229194918
338.595,0.2,-0.22441723068097497,-0.5169907689594799
338.6,0.2,-0.22374677610405241,-0.12404297794093012
338.605,0.2,-0.22293895770035357,0.028436997081378246
338.61,0.2,-0.222155382488526,0.06621795223954734
338.615,0.2,-0.22141446118140767,0.00892211949693887
338.62,0.2,-0.22061688557912212,-0.29937439480073835
338.625,0.2,-0.21963260493884143,-0.3068838928220928
338.63,0.2,-0.21839422052101226,-0.5608430995711255
338.635,0.2,-0.21695131267037668,-0.4009665368748484
338.64,0.2,-0.21545972660470736,-0.12630513598525872
338.645,0.2,-0.21410416154756218,-0.11732110295342656
338.65,0.2,-0.21300122409992592,0.2089028388368372
338.655,0.2,-0.21214167239508286,-0.11299590033018186
338.66,0.2,-0.21140809358764412,-0.32941319006980574
338.665,0.2,-0.21066500492159138,-0.339075118590451
338.67,0.2,-0.2098545074024634,-0.6115467186178644
338.675,0.2,-0.2090457998273469,-0.5478334896455008
338.68,0.2,-0.20843122676944784,-0.2887910626079989
338.685,0.2,-0.20825729722313174,-0.16665553357326843
338.69,0.2,-0.20871919180618306,-0.01913420245411157
338.695,0.2,-0.20988239815970505,0.04824643673302204
338.7,0.2,-0.2116591284738678,-0.029917111814641156
338.705,0.2,-0.21383967993149175,-0.18317570642476652
338.71,0.2,-0.21617275697942193,-0.47376768668342195
338.715,0.2,-0.21846578917203396,-0.4618925564524579
338.72,0.2,-0.22064461863108079,-0.24494649302058077
338.725,0.2,-0.22272412567330502,-0.05751651532687273
338.73,0.2,-0.22471693479809024,0.05669027502092125
338.735,0.2,-0.22655706153436467,0.027618693497826384
338.74,0.2,-0.2280872433468876,-0.10853336165880693
338.745,0.2,-0.22911619244916628,-0.501828609350952
338.75,0.2,-0.22951762123840108,-0.4059961236659446
338.755,0.2,-0.2292995977910711,-0.36431526108075263
338.76,0.2,-0.22859043927808748,-0.2531523469568957
338.765,0.2,-0.2275628264489882,0.061124537792138695
338.77,0.2,-0.2263495724244449,-0.17098750416071531
338.775,0.2,-0.2250045071963957,-0.14283084596611145
338.78,0.2,-0.22352901597870573,-0.2860996214768907
338.785,0.2,-0.2219267974188201,-0.4016439105259834
338.79,0.2,-0.22025105719059043,-0.446476445231973
338.795,0.2,-0.2186235716339199,-0.23877557561358412
338.8,0.2,-0.21720549652163665,-0.23970005030724967
338.805,0.2,-0.21613911282623252,-0.11214156193736036
338.81,0.2,-0.21549930814015328,-0.012726385062521203
338.815,0.2,-0.2152671383047342,-0.05842805971137563
338.82,0.2,-0.2153363029668403,-0.23514121015802
338.825,0.2,-0.21557100405024893,-0.5442860024797296
338.83,0.2,-0.21589359252488494,-0.41412637412418773
338.835,0.2,-0.21633276309964938,-0.3629831810582803
338.84,0.2,-0.2169932445172825,-0.20796336841222005
338.845,0.2,-0.21797828085188883,0.03120984487430841
338.85,0.2,-0.21930752501557899,0.14248600839998626
338.855,0.2,-0.22086544236261357,-0.0035453159445067804
338.86,0.2,-0.22241893415706757,-0.14629834024349322
338.865,0.2,-0.2237020826479941,-0.3668493284168352
338.87,0.2,-0.22452087857638037,-0.5536295143377129
338.875,0.2,-0.22483290763559366,-0.5863741602469889
338.88,0.2,-0.22475709539173555,-0.04729846488940226
338.885,0.2,-0.22447897157461855,0.10335726682084617
338.89,0.2,-0.2241102333246219,0.03014998298864878
338.895,0.2,-0.22362450815447463,-0.05555295977743342
338.9,0.2,-0.22290335896376853,-0.30662363050123803
338.905,0.2,-0.22183297020192036,-0.43119320692376845
338.91,0.2,-0.2203908158820834,-0.49363453185807105
338.915,0.2,-0.2186831174066094,-0.427591808327658
338.92,0.2,-0.21692055047083486,-0.3063081407754652
338.925,0.2,-0.21533852318250948,0.21551901291118775
338.93,0.2,-0.21408154091453363,0.12419276566843898
338.935,0.2,-0.2131229534026823,-0.004639260164764942
338.94,0.2,-0.21228798273830607,-0.04448036698028865
338.945,0.2,-0.21134999288631579,-0.40638550828482795
338.95,0.2,-0.21013239865228783,-0.30374435540000877
338.955,0.2,-0.20857688360041454,-0.5217630232949599
338.96,0.2,-0.20675426761991542,-0.17123652079199544
338.965,0.2,-0.20481004213632428,-0.014928755134612167
338.97,0.2,-0.2028668069388753,0.1025548982305807
338.975,0.2,-0.20094536515791894,0.05931110202547064
338.98,0.2,-0.19896094053955804,-0.24712364083917623
338.985,0.2,-0.19679486294285,-0.3201631558093666
338.99,0.2,-0.19439325109633962,-0.6003958220743478
338.995,0.2,-0.19183419310229732,-0.41239132834793185
339.0,0.2,-0.18931630980515857,-0.02411517881330577
339.005,0.2,-0.1870600544074832,-0.03512743692294492
339.01,0.2,-0.18518922719770106,0.27706692250653636
339.015,0.2,-0.1836706264416045,0.003957172761338428
339.02,0.2,-0.18233877397288697,-0.21340551449045264
339.025,0.2,-0.1809979457604253,-0.4633670539426123
339.03,0.2,-0.1795404679753636,-0.40882308624076263
339.035,0.2,-0.17800199502121952,-0.4276236426702707
339.04,0.2,-0.1765301723526921,-0.03481096928154012
339.045,0.2,-0.17529126803466652,0.019072670126961327
339.05,0.2,-0.17436661677356902,0.19722366364600757
339.055,0.2,-0.17370011150971332,-0.02688545384702113
339.06,0.2,-0.17313041780903093,-0.29334697277461574
339.065,0.2,-0.1724900256215482,-0.36443821481096206
339.07,0.2,-0.1717049632928944,-0.5120492697282745
339.075,0.2,-0.17084131487817464,-0.500685146996591
339.08,0.2,-0.17008463059673162,-0.06542079132095384
339.085,0.2,-0.1696428191099311,0.20613000969656234
339.09,0.2,-0.16961353886243433,0.11028656649435938
339.095,0.2,-0.1699234665557877,-0.06029442716978281
339.1,0.2,-0.1703846983783406,-0.2225097464196772
339.105,0.2,-0.17080345140210532,-0.3362762822463735
339.11,0.2,-0.17106618788614153,-0.4162973670918146
339.115,0.2,-0.17117924159761744,-0.457397430662592
339.12,0.2,-0.1712558874823509,-0.05240205070926367
339.125,0.2,-0.17144187206524036,0.010554800505223214
339.13,0.2,-0.17181103783694657,0.23065841659249126
339.135,0.2,-0.17230223189542007,-0.016309553119127768
339.14,0.2,-0.17274405444681495,-0.2529737288047258
339.145,0.2,-0.17295676805355548,-0.4790660281585074
339.15,0.2,-0.1728633069443945,-0.42290152256562613
339.155,0.2,-0.17253278233742017,-0.35938536148345546
339.16,0.2,-0.1721404171785254,-0.18303291512650455
339.165,0.2,-0.17188169703937528,-0.007400511311990217
339.17,0.2,-0.17188477289280282,0.0714017136176993
339.175,0.2,-0.17215223147439654,0.19188762803676765
339.18,0.2,-0.17255306368015835,-0.10578505721554812
339.185,0.2,-0.17288204871253687,-0.3558535661471018
339.19,0.2,-0.17296777945579844,-0.34822314298838336
339.195,0.2,-0.1727522939311864,-0.30611224189351316
339.2,0.2,-0.17229583012433025,-0.39918331892455594
339.205,-0.2,-0.1717329817069468,0.010574727727368907
339.21,-0.2,-0.17119862622327015,0.078519076581101
339.215,-0.2,-0.17074295604301104,0.11615793316061554
339.22,-0.2,-0.17029850401841604,-0.13568850059639925
339.225,-0.2,-0.1697345118126787,-0.36217697609741745
339.23,-0.2,-0.16896011583212836,-0.47315898028483067
339.235,-0.2,-0.16800105882876118,-0.33264072885359713
339.24,-0.2,-0.16699343428564198,-0.12076422511575564
339.245,-0.2,-0.1661028515586936,0.0014234224166590481
339.25,-0.2,-0.16542969597168908,0.14522430619482382
339.255,-0.2,-0.1649582981030746,-0.07268173847024913
339.26,-0.2,-0.16458294749542707,-0.35551315251229976
339.265,-0.2,-0.1641965766432996,-0.2798029018058111
339.27,-0.2,-0.16377156334254625,-0.4981414118740426
339.275,-0.2,-0.163390422403894,-0.4954103672153498
339.28,-0.2,-0.16323582442874116,-0.26138957340300156
339.285,-0.2,-0.16352428288593296,0.19207777011800856
339.29,-0.2,-0.16438261462920467,0.20550494454153984
339.295,-0.2,-0.16575169008903484,0.12108513732579934
339.3,-0.2,-0.16740692972663204,-0.3463213871727632
339.305,-0.2,-0.1690869699253551,-0.44210657559405475
339.31,-0.2,-0.17062719216102576,-0.29732939360993754
339.315,-0.2,-0.17200357150209244,-0.44228907438987997
339.32,-0.2,-0.1732913753097557,-0.006257205285896461
339.325,-0.2,-0.17458703098589348,-0.08900303682553959
339.33,-0.2,-0.17592863653408122,0.1538821102112999
339.335,-0.2,-0.17725657736621278,-0.14259958071956041
339.34,-0.2,-0.1784359590770459,-0.07689709866831405
339.345,-0.2,-0.1793239874952955,-0.49565383651469946
339.35,-0.2,-0.17985122565091427,-0.43218227172014057
339.355,-0.2,-0.18007537781133212,-0.426832813040858
339.36,-0.2,-0.18016661267331963,-0.16940139290539505
339.365,-0.2,-0.18032759141550173,-0.04179542196336737
339.37,-0.2,-0.18069550645754526,0.1621451587969727
339.375,-0.2,-0.18127452086811463,0.07170536327456103
339.38,-0.2,-0.18192989433936976,-0.005567977547534991
339.385,-0.2,-0.1824514092226384,-0.3784171959568275
339.39,-0.2,-0.18266570218837652,-0.584899374831052
339.395,-0.2,-0.18254058615682406,-0.4255204226152502
339.4,-0.2,-0.18220083124731717,-0.1298988698548854
339.405,-0.2,-0.18182983586770754,0.18406975481127827
339.41,-0.2,-0.18153285107565595,0.10160174322396386
339.415,-0.2,-0.1812630493779973,0.18279124799874474
339.42,-0.2,-0.18084550821266307,-0.23091916944254826
339.425,-0.2,-0.18007712688804953,-0.4565512604486157
339.43,-0.2,-0.17884433478120837,-0.25573850545004295
339.435,-0.2,-0.17717473948499354,-0.3787860184958034
339.44,-0.2,-0.17520617168256536,-0.22895142200451835
339.445,-0.2,-0.17312025854267263,0.08918167191425419
339.45,-0.2,-0.17106122213669675,0.020805507846424334
339.455,-0.2,-0.1690734446214158,0.03759187331857557
339.46,-0.2,-0.16710234071093177,-0.0708732566595383
339.465,-0.2,-0.1650491007422022,-0.32623136611835657
339.47,-0.2,-0.16284807319339942,-0.39393821201561807
339.475,-0.2,-0.16052956838729032,-0.33334166762613304
339.48,-0.2,-0.1582232811879412,-0.1809656381532776
339.485,-0.2,-0.15610237820304879,-0.14605206468342297
339.49,-0.2,-0.15431443057622674,-0.005199333612307455
339.495,-0.2,-0.15293460028149647,-0.03497727224102529
339.5,-0.2,-0.15195528799368677,-0.17665483684208166
339.505,-0.2,-0.15132531371624836,-0.45954155922885176
339.51,-0.2,-0.15102156500929467,-0.29376351149802216
339.515,-0.2,-0.15109495054149016,-0.46537601176985227
339.52,-0.2,-0.15166264989313608,-0.2519849973930579
339.525,-0.2,-0.15285761157942543,0.069423098368312
339.53,-0.2,-0.15474281051885477,0.14649992190855285
339.535,-0.2,-0.15723755364263234,0.008229380106575354
339.54,-0.2,-0.16012594039678096,-0.1454166224305066
339.545,-0.2,-0.16315030619407592,-0.5590154351247317
339.55,-0.2,-0.1661325637785483,-0.48688120997115736
339.555,-0.2,-0.16904488941878043,-0.32893867964465795
339.56,-0.2,-0.17197614467812983,-0.10281927425753828
339.565,-0.2,-0.175025406916854,0.08313458567407861
339.57,-0.2,-0.17819911662708787,0.17661055367839196
339.575,-0.2,-0.18135943467759186,0.1817911489057802
339.58,-0.2,-0.18424505814987965,-0.2401608404803195
339.585,-0.2,-0.18656845280316184,-0.35804442547653703
339.59,-0.2,-0.1881419405171656,-0.5209906067390438
339.595,-0.2,-0.1889485148577291,-0.27097030248080173
339.6,-0.2,-0.1891161361924471,-0.2042486054476393
339.605,-0.2,-0.18882732368254226,0.019314217516766048
339.61,-0.2,-0.18822748714660403,-0.027630590250850462
339.615,-0.2,-0.18737630217439913,0.043501707674644584
339.62,-0.2,-0.186250685232519,-0.13848034396844894
339.625,-0.2,-0.18479055810287473,-0.3108172628576067
339.63,-0.2,-0.1829756197183289,-0.5938186578497537
339.635,-0.2,-0.18089674995382607,-0.3259825327329251
339.64,-0.2,-0.17875787158760045,-0.1768435772008457
339.645,-0.2,-0.17678683719109822,0.18213617351770078
339.65,-0.2,-0.1751160539721197,0.14194422556098085
339.655,-0.2,-0.1737238965992315,-0.13412477031994102
339.66,-0.2,-0.17248079772760724,-0.18984608079851176
339.665,-0.2,-0.17125530956373247,-0.4873169675014525
339.67,-0.2,-0.17000356524526972,-0.3734962261772431
339.675,-0.2,-0.16879473850418397,-0.1869454187851039
339.68,-0.2,-0.16776210421317106,-0.15853228194792424
339.685,-0.2,-0.16702301971191852,0.016031549662104568
339.69,-0.2,-0.16661591139211543,0.17056287533529474
339.695,-0.2,-0.16646412675213593,0.05717457884542565
339.7,-0.2,-0.1663854116989048,-0.10696400681175929
339.705,-0.2,-0.16616406057197153,-0.37109237028793723
339.71,-0.2,-0.165658097117218,-0.613042588535317
339.715,-0.2,-0.16488614435221835,-0.4922394887312769
339.72,-0.2,-0.16403334091990435,-0.1849369618324098
339.725,-0.2,-0.16335212500736862,0.12144468585480528
339.73,-0.2,-0.16302301060075025,-0.015437290377009055
339.735,-0.2,-0.163076046574531,0.17575768302888134
339.74,-0.2,-0.16340185813769953,-0.18961813202314376
339.745,-0.2,-0.16382402201581517,-0.29273147717800796
339.75,-0.2,-0.16420282446180354,-0.5779018369837394
339.755,-0.2,-0.1645234109852184,-0.4706461485294289
339.76,-0.2,-0.16490741074534024,-0.08954400053709308
339.765,-0.2,-0.16552063929012914,0.19358058463026848
339.77,-0.2,-0.1664347169960172,0.17179211398950908
339.775,-0.2,-0.16754752278213103,0.2523425682530366
339.78,-0.2,-0.16860092514148656,-0.001085990390684799
339.785,-0.2,-0.1692786339108467,-0.5811471561514518
339.79,-0.2,-0.1693563973151359,-0.4805215971317741
339.795,-0.2,-0.1688114301243465,-0.3503188147042375
339.8,-0.2,-0.16780365281480517,-0.2624035583423755
339.805,-0.2,-0.1665699758047685,-0.0055472421361654825
339.81,-0.2,-0.16531338153760392,0.12154029461601223
339.815,-0.2,-0.16412316973283114,0.11284946801222438
339.82,-0.2,-0.16296042435088828,-0.22195837267637203
339.825,-0.2,-0.1617283063530469,-0.3701317611595761
339.83,-0.2,-0.1603803869721219,-0.4654992607310423
339.835,-0.2,-0.15898456516880152,-0.2898985175207044
339.84,-0.2,-0.15770286945090484,-0.186275017540791
339.845,-0.2,-0.15671656141978507,-0.08762714861627097
339.85,-0.2,-0.15615513553312202,-0.08065107406272887
339.855,-0.2,-0.1560623847549753,-0.012251758628906255
339.86,-0.2,-0.15639699988630196,-0.1272035256972493
339.865,-0.2,-0.15706458783642266,-0.3373626575792666
339.87,-0.2,-0.15798472032798105,-0.558719982376074
339.875,-0.2,-0.15916243544522696,-0.37089791712399683
339.88,-0.2,-0.1606975638114708,-0.15258426501114286
339.885,-0.2,-0.16271182100633239,-0.06732251925697638
339.89,-0.2,-0.1652545929991116,0.12665935059943528
339.895,-0.2,-0.1682457055701451,0.11502343666187087
339.9,-0.2,-0.17147919809656642,-0.27786916485065283
339.905,-0.2,-0.17470060771768864,-0.2985515453633331
339.91,-0.2,-0.17771517130104747,-0.46560247599447974
339.915,-0.2,-0.18045268738004608,-0.4019029136970025
339.92,-0.2,-0.18296660412790502,-0.32190333136481736
339.925,-0.2,-0.18538174088674114,-0.09116050672328568
339.93,-0.2,-0.18780880099513172,0.11114834494254658
339.935,-0.2,-0.19026343151841268,0.004958270985091218
339.94,-0.2,-0.19265002464378508,-0.3218535620533829
339.945,-0.2,-0.19483515316093664,-0.39038222064023714
339.95,-0.2,-0.19674765173206796,-0.43583609103137544
339.955,-0.2,-0.19842869987536024,-0.5187976580964094
339.96,-0.2,-0.2000218467649144,-0.2606764084196591
339.965,-0.2,-0.20170925341721163,0.08947418294752145
339.97,-0.2,-0.20360478814504201,0.09364006670844768
339.975,-0.2,-0.20567292517555735,0.040280456979581464
339.98,-0.2,-0.20773863180458663,-0.13719661651947807
339.985,-0.2,-0.20957554265224781,-0.45995674298715267
339.99,-0.2,-0.2110231019693547,-0.5923334152999951
339.995,-0.2,-0.21207009688488782,-0.33892951179432274
340.0,-0.2,-0.21283802979348326,-0.06196624443269283
340.005,-0.2,-0.2134730235641987,-0.004742172086945743
340.01,-0.2,-0.21404169138328805,0.010172371312999057
340.015,-0.2,-0.21450000054236404,-0.030769849210225367
340.02,-0.2,-0.21472447916909335,-0.1559206981428281
340.025,-0.2,-0.21457480877860685,-0.3616608662983959
340.03,-0.2,-0.21396910171179045,-0.4792752321728622
340.035,-0.2,-0.2129397130878234,-0.35590504397456346
340.04,-0.2,-0.21162903903643612,-0.23854399803834864
340.045,-0.2,-0.21021894586964088,0.09498199172104228
340.05,-0.2,-0.20883413457859304,0.017576095423330634
340.055,-0.2,-0.20748963019265293,-0.21270693774691862
340.06,-0.2,-0.2061261116080596,-0.2462341342494787
340.065,-0.2,-0.20468947297338796,-0.3492317541944303
340.07,-0.2,-0.20318940132709626,-0.5151634353247633
340.075,-0.2,-0.2017275945480002,-0.44083014804937076
340.08,-0.2,-0.2004877171464452,-0.165791682489272
340.085,-0.2,-0.19966237418721453,0.09063254560946654
340.09,-0.2,-0.19934915966863181,0.023581922746876066
340.095,-0.2,-0.19949513240443303,0.055250962930096174
340.1,-0.2,-0.1999245157073192,-0.2395045632681499
340.105,-0.2,-0.20042328530045278,-0.3333932976276463
340.11,-0.2,-0.2008363857742921,-0.5284788136105603
340.115,-0.2,-0.2011300397849128,-0.3308748486216331
340.12,-0.2,-0.2013771455548944,-0.025928847241700748
340.125,-0.2,-0.20166823379752866,-0.0014479103849293767
340.13,-0.2,-0.20201926356154326,0.0330407897437746
340.135,-0.2,-0.2023438392363144,-0.029153464916882636
340.14,-0.2,-0.20248569224272633,-0.1446935050218764
340.145,-0.2,-0.20228613479843538,-0.508943715423218
340.15,-0.2,-0.20166690604080084,-0.35183235999593154
340.155,-0.2,-0.2006788226664243,-0.41794055390990603
340.16,-0.2,-0.19948040609779832,-0.2297007744086605
340.165,-0.2,-0.19826581957874104,0.036704670098862524
340.17,-0.2,-0.19716728211847054,0.30793577546794115
340.175,-0.2,-0.19617303819604223,-0.054569763483711856
340.18,-0.2,-0.1951423282912685,-0.3975750149555801
340.185,-0.2,-0.193923851220653,-0.2839746032349555
340.19,-0.2,-0.19246971003123475,-0.6543095444793121
340.195,-0.2,-0.19087431047306824,-0.29898422829984245
340.2,-0.2,-0.18934214423632534,-0.24903953913959245
340.205,-0.2,-0.18810003480538146,-0.008079880989334504
340.21,-0.2,-0.18729795636385144,0.08712186959226711
340.215,-0.2,-0.18695264155423177,-0.06931252118875557
340.22,-0.2,-0.18695997588480087,-0.13128930575784697
340.225,-0.2,-0.18716146041504197,-0.26204699570062207
340.23,-0.2,-0.1874262477565161,-0.5980290903989924
340.235,-0.2,-0.18772416733753122,-0.4490050259293644
340.24,-0.2,-0.1881462951024118,-0.13899275625152455
340.245,-0.2,-0.18883219804307785,-0.00464904397547693
340.25,-0.2,-0.18985896974386454,-0.00031777280559115717
340.255,-0.2,-0.1911788028123754,0.19766278942762747
340.26,-0.2,-0.1926260186583601,-0.34013127037750207
340.265,-0.2,-0.19399286158949317,-0.3935746811915851
340.27,-0.2,-0.19514751241106404,-0.6428157141486238
340.275,-0.2,-0.19611107845049722,-0.3470233446251584
340.28,-0.2,-0.1970349001665955,-0.21804663831736712
340.285,-0.2,-0.19810175782985334,-0.020340873983007553
340.29,-0.2,-0.19941979252243872,0.10464929126013525
340.295,-0.2,-0.20096753992657015,-0.13726535925392105
340.3,-0.2,-0.20261451577574652,-0.1376587137540726
340.305,-0.2,-0.20419642403346985,-0.3934322367502105
340.31,-0.2,-0.20559944359035232,-0.5260154954540837
340.315,-0.2,-0.20681892716846106,-0.38211707511800436
340.32,-0.2,-0.20796439856564727,-0.4404316824523245
340.325,-0.2,-0.20920547619165683,-0.012684702316098386
340.33,-0.2,-0.21068057585399022,0.06093909871186276
340.335,-0.2,-0.21240698679790193,0.13456978340979897
340.34,-0.2,-0.2142521038832234,-0.15314309537335208
340.345,-0.2,-0.21600157313615548,-0.5140915478492654
340.35,-0.2,-0.2174903920352209,-0.5852409058353125
340.355,-0.2,-0.21871147650175934,-0.6810211597548406
340.36,-0.2,-0.2198331772875747,-0.34172923365919605
340.365,-0.2,-0.22111315134837656,0.04260355122370879
340.37,-0.2,-0.22274695977345227,0.21105011056151832
340.375,-0.2,-0.22474949481560813,-0.08583319150336152
340.38,-0.2,-0.22696272953534485,-0.23977895849059028
340.385,-0.2,-0.22917000224560577,-0.45314979363056934
340.39,-0.2,-0.23122220606069444,-0.6470349256624209
340.395,-0.2,-0.2331167313707124,-0.618374852085372
340.4,-0.2,-0.235001346803549,-0.2523688129898499
340.405,-0.2,-0.23709049598638895,-0.17724096427344974
340.41,-0.2,-0.23954169704493994,0.11227602325993066
340.415,-0.2,-0.2423690987480423,-0.06522386772003713
340.42,-0.2,-0.24543516498005244,-0.11463739226238526
340.425,-0.2,-0.24851900685023007,-0.45883331168405955
340.43,-0.2,-0.25142894896676865,-0.6636297960126636
340.435,-0.2,-0.2540990391122541,-0.4131076950826944
340.44,-0.2,-0.2565986548793817,-0.26964028361605946
340.445,-0.2,-0.2590498073374531,-0.13765914936172688
340.45,-0.2,-0.261524754833791,0.10514172481171916
340.455,-0.2,-0.2639778179089051,0.041217980719743905
340.46,-0.2,-0.2662407354930705,-0.349149927968048
340.465,-0.2,-0.2681050090058411,-0.4596656605889827
340.47,-0.2,-0.2694423507822613,-0.5807789116202512
340.475,-0.2,-0.27027369609502866,-0.5052905167109993
340.48,-0.2,-0.27075039906558235,-0.18646802820224279
340.485,-0.2,-0.271061213143397,0.017140830728104364
340.49,-0.2,-0.27131392218706407,0.13844711172609897
340.495,-0.2,-0.27146209740540056,0.08511705558428201
340.5,-0.2,-0.27131525452156535,-0.10394026756983168
340.505,-0.2,-0.27063211907645496,-0.6759025715422577
340.51,-0.2,-0.26926443547032197,-0.5706456054466684
340.515,-0.2,-0.26725921827302107,-0.5258329850182577
340.52,-0.2,-0.26484709673369994,-0.49964863904575607
340.525,-0.2,-0.2623491219103806,-0.05939575793131643
340.53,-0.2,-0.2600606629733219,-0.12721938581451026
340.535,-0.2,-0.2581574236129619,0.00851770331196515
340.54,-0.2,-0.2566724703808178,-0.3196258776573327
340.545,-0.2,-0.2555543247718913,-0.4607762076309643
340.55,-0.2,-0.2547668883209648,-0.6557375646748755
340.555,-0.2,-0.25436702793951443,-0.4965384083528987
340.56,-0.2,-0.2545050480503953,-0.2974333810201488
340.565,-0.2,-0.25534456801347977,-0.020297222755762526
340.57,-0.2,-0.25695138139082013,0.11993637242674327
340.575,-0.2,-0.2592187730597124,0.0324567010525339
340.58,-0.2,-0.2618769841617819,-0.18792954260625744
340.585,-0.2,-0.26458429858910376,-0.35551949180057385
340.59,-0.2,-0.26704915966482135,-0.6308191627393116
340.595,-0.2,-0.26912263944682574,-0.42867310730743297
340.6,-0.2,-0.27081090979024747,-0.2582306708377119
340.605,-0.2,-0.2721985999279345,-0.047492503120073366
340.61,-0.2,-0.27334272376514124,-0.020421317986479448
340.615,-0.2,-0.2742060762111734,0.07681986519924039
340.62,-0.2,-0.2746537268319596,-0.22567772926753268
340.625,-0.2,-0.2745083803199895,-0.2588391226735106
340.63,-0.2,-0.27363438540710966,-0.4403324417026421
340.635,-0.2,-0.27200446793163835,-0.5100534248658891
340.64,-0.2,-0.2697192920731064,-0.2308552172764477
340.645,-0.2,-0.26696184933634604,-0.0995073969744146
340.65,-0.2,-0.2639028368199535,0.08252511388954234
340.655,-0.2,-0.26062178556036614,-0.05419093178221627
340.66,-0.2,-0.25710054067933585,-0.2694573557401249
340.665,-0.2,-0.25328953951759103,-0.3613770808332518
340.67,-0.2,-0.24919797143876266,-0.6481902489719702
340.675,-0.2,-0.2449572107322755,-0.49960555500694015
340.68,-0.2,-0.2408226229775165,-0.33418187586000425
340.685,-0.2,-0.237101478055906,-0.16969138954457225
340.69,-0.2,-0.23405362140436545,-0.19080059739445937
340.695,-0.2,-0.23182895086438834,-0.05034511485257766
340.7,-0.2,-0.2304584743431008,-0.3182727496028124
340.705,-0.2,-0.22989841421922544,-0.5544634706440383
340.71,-0.2,-0.2301145309668121,-0.5376869790661563
340.715,-0.2,-0.23114104919937514,-0.371573858324805
340.72,-0.2,-0.23305576289465119,-0.15554416320043665
340.725,-0.2,-0.2358939760901079,0.023443909685471942
340.73,-0.2,-0.23956535700462359,0.10067761665715656
340.735,-0.2,-0.24382198577889544,-0.013116950246296222
340.74,-0.2,-0.24830189578933595,-0.3456705637596826
340.745,-0.2,-0.2526387243466423,-0.47490028348564994
340.75,-0.2,-0.25657334712893815,-0.3824732990412131
340.755,-0.2,-0.25999769079923346,-0.5156841379326342
340.76,-0.2,-0.26292894762083385,-0.1945780789341061
340.765,-0.2,-0.2654420513889997,-0.0695567164772658
340.77,-0.2,-0.2675881787124281,-0.1615632732341797
340.775,-0.2,-0.26934394701346515,0.13845660482315583
340.78,-0.2,-0.27060187690776144,-0.10317110006948349
340.785,-0.2,-0.27120229921012107,-0.4802591583941796
340.79,-0.2,-0.27102424622780924,-0.490122270843533
340.795,-0.2,-0.27007568756181954,-0.3789123526661705
340.8,-0.2,-0.2684980616343951,-0.35962470180419576
340.805,-0.2,-0.266497926973805,-0.05128237578358424
340.81,-0.2,-0.26426162591828073,-0.09829321825211873
340.815,-0.2,-0.261891499154102,0.018403332453015175
340.82,-0.2,-0.2593962387501578,-0.3455439098508135
340.825,-0.2,-0.25674686083651604,-0.4386788630369909
340.83,-0.2,-0.25396067564213387,-0.4426428558628008
340.835,-0.2,-0.2511470443835133,-0.450295023855933
340.84,-0.2,-0.2484943329341846,-0.4103907760310883
340.845,-0.2,-0.24621828590033032,-0.004289024828636918
340.85,-0.2,-0.2444835159712369,-0.12203695932181
340.855,-0.2,-0.24333775801366356,-0.033187736139367374
340.86,-0.2,-0.24271121636577175,-0.29268849224446225
340.865,-0.2,-0.24248182383389177,-0.5184635793245064
340.87,-0.2,-0.242570106658454,-0.6104410688506011
340.875,-0.2,-0.2430081202206089,-0.5203250616224483
340.88,-0.2,-0.24392929215818024,-0.20529141547564814
340.885,-0.2,-0.24548067803297918,-0.11006091537267226
340.89,-0.2,-0.24771741813339987,0.09386997354967822
340.895,-0.2,-0.2505446036322912,-0.11257765106387653
340.9,-0.2,-0.25374007173649227,-0.31258832914675294
340.905,-0.2,-0.2570443110320401,-0.3710003845317696
340.91,-0.2,-0.26025600161387014,-0.5111159063238648
340.915,-0.2,-0.2632827268412849,-0.4543072935155053
340.92,-0.2,-0.26613631585323555,-0.24291249752942584
340.925,-0.2,-0.2688737645620173,-0.07086595336614873
340.93,-0.2,-0.2715102441396934,0.04957317924410107
340.935,-0.2,-0.2739578795360351,-0.004424881846707987
340.94,-0.2,-0.2760327819960236,-0.3333976789425832
340.945,-0.2,-0.277537563020708,-0.5106115826269015
340.95,-0.2,-0.27837250468303437,-0.6166253171706302
340.955,-0.2,-0.27859793633209073,-0.448507664825049
340.96,-0.2,-0.27840693127442906,-0.276505474026612
340.965,-0.2,-0.27802397227310943,0.14533078719772002
340.97,-0.2,-0.2775758327779403,0.2410527347377321
340.975,-0.2,-0.2770070903373469,-0.010672949544306531
340.98,-0.2,-0.2761098070148989,-0.2676378998720367
340.985,-0.2,-0.2746555260902824,-0.5853863829947308
340.99,-0.2,-0.2725388512582658,-0.598721138638107
340.995,-0.2,-0.2698457418065476,-0.45458719152916427
341.0,-0.2,-0.2668110077177411,-0.11858032934997606
341.005,-0.2,-0.26369941863632285,-0.11077529359109675
341.01,-0.2,-0.26069929775076955,-0.11999457522129725
341.015,-0.2,-0.2578862218938534,-0.0029843157823934915
341.02,-0.2,-0.255238740616614,-0.22876220869238134
341.025,-0.2,-0.2526877119687382,-0.4856217457780324
341.03,-0.2,-0.25020123420078927,-0.6060821512415085
341.035,-0.2,-0.24785845491611355,-0.471408176788089
341.04,-0.2,-0.24584299866857978,-0.1846934459213952
341.045,-0.2,-0.2443488457080298,0.05359656624956623
341.05,-0.2,-0.2434677176372045,-0.05458117233530606
341.055,-0.2,-0.24314468531057729,-0.13869588823494855
341.06,-0.2,-0.24322310524786717,-0.2694170436699694
341.065,-0.2,-0.24352382064772865,-0.2611491012475
341.07,-0.2,-0.24391083463623858,-0.6123266117784304
341.075,-0.2,-0.2443392898741468,-0.39655384874656785
341.08,-0.2,-0.24486046869867156,-0.12205065672806391
341.085,-0.2,-0.2455476160733686,0.08098651469927957
341.09,-0.2,-0.24639613012517164,-0.13676374939628913
341.095,-0.2,-0.24729813667332942,-0.18838365387214717
341.1,-0.2,-0.24809584195626658,-0.1592979675326754
341.105,-0.2,-0.24865123298936728,-0.6491574372945822
341.11,-0.2,-0.2489208623496256,-0.7086702194223562
341.115,-0.2,-0.24901156444782893,-0.24246633421830238
341.12,-0.2,-0.24913576613229835,-0.18945670859291877
341.125,-0.2,-0.24948925155171586,-0.14918759676648136
341.13,-0.2,-0.25016206501366994,0.12789046774913554
341.135,-0.2,-0.2511066647952968,-0.017949735684147844
341.14,-0.2,-0.2521456844288623,-0.05945541627694306
341.145,-0.2,-0.25303616096153675,-0.4937835636239711
341.15,-0.2,-0.2535838011174958,-0.623132932755106
341.155,-0.2,-0.2537438072369546,-0.459536398233137
341.16,-0.2,-0.25363261020747413,-0.35988976176685034
341.165,-0.2,-0.2534512691560352,-0.2482080547689164
341.17,-0.2,-0.2533884943436099,-0.02421668023425133
341.175,-0.2,-0.2535496773477916,-0.1685272260844607
341.18,-0.2,-0.2539397199878476,-0.31084501736186404
341.185,-0.2,-0.25451516614619235,-0.5416999389243848
341.19,-0.2,-0.2552675345926406,-0.5221513115608929
341.195,-0.2,-0.25627398732635837,-0.5394445815866642
341.2,-0.2,-0.2576820152958219,-0.19549946405017582
341.205,-0.2,-0.25963693586197895,-0.1821917608163332
341.21,-0.2,-0.2621965958281715,0.034380865292779124
341.215,-0.2,-0.2652760713597197,0.13133377610677754
341.22,-0.2,-0.26863805318981626,-0.10755707277037169
341.225,-0.2,-0.271953969010869,-0.5567583042791592
341.23,-0.2,-0.2749392921513361,-0.6360077442045797
341.235,-0.2,-0.27747485825913504,-0.497247148719123
341.24,-0.2,-0.27961571834242815,-0.288766178557693
341.245,-0.2,-0.28149329540234275,0.013459933652403791
341.25,-0.2,-0.28319004255387886,0.028684854737748282
341.255,-0.2,-0.284665502513733,-0.07657914785740716
341.26,-0.2,-0.2857731175967626,-0.26069112570976327
341.265,-0.2,-0.28634650587123583,-0.4940924050274964
341.27,-0.2,-0.28630203844694974,-0.6494975018260648
341.275,-0.2,-0.2857083727223021,-0.5754071289322722
341.28,-0.2,-0.2847816333396901,-0.30636065375827587
341.285,-0.2,-0.2837908502204722,0.11260468035577062
341.29,-0.2,-0.2829235795948515,-0.11531934655069939
341.295,-0.2,-0.2822127480064304,-0.054061224470348376
341.3,-0.2,-0.28156613433756117,-0.2483185746129502
341.305,-0.2,-0.2808523654657437,-0.5627720230688961
341.31,-0.2,-0.2799982870171122,-0.5496879557313019
341.315,-0.2,-0.27905767172026047,-0.6261534586538704
341.32,-0.2,-0.2782078865376993,-0.2844563326536966
341.325,-0.2,-0.2776677068396798,-0.010739065969310818
341.33,-0.2,-0.27757489011016223,0.08561219395427273
341.335,-0.2,-0.2779007597864643,-0.02089016721334397
341.34,-0.2,-0.2784623703283442,-0.2536507858558134
341.345,-0.2,-0.27902098475714127,-0.5182331162625208
341.35,-0.2,-0.27940425944441444,-0.5547301821994571
341.355,-0.2,-0.2795806270391271,-0.484892170240292
341.36,-0.2,-0.2796478013660236,-0.29032986890609513
341.365,-0.2,-0.2797563459085583,-0.20204948700673353
341.37,-0.2,-0.28001785323061695,0.07853737148452725
341.375,-0.2,-0.28043713434298156,-0.10496188043842702
341.38,-0.2,-0.28091004433541233,-0.4367624438446799
341.385,-0.2,-0.2813113654278749,-0.6614101978258946
341.39,-0.2,-0.2816122190487633,-0.5778859671983199
341.395,-0.2,-0.2819302330011275,-0.6182325479134816
341.4,-0.2,-0.28248498633505936,-0.13581008506763545
341.405,-0.2,-0.2834883960470217,-0.0485105408312588
341.41,-0.2,-0.28502634210035405,0.08876005978964152
341.415,-0.2,-0.2869997243768802,0.0363259719950991
341.42,-0.2,-0.2891534668867596,-0.27631255084655604
341.425,-0.2,-0.29118143813492975,-0.5724971971773989
341.43,-0.2,-0.2928589714150598,-0.49512947391492046
341.435,-0.2,-0.294113289859227,-0.3297439426064099
341.44,-0.2,-0.2949871967191246,-0.19734623063981915
341.445,-0.2,-0.295546764140003,-0.032408009383284996
341.45,-0.2,-0.2958015218727122,0.010472575641620845
341.455,-0.2,-0.2956726179248308,-0.1642983556539719
341.46,-0.2,-0.2950220172540739,-0.23407139531284937
341.465,-0.2,-0.29372620552025813,-0.5359733724106888
341.47,-0.2,-0.2917619827100305,-0.7178211061288371
341.475,-0.2,-0.28927052361098265,-0.6114156382740713
341.48,-0.2,-0.2865523528609085,-0.4030807169029865
341.485,-0.2,-0.2839729510652928,-0.06789646925512781
341.49,-0.2,-0.28182686794327044,-0.006803321687473239
341.495,-0.2,-0.2802464369020249,-0.20120617735680743
341.5,-0.2,-0.27921074612998553,-0.26767212877575497
341.505,-0.2,-0.2786312752190006,-0.5790698562401855
341.51,-0.2,-0.27845047311247273,-0.5649309613404865
341.515,-0.2,-0.2786983259884058,-0.41464027053255376
341.52,-0.2,-0.27947445604249627,-0.33318455450897955
341.525,-0.2,-0.2808766536821766,-0.12083710952631643
341.53,-0.2,-0.28292886776485404,-0.13150266940859456
341.535,-0.2,-0.28554580692018205,-0.15422740229695164
341.54,-0.2,-0.2885511488854903,-0.3400881169882808
341.545,-0.2,-0.2917460123379553,-0.6181406864390228
341.55,-0.2,-0.29500024209349646,-0.6527462361059675
341.555,-0.2,-0.2983161629722322,-0.6582226632404569
341.56,-0.2,-0.3018190269633616,-0.3272281292392619
341.565,-0.2,-0.3056734940998771,-0.21763320064390057
341.57,-0.2,-0.3099726009808381,0.05173730066718332
341.575,-0.2,-0.31466075298386564,-0.13736103780582548
341.58,-0.2,-0.31953868461698437,-0.3784826947048634
341.585,-0.2,-0.32435163505192804,-0.4501876319247889
341.59,-0.2,-0.32889342688175427,-0.49352608908271667
341.595,-0.2,-0.3330584525489365,-0.500723335084309
341.6,-0.2,-0.3368336302227434,-0.26427489116732883
341.605,-0.2,-0.340248600814539,-0.26156379664074325
341.61,-0.2,-0.34331164548495774,-0.05485649529649373
341.615,-0.2,-0.345957702008079,0.07954711655453284
341.62,-0.2,-0.34802924283200276,-0.3452103471279934
341.625,-0.2,-0.3493311632417203,-0.6037826924731463
341.63,-0.2,-0.3497545522944495,-0.7448622306827519
341.635,-0.2,-0.3493776266104023,-0.7862490253551419
341.64,-0.2,-0.3484687505889648,-0.3873785700063794
341.645,-0.2,-0.3473831855412121,-0.06855244665307753
341.65,-0.2,-0.34640204287018117,0.1099775522480892
341.655,-0.2,-0.34561908372152444,-0.2427101499711355
341.66,-0.2,-0.3449602157824476,-0.4123690227175133
341.665,-0.2,-0.34430308299873574,-0.5343787227936334
341.67,-0.2,-0.3435907628101861,-0.650529251176577
341.675,-0.2,-0.3428822799438922,-0.6018440890017159
341.68,-0.2,-0.3423384628989599,-0.35240639648497274
341.685,-0.2,-0.34214761107063535,-0.1413055738744015
341.69,-0.2,-0.34241977192509754,0.05032973583887064
341.695,-0.2,-0.34311430553264805,-0.2151973448207088
341.7,-0.2,-0.34405405195930444,-0.2567359786599228
341.705,-0.2,-0.34501548267926624,-0.595963103028218
341.71,-0.2,-0.34583464007326953,-0.56625430783251
341.715,-0.2,-0.3464731821826848,-0.611393235259049
341.72,-0.2,-0.3470155528837503,-0.360509413507648
341.725,-0.2,-0.3475998783950887,-0.14559484250783505
341.73,-0.2,-0.3483175800047087,-0.032411779807846826
341.735,-0.2,-0.34913707200366884,-0.021610433132290843
341.74,-0.2,-0.349897863898592,-0.3115473660357841
341.745,-0.2,-0.3503841619140335,-0.513467909386879
341.75,-0.2,-0.35043522607955246,-0.5490407372735374
341.755,-0.2,-0.3500201182680386,-0.5907767848181872
341.76,-0.2,-0.34923493414840073,-0.2370390705333541
341.765,-0.2,-0.3482296641875021,-0.181402892491893
341.77,-0.2,-0.3471134496840606,-0.11333422103185838
341.775,-0.2,-0.34590208363010067,-0.1528825416767896
341.78,-0.2,-0.34453216984967433,-0.41536040114928996
341.785,-0.2,-0.342926580631296,-0.5038391426278581
341.79,-0.2,-0.34107118305347095,-0.5479632592507203
341.795,-0.2,-0.3390551594558245,-0.5999577239459547
341.8,-0.2,-0.3370564296838691,-0.27185162620184167
341.805,-0.2,-0.33527336603294144,-0.12111469924228604
341.81,-0.2,-0.3338312808643471,-0.10570661013064661
341.815,-0.2,-0.33272689321356136,-0.08906247763259212
341.82,-0.2,-0.3318438418046923,-0.3483387577747183
341.825,-0.2,-0.33102615212481523,-0.554477211165792
341.83,-0.2,-0.33017643359709126,-0.6511392644379563
341.835,-0.2,-0.3293241865384786,-0.6015972978364734
341.84,-0.2,-0.3286198777038128,-0.3622400864662399
341.845,-0.2,-0.32825373087728027,-0.06807683036165724
341.85,-0.2,-0.3283402650814835,0.010593632737174792
341.855,-0.2,-0.3288380169575945,-0.04217562319910602
341.86,-0.2,-0.32956297435606074,-0.49087046488495245
341.865,-0.2,-0.3302986181334486,-0.658719645051944
341.87,-0.2,-0.3309279186421454,-0.6015233233268927
341.875,-0.2,-0.3314844739979868,-0.42600174248930106
341.88,-0.2,-0.3321011061341457,-0.39119208865557586
341.885,-0.2,-0.33292096567625423,-0.17036208248901286
341.89,-0.2,-0.3340205512218748,-0.030600093134440565
341.895,-0.2,-0.3353574583660692,-0.08430117865622921
341.9,-0.2,-0.33676977305245154,-0.3165443153594439
341.905,-0.2,-0.33804693871652214,-0.529215608527185
341.91,-0.2,-0.3390402562670953,-0.7712758360826871
341.915,-0.2,-0.33974752166806454,-0.5567131188083677
341.92,-0.2,-0.34031515197530554,-0.4633689088393017
341.925,-0.2,-0.3409560345718919,-0.19548475356864983
341.93,-0.2,-0.34183984813368534,-0.1207134711237674
341.935,-0.2,-0.34301585377319627,-0.10509852487555565
341.94,-0.2,-0.3444031033191222,-0.36284028203239754
341.945,-0.2,-0.34585241651055293,-0.4784242836790546
341.95,-0.2,-0.3472418388890722,-0.6549259897454368
341.955,-0.2,-0.34854707559683973,-0.5420460494475926
341.96,-0.2,-0.34984648230858223,-0.37707840399312464
341.965,-0.2,-0.3512527450396421,0.0047209463082087955
341.97,-0.2,-0.3528062673213705,-0.0283907623003642
341.975,-0.2,-0.3544133153057991,-0.3453477049643636
341.98,-0.2,-0.3558921541372135,-0.44499911554258925
341.985,-0.2,-0.3570832005423878,-0.5844617145690751
341.99,-0.2,-0.35793140511788063,-0.6191613481943085
341.995,-0.2,-0.3585104918978781,-0.64510462175532
342.0,-0.2,-0.3589972465668567,-0.33714132480517284
342.005,-0.2,-0.35959332033831337,-0.09615313532345382
342.01,-0.2,-0.3604198743459693,-0.12135140508711471
342.015,-0.2,-0.3614552233569295,-0.13078775242272395
342.02,-0.2,-0.3625558826815336,-0.3701359237910112
342.025,-0.2,-0.36354182704571386,-0.6471163946779893
342.03,-0.2,-0.3643073153008304,-0.8063005548140373
342.035,-0.2,-0.3648976600264187,-0.5369533477678209
342.04,-0.2,-0.36549452754498607,-0.5308674329316206
342.045,-0.2,-0.36632463994159026,-0.19497691632305467
342.05,-0.2,-0.367550522695488,-0.025086999763670813
342.055,-0.2,-0.36918973515263825,-0.19209439611763363
342.06,-0.2,-0.3711093500100701,-0.31844422617518064
342.065,-0.2,-0.3731012424748673,-0.43739645668403304
342.07,-0.2,-0.37497945482053624,-0.6279248444822267
342.075,-0.2,-0.37664109540358287,-0.28314577997247325
342.08,-0.2,-0.37805878214043304,-0.3296163352533734
342.085,-0.2,-0.3792187998957287,-0.07106810485532293
342.09,-0.2,-0.38005964233277434,-0.12081446894905035
342.095,-0.2,-0.3804490767515127,-0.18812824877954595
342.1,-0.2,-0.3802193267472252,-0.5898988316104239
342.105,-0.2,-0.3792527728160803,-0.4912339877646762
342.11,-0.2,-0.37755842930046835,-0.7014168716963352
342.115,-0.2,-0.37529307501943837,-0.6307234272155021
342.12,-0.2,-0.37273038179887863,-0.39838321757767853
342.125,-0.2,-0.37018194399053583,-0.19689738925667052
342.13,-0.2,-0.36789025026310007,-0.06336668020771775
342.135,-0.2,-0.36595712487827126,-0.3021081577475665
342.14,-0.2,-0.3643581267548414,-0.40050673740849235
342.145,-0.2,-0.3630229279002692,-0.5279892583571717
342.15,-0.2,-0.3619165560106258,-0.6101105462132713
342.155,-0.2,-0.3610782278717311,-0.4755744889714102
342.16,-0.2,-0.3606051169462764,-0.32842417623608233
342.165,-0.2,-0.3605887576142542,-0.14342070721889036
342.17,-0.2,-0.36104081546369104,-0.08948975475845064
342.175,-0.2,-0.3618524066397144,-0.12297517427687729
342.18,-0.2,-0.3628121320436169,-0.35290687289851214
342.185,-0.2,-0.36368148353439,-0.5535762283608845
342.19,-0.2,-0.36429691908500644,-0.7616575981789862
342.195,-0.2,-0.3646464175098179,-0.637701341417799
342.2,-0.2,-0.364868829478106,-0.3803837541197973
342.205,-0.2,-0.3651627619782187,-0.09184828634726033
342.21,-0.2,-0.36565319115179873,0.11196703037893668
342.215,-0.2,-0.3663000391068398,-0.18372311786550083
342.22,-0.2,-0.36691558328532026,-0.3781259600310068
342.225,-0.2,-0.36728092728060346,-0.6774006509365408
342.23,-0.2,-0.3672739304820089,-0.5819188654413588
342.235,-0.2,-0.36692328201766716,-0.5225072089379068
342.24,-0.2,-0.3663689342492949,-0.27032036670140835
342.245,-0.2,-0.36576458182700594,-0.028058449332591412
342.25,-0.2,-0.3651757035123997,-0.025328562190985407
342.255,-0.2,-0.36453629778522323,-0.35204339260130313
342.26,-0.2,-0.3637008661690098,-0.3683816328678589
342.265,-0.2,-0.36254295034970746,-0.5277061905982939
342.27,-0.2,-0.36102265414247575,-0.49304312601474776
342.275,-0.2,-0.3592014394506276,-0.4933347485338183
342.28,-0.2,-0.3572183715975121,-0.4030783180062197
342.285,-0.2,-0.35524363057635394,-0.30779375121232055
342.29,-0.2,-0.3534176494144986,0.024177339208928658
342.295,-0.2,-0.35178779122660425,-0.18823139513588505
342.3,-0.2,-0.3502932255286565,-0.4350971441461679
342.305,-0.2,-0.348835766934264,-0.5801820142809759
342.31,-0.2,-0.34738419331432296,-0.7190907818944857
342.315,-0.2,-0.34602620778924614,-0.39210944900978506
342.32,-0.2,-0.3449298027929822,-0.26955458676983074
342.325,-0.2,-0.34424308038609586,-0.07736710880049803
342.33,-0.2,-0.3440048090584556,-0.07204291349730002
342.335,-0.2,-0.34411068868455974,0.00689748610300478
342.34,-0.2,-0.3443418609094545,-0.4720721407282931
342.345,-0.2,-0.34445535281322087,-0.48248262959416094
342.35,-0.2,-0.3442942665771047,-0.6223301344747705
342.355,-0.2,-0.3438481806392103,-0.6281160159008321
342.36,-0.2,-0.34324355917435273,-0.4184217511728892
342.365,-0.2,-0.34267608616194495,-0.17706422017658016
342.37,-0.2,-0.34230517024566043,-0.014566775956335268
342.375,-0.2,-0.3421656920519542,-0.10400086818777937
342.38,-0.2,-0.34215451456759993,-0.24930533471294164
342.385,-0.2,-0.34210126335759317,-0.6170526436807228
342.39,-0.2,-0.3418852409664193,-0.7305141956246347
342.395,-0.2,-0.3415262112885513,-0.5464008324063656
342.4,-0.2,-0.3411791301578789,-0.3320007493149464
342.405,-0.2,-0.34103619887068776,-0.11541947840148
342.41,-0.2,-0.3412068909188648,0.09911500543992749
342.415,-0.2,-0.34164160184474945,-0.0724634840053376
342.42,-0.2,-0.342140475462956,-0.29025243124599387
342.425,-0.2,-0.3424487143758402,-0.5028082427319293
342.43,-0.2,-0.3423795586956118,-0.6454552163920683
342.435,-0.2,-0.34189157999363806,-0.48124604336783
342.44,-0.2,-0.34108251090256014,-0.3858959350165553
342.445,-0.2,-0.34011152649423143,-0.09292247449860003
342.45,-0.2,-0.3390975211359771,-0.032765266990256184
342.455,-0.2,-0.33804496847044363,0.010656485107121388
342.46,-0.2,-0.3368357319507932,-0.2775945518883879
342.465,-0.2,-0.3352973849410673,-0.478893897937936
342.47,-0.2,-0.3333159128912564,-0.734699886549881
342.475,-0.2,-0.3309256167613614,-0.5226663404737278
342.48,-0.2,-0.3283154386468692,-0.4760078125940619
342.485,-0.2,-0.32574873687118605,-0.10676302009114627
342.49,-0.2,-0.323448042516148,-0.08727737884767292
342.495,-0.2,-0.3215136316092025,-0.22479174472271007
342.5,-0.2,-0.3199217700242286,-0.209342129752323
342.505,-0.2,-0.3185835628881878,-0.4500017164398767
342.51,-0.2,-0.31742152925891504,-0.6548245014242162
342.515,-0.2,-0.3164409581290771,-0.5874050565452754
342.52,-0.2,-0.31575138423588495,-0.30191348986308714
342.525,-0.2,-0.3155060341881083,-0.26403062994631044
342.53,-0.2,-0.3158046843592628,0.01927027595915025
342.535,-0.2,-0.31662422038915805,-0.09925728320487565
342.54,-0.2,-0.3178104738374603,-0.27003484417532486
342.545,-0.2,-0.3191499132013803,-0.7178682895359555
342.55,-0.2,-0.32049367926645933,-0.6567268490400592
342.555,-0.2,-0.3218448569576124,-0.6169340742367402
342.56,-0.2,-0.3233412327254396,-0.29786270384275704
342.565,-0.2,-0.32515083968276837,-0.06578093847643193
342.57,-0.2,-0.32734814832124554,0.051499694067448254
342.575,-0.2,-0.3298446940467875,-0.18302460246357422
342.58,-0.2,-0.3324188592871755,-0.32234612276763364
342.585,-0.2,-0.3348192392291905,-0.5311910972054502
342.59,-0.2,-0.336870399748847,-0.5752738360415552
342.595,-0.2,-0.33852549672994203,-0.43873910895696877
342.6,-0.2,-0.3398457724724092,-0.30667103595250517
342.605,-0.2,-0.3409245353282579,-0.06637724562466704
342.61,-0.2,-0.34180097649188307,-0.060152205625915764
342.615,-0.2,-0.34241028250370437,-0.05591043449294569
342.62,-0.2,-0.34259780783267124,-0.3434567778797389
342.625,-0.2,-0.34219605182022694,-0.5550295108300027
342.63,-0.2,-0.3411335561003109,-0.8519883426019569
342.635,-0.2,-0.3395141580531345,-0.4912584441691298
342.64,-0.2,-0.33759879502602047,-0.37817623978261466
342.645,-0.2,-0.3356930352102007,-0.1281441417669538
342.65,-0.2,-0.3340193616750758,0.04666888785398299
342.655,-0.2,-0.3326378803101523,-0.025247547765703954
342.66,-0.2,-0.3314453685746968,-0.2934387685528752
342.665,-0.2,-0.33026273824007324,-0.5897368046072078
342.67,-0.2,-0.32896422646225004,-0.610750051059258
342.675,-0.2,-0.32755646136220207,-0.3991682924719363
342.68,-0.2,-0.3261514098728868,-0.19221208231572082
342.685,-0.2,-0.32486775968180964,-0.09971825503291065
342.69,-0.2,-0.32374781602085956,-0.20564658774101705
342.695,-0.2,-0.3227344800323392,0.07367975620441827
342.7,-0.2,-0.32168633405309727,-0.28719757860590034
342.705,-0.2,-0.32042397750885837,-0.4424958009968867
342.71,-0.2,-0.3188246566260761,-0.8400629916963459
342.715,-0.2,-0.31692686610245796,-0.7482942091669074
342.72,-0.2,-0.3149488872432431,-0.0559901185980346
342.725,-0.2,-0.3131675074804607,-0.08972255680981689
342.73,-0.2,-0.31174965336526295,0.08408024463163714
342.735,-0.2,-0.31067299870445997,0.041560284319707874
342.74,-0.2,-0.30975602600349234,-0.33080354723941413
342.745,-0.2,-0.30876382185078854,-0.5647051574224446
342.75,-0.2,-0.3075468538247627,-0.7417722350078176
342.755,-0.2,-0.30613249922450847,-0.5625032223782392
342.76,-0.2,-0.304705701485794,-0.18344600177629894
342.765,-0.2,-0.3034854972300144,0.06091198758152311
342.77,-0.2,-0.30257572769853736,0.192612791360712
342.775,-0.2,-0.30189020329733973,-0.1365209484412959
342.78,-0.2,-0.3012027504298323,-0.3845211845330095
342.785,-0.2,-0.30028722325123824,-0.6788287191211226
342.79,-0.2,-0.2990569347307737,-0.7504538300430281
342.795,-0.2,-0.2976198243111469,-0.36879906175679283
342.8,-0.2,-0.29621775690456986,-0.34674540050571995
342.805,-0.2,-0.29510050635040463,-0.04425217666111067
342.81,-0.2,-0.2944106707620128,0.1843857862265396
342.815,-0.2,-0.29411719047250096,-0.12293081999439823
342.82,-0.2,-0.294030578617735,-0.1413793408501
342.825,-0.2,-0.2939028227217808,-0.585791149008239
342.83,-0.2,-0.2935572981581599,-0.6959845104132509
342.835,-0.2,-0.29298117622747605,-0.5085482033312374
342.84,-0.2,-0.29232711212544255,-0.5285503090661325
342.845,-0.2,-0.29182823761078247,-0.03954250306019253
342.85,-0.2,-0.29167592572684314,0.013973824447282698
342.855,-0.2,-0.291919462787684,-0.061605636423635604
342.86,-0.2,-0.29244996651523253,-0.17408536358404064
342.865,-0.2,-0.2930726629899306,-0.43484293837718085
342.87,-0.2,-0.29361231561504647,-0.5443326994591416
342.875,-0.2,-0.29399699133483254,-0.531955915510269
342.88,-0.2,-0.294273147632172,-0.18419678985798632
342.885,-0.2,-0.29452993248165904,0.12138090367410176
342.89,-0.2,-0.29478224969342626,-0.029500706491812814
342.895,-0.2,-0.29491512447071416,-0.11493927843087967
342.9,-0.2,-0.2947349253535957,-0.4097407315089463
342.905,-0.2,-0.2940755445176559,-0.486619023619724
342.91,-0.2,-0.29288649684023904,-0.5590580581000483
342.915,-0.2,-0.29126423745948044,-0.5369258921565139
342.92,-0.2,-0.28942800784183015,-0.46695688247640943
342.925,-0.2,-0.2876555396302003,-0.15258513603280244
342.93,-0.2,-0.28618314686548807,0.1559862239140834
342.935,-0.2,-0.2851058865232056,-0.16665039176963942
342.94,-0.2,-0.284363295285994,-0.35371929659484785
342.945,-0.2,-0.28383133613690825,-0.42983264935762183
342.95,-0.2,-0.283427858292401,-0.4971635072054075
342.955,-0.2,-0.283158874494727,-0.48822821479378453
342.96,-0.2,-0.2831066724683938,-0.24073159001476044
342.965,-0.2,-0.2833686181653416,-0.02716151192915261
342.97,-0.2,-0.28396581536073334,0.14130022967057057
342.975,-0.2,-0.28477598328230125,0.021321942729042226
342.98,-0.2,-0.2855451701349793,-0.2512952789766338
342.985,-0.2,-0.28598170305076115,-0.389279197313934
342.99,-0.2,-0.28586881027765154,-0.405706271299097
342.995,-0.2,-0.2851272426068269,-0.5243806196704933
343.0,-0.2,-0.28381541534062477,-0.2809930089283902
343.005,-0.2,-0.2820777173074623,-0.12732942050368207
343.01,-0.2,-0.2800608688607961,-0.12735958765458777
343.015,-0.2,-0.27784734455657667,-0.001256125759311194
343.02,-0.2,-0.27543943654690106,-0.24737035472025715
343.025,-0.2,-0.272792723045975,-0.29719927731732854
343.03,-0.2,-0.26988607231162265,-0.6682159733980553
343.035,-0.2,-0.2667919200230278,-0.3723844780124275
343.04,-0.2,-0.2636824310625307,-0.14514169491842802
343.045,-0.2,-0.26075078512571725,-0.1558148036408348
343.05,-0.2,-0.25811870904565354,0.04511285891910748
343.055,-0.2,-0.2557926596847185,-0.011788887709435723
343.06,-0.2,-0.25367776328123715,-0.4296486450758016
343.065,-0.2,-0.2516586453950721,-0.5257342983342149
343.07,-0.2,-0.2497038828813109,-0.48166341765571247
343.075,-0.2,-0.24791260243365845,-0.6698203801450869
343.08,-0.2,-0.2464929253458366,-0.3160442809821741
343.085,-0.2,-0.24568823790167466,-0.0009504773834668606
343.09,-0.2,-0.2456586526613649,0.091834347617677
343.095,-0.2,-0.24639586397275973,-0.29897055966179187
343.1,-0.2,-0.24775381180957032,-0.25732336055169164
343.105,-0.2,-0.24955485622242823,-0.5509405492621351
343.11,-0.2,-0.2516810794985617,-0.5078758201199849
343.115,-0.2,-0.2541126226815763,-0.4355852639982113
343.12,-0.2,-0.2569055623483456,-0.27373914923450626
343.125,-0.2,-0.2601179390263062,0.06372257603626914
343.13,-0.2,-0.26371708381934855,0.0791535979696357
343.135,-0.2,-0.2675182230906522,0.1306731556363337
343.14,-0.2,-0.2712023888910233,-0.33909628166335715
343.145,-0.2,-0.2744230302720562,-0.499746854973514
343.15,-0.2,-0.2769422780060753,-0.5394747667391973
343.155,-0.2,-0.27870540925041865,-0.515654971874282
343.16,-0.2,-0.27981972778323644,-0.2854493591954342
343.165,-0.2,-0.28046391509476915,0.045234930432182616
343.17,-0.2,-0.2807657325210747,0.1660219321217975
343.175,-0.2,-0.2807140436541738,-0.06541436559927068
343.18,-0.2,-0.28016799825989913,-0.10073305477185027
343.185,-0.2,-0.27894601364202276,-0.40868133879056046
343.19,-0.2,-0.2769337841850363,-0.6121586799708358
343.195,-0.2,-0.274164223598238,-0.3954313202253373
343.2,-0.2,-0.2708140253625629,-0.0874862108098543
343.205,-0.2,-0.2671034760312169,-0.010675769119152988
343.21,-0.2,-0.26318307895631404,0.021154340596347253
343.215,-0.2,-0.2590936996105828,-0.18489869494959665
343.22,-0.2,-0.2548105960683229,-0.37100181363039825
343.225,-0.2,-0.25032822191749493,-0.432962632989937
343.23,-0.2,-0.24572614032164106,-0.4601864726315309
343.235,-0.2,-0.24118444913325657,-0.5029361542521602
343.24,-0.2,-0.23695595052911653,-0.24529825313839893
343.245,-0.2,-0.23329945893576934,-0.034258513816169456
343.25,-0.2,-0.2303898372642544,-0.03365366161640784
343.255,-0.2,-0.22826415446531692,-0.16452950344199793
343.26,-0.2,-0.22684484963413257,-0.24030080520020447
343.265,-0.2,-0.22600715152979764,-0.2793280661650231
343.27,-0.2,-0.225641611141934,-0.5104092065351434
343.275,-0.2,-0.225704096016601,-0.5679840112862012
343.28,-0.2,-0.22623668887933102,-0.1089567888403461
343.285,-0.2,-0.22731840927024707,-0.20225033959183417
343.29,-0.2,-0.22897361959910495,0.09297904281203553
343.295,-0.2,-0.2311128439629487,-0.04294802175560619
343.3,-0.2,-0.23353791322706194,-0.2620763735728273
343.305,-0.2,-0.23601254488287485,-0.44240394591586996
343.31,-0.2,-0.23836511731041632,-0.5971200613789561
343.315,-0.2,-0.2405602529305343,-0.5230361126899123
343.32,-0.2,-0.24269389294952123,-0.1849361993084049
343.325,-0.2,-0.24490290603468953,0.07594760981503218
343.33,-0.2,-0.24724057896166562,0.06754119964657926
343.335,-0.2,-0.24960581995419132,0.09695134166227953
343.34,-0.2,-0.2517647934549477,-0.21353793969030374
343.345,-0.2,-0.2534478195802404,-0.5418705577342854
343.35,-0.2,-0.25447493791619835,-0.45480008083350065
343.355,-0.2,-0.2548247094551159,-0.2692006287429327
343.36,-0.2,-0.2545975777938839,-0.23931152133239555
343.365,-0.2,-0.2539276832899168,-0.04556171874552478
343.37,-0.2,-0.25290502006017923,0.14121124958100098
343.375,-0.2,-0.25152051265429637,0.07808671616017798
343.38,-0.2,-0.24966695519978954,-0.42494028288695834
343.385,-0.2,-0.24722827592793115,-0.40408370259986476
343.39,-0.2,-0.2441955403644535,-0.5948796456102244
343.395,-0.2,-0.24072271153229713,-0.6069009863384379
343.4,-0.2,-0.23710127203682863,-0.09414005721031479
343.405,-0.2,-0.23365798103624866,-0.052545621870760596
343.41,-0.2,-0.23062020232437197,0.2048151871699655
343.415,-0.2,-0.22804207339028237,-0.20311890172594982
343.42,-0.2,-0.22583962894077764,-0.23646008472426383
343.425,-0.2,-0.22389561390064594,-0.47583647968786974
343.43,-0.2,-0.22216268517176166,-0.6779260793554565
343.435,-0.2,-0.2207227745475705,-0.4729563330157186
343.44,-0.2,-0.21977440895409078,-0.298632697004533
343.445,-0.2,-0.21954067219528164,-0.009988185158402852
343.45,-0.2,-0.2201496917338537,0.0938936480028563
343.455,-0.2,-0.22155632578993037,0.0888426041511787
343.46,-0.2,-0.22354382985826396,-0.15506849610183362
343.465,-0.2,-0.2258043989004317,-0.30634830309145794
343.47,-0.2,-0.2280555225849379,-0.5278899241558745
343.475,-0.2,-0.23013579728334682,-0.539303893359048
343.48,-0.2,-0.23203024303363592,-0.0871395902006967
343.485,-0.2,-0.23379854490000915,-0.025085545329641346
343.49,-0.2,-0.235455578006965,0.1790586189128289
343.495,-0.2,-0.23689244926570338,0.1741783013456432
343.5,-0.2,-0.23787666182119802,-0.14319298850310574
343.505,-0.2,-0.2381339641988608,-0.4289285932827747
343.51,-0.2,-0.23747664765048934,-0.4751232987939796
343.515,-0.2,-0.2358913724924356,-0.4173051041133845
343.52,-0.2,-0.23353368077466125,-0.33168860700895075
343.525,-0.2,-0.23065029153279443,0.022073621683807367
343.53,-0.2,-0.22746975339664027,0.08920128476173067
343.535,-0.2,-0.22411547155352557,-0.07236485316542418
343.54,-0.2,-0.22060603522590236,-0.36543359376591833
343.545,-0.2,-0.21694330437584852,-0.47889028255180593
343.55,-0.2,-0.2132019061741985,-0.2789446237731352
343.555,-0.2,-0.20954848868536555,-0.5411844626783188
343.56,-0.2,-0.2062099059113547,-0.22938286000656186
343.565,-0.2,-0.20341705390338227,0.061891092424872535
343.57,-0.2,-0.2013207489861155,-0.047575445881799114
343.575,-0.2,-0.19993063304613817,0.02321887743479612
343.58,-0.2,-0.19913242510065568,-0.28348165551048576
343.585,-0.2,-0.19877238157385854,-0.5989935542116734
343.59,-0.2,-0.1987662594518264,-0.5166235457353305
343.595,-0.2,-0.19916132334107106,-0.44470457082689463
343.6,-0.2,-0.2001012391441961,-0.15746746408104417
343.605,-0.2,-0.2017252648431945,-0.014670097056302834
343.61,-0.2,-0.2040675226064552,0.10623367658269753
343.615,-0.2,-0.20700087692439528,0.1879101636853478
343.62,-0.2,-0.21024776925850305,-0.2599500674470989
343.625,-0.2,-0.21347109727916694,-0.42433803736659664
343.63,-0.2,-0.21640670669687956,-0.4706418853578938
343.635,-0.2,-0.21894527170972175,-0.42305086154198596
343.64,-0.2,-0.22112459057630213,-0.3678605074624615
343.645,-0.2,-0.22306016075112883,0.08690318689688592
343.65,-0.2,-0.22483908240664077,0.14038876365534042
343.655,-0.2,-0.22643486549735242,-0.2075502111547833
343.66,-0.2,-0.22772770318831226,-0.35929662362801373
343.665,-0.2,-0.22861263940027451,-0.4851722625799661
343.67,-0.2,-0.2290934312396105,-0.5918034258664135
343.675,-0.2,-0.2293146784708802,-0.5709702259166894
343.68,-0.2,-0.2295330524123864,-0.19712983272975815
343.685,-0.2,-0.23001866550149974,0.14656155010309152
343.69,-0.2,-0.23091828359545835,0.1494795743402092
343.695,-0.2,-0.23218003393496506,-0.12276304218993006
343.7,-0.2,-0.23360164306761655,-0.20394328092437208
343.705,-0.2,-0.2349481177824825,-0.38771618404145847
343.71,-0.2,-0.23605826797708537,-0.6504512928510024
343.715,-0.2,-0.23691224622458873,-0.48157342303297546
343.72,-0.2,-0.23763388038729352,-0.2722356140613532
343.725,-0.2,-0.23839965952016845,0.2393664609074587
343.73,-0.2,-0.2393027902071327,-0.08257287761125326
343.735,-0.2,-0.24028587188156794,-0.05971108253018343
343.74,-0.2,-0.24118350145019782,-0.13071790164366837
343.745,-0.2,-0.2418092802195482,-0.47681990176183586
343.75,-0.2,-0.2420465825804811,-0.6694448490638422
343.755,-0.2,-0.24192251390543829,-0.34556679013475383
343.76,-0.2,-0.24159774223280664,-0.21909614844153405
343.765,-0.2,-0.24126033351351706,0.127120495553701
343.77,-0.2,-0.24100615885145857,0.03067281146406256
343.775,-0.2,-0.2407859040897647,-0.01588379627668206
343.78,-0.2,-0.24044157417766857,-0.2670457682205449
343.785,-0.2,-0.23980146710794112,-0.44621094630743685
343.79,-0.2,-0.2387741150230106,-0.35799281242754466
343.795,-0.2,-0.23739036280226686,-0.4938219596667659
343.8,-0.2,-0.23578686353651693,-0.25615848531774016
343.805,-0.2,-0.23414114218270426,0.16801255561998535
343.81,-0.2,-0.23256835677913537,0.03195827642250051
343.815,-0.2,-0.23105159252975946,-0.11209498954397544
343.82,-0.2,-0.22947467530305374,-0.2341069251395939
343.825,-0.2,-0.22771933631858873,-0.5194086890323341
343.83,-0.2,-0.2257540103384607,-0.43518226998067755
343.835,-0.2,-0.22366905222653752,-0.34129543520945727
343.84,-0.2,-0.22164691356833147,-0.4442275859130532
343.845,-0.2,-0.21989950201427522,0.001457481467019045
343.85,-0.2,-0.21858901225545932,0.11168335731796848
343.855,-0.2,-0.2177502888391216,-0.08941712795451652
343.86,-0.2,-0.21729143530036057,-0.4487147221235249
343.865,-0.2,-0.21709408982092215,-0.430581533636467
343.87,-0.2,-0.21711591290681925,-0.46434325718434855
343.875,-0.2,-0.2174181234134225,-0.4683471429269437
343.88,-0.2,-0.21813040024284835,-0.15875217188398932
343.885,-0.2,-0.21937483938868513,0.05602968693400212
343.89,-0.2,-0.22117653426912393,-0.07336843078139468
343.895,-0.2,-0.22342388542748798,0.017980146834306973
343.9,-0.2,-0.22590518755703226,-0.3514463229574819
343.905,-0.2,-0.22839363319697895,-0.41795230013671997
343.91,-0.2,-0.23073997228297943,-0.5444299024888808
343.915,-0.2,-0.2329265297546157,-0.5105677178512341
343.92,-0.2,-0.23505526328258539,-0.24710885192804333
343.925,-0.2,-0.2372772821268961,-0.19774622740172515
343.93,-0.2,-0.23970270098136626,-0.0026015588932865458
343.935,-0.2,-0.2423333934004993,0.10919894522949118
343.94,-0.2,-0.24503960742009953,-0.15079749357217043
343.945,-0.2,-0.24761062976942266,-0.6057367678220351
343.95,-0.2,-0.24987796512671276,-0.5072012831597394
343.955,-0.2,-0.2518140796528821,-0.46984566284217333
343.96,-0.2,-0.2535233083014609,-0.25130196890902884
343.965,-0.2,-0.2551491197887132,0.06949023441112875
343.97,-0.2,-0.2567649954898338,-0.005558479206452541
343.975,-0.2,-0.258315367218406,-0.07222208251009678
343.98,-0.2,-0.2596398956118313,-0.13492187407271794
343.985,-0.2,-0.26055448519352,-0.5992213007889232
343.99,-0.2,-0.26095386669860876,-0.5810204979361802
343.995,-0.2,-0.2608833756414817,-0.35744068127454515
344.0,-0.2,-0.26051647642194836,-0.32211073616001773
344.005,-0.2,-0.2600583536099386,0.009613077563875659
344.01,-0.2,-0.25964622463106607,0.0104636669219147
344.015,-0.2,-0.25928980632739895,0.00044772998222578075
344.02,-0.2,-0.2588763900061731,-0.14228300452873904
344.025,-0.2,-0.2582438801034891,-0.6085078375490709
344.03,-0.2,-0.2572988540447303,-0.6925214405805513
344.035,-0.2,-0.25611391424513846,-0.5478943772077103
344.04,-0.2,-0.2549210523971555,-0.26543268854835705
344.045,-0.2,-0.2539980237980125,-0.004357248021155967
344.05,-0.2,-0.253531367764228,0.02296160138112751
344.055,-0.2,-0.2535390558619691,0.038412611690747694
344.06,-0.2,-0.25388303712465643,-0.2531493129899386
344.065,-0.2,-0.2543570646146761,-0.4806085330658853
344.07,-0.2,-0.2548053500528542,-0.5841909629072884
344.075,-0.2,-0.2552016182107209,-0.4059622138368818
344.08,-0.2,-0.2556329963010473,-0.11608215205930639
344.085,-0.2,-0.25620644864097153,-0.12825978441039865
344.09,-0.2,-0.25696220783492957,-0.1381066724658706
344.095,-0.2,-0.25784951611832,-0.008271299428073087
344.1,-0.2,-0.2587449047966029,-0.2547493039131552
344.105,-0.2,-0.2595001737482405,-0.507324820764065
344.11,-0.2,-0.2600258214933359,-0.6004067869451456
344.115,-0.2,-0.26035909549200903,-0.4330604770992639
344.12,-0.2,-0.2606489060367908,-0.20633658957378836
344.125,-0.2,-0.2610672738556114,-0.16581853823680198
344.13,-0.2,-0.261715789522879,0.08391721798584799
344.135,-0.2,-0.26257189727091684,-0.03222877572072211
344.14,-0.2,-0.2634841121307865,0.018874664200036195
344.145,-0.2,-0.26422108613080275,-0.42148073234337513
344.15,-0.2,-0.26457191605865393,-0.5881236986043697
344.155,-0.2,-0.26445215712191783,-0.45240103604156795
344.16,-0.2,-0.2639338639771554,-0.3158983311193031
344.165,-0.2,-0.26317775100121804,-0.12801513146144736
344.17,-0.2,-0.2623274276496357,0.0916053009466153
344.175,-0.2,-0.26142772592661645,-0.05854043263209725
344.18,-0.2,-0.26041065182809514,-0.21497620849762586
344.185,-0.2,-0.2591620901165483,-0.4859191422390642
344.19,-0.2,-0.2576211558963716,-0.45028341022867896
344.195,-0.2,-0.2558389282673997,-0.4213588236153403
344.2,-0.2,-0.2539623225888758,-0.2197018416589213
