t,reference,measured,noisy
313.555,0.2,-0.35521933664132854,-0.35521933664132854
313.56,0.2,0.10170637888960406,0.10170637888960406
313.565,0.2,0.24508384529790786,0.24508384529790786
313.57,0.2,0.1439460299203735,0.1439460299203735
313.575,0.2,0.16989869757966053,0.16989869757966053
313.58,0.2,-0.13142318519363688,-0.13142318519363688
313.585,0.2,-0.23297389684815906,-0.23297389684815906
313.59,0.2,-0.408047165473135,-0.408047165473135
313.595,0.2,-0.057946665233506556,-0.057946665233506556
313.6,0.2,0.17361507768121726,0.17361507768121726
313.605,0.2,0.3292812080940013,0.3292812080940013
313.61,0.2,0.3009212828120723,0.3009212828120723
313.615,0.2,0.3672691034661095,0.3672691034661095
313.62,0.2,0.23584629871299104,0.23584629871299104
313.625,0.2,-0.19204472610804602,-0.19204472610804602
313.63,0.2,-0.12817936652837325,-0.12817936652837325
313.635,0.2,0.07099137720096174,0.07099137720096174
313.64,0.2,0.11665060427166316,0.11665060427166316
313.645,0.2,0.45487412633394114,0.45487412633394114
313.65,0.2,0.5240116333047278,0.5240116333047278
313.655,0.2,0.239350044520311,0.239350044520311
313.66,0.2,0.07244745288518972,0.07244745288518972
313.665,0.2,-0.0623740472943227,-0.0623740472943227
313.67,0.2,-0.04695396716767919,-0.04695396716767919
313.675,0.2,-0.10399115853977337,-0.10399115853977337
313.68,0.2,0.09982202093861348,0.09982202093861348
313.685,0.2,0.40425214917691626,0.40425214917691626
313.69,0.2,0.32541108954920483,0.32541108954920483
313.695,0.2,0.24999394746987252,0.24999394746987252
313.7,0.2,0.15783957341603966,0.15783957341603966
313.705,0.2,-0.11628649208016556,-0.11628649208016556
313.71,0.2,-0.25100793464916615,-0.25100793464916615
313.715,0.2,-0.21080732696604365,-0.21080732696604365
313.72,0.2,0.3674860735033612,0.3674860735033612
313.725,0.2,0.49183048875712704,0.49183048875712704
313.73,0.2,0.5865516000780979,0.5865516000780979
313.735,0.2,0.39300219510502377,0.39300219510502377
313.74,0.2,0.044870676917326976,0.044870676917326976
313.745,0.2,-0.172021275845263,-0.172021275845263
313.75,0.2,-0.2586286335714389,-0.2586286335714389
313.755,0.2,-0.29186388940478813,-0.29186388940478813
313.76,0.2,0.16930567629703253,0.16930567629703253
313.765,0.2,0.5402301184997066,0.5402301184997066
313.77,0.2,0.6155621862349584,0.6155621862349584
313.775,0.2,0.4836594238429731,0.4836594238429731
313.78,0.2,0.043978914462866295,0.043978914462866295
313.785,0.2,-0.10275076683794959,-0.10275076683794959
313.79,0.2,-0.25588321893071064,-0.25588321893071064
313.795,0.2,-0.01598435804256218,-0.01598435804256218
313.8,0.2,0.2908183718641928,0.2908183718641928
313.805,0.2,0.23558138195343464,0.23558138195343464
313.81,0.2,0.6450034266265549,0.6450034266265549
313.815,0.2,0.3462872595224362,0.3462872595224362
313.82,0.2,0.20767950348889577,0.20767950348889577
313.825,0.2,-0.01370194486841933,-0.01370194486841933
313.83,0.2,-0.38057599943544523,-0.38057599943544523
313.835,0.2,0.049233557045230275,0.049233557045230275
313.84,0.2,0.07885490090724856,0.07885490090724856
313.845,0.2,0.4906193065837654,0.4906193065837654
313.85,0.2,0.6397409720693035,0.6397409720693035
313.855,0.2,0.484233157676053,0.484233157676053
313.86,0.2,0.12598592195149627,0.12598592195149627
313.865,0.2,-0.16253597806361933,-0.16253597806361933
313.87,0.2,-0.19498290103567162,-0.19498290103567162
313.875,0.2,-0.0785690892605075,-0.0785690892605075
313.88,0.2,0.3699439777625325,0.3699439777625325
313.885,0.2,0.4799775727509082,0.4799775727509082
313.89,0.2,0.5256880976296667,0.5256880976296667
313.895,0.2,0.2463721328273954,0.2463721328273954
313.9,0.2,0.26089338829584036,0.26089338829584036
313.905,0.2,-0.07739856053483529,-0.07739856053483529
313.91,0.2,-0.24940768975520833,-0.24940768975520833
313.915,0.2,-0.11161017719101804,-0.11161017719101804
313.92,0.2,0.19247912061419598,0.19247912061419598
313.925,0.2,0.4917644036600524,0.4917644036600524
313.93,0.2,0.4923259055634856,0.4923259055634856
313.935,0.2,0.19417943420251005,0.19417943420251005
313.94,0.2,0.21447474327741028,0.21447474327741028
313.945,0.2,-0.07968978632964732,-0.07968978632964732
313.95,0.2,-0.06241697189229678,-0.06241697189229678
313.955,0.2,0.07086230944640007,0.07086230944640007
313.96,0.2,0.09831713640436728,0.09831713640436728
313.965,0.2,0.3178133828756142,0.3178133828756142
313.97,0.2,0.51968500557529,0.51968500557529
313.975,0.2,0.2186202704099564,0.2186202704099564
313.98,0.2,0.1343860699944731,0.1343860699944731
313.985,0.2,-0.06437907576252999,-0.06437907576252999
313.99,0.2,-0.08183617065301338,-0.08183617065301338
313.995,0.2,0.10721452008661325,0.10721452008661325
314.0,0.2,0.1241865974015714,0.1241865974015714
314.005,0.2,0.5000927065866452,0.5000927065866452
314.01,0.2,0.5873795122194191,0.5873795122194191
314.015,0.2,0.4703324185205562,0.4703324185205562
314.02,0.2,0.003469435500121909,0.003469435500121909
314.025,0.2,-0.17715111717749432,-0.17715111717749432
314.03,0.2,-0.30511908127848997,-0.30511908127848997
314.035,0.2,-0.10182978054526767,-0.10182978054526767
314.04,0.2,0.14579936981022018,0.14579936981022018
314.045,0.2,0.5625941722603824,0.5625941722603824
314.05,0.2,0.5340818343823133,0.5340818343823133
314.055,0.2,0.5127353149217662,0.5127353149217662
314.06,0.2,0.29056513775312276,0.29056513775312276
314.065,0.2,-0.223221352673768,-0.223221352673768
314.07,0.2,-0.21107822931830172,-0.21107822931830172
314.075,0.2,-0.04351343189509539,-0.04351343189509539
314.08,0.2,0.20213120649321314,0.20213120649321314
314.085,0.2,0.6568832759984158,0.6568832759984158
314.09,0.2,0.6229189973552669,0.6229189973552669
314.095,0.2,0.4096969870650331,0.4096969870650331
314.1,0.2,0.09620363851891091,0.09620363851891091
314.105,0.2,-0.09704058960024875,-0.09704058960024875
314.11,0.2,-0.12164245964457243,-0.12164245964457243
314.115,0.2,-0.052399100408987105,-0.052399100408987105
314.12,0.2,0.27166552828936924,0.27166552828936924
314.125,0.2,0.6419167352099672,0.6419167352099672
314.13,0.2,0.5816077760643884,0.5816077760643884
314.135,0.2,0.2875469894529201,0.2875469894529201
314.14,0.2,0.24928293740395294,0.24928293740395294
314.145,0.2,-0.05600873365791212,-0.05600873365791212
314.15,0.2,-0.1864949076366843,-0.1864949076366843
314.155,0.2,-0.14654919381013648,-0.14654919381013648
314.16,0.2,0.14268501870654948,0.14268501870654948
314.165,0.2,0.4171365362598479,0.4171365362598479
314.17,0.2,0.650896043445523,0.650896043445523
314.175,0.2,0.27026712471464287,0.27026712471464287
314.18,0.2,0.09053703429656156,0.09053703429656156
314.185,0.2,-0.13364114713932437,-0.13364114713932437
314.19,0.2,-0.22481617318935992,-0.22481617318935992
314.195,0.2,-0.19662578948609905,-0.19662578948609905
314.2,0.2,0.29483547402629434,0.29483547402629434
314.205,0.2,0.4557083019322894,0.4557083019322894
314.21,0.2,0.6002026503157605,0.6002026503157605
314.215,0.2,0.3823206094335476,0.3823206094335476
314.22,0.2,0.040571868308114045,0.040571868308114045
314.225,0.2,-0.08114753515404571,-0.08114753515404571
314.23,0.2,-0.3111335303584453,-0.3111335303584453
314.235,0.2,-0.11457529408347153,-0.11457529408347153
314.24,0.2,0.2112692624849662,0.2112692624849662
314.245,0.2,0.42508235520150106,0.42508235520150106
314.25,0.2,0.5839890121860325,0.5839890121860325
314.255,0.2,0.2155873385868148,0.2155873385868148
314.26,0.2,0.059066729257245695,0.059066729257245695
314.265,0.2,-0.12128934478940065,-0.12128934478940065
314.27,0.2,-0.22047017181614723,-0.22047017181614723
314.275,0.2,0.029552617196047917,0.029552617196047917
314.28,0.2,0.28089887945335734,0.28089887945335734
314.285,0.2,0.5699956455674059,0.5699956455674059
314.29,0.2,0.6456502362309507,0.6456502362309507
314.295,0.2,0.4236873081382677,0.4236873081382677
314.3,0.2,-0.07318939468603192,-0.07318939468603192
314.305,0.2,-0.23842587557420353,-0.23842587557420353
314.31,0.2,-0.11621749820414823,-0.11621749820414823
314.315,0.2,-0.23125001715638555,-0.23125001715638555
314.32,0.2,0.11241107741981178,0.11241107741981178
314.325,0.2,0.48260525794716314,0.48260525794716314
314.33,0.2,0.5952004512073708,0.5952004512073708
314.335,0.2,0.30545007557671133,0.30545007557671133
314.34,0.2,0.14017583543504822,0.14017583543504822
314.345,0.2,-0.15474861675678298,-0.15474861675678298
314.35,0.2,-0.15008959941136568,-0.15008959941136568
314.355,0.2,0.036797709154571076,0.036797709154571076
314.36,0.2,0.3783104952416953,0.3783104952416953
314.365,0.2,0.3415395007943779,0.3415395007943779
314.37,0.2,0.5158908800279773,0.5158908800279773
314.375,0.2,0.555938274911983,0.555938274911983
314.38,0.2,0.1257410796524056,0.1257410796524056
314.385,0.2,-0.12324528446966818,-0.12324528446966818
314.39,0.2,-0.2296870552512112,-0.2296870552512112
314.395,0.2,0.10550197415723492,0.10550197415723492
314.4,0.2,0.2131735415890745,0.2131735415890745
314.405,0.2,0.33141174808567714,0.33141174808567714
314.41,0.2,0.4169240523246561,0.4169240523246561
314.415,0.2,0.34249521550683315,0.34249521550683315
314.42,0.2,0.22079503780067786,0.22079503780067786
314.425,0.2,0.0627332872500068,0.0627332872500068
314.43,0.2,-0.13946497378612704,-0.13946497378612704
314.435,0.2,0.004692695675064102,0.004692695675064102
314.44,0.2,0.3488442808909507,0.3488442808909507
314.445,0.2,0.47553729493207947,0.47553729493207947
314.45,0.2,0.5603306720414519,0.5603306720414519
314.455,0.2,0.43199950592187436,0.43199950592187436
314.46,0.2,0.21457518235295758,0.21457518235295758
314.465,0.2,-0.020895216278440557,-0.020895216278440557
314.47,0.2,-0.3356879410025613,-0.3356879410025613
314.475,0.2,-0.005270291907538575,-0.005270291907538575
314.48,0.2,0.24184936504342494,0.24184936504342494
314.485,0.2,0.5559648854828172,0.5559648854828172
314.49,0.2,0.5283713997369843,0.5283713997369843
314.495,0.2,0.48825644585633327,0.48825644585633327
314.5,0.2,0.25084226524624714,0.25084226524624714
314.505,0.2,-0.08847500618278065,-0.08847500618278065
314.51,0.2,-0.2661547719803173,-0.2661547719803173
314.515,0.2,0.060107150278116306,0.060107150278116306
314.52,0.2,0.08766726301339897,0.08766726301339897
314.525,0.2,0.46112719127175444,0.46112719127175444
314.53,0.2,0.3042874154190465,0.3042874154190465
314.535,0.2,0.5341245147642281,0.5341245147642281
314.54,0.2,0.21249033751693813,0.21249033751693813
314.545,0.2,0.0599501208987247,0.0599501208987247
314.55,0.2,0.13149626967456476,0.13149626967456476
314.555,0.2,-0.1078929889512176,-0.1078929889512176
314.56,0.2,0.111056588084246,0.111056588084246
314.565,0.2,0.5597659452748195,0.5597659452748195
314.57,0.2,0.4307059172127405,0.4307059172127405
314.575,0.2,0.4599942149574574,0.4599942149574574
314.58,0.2,0.29228269507237603,0.29228269507237603
314.585,0.2,0.00043938092562617603,0.00043938092562617603
314.59,0.2,-0.2862170573132462,-0.2862170573132462
314.595,0.2,-0.3487685321523304,-0.3487685321523304
314.6,0.2,0.10088553571768084,0.10088553571768084
314.605,0.2,0.44668139159863435,0.44668139159863435
314.61,0.2,0.45396425963493026,0.45396425963493026
314.615,0.2,0.48157895792964117,0.48157895792964117
314.62,0.2,0.22820564505048696,0.22820564505048696
314.625,0.2,-0.019761214723042625,-0.019761214723042625
314.63,0.2,-0.232504013373686,-0.232504013373686
314.635,0.2,0.09933318337645444,0.09933318337645444
314.64,0.2,0.26213366437384994,0.26213366437384994
314.645,0.2,0.28385293621798807,0.28385293621798807
314.65,0.2,0.3740086085481006,0.3740086085481006
314.655,0.2,0.43350775886001,0.43350775886001
314.66,0.2,0.34123476800072355,0.34123476800072355
314.665,0.2,0.003379923057291026,0.003379923057291026
314.67,0.2,-0.10712805828523897,-0.10712805828523897
314.675,0.2,0.056679053901998996,0.056679053901998996
314.68,0.2,0.2296330851910557,0.2296330851910557
314.685,0.2,0.47910533603703653,0.47910533603703653
314.69,0.2,0.7931364020791667,0.7931364020791667
314.695,0.2,0.5064925455914959,0.5064925455914959
314.7,0.2,0.21952959103279168,0.21952959103279168
314.705,0.2,-0.18302933421623255,-0.18302933421623255
314.71,0.2,-0.12476178834218152,-0.12476178834218152
314.715,0.2,-0.1309331980094197,-0.1309331980094197
314.72,0.2,0.36521209188657283,0.36521209188657283
314.725,0.2,0.6912836334351096,0.6912836334351096
314.73,0.2,0.684754412953904,0.684754412953904
314.735,0.2,0.6562124071256086,0.6562124071256086
314.74,0.2,0.3477826011287141,0.3477826011287141
314.745,0.2,0.06504376485705618,0.06504376485705618
314.75,0.2,-0.09285986037269553,-0.09285986037269553
314.755,0.2,0.029767780235703027,0.029767780235703027
314.76,0.2,0.35647317118369126,0.35647317118369126
314.765,0.2,0.4885374199302833,0.4885374199302833
314.77,0.2,0.6437219628184003,0.6437219628184003
314.775,0.2,0.598932525597613,0.598932525597613
314.78,0.2,0.25982623885381423,0.25982623885381423
314.785,0.2,-0.10479908291568985,-0.10479908291568985
314.79,0.2,-0.06161855458074375,-0.06161855458074375
314.795,0.2,-0.01330417314449825,-0.01330417314449825
314.8,0.2,0.08002991751847696,0.08002991751847696
314.805,0.2,0.5058395838437106,0.5058395838437106
314.81,0.2,0.6444295658371464,0.6444295658371464
314.815,0.2,0.4892666432384856,0.4892666432384856
314.82,0.2,0.47083292096098905,0.47083292096098905
314.825,0.2,0.03201124394238119,0.03201124394238119
314.83,0.2,-0.25448973119116935,-0.25448973119116935
314.835,0.2,-0.05033297838435333,-0.05033297838435333
314.84,0.2,0.06491967986653507,0.06491967986653507
314.845,0.2,0.6749078381743481,0.6749078381743481
314.85,0.2,0.6888003193446951,0.6888003193446951
314.855,0.2,0.6942399803675066,0.6942399803675066
314.86,0.2,0.020957953112314742,0.020957953112314742
314.865,0.2,0.19118150461971073,0.19118150461971073
314.87,0.2,-0.18775732447658983,-0.18775732447658983
314.875,0.2,0.12844962016360703,0.12844962016360703
314.88,0.2,0.12982437149042864,0.12982437149042864
314.885,0.2,0.464465990838565,0.464465990838565
314.89,0.2,0.6712538600440153,0.6712538600440153
314.895,0.2,0.4223967337454142,0.4223967337454142
314.9,0.2,0.2599532949071104,0.2599532949071104
314.905,0.2,0.04079148417883609,0.04079148417883609
314.91,0.2,-0.17624319551407525,-0.17624319551407525
314.915,0.2,-0.04189214881290858,-0.04189214881290858
314.92,0.2,0.1705120416676369,0.1705120416676369
314.925,0.2,0.7021928424056145,0.7021928424056145
314.93,0.2,0.5958702353723105,0.5958702353723105
314.935,0.2,0.42757555527328717,0.42757555527328717
314.94,0.2,0.17193507450047632,0.17193507450047632
314.945,0.2,-0.018987860858777572,-0.018987860858777572
314.95,0.2,-0.21759159874246345,-0.21759159874246345
314.955,0.2,0.04894798983673776,0.04894798983673776
314.96,0.2,0.2143704157284026,0.2143704157284026
314.965,0.2,0.7121190311600185,0.7121190311600185
314.97,0.2,0.3037153558762103,0.3037153558762103
314.975,0.2,0.4439569320605741,0.4439569320605741
314.98,0.2,0.1444947713201647,0.1444947713201647
314.985,0.2,-0.024291471929302172,-0.024291471929302172
314.99,0.2,-0.04919406959328679,-0.04919406959328679
314.995,0.2,-0.11265258824882934,-0.11265258824882934
315.0,0.2,0.2857785261114738,0.2857785261114738
315.005,0.2,0.5782115069173372,0.5782115069173372
315.01,0.2,0.5758537560214596,0.5758537560214596
315.015,0.2,0.42197855473246326,0.42197855473246326
315.02,0.2,0.331962808584244,0.331962808584244
315.025,0.2,-0.027369462155626717,-0.027369462155626717
315.03,0.2,-0.3478219111142723,-0.3478219111142723
315.035,0.2,-0.17429295078334187,-0.17429295078334187
315.04,0.2,0.33698331335613874,0.33698331335613874
315.045,0.2,0.4659683648997889,0.4659683648997889
315.05,0.2,0.680460985093766,0.680460985093766
315.055,0.2,0.4023357921965099,0.4023357921965099
315.06,0.2,0.09485342212030472,0.09485342212030472
315.065,0.2,-0.10030003646961592,-0.10030003646961592
315.07,0.2,-0.14266054452567253,-0.14266054452567253
315.075,0.2,-0.02306666904302129,-0.02306666904302129
315.08,0.2,0.45971764366250645,0.45971764366250645
315.085,0.2,0.4052083505538836,0.4052083505538836
315.09,0.2,0.6999633567744147,0.6999633567744147
315.095,0.2,0.42547933387298825,0.42547933387298825
315.1,0.2,0.29124845322412557,0.29124845322412557
315.105,0.2,-0.040584162731180866,-0.040584162731180866
315.11,0.2,-0.1093572989279786,-0.1093572989279786
315.115,0.2,0.04817416764191983,0.04817416764191983
315.12,0.2,0.27836734861872614,0.27836734861872614
315.125,0.2,0.5072601330908683,0.5072601330908683
315.13,0.2,0.5860576205904614,0.5860576205904614
315.135,0.2,0.40212908738357733,0.40212908738357733
315.14,0.2,0.28197633227440977,0.28197633227440977
315.145,0.2,-0.13432282688442296,-0.13432282688442296
315.15,0.2,0.08051257157942893,0.08051257157942893
315.155,0.2,-0.2977313845377725,-0.2977313845377725
315.16,0.2,0.18527962477788312,0.18527962477788312
315.165,0.2,0.45257239001752675,0.45257239001752675
315.17,0.2,0.6648858538618452,0.6648858538618452
315.175,0.2,0.38170319256939456,0.38170319256939456
315.18,0.2,0.06245719429875013,0.06245719429875013
315.185,0.2,-0.24379358246551122,-0.24379358246551122
315.19,0.2,-0.05822464433819223,-0.05822464433819223
315.195,0.2,-0.008494890325430424,-0.008494890325430424
315.2,0.2,0.24587139547670223,0.24587139547670223
315.205,0.2,0.5223543150531428,0.5223543150531428
315.21,0.2,0.27199858944597005,0.27199858944597005
315.215,0.2,0.3931353802364498,0.3931353802364498
315.22,0.2,0.20042279570537616,0.20042279570537616
315.225,0.2,-0.04150306752135099,-0.04150306752135099
315.23,0.2,-0.1808802975260708,-0.1808802975260708
315.235,0.2,-0.06520593466038592,-0.06520593466038592
315.24,0.2,0.1946311629042436,0.1946311629042436
315.245,0.2,0.3572243564001294,0.3572243564001294
315.25,0.2,0.602271945914939,0.602271945914939
315.255,0.2,0.37876118609205023,0.37876118609205023
315.26,0.2,0.08159342176221147,0.08159342176221147
315.265,0.2,-0.22508024763957502,-0.22508024763957502
315.27,0.2,-0.1406964925125979,-0.1406964925125979
315.275,0.2,-0.04726751076179135,-0.04726751076179135
315.28,0.2,-0.03939544228697736,-0.03939544228697736
315.285,0.2,0.34076656799341815,0.34076656799341815
315.29,0.2,0.48881820568064216,0.48881820568064216
315.295,0.2,0.49661517170723946,0.49661517170723946
315.3,0.2,0.13621274936663824,0.13621274936663824
315.305,0.2,-0.04690198409359504,-0.04690198409359504
315.31,0.2,-0.2952668258346087,-0.2952668258346087
315.315,0.2,-0.08807100112580768,-0.08807100112580768
315.32,0.2,0.10272360288587554,0.10272360288587554
315.325,0.2,0.49867228604212976,0.49867228604212976
315.33,0.2,0.42510374524124483,0.42510374524124483
315.335,0.2,0.4565286955173659,0.4565286955173659
315.34,0.2,0.26809606034369193,0.26809606034369193
315.345,0.2,-0.19834201073608293,-0.19834201073608293
315.35,0.2,-0.253474694028867,-0.253474694028867
315.355,0.2,-0.28305970901141575,-0.28305970901141575
315.36,0.2,0.16143500465602692,0.16143500465602692
315.365,0.2,0.4050175042547215,0.4050175042547215
315.37,0.2,0.5853417306925586,0.5853417306925586
315.375,0.2,0.49674044877396434,0.49674044877396434
315.38,0.2,0.3191488432471587,0.3191488432471587
315.385,0.2,-0.12910994845486368,-0.12910994845486368
315.39,0.2,-0.06727528110508385,-0.06727528110508385
315.395,0.2,0.017089498298499844,0.017089498298499844
315.4,0.2,0.11513534484242026,0.11513534484242026
315.405,0.2,0.5118408877438781,0.5118408877438781
315.41,0.2,0.6131621899045969,0.6131621899045969
315.415,0.2,0.5180085461024645,0.5180085461024645
315.42,0.2,0.25988954607298653,0.25988954607298653
315.425,0.2,-0.013539740409716575,-0.013539740409716575
315.43,0.2,-0.20502588942265543,-0.20502588942265543
315.435,0.2,0.04033224105370446,0.04033224105370446
315.44,0.2,0.27819064103061547,0.27819064103061547
315.445,0.2,0.52800107246587,0.52800107246587
315.45,0.2,0.6328219959896566,0.6328219959896566
315.455,0.2,0.4162210626773155,0.4162210626773155
315.46,0.2,0.10907546686081204,0.10907546686081204
315.465,0.2,-0.04774518592543506,-0.04774518592543506
315.47,0.2,-0.056167409390251666,-0.056167409390251666
315.475,0.2,-0.12974122507404112,-0.12974122507404112
315.48,0.2,0.17172261088987015,0.17172261088987015
315.485,0.2,0.4507467313301946,0.4507467313301946
315.49,0.2,0.6982775405625279,0.6982775405625279
315.495,0.2,0.5473196932188715,0.5473196932188715
315.5,0.2,0.34811887400858726,0.34811887400858726
315.505,0.2,0.06035371208754392,0.06035371208754392
315.51,0.2,-0.2802617253302785,-0.2802617253302785
315.515,0.2,-0.13168328069835478,-0.13168328069835478
315.52,0.2,0.10267405643649505,0.10267405643649505
315.525,0.2,0.5340047269217439,0.5340047269217439
315.53,0.2,0.5114474055933786,0.5114474055933786
315.535,0.2,0.4266737730181676,0.4266737730181676
315.54,0.2,0.2546986772850609,0.2546986772850609
315.545,0.2,-0.04635205822272024,-0.04635205822272024
315.55,0.2,-0.1640929411752134,-0.1640929411752134
315.555,0.2,-0.14187201312906877,-0.14187201312906877
315.56,0.2,0.17276005213256884,0.17276005213256884
315.565,0.2,0.4869108801103594,0.4869108801103594
315.57,0.2,0.6058909628447187,0.6058909628447187
315.575,0.2,0.4161514296383406,0.4161514296383406
315.58,0.2,0.2122610984182229,0.2122610984182229
315.585,0.2,-0.20183064163114725,-0.20183064163114725
315.59,0.2,-0.1114831336445034,-0.1114831336445034
315.595,0.2,0.0091344209199615,0.0091344209199615
315.6,0.2,0.0644310872588521,0.0644310872588521
315.605,0.2,0.4615070589688012,0.4615070589688012
315.61,0.2,0.5316713731080703,0.5316713731080703
315.615,0.2,0.5035777760161387,0.5035777760161387
315.62,0.2,0.11925486839801312,0.11925486839801312
315.625,0.2,-0.05511479046908568,-0.05511479046908568
315.63,0.2,-0.10720915568576186,-0.10720915568576186
315.635,0.2,-0.10852042445070009,-0.10852042445070009
315.64,0.2,0.25178836638870167,0.25178836638870167
315.645,0.2,0.547482046465501,0.547482046465501
315.65,0.2,0.541242835976473,0.541242835976473
315.655,0.2,0.6255038388069144,0.6255038388069144
315.66,0.2,0.24554473240121424,0.24554473240121424
315.665,0.2,0.013660018748207853,0.013660018748207853
315.67,0.2,-0.24660174119850095,-0.24660174119850095
315.675,0.2,-0.3450620635386428,-0.3450620635386428
315.68,0.2,-0.04959221945486453,-0.04959221945486453
315.685,0.2,0.5306818641823567,0.5306818641823567
315.69,0.2,0.482506697507515,0.482506697507515
315.695,0.2,0.5276549239608702,0.5276549239608702
315.7,0.2,0.2671157831512724,0.2671157831512724
315.705,0.2,-0.23387097793624578,-0.23387097793624578
315.71,0.2,-0.23878363983972115,-0.23878363983972115
315.715,0.2,-0.006663902237224878,-0.006663902237224878
315.72,0.2,-0.020951765938558298,-0.020951765938558298
315.725,0.2,0.4614521263318621,0.4614521263318621
315.73,0.2,0.43261164861612433,0.43261164861612433
315.735,0.2,0.5099141721505842,0.5099141721505842
315.74,0.2,0.14146263961438407,0.14146263961438407
315.745,0.2,-0.27997837848585033,-0.27997837848585033
315.75,0.2,-0.3494823015279579,-0.3494823015279579
315.755,0.2,-0.1888609838045239,-0.1888609838045239
315.76,0.2,0.08872623980962398,0.08872623980962398
315.765,0.2,0.4491713159766884,0.4491713159766884
315.77,0.2,0.551302414656247,0.551302414656247
315.775,0.2,0.35925648488552375,0.35925648488552375
315.78,0.2,0.19371762295119824,0.19371762295119824
315.785,0.2,-0.1265636362423974,-0.1265636362423974
315.79,0.2,-0.09174384624520157,-0.09174384624520157
315.795,0.2,-0.20419854132533158,-0.20419854132533158
315.8,0.2,0.22013448078245387,0.22013448078245387
315.805,0.2,0.4669529185002874,0.4669529185002874
315.81,0.2,0.42626642612335264,0.42626642612335264
315.815,0.2,0.4176449167657387,0.4176449167657387
315.82,0.2,0.15082450765005234,0.15082450765005234
315.825,0.2,-0.01718552968885112,-0.01718552968885112
315.83,0.2,-0.010981631056156294,-0.010981631056156294
315.835,0.2,0.09385050087098037,0.09385050087098037
315.84,0.2,0.23622963947627182,0.23622963947627182
315.845,0.2,0.4167471494747904,0.4167471494747904
315.85,0.2,0.589359001015766,0.589359001015766
315.855,0.2,0.42174392689567847,0.42174392689567847
315.86,0.2,0.17322459220232284,0.17322459220232284
315.865,0.2,0.07100278686693079,0.07100278686693079
315.87,0.2,0.10217054323774263,0.10217054323774263
315.875,0.2,0.04947332575183776,0.04947332575183776
315.88,0.2,0.20675069777500202,0.20675069777500202
315.885,0.2,0.48717876689533324,0.48717876689533324
315.89,0.2,0.5227890990056588,0.5227890990056588
315.895,0.2,0.41687999265530157,0.41687999265530157
315.9,0.2,0.02153680577724107,0.02153680577724107
315.905,0.2,-0.20741650028361444,-0.20741650028361444
315.91,0.2,-0.04624824113227087,-0.04624824113227087
315.915,0.2,0.03938868404330603,0.03938868404330603
315.92,0.2,0.32707461961710504,0.32707461961710504
315.925,0.2,0.4935503037190079,0.4935503037190079
315.93,0.2,0.6298713723799352,0.6298713723799352
315.935,0.2,0.5687657473036375,0.5687657473036375
315.94,0.2,0.19623449232556844,0.19623449232556844
315.945,0.2,-0.009185519859545,-0.009185519859545
315.95,0.2,-0.10449535826514578,-0.10449535826514578
315.955,0.2,-0.015733436228132308,-0.015733436228132308
315.96,0.2,0.06846465308749133,0.06846465308749133
315.965,0.2,0.5515337489247946,0.5515337489247946
315.97,0.2,0.4547852788728627,0.4547852788728627
315.975,0.2,0.3874378056798146,0.3874378056798146
315.98,0.2,0.17778726171131873,0.17778726171131873
315.985,0.2,-0.13390708818173386,-0.13390708818173386
315.99,0.2,-0.14867305110491738,-0.14867305110491738
315.995,0.2,0.02954934858176181,0.02954934858176181
316.0,0.2,0.10695609025368834,0.10695609025368834
316.005,0.2,0.4720597139429663,0.4720597139429663
316.01,0.2,0.5788006903716858,0.5788006903716858
316.015,0.2,0.4271844718834786,0.4271844718834786
316.02,0.2,0.17717701975506225,0.17717701975506225
316.025,0.2,0.04465404440263401,0.04465404440263401
316.03,0.2,-0.31291980950166876,-0.31291980950166876
316.035,0.2,0.0758971462768151,0.0758971462768151
316.04,0.2,0.2962169263486414,0.2962169263486414
316.045,0.2,0.5017432997380685,0.5017432997380685
316.05,0.2,0.5981716582380332,0.5981716582380332
316.055,0.2,0.5158774858094183,0.5158774858094183
316.06,0.2,0.08781648696454673,0.08781648696454673
316.065,0.2,-0.15948297814883483,-0.15948297814883483
316.07,0.2,-0.17679614710547525,-0.17679614710547525
316.075,0.2,-0.07789234121023958,-0.07789234121023958
316.08,0.2,0.2030938190442855,0.2030938190442855
316.085,0.2,0.39461661651315194,0.39461661651315194
316.09,0.2,0.6371738560937769,0.6371738560937769
316.095,0.2,0.4267984672902385,0.4267984672902385
316.1,0.2,0.3009810928924226,0.3009810928924226
316.105,0.2,-0.06344307843112162,-0.06344307843112162
316.11,0.2,-0.18998078410109223,-0.18998078410109223
316.115,0.2,-0.2845185792359438,-0.2845185792359438
316.12,0.2,0.30835460775919754,0.30835460775919754
316.125,0.2,0.5240365752007344,0.5240365752007344
316.13,0.2,0.484992514589055,0.484992514589055
316.135,0.2,0.5115502695267452,0.5115502695267452
316.14,0.2,0.09730572254229844,0.09730572254229844
316.145,0.2,0.0812201839731734,0.0812201839731734
316.15,0.2,-0.15984022692640518,-0.15984022692640518
316.155,0.2,0.08522737595628971,0.08522737595628971
316.16,0.2,0.18983097252886033,0.18983097252886033
316.165,0.2,0.4496247514354481,0.4496247514354481
316.17,0.2,0.540621115984834,0.540621115984834
316.175,0.2,0.4409432017243127,0.4409432017243127
316.18,0.2,0.21858267634035244,0.21858267634035244
316.185,0.2,-0.006615625373056197,-0.006615625373056197
316.19,0.2,-0.0903991550935093,-0.0903991550935093
316.195,0.2,0.0336639533050014,0.0336639533050014
316.2,0.2,0.4208844739822457,0.4208844739822457
316.205,0.2,0.49671101087286,0.49671101087286
316.21,0.2,0.5695395223363056,0.5695395223363056
316.215,0.2,0.6046528227030041,0.6046528227030041
316.22,0.2,0.3214769256623515,0.3214769256623515
316.225,0.2,-0.03424885269510293,-0.03424885269510293
316.23,0.2,-0.24395894550564173,-0.24395894550564173
316.235,0.2,-0.10129289257128421,-0.10129289257128421
316.24,0.2,0.2185774588775502,0.2185774588775502
316.245,0.2,0.6470807066390358,0.6470807066390358
316.25,0.2,0.45195196420631,0.45195196420631
316.255,0.2,0.5434417472587916,0.5434417472587916
316.26,0.2,0.2892511660576562,0.2892511660576562
316.265,0.2,0.07289118146879917,0.07289118146879917
316.27,0.2,-0.015316114761587202,-0.015316114761587202
316.275,0.2,-0.026027999440764463,-0.026027999440764463
316.28,0.2,0.2679907014884195,0.2679907014884195
316.285,0.2,0.5568287057275132,0.5568287057275132
316.29,0.2,0.5379843130887566,0.5379843130887566
316.295,0.2,0.4481486565147316,0.4481486565147316
316.3,0.2,0.15990761100650552,0.15990761100650552
316.305,0.2,-0.09676419578091382,-0.09676419578091382
316.31,0.2,-0.1904793602041381,-0.1904793602041381
316.315,0.2,0.035798294939819834,0.035798294939819834
316.32,0.2,0.17193538340537556,0.17193538340537556
316.325,0.2,0.9744389679421831,0.9744389679421831
316.33,0.2,0.5592667985278567,0.5592667985278567
316.335,0.2,0.4760478529991045,0.4760478529991045
316.34,0.2,0.32376798305064514,0.32376798305064514
316.345,0.2,-0.04290485533632535,-0.04290485533632535
316.35,0.2,-0.0849294800230262,-0.0849294800230262
316.355,0.2,-0.015849129859779678,-0.015849129859779678
316.36,0.2,0.29524618210077597,0.29524618210077597
316.365,0.2,0.3592022589072328,0.3592022589072328
316.37,0.2,0.7254425277626072,0.7254425277626072
316.375,0.2,0.5106701760047447,0.5106701760047447
316.38,0.2,0.16419093308055127,0.16419093308055127
316.385,0.2,-0.07437570361022314,-0.07437570361022314
316.39,0.2,-0.06761187257526372,-0.06761187257526372
316.395,0.2,0.060071964119647395,0.060071964119647395
316.4,0.2,0.21158958712659662,0.21158958712659662
316.405,0.2,0.4671648145765488,0.4671648145765488
316.41,0.2,0.5898560358560272,0.5898560358560272
316.415,0.2,0.5711013093827944,0.5711013093827944
316.42,0.2,0.046143928706159604,0.046143928706159604
316.425,0.2,-0.1090692410829545,-0.1090692410829545
316.43,0.2,0.0554854167648729,0.0554854167648729
316.435,0.2,-0.12592168649859076,-0.12592168649859076
316.44,0.2,0.3776185990735599,0.3776185990735599
316.445,0.2,0.5290261346212963,0.5290261346212963
316.45,0.2,0.5761254745419085,0.5761254745419085
316.455,0.2,0.42719799500612216,0.42719799500612216
316.46,0.2,0.32177637451505225,0.32177637451505225
316.465,0.2,0.12792630640310199,0.12792630640310199
316.47,0.2,-0.27368898590266677,-0.27368898590266677
316.475,0.2,0.08000580315771394,0.08000580315771394
316.48,0.2,0.41402172797634595,0.41402172797634595
316.485,0.2,0.5485933625263192,0.5485933625263192
316.49,0.2,0.6096482498500408,0.6096482498500408
316.495,0.2,0.36939044061435156,0.36939044061435156
316.5,0.2,0.16172770710545406,0.16172770710545406
316.505,0.2,0.14682784913196265,0.14682784913196265
316.51,0.2,-0.1862971970693082,-0.1862971970693082
316.515,0.2,0.04759837051328109,0.04759837051328109
316.52,0.2,0.4551487299500306,0.4551487299500306
316.525,0.2,0.7183639084091065,0.7183639084091065
316.53,0.2,0.6295211768569324,0.6295211768569324
316.535,0.2,0.43859126915983276,0.43859126915983276
316.54,0.2,0.287007768632775,0.287007768632775
316.545,0.2,-0.12398550338654857,-0.12398550338654857
316.55,0.2,-0.19040177850415133,-0.19040177850415133
316.555,0.2,-0.03532944151199919,-0.03532944151199919
316.56,0.2,0.3607093950501318,0.3607093950501318
316.565,0.2,0.4872616289873306,0.4872616289873306
316.57,0.2,0.5002636445786557,0.5002636445786557
316.575,0.2,0.46893327091326,0.46893327091326
316.58,0.2,0.12950232429176606,0.12950232429176606
316.585,0.2,-0.11565141008038653,-0.11565141008038653
316.59,0.2,-0.04752462687773312,-0.04752462687773312
316.595,0.2,-0.02538430672901546,-0.02538430672901546
316.6,0.2,0.22305100241313372,0.22305100241313372
316.605,0.2,0.5123226291874939,0.5123226291874939
316.61,0.2,0.6358025690879325,0.6358025690879325
316.615,0.2,0.5426377045301108,0.5426377045301108
316.62,0.2,0.20685749988241198,0.20685749988241198
316.625,0.2,0.03799722978942362,0.03799722978942362
316.63,0.2,-0.25608864192053216,-0.25608864192053216
316.635,0.2,-0.13237924115119704,-0.13237924115119704
316.64,0.2,0.23760833865234715,0.23760833865234715
316.645,0.2,0.428510404755268,0.428510404755268
316.65,0.2,0.539008036023833,0.539008036023833
316.655,0.2,0.39184037169273467,0.39184037169273467
316.66,0.2,0.13150878977233585,0.13150878977233585
316.665,0.2,-0.004934112561971987,-0.004934112561971987
316.67,0.2,-0.4378023303433658,-0.4378023303433658
316.675,0.2,-0.12511940680648673,-0.12511940680648673
316.68,0.2,0.35167854913421964,0.35167854913421964
316.685,0.2,0.41474987367144184,0.41474987367144184
316.69,0.2,0.5881083742317896,0.5881083742317896
316.695,0.2,0.3978174425137533,0.3978174425137533
316.7,0.2,0.18042421322875488,0.18042421322875488
316.705,0.2,-0.02700931786741651,-0.02700931786741651
316.71,0.2,-0.24710930822439045,-0.24710930822439045
316.715,0.2,-0.026204305977491557,-0.026204305977491557
316.72,0.2,0.10572772835116845,0.10572772835116845
316.725,0.2,0.5819998709842397,0.5819998709842397
316.73,0.2,0.4434095380946019,0.4434095380946019
316.735,0.2,0.303852454309449,0.303852454309449
316.74,0.2,0.0861385362387782,0.0861385362387782
316.745,0.2,-0.07521322196581795,-0.07521322196581795
316.75,0.2,-0.1561786853503278,-0.1561786853503278
316.755,0.2,-0.17519694684657983,-0.17519694684657983
316.76,0.2,0.26751139861689877,0.26751139861689877
316.765,0.2,0.4950800268465071,0.4950800268465071
316.77,0.2,0.47783566184016457,0.47783566184016457
316.775,0.2,0.3624582538527071,0.3624582538527071
316.78,0.2,-0.0036356449798953527,-0.0036356449798953527
316.785,0.2,-0.013597669832652981,-0.013597669832652981
316.79,0.2,-0.1651641267316431,-0.1651641267316431
316.795,0.2,-0.0487626196486842,-0.0487626196486842
316.8,0.2,0.2475429618837013,0.2475429618837013
316.805,0.2,0.5238748012781278,0.5238748012781278
316.81,0.2,0.42409996477663486,0.42409996477663486
316.815,0.2,0.4465673997766433,0.4465673997766433
316.82,0.2,0.18563453304375577,0.18563453304375577
316.825,0.2,-0.2029698867155867,-0.2029698867155867
316.83,0.2,-0.17944677999033576,-0.17944677999033576
316.835,0.2,-0.19895376481796456,-0.19895376481796456
316.84,0.2,0.18017614496649947,0.18017614496649947
316.845,0.2,0.45531312643051813,0.45531312643051813
316.85,0.2,0.5108129039998704,0.5108129039998704
316.855,0.2,0.41468142207341324,0.41468142207341324
316.86,0.2,0.2233218998588774,0.2233218998588774
316.865,0.2,-0.18405809559513148,-0.18405809559513148
316.87,0.2,-0.3465426634634652,-0.3465426634634652
316.875,0.2,-0.19236806462456382,-0.19236806462456382
316.88,0.2,0.12793915046653648,0.12793915046653648
316.885,0.2,0.48800674957705104,0.48800674957705104
316.89,0.2,0.6095943276825528,0.6095943276825528
316.895,0.2,0.3421167558219074,0.3421167558219074
316.9,0.2,0.37908945208609385,0.37908945208609385
316.905,0.2,0.09234491708943246,0.09234491708943246
316.91,0.2,-0.15011130398059142,-0.15011130398059142
316.915,0.2,-0.12253409967426891,-0.12253409967426891
316.92,0.2,0.13286665228808942,0.13286665228808942
316.925,0.2,0.48692955030604307,0.48692955030604307
316.93,0.2,0.6575037518174576,0.6575037518174576
316.935,0.2,0.4871690803512598,0.4871690803512598
316.94,0.2,0.15653812653082677,0.15653812653082677
316.945,0.2,0.2598899763389896,0.2598899763389896
316.95,0.2,-0.0059401693430554126,-0.0059401693430554126
316.955,0.2,0.02601815776704372,0.02601815776704372
316.96,0.2,0.13044453251398058,0.13044453251398058
316.965,0.2,0.39146944949394236,0.39146944949394236
316.97,0.2,0.6359731648209179,0.6359731648209179
316.975,0.2,0.5200876568473758,0.5200876568473758
316.98,0.2,0.20478108273974127,0.20478108273974127
316.985,0.2,0.01887148554734934,0.01887148554734934
316.99,0.2,-0.2132127291959206,-0.2132127291959206
316.995,0.2,0.028026070475228607,0.028026070475228607
317.0,0.2,0.16656524812967774,0.16656524812967774
317.005,0.2,0.48973047455797497,0.48973047455797497
317.01,0.2,0.5221925698264585,0.5221925698264585
317.015,0.2,0.47397012477873945,0.47397012477873945
317.02,0.2,0.2969007731810767,0.2969007731810767
317.025,0.2,0.040624845711864616,0.040624845711864616
317.03,0.2,-0.2525141308025953,-0.2525141308025953
317.035,0.2,0.13141330522517475,0.13141330522517475
317.04,0.2,0.19294501190841767,0.19294501190841767
317.045,0.2,0.6505359244362705,0.6505359244362705
317.05,0.2,0.6644829482264707,0.6644829482264707
317.055,0.2,0.43337111522030924,0.43337111522030924
317.06,0.2,0.1579440723068535,0.1579440723068535
317.065,0.2,-0.1487705752981078,-0.1487705752981078
317.07,0.2,-0.15650525002287233,-0.15650525002287233
317.075,0.2,-0.09467924505709847,-0.09467924505709847
317.08,0.2,0.3038334094002285,0.3038334094002285
317.085,0.2,0.7000314672718764,0.7000314672718764
317.09,0.2,0.7448219462496855,0.7448219462496855
317.095,0.2,0.5450297277165508,0.5450297277165508
317.1,0.2,0.12053934957533234,0.12053934957533234
317.105,0.2,-0.03089764727507832,-0.03089764727507832
317.11,0.2,-0.2840707888550448,-0.2840707888550448
317.115,0.2,0.048093600768071426,0.048093600768071426
317.12,0.2,0.15815400762524343,0.15815400762524343
317.125,0.2,0.6276777466529577,0.6276777466529577
317.13,0.2,0.656553354663765,0.656553354663765
317.135,0.2,0.38522598166150457,0.38522598166150457
317.14,0.2,-0.09138987338693752,-0.09138987338693752
317.145,0.2,-0.02093607853304346,-0.02093607853304346
317.15,0.2,-0.09046469593944176,-0.09046469593944176
317.155,0.2,0.0025905537143917426,0.0025905537143917426
317.16,0.2,0.3427272107020582,0.3427272107020582
317.165,0.2,0.29693110703479014,0.29693110703479014
317.17,0.2,0.4144445623645546,0.4144445623645546
317.175,0.2,0.3960717710233352,0.3960717710233352
317.18,0.2,0.2635993648906187,0.2635993648906187
317.185,0.2,-0.15326231103220195,-0.15326231103220195
317.19,0.2,-0.005255042943361848,-0.005255042943361848
317.195,0.2,-0.009968076540863433,-0.009968076540863433
317.2,0.2,0.12191293268548192,0.12191293268548192
317.205,0.2,0.42948341000222456,0.42948341000222456
317.21,0.2,0.41810345824783535,0.41810345824783535
317.215,0.2,0.45838474249628314,0.45838474249628314
317.22,0.2,0.21762413922176987,0.21762413922176987
317.225,0.2,-0.06200115429892464,-0.06200115429892464
317.23,0.2,-0.15559620601801036,-0.15559620601801036
317.235,0.2,0.006494487076578223,0.006494487076578223
317.24,0.2,0.35993216088324864,0.35993216088324864
317.245,0.2,0.5594373311900903,0.5594373311900903
317.25,0.2,0.5477927076424575,0.5477927076424575
317.255,0.2,0.3227933043215868,0.3227933043215868
317.26,0.2,-0.016110176576486418,-0.016110176576486418
317.265,0.2,-0.20576697230463656,-0.20576697230463656
317.27,0.2,-0.19278409394879992,-0.19278409394879992
317.275,0.2,-0.12064929173644964,-0.12064929173644964
317.28,0.2,0.35401124868854805,0.35401124868854805
317.285,0.2,0.542089695489772,0.542089695489772
317.29,0.2,0.618231990878283,0.618231990878283
317.295,0.2,0.3506867144355784,0.3506867144355784
317.3,0.2,0.3622666102425874,0.3622666102425874
317.305,0.2,-0.05576917667099339,-0.05576917667099339
317.31,0.2,-0.12386464024572105,-0.12386464024572105
317.315,0.2,-0.021887849967772266,-0.021887849967772266
317.32,0.2,0.09425409350365113,0.09425409350365113
317.325,0.2,0.412239005721028,0.412239005721028
317.33,0.2,0.4785054825227378,0.4785054825227378
317.335,0.2,0.3881269970511,0.3881269970511
317.34,0.2,0.16850869215390663,0.16850869215390663
317.345,0.2,-0.12772420986377397,-0.12772420986377397
317.35,0.2,-0.16183056210326024,-0.16183056210326024
317.355,0.2,-0.1130732290111807,-0.1130732290111807
317.36,0.2,0.2854031228179802,0.2854031228179802
317.365,0.2,0.567034337494181,0.567034337494181
317.37,0.2,0.520037743128173,0.520037743128173
317.375,0.2,0.3387361281136385,0.3387361281136385
317.38,0.2,0.2554542778488748,0.2554542778488748
317.385,0.2,-0.07527843133098562,-0.07527843133098562
317.39,0.2,-0.1344473925477627,-0.1344473925477627
317.395,0.2,-0.06026536803235456,-0.06026536803235456
317.4,0.2,0.17880762772464023,0.17880762772464023
317.405,0.2,0.39872205089990187,0.39872205089990187
317.41,0.2,0.45505255441343506,0.45505255441343506
317.415,0.2,0.4174019569785319,0.4174019569785319
317.42,0.2,0.3465910598049311,0.3465910598049311
317.425,0.2,-0.1975537500578045,-0.1975537500578045
317.43,0.2,0.03567977322482313,0.03567977322482313
317.435,0.2,-0.10285561489444264,-0.10285561489444264
317.44,0.2,0.14406475138573283,0.14406475138573283
317.445,0.2,0.5675550947222272,0.5675550947222272
317.45,0.2,0.5332342465875162,0.5332342465875162
317.455,0.2,0.3278946348449009,0.3278946348449009
317.46,0.2,0.24289853800915454,0.24289853800915454
317.465,0.2,-0.03565831020558364,-0.03565831020558364
317.47,0.2,-0.13223329765855865,-0.13223329765855865
317.475,0.2,-0.0989191920895982,-0.0989191920895982
317.48,0.2,0.25313097613725843,0.25313097613725843
317.485,0.2,0.2571879664177672,0.2571879664177672
317.49,0.2,0.528995887628972,0.528995887628972
317.495,0.2,0.5494512800771675,0.5494512800771675
317.5,0.2,0.15913744743642638,0.15913744743642638
317.505,0.2,-0.0715961580103166,-0.0715961580103166
317.51,0.2,-0.2922363599028628,-0.2922363599028628
317.515,0.2,0.049983882163476254,0.049983882163476254
317.52,0.2,0.1310724960975782,0.1310724960975782
317.525,0.2,0.45237603896390577,0.45237603896390577
317.53,0.2,0.4870057949063306,0.4870057949063306
317.535,0.2,0.41249697256553736,0.41249697256553736
317.54,0.2,0.1732644041417588,0.1732644041417588
317.545,0.2,-0.07993091191699524,-0.07993091191699524
317.55,0.2,-0.08433308208300852,-0.08433308208300852
317.555,0.2,-0.1429885932962187,-0.1429885932962187
317.56,0.2,0.23754782784526893,0.23754782784526893
317.565,0.2,0.5184606097773486,0.5184606097773486
317.57,0.2,0.5812207292724684,0.5812207292724684
317.575,0.2,0.4612093924550579,0.4612093924550579
317.58,0.2,0.17197598437826941,0.17197598437826941
317.585,0.2,-0.09979096273965371,-0.09979096273965371
317.59,0.2,-0.317004287921395,-0.317004287921395
317.595,0.2,-0.1345726100261313,-0.1345726100261313
317.6,0.2,0.20148733543902644,0.20148733543902644
317.605,0.2,0.5103009695520748,0.5103009695520748
317.61,0.2,0.4270417676672809,0.4270417676672809
317.615,0.2,0.3518707184742245,0.3518707184742245
317.62,0.2,0.00047234206981722204,0.00047234206981722204
317.625,0.2,-0.0626018128439399,-0.0626018128439399
317.63,0.2,0.01851457267796844,0.01851457267796844
317.635,0.2,-0.07774427463563537,-0.07774427463563537
317.64,0.2,-0.008045948690856675,-0.008045948690856675
317.645,0.2,0.452799547664749,0.452799547664749
317.65,0.2,0.6013059355947519,0.6013059355947519
317.655,0.2,0.4037430357680477,0.4037430357680477
317.66,0.2,0.1981163560555996,0.1981163560555996
317.665,0.2,0.10085426889212933,0.10085426889212933
317.67,0.2,-0.32268402516609407,-0.32268402516609407
317.675,0.2,-0.11747772961895811,-0.11747772961895811
317.68,0.2,0.02845996779096266,0.02845996779096266
317.685,0.2,0.3719834620111043,0.3719834620111043
317.69,0.2,0.5978341358333027,0.5978341358333027
317.695,0.2,0.437859658197847,0.437859658197847
317.7,0.2,0.14323935269198385,0.14323935269198385
317.705,0.2,-0.17960790413119948,-0.17960790413119948
317.71,0.2,-0.2007261138914651,-0.2007261138914651
317.715,0.2,-0.13469610725313505,-0.13469610725313505
317.72,0.2,0.19870654082311698,0.19870654082311698
317.725,0.2,0.6199116119275504,0.6199116119275504
317.73,0.2,0.6325707495099184,0.6325707495099184
317.735,0.2,0.42335390393529604,0.42335390393529604
317.74,0.2,0.17100290156289957,0.17100290156289957
317.745,0.2,-0.034276969707634,-0.034276969707634
317.75,0.2,-0.2270035330680689,-0.2270035330680689
317.755,0.2,0.11841657279981244,0.11841657279981244
317.76,0.2,0.22818946936740392,0.22818946936740392
317.765,0.2,0.5107758752620432,0.5107758752620432
317.77,0.2,0.5100727214997223,0.5100727214997223
317.775,0.2,0.3887719592818982,0.3887719592818982
317.78,0.2,0.09618827336570834,0.09618827336570834
317.785,0.2,-0.08110209436692795,-0.08110209436692795
317.79,0.2,-0.28192008319833295,-0.28192008319833295
317.795,0.2,-0.06323906329556687,-0.06323906329556687
317.8,0.2,0.23090392111594457,0.23090392111594457
317.805,0.2,0.4253411479452018,0.4253411479452018
317.81,0.2,0.5528867730665603,0.5528867730665603
317.815,0.2,0.2780339605218032,0.2780339605218032
317.82,0.2,0.08206373357509225,0.08206373357509225
317.825,0.2,-0.04689572964976735,-0.04689572964976735
317.83,0.2,-0.10995956246842806,-0.10995956246842806
317.835,0.2,0.052742994041990995,0.052742994041990995
317.84,0.2,0.325319966324606,0.325319966324606
317.845,0.2,0.4691417003338097,0.4691417003338097
317.85,0.2,0.5942171649844394,0.5942171649844394
317.855,0.2,0.4151615367884019,0.4151615367884019
317.86,0.2,0.08591338363381729,0.08591338363381729
317.865,0.2,-0.16720506763332782,-0.16720506763332782
317.87,0.2,-0.0422753221951539,-0.0422753221951539
317.875,0.2,0.10753064174772647,0.10753064174772647
317.88,0.2,0.23159152770522357,0.23159152770522357
317.885,0.2,0.6708694012045369,0.6708694012045369
317.89,0.2,0.5902592948521768,0.5902592948521768
317.895,0.2,0.24272529561002645,0.24272529561002645
317.9,0.2,0.08607439418954106,0.08607439418954106
317.905,0.2,-0.318206308183702,-0.318206308183702
317.91,0.2,-0.291032236828818,-0.291032236828818
317.915,0.2,0.11196030668938778,0.11196030668938778
317.92,0.2,0.21195390902772,0.21195390902772
317.925,0.2,0.570460251360964,0.570460251360964
317.93,0.2,0.6353124303182605,0.6353124303182605
317.935,0.2,0.4290058662777666,0.4290058662777666
317.94,0.2,0.08753924031457361,0.08753924031457361
317.945,0.2,-0.08725626011956977,-0.08725626011956977
317.95,0.2,-0.16124186494719592,-0.16124186494719592
317.955,0.2,-0.08084226201177828,-0.08084226201177828
317.96,0.2,0.3153185876385997,0.3153185876385997
317.965,0.2,0.5105917468300745,0.5105917468300745
317.97,0.2,0.6510694871492987,0.6510694871492987
317.975,0.2,0.5037640932667996,0.5037640932667996
317.98,0.2,0.13503845840031184,0.13503845840031184
317.985,0.2,-0.2751354761463381,-0.2751354761463381
317.99,0.2,-0.23487220797940941,-0.23487220797940941
317.995,0.2,-0.08942430476244959,-0.08942430476244959
318.0,0.2,0.2513893997488981,0.2513893997488981
318.005,0.2,0.565971659138787,0.565971659138787
318.01,0.2,0.5604208376867178,0.5604208376867178
318.015,0.2,0.6325724145848871,0.6325724145848871
318.02,0.2,0.1801438106895906,0.1801438106895906
318.025,0.2,-0.043786418247159245,-0.043786418247159245
318.03,0.2,-0.15610996937764865,-0.15610996937764865
318.035,0.2,0.1368196870297615,0.1368196870297615
318.04,0.2,0.14522685274113878,0.14522685274113878
318.045,0.2,0.5683172196524404,0.5683172196524404
318.05,0.2,0.5935222667513618,0.5935222667513618
318.055,0.2,0.44206132527961683,0.44206132527961683
318.06,0.2,0.017194383959518666,0.017194383959518666
318.065,0.2,-0.07463905737739918,-0.07463905737739918
318.07,0.2,0.0513517684051612,0.0513517684051612
318.075,0.2,0.0070891674682981055,0.0070891674682981055
318.08,0.2,0.3088328859772179,0.3088328859772179
318.085,0.2,0.4806455210686562,0.4806455210686562
318.09,0.2,0.596368450442961,0.596368450442961
318.095,0.2,0.5816418825719079,0.5816418825719079
318.1,0.2,0.34763857360890527,0.34763857360890527
318.105,0.2,-0.01812648337266893,-0.01812648337266893
318.11,0.2,-0.2096380262156624,-0.2096380262156624
318.115,0.2,-0.03703741170403459,-0.03703741170403459
318.12,0.2,0.1791561219105973,0.1791561219105973
318.125,0.2,0.48639270333255596,0.48639270333255596
318.13,0.2,0.7577103091909608,0.7577103091909608
318.135,0.2,0.36704940336506425,0.36704940336506425
318.14,0.2,0.4078223633083615,0.4078223633083615
318.145,0.2,0.05458622872512399,0.05458622872512399
318.15,0.2,-0.3200194978709483,-0.3200194978709483
318.155,0.2,-0.06562612610085586,-0.06562612610085586
318.16,0.2,0.3870311065733383,0.3870311065733383
318.165,0.2,0.534478543941779,0.534478543941779
318.17,0.2,0.6350117438669424,0.6350117438669424
318.175,0.2,0.5801170898860061,0.5801170898860061
318.18,0.2,0.4146338987512064,0.4146338987512064
318.185,0.2,-0.11457707476046342,-0.11457707476046342
318.19,0.2,-0.10852866814960298,-0.10852866814960298
318.195,0.2,0.3124283403515432,0.3124283403515432
318.2,0.2,0.29860459756773383,0.29860459756773383
318.205,0.2,0.5599199019093613,0.5599199019093613
318.21,0.2,0.7800542738450975,0.7800542738450975
318.215,0.2,0.49433570377338,0.49433570377338
318.22,0.2,0.3894800606205781,0.3894800606205781
318.225,0.2,-0.049597691279250275,-0.049597691279250275
318.23,0.2,-0.13461619782767809,-0.13461619782767809
318.235,0.2,0.09187502247087231,0.09187502247087231
318.24,0.2,0.3572247842727181,0.3572247842727181
318.245,0.2,0.43193031705823204,0.43193031705823204
318.25,0.2,0.8787473711640066,0.8787473711640066
318.255,0.2,0.5386726687609183,0.5386726687609183
318.26,0.2,0.4170591589549387,0.4170591589549387
318.265,0.2,-0.04855457006619905,-0.04855457006619905
318.27,0.2,-0.022685342484813,-0.022685342484813
318.275,0.2,0.20349430254835596,0.20349430254835596
318.28,0.2,0.28848074949300573,0.28848074949300573
318.285,0.2,0.7172601202636736,0.7172601202636736
318.29,0.2,0.9145659476268692,0.9145659476268692
318.295,0.2,0.37841980844288803,0.37841980844288803
318.3,0.2,0.3483428110430722,0.3483428110430722
318.305,0.2,-0.044068385688222855,-0.044068385688222855
318.31,0.2,0.05602421001892907,0.05602421001892907
318.315,0.2,-0.011316337523080588,-0.011316337523080588
318.32,0.2,0.2998284422107781,0.2998284422107781
318.325,0.2,0.5928007858205976,0.5928007858205976
318.33,0.2,0.6625071321613156,0.6625071321613156
318.335,0.2,0.6497625532930431,0.6497625532930431
318.34,0.2,0.19013797283199652,0.19013797283199652
318.345,0.2,0.039310119373162394,0.039310119373162394
318.35,0.2,-0.19224414261364697,-0.19224414261364697
318.355,0.2,-0.103228752252176,-0.103228752252176
318.36,0.2,0.30896327547795466,0.30896327547795466
318.365,0.2,0.5695496965240084,0.5695496965240084
318.37,0.2,0.7548743876365732,0.7548743876365732
318.375,0.2,0.6147923495841788,0.6147923495841788
318.38,0.2,0.22283962009830482,0.22283962009830482
318.385,0.2,0.10137662664424132,0.10137662664424132
318.39,0.2,-0.16495936662664665,-0.16495936662664665
318.395,0.2,0.018744219912256437,0.018744219912256437
318.4,0.2,0.20282812315559479,0.20282812315559479
318.405,0.2,0.5514667000979246,0.5514667000979246
318.41,0.2,0.7521204284788918,0.7521204284788918
318.415,0.2,0.5539186115419124,0.5539186115419124
318.42,0.2,0.2508511588482839,0.2508511588482839
318.425,0.2,-0.06738793317590519,-0.06738793317590519
318.43,0.2,-0.07650762450418769,-0.07650762450418769
318.435,0.2,-0.10797833171259992,-0.10797833171259992
318.44,0.2,0.1785872822737392,0.1785872822737392
318.445,0.2,0.49435217050381,0.49435217050381
318.45,0.2,0.6152677760550124,0.6152677760550124
318.455,0.2,0.45778716215713217,0.45778716215713217
318.46,0.2,0.08748098153218122,0.08748098153218122
318.465,0.2,-0.24239926354784747,-0.24239926354784747
318.47,0.2,-0.17570228029397067,-0.17570228029397067
318.475,0.2,-0.06863749032373281,-0.06863749032373281
318.48,0.2,0.3821951782113066,0.3821951782113066
318.485,0.2,0.40886308760250434,0.40886308760250434
318.49,0.2,0.6806369221158787,0.6806369221158787
318.495,0.2,0.37495843697055636,0.37495843697055636
318.5,0.2,0.05657983241620737,0.05657983241620737
318.505,0.2,0.016574793887702166,0.016574793887702166
318.51,0.2,-0.20008783254388596,-0.20008783254388596
318.515,0.2,-0.004489012057254948,-0.004489012057254948
318.52,0.2,0.14437824427850515,0.14437824427850515
318.525,0.2,0.4491582675188018,0.4491582675188018
318.53,0.2,0.43669722165739067,0.43669722165739067
318.535,0.2,0.4178685507944435,0.4178685507944435
318.54,0.2,0.17358308829925645,0.17358308829925645
318.545,0.2,-0.19764788298181563,-0.19764788298181563
318.55,0.2,-0.32003281639903675,-0.32003281639903675
318.555,-0.2,0.13757761415634226,0.13757761415634226
318.56,-0.2,0.2068170872948232,0.2068170872948232
318.565,-0.2,0.48808181854450716,0.48808181854450716
318.57,-0.2,0.5985870784636278,0.5985870784636278
318.575,-0.2,0.49917098085731937,0.49917098085731937
318.58,-0.2,0.0929706435614895,0.0929706435614895
318.585,-0.2,-0.006476887594624503,-0.006476887594624503
318.59,-0.2,-0.08319485201756818,-0.08319485201756818
318.595,-0.2,0.17414413609953217,0.17414413609953217
318.6,-0.2,0.2281064471987519,0.2281064471987519
318.605,-0.2,0.5803563762310591,0.5803563762310591
318.61,-0.2,0.5721262029529626,0.5721262029529626
318.615,-0.2,0.4884338512343578,0.4884338512343578
318.62,-0.2,0.3857198640732157,0.3857198640732157
318.625,-0.2,0.05184069949584513,0.05184069949584513
318.63,-0.2,0.04885762724386561,0.04885762724386561
318.635,-0.2,0.005582198563569236,0.005582198563569236
318.64,-0.2,0.31932875213318435,0.31932875213318435
318.645,-0.2,0.49650378483384694,0.49650378483384694
318.65,-0.2,0.6660242916091235,0.6660242916091235
318.655,-0.2,0.600183065295954,0.600183065295954
318.66,-0.2,0.22294924814621686,0.22294924814621686
318.665,-0.2,-0.13432661891482614,-0.13432661891482614
318.67,-0.2,0.09569917787631038,0.09569917787631038
318.675,-0.2,0.08240919785652612,0.08240919785652612
318.68,-0.2,0.306832291599711,0.306832291599711
318.685,-0.2,0.6071234243464083,0.6071234243464083
318.69,-0.2,0.7422706278461553,0.7422706278461553
318.695,-0.2,0.4028353537394386,0.4028353537394386
318.7,-0.2,0.23123839473675772,0.23123839473675772
318.705,-0.2,0.14424619418024126,0.14424619418024126
318.71,-0.2,-0.24969586830810048,-0.24969586830810048
318.715,-0.2,0.06110393482009636,0.06110393482009636
318.72,-0.2,0.4572121996733125,0.4572121996733125
318.725,-0.2,0.47889135954516987,0.47889135954516987
318.73,-0.2,0.5927305923086501,0.5927305923086501
318.735,-0.2,0.4724552364722034,0.4724552364722034
318.74,-0.2,0.23806252381325682,0.23806252381325682
318.745,-0.2,0.0626502341946209,0.0626502341946209
318.75,-0.2,-0.09702382020789327,-0.09702382020789327
318.755,-0.2,-0.24060263298674675,-0.24060263298674675
318.76,-0.2,0.17887235736989493,0.17887235736989493
318.765,-0.2,0.6170904292929901,0.6170904292929901
318.77,-0.2,0.5747681426273562,0.5747681426273562
318.775,-0.2,0.45551784389272787,0.45551784389272787
318.78,-0.2,0.12488981186089046,0.12488981186089046
318.785,-0.2,-0.13174948321118668,-0.13174948321118668
318.79,-0.2,0.02940655373104864,0.02940655373104864
318.795,-0.2,-0.06639650780836931,-0.06639650780836931
318.8,-0.2,0.12464832095952245,0.12464832095952245
318.805,-0.2,0.5029384676625964,0.5029384676625964
318.81,-0.2,0.5978523233263877,0.5978523233263877
318.815,-0.2,0.3388259610838711,0.3388259610838711
318.82,-0.2,0.0928363815842871,0.0928363815842871
318.825,-0.2,-0.09934933845723673,-0.09934933845723673
318.83,-0.2,-0.012637241950777672,-0.012637241950777672
318.835,-0.2,0.055018246199630985,0.055018246199630985
318.84,-0.2,0.17198079696402868,0.17198079696402868
318.845,-0.2,0.40298185802542774,0.40298185802542774
318.85,-0.2,0.6684939681245173,0.6684939681245173
318.855,-0.2,0.44557114358681216,0.44557114358681216
318.86,-0.2,0.1077020485952623,0.1077020485952623
318.865,-0.2,0.07507615389060814,0.07507615389060814
318.87,-0.2,-0.18474556737013723,-0.18474556737013723
318.875,-0.2,-0.0510901582893927,-0.0510901582893927
318.88,-0.2,0.18305986577818253,0.18305986577818253
318.885,-0.2,0.32145359847756594,0.32145359847756594
318.89,-0.2,0.5329579222559767,0.5329579222559767
318.895,-0.2,0.5274160828090398,0.5274160828090398
318.9,-0.2,0.3530213684497198,0.3530213684497198
318.905,-0.2,-0.22477471406544902,-0.22477471406544902
318.91,-0.2,-0.29092837307448155,-0.29092837307448155
318.915,-0.2,-0.09736708594194365,-0.09736708594194365
318.92,-0.2,0.2153634933691358,0.2153634933691358
318.925,-0.2,0.5247923153743483,0.5247923153743483
318.93,-0.2,0.6604255257881595,0.6604255257881595
318.935,-0.2,0.4605642671580745,0.4605642671580745
318.94,-0.2,0.17481723975807648,0.17481723975807648
318.945,-0.2,0.031843219417987734,0.031843219417987734
318.95,-0.2,-0.11536014813862527,-0.11536014813862527
318.955,-0.2,-0.0960997562857736,-0.0960997562857736
318.96,-0.2,0.19602809523264347,0.19602809523264347
318.965,-0.2,0.4800830774763684,0.4800830774763684
318.97,-0.2,0.524285061826975,0.524285061826975
318.975,-0.2,0.30188657841608446,0.30188657841608446
318.98,-0.2,0.1415123738620571,0.1415123738620571
318.985,-0.2,-0.015861540080917877,-0.015861540080917877
318.99,-0.2,-0.03498713083905358,-0.03498713083905358
318.995,-0.2,0.036187419673286536,0.036187419673286536
319.0,-0.2,0.1790024507584748,0.1790024507584748
319.005,-0.2,0.4349444345646823,0.4349444345646823
319.01,-0.2,0.35263187695489717,0.35263187695489717
319.015,-0.2,0.34090068165955834,0.34090068165955834
319.02,-0.2,0.13518823254612983,0.13518823254612983
319.025,-0.2,-0.19451679586531323,-0.19451679586531323
319.03,-0.2,-0.20210099890970365,-0.20210099890970365
319.035,-0.2,-0.04406675024427878,-0.04406675024427878
319.04,-0.2,0.36077274107712515,0.36077274107712515
319.045,-0.2,0.3121941459299301,0.3121941459299301
319.05,-0.2,0.5909844732204763,0.5909844732204763
319.055,-0.2,0.38945550411407487,0.38945550411407487
319.06,-0.2,0.14070605737641567,0.14070605737641567
319.065,-0.2,-0.16839101403659595,-0.16839101403659595
319.07,-0.2,-0.04318722181012827,-0.04318722181012827
319.075,-0.2,-0.1813736797755529,-0.1813736797755529
319.08,-0.2,0.1755037698840419,0.1755037698840419
319.085,-0.2,0.5349459661908553,0.5349459661908553
319.09,-0.2,0.5904688507874016,0.5904688507874016
319.095,-0.2,0.4699213497915538,0.4699213497915538
319.1,-0.2,0.19871556520529376,0.19871556520529376
319.105,-0.2,-0.26260487252238784,-0.26260487252238784
319.11,-0.2,-0.0695057313677823,-0.0695057313677823
319.115,-0.2,-0.24010209613508002,-0.24010209613508002
319.12,-0.2,0.23401422340680844,0.23401422340680844
319.125,-0.2,0.44729702744129574,0.44729702744129574
319.13,-0.2,0.7835885508795821,0.7835885508795821
319.135,-0.2,0.46701669157444853,0.46701669157444853
319.14,-0.2,0.2982897056929617,0.2982897056929617
319.145,-0.2,-0.1090009839218696,-0.1090009839218696
319.15,-0.2,-0.19054094335314936,-0.19054094335314936
319.155,-0.2,-0.052861723834169,-0.052861723834169
319.16,-0.2,0.22997436487348302,0.22997436487348302
319.165,-0.2,0.593597994138885,0.593597994138885
319.17,-0.2,0.6178353420211337,0.6178353420211337
319.175,-0.2,0.4619549267172116,0.4619549267172116
319.18,-0.2,0.077105181030521,0.077105181030521
319.185,-0.2,-0.03191866922244993,-0.03191866922244993
319.19,-0.2,-0.13514410445559,-0.13514410445559
319.195,-0.2,0.059200833500749395,0.059200833500749395
319.2,-0.2,0.13140998064665077,0.13140998064665077
319.205,-0.2,0.5120145957384213,0.5120145957384213
319.21,-0.2,0.3748651918642202,0.3748651918642202
319.215,-0.2,0.46903832442277527,0.46903832442277527
319.22,-0.2,0.19311280012239793,0.19311280012239793
319.225,-0.2,-0.098715234013329,-0.098715234013329
319.23,-0.2,-0.1796581954516494,-0.1796581954516494
319.235,-0.2,-0.17279934672911915,-0.17279934672911915
319.24,-0.2,0.16961016073468302,0.16961016073468302
319.245,-0.2,0.5363757611965183,0.5363757611965183
319.25,-0.2,0.5952252622762548,0.5952252622762548
319.255,-0.2,0.7085479980475302,0.7085479980475302
319.26,-0.2,0.09180468103115193,0.09180468103115193
319.265,-0.2,-0.2064389939224751,-0.2064389939224751
319.27,-0.2,-0.2532897108720447,-0.2532897108720447
319.275,-0.2,-0.026421393338356098,-0.026421393338356098
319.28,-0.2,0.13221854704227953,0.13221854704227953
319.285,-0.2,0.43451725167703537,0.43451725167703537
319.29,-0.2,0.593070446402318,0.593070446402318
319.295,-0.2,0.31444925031578763,0.31444925031578763
319.3,-0.2,0.19665322259173082,0.19665322259173082
319.305,-0.2,-0.044034009758577436,-0.044034009758577436
319.31,-0.2,-0.005406911720774621,-0.005406911720774621
319.315,-0.2,-0.02520513636002156,-0.02520513636002156
319.32,-0.2,0.1917043949960886,0.1917043949960886
319.325,-0.2,0.5460364912894711,0.5460364912894711
319.33,-0.2,0.687686209482411,0.687686209482411
319.335,-0.2,0.31120827120653605,0.31120827120653605
319.34,-0.2,0.03656780201641158,0.03656780201641158
319.345,-0.2,0.05314457856825214,0.05314457856825214
319.35,-0.2,-0.2516966228172794,-0.2516966228172794
319.355,-0.2,-0.07222004495656481,-0.07222004495656481
319.36,-0.2,0.19081776882106052,0.19081776882106052
319.365,-0.2,0.3594873695770836,0.3594873695770836
319.37,-0.2,0.5954131875763706,0.5954131875763706
319.375,-0.2,0.5469262101388415,0.5469262101388415
319.38,-0.2,0.3273766712991456,0.3273766712991456
319.385,-0.2,-0.11013840988939144,-0.11013840988939144
319.39,-0.2,-0.22931486374100563,-0.22931486374100563
319.395,-0.2,-0.04555429248914506,-0.04555429248914506
319.4,-0.2,0.21469425570534184,0.21469425570534184
319.405,-0.2,0.5462380396843558,0.5462380396843558
319.41,-0.2,0.5553485377545054,0.5553485377545054
319.415,-0.2,0.4896809856682548,0.4896809856682548
319.42,-0.2,0.2726797436328493,0.2726797436328493
319.425,-0.2,-0.0016615845410556246,-0.0016615845410556246
319.43,-0.2,-0.1358055633174554,-0.1358055633174554
319.435,-0.2,-0.09151658241062183,-0.09151658241062183
319.44,-0.2,0.23543880371388856,0.23543880371388856
319.445,-0.2,0.4537546023815718,0.4537546023815718
319.45,-0.2,0.6806079220317247,0.6806079220317247
319.455,-0.2,0.30598313915321573,0.30598313915321573
319.46,-0.2,0.2663494271588605,0.2663494271588605
319.465,-0.2,0.043874468417084755,0.043874468417084755
319.47,-0.2,-0.11553656092092912,-0.11553656092092912
319.475,-0.2,-0.060962403389505024,-0.060962403389505024
319.48,-0.2,0.18337256696422877,0.18337256696422877
319.485,-0.2,0.5666519486615984,0.5666519486615984
319.49,-0.2,0.5427513117426175,0.5427513117426175
319.495,-0.2,0.4407240343564137,0.4407240343564137
319.5,-0.2,0.17079246374051194,0.17079246374051194
319.505,-0.2,-0.2853767847425911,-0.2853767847425911
319.51,-0.2,-0.08028982685250832,-0.08028982685250832
319.515,-0.2,0.02741958878835521,0.02741958878835521
319.52,-0.2,0.15536497782471959,0.15536497782471959
319.525,-0.2,0.42052215886206223,0.42052215886206223
319.53,-0.2,0.3855221785280787,0.3855221785280787
319.535,-0.2,0.4441724353255868,0.4441724353255868
319.54,-0.2,0.31080588007779675,0.31080588007779675
319.545,-0.2,-0.05052193685500568,-0.05052193685500568
319.55,-0.2,-0.22935592720506404,-0.22935592720506404
319.555,-0.2,-0.04670097560546161,-0.04670097560546161
319.56,-0.2,0.24376923556542357,0.24376923556542357
319.565,-0.2,0.5276641904275483,0.5276641904275483
319.57,-0.2,0.6327945085146058,0.6327945085146058
319.575,-0.2,0.5359251897193335,0.5359251897193335
319.58,-0.2,0.10210632736040452,0.10210632736040452
319.585,-0.2,-0.17710301677187812,-0.17710301677187812
319.59,-0.2,-0.13732492350918485,-0.13732492350918485
319.595,-0.2,0.15714369695878086,0.15714369695878086
319.6,-0.2,0.030964598779897795,0.030964598779897795
319.605,-0.2,0.48795066423721667,0.48795066423721667
319.61,-0.2,0.4595366780743001,0.4595366780743001
319.615,-0.2,0.4765424068873673,0.4765424068873673
319.62,-0.2,0.1751098804785272,0.1751098804785272
319.625,-0.2,-0.12626586635795609,-0.12626586635795609
319.63,-0.2,-0.03335733085717835,-0.03335733085717835
319.635,-0.2,-0.1888470380607521,-0.1888470380607521
319.64,-0.2,0.20966243583634608,0.20966243583634608
319.645,-0.2,0.40666791291346877,0.40666791291346877
319.65,-0.2,0.36873875710088055,0.36873875710088055
319.655,-0.2,0.24950549562101948,0.24950549562101948
319.66,-0.2,0.022785484357580738,0.022785484357580738
319.665,-0.2,-0.09772999274135269,-0.09772999274135269
319.67,-0.2,-0.10507172390326648,-0.10507172390326648
319.675,-0.2,-0.1218891371185284,-0.1218891371185284
319.68,-0.2,0.44875339285098925,0.44875339285098925
319.685,-0.2,0.35050405893736003,0.35050405893736003
319.69,-0.2,0.5021411488777802,0.5021411488777802
319.695,-0.2,0.2664348287939183,0.2664348287939183
319.7,-0.2,0.039717130549430726,0.039717130549430726
319.705,-0.2,0.03830290278701198,0.03830290278701198
319.71,-0.2,-0.19183233698825045,-0.19183233698825045
319.715,-0.2,-0.1629797914464995,-0.1629797914464995
319.72,-0.2,0.06035157757120113,0.06035157757120113
319.725,-0.2,0.4549353521313422,0.4549353521313422
319.73,-0.2,0.4227363677485786,0.4227363677485786
319.735,-0.2,0.36907622696028364,0.36907622696028364
319.74,-0.2,0.04312550486064812,0.04312550486064812
319.745,-0.2,-0.17097189805002966,-0.17097189805002966
319.75,-0.2,-0.26644272056531954,-0.26644272056531954
319.755,-0.2,-0.0027858922622694127,-0.0027858922622694127
319.76,-0.2,0.046462910548123196,0.046462910548123196
319.765,-0.2,0.5038149141711491,0.5038149141711491
319.77,-0.2,0.5179048765299501,0.5179048765299501
319.775,-0.2,0.2983396731540696,0.2983396731540696
319.78,-0.2,0.21482613835869702,0.21482613835869702
319.785,-0.2,0.10234342727451462,0.10234342727451462
319.79,-0.2,-0.31017538599505645,-0.31017538599505645
319.795,-0.2,-0.16048781039280768,-0.16048781039280768
319.8,-0.2,0.2180474455505757,0.2180474455505757
319.805,-0.2,0.2900625037254053,0.2900625037254053
319.81,-0.2,0.491939208645359,0.491939208645359
319.815,-0.2,0.07354973425121403,0.07354973425121403
319.82,-0.2,0.14219468722427736,0.14219468722427736
319.825,-0.2,-0.05957183125682762,-0.05957183125682762
319.83,-0.2,-0.040812721137861135,-0.040812721137861135
319.835,-0.2,-0.05823637058957055,-0.05823637058957055
319.84,-0.2,0.38368294957145355,0.38368294957145355
319.845,-0.2,0.23995345062074502,0.23995345062074502
319.85,-0.2,0.4165803138964345,0.4165803138964345
319.855,-0.2,0.3650967647065447,0.3650967647065447
319.86,-0.2,0.09657926835286572,0.09657926835286572
319.865,-0.2,-0.16822149273516507,-0.16822149273516507
319.87,-0.2,-0.16994665946456433,-0.16994665946456433
319.875,-0.2,-0.06163861657480653,-0.06163861657480653
319.88,-0.2,0.012885743786438753,0.012885743786438753
319.885,-0.2,0.628678737247536,0.628678737247536
319.89,-0.2,0.6300598456401917,0.6300598456401917
319.895,-0.2,0.5266303014723188,0.5266303014723188
319.9,-0.2,-0.09004927754272915,-0.09004927754272915
319.905,-0.2,-0.13636949499744674,-0.13636949499744674
319.91,-0.2,-0.15857481394663325,-0.15857481394663325
319.915,-0.2,-0.2216833017562055,-0.2216833017562055
319.92,-0.2,0.13464994399013813,0.13464994399013813
319.925,-0.2,0.38159925606023176,0.38159925606023176
319.93,-0.2,0.6068744230991653,0.6068744230991653
319.935,-0.2,0.29335969425900144,0.29335969425900144
319.94,-0.2,0.2572676212692226,0.2572676212692226
319.945,-0.2,-0.2642054693356878,-0.2642054693356878
319.95,-0.2,-0.2202792476233562,-0.2202792476233562
319.955,-0.2,0.061967411746652906,0.061967411746652906
319.96,-0.2,0.08805847510045439,0.08805847510045439
319.965,-0.2,0.349494529403904,0.349494529403904
319.97,-0.2,0.4733704430123287,0.4733704430123287
319.975,-0.2,0.39019826296060206,0.39019826296060206
319.98,-0.2,0.20087279460584523,0.20087279460584523
319.985,-0.2,-0.08395962888009513,-0.08395962888009513
319.99,-0.2,-0.17988232492611836,-0.17988232492611836
319.995,-0.2,0.06826508323299707,0.06826508323299707
320.0,-0.2,0.12035745999855305,0.12035745999855305
320.005,-0.2,0.5205196728311383,0.5205196728311383
320.01,-0.2,0.5012337057997686,0.5012337057997686
320.015,-0.2,0.4477440830494687,0.4477440830494687
320.02,-0.2,0.3160226136849149,0.3160226136849149
320.025,-0.2,-0.020171139094568163,-0.020171139094568163
320.03,-0.2,-0.11742916798436095,-0.11742916798436095
320.035,-0.2,-0.1446293873241425,-0.1446293873241425
320.04,-0.2,0.05820070390357798,0.05820070390357798
320.045,-0.2,0.5266675552912228,0.5266675552912228
320.05,-0.2,0.5843865963310749,0.5843865963310749
320.055,-0.2,0.2992544238984267,0.2992544238984267
320.06,-0.2,0.17157541276185903,0.17157541276185903
320.065,-0.2,0.07750665824022024,0.07750665824022024
320.07,-0.2,-0.0365456081503637,-0.0365456081503637
320.075,-0.2,-0.22593176457492423,-0.22593176457492423
320.08,-0.2,0.27624097701074496,0.27624097701074496
320.085,-0.2,0.5655882263308254,0.5655882263308254
320.09,-0.2,0.4662512917300403,0.4662512917300403
320.095,-0.2,0.24904738167734256,0.24904738167734256
320.1,-0.2,0.22236818129185942,0.22236818129185942
320.105,-0.2,0.0636896657964819,0.0636896657964819
320.11,-0.2,-0.4014863842905852,-0.4014863842905852
320.115,-0.2,-0.1755331040909022,-0.1755331040909022
320.12,-0.2,0.282150751069601,0.282150751069601
320.125,-0.2,0.26105353113789254,0.26105353113789254
320.13,-0.2,0.546088802286578,0.546088802286578
320.135,-0.2,0.49017251370406534,0.49017251370406534
320.14,-0.2,0.07544857306794135,0.07544857306794135
320.145,-0.2,-0.10039002981577809,-0.10039002981577809
320.15,-0.2,-0.059846758564666175,-0.059846758564666175
320.155,-0.2,-0.12594764898175387,-0.12594764898175387
320.16,-0.2,0.11954626935053964,0.11954626935053964
320.165,-0.2,0.5556495818900944,0.5556495818900944
320.17,-0.2,0.48051437137082376,0.48051437137082376
320.175,-0.2,0.46290466332555047,0.46290466332555047
320.18,-0.2,0.03861230750453036,0.03861230750453036
320.185,-0.2,-0.009601096712153506,-0.009601096712153506
320.19,-0.2,-0.2252618262324267,-0.2252618262324267
320.195,-0.2,-0.19393544621024317,-0.19393544621024317
320.2,-0.2,0.07198084561117686,0.07198084561117686
320.205,-0.2,0.49312755538562725,0.49312755538562725
320.21,-0.2,0.5500758963101988,0.5500758963101988
320.215,-0.2,0.43470658914082394,0.43470658914082394
320.22,-0.2,0.26141908044476997,0.26141908044476997
320.225,-0.2,-0.18076752634628201,-0.18076752634628201
320.23,-0.2,-0.35521088068443385,-0.35521088068443385
320.235,-0.2,-0.14027689279888544,-0.14027689279888544
320.24,-0.2,0.3736198705705259,0.3736198705705259
320.245,-0.2,0.2552917176968311,0.2552917176968311
320.25,-0.2,0.47975267873928584,0.47975267873928584
320.255,-0.2,0.32749097322762494,0.32749097322762494
320.26,-0.2,0.15413016040007443,0.15413016040007443
320.265,-0.2,-0.15868660666946555,-0.15868660666946555
320.27,-0.2,-0.21282506305213134,-0.21282506305213134
320.275,-0.2,-0.18866650953868852,-0.18866650953868852
320.28,-0.2,0.1572942070856144,0.1572942070856144
320.285,-0.2,0.3675539214790287,0.3675539214790287
320.29,-0.2,0.5442598125131575,0.5442598125131575
320.295,-0.2,0.4414014183943333,0.4414014183943333
320.3,-0.2,0.2738697761583887,0.2738697761583887
320.305,-0.2,-0.18480371402745344,-0.18480371402745344
320.31,-0.2,-0.14439651010833718,-0.14439651010833718
320.315,-0.2,-0.11027171631483676,-0.11027171631483676
320.32,-0.2,0.16647368607819912,0.16647368607819912
320.325,-0.2,0.38225020159359174,0.38225020159359174
320.33,-0.2,0.4244250508526889,0.4244250508526889
320.335,-0.2,0.4602308997925645,0.4602308997925645
320.34,-0.2,0.13725874544437291,0.13725874544437291
320.345,-0.2,0.24776393855063972,0.24776393855063972
320.35,-0.2,-0.38406407727724445,-0.38406407727724445
320.355,-0.2,-0.03367151749961938,-0.03367151749961938
320.36,-0.2,0.18249950577929416,0.18249950577929416
320.365,-0.2,0.48219778293075954,0.48219778293075954
320.37,-0.2,0.4886182604670153,0.4886182604670153
320.375,-0.2,0.5339991871436023,0.5339991871436023
320.38,-0.2,0.19511884003400895,0.19511884003400895
320.385,-0.2,-0.23925566789465985,-0.23925566789465985
320.39,-0.2,-0.1237280770898533,-0.1237280770898533
320.395,-0.2,-0.09708998815878163,-0.09708998815878163
320.4,-0.2,0.09885098905457723,0.09885098905457723
320.405,-0.2,0.41281115528427825,0.41281115528427825
320.41,-0.2,0.7432278788916387,0.7432278788916387
320.415,-0.2,0.5365173372304273,0.5365173372304273
320.42,-0.2,0.3121821909840239,0.3121821909840239
320.425,-0.2,-0.2149240533857709,-0.2149240533857709
320.43,-0.2,-0.3639078035597657,-0.3639078035597657
320.435,-0.2,-0.1723123796631884,-0.1723123796631884
320.44,-0.2,0.4009835806518403,0.4009835806518403
320.445,-0.2,0.5031933709035895,0.5031933709035895
320.45,-0.2,0.6801271529299948,0.6801271529299948
320.455,-0.2,0.5679807630877751,0.5679807630877751
320.46,-0.2,0.23658868842837505,0.23658868842837505
320.465,-0.2,-0.1291743544228824,-0.1291743544228824
320.47,-0.2,0.04056808026221323,0.04056808026221323
320.475,-0.2,-0.07950592774211755,-0.07950592774211755
320.48,-0.2,0.2657574324058266,0.2657574324058266
320.485,-0.2,0.5801363491130714,0.5801363491130714
320.49,-0.2,0.5383530578429244,0.5383530578429244
320.495,-0.2,0.5411958240407113,0.5411958240407113
320.5,-0.2,0.2123655543930056,0.2123655543930056
320.505,-0.2,-0.01439944157940342,-0.01439944157940342
320.51,-0.2,-0.025986013246752926,-0.025986013246752926
320.515,-0.2,-0.06216570000851637,-0.06216570000851637
320.52,-0.2,0.1765406476403263,0.1765406476403263
320.525,-0.2,0.46161399179513335,0.46161399179513335
320.53,-0.2,0.5226846375748448,0.5226846375748448
320.535,-0.2,0.45165965774877603,0.45165965774877603
320.54,-0.2,0.01863949390789582,0.01863949390789582
320.545,-0.2,-0.01186000714394736,-0.01186000714394736
320.55,-0.2,-0.20792665751727252,-0.20792665751727252
320.555,-0.2,0.04903786655954495,0.04903786655954495
320.56,-0.2,0.2060295338944652,0.2060295338944652
320.565,-0.2,0.33574710333997404,0.33574710333997404
320.57,-0.2,0.6147635194769209,0.6147635194769209
320.575,-0.2,0.4808737319814998,0.4808737319814998
320.58,-0.2,0.1895848559131861,0.1895848559131861
320.585,-0.2,-0.19632998323232662,-0.19632998323232662
320.59,-0.2,-0.010030420057185546,-0.010030420057185546
320.595,-0.2,0.036295100897765636,0.036295100897765636
320.6,-0.2,0.4258788464071688,0.4258788464071688
320.605,-0.2,0.7630422896527556,0.7630422896527556
320.61,-0.2,0.5178212411831153,0.5178212411831153
320.615,-0.2,0.6719988445431214,0.6719988445431214
320.62,-0.2,0.18506448972761544,0.18506448972761544
320.625,-0.2,0.16370001489000424,0.16370001489000424
320.63,-0.2,-0.1790442741671964,-0.1790442741671964
320.635,-0.2,-0.017204044866409862,-0.017204044866409862
320.64,-0.2,0.2661909172789337,0.2661909172789337
320.645,-0.2,0.582420633087593,0.582420633087593
320.65,-0.2,0.45220910995911123,0.45220910995911123
320.655,-0.2,0.550051150804088,0.550051150804088
320.66,-0.2,0.390295220871399,0.390295220871399
320.665,-0.2,0.12585155290667577,0.12585155290667577
320.67,-0.2,-0.05973134157010193,-0.05973134157010193
320.675,-0.2,-0.11529326527396548,-0.11529326527396548
320.68,-0.2,0.36340591418394785,0.36340591418394785
320.685,-0.2,0.4671762420906429,0.4671762420906429
320.69,-0.2,0.6127244465505712,0.6127244465505712
320.695,-0.2,0.44316346332095047,0.44316346332095047
320.7,-0.2,0.28147507739516514,0.28147507739516514
320.705,-0.2,-0.016333082943689525,-0.016333082943689525
320.71,-0.2,-0.10267798222399546,-0.10267798222399546
320.715,-0.2,-0.021254322220943825,-0.021254322220943825
320.72,-0.2,0.2033246144297994,0.2033246144297994
320.725,-0.2,0.5135280460776824,0.5135280460776824
320.73,-0.2,0.6165099744925943,0.6165099744925943
320.735,-0.2,0.5796005195547416,0.5796005195547416
320.74,-0.2,0.2854964502997419,0.2854964502997419
320.745,-0.2,-0.07426335380334001,-0.07426335380334001
320.75,-0.2,-0.10242768343776236,-0.10242768343776236
320.755,-0.2,-0.05619353407410614,-0.05619353407410614
320.76,-0.2,0.2563031809465119,0.2563031809465119
320.765,-0.2,0.6447105759448164,0.6447105759448164
320.77,-0.2,0.5526980948297016,0.5526980948297016
320.775,-0.2,0.40385350273906595,0.40385350273906595
320.78,-0.2,0.22581272253065993,0.22581272253065993
320.785,-0.2,0.03728862860443041,0.03728862860443041
320.79,-0.2,-0.05817676681729775,-0.05817676681729775
320.795,-0.2,0.07108456376565425,0.07108456376565425
320.8,-0.2,0.10037955299568688,0.10037955299568688
320.805,-0.2,0.4806508575286931,0.4806508575286931
320.81,-0.2,0.7193984782622753,0.7193984782622753
320.815,-0.2,0.34600080695870605,0.34600080695870605
320.82,-0.2,0.31620940670020475,0.31620940670020475
320.825,-0.2,-0.09119939428549603,-0.09119939428549603
320.83,-0.2,-0.13850858193077403,-0.13850858193077403
320.835,-0.2,-0.04310146737533886,-0.04310146737533886
320.84,-0.2,0.2915990817498984,0.2915990817498984
320.845,-0.2,0.49642987939941274,0.49642987939941274
320.85,-0.2,0.4831665689443598,0.4831665689443598
320.855,-0.2,0.30192464219119897,0.30192464219119897
320.86,-0.2,0.23702404225055193,0.23702404225055193
320.865,-0.2,-0.12574800619435417,-0.12574800619435417
320.87,-0.2,-0.24468686025176797,-0.24468686025176797
320.875,-0.2,-0.11093630365057272,-0.11093630365057272
320.88,-0.2,0.2321086166792535,0.2321086166792535
320.885,-0.2,0.4946465213528339,0.4946465213528339
320.89,-0.2,0.4105211220915551,0.4105211220915551
320.895,-0.2,0.31311744622456944,0.31311744622456944
320.9,-0.2,0.19725202448909232,0.19725202448909232
320.905,-0.2,-0.11736624618609057,-0.11736624618609057
320.91,-0.2,-0.22004129118817034,-0.22004129118817034
320.915,-0.2,0.03752715391644816,0.03752715391644816
320.92,-0.2,0.3228964454052732,0.3228964454052732
320.925,-0.2,0.548008687039276,0.548008687039276
320.93,-0.2,0.46229853674424154,0.46229853674424154
320.935,-0.2,0.4627345534082401,0.4627345534082401
320.94,-0.2,0.03558932082588476,0.03558932082588476
320.945,-0.2,-0.019902942479851,-0.019902942479851
320.95,-0.2,-0.11006125153376087,-0.11006125153376087
320.955,-0.2,-0.15795801640837964,-0.15795801640837964
320.96,-0.2,0.29133142643392596,0.29133142643392596
320.965,-0.2,0.3655953094397601,0.3655953094397601
320.97,-0.2,0.8494248988770421,0.8494248988770421
320.975,-0.2,0.6254811789041846,0.6254811789041846
320.98,-0.2,0.24279106194872202,0.24279106194872202
320.985,-0.2,-0.10488412121135511,-0.10488412121135511
320.99,-0.2,-0.0883376952650395,-0.0883376952650395
320.995,-0.2,0.009735040390795646,0.009735040390795646
321.0,-0.2,0.19731908248118435,0.19731908248118435
321.005,-0.2,0.5100932339452122,0.5100932339452122
321.01,-0.2,0.4744132507239346,0.4744132507239346
321.015,-0.2,0.35629596325297064,0.35629596325297064
321.02,-0.2,0.2765568955656837,0.2765568955656837
321.025,-0.2,-0.00612139340971575,-0.00612139340971575
321.03,-0.2,-0.047080161766897846,-0.047080161766897846
321.035,-0.2,-0.09596596264940709,-0.09596596264940709
321.04,-0.2,0.21660138391286232,0.21660138391286232
321.045,-0.2,0.5945235739109281,0.5945235739109281
321.05,-0.2,0.7451575885117242,0.7451575885117242
321.055,-0.2,0.3743333537175792,0.3743333537175792
321.06,-0.2,0.2638631775152167,0.2638631775152167
321.065,-0.2,0.004805602466624162,0.004805602466624162
321.07,-0.2,-0.22219494392647202,-0.22219494392647202
321.075,-0.2,-0.18488467411301532,-0.18488467411301532
321.08,-0.2,0.41040933382311273,0.41040933382311273
321.085,-0.2,0.5658946484654964,0.5658946484654964
321.09,-0.2,0.4663351161688996,0.4663351161688996
321.095,-0.2,0.5124527179322926,0.5124527179322926
321.1,-0.2,0.14831479613126625,0.14831479613126625
321.105,-0.2,-0.2595447426316815,-0.2595447426316815
321.11,-0.2,-0.1542763806431215,-0.1542763806431215
321.115,-0.2,-0.20659456678044993,-0.20659456678044993
321.12,-0.2,0.17575515337274572,0.17575515337274572
321.125,-0.2,0.6511528472682467,0.6511528472682467
321.13,-0.2,0.41812418912713045,0.41812418912713045
321.135,-0.2,0.4501926528286607,0.4501926528286607
321.14,-0.2,0.283540781806701,0.283540781806701
321.145,-0.2,-0.07866753516286965,-0.07866753516286965
321.15,-0.2,-0.35781100094270407,-0.35781100094270407
321.155,-0.2,-0.14985935513740628,-0.14985935513740628
321.16,-0.2,0.2529863200578849,0.2529863200578849
321.165,-0.2,0.6612951533083712,0.6612951533083712
321.17,-0.2,0.6832327603095445,0.6832327603095445
321.175,-0.2,0.6287891975656483,0.6287891975656483
321.18,-0.2,0.2032766080177582,0.2032766080177582
321.185,-0.2,0.09963911458910646,0.09963911458910646
321.19,-0.2,-0.11054759928532179,-0.11054759928532179
321.195,-0.2,-0.021178012918729054,-0.021178012918729054
321.2,-0.2,0.16691325117314382,0.16691325117314382
321.205,-0.2,0.42146274625052593,0.42146274625052593
321.21,-0.2,0.6833608652349831,0.6833608652349831
321.215,-0.2,0.5362541082069472,0.5362541082069472
321.22,-0.2,0.37819553200060846,0.37819553200060846
321.225,-0.2,-0.20456759666852756,-0.20456759666852756
321.23,-0.2,0.037189969192562955,0.037189969192562955
321.235,-0.2,0.03835537382172796,0.03835537382172796
321.24,-0.2,0.14445654656829382,0.14445654656829382
321.245,-0.2,0.371262648233829,0.371262648233829
321.25,-0.2,0.5698216210311398,0.5698216210311398
321.255,-0.2,0.2791620019351872,0.2791620019351872
321.26,-0.2,0.2557112913903423,0.2557112913903423
321.265,-0.2,0.10525855752836247,0.10525855752836247
321.27,-0.2,-0.16466588824802864,-0.16466588824802864
321.275,-0.2,-0.036580773189269916,-0.036580773189269916
321.28,-0.2,0.1481203787039626,0.1481203787039626
321.285,-0.2,0.3977512247017684,0.3977512247017684
321.29,-0.2,0.38318209888200466,0.38318209888200466
321.295,-0.2,0.3182486903727904,0.3182486903727904
321.3,-0.2,0.0863623348174089,0.0863623348174089
321.305,-0.2,-0.0239788689936265,-0.0239788689936265
321.31,-0.2,-0.13098860232318404,-0.13098860232318404
321.315,-0.2,-0.18086797798087564,-0.18086797798087564
321.32,-0.2,0.330453212473654,0.330453212473654
321.325,-0.2,0.40248496883582896,0.40248496883582896
321.33,-0.2,0.6019585402948596,0.6019585402948596
321.335,-0.2,0.605328669489593,0.605328669489593
321.34,-0.2,0.09895890162766918,0.09895890162766918
321.345,-0.2,0.012444783340086668,0.012444783340086668
321.35,-0.2,-0.14860603092146019,-0.14860603092146019
321.355,-0.2,-0.1374500143308571,-0.1374500143308571
321.36,-0.2,0.2540527545809131,0.2540527545809131
321.365,-0.2,0.29178811766035073,0.29178811766035073
321.37,-0.2,0.517075783937983,0.517075783937983
321.375,-0.2,0.4158410541810252,0.4158410541810252
321.38,-0.2,0.0749234479999229,0.0749234479999229
321.385,-0.2,-0.19083000838793318,-0.19083000838793318
321.39,-0.2,-0.21918642785471273,-0.21918642785471273
321.395,-0.2,-0.029804342720163496,-0.029804342720163496
321.4,-0.2,0.30373762330860843,0.30373762330860843
321.405,-0.2,0.5462706098727643,0.5462706098727643
321.41,-0.2,0.4713158538873755,0.4713158538873755
321.415,-0.2,0.2868976674497107,0.2868976674497107
321.42,-0.2,-0.05187254617046491,-0.05187254617046491
321.425,-0.2,-0.022195899782098502,-0.022195899782098502
321.43,-0.2,-0.3004299152708072,-0.3004299152708072
321.435,-0.2,-0.040425923952760956,-0.040425923952760956
321.44,-0.2,0.40929706497888607,0.40929706497888607
321.445,-0.2,0.3579305110882186,0.3579305110882186
321.45,-0.2,0.2894946595399735,0.2894946595399735
321.455,-0.2,0.5237129668082645,0.5237129668082645
321.46,-0.2,0.10087567693350434,0.10087567693350434
321.465,-0.2,-0.08104276405819061,-0.08104276405819061
321.47,-0.2,-0.19134824733044659,-0.19134824733044659
321.475,-0.2,-0.14182492512642714,-0.14182492512642714
321.48,-0.2,0.32851273107181633,0.32851273107181633
321.485,-0.2,0.4474271083207972,0.4474271083207972
321.49,-0.2,0.5261157996784223,0.5261157996784223
321.495,-0.2,0.28146592922720337,0.28146592922720337
321.5,-0.2,0.11365232127012354,0.11365232127012354
321.505,-0.2,-0.22874441645886218,-0.22874441645886218
321.51,-0.2,-0.14758162920631357,-0.14758162920631357
321.515,-0.2,-0.07723292514906878,-0.07723292514906878
321.52,-0.2,0.1254315187400398,0.1254315187400398
321.525,-0.2,0.5316424663342989,0.5316424663342989
321.53,-0.2,0.5991224822844241,0.5991224822844241
321.535,-0.2,0.41497703057722,0.41497703057722
321.54,-0.2,-0.06931603056860955,-0.06931603056860955
321.545,-0.2,-0.2530356871729765,-0.2530356871729765
321.55,-0.2,-0.3720670166275546,-0.3720670166275546
321.555,-0.2,-0.15975727056419553,-0.15975727056419553
321.56,-0.2,0.05983667990381181,0.05983667990381181
321.565,-0.2,0.5326282963559599,0.5326282963559599
321.57,-0.2,0.5711118255715197,0.5711118255715197
321.575,-0.2,0.4160468121391699,0.4160468121391699
321.58,-0.2,0.19301453201928476,0.19301453201928476
321.585,-0.2,0.06890220898678034,0.06890220898678034
321.59,-0.2,-0.28596173914812495,-0.28596173914812495
321.595,-0.2,-0.33592161693897377,-0.33592161693897377
321.6,-0.2,0.17644936890831545,0.17644936890831545
321.605,-0.2,0.507668679538831,0.507668679538831
321.61,-0.2,0.5030616400430934,0.5030616400430934
321.615,-0.2,0.2621096194268363,0.2621096194268363
321.62,-0.2,0.290350954946072,0.290350954946072
321.625,-0.2,-0.3214483213546866,-0.3214483213546866
321.63,-0.2,-0.22500060201804786,-0.22500060201804786
321.635,-0.2,0.03676529150316994,0.03676529150316994
321.64,-0.2,0.3203977743086227,0.3203977743086227
321.645,-0.2,0.5040348769850413,0.5040348769850413
321.65,-0.2,0.44124152837312713,0.44124152837312713
321.655,-0.2,0.42934511134436715,0.42934511134436715
321.66,-0.2,0.11446214516897871,0.11446214516897871
321.665,-0.2,-0.08258706837827223,-0.08258706837827223
321.67,-0.2,0.07930489291351156,0.07930489291351156
321.675,-0.2,-0.2774827726079675,-0.2774827726079675
321.68,-0.2,0.29158239265350827,0.29158239265350827
321.685,-0.2,0.5681872207938431,0.5681872207938431
321.69,-0.2,0.512753036579596,0.512753036579596
321.695,-0.2,0.45576954381057994,0.45576954381057994
321.7,-0.2,0.2830140655976997,0.2830140655976997
321.705,-0.2,-0.012952437838057634,-0.012952437838057634
321.71,-0.2,-0.1664780645004994,-0.1664780645004994
321.715,-0.2,0.023282170925495192,0.023282170925495192
321.72,-0.2,0.1920704878469429,0.1920704878469429
321.725,-0.2,0.5113783706036383,0.5113783706036383
321.73,-0.2,0.6328956305749691,0.6328956305749691
321.735,-0.2,0.424520921088135,0.424520921088135
321.74,-0.2,0.25541305362133543,0.25541305362133543
321.745,-0.2,0.06741184406709473,0.06741184406709473
321.75,-0.2,-0.16034478223710394,-0.16034478223710394
321.755,-0.2,0.0653564094975102,0.0653564094975102
321.76,-0.2,0.2840374937123794,0.2840374937123794
321.765,-0.2,0.48745801269071365,0.48745801269071365
321.77,-0.2,0.3602704469369993,0.3602704469369993
321.775,-0.2,0.34096432603699284,0.34096432603699284
321.78,-0.2,0.29544825413173764,0.29544825413173764
321.785,-0.2,0.06605304016675148,0.06605304016675148
321.79,-0.2,-0.1288409379531277,-0.1288409379531277
321.795,-0.2,-0.005552170327275914,-0.005552170327275914
321.8,-0.2,0.3473823506967476,0.3473823506967476
321.805,-0.2,0.35119998778737604,0.35119998778737604
321.81,-0.2,0.4201189136884744,0.4201189136884744
321.815,-0.2,0.3937857101997672,0.3937857101997672
321.82,-0.2,0.19490447637429675,0.19490447637429675
321.825,-0.2,-0.029726915958745104,-0.029726915958745104
321.83,-0.2,-0.06717835418336585,-0.06717835418336585
321.835,-0.2,0.09752368441019657,0.09752368441019657
321.84,-0.2,0.2719892377770971,0.2719892377770971
321.845,-0.2,0.6207754965031966,0.6207754965031966
321.85,-0.2,0.6442220577653663,0.6442220577653663
321.855,-0.2,0.3140099173839592,0.3140099173839592
321.86,-0.2,0.3680828257574207,0.3680828257574207
321.865,-0.2,-0.04606964681024746,-0.04606964681024746
321.87,-0.2,-0.10696438990358022,-0.10696438990358022
321.875,-0.2,-0.11239268638831257,-0.11239268638831257
321.88,-0.2,0.2830554617004443,0.2830554617004443
321.885,-0.2,0.6258702252137688,0.6258702252137688
321.89,-0.2,0.3861873604767514,0.3861873604767514
321.895,-0.2,0.5005812912116967,0.5005812912116967
321.9,-0.2,-0.06364290539712655,-0.06364290539712655
321.905,-0.2,0.12322985978419274,0.12322985978419274
321.91,-0.2,-0.2509442871172781,-0.2509442871172781
321.915,-0.2,0.03551515749933895,0.03551515749933895
321.92,-0.2,0.23743723790639026,0.23743723790639026
321.925,-0.2,0.5886981136264289,0.5886981136264289
321.93,-0.2,0.5817133202642588,0.5817133202642588
321.935,-0.2,0.4997968225902256,0.4997968225902256
321.94,-0.2,0.31570012812891757,0.31570012812891757
321.945,-0.2,-0.1949650992347723,-0.1949650992347723
321.95,-0.2,-0.08393603591282128,-0.08393603591282128
321.955,-0.2,-0.16942089851850725,-0.16942089851850725
321.96,-0.2,0.22644118700057894,0.22644118700057894
321.965,-0.2,0.5773507458939294,0.5773507458939294
321.97,-0.2,0.5865274076542942,0.5865274076542942
321.975,-0.2,0.5439704093047202,0.5439704093047202
321.98,-0.2,0.18009255684275743,0.18009255684275743
321.985,-0.2,-0.09123360943199602,-0.09123360943199602
321.99,-0.2,-0.06755819069450614,-0.06755819069450614
321.995,-0.2,0.11736632484459769,0.11736632484459769
322.0,-0.2,0.2622110988864492,0.2622110988864492
322.005,-0.2,0.6323624672507498,0.6323624672507498
322.01,-0.2,0.6198949803065552,0.6198949803065552
322.015,-0.2,0.2588510458583639,0.2588510458583639
322.02,-0.2,0.23723388665126574,0.23723388665126574
322.025,-0.2,-0.05090527597702869,-0.05090527597702869
322.03,-0.2,-0.07543858615648402,-0.07543858615648402
322.035,-0.2,0.10231963936315899,0.10231963936315899
322.04,-0.2,0.2131602490450955,0.2131602490450955
322.045,-0.2,0.6257017293137108,0.6257017293137108
322.05,-0.2,0.6420150883050381,0.6420150883050381
322.055,-0.2,0.44794130440395974,0.44794130440395974
322.06,-0.2,0.19021790559587462,0.19021790559587462
322.065,-0.2,-0.21093236545238164,-0.21093236545238164
322.07,-0.2,-0.2583019443382991,-0.2583019443382991
322.075,-0.2,-0.0029953166256308818,-0.0029953166256308818
322.08,-0.2,0.09393854880230601,0.09393854880230601
322.085,-0.2,0.5264998659759285,0.5264998659759285
322.09,-0.2,0.5345475966764814,0.5345475966764814
322.095,-0.2,0.5040857862108142,0.5040857862108142
322.1,-0.2,0.15027094901876906,0.15027094901876906
322.105,-0.2,-0.04359226047076252,-0.04359226047076252
322.11,-0.2,-0.25665076516995333,-0.25665076516995333
322.115,-0.2,-0.08801546057843065,-0.08801546057843065
322.12,-0.2,-0.07320061402329248,-0.07320061402329248
322.125,-0.2,0.5263138789124487,0.5263138789124487
322.13,-0.2,0.6104867657706766,0.6104867657706766
322.135,-0.2,0.5372845076430239,0.5372845076430239
322.14,-0.2,0.1715524262084516,0.1715524262084516
322.145,-0.2,-0.1395284274877313,-0.1395284274877313
322.15,-0.2,-0.09472335021991671,-0.09472335021991671
322.155,-0.2,-0.21402338787257796,-0.21402338787257796
322.16,-0.2,0.03348875373536481,0.03348875373536481
322.165,-0.2,0.5223350782362935,0.5223350782362935
322.17,-0.2,0.4494426105754322,0.4494426105754322
322.175,-0.2,0.4265328919356316,0.4265328919356316
322.18,-0.2,0.023765991294110958,0.023765991294110958
322.185,-0.2,-0.1244885249371252,-0.1244885249371252
322.19,-0.2,-0.19212539317128297,-0.19212539317128297
322.195,-0.2,-0.17831405252565316,-0.17831405252565316
322.2,-0.2,0.1654492216825574,0.1654492216825574
322.205,-0.2,0.5045914640683716,0.5045914640683716
322.21,-0.2,0.6218819996543239,0.6218819996543239
322.215,-0.2,0.4079235005980571,0.4079235005980571
322.22,-0.2,0.04593226611069362,0.04593226611069362
322.225,-0.2,-0.19539576475602022,-0.19539576475602022
322.23,-0.2,-0.2551068522321025,-0.2551068522321025
322.235,-0.2,0.02043977656293071,0.02043977656293071
322.24,-0.2,0.10866991823776156,0.10866991823776156
322.245,-0.2,0.2874244643351709,0.2874244643351709
322.25,-0.2,0.5247612579697153,0.5247612579697153
322.255,-0.2,0.22795535805409894,0.22795535805409894
322.26,-0.2,-0.014551280921462517,-0.014551280921462517
322.265,-0.2,-0.0692474620524431,-0.0692474620524431
322.27,-0.2,-0.28966618912469494,-0.28966618912469494
322.275,-0.2,-0.029534166076020052,-0.029534166076020052
322.28,-0.2,0.16483383638206064,0.16483383638206064
322.285,-0.2,0.46673050943071215,0.46673050943071215
322.29,-0.2,0.47115591041234367,0.47115591041234367
322.295,-0.2,0.32418049159331674,0.32418049159331674
322.3,-0.2,-0.028401567466082175,-0.028401567466082175
322.305,-0.2,-0.2871967472769563,-0.2871967472769563
322.31,-0.2,-0.25739558590575945,-0.25739558590575945
322.315,-0.2,-0.3316141889307679,-0.3316141889307679
322.32,-0.2,0.33773972928559093,0.33773972928559093
322.325,-0.2,0.2723229427174804,0.2723229427174804
322.33,-0.2,0.656100210647173,0.656100210647173
322.335,-0.2,0.3150300976801597,0.3150300976801597
322.34,-0.2,0.0688437435834594,0.0688437435834594
322.345,-0.2,-0.1427505539528195,-0.1427505539528195
322.35,-0.2,-0.36601508669292354,-0.36601508669292354
322.355,-0.2,-0.14347065081565408,-0.14347065081565408
322.36,-0.2,0.11110394665202769,0.11110394665202769
322.365,-0.2,0.48441155212743203,0.48441155212743203
322.37,-0.2,0.3692805495577254,0.3692805495577254
322.375,-0.2,0.47866848782049615,0.47866848782049615
322.38,-0.2,0.1402764556450428,0.1402764556450428
322.385,-0.2,-0.17524865858872177,-0.17524865858872177
322.39,-0.2,-0.09526346460042112,-0.09526346460042112
322.395,-0.2,-0.007952591314243765,-0.007952591314243765
322.4,-0.2,0.15382459737076778,0.15382459737076778
322.405,-0.2,0.5384411390166366,0.5384411390166366
322.41,-0.2,0.6876699729977184,0.6876699729977184
322.415,-0.2,0.5149320337792217,0.5149320337792217
322.42,-0.2,0.3881887064967513,0.3881887064967513
322.425,-0.2,-0.1147279128736954,-0.1147279128736954
322.43,-0.2,-0.36581187417223515,-0.36581187417223515
322.435,-0.2,0.07467356485561169,0.07467356485561169
322.44,-0.2,0.24434680892420796,0.24434680892420796
322.445,-0.2,0.33102231718920894,0.33102231718920894
322.45,-0.2,0.728626205041238,0.728626205041238
322.455,-0.2,0.49628520812142046,0.49628520812142046
322.46,-0.2,0.4054842304555184,0.4054842304555184
322.465,-0.2,0.1661806644641071,0.1661806644641071
322.47,-0.2,-0.1216842162904136,-0.1216842162904136
322.475,-0.2,-0.06991563490838931,-0.06991563490838931
322.48,-0.2,0.13930337476470986,0.13930337476470986
322.485,-0.2,0.47868448951105347,0.47868448951105347
322.49,-0.2,0.514262566231804,0.514262566231804
322.495,-0.2,0.4340909353646848,0.4340909353646848
322.5,-0.2,0.3177600281340804,0.3177600281340804
322.505,-0.2,-0.053784934497294073,-0.053784934497294073
322.51,-0.2,-0.08623606025065605,-0.08623606025065605
322.515,-0.2,-0.03583373521229738,-0.03583373521229738
322.52,-0.2,0.3668424999887583,0.3668424999887583
322.525,-0.2,0.5535781884425632,0.5535781884425632
322.53,-0.2,0.5485996888335353,0.5485996888335353
322.535,-0.2,0.5656268005471787,0.5656268005471787
322.54,-0.2,0.1958251728019793,0.1958251728019793
322.545,-0.2,-0.07688637642812665,-0.07688637642812665
322.55,-0.2,-0.14929411982633273,-0.14929411982633273
322.555,-0.2,-0.0986802674359486,-0.0986802674359486
322.56,-0.2,0.12997425257815534,0.12997425257815534
322.565,-0.2,0.5314076311807101,0.5314076311807101
322.57,-0.2,0.4815990591236119,0.4815990591236119
322.575,-0.2,0.36357561760171353,0.36357561760171353
322.58,-0.2,0.05274118595760893,0.05274118595760893
322.585,-0.2,-0.01094077013944338,-0.01094077013944338
322.59,-0.2,-0.1850716130807261,-0.1850716130807261
322.595,-0.2,-0.01673654048191087,-0.01673654048191087
322.6,-0.2,0.2578580185220514,0.2578580185220514
322.605,-0.2,0.5656556124239357,0.5656556124239357
322.61,-0.2,0.562112729736279,0.562112729736279
322.615,-0.2,0.3133290954838651,0.3133290954838651
322.62,-0.2,0.05045206911480549,0.05045206911480549
322.625,-0.2,-0.04661203941275098,-0.04661203941275098
322.63,-0.2,-0.1124152628706575,-0.1124152628706575
322.635,-0.2,0.13189192821014556,0.13189192821014556
322.64,-0.2,0.3912418186790608,0.3912418186790608
322.645,-0.2,0.5677723186041422,0.5677723186041422
322.65,-0.2,0.5017085333715897,0.5017085333715897
322.655,-0.2,0.27066762311411924,0.27066762311411924
322.66,-0.2,0.15662188615842942,0.15662188615842942
322.665,-0.2,0.04977580111750894,0.04977580111750894
322.67,-0.2,-0.18576689037814526,-0.18576689037814526
322.675,-0.2,0.078256532609649,0.078256532609649
322.68,-0.2,0.19529936845848767,0.19529936845848767
322.685,-0.2,0.4342582205018536,0.4342582205018536
322.69,-0.2,0.5376917823587807,0.5376917823587807
322.695,-0.2,0.4783934243857426,0.4783934243857426
322.7,-0.2,0.3324449337464792,0.3324449337464792
322.705,-0.2,-0.126106133673624,-0.126106133673624
322.71,-0.2,-0.09907083902222577,-0.09907083902222577
322.715,-0.2,-0.016972452059922427,-0.016972452059922427
322.72,-0.2,0.17901285918726184,0.17901285918726184
322.725,-0.2,0.6098392041668096,0.6098392041668096
322.73,-0.2,0.6908323256777936,0.6908323256777936
322.735,-0.2,0.4767066196384221,0.4767066196384221
322.74,-0.2,0.3030289336140379,0.3030289336140379
322.745,-0.2,-0.04523489703723936,-0.04523489703723936
322.75,-0.2,-0.062291901100248626,-0.062291901100248626
322.755,-0.2,-0.02498915892007712,-0.02498915892007712
322.76,-0.2,0.19700477971008434,0.19700477971008434
322.765,-0.2,0.5905920676206545,0.5905920676206545
322.77,-0.2,0.7453151374730287,0.7453151374730287
322.775,-0.2,0.5000437579848558,0.5000437579848558
322.78,-0.2,0.1356930469979545,0.1356930469979545
322.785,-0.2,0.0803369011931949,0.0803369011931949
322.79,-0.2,0.006505365889103554,0.006505365889103554
322.795,-0.2,-0.16799267097680334,-0.16799267097680334
322.8,-0.2,0.3508898252516747,0.3508898252516747
322.805,-0.2,0.5168309588013803,0.5168309588013803
322.81,-0.2,0.5941084700044917,0.5941084700044917
322.815,-0.2,0.5937137424971725,0.5937137424971725
322.82,-0.2,0.3633455402561059,0.3633455402561059
322.825,-0.2,-0.12425195006675119,-0.12425195006675119
322.83,-0.2,-0.1921883455458615,-0.1921883455458615
322.835,-0.2,0.0598974587325269,0.0598974587325269
322.84,-0.2,0.26624762420188025,0.26624762420188025
322.845,-0.2,0.5158530417661695,0.5158530417661695
322.85,-0.2,0.6334983821267506,0.6334983821267506
322.855,-0.2,0.3851503982064966,0.3851503982064966
322.86,-0.2,0.21755573435953657,0.21755573435953657
322.865,-0.2,0.07313173722053552,0.07313173722053552
322.87,-0.2,0.10369288786429542,0.10369288786429542
322.875,-0.2,0.009391104231323728,0.009391104231323728
322.88,-0.2,0.28669294003490625,0.28669294003490625
322.885,-0.2,0.6518459478435527,0.6518459478435527
322.89,-0.2,0.6306649891123804,0.6306649891123804
322.895,-0.2,0.34413240301700887,0.34413240301700887
322.9,-0.2,0.2583651116788832,0.2583651116788832
322.905,-0.2,-0.123326977506974,-0.123326977506974
322.91,-0.2,-0.09134998784984405,-0.09134998784984405
322.915,-0.2,0.044779901894611694,0.044779901894611694
322.92,-0.2,0.3697806089536446,0.3697806089536446
322.925,-0.2,0.615642961530437,0.615642961530437
322.93,-0.2,0.5573966188710864,0.5573966188710864
322.935,-0.2,0.4340748129035172,0.4340748129035172
322.94,-0.2,0.2976001444186094,0.2976001444186094
322.945,-0.2,-0.11808808005021351,-0.11808808005021351
322.95,-0.2,-0.06394632548995267,-0.06394632548995267
322.955,-0.2,-0.07370038345186997,-0.07370038345186997
322.96,-0.2,0.3162817871141891,0.3162817871141891
322.965,-0.2,0.6544865331569236,0.6544865331569236
322.97,-0.2,0.5128982794319858,0.5128982794319858
322.975,-0.2,0.392534968748642,0.392534968748642
322.98,-0.2,0.3069313395863184,0.3069313395863184
322.985,-0.2,-0.15078255490927345,-0.15078255490927345
322.99,-0.2,-0.15574893556713518,-0.15574893556713518
322.995,-0.2,-0.05630510669174905,-0.05630510669174905
323.0,-0.2,0.19250060802992364,0.19250060802992364
323.005,-0.2,0.5988559195304901,0.5988559195304901
323.01,-0.2,0.636730588997683,0.636730588997683
323.015,-0.2,0.5257792535327367,0.5257792535327367
323.02,-0.2,0.2573323129868545,0.2573323129868545
323.025,-0.2,0.07433121531162344,0.07433121531162344
323.03,-0.2,-0.2146761567834818,-0.2146761567834818
323.035,-0.2,-0.12595966332079006,-0.12595966332079006
323.04,-0.2,0.2556053710556116,0.2556053710556116
323.045,-0.2,0.4888353892694052,0.4888353892694052
323.05,-0.2,0.6191350798216713,0.6191350798216713
323.055,-0.2,0.5013962134194571,0.5013962134194571
323.06,-0.2,0.40281982593653826,0.40281982593653826
323.065,-0.2,-0.0674436421855124,-0.0674436421855124
323.07,-0.2,-0.23735490231191383,-0.23735490231191383
323.075,-0.2,-0.11089012982747301,-0.11089012982747301
323.08,-0.2,0.28311269188362453,0.28311269188362453
323.085,-0.2,0.42582718078486576,0.42582718078486576
323.09,-0.2,0.6009781644971787,0.6009781644971787
323.095,-0.2,0.6711939716066042,0.6711939716066042
323.1,-0.2,0.30251627018679045,0.30251627018679045
323.105,-0.2,-0.1335291483710571,-0.1335291483710571
323.11,-0.2,-0.10281075712144466,-0.10281075712144466
323.115,-0.2,0.03970990080884258,0.03970990080884258
323.12,-0.2,0.24176974292062586,0.24176974292062586
323.125,-0.2,0.3968999921288197,0.3968999921288197
323.13,-0.2,0.7432492261508031,0.7432492261508031
323.135,-0.2,0.3599803368235638,0.3599803368235638
323.14,-0.2,0.4166684263330106,0.4166684263330106
323.145,-0.2,-0.0025711735566795076,-0.0025711735566795076
323.15,-0.2,-0.16192997818458932,-0.16192997818458932
323.155,-0.2,0.033708466526462554,0.033708466526462554
323.16,-0.2,0.4288438484068162,0.4288438484068162
323.165,-0.2,0.6032338844791757,0.6032338844791757
323.17,-0.2,0.7370422141089887,0.7370422141089887
323.175,-0.2,0.5651830041723609,0.5651830041723609
323.18,-0.2,0.33333693746259596,0.33333693746259596
323.185,-0.2,0.023977826337171423,0.023977826337171423
323.19,-0.2,-0.11966120650365375,-0.11966120650365375
323.195,-0.2,-0.06733129145513576,-0.06733129145513576
323.2,-0.2,0.2676070782326372,0.2676070782326372
323.205,-0.2,0.6071668719693565,0.6071668719693565
323.21,-0.2,0.6317007363340221,0.6317007363340221
323.215,-0.2,0.49349491267364176,0.49349491267364176
323.22,-0.2,0.208648090366418,0.208648090366418
323.225,-0.2,-0.03738142361834598,-0.03738142361834598
323.23,-0.2,-0.2728442374814337,-0.2728442374814337
323.235,-0.2,-0.08286558861434384,-0.08286558861434384
323.24,-0.2,0.38766609948270964,0.38766609948270964
323.245,-0.2,0.5780484964618866,0.5780484964618866
323.25,-0.2,0.5351995944208147,0.5351995944208147
323.255,-0.2,0.5046572794569973,0.5046572794569973
323.26,-0.2,0.33379525128920173,0.33379525128920173
323.265,-0.2,-0.0750548597339429,-0.0750548597339429
323.27,-0.2,-0.12244635214814835,-0.12244635214814835
323.275,-0.2,-0.08260347884774735,-0.08260347884774735
323.28,-0.2,0.29686018768541805,0.29686018768541805
323.285,-0.2,0.5650656421177109,0.5650656421177109
323.29,-0.2,0.662406132981614,0.662406132981614
323.295,-0.2,0.5673481024485892,0.5673481024485892
323.3,-0.2,0.2644865634713456,0.2644865634713456
323.305,-0.2,0.09345764356826339,0.09345764356826339
323.31,-0.2,-0.08019178563926432,-0.08019178563926432
323.315,-0.2,0.08654397022042103,0.08654397022042103
323.32,-0.2,0.17800006915000852,0.17800006915000852
323.325,-0.2,0.5871084581661387,0.5871084581661387
323.33,-0.2,0.601053226728111,0.601053226728111
323.335,-0.2,0.5379869069498677,0.5379869069498677
323.34,-0.2,0.18039936701381065,0.18039936701381065
323.345,-0.2,-0.059202600220660595,-0.059202600220660595
323.35,-0.2,0.10197421690446262,0.10197421690446262
323.355,-0.2,-0.04118961025925375,-0.04118961025925375
323.36,-0.2,0.2535791954149055,0.2535791954149055
323.365,-0.2,0.600807673251511,0.600807673251511
323.37,-0.2,0.6148398290571616,0.6148398290571616
323.375,-0.2,0.4953243009327096,0.4953243009327096
323.38,-0.2,0.2604442769440137,0.2604442769440137
323.385,-0.2,0.05325864261755037,0.05325864261755037
323.39,-0.2,-0.04602607538199295,-0.04602607538199295
323.395,-0.2,-0.08585583423434277,-0.08585583423434277
323.4,-0.2,0.2656846301704377,0.2656846301704377
323.405,-0.2,0.5077210553426112,0.5077210553426112
323.41,-0.2,0.6323943035374594,0.6323943035374594
323.415,-0.2,0.45725183649538276,0.45725183649538276
323.42,-0.2,0.2781408017571517,0.2781408017571517
323.425,-0.2,0.042390602849369866,0.042390602849369866
323.43,-0.2,-0.2722219242966542,-0.2722219242966542
323.435,-0.2,0.017956609992101913,0.017956609992101913
323.44,-0.2,0.1558557457526265,0.1558557457526265
323.445,-0.2,0.4712796286349131,0.4712796286349131
323.45,-0.2,0.650679515209362,0.650679515209362
323.455,-0.2,0.4957442893573157,0.4957442893573157
323.46,-0.2,0.3092009804611599,0.3092009804611599
323.465,-0.2,-0.11436707920015615,-0.11436707920015615
323.47,-0.2,-0.026144283727558282,-0.026144283727558282
323.475,-0.2,-0.04222799674254688,-0.04222799674254688
323.48,-0.2,0.21501583560591192,0.21501583560591192
323.485,-0.2,0.5494981548301019,0.5494981548301019
323.49,-0.2,0.39904913786892493,0.39904913786892493
323.495,-0.2,0.3249057504729466,0.3249057504729466
323.5,-0.2,0.2779254373898674,0.2779254373898674
323.505,-0.2,0.06939782450655026,0.06939782450655026
323.51,-0.2,-0.07370450983573278,-0.07370450983573278
323.515,-0.2,-0.012773166578154103,-0.012773166578154103
323.52,-0.2,0.27517904562101586,0.27517904562101586
323.525,-0.2,0.21680094400680827,0.21680094400680827
323.53,-0.2,0.5813232387637286,0.5813232387637286
323.535,-0.2,0.401368455676109,0.401368455676109
323.54,-0.2,0.25801495239020134,0.25801495239020134
323.545,-0.2,0.04134452844833948,0.04134452844833948
323.55,-0.2,-0.05369126944600745,-0.05369126944600745
