t,reference,measured,noisy
406.46,0.2,-1.1559195227169421e-06,-0.037002476930825576
406.465,0.2,-1.7155007873428263e-05,-0.26831500670898834
406.47,0.2,-9.95575944098227e-05,-0.09988494447868337
406.475,0.2,-0.00034776628350516596,-0.09054425032260136
406.48,0.2,-0.0008851761200681413,-0.18099120005161795
406.485,0.2,-0.0018256099691196662,0.16051543224842768
406.49,0.2,-0.003233599834791953,0.15367467104542148
406.495,0.2,-0.005074533049258491,0.3385827297538837
406.5,0.2,-0.007190209592800666,0.15084595796530967
406.505,0.2,-0.00933525661077921,-0.12764819366266697
406.51,0.2,-0.011269159428707013,-0.1569630000857305
406.515,0.2,-0.012849134924571598,-0.3060560403514192
406.52,0.2,-0.014069099455039188,-0.17370579086976282
406.525,0.2,-0.015024383089761239,0.3251082957946759
406.53,0.2,-0.01580690009446458,0.27566247696614266
406.535,0.2,-0.01639987608463644,0.3464404956986134
406.54,0.2,-0.016655712301294017,0.18618326230694793
406.545,0.2,-0.016363794623701227,-0.27079870446152204
406.55,0.2,-0.015372501288266983,-0.3613502386487766
406.555,0.2,-0.013695494839027286,-0.22009947593263982
406.56,0.2,-0.01151305378756587,0.0903474019704544
406.565,0.2,-0.009061405889602296,0.3515615324389762
406.57,0.2,-0.0064927884188727405,0.46073272768472673
406.575,0.2,-0.003797247252741953,0.23671621580972751
406.58,0.2,-0.0008355625395950027,-0.0863897859167869
406.585,0.2,0.002540768642774138,-0.1907077910056716
406.59,0.2,0.006367757921088638,-0.37949781068052935
406.595,0.2,0.010519136201733281,-0.040676654313861166
406.6,0.2,0.014749486366131853,-0.007957776228610998
406.605,0.2,0.01879394540051766,0.17092377096236855
406.61,0.2,0.022455607188658074,0.14807288196835133
406.615,0.2,0.025649669393624633,0.3962280428633873
406.62,0.2,0.02840941484203548,-0.048756682064976
406.625,0.2,0.030836366775056124,-0.16201095572122443
406.63,0.2,0.033003105025356416,-0.2167614033526852
406.635,0.2,0.034886376804376264,-0.11920399562147366
406.64,0.2,0.03638083538344391,0.034077739826287964
406.645,0.2,0.03737346311621604,0.3723810910006663
406.65,0.2,0.03783468601554696,0.253474014046394
406.655,0.2,0.03787166136355175,0.4077620419294862
406.66,0.2,0.03771366386266051,0.12231608389020786
406.665,0.2,0.03764050791797979,-0.07255420646834393
406.67,0.2,0.03787761012428383,-0.29059480466185145
406.675,0.2,0.03850701079838231,-0.14672500432900498
406.68,0.2,0.03946022933417346,0.1542355818389054
406.685,0.2,0.04061169084076543,0.47481512669529413
406.69,0.2,0.0419142234332441,0.5575419931359901
406.695,0.2,0.043481882553803634,0.4129599178925688
406.7,0.2,0.04556447009286812,0.16371323306783797
406.705,0.2,0.0484342772015388,-0.10298149412760323
406.71,0.2,0.052256624036463785,-0.13790291064106147
406.715,0.2,0.05701965794946656,-0.014868329506597375
406.72,0.2,0.06255910269893081,0.1859272023717332
406.725,0.2,0.06865513126044831,0.4484145845239078
406.73,0.2,0.07513831272364165,0.30793998106918796
406.735,0.2,0.08193292327344678,0.14673203702344242
406.74,0.2,0.08901465702457556,0.06974202015767467
406.745,0.2,0.09633111117880458,-0.2119198785093212
406.75,0.2,0.10373728793532595,-0.13913332029166994
406.755,0.2,0.11096972740540731,-0.2587524944529853
406.76,0.2,0.11767701272029957,0.20958322975791438
406.765,0.2,0.1235150677155452,0.39149911100303436
406.77,0.2,0.12827224443526475,0.5036428949964873
406.775,0.2,0.13194131177640323,0.3089265001771877
406.78,0.2,0.13468491533740862,0.09044239205816429
406.785,0.2,0.13672084493413156,-0.1868169116735972
406.79,0.2,0.13819849517426927,-0.15100545545382188
406.795,0.2,0.1391420564571239,0.07664856287760352
406.8,0.2,0.13948935232342427,0.10337550359166195
406.805,0.2,0.13917559668144847,0.24143875560034614
406.81,0.2,0.1382021627355972,0.45083486932976313
406.815,0.2,0.13667459262735845,0.2033485416378739
406.82,0.2,0.13478634704729756,0.01822762037007064
406.825,0.2,0.13273809175251425,-0.08517859539580647
406.83,0.2,0.13065480413823066,-0.01139866432302962
406.835,0.2,0.128562005670385,-0.057545121661324646
406.84,0.2,0.12641313189197326,0.10360549311455176
406.845,0.2,0.12415123408985876,0.5964572861169161
406.85,0.2,0.12179988670885973,0.3841359554183822
406.855,0.2,0.11952922836054948,0.649639522577417
406.86,0.2,0.11763930022566535,0.11440173019236143
406.865,0.2,0.11646279891866493,-0.004018854103859215
406.87,0.2,0.11623094337841765,-0.25881600722151976
406.875,0.2,0.116978391740502,-0.07903329195598591
406.88,0.2,0.11855246848290107,0.24302513148716845
406.885,0.2,0.12071647462098813,0.21389839408388497
406.89,0.2,0.12327311408781957,0.6678956597675295
406.895,0.2,0.12614677931127846,0.34630594395100733
406.9,0.2,0.1293892436742012,0.1659114215384228
406.905,0.2,0.1330959685973663,-0.023202920837370127
406.91,0.2,0.13728689722292306,-0.3229187177402477
406.915,0.2,0.14182683740450638,-0.08008990783818548
406.92,0.2,0.14643606739915374,0.22827953619162245
406.925,0.2,0.15080484729211624,0.5415637667258516
406.93,0.2,0.15473423502446246,0.3160959476810476
406.935,0.2,0.1581869859116607,0.22592030749603065
406.94,0.2,0.161231191972752,0.1768444159698779
406.945,0.2,0.1639541054403134,-0.031155243870784322
406.95,0.2,0.16639302985636684,-0.17925197744184174
406.955,0.2,0.16848786640576066,-0.06453508968993571
406.96,0.2,0.17008316869233245,0.08391953834459374
406.965,0.2,0.1710027241426232,0.5385665759531116
406.97,0.2,0.1711665354747188,0.5186920913082499
406.975,0.2,0.1706743944419934,0.5225662985324722
406.98,0.2,0.16979426735124517,0.2629048999823914
406.985,0.2,0.16886620926301948,0.08795580979462317
406.99,0.2,0.16818104566457048,-0.07528320410780354
406.995,0.2,0.16789000960164469,-0.10695329419280561
407.0,0.2,0.16798446344593662,0.21193719322423746
407.005,0.2,0.1683586167419619,0.3171519526494254
407.01,0.2,0.16891464422784516,0.44555577235983657
407.015,0.2,0.16963294295553571,0.24252005481980926
407.02,0.2,0.17056474976390779,0.16321134585770813
407.025,0.2,0.17176581933124874,-0.10425774623209194
407.03,0.2,0.1732218268047625,-0.011608016757888376
407.035,0.2,0.17481627554016682,0.016720726958935908
407.04,0.2,0.1763558540764833,0.02397675871671287
407.045,0.2,0.1776320695615976,0.47501626111181683
407.05,0.2,0.17850157212911544,0.34987685945163205
407.055,0.2,0.17894965914971925,0.4366370528485555
407.06,0.2,0.17908672046099716,0.1743959998182812
407.065,0.2,0.17908489829010263,0.22832133342499575
407.07,0.2,0.1791036222194037,-0.03003732651075211
407.075,0.2,0.17923337109666695,0.04170887045974294
407.08,0.2,0.17947585532804747,0.19121280111128444
407.085,0.2,0.1797818092967552,0.4300053259534625
407.09,0.2,0.18013252528217064,0.527552861401026
407.095,0.2,0.1806032205087846,0.37082111778169374
407.1,0.2,0.18135118487730462,0.13553162777116276
407.105,0.2,0.18253421151785662,0.07066248685337038
407.11,0.2,0.18422234080999025,-0.09275537889190463
407.115,0.2,0.18635707023502637,0.09442850611578298
407.12,0.2,0.1887751569645817,0.22021420495057856
407.125,0.2,0.1912855417579536,0.4149269794981755
407.13,0.2,0.19376165051441865,0.6164593512305023
407.135,0.2,0.19620616751003658,0.48861352364146554
407.14,0.2,0.19874691707145412,0.18551335782960937
407.145,0.2,0.20155147129623133,0.11112959892660645
407.15,0.2,0.2047183856966393,-0.05650920791975467
407.155,0.2,0.20821293167537003,-0.05508063506109277
407.16,0.2,0.21186956854796746,0.25246727187317297
407.165,0.2,0.21546416791467216,0.4141412912982092
407.17,0.2,0.21882080158847214,0.44631672743805567
407.175,0.2,0.2218771629769319,0.3584959425880603
407.18,0.2,0.22466708788425238,0.07298595113957226
407.185,0.2,0.2272425197275999,0.03922421673868595
407.19,0.2,0.22959104183804502,-0.14241381407375417
407.195,0.2,0.2315971368650028,0.037257527733913526
407.2,0.2,0.23307075711964848,0.3376726664402594
407.205,0.2,0.233839697435361,0.46662885424406986
407.21,0.2,0.233841981134194,0.2393379699091026
407.215,0.2,0.23314404669759844,0.4444440494090539
407.22,0.2,0.23189988941156037,0.2011090647074884
407.225,0.2,0.23029156717788243,-0.07188734733746789
407.23,0.2,0.22844525908700333,-0.23532083687483635
407.235,0.2,0.22636043817029608,0.12807452009379527
407.24,0.2,0.22392622685370264,0.053144472382089636
407.245,0.2,0.2210123221732967,0.46265783094168805
407.25,0.2,0.21756616376423762,0.4475562936021651
407.255,0.2,0.21367028726963763,0.36447982045062705
407.26,0.2,0.20952624648762305,0.16402735486492173
407.265,0.2,0.20536994762231245,-0.020175611529599867
407.27,0.2,0.20137403840714288,-0.06617897753601736
407.275,0.2,0.19759268988578632,-0.006847460356778496
407.28,0.2,0.19397444804886196,0.20818132801237357
407.285,0.2,0.19043207994747832,0.33252693552361984
407.29,0.2,0.186924224759938,0.3622535678793931
407.295,0.2,0.18350007615078603,0.36946768024702364
407.3,0.2,0.180287281848724,0.10777812444917624
407.305,0.2,0.1774277638045078,-0.07329069248133033
407.31,0.2,0.17499681695359393,0.06440765679593619
407.315,0.2,0.17297132192718917,0.12798602120366134
407.32,0.2,0.17126587009095134,0.1489278592301494
407.325,0.2,0.16979389905132988,0.47399703388915415
407.33,0.2,0.16853158384727412,0.5435270802720398
407.335,0.2,0.16756761797284364,0.4205598162810845
407.34,0.2,0.1670903913027716,0.22090717053568462
407.345,0.2,0.16729945708418084,-0.09872512325090475
407.35,0.2,0.1682988966887539,0.09669287702676313
407.355,0.2,0.17004817354273838,-0.018954892723818326
407.36,0.2,0.17239072897241642,0.23548522556828944
407.365,0.2,0.1751292970329915,0.46883809042098323
407.37,0.2,0.17811916349631582,0.5545182130892878
407.375,0.2,0.18133689300758263,0.4860671492442471
407.38,0.2,0.1848663705614335,-0.020982354682229115
407.385,0.2,0.18879439294536765,-0.03391241241221046
407.39,0.2,0.19309618440438556,-0.042275046599443894
407.395,0.2,0.1975986616014986,-0.10352136601222169
407.4,0.2,0.20201971923014198,0.1702416801073428
407.405,0.2,0.20604689611929428,0.2947985342923721
407.41,0.2,0.20943276428936297,0.44958119992808726
407.415,0.2,0.21206957462343673,0.5197759056747602
407.42,0.2,0.21400523293369025,0.18758919955508377
407.425,0.2,0.2153726973079773,-0.2738856475406576
407.43,0.2,0.21626082099988186,0.06919056747025315
407.435,0.2,0.2166438317330945,0.0704238423229393
407.44,0.2,0.21642564542235285,0.19357201343635005
407.445,0.2,0.21552621938996522,0.4351171809206955
407.45,0.2,0.2139568046543973,0.6130700057799247
407.455,0.2,0.21187198230508422,0.4397885981155102
407.46,0.2,0.2095519069299409,0.1131487026115001
407.465,0.2,0.20729741364080706,-0.010207859853567454
407.47,0.2,0.2053030542753138,-0.27690150499534427
407.475,0.2,0.20357980369724396,-0.17324100993837419
407.48,0.2,0.20197036437180002,0.40486459777942196
407.485,0.2,0.20027290724317362,0.4819536164077455
407.49,0.2,0.1983919735366651,0.43824853245959405
407.495,0.2,0.19639879381741235,0.5383544980880802
407.5,0.2,0.19449181538585247,0.13654001051807285
407.505,0.2,0.1929015325154438,-0.029479319065315746
407.51,0.2,0.19177897820458167,-0.0020002690537871404
407.515,0.2,0.19113017877966074,-0.15107535998280539
407.52,0.2,0.19082831741430878,0.2917719576228387
407.525,0.2,0.19069048296441207,0.31271226356245097
407.53,0.2,0.19058365901398638,0.5866932626017651
407.535,0.2,0.19049578875633602,0.28528002154682175
407.54,0.2,0.19052244898806253,0.17695043679334596
407.545,0.2,0.19078870933055841,0.18941195912052147
407.55,0.2,0.1913753506176183,0.001745241381515189
407.555,0.2,0.19228266670660407,0.0332492328442034
407.56,0.2,0.19342397442442855,0.11088744175422222
407.565,0.2,0.19466034987615866,0.41957293408865165
407.57,0.2,0.19587316214975795,0.2935485924967658
407.575,0.2,0.19701890487228776,0.3443792807202883
407.58,0.2,0.1981278209501484,0.2622963464349163
407.585,0.2,0.19925926143970932,-0.08093948529520849
407.59,0.2,0.20042731306692052,-0.21237369710601092
407.595,0.2,0.20153252271910316,0.033533381740312035
407.6,0.2,0.20237462808803058,0.2713819293321042
407.605,0.2,0.20275861683258922,0.5523726573670362
407.61,0.2,0.20261754538081383,0.6234975016287002
407.615,0.2,0.20207252915269389,0.48508423417394514
407.62,0.2,0.2013954610767815,0.22780148324984142
407.625,0.2,0.2008929719206774,-0.04439391767895844
407.63,0.2,0.20077661904084118,-0.036731914497229415
407.635,0.2,0.20109540709303503,0.0822139460954448
407.64,0.2,0.20175971118377242,0.13445580653027925
407.645,0.2,0.20262394057736233,0.5145235591478838
407.65,0.2,0.20358550457941657,0.522548788602637
407.655,0.2,0.20466157265297352,0.6294678568571611
407.66,0.2,0.20599979625842618,0.29776975031896546
407.665,0.2,0.20779906843127408,-0.1641636821425731
407.67,0.2,0.21017095268938235,-0.08743022034681838
407.675,0.2,0.21304537730669607,0.04914300464737398
407.68,0.2,0.21619785688217047,0.1595775886564346
407.685,0.2,0.21935186512510407,0.3176583800745122
407.69,0.2,0.2222784669400062,0.5033193224103557
407.695,0.2,0.22486005449124524,0.3014036146249896
407.7,0.2,0.22709407850785832,0.283277374030542
407.705,0.2,0.22903516578345967,-0.00146899074791987
407.71,0.2,0.2307137921120928,-0.0467631982523018
407.715,0.2,0.23207917123940233,0.05331886362803634
407.72,0.2,0.2330069368520571,0.28918013415813343
407.725,0.2,0.23337379726483376,0.4541330999684271
407.73,0.2,0.2331461740458232,0.4825502155965182
407.735,0.2,0.2324257269066149,0.5388424151359885
407.74,0.2,0.23143178027653596,0.22073742612129382
407.745,0.2,0.23042409601910124,0.04597416546491506
407.75,0.2,0.22959645551907,-0.049519182071045394
407.755,0.2,0.2290020960605269,-0.0667018789622817
407.76,0.2,0.22855151679108127,0.16525700785467928
407.765,0.2,0.2280780595909597,0.2993142042287341
407.77,0.2,0.2274346066954642,0.4386960718732631
407.775,0.2,0.22657035580382234,0.4758907507518696
407.78,0.2,0.22555239319784298,0.2776007635200402
407.785,0.2,0.22451783139157405,-0.0195224317969665
407.79,0.2,0.22357320006198114,-0.13016564806072395
407.795,0.2,0.22270540839116995,-0.10008794425770154
407.8,0.2,0.22177104611923967,0.17542040951564922
407.805,0.2,0.22057706034080826,0.47949963666460316
407.81,0.2,0.21900474031949063,0.5483879737507911
407.815,0.2,0.21709408533414498,0.45241271433588676
407.82,0.2,0.2150303466415703,0.1806027213653873
407.825,0.2,0.2130432148168241,-0.08208070542785639
407.83,0.2,0.21128249690739434,-0.12072358550056261
407.835,0.2,0.20975113163855263,0.12710643579805
407.84,0.2,0.20833508615830865,0.1017458134805238
407.845,0.2,0.20689054873557228,0.4317218195892568
407.85,0.2,0.20533510877847017,0.5794945319547103
407.855,0.2,0.20371011915027207,0.2968318430260016
407.86,0.2,0.20216943059366768,0.263426996031459
407.865,0.2,0.20089332204821106,-0.053268049614799105
407.87,0.2,0.19999204400499224,0.014828576957755163
407.875,0.2,0.19945393261316519,-0.04899671900200789
407.88,0.2,0.199154666242457,0.1368606159602881
407.885,0.2,0.19891591860605293,0.2791986006386699
407.89,0.2,0.198586858102554,0.44859121842079175
407.895,0.2,0.19811031739505414,0.31061334801877455
407.9,0.2,0.1975305509904397,0.18634002893729965
407.905,0.2,0.1969372529458653,0.05041962674293852
407.91,0.2,0.19638865132674937,-0.07570993833200008
407.915,0.2,0.1958606519455678,0.035486077526298315
407.92,0.2,0.19525401277951948,0.3036254708590328
407.925,0.2,0.19446321767631922,0.36264631593209545
407.93,0.2,0.19346212217279057,0.5949216123022842
407.935,0.2,0.1923521953002475,0.40554861940467407
407.94,0.2,0.1913478615768603,0.3387064941654757
407.945,0.2,0.19069594019788916,-0.14985675603073023
407.95,0.2,0.19056356983840503,0.08338759144189725
407.955,0.2,0.1909790239480882,0.25963293523047914
407.96,0.2,0.19187606266662682,0.30024565028234
407.965,0.2,0.19318075301147392,0.392360266461468
407.97,0.2,0.19486644806051415,0.48781482081119804
407.975,0.2,0.19697546220803683,0.4852142889863458
407.98,0.2,0.1996103063467799,0.20459369036896743
407.985,0.2,0.2028729402361998,-0.039850568076653145
407.99,0.2,0.20676868885976127,-0.12411418569407652
407.995,0.2,0.2111427668234879,-0.03824351113981622
408.0,0.2,0.21569970281566142,0.14429456557691833
408.005,0.2,0.22009714121020565,0.4694423087844293
408.01,0.2,0.2240676835205368,0.5273690770226656
408.015,0.2,0.22749279540648162,0.10397103045583561
408.02,0.2,0.23037692005628924,0.4161686149740984
408.025,0.2,0.23277765062703532,0.16260277290312714
408.03,0.2,0.23475283465659832,-0.14301415680118154
408.035,0.2,0.236298915290594,-0.14987383364941123
408.04,0.2,0.23730438872939758,0.17127161031025523
408.045,0.2,0.23759804644055565,0.4329079500669408
408.05,0.2,0.23707265616511264,0.5785608596069249
408.055,0.2,0.23577994820395404,0.4432761757329137
408.06,0.2,0.23391928297453013,-0.009777525896637995
408.065,0.2,0.2317282018588719,0.10197875028687108
408.07,0.2,0.22936915556720455,-0.06877131809323532
408.075,0.2,0.22688361354197414,-0.12963112042664396
408.08,0.2,0.22419822091107122,0.051261140752761974
408.085,0.2,0.22117925372242062,0.5231776575667125
408.09,0.2,0.21774520556105428,0.5074360512622663
408.095,0.2,0.21396546366971275,0.47014280429272604
408.1,0.2,0.21006821749118534,0.5236907256504889
408.105,0.2,0.2063758831269297,0.15319475255102227
408.11,0.2,0.20320538392601836,-0.03415750598697202
408.115,0.2,0.200760201770324,-0.014749464150446482
408.12,0.2,0.19907657444912624,0.07931664778300207
408.125,0.2,0.19806864831794188,0.5863037112816882
408.13,0.2,0.19764135021280618,0.3737606279943484
408.135,0.2,0.1977764654310566,0.382694234757476
408.14,0.2,0.19852587642546987,0.21753985541879511
408.145,0.2,0.19994393347526962,0.03226125098540703
408.15,0.2,0.20201314618023616,-0.10832891529847784
408.155,0.2,0.20459609540288273,0.06231732635677756
408.16,0.2,0.2074496905395213,0.1759366025539295
408.165,0.2,0.21030365757662828,0.4253728136491908
408.17,0.2,0.21296371041455472,0.6968960681020347
408.175,0.2,0.21539232344950168,0.48444395553106734
408.18,0.2,0.21770903794593127,0.19763493962486373
408.185,0.2,0.22009470853468657,0.17100263307834368
408.19,0.2,0.2226710314728793,-0.18679737879517416
408.195,0.2,0.2254202745386037,-0.10188685477886784
408.2,0.2,0.22817558788642858,0.33463562732434393
408.205,0.2,0.2307062753404423,0.3565007037308125
408.21,0.2,0.23284597916298774,0.587241438215881
408.215,0.2,0.23456813368325968,0.4021080031841641
408.22,0.2,0.2359784950659079,0.3711518459034928
408.225,0.2,0.23724437060536402,-0.0123812305459246
408.23,0.2,0.23849319095120736,-0.03337671662952665
408.235,0.2,0.239733272858605,-0.025106509087755705
408.24,0.2,0.24084633457507942,0.14330368440200753
408.245,0.2,0.24164980874412104,0.2566648663596841
408.25,0.2,0.24198907776867287,0.5955928860111454
408.255,0.2,0.2418248007063581,0.5426953680022674
408.26,0.2,0.24126134502670007,0.042386483270808045
408.265,0.2,0.24047054161237974,0.10991363654911562
408.27,0.2,0.23957383328725965,-0.04248435364010756
408.275,0.2,0.2385807411896227,-0.08542866921336226
408.28,0.2,0.23739658580315987,0.2506005772395754
408.285,0.2,0.23589139081480387,0.5242754217120414
408.29,0.2,0.2340051188421629,0.3509642587246079
408.295,0.2,0.23180550523792462,0.45659892609746
408.3,0.2,0.22946211700608898,0.21861759819689672
408.305,0.2,0.2271709515705503,-0.07955522330368922
408.31,0.2,0.2250612561520366,-0.021855377245943775
408.315,0.2,0.22313441120590352,-0.013427700355793791
408.32,0.2,0.22128162731125225,0.2421621997191041
408.325,0.2,0.21936127110260062,0.2860135459271459
408.33,0.2,0.21728978806789329,0.6997128086011372
408.335,0.2,0.2151116291259678,0.37131783056914963
408.34,0.2,0.2130002822039525,0.21656473857821085
408.345,0.2,0.21117012485954298,0.021330730396700172
408.35,0.2,0.20976229431087579,-0.09486003079550906
408.355,0.2,0.2087808718370943,0.032287233842319886
408.36,0.2,0.20810161146805703,0.05668963478210917
408.365,0.2,0.20753365060812687,0.25342402092016303
408.37,0.2,0.20690217903122454,0.477081094945528
408.375,0.2,0.2061239937572393,0.37949102174195354
408.38,0.2,0.20522800198872268,0.03896388140025772
408.385,0.2,0.2042843997888938,-0.14606113499910928
408.39,0.2,0.20329700826946775,-0.07812098595434395
408.395,0.2,0.2021613897937953,0.1444139644387271
408.4,0.2,0.2007199092062021,0.2495967312682968
408.405,0.2,0.1988498988504296,0.22802604659617484
408.41,0.2,0.19652188821421318,0.5743025249362885
408.415,0.2,0.1938281562789975,0.3818376515202637
408.42,0.2,0.19097908077900502,0.3091953904527101
408.425,0.2,0.18824301932589738,0.09375703055223605
408.43,0.2,0.18585430128539485,0.03773695903406871
408.435,0.2,0.18394352637457795,-0.024925734368918408
408.44,0.2,0.1825218398618261,0.23427753938290166
408.445,0.2,0.1815316804867781,0.47137812653614647
408.45,0.2,0.1809395578993588,0.4753291229712394
408.455,0.2,0.18079880995414227,0.35160099753639207
408.46,0.2,0.18122848104645306,0.0970941242383971
408.465,0.2,0.18232850017465732,-0.004983133537187944
408.47,0.2,0.18409805689378564,-0.0049766411914642095
408.475,0.2,0.18641119364198183,0.074931033794864
408.48,0.2,0.189054196473796,0.17568397249953369
408.485,0.2,0.1917954978467476,0.36638011601869946
408.49,0.2,0.19446483077403617,0.6073973997145411
408.495,0.2,0.1970146436730259,0.3140580739738078
408.5,0.2,0.1995109169206006,0.11964104056497984
408.505,0.2,0.20204066639238485,-0.06981030643399116
408.51,0.2,0.20460459541926715,-0.19276215533831076
408.515,0.2,0.20705912560308357,-0.22898379484173634
408.52,0.2,0.2091323998534928,0.27499236965935253
408.525,0.2,0.2105275850934136,0.45325108290877536
408.53,0.2,0.21106432179418777,0.4783792232258617
408.535,0.2,0.21075469336232147,0.43610567369736747
408.54,0.2,0.2097748181863381,0.2129247003405384
408.545,0.2,0.2083745926570287,0.14414727156392884
408.55,0.2,0.20678023536480694,-0.02903383375318977
408.555,0.2,0.20512851244773606,0.046975115449015496
408.56,0.2,0.2034578852590602,0.27571018319248664
408.565,0.2,0.2017664233294508,0.5081796635087236
408.57,0.2,0.20009602563018705,0.2990627895951744
408.575,0.2,0.19856565350138686,0.35208583431552265
408.58,0.2,0.19733559657237676,0.18140967967044916
408.585,0.2,0.19654637048622342,0.028534994280666547
408.59,0.2,0.1962549586488676,-0.20348554852601125
408.595,0.2,0.19638518097548077,0.019796381061227383
408.6,0.2,0.19674319825866687,0.30965903897689645
408.605,0.2,0.19711998228260913,0.5618251293072007
408.61,0.2,0.19741651939234475,0.5728775742418731
408.615,0.2,0.19770003739085618,0.3983722520277623
408.62,0.2,0.19816076076119246,0.2816792965909024
408.625,0.2,0.19900374165245902,-0.18941612271083916
408.63,0.2,0.2003268831647352,-0.12715919575876972
408.635,0.2,0.2020518649337183,0.06930778706788855
408.64,0.2,0.203956512058309,0.011136550646809129
408.645,0.2,0.20577136794154718,0.4398691849250122
408.65,0.2,0.20728655202483579,0.5825845474756125
408.655,0.2,0.20843967876569824,0.44549472544407104
408.66,0.2,0.2093251020234626,0.16613197889089262
408.665,0.2,0.2101056247210268,0.11466457104805505
408.67,0.2,0.21090237005592674,-0.05967616637293156
408.675,0.2,0.21172655610813715,-0.16382924665509058
408.68,0.2,0.2124626354977224,0.10211146548783578
408.685,0.2,0.21291612732483114,0.3252199468908502
408.69,0.2,0.21291613376961466,0.39047504900780194
408.695,0.2,0.21240254258700714,0.408382915390958
408.7,0.2,0.21143963610961358,0.1561238009457686
408.705,0.2,0.21015403343436068,-0.06491912853540452
408.71,0.2,0.20863091327053646,-0.29141143342221854
408.715,0.2,0.2068288248037767,-0.1485906497355861
408.72,0.2,0.20457895420886882,0.20132847269243562
408.725,0.2,0.20169152712341476,0.6049785660711003
408.73,0.2,0.19809730713679674,0.2494219188676016
408.735,0.2,0.19389806558643424,0.24519848067441777
408.74,0.2,0.18930257552535523,0.22021239907024298
408.745,0.2,0.1845385730879603,-0.03806000881240489
408.75,0.2,0.1797860435819313,-0.0582231099266953
408.755,0.2,0.17513258863865339,0.03356856609314755
408.76,0.2,0.17058458696181014,0.33863232621562256
408.765,0.2,0.16613494519454142,0.16597856189209273
408.77,0.2,0.16182800799826727,0.5503375568756814
408.775,0.2,0.15778810985373565,0.2645942733032474
408.78,0.2,0.15420646592657744,0.19085554403418964
408.785,0.2,0.151274383217083,-0.1262133231253786
408.79,0.2,0.14909039876239777,-0.1153653470184055
408.795,0.2,0.1476086856516377,0.0287723793138428
408.8,0.2,0.14666605343770317,0.09241754130172802
408.805,0.2,0.1460603972590983,0.271929526336226
408.81,0.2,0.1456361884352089,0.5555253450455675
408.815,0.2,0.14535005413712296,0.2620787938715381
408.82,0.2,0.14526995588188696,0.07584796282495675
408.825,0.2,0.14548396518620177,-0.26012440530672065
408.83,0.2,0.14597979888297888,-0.2879197932644109
408.835,0.2,0.14658089386533796,-0.19870366591486288
408.84,0.2,0.14697897587737438,0.08036082677200129
408.845,0.2,0.1468475444277537,0.40239372038839083
408.85,0.2,0.14597792490122655,0.45597406938491575
408.855,0.2,0.14435885811356763,0.2905511475352796
408.86,0.2,0.14215090842459904,0.13754399331438433
408.865,0.2,0.1395840169575861,-0.06850000601926676
408.87,0.2,0.13684349308371818,-0.2717101143985273
408.875,0.2,0.13399220732770695,-0.11906075875029719
408.88,0.2,0.13096822070513,0.1275971495872784
408.885,0.2,0.12766592487947223,0.2746457968049337
408.89,0.2,0.12403912420785916,0.28584369201657844
408.895,0.2,0.12015109527768232,0.2277400232213565
408.9,0.2,0.11615084872652859,-0.01664494067547459
408.905,0.2,0.1122031505155394,0.020355015313924488
408.91,0.2,0.10841750657617476,-0.25077493598724687
408.915,0.2,0.10480324682184576,-0.17888543371893115
408.92,0.2,0.10126352318916533,-0.0116947363050688
408.925,0.2,0.0976497644458849,0.2940233987421336
408.93,0.2,0.093864672525468,0.4053248074565376
408.935,0.2,0.08994454127992449,0.2676798167550745
408.94,0.2,0.08604841375465873,-0.16652062554452213
408.945,0.2,0.08235100415552152,-0.18385345731567734
408.95,0.2,0.078928430070691,-0.20498665501986782
408.955,0.2,0.07572304259498222,-0.15927833155886173
408.96,0.2,0.07258159319819814,-0.04999617177698529
408.965,0.2,0.06933026862865205,0.35810883423564266
408.97,0.2,0.0658781543768312,0.5574637953665246
408.975,0.2,0.06230422147219888,0.2129415254182414
408.98,0.2,0.05884211283323255,0.07549756685847733
408.985,0.2,0.0557565999277979,-0.3408710160260965
408.99,0.2,0.053208488922381704,-0.06535104667821051
408.995,0.2,0.051207453803405294,0.02154740298139815
409.0,0.2,0.04966057869889493,-0.1280105587835994
409.005,0.2,0.04844073788748307,0.24071549777662685
409.01,0.2,0.047441666007844,0.23156550330059014
409.015,0.2,0.04662913968119273,0.24864898433335697
409.02,0.2,0.046047478080210404,-0.14250975067551921
409.025,0.2,0.04575150497573747,-0.20270019270916
409.03,0.2,0.04571863159949732,-0.19457762241918625
409.035,0.2,0.04581844240521621,-0.10889431517473169
409.04,0.2,0.04585545590097159,0.10065541467910112
409.045,0.2,0.04565056866351294,0.2595922376591084
409.05,0.2,0.045121118121210384,0.3190745124676131
409.055,0.2,0.04432020231937184,0.24123899630369622
409.06,0.2,0.04340765881151731,-0.08423109003749235
409.065,0.2,0.04256386330649258,-0.030165644588727197
409.07,0.2,0.04190225237800058,-0.241601636145878
409.075,0.2,0.04143249952299019,0.029425774586213232
409.08,0.2,0.04108200817345433,-0.04768397957067494
409.085,0.2,0.040750203252357196,0.14988381261091607
409.09,0.2,0.04036622191837568,0.28468942925797475
409.095,0.2,0.03992800771557216,0.0028791095557210433
409.1,0.2,0.03949056318785077,-0.05050367301345608
409.105,0.2,0.0390969230616536,-0.3694148871973033
409.11,0.2,0.03870794361154801,-0.06352226881436401
409.115,0.2,0.0381834853651937,-0.4536288503733875
409.12,0.2,0.03731159421728244,0.11139816003387525
409.125,0.2,0.03587463190490589,0.08794025585070285
409.13,0.2,0.033743935451164345,0.39825096115747216
409.135,0.2,0.030949965926646863,0.15823531476041489
409.14,0.2,0.027671454231887258,0.007415366496625265
409.145,0.2,0.024143462144951527,-0.31226326666192916
409.15,0.2,0.020534020358109903,-0.44996782979263206
409.155,0.2,0.01686500133378296,-0.12240991963546442
409.16,0.2,0.013037929771851083,0.04458898399948393
409.165,0.2,0.008941529548204591,0.12069056649963084
409.17,0.2,0.004552810182530812,0.37535003906704
409.175,0.2,-1.5608244768776662e-05,0.1808489004098659
409.18,0.2,-0.004529009200573842,0.1060863605402706
409.185,0.2,-0.008705202462632112,-0.1645128108982384
409.19,0.2,-0.012321520506137015,-0.41884030447264575
409.195,0.2,-0.015300051814849407,-0.1098541133496238
409.2,0.2,-0.017713192744827466,-0.12833788236984356
409.205,0.2,-0.01970480794390641,0.23384032578811093
409.21,0.2,-0.021389127905440588,0.15398108904994479
409.215,0.2,-0.022790825348201413,0.11536089161970241
409.22,0.2,-0.023854864657260746,-0.03362211985767716
409.225,0.2,-0.02451614176772177,-0.43638171755982436
409.23,0.2,-0.024798049179320585,-0.5183071116315695
409.235,0.2,-0.02487777339427787,-0.1428737285346544
409.24,0.2,-0.02504717041888202,-0.11901955974349242
409.245,0.2,-0.02559462865041121,0.17598103788600558
409.25,0.2,-0.026704148922840135,-0.001965700119467839
409.255,0.2,-0.028424763480585664,0.03319542555464708
409.26,0.2,-0.03070442086545954,-0.15441762537373938
409.265,0.2,-0.03346411219578343,-0.5483411128091409
409.27,0.2,-0.036687845844771756,-0.3987097866635416
409.275,0.2,-0.04046826227705619,-0.192541696444829
409.28,0.2,-0.04495584683761826,-0.08994112030937766
409.285,0.2,-0.050256969188420125,0.1365908275135508
409.29,0.2,-0.05635773874349667,0.044787637154242416
409.295,0.2,-0.06310201677645443,0.1690732267128077
409.3,0.2,-0.07021846194308867,-0.06100895806878949
409.305,0.2,-0.07738448479031836,-0.19259436760365023
409.31,0.2,-0.08432067650557627,-0.6170758374961265
409.315,0.2,-0.09088731268475066,-0.3610365602506003
409.32,0.2,-0.09710378147532255,0.06717567099468563
409.325,0.2,-0.1030513502287686,-0.008636382963367092
409.33,0.2,-0.10875266626605797,0.11840094361280146
409.335,0.2,-0.11412868467501408,0.03053608055732278
409.34,0.2,-0.11903514483620818,-0.4162479137590711
409.345,0.2,-0.12335010263391899,-0.2939873051833063
409.35,0.2,-0.12705662366411744,-0.4334947060655489
409.355,0.2,-0.13026013909885556,-0.2946004730197924
409.36,0.2,-0.13313909600730597,0.059343597828775435
409.365,0.2,-0.13584886627195436,0.19808814589801743
409.37,0.2,-0.13842462664277583,0.13692829102523307
409.375,0.2,-0.14075580135565774,0.028226289468678264
409.38,0.2,-0.14264411080362435,-0.11108177764967184
409.385,0.2,-0.14390452457308034,-0.5885080966452304
409.39,0.2,-0.14447668010643275,-0.5351228780611099
409.395,0.2,-0.14449121648171118,-0.3982439861931534
409.4,0.2,-0.14423467819282465,-0.28678088712303107
409.405,0.2,-0.1440408823592331,-0.01862740662749318
409.41,0.2,-0.1441767996372632,0.07530741698107146
409.415,0.2,-0.14476278770847867,0.14265674932764677
409.42,0.2,-0.14576116507259887,-0.2991504707450136
409.425,0.2,-0.14705428928113828,-0.4149890013916522
409.43,0.2,-0.14856484857848268,-0.5018010903761017
409.435,0.2,-0.15032860325075142,-0.44088575280234465
409.44,0.2,-0.1524768377538365,-0.08235130989172255
409.445,0.2,-0.15514849789666094,-0.04018184976632415
409.45,0.2,-0.15839027275869766,0.13652389875082374
409.455,0.2,-0.16210487738811188,0.04108715446672578
409.46,0.2,-0.16607041033872028,-0.20626184061482963
409.465,0.2,-0.17002193403395202,-0.32495284097157073
409.47,0.2,-0.17375471730221614,-0.5103721503938208
409.475,0.2,-0.17719112694876285,-0.3417462485825849
409.48,0.2,-0.18037695700368553,-0.2547005183300637
409.485,0.2,-0.18341021125907245,0.11034803013601988
409.49,0.2,-0.186338781760307,0.13672869548152522
409.495,0.2,-0.1890848245000473,0.16517285873610882
409.5,0.2,-0.19144980953286558,-0.2958682163687387
409.505,0.2,-0.1932115216005846,-0.42592514238533274
409.51,0.2,-0.1942497035914548,-0.46148951963593104
409.515,0.2,-0.1946091275054237,-0.42788330039632383
409.52,0.2,-0.19447063266736955,-0.1502406483379966
409.525,0.2,-0.1940597243030009,0.018273625366851128
409.53,0.2,-0.19353777232172448,0.18604753544150215
409.535,0.2,-0.192933785895144,-0.06405694850135044
409.54,0.2,-0.19215826392568702,-0.0677153541560544
409.545,0.2,-0.19108546557430067,-0.5058298171358684
409.55,0.2,-0.18965618100153414,-0.4447467817315817
409.555,0.2,-0.18794752443281107,-0.5125057864869758
409.56,0.2,-0.18616927968577404,-0.26878462698897243
409.565,0.2,-0.18458538013130005,0.04848657244063846
409.57,0.2,-0.18339467780742347,0.187459121131902
409.575,0.2,-0.1826352626622482,0.09302044287758848
409.58,0.2,-0.18217888703645538,-0.13790829373576968
409.585,0.2,-0.18182321234259982,-0.4808776339878073
409.59,0.2,-0.18142442996974917,-0.5293295725712038
409.595,0.2,-0.18098166956177475,-0.2766894581282471
409.6,0.2,-0.18061237689590415,-0.12761586557469184
409.605,0.2,-0.18044805810907819,0.10133216688401608
409.61,0.2,-0.180531284025702,0.15226157570669918
409.615,0.2,-0.18077012624984262,-0.0078064206261478745
409.62,0.2,-0.18096940811658335,-0.13890446222219
409.625,0.2,-0.18091845001973617,-0.3691587725538207
409.63,0.2,-0.18048402014425624,-0.37893992745983207
409.635,0.2,-0.17966605013753287,-0.5130216786994466
409.64,0.2,-0.17859218862176585,-0.01906991592098753
409.645,0.2,-0.1774383401584421,0.06044194588389957
409.65,0.2,-0.17632361676880473,-0.16049290620197043
409.655,0.2,-0.17526979849174687,0.0751272019724097
409.66,0.2,-0.1742298338720408,-0.2597608885630133
409.665,0.2,-0.17314301718264408,-0.442427265429456
409.67,0.2,-0.17201019449200539,-0.5287714046949834
409.675,0.2,-0.17094978118274862,-0.4127961210718087
409.68,0.2,-0.17018066926731956,-0.2616143186863458
409.685,0.2,-0.16994107274318412,-0.03589118937161861
409.69,0.2,-0.17038962117924833,0.1104110986749465
409.695,0.2,-0.1715385869047412,-0.06275284207728045
409.7,0.2,-0.17326512852478693,-0.3018313530918838
409.705,0.2,-0.17540454659615068,-0.5614495631995811
409.71,0.2,-0.17786277807507223,-0.4864126670525667
409.715,0.2,-0.18066818017268163,-0.44228775394596764
409.72,0.2,-0.18393615938319616,-0.17032459925270668
409.725,0.2,-0.18777528081987407,0.09525428046698331
409.73,0.2,-0.19218317452105899,0.12578028402612068
409.735,0.2,-0.1969899868810561,0.07755149076849216
409.74,0.2,-0.20188785009382126,-0.20678177129192377
409.745,0.2,-0.20653654566573212,-0.5220725690361826
409.75,0.2,-0.21068851994918114,-0.3499551042027168
409.755,0.2,-0.214256707358857,-0.5593594274480715
409.76,0.2,-0.21729639257091707,-0.08985910595786066
409.765,0.2,-0.21992234047362702,0.0008609987219687885
409.77,0.2,-0.22220191699906083,0.08872372347072123
409.775,0.2,-0.22408955795030683,0.04327180261975716
409.78,0.2,-0.22543603786122993,-0.05054539211320502
409.785,0.2,-0.2260517232971076,-0.3273732096201576
409.79,0.2,-0.2257966379856429,-0.44339487059336474
409.795,0.2,-0.22465946604175532,-0.44968661025828016
409.8,0.2,-0.2227739022181723,-0.17665208692574866
409.805,0.2,-0.22035288561088487,-0.010266495767935372
409.81,0.2,-0.21757987621343886,0.18217727818052265
409.815,0.2,-0.21452574258871424,0.057407017423811824
409.82,0.2,-0.2111437079194704,-0.18876060695001326
409.825,0.2,-0.2073475919430587,-0.39389599264119074
409.83,0.2,-0.2031156846277265,-0.3464166016118783
409.835,0.2,-0.1985559714172859,-0.7578438249657282
409.84,0.2,-0.19391228196688234,0.0039506243917551975
409.845,0.2,-0.18949186629350764,-0.11839804222219437
409.85,0.2,-0.18553791462264038,0.17101387749085173
409.855,0.2,-0.18214244641371766,0.03225933345542321
409.86,0.2,-0.17924632112575983,-0.06767691427935099
409.865,0.2,-0.17670786404522618,-0.39216517608629725
409.87,0.2,-0.17441524009863069,-0.6898601690913163
409.875,0.2,-0.17238867375190323,-0.3997968784870974
409.88,0.2,-0.17078858354174126,-0.13703303923943339
409.885,0.2,-0.1698115251712903,-0.009079635053372219
409.89,0.2,-0.1695705025002232,-0.06720029199742611
409.895,0.2,-0.1700486845059079,0.02440652349324171
409.9,0.2,-0.17112329518767716,-0.2842027954868005
409.905,0.2,-0.17262833558639762,-0.2705072193493177
409.91,0.2,-0.1744253698512717,-0.3678662223846725
409.915,0.2,-0.1764421067442069,-0.2638399969281423
409.92,0.2,-0.17866266608939307,-0.18065426675250615
409.925,0.2,-0.1810795119710202,0.11495755719435154
409.93,0.2,-0.1836191527085317,0.3310841825867168
409.935,0.2,-0.18608183276195556,-0.02024654817659969
409.94,0.2,-0.1881609735323418,-0.042263130313977354
409.945,0.2,-0.189546421980907,-0.4589273861559906
409.95,0.2,-0.19005103735620302,-0.6884900079174361
409.955,0.2,-0.18969669045662768,-0.30973000157141817
409.96,0.2,-0.18869199716161925,-0.1260539330284391
409.965,0.2,-0.18730216460582236,0.09796583656657615
409.97,0.2,-0.18571563417714246,0.039537944889805665
409.975,0.2,-0.18398952741747043,0.07263832548694
409.98,0.2,-0.18207334740336986,-0.18741069671179483
409.985,0.2,-0.17988500744254285,-0.4258289558963651
409.99,0.2,-0.17740939176664688,-0.5264210662082094
409.995,0.2,-0.17475855491655534,-0.193192051691423
410.0,0.2,-0.17214126824814424,-0.25275051131830634
410.005,0.2,-0.16977361851082182,0.044666938223516806
410.01,0.2,-0.1677963512834295,0.0731475710843851
410.015,0.2,-0.1662218826791196,0.23011865296914455
410.02,0.2,-0.16492130660836685,0.00032107299180966775
410.025,0.2,-0.16367871525109778,-0.4274435381955392
410.03,0.2,-0.16230838515301355,-0.352207034708384
410.035,0.2,-0.16076060120756822,-0.5973945322053617
410.04,0.2,-0.15914524051671722,-0.1768719810857488
410.045,0.2,-0.15766097898893366,0.09773758769145054
410.05,0.2,-0.15646323359554576,0.22886792220057328
410.055,0.2,-0.1555605807764502,0.026588497115429263
410.06,0.2,-0.15481980574305568,-0.12469257456895355
410.065,0.2,-0.15405840603347037,-0.2880743010603731
410.07,0.2,-0.1531507583266005,-0.5187751717658254
410.075,0.2,-0.15210046148714873,-0.4253212173473492
410.08,0.2,-0.15104931080557552,-0.24645379393155142
410.085,0.2,-0.1502067736432086,0.05241345205919786
410.09,0.2,-0.14973250658912018,0.19709424133246012
410.095,0.2,-0.14964324251921382,0.11780660969018182
410.1,0.2,-0.14980609427177027,-0.18080359068085985
410.105,0.2,-0.15002599670688724,-0.36246602943488576
410.11,0.2,-0.15016480359520398,-0.42540087431819523
410.115,0.2,-0.15021102470129027,-0.35096934897381044
410.12,0.2,-0.15026676272272052,-0.14768630894968093
410.125,0.2,-0.15046800886951633,0.13640862774101864
410.13,0.2,-0.150879153336832,0.23441272262045598
410.135,0.2,-0.1514244513867851,0.02360706780669663
410.14,0.2,-0.1519107078924176,-0.15997727497382533
410.145,0.2,-0.1521228393866227,-0.22017482522890844
410.15,0.2,-0.15191887023571932,-0.4250710772904097
410.155,0.2,-0.15128488388113587,-0.44441741640229426
410.16,0.2,-0.1503417618017479,-0.1640029721080114
410.165,0.2,-0.14928740540422475,-0.053560694219515106
410.17,0.2,-0.14829142601038736,0.27771505457411627
410.175,0.2,-0.1474059744593045,-0.004152508478249592
410.18,0.2,-0.14656006533075172,-0.2596296988005144
410.185,0.2,-0.14564304285929805,-0.17426645784948777
410.19,0.2,-0.14459885077786933,-0.5138245746953013
410.195,0.2,-0.14347319876225645,-0.2977927678190053
410.2,0.2,-0.142411468359601,-0.29804407411774964
410.205,0.2,-0.14160692037630415,-0.038989626010082226
410.21,0.2,-0.1412189685387753,0.04808182425030744
410.215,0.2,-0.1413054505872349,0.03428263778007719
410.22,0.2,-0.1418114317162969,-0.25487076708283185
410.225,0.2,-0.1426310919099971,-0.3859104093559333
410.23,0.2,-0.14370259865177898,-0.5180861276989053
410.235,0.2,-0.14506844495278465,-0.3901404559298814
410.24,0.2,-0.14685618161255043,0.012104534350106583
410.245,0.2,-0.14918270023916777,0.04242874305059876
410.25,0.2,-0.15204410409370536,0.353559384611691
410.255,0.2,-0.15526622861274733,-0.09412830369468178
410.26,0.2,-0.15855669439045084,-0.3025537903923947
410.265,0.2,-0.16163734464954016,-0.4833696823948932
410.27,0.2,-0.16436468555460476,-0.4571433530000307
410.275,0.2,-0.1667559293674266,-0.13907922733634087
410.28,0.2,-0.16891725056689919,-0.06416722078905603
410.285,0.2,-0.1709370616089479,0.062378252153872354
410.29,0.2,-0.1728110109745469,0.2198625958663059
410.295,0.2,-0.17441954502724463,-0.05261859757238917
410.3,0.2,-0.17557035035316787,-0.31539309297123136
410.305,0.2,-0.17609651860894013,-0.24751108839039343
410.31,0.2,-0.17594108816936002,-0.4956116209186814
410.315,0.2,-0.17518311989509125,-0.31657510166614683
410.32,0.2,-0.1740152458595743,-0.30343167344612654
410.325,0.2,-0.17267736881276757,0.11183807806082051
410.33,0.2,-0.17135891677088824,0.0877105808564066
410.335,0.2,-0.17012014024653765,0.1470893697958978
410.34,0.2,-0.16888910936202767,-0.25565139014145327
410.345,0.2,-0.16754068270550068,-0.25434285986683813
410.35,0.2,-0.1659979740078991,-0.41940106181081876
410.355,0.2,-0.16429164271279761,-0.4008454453035058
410.36,0.2,-0.16255620355135028,-0.12485092147301849
410.365,0.2,-0.160968341024767,-0.07170615196980841
410.37,0.2,-0.15965691075714616,0.19770490207208474
410.375,0.2,-0.15863927070165246,-0.08331661941399734
410.38,0.2,-0.1578285588662908,-0.18762226338225724
410.385,0.2,-0.15710319378620566,-0.17359491157115675
410.39,0.2,-0.15637676680575255,-0.368804923684961
410.395,0.2,-0.155633636631922,-0.3011154486264019
410.4,0.2,-0.15493844038203092,-0.3716843955782081
410.405,0.2,-0.15441071523693042,0.08236892523701703
410.41,0.2,-0.15415094680006222,0.107071184782933
410.415,0.2,-0.15415460821412977,0.184018203892607
410.42,0.2,-0.15428663154273045,-0.1240056844429203
410.425,0.2,-0.1543495188992061,-0.43177761548760557
410.43,0.2,-0.1542077886855717,-0.5682022863977257
410.435,0.2,-0.1538869552110828,-0.5230335464599567
410.44,0.2,-0.15358039281428337,-0.30574623383854793
410.445,0.2,-0.15356075413999962,0.03150638800374045
410.45,0.2,-0.15404349002534196,0.20977295607255658
410.455,0.2,-0.15507375403311027,0.21498987926696933
410.46,0.2,-0.15650651802772847,-0.21525415248890073
410.465,0.2,-0.15810219051572824,-0.4069168098948739
410.47,0.2,-0.15966898416076525,-0.36303791668992597
410.475,0.2,-0.16114030215328284,-0.28467349848943796
410.48,0.2,-0.16255387549287095,-0.20833943849546122
410.485,0.2,-0.16397920314783446,0.1429007082991252
410.49,0.2,-0.16543294447194284,0.11800013193406658
410.495,0.2,-0.16682110568194292,0.08214721392652663
410.5,0.2,-0.16795610701855013,-0.26933480762764495
410.505,0.2,-0.1686466947518418,-0.33335976250136407
410.51,0.2,-0.16880061403549187,-0.5494084891442078
410.515,0.2,-0.16847979372753255,-0.3703702744536602
410.52,0.2,-0.16787978597031947,-0.19291161697285664
410.525,0.2,-0.16724009036353996,0.052958813706574535
410.53,0.2,-0.1667336919397191,0.08854097992457394
410.535,0.2,-0.16639990838373633,0.0642978721731106
410.54,0.2,-0.16615358760866275,-0.18518801224828782
410.545,0.2,-0.1658562724975069,-0.20611691117242906
410.55,0.2,-0.16540308899826717,-0.46498463344183255
410.555,0.2,-0.16478068514783198,-0.23442985282073703
410.56,0.2,-0.1640710404263934,-0.29950264802306303
410.565,0.2,-0.1634057671975728,-0.06904566383663481
410.57,0.2,-0.16289523847664988,0.19531745451621468
410.575,0.2,-0.1625561662325046,0.07224905565990862
410.58,0.2,-0.16228815763679902,-0.18971695488334328
410.585,0.2,-0.16194149104195507,-0.40231250495776955
410.59,0.2,-0.1614291698817579,-0.47046988317350813
410.595,0.2,-0.16079719016943836,-0.4468268730754232
410.6,0.2,-0.16020664867162762,0.062287603605421155
410.605,0.2,-0.15983106612783354,0.07838172795755538
410.61,0.2,-0.1597391712939374,0.14253248030733495
410.615,0.2,-0.15984910080008874,0.11352150315077612
410.62,0.2,-0.1599686123171588,-0.2734560888006348
410.625,0.2,-0.1598959106738904,-0.46547097413598876
410.63,0.2,-0.1595339573478668,-0.41090697070272253
410.635,0.2,-0.1589423881510358,-0.4123229705804368
410.64,0.2,-0.1583031117347943,-0.2251524028283943
410.645,0.2,-0.15783720250117378,-0.006471876135119924
410.65,0.2,-0.15770870030322634,0.10821019977843882
410.655,0.2,-0.15795280436542564,0.08061570885505998
410.66,0.2,-0.15847133450620182,-0.19396815856091137
410.665,0.2,-0.15910175668917426,-0.25082475553704586
410.67,0.2,-0.15970991606541793,-0.354426323546056
410.675,0.2,-0.16024589549372686,-0.29231725512579204
410.68,0.2,-0.16074063851328516,-0.10447003841603439
410.685,0.2,-0.16125724764320867,-0.13251483706683578
410.69,0.2,-0.1618308881729877,0.1396088597072802
410.695,0.2,-0.16242427043008056,0.03576670154065343
410.7,0.2,-0.16291837948649027,-0.11577263125084586
410.705,0.2,-0.1631616471442521,-0.37502961134254875
410.71,0.2,-0.16305835774964053,-0.3903438481516081
410.715,0.2,-0.16263118905054164,-0.3808115887266714
410.72,0.2,-0.16201554610679836,-0.19376277804680428
410.725,0.2,-0.16139618766851538,-0.09076077280387745
410.73,0.2,-0.16091591936391103,0.3690999021333187
410.735,0.2,-0.16058415860942332,0.20936158674162852
410.74,0.2,-0.16024331655014531,-0.04617875689695941
410.745,0.2,-0.15964613380348092,-0.3465602546220447
410.75,0.2,-0.15860770470315014,-0.7440172240088945
410.755,0.2,-0.1571323808735807,-0.39361258557893364
410.76,0.2,-0.15542643186728486,-0.27670095630084524
410.765,0.2,-0.15378802334017316,0.04300380686078695
410.77,0.2,-0.1524581374606316,0.22861105670868542
410.775,0.2,-0.15152695694745477,-0.19345716457422876
410.78,0.2,-0.1509511078179923,-0.21198891074486328
410.785,0.2,-0.15065862985113823,-0.5763527279114438
410.79,0.2,-0.1506468652653122,-0.24658634915577626
410.795,0.2,-0.15100086780729718,-0.2845264659730466
410.8,0.2,-0.15184157652831073,-0.19642286921854862
410.805,0.2,-0.15325628970678967,0.17610519798471913
410.81,0.2,-0.15523538821925356,0.020325340713695572
410.815,0.2,-0.1576393992996002,0.04108623458171834
410.82,0.2,-0.1602308360739257,-0.1583476688183306
410.825,0.2,-0.1627554656562054,-0.3730215506860634
410.83,0.2,-0.16503148313666557,-0.4138127697287133
410.835,0.2,-0.16700299822080034,-0.2753135318415101
410.84,0.2,-0.1687229686356935,-0.17768857079231745
410.845,0.2,-0.17027842057262915,0.12336729267162021
410.85,0.2,-0.17170213095236356,0.11500170947545707
410.855,0.2,-0.17292036656919957,0.013208230143063798
410.86,0.2,-0.1737698186952122,-0.039227906471618584
410.865,0.2,-0.17407042204425432,-0.4328949873206545
410.87,0.2,-0.17371827035672224,-0.41491583015404393
410.875,0.2,-0.17275303286911992,-0.4082353491688169
410.88,0.2,-0.1713506846201929,-0.1458616728252844
410.885,0.2,-0.169737682339297,0.12876995452349269
410.89,0.2,-0.16808374523994038,-0.09369442443482098
410.895,0.2,-0.1664494386286155,0.06582469721471984
410.9,0.2,-0.164805495633483,-0.14411523639026594
410.905,0.2,-0.1630848569751251,-0.2534574593833849
410.91,0.2,-0.16124689777828338,-0.4341975761426923
410.915,0.2,-0.15933271770837246,-0.2868169032997335
410.92,0.2,-0.15746408481056692,-0.028218182563570032
410.925,0.2,-0.1557712886764024,0.08995544469090438
410.93,0.2,-0.1543037876303072,0.13744132203415294
410.935,0.2,-0.1529933699385073,-0.027732314236082106
410.94,0.2,-0.15168903307036,-0.10677509662742518
410.945,0.2,-0.15023251428706802,-0.2989627018485631
410.95,0.2,-0.14853040315134416,-0.2823545310239476
410.955,0.2,-0.14659201984095865,-0.3436045725275649
410.96,0.2,-0.1445203538433011,-0.09799284059375345
410.965,0.2,-0.14245499008166998,0.08156228248861408
410.97,0.2,-0.1404879468245586,0.1585567553736506
410.975,0.2,-0.13860237991022603,0.14285855002573317
410.98,0.2,-0.13667658609480907,-0.12908240780995633
410.985,0.2,-0.13455501700953215,-0.2827429449789979
410.99,0.2,-0.13214807552927518,-0.4737997280154949
410.995,0.2,-0.12950396984544765,-0.3996224250864457
411.0,0.2,-0.12680701496446728,-0.09437557223957017
411.005,0.2,-0.1242926217900072,0.08348028829522422
411.01,0.2,-0.1221292412338931,0.16784030803236819
411.015,0.2,-0.12034691198253325,0.07431347832506899
411.02,0.2,-0.11885077872713519,-0.14311208835211797
411.025,0.2,-0.11749749208556226,-0.1761135555740857
411.03,0.2,-0.11618508062706938,-0.5194288620237096
411.035,0.2,-0.11491554063034157,-0.2119707367345148
411.04,0.2,-0.11379224792098766,-0.06571949558950876
411.045,0.2,-0.11294416960330426,0.009679577237708598
411.05,0.2,-0.11243387438384636,0.28931248893600553
411.055,0.2,-0.11219894400912149,0.2113893954561626
411.06,0.2,-0.11205028906277101,-0.13550186914699514
411.065,0.2,-0.11175759315305103,-0.46888789719335455
411.07,0.2,-0.11118987335315195,-0.5570133057796838
411.075,0.2,-0.1104023889238907,-0.24213694690667154
411.08,0.2,-0.10959658166760868,-0.0666596784678021
411.085,0.2,-0.10899690591541925,-0.0075911288302707575
411.09,0.2,-0.10874090487866012,0.2937042305970981
411.095,0.2,-0.10881850363808124,0.23039628012340108
411.1,0.2,-0.1090705312590178,-0.1597199100794668
411.105,0.2,-0.10927416107385328,-0.3268321067622241
411.11,0.2,-0.10927499943883699,-0.43508224649972327
411.115,0.2,-0.10907180731023586,-0.454146682783651
411.12,0.2,-0.10881119732588135,-0.09546133432536304
411.125,0.2,-0.10869660458622182,0.21685420224458796
411.13,0.2,-0.1088515773535697,0.30548648644910403
411.135,0.2,-0.10923015506137365,0.0653230909749205
411.14,0.2,-0.10964777141799097,-0.24071517703335565
411.145,0.2,-0.10990408903858685,-0.3118353144701215
411.15,0.2,-0.1099007985947007,-0.46700093445188134
411.155,0.2,-0.10968828527114187,-0.28043358342066416
411.16,0.2,-0.10942897347925937,0.01497822606839104
411.165,0.2,-0.10929520800579196,0.1440252989698358
411.17,0.2,-0.10935692096043903,0.36548700510036075
411.175,0.2,-0.10952260911784577,0.1360622898786966
411.18,0.2,-0.10956671172433628,-0.059803246565573835
411.185,0.2,-0.10923330792632975,-0.2892100407196547
411.19,0.2,-0.10835920535480036,-0.48097004213355904
411.195,0.2,-0.10695656350137447,-0.48138331616383645
411.2,0.2,-0.1052160638215138,-0.0796738943287238
411.205,0.2,-0.10341505562075236,0.04254064169580428
411.21,0.2,-0.10177862731763875,0.3162191750408252
411.215,0.2,-0.100383630849214,0.034762424497636224
411.22,0.2,-0.09916359523118652,-0.1280455423182583
411.225,0.2,-0.09800309896273367,-0.36578316503694985
411.23,0.2,-0.0968485862312839,-0.36136541378743503
411.235,0.2,-0.09575884615292735,-0.17482436412056618
411.24,0.2,-0.0948715086586163,-0.09416169460613266
411.245,0.2,-0.09431958846078423,0.18244561274924304
411.25,0.2,-0.0941491120535017,0.1765358680008684
411.255,0.2,-0.09428205763160742,-0.032164188795007556
411.26,0.2,-0.09456003856001333,-0.3247730677904705
411.265,0.2,-0.09484495578022684,-0.2213848637051088
411.27,0.2,-0.09509442883140728,-0.39110693145498276
411.275,0.2,-0.09537579193452014,-0.34099669081643214
411.28,0.2,-0.09583472653464202,0.02399864292048
411.285,0.2,-0.09661344019426009,0.25819254776624273
411.29,0.2,-0.09774538388415098,0.12035263165449742
411.295,0.2,-0.09911886752733308,-0.08148625530869931
411.3,0.2,-0.10054312494950596,-0.1479301215627217
411.305,0.2,-0.10184364603924409,-0.19128841609736663
411.31,0.2,-0.10292308098957863,-0.42591199671728835
411.315,0.2,-0.10378999697978697,-0.27214625728060116
411.32,0.2,-0.10455207005557424,-0.14287143005156389
411.325,0.2,-0.10534875671871435,0.27542887501859387
411.33,0.2,-0.10624974839911766,0.04244754693657854
411.335,0.2,-0.1072035716388737,0.006254221635691434
411.34,0.2,-0.10807824008553414,-0.16920234266814507
411.345,0.2,-0.10875031482272482,-0.43869384731953776
411.35,0.2,-0.10918641431509615,-0.3350989608732539
411.355,0.2,-0.10947504701862845,-0.2636413675820856
411.36,0.2,-0.10978685750546582,-0.11183962050429692
411.365,0.2,-0.11028900134339194,0.19652481686210438
411.37,0.2,-0.11105426707259693,0.20635300480332006
411.375,0.2,-0.11200722452185137,0.15070265860144588
411.38,0.2,-0.11294348034545172,0.006385037636590457
411.385,0.2,-0.11361882021994349,-0.47815164641994023
411.39,0.2,-0.11387498776024525,-0.49579942035348257
411.395,0.2,-0.11373284762309989,-0.36488879258251034
411.4,0.2,-0.11337742916573389,-0.09536981960271258
411.405,0.2,-0.11304343945126324,0.16422780112911728
411.41,0.2,-0.11288593010408052,0.11874407665150002
411.415,0.2,-0.11291378065321328,0.1586220485185912
411.42,0.2,-0.1130081204740937,-0.11396572404008007
411.425,0.2,-0.11299579294099296,-0.08497593516301527
411.43,0.2,-0.1127328097387504,-0.3783090965854627
411.435,0.2,-0.11216828116987329,-0.3233051607260028
411.44,0.2,-0.11136978588956015,-0.2529512290623365
411.445,0.2,-0.11048638151522881,0.11666882483902921
411.45,0.2,-0.10965212238893252,0.22423333151011635
411.455,0.2,-0.10889629879538061,-0.002718822483806921
411.46,-0.2,-0.10814061731645801,-0.1371433792771643
411.465,-0.2,-0.10727532553013926,-0.13899425375514957
411.47,-0.2,-0.10623714205731553,-0.4105806565493546
411.475,-0.2,-0.10505144707424939,-0.20895968791780017
411.48,-0.2,-0.1038355959540963,-0.3036036121108152
411.485,-0.2,-0.10276018205820525,-0.015833166932595857
411.49,-0.2,-0.10198182476367273,0.07059660046403636
411.495,-0.2,-0.10157656411784378,0.07060117068881658
411.5,-0.2,-0.10151191663094765,0.014526729193402269
411.505,-0.2,-0.10167879838030847,-0.2623210455644669
411.51,-0.2,-0.10196984698119248,-0.4193585674883885
411.515,-0.2,-0.10235666836348103,-0.20950079721733178
411.52,-0.2,-0.10289862870450514,-0.0475856564207964
411.525,-0.2,-0.1036730316610579,0.06812841048066463
411.53,-0.2,-0.10469106851296443,0.21722277238581894
411.535,-0.2,-0.10585634411600509,0.009481898340233372
411.54,-0.2,-0.10698770910439705,-0.1040866027383539
411.545,-0.2,-0.10789606047130038,-0.2924973306797402
411.55,-0.2,-0.10846706142147555,-0.3032634710517523
411.555,-0.2,-0.10869952175361236,-0.18996215544377582
411.56,-0.2,-0.10868745729183726,-0.2743598948565829
411.565,-0.2,-0.10857270995153413,-0.02976674928803856
411.57,-0.2,-0.10848652630912867,0.14245989450819982
411.575,-0.2,-0.10848387201350557,0.14851016407763612
411.58,-0.2,-0.10850880557233517,-0.006857592684643629
411.585,-0.2,-0.10843212416014708,-0.25479553892112794
411.59,-0.2,-0.10814096235385526,-0.3097903998678906
411.595,-0.2,-0.10761189990336109,-0.21031171209025604
411.6,-0.2,-0.10690727063932118,0.1386977420728165
411.605,-0.2,-0.10609817642420527,0.07850033456442558
411.61,-0.2,-0.10518552853991013,0.20642223288593392
411.615,-0.2,-0.10407741608132813,0.0806045502506815
411.62,-0.2,-0.10262593922219794,-0.21193775169762888
411.625,-0.2,-0.10071215550164825,-0.4370390046892851
411.63,-0.2,-0.09833851252452436,-0.2838681821183173
411.635,-0.2,-0.09565373778094756,-0.20852526526700055
411.64,-0.2,-0.09289573547804533,-0.17475746270964887
411.645,-0.2,-0.09030324666129738,0.2839677314453392
411.65,-0.2,-0.08802793829066383,0.1006017417067555
411.655,-0.2,-0.08608301064420253,0.0975065051453092
411.66,-0.2,-0.08437145609574219,-0.1482892257699188
411.665,-0.2,-0.08277241083193834,-0.2762509636097164
411.67,-0.2,-0.08122915017358587,-0.40447549661071625
411.675,-0.2,-0.07979461742935944,-0.15810765686895392
411.68,-0.2,-0.07860744982757492,-0.1465018403387263
411.685,-0.2,-0.07781589631929263,0.14967004588775817
411.69,-0.2,-0.0774875586250856,0.4292646359090072
411.695,-0.2,-0.07753971574255268,0.09045454233027117
411.7,-0.2,-0.07775003298042148,-0.07312481898499326
411.705,-0.2,-0.07786053739689142,-0.2031837968408931
411.71,-0.2,-0.07769608003338942,-0.47376299793621945
411.715,-0.2,-0.07722975266424255,-0.16991295267074463
411.72,-0.2,-0.07657104494721735,-0.15927453332795272
411.725,-0.2,-0.07588900645026554,0.006559447855713024
411.73,-0.2,-0.07532165002309255,0.2572904818138205
411.735,-0.2,-0.07490793532806776,0.11843745675969165
411.74,-0.2,-0.07457443358247375,-0.12187028416972745
411.745,-0.2,-0.07420509142051894,-0.37907474817507947
411.75,-0.2,-0.07375574364241855,-0.5533655017417849
411.755,-0.2,-0.07333214008789153,-0.3670972408065391
411.76,-0.2,-0.07317493101130512,-0.15348077856242018
411.765,-0.2,-0.0735536936290604,0.20137550858139894
411.77,-0.2,-0.07464072267367114,-0.04303877372545248
411.775,-0.2,-0.07645371494693483,0.09634502024081351
411.78,-0.2,-0.07888444723913579,-0.12507836202033146
411.785,-0.2,-0.0817629601315012,-0.11711863822618299
411.79,-0.2,-0.08492266131940554,-0.3559098191954479
411.795,-0.2,-0.08825576396218059,-0.2873947051207324
411.8,-0.2,-0.09173551730592992,-0.1575288023526865
411.805,-0.2,-0.09538074719202927,0.08341125730062457
411.81,-0.2,-0.09917843956945131,0.15294268221276036
411.815,-0.2,-0.1030215441510123,0.1039037460945827
411.82,-0.2,-0.10671091052803014,-0.10847479614068883
411.825,-0.2,-0.1100209592069746,-0.1988895851933814
411.83,-0.2,-0.11278862298224432,-0.487416564808679
411.835,-0.2,-0.11498360620486056,-0.3854080716141881
411.84,-0.2,-0.11672219089043645,-0.19161165177381323
411.845,-0.2,-0.11820296249925318,-0.013789551884875434
411.85,-0.2,-0.11959730788837682,0.23768769528939662
411.855,-0.2,-0.1209598765661503,0.09007728103995558
411.86,-0.2,-0.12221716060231973,-0.2360998161574637
411.865,-0.2,-0.12325451549471259,-0.4735503809164884
411.87,-0.2,-0.12403927494321142,-0.4482558833815701
411.875,-0.2,-0.12467928095605996,-0.31192808435387925
411.88,-0.2,-0.12538459866436302,-0.22162138211211146
411.885,-0.2,-0.12636643059258168,0.4040780420286145
411.89,-0.2,-0.12771626620820375,0.12109723234499803
411.895,-0.2,-0.12933857706201643,0.14342296930515772
411.9,-0.2,-0.1309951725195872,-0.13880236653419412
411.905,-0.2,-0.13241989143102803,-0.3097102142216226
411.91,-0.2,-0.13342833091183495,-0.3611616861565871
411.915,-0.2,-0.13397522773268866,-0.2708041175817898
411.92,-0.2,-0.1341377015257842,-0.12161556207151289
411.925,-0.2,-0.13404169120318582,0.08381067170774874
411.93,-0.2,-0.1337779089493124,0.02488028981324264
411.935,-0.2,-0.13335248235928443,0.15836273006269197
411.94,-0.2,-0.1326893564703255,-0.12290538477738903
411.945,-0.2,-0.1316857273646198,-0.42824782904860126
411.95,-0.2,-0.13030635336591068,-0.40984498880111525
411.955,-0.2,-0.12865620594649183,-0.5251173675137845
411.96,-0.2,-0.12697797956741633,-0.22899160059918
411.965,-0.2,-0.12557807411575436,-0.07737118485191663
411.97,-0.2,-0.12471777442155049,0.09393750520534147
411.975,-0.2,-0.12452933417309962,-0.06173112178269641
411.98,-0.2,-0.12500577797513032,-0.09093907391769443
411.985,-0.2,-0.12606128821253293,-0.4671671171616129
411.99,-0.2,-0.1276202822731066,-0.31954157599770583
411.995,-0.2,-0.12967824349954707,-0.43127136623167084
412.0,-0.2,-0.1322941441324586,-0.00814209421774989
412.005,-0.2,-0.13551312553667688,0.24187209574744656
412.01,-0.2,-0.13925978794458674,0.2715233727052458
412.015,-0.2,-0.14328430267916317,0.06256458479302691
412.02,-0.2,-0.14721868254517348,-0.23642849994719065
412.025,-0.2,-0.15070573681505975,-0.2837235882096891
412.03,-0.2,-0.15351078044930325,-0.38797738671229737
412.035,-0.2,-0.15555823191037152,-0.16180733183752777
412.04,-0.2,-0.15688962518454588,-0.011458898721163402
412.045,-0.2,-0.1575728606568246,0.20710340353045575
412.05,-0.2,-0.15761280494737875,0.2173521293465261
412.055,-0.2,-0.15691306409258743,0.09090282347767994
412.06,-0.2,-0.15531208983655778,-0.15651023096543773
412.065,-0.2,-0.1526719367816495,-0.21948672060256094
412.07,-0.2,-0.14896391392229558,-0.39540554274579043
412.075,-0.2,-0.14431057939253278,-0.3350819107969303
412.08,-0.2,-0.13897660934081793,-0.305343396792445
412.085,-0.2,-0.13330532339896523,0.1839254945502214
412.09,-0.2,-0.12759951820461082,0.4101705027960712
412.095,-0.2,-0.12200341067976402,0.07666410824771791
412.1,-0.2,-0.116494392436996,-0.19679299953173895
412.105,-0.2,-0.11100176850336704,-0.38410060826010367
412.11,-0.2,-0.10554430570037712,-0.5398766482629284
412.115,-0.2,-0.10029464398602213,-0.3530423151927574
412.12,-0.2,-0.09554955840158992,-0.1779622152062883
412.125,-0.2,-0.0916247074136797,0.1739201625620756
412.13,-0.2,-0.08872916707740626,0.13842877596711978
412.135,-0.2,-0.08689397433515378,0.0736201337676716
412.14,-0.2,-0.08599498626250762,-0.14785199078109157
412.145,-0.2,-0.08585189378154987,-0.5396777732021969
412.15,-0.2,-0.08634853659787492,-0.40570863627984405
412.155,-0.2,-0.08749373878206827,-0.20538124159659513
412.16,-0.2,-0.08937667629261686,-0.13982551437035223
412.165,-0.2,-0.09206870435641115,0.12800139444242598
412.17,-0.2,-0.09553816251307232,0.25405873340639523
412.175,-0.2,-0.09959767801062704,0.2947620966976206
412.18,-0.2,-0.10391495899191139,-0.2495196098614036
412.185,-0.2,-0.10811722852219055,-0.31066224680199683
412.19,-0.2,-0.11193039037054328,-0.3705472824987191
412.195,-0.2,-0.11524512493747166,-0.20180391522634744
412.2,-0.2,-0.11808293058398253,-0.12030279417099936
412.205,-0.2,-0.1205139790657782,0.08920407401849809
412.21,-0.2,-0.1225747908408609,0.17401657409392252
412.215,-0.2,-0.12421528988355464,0.12431580673033168
412.22,-0.2,-0.12530383504282833,-0.14935528941088275
412.225,-0.2,-0.12570053700709224,-0.3781279019848707
412.23,-0.2,-0.12536616478899681,-0.6469503220262754
412.235,-0.2,-0.12443939452763525,-0.3438766388162311
412.24,-0.2,-0.12321120065037834,0.020379607646496004
412.245,-0.2,-0.12198874867733007,0.25267936441404293
412.25,-0.2,-0.12094663115750975,0.1611441286834825
412.255,-0.2,-0.1200752514485613,0.06431270019077132
412.26,-0.2,-0.1192416927957703,-0.26288448608603815
412.265,-0.2,-0.11830349211151933,-0.27062953566624776
412.27,-0.2,-0.11720776628813374,-0.5303224115155971
412.275,-0.2,-0.11603828921391061,-0.3459444981558198
412.28,-0.2,-0.11499251947775556,-0.04306451283251572
412.285,-0.2,-0.11428887484710784,0.0026854008691529485
412.29,-0.2,-0.11405591918362745,0.3172954087547687
412.295,-0.2,-0.11426561935593836,0.1130991760257799
412.3,-0.2,-0.11474233374010492,-0.09764573370539395
412.305,-0.2,-0.11525410052145484,-0.37254908355858773
412.31,-0.2,-0.11564008042216647,-0.5127900520380784
412.315,-0.2,-0.1159003196895045,-0.536113370880589
412.32,-0.2,-0.11620285998794742,-0.22703275864344136
412.325,-0.2,-0.11679980840078197,0.0219782088424786
412.33,-0.2,-0.11789748195182317,0.04753438285841641
412.335,-0.2,-0.1195648163732807,0.09245102780606562
412.34,-0.2,-0.12172722722381765,-0.17943513284795792
412.345,-0.2,-0.12423968193602507,-0.5065785584201156
412.35,-0.2,-0.12699578933484715,-0.3299526425942666
412.355,-0.2,-0.12998805119430493,-0.26016034331484306
412.36,-0.2,-0.133273585463634,-0.07941517852936109
412.365,-0.2,-0.13688706456164085,0.24481808288042495
412.37,-0.2,-0.14075238925780637,0.2653836805606911
412.375,-0.2,-0.14464167889660745,-0.013750666480646684
412.38,-0.2,-0.1482255557208921,-0.06482019293882087
412.385,-0.2,-0.15117912724898366,-0.18594748309135284
412.39,-0.2,-0.1532724572124403,-0.4576496692815344
412.395,-0.2,-0.15442748575947512,-0.3475680324993362
412.4,-0.2,-0.1547317203848362,-0.32061911504821794
412.405,-0.2,-0.15438204236621572,0.15729706863992712
412.41,-0.2,-0.1535705224810624,0.14993724499361966
412.415,-0.2,-0.15238962947038948,-0.0909522477220466
412.42,-0.2,-0.15084191923834034,-0.3388004932456051
412.425,-0.2,-0.14893414985555947,-0.28234519423747434
412.43,-0.2,-0.14675126669148536,-0.35750320657660617
412.435,-0.2,-0.1444612770845597,-0.23589819665626185
412.44,-0.2,-0.1422767779691918,-0.19990967391427483
412.445,-0.2,-0.14040087140864826,-0.012606601171710335
412.45,-0.2,-0.13896769892008373,0.14750574607437814
412.455,-0.2,-0.13799527819845295,0.004738257881449083
412.46,-0.2,-0.13738693639737656,-0.10019909736500862
412.465,-0.2,-0.13699127658205976,-0.21404434185087046
412.47,-0.2,-0.1366844971034063,-0.4947425129208185
412.475,-0.2,-0.1364387420937166,-0.37179627512635277
412.48,-0.2,-0.1363369020599037,-0.0812314842689601
412.485,-0.2,-0.1365040202166748,0.04985664745584356
412.49,-0.2,-0.13699888135175514,0.2567790749032841
412.495,-0.2,-0.13774394139039906,0.10315542052781469
412.5,-0.2,-0.13853353164514642,-0.043867488867433135
412.505,-0.2,-0.13911672628917363,-0.3593132466818762
412.51,-0.2,-0.1393088186695476,-0.32398170769884505
412.515,-0.2,-0.1390657624558808,-0.44945787304605644
412.52,-0.2,-0.1384816306731019,0.01736510549153522
412.525,-0.2,-0.13770660367117626,0.1112118810255305
412.53,-0.2,-0.1368333403150968,0.1812778439191844
412.535,-0.2,-0.13583250269725244,0.12632484002821678
412.54,-0.2,-0.13457032833011778,-0.05405772575715459
412.545,-0.2,-0.1328852982988107,-0.3410257753640193
412.55,-0.2,-0.13068675085652884,-0.3499557021442184
412.555,-0.2,-0.12801744084533345,-0.23097773149461687
412.56,-0.2,-0.12503261544869865,-0.023180670373168843
412.565,-0.2,-0.12191854700633258,-0.04759239432197318
412.57,-0.2,-0.11880712851989828,0.43014583820180685
412.575,-0.2,-0.11570995486954119,0.1870343752403956
412.58,-0.2,-0.11250337948446745,-0.019150777421268028
412.585,-0.2,-0.1090056430286164,-0.29655227239243936
412.59,-0.2,-0.10510250318843335,-0.34309601011230306
412.595,-0.2,-0.10083040558576908,-0.414127504016455
412.6,-0.2,-0.09637070224643243,0.10922990032496978
412.605,-0.2,-0.09195448345234436,0.12981137950068716
412.61,-0.2,-0.08774308129348854,0.1058206652164312
412.615,-0.2,-0.08377564559393202,0.1672489961111884
412.62,-0.2,-0.07999725569073968,-0.2009147678419878
412.625,-0.2,-0.07633557688454208,-0.3330357752740861
412.63,-0.2,-0.07279075868209516,-0.3272840199858682
412.635,-0.2,-0.06947590745464213,-0.1966065364335728
412.64,-0.2,-0.06657478876248969,0.038670271443052184
412.645,-0.2,-0.06425310557328322,0.061375198212238816
412.65,-0.2,-0.06257923300034135,0.3105010343938739
412.655,-0.2,-0.06148455570886385,0.14840486869765196
412.66,-0.2,-0.06077781942199668,0.009965937858573345
412.665,-0.2,-0.06021851857410356,-0.19689119816163053
412.67,-0.2,-0.05961913625651368,-0.40869582839939056
412.675,-0.2,-0.058926561505843286,-0.3727277801646519
412.68,-0.2,-0.058238880345379385,-0.12248975989605204
412.685,-0.2,-0.05773621599682812,0.1034437704085569
412.69,-0.2,-0.05755980690492481,0.3393006677251557
412.695,-0.2,-0.0577163821743346,0.11148376041102948
412.7,-0.2,-0.05807516793987267,-0.09913952543883871
412.705,-0.2,-0.05845548254888775,-0.1640320340962408
412.71,-0.2,-0.058727259501675615,-0.28043328963079767
412.715,-0.2,-0.05885949077360635,-0.15861530430925327
412.72,-0.2,-0.05890429343586339,0.06138792107597349
412.725,-0.2,-0.058932036790589414,0.07362037453692458
412.73,-0.2,-0.058963780005144996,0.15710620007040121
412.735,-0.2,-0.058941548717558544,0.18604254328408026
412.74,-0.2,-0.058739844096038614,-0.08098001433428714
412.745,-0.2,-0.05821946357476414,-0.2180641972483352
412.75,-0.2,-0.05730675349404726,-0.27855003599103734
412.755,-0.2,-0.056042495395793576,-0.18122635077818813
412.76,-0.2,-0.05456318182807688,-0.0041725063984363805
412.765,-0.2,-0.05303238566145366,0.04061463427698425
412.77,-0.2,-0.05156672570795986,0.2452454982145185
412.775,-0.2,-0.05018466790939997,0.2625331833198363
412.78,-0.2,-0.04879007133505743,0.15776352714418213
412.785,-0.2,-0.04720991432742497,-0.13611708745321163
412.79,-0.2,-0.04528945049022108,-0.39097854817691363
412.795,-0.2,-0.042998544968524094,-0.37000659113522033
412.8,-0.2,-0.040473891125264436,-0.14827957612625117
412.805,-0.2,-0.037955712755244266,0.1933103738324549
412.81,-0.2,-0.03566066923608493,0.15819666711107247
412.815,-0.2,-0.03369088821820153,0.03777086975299093
412.82,-0.2,-0.03203962351741861,-0.06564719022666494
412.825,-0.2,-0.03066158946424342,-0.24663189240718167
412.83,-0.2,-0.02955132284290835,-0.4300506808719758
412.835,-0.2,-0.028792362297279807,-0.11796202689291488
412.84,-0.2,-0.02853832555259225,-0.04212513722927482
412.845,-0.2,-0.028927117393150754,0.24548320582270575
412.85,-0.2,-0.029984045511704728,0.39244710917013603
412.855,-0.2,-0.03156291121526439,0.32757089482741997
412.86,-0.2,-0.033360855183467875,0.002461820498076077
412.865,-0.2,-0.03502033304064175,-0.21119659735434013
412.87,-0.2,-0.036268718954891394,-0.4206209053542629
412.875,-0.2,-0.0370144973966843,-0.2812185650751456
412.88,-0.2,-0.03734262467650118,0.09610938510383839
412.885,-0.2,-0.03741179690703812,0.10893140337858244
412.89,-0.2,-0.037337947553131724,0.11285638281477448
412.895,-0.2,-0.03714467686822253,0.21536384731744865
412.9,-0.2,-0.03677924333279782,-0.17888394584031664
412.905,-0.2,-0.036177862263386054,-0.35368968264460626
412.91,-0.2,-0.03535816345624468,-0.3422998483513517
412.915,-0.2,-0.034473952039351725,-0.4648214624450026
412.92,-0.2,-0.033798894028760254,-0.18601604306295488
412.925,-0.2,-0.03364688665104606,0.20854243872126296
412.93,-0.2,-0.034246443520255535,0.24221531312938832
412.935,-0.2,-0.03564242940514667,0.1416212162255032
412.94,-0.2,-0.03770039151089761,0.01291322183179306
412.945,-0.2,-0.04019691174019482,-0.2743528484613266
412.95,-0.2,-0.04293316722997478,-0.34454271689415994
412.955,-0.2,-0.045820326394747535,-0.4137797977761034
412.96,-0.2,-0.048894983653222215,-0.017622110123467902
412.965,-0.2,-0.05223939887581513,0.4092874381217866
412.97,-0.2,-0.05584508908713466,0.2538788368246783
412.975,-0.2,-0.05953389860097178,0.19892859269696384
412.98,-0.2,-0.06300699270381684,-0.19982237680328804
412.985,-0.2,-0.0659692012381493,-0.13909874382781462
412.99,-0.2,-0.06823915711272173,-0.48538130459001216
412.995,-0.2,-0.06979725003358853,-0.06361006247003625
413.0,-0.2,-0.0707519243451423,0.0103184577092068
413.005,-0.2,-0.0712464365480286,0.02159262788150923
413.01,-0.2,-0.07137994906420911,0.15145139531965907
413.015,-0.2,-0.0711794380825083,0.10353008705852032
413.02,-0.2,-0.07060128100709401,0.15540430066127803
413.025,-0.2,-0.0695615162277339,-0.3080888396079449
413.03,-0.2,-0.06801306406679707,-0.43381239179009423
413.035,-0.2,-0.06603163180405017,-0.2076446278677056
413.04,-0.2,-0.06382486638938527,-0.19111723889635013
413.045,-0.2,-0.06165392553321872,0.09910900994979889
413.05,-0.2,-0.059730982760596206,0.2464120246513792
413.055,-0.2,-0.05814202193169114,0.15095602028302754
413.06,-0.2,-0.05683976334102174,-0.17755603344224516
413.065,-0.2,-0.05572488208166856,-0.28492519542741396
413.07,-0.2,-0.05475436652465164,-0.3794484312822144
413.075,-0.2,-0.05399822353049462,-0.3013633688919836
413.08,-0.2,-0.05362204794250857,-0.1368182295861251
413.085,-0.2,-0.053806660622792504,0.3300144167617139
413.09,-0.2,-0.05463054747275917,0.33756756163458035
413.095,-0.2,-0.05598770632370295,0.16784098198685876
413.1,-0.2,-0.05761545866423966,-0.0649184487598276
413.105,-0.2,-0.05921196682272765,-0.23150664770381607
413.11,-0.2,-0.06055926872483455,-0.4032231746626235
413.115,-0.2,-0.06159183904595761,-0.2215760661953868
413.12,-0.2,-0.062385149615569256,-0.09862418602060871
413.125,-0.2,-0.06307654101065262,0.07518619373786059
413.13,-0.2,-0.06376233035331474,0.44236970104620843
413.135,-0.2,-0.064411566309389,0.2507527700695767
413.14,-0.2,-0.06485347078035482,-0.166044390461283
413.145,-0.2,-0.06488337382136795,-0.47452297338845856
413.15,-0.2,-0.0644172342920548,-0.39324831507664687
413.155,-0.2,-0.06356103407928805,-0.2252559169173437
413.16,-0.2,-0.06255188962697654,-0.008314351636230434
413.165,-0.2,-0.06163982726006687,0.030368933865899242
413.17,-0.2,-0.060994251056560575,0.14585190856746286
413.175,-0.2,-0.06066519336486526,0.11763089511845966
413.18,-0.2,-0.06059219970906787,-0.008571510636621246
413.185,-0.2,-0.06066011674681725,-0.3660253191474635
413.19,-0.2,-0.06078862691120047,-0.254387695427899
413.195,-0.2,-0.06099593363933118,-0.2877376423545412
413.2,-0.2,-0.061389433550587125,-0.09319319674372459
413.205,-0.2,-0.0621012128510115,0.06614162299628792
413.21,-0.2,-0.063206941154694,0.247688179279114
413.215,-0.2,-0.06465879254995716,0.30311330528559716
413.22,-0.2,-0.06627007898435781,-0.025790305061017232
413.225,-0.2,-0.06778408826857811,-0.31112777796422764
413.23,-0.2,-0.06899737993237272,-0.2570456085342405
413.235,-0.2,-0.06983961203932194,-0.15236576112962363
413.24,-0.2,-0.07035918562726053,-0.17611654556906656
413.245,-0.2,-0.0706585012681026,0.12295429204234652
413.25,-0.2,-0.07081529491335951,0.3691905651971431
413.255,-0.2,-0.07080932752053465,0.06434537118299724
413.26,-0.2,-0.07052213288685157,-0.21842686216445567
413.265,-0.2,-0.06983137116571596,-0.1818258839481193
413.27,-0.2,-0.068708233355293,-0.36844299362374
413.275,-0.2,-0.0672538292457107,-0.3936069682318235
413.28,-0.2,-0.0656832931442391,-0.0339305437791157
413.285,-0.2,-0.06425711966775981,-0.037164390773507194
413.29,-0.2,-0.06318747958779357,0.05955261257923916
413.295,-0.2,-0.06257791697340671,0.21699859330894766
413.3,-0.2,-0.06241333975254104,-0.16807650608986785
413.305,-0.2,-0.06261014243978295,-0.35784878766499684
413.31,-0.2,-0.0631184735063275,-0.46888789019522187
413.315,-0.2,-0.06399980188521695,-0.33257128346749887
413.32,-0.2,-0.06540891511848883,0.07288873667436917
413.325,-0.2,-0.06748882363074069,0.14839614545283553
413.33,-0.2,-0.07025545390521214,0.29935047779224344
413.335,-0.2,-0.07354881492881393,0.16965553423613747
413.34,-0.2,-0.07707355081487577,-0.17660542443240174
413.345,-0.2,-0.08050416315314507,-0.1005713090807056
413.35,-0.2,-0.08359065808523328,-0.37039405807774317
413.355,-0.2,-0.08621453847270875,-0.28293682423288646
413.36,-0.2,-0.08839126137416281,-0.14891078346991218
413.365,-0.2,-0.09021783711314593,0.07053504013177411
413.37,-0.2,-0.09177686374265541,0.35720953639160646
413.375,-0.2,-0.09304313921651004,0.2852457154818052
413.38,-0.2,-0.09385569992101585,0.004456453292440807
413.385,-0.2,-0.09399147502338798,-0.2649244037750841
413.39,-0.2,-0.09330120051761451,-0.5515203240208274
413.395,-0.2,-0.09181627756325898,-0.2828699809000288
413.4,-0.2,-0.08975439539392806,-0.25169430283296024
413.405,-0.2,-0.08742639358244704,0.12355466215592298
413.41,-0.2,-0.0851059164892468,0.2722865052301593
413.415,-0.2,-0.0829266063234009,0.1907913245835885
413.42,-0.2,-0.08086377763611606,-0.08925122343351141
413.425,-0.2,-0.07881136702614762,-0.15031507574526876
413.43,-0.2,-0.07669046269547952,-0.3940088560474325
413.435,-0.2,-0.07452049707098843,-0.20787712194916774
413.44,-0.2,-0.07242006018677702,-0.04632040900065895
413.445,-0.2,-0.07054503522614698,-0.09321998748499954
413.45,-0.2,-0.06901501779092838,0.22680710540320184
413.455,-0.2,-0.06786010818993432,0.18002927817004016
413.46,-0.2,-0.06699950459375632,-0.01405925482602527
413.465,-0.2,-0.06628239650333191,-0.19456996209694122
413.47,-0.2,-0.06557978615464834,-0.33566900939704036
413.475,-0.2,-0.0648609409244507,-0.27177582526424776
413.48,-0.2,-0.06420210897639125,-0.0241745488672499
413.485,-0.2,-0.06372199089794715,0.0955125995059875
413.49,-0.2,-0.06348829927736124,0.2660440221437568
413.495,-0.2,-0.06345429852761354,0.1943502039334597
413.5,-0.2,-0.063457045601435,0.0704193924237129
413.505,-0.2,-0.06328733881702879,-0.46136162880384723
413.51,-0.2,-0.0628097920316111,-0.33820973279965805
413.515,-0.2,-0.06204842409759937,-0.24273061430327741
413.52,-0.2,-0.0611616943052297,0.00013733031149748554
413.525,-0.2,-0.06033577425455536,0.17707420817315006
413.53,-0.2,-0.05968256965935926,0.08334671528197748
413.535,-0.2,-0.05920368901754458,0.01880232371719595
413.54,-0.2,-0.058830083106405716,-0.22955317743829307
413.545,-0.2,-0.05849886400259129,-0.22442489807238156
413.55,-0.2,-0.05821168936987814,-0.21279211726497513
413.555,-0.2,-0.05804281114985346,-0.19590683222882416
413.56,-0.2,-0.05810696207099533,-0.04179214853173177
413.565,-0.2,-0.058507048436703776,0.12866782999382728
413.57,-0.2,-0.05926885953239433,0.35626981284532844
413.575,-0.2,-0.06029509929183265,-0.06296582143257015
413.58,-0.2,-0.06139677197715238,-0.14455264138041135
413.585,-0.2,-0.06239078386954887,-0.16214323208203962
413.59,-0.2,-0.06318009550687094,-0.3905484002921319
413.595,-0.2,-0.06378553844970344,-0.33228832148664816
413.6,-0.2,-0.06433213721215993,0.11625416397531767
413.605,-0.2,-0.06496775294469208,0.12996288824557795
413.61,-0.2,-0.06575552796247662,0.23592805719467513
413.615,-0.2,-0.0666224482403366,0.255941449165794
413.62,-0.2,-0.0673802032212847,-0.04400156079552507
413.625,-0.2,-0.0678019241548498,-0.2077922815099525
413.63,-0.2,-0.06772471779009687,-0.25624675859115686
413.635,-0.2,-0.06711712967715959,-0.2850409175334107
413.64,-0.2,-0.06608087675941962,-0.18984207119671154
413.645,-0.2,-0.06479683702804065,0.16410259426016996
413.65,-0.2,-0.06343130307245486,0.19392128927740732
413.655,-0.2,-0.06204970566873785,0.21442987331073257
413.66,-0.2,-0.060597649947624024,0.027622108111380717
413.665,-0.2,-0.05896015145898711,-0.2710599407518365
413.67,-0.2,-0.057060105557617986,-0.2541973260231992
413.675,-0.2,-0.054929384767719525,-0.23105812249675456
413.68,-0.2,-0.05270604897597795,-0.10416049927395547
413.685,-0.2,-0.050571899642126834,0.10564284947245284
413.69,-0.2,-0.0486670566617697,0.291994645313516
413.695,-0.2,-0.04702392945046599,0.0021273217818866264
413.7,-0.2,-0.04556949163480232,0.0600288649227084
413.705,-0.2,-0.04419144361176358,-0.24007888280372847
413.71,-0.2,-0.04282084465289064,-0.39887179182075033
413.715,-0.2,-0.041497845507848456,-0.31323995840958047
413.72,-0.2,-0.040380442182171274,-0.09175094540333488
413.725,-0.2,-0.039675102968382295,0.031164130713481203
413.73,-0.2,-0.039530407932905756,0.3876385723399792
413.735,-0.2,-0.03995233640872781,0.142197247937987
413.74,-0.2,-0.0407914969496154,0.058422691156099854
413.745,-0.2,-0.041816826894047206,-0.17263960270919643
413.75,-0.2,-0.04282378519529322,-0.2850731142911687
413.755,-0.2,-0.043712532202095145,-0.24323129684205522
413.76,-0.2,-0.044499505515705313,-0.005034697465274969
413.765,-0.2,-0.04525497900970475,0.1950258271907904
413.77,-0.2,-0.046007427667091615,0.2409202845749207
413.775,-0.2,-0.04668678962545871,0.0589969279267242
413.78,-0.2,-0.047150702777637964,-0.1509124376113429
413.785,-0.2,-0.04727091939213531,-0.24720063153716273
413.79,-0.2,-0.047010459239658825,-0.1921887624200268
413.795,-0.2,-0.046449901038347015,-0.46300071360686723
413.8,-0.2,-0.045776949808676026,-0.13269090163477887
413.805,-0.2,-0.04523459560626345,0.19945279247381228
413.81,-0.2,-0.04501034284308858,0.33742681431189336
413.815,-0.2,-0.0451362045811584,0.0762657727919032
413.82,-0.2,-0.04549504873704355,-0.0476102281608913
413.825,-0.2,-0.045924563138478515,-0.40859491687919725
413.83,-0.2,-0.04633875603726554,-0.4036344146561498
413.835,-0.2,-0.046786827843203725,-0.032702645301750266
413.84,-0.2,-0.047403186209974434,0.045356696941154656
413.845,-0.2,-0.048296069877838445,0.16335016174270042
413.85,-0.2,-0.04946740382973888,0.2737131439608576
413.855,-0.2,-0.05079012013239947,0.22172379436104134
413.86,-0.2,-0.052032060881299906,0.04916941991264699
413.865,-0.2,-0.052932153566991075,-0.32974569789916064
413.87,-0.2,-0.05331053395939049,-0.2804479074515236
413.875,-0.2,-0.05314553194444746,-0.3040844416412538
413.88,-0.2,-0.05256396880003993,-0.029671719514856743
413.885,-0.2,-0.05176121788159525,0.002827987806590909
413.89,-0.2,-0.0509050318675362,0.2723820775073506
413.895,-0.2,-0.050066596074316586,0.1082855611698855
413.9,-0.2,-0.049210878217171496,-0.045515638305822025
413.905,-0.2,-0.04825663779953977,-0.24073214462819623
413.91,-0.2,-0.047165595902539395,-0.2973513060274443
413.915,-0.2,-0.04599749591981696,-0.21505849124517815
413.92,-0.2,-0.04489916181551222,-0.06334544829247085
413.925,-0.2,-0.044042082861140204,0.011109023964239934
413.93,-0.2,-0.0435456718846134,0.3177702957380321
413.935,-0.2,-0.04341375031239817,0.21974844864128673
413.94,-0.2,-0.04351560673693236,0.07879264975108251
413.945,-0.2,-0.043644223945624665,-0.2711053652312838
413.95,-0.2,-0.04363071141860659,-0.35846865234940944
413.955,-0.2,-0.04344848527833639,-0.6070109577737712
413.96,-0.2,-0.04324465999606446,0.012194590371692057
413.965,-0.2,-0.043258627676261284,0.1612406266680788
413.97,-0.2,-0.043668718086294724,0.2919855616753351
413.975,-0.2,-0.0444913516696586,0.05702145310624736
413.98,-0.2,-0.04560217542706465,-0.08327430748321724
413.985,-0.2,-0.046836844465440564,-0.32294176080421333
413.99,-0.2,-0.0480946651440085,-0.3085484377382466
413.995,-0.2,-0.04938508092638697,-0.12313396644313077
414.0,-0.2,-0.0507959840248344,-0.07432776671034602
414.005,-0.2,-0.05241602084094128,0.2054229208845944
414.01,-0.2,-0.05426112014718508,0.11880912633307725
414.015,-0.2,-0.05623618319857799,0.2980739765637759
414.02,-0.2,-0.058146182321471,-0.09091814162370812
414.025,-0.2,-0.05976120252169101,-0.1565700619088335
414.03,-0.2,-0.060916387396287505,-0.4874779196204728
414.035,-0.2,-0.061590912000672904,-0.18385932640026376
414.04,-0.2,-0.06190599724101909,-0.09895123039388296
414.045,-0.2,-0.062030640931702116,0.4468803825912109
414.05,-0.2,-0.06205790843325376,0.009262920499999855
414.055,-0.2,-0.061950780098321695,0.22439435201811403
414.06,-0.2,-0.06158067911204811,0.0035662889865134065
414.065,-0.2,-0.06080117476144151,-0.23192590256750886
414.07,-0.2,-0.05952788381372468,-0.3337923017122072
414.075,-0.2,-0.057799826234870615,-0.15944876286023582
414.08,-0.2,-0.0557714825118686,-0.09977499647041337
414.085,-0.2,-0.053641422884098434,0.08365408940821284
414.09,-0.2,-0.05156748546243091,0.2824630418188878
414.095,-0.2,-0.04960627496724023,0.040595855527131616
414.1,-0.2,-0.04771417733630077,-0.03310684871024815
414.105,-0.2,-0.04581894909430873,-0.3725778794781352
414.11,-0.2,-0.04391275811176932,-0.2919581353711791
414.115,-0.2,-0.042100302815837515,-0.22659958010728914
414.12,-0.2,-0.04056878245410769,-0.004972597767412025
414.125,-0.2,-0.03950619896419503,0.023639423146908867
414.13,-0.2,-0.03902409472802518,0.21087011731769867
414.135,-0.2,-0.03911885029465326,0.032921953230924644
414.14,-0.2,-0.0396836622368816,0.006148413685870262
414.145,-0.2,-0.04057032363235838,-0.3653992157797068
414.15,-0.2,-0.04167849035292708,-0.39114489495460725
414.155,-0.2,-0.043023781738142114,-0.3344452699095468
414.16,-0.2,-0.04473000413062169,-0.009028942618634885
414.165,-0.2,-0.04693137825701018,0.41148177350230863
414.17,-0.2,-0.0496403000513664,0.25868019754918875
414.175,-0.2,-0.05268452443446681,0.11764418099004137
414.18,-0.2,-0.05576587333987114,-0.07049955762675406
414.185,-0.2,-0.05858080629470688,-0.22047654486543466
414.19,-0.2,-0.06092296932378937,-0.3467909527551037
414.195,-0.2,-0.06273786786809547,-0.33684011273406345
414.2,-0.2,-0.06411634330535149,-0.04412836179026218
414.205,-0.2,-0.06521942545206783,0.11624636644648251
414.21,-0.2,-0.06617416694067585,0.09845283073028052
414.215,-0.2,-0.06701499382746229,0.02802832559325702
414.22,-0.2,-0.06770551325304042,-0.27323369165584516
414.225,-0.2,-0.06820925223466298,-0.1331512913185362
414.23,-0.2,-0.06854756929278538,-0.3249481246081005
414.235,-0.2,-0.06881801276508442,-0.3428583567763128
414.24,-0.2,-0.06918477694558127,-0.08617823594760707
414.245,-0.2,-0.06982950511191749,0.10613969672273549
414.25,-0.2,-0.07086299580277955,0.24086073612021255
414.255,-0.2,-0.07225797163837266,0.11160398113874545
414.26,-0.2,-0.0738555721892738,0.020181302360619102
414.265,-0.2,-0.07543964249480163,-0.2741158075848392
414.27,-0.2,-0.07684127799726471,-0.4669940808300908
414.275,-0.2,-0.07802824434425844,-0.4324618973229821
414.28,-0.2,-0.07911917669946777,0.028070350588306356
414.285,-0.2,-0.08029076980665066,0.1477737740975445
414.29,-0.2,-0.08164653628784892,0.12900144490699697
414.295,-0.2,-0.08314676760233947,0.35772093100099744
414.3,-0.2,-0.08461420101213231,0.0022485495496729624
414.305,-0.2,-0.08580264620877966,-0.3523337121844947
414.31,-0.2,-0.08652136208472293,-0.37246674252743306
414.315,-0.2,-0.08673630075393962,-0.3078714852029104
414.32,-0.2,-0.08656735177590553,-0.08062333105626536
414.325,-0.2,-0.08619934512869859,0.0953947331178849
414.33,-0.2,-0.08577671505145121,0.1321101936311651
414.335,-0.2,-0.08533558044019884,0.28548032530820605
414.34,-0.2,-0.08479320468128455,-0.037212533171792773
414.345,-0.2,-0.08400544493461548,-0.34037046375126967
414.35,-0.2,-0.08288152255720392,-0.47962648587938156
414.355,-0.2,-0.08147937428877067,-0.30351140238366536
414.36,-0.2,-0.08000119783485464,-0.12740764250384
414.365,-0.2,-0.07869241319153206,0.2718833812560715
414.37,-0.2,-0.0777162711299691,0.06874690195634928
414.375,-0.2,-0.07709228778539376,0.0552152139847515
414.38,-0.2,-0.07673095087040936,-0.12408263286882076
414.385,-0.2,-0.0765188990832865,-0.3365990806026119
414.39,-0.2,-0.07640113926279311,-0.3261642292770753
414.395,-0.2,-0.0764214775383596,-0.19324425891655034
414.4,-0.2,-0.07669509670163197,-0.07204728817239454
414.405,-0.2,-0.07732991671191602,0.2566109785475591
414.41,-0.2,-0.0783418972950212,0.13750140193195853
414.415,-0.2,-0.07961559711774287,0.13531538179498273
414.42,-0.2,-0.08094144844770422,-0.1984242556926667
414.425,-0.2,-0.08211101278041762,-0.3347589237018153
414.43,-0.2,-0.08301778918786135,-0.44445227854385105
414.435,-0.2,-0.08370477765021928,-0.20012109780444265
414.44,-0.2,-0.08432963274594679,-0.18303845947878464
414.445,-0.2,-0.08507440480309571,0.18780334240227387
414.45,-0.2,-0.08604302569920551,0.33222732692724033
414.455,-0.2,-0.08718941932493672,0.07323630551394937
414.46,-0.2,-0.08833333175791101,-0.11320872872861731
414.465,-0.2,-0.08925975252320457,-0.13992920258230038
414.47,-0.2,-0.0898168154928596,-0.29513407151629195
414.475,-0.2,-0.0899645554412949,-0.3519713966838923
414.48,-0.2,-0.08977890067104558,-0.052060046554693644
414.485,-0.2,-0.08939759251577757,0.1461056011519675
414.49,-0.2,-0.0889147459265629,0.41340569731922494
414.495,-0.2,-0.08829615637499276,0.03146466179595839
414.5,-0.2,-0.08739426336149067,-0.11697510350658652
414.505,-0.2,-0.08605334542127831,-0.25145635309785214
414.51,-0.2,-0.08421224175869109,-0.3076899586012893
414.515,-0.2,-0.08194898726282207,-0.46752928960908025
414.52,-0.2,-0.07947322021047065,-0.08366168008507516
414.525,-0.2,-0.07705609484855425,0.17984191864053656
414.53,-0.2,-0.07490723093197575,0.25363522892858864
414.535,-0.2,-0.0730848635702373,0.07322706481213534
414.54,-0.2,-0.0715149108435632,-0.23657941089870024
414.545,-0.2,-0.07009494952018534,-0.258407279954151
414.55,-0.2,-0.06878899345077424,-0.19434137423119743
414.555,-0.2,-0.06765409443270395,-0.40092964343852877
414.56,-0.2,-0.0668229834918088,-0.1530354152633787
414.565,-0.2,-0.0664634502802558,0.005789421483040735
414.57,-0.2,-0.06669959328077892,0.3271246844749539
414.575,-0.2,-0.06752315290837163,0.202900422571777
414.58,-0.2,-0.06876765032789041,0.0016213673204378137
414.585,-0.2,-0.07018368460551469,-0.3743591137853588
414.59,-0.2,-0.07156787035687509,-0.26685053647255647
414.595,-0.2,-0.07284608477863362,-0.26404183132747355
414.6,-0.2,-0.07405778691464282,0.05259824371556618
414.605,-0.2,-0.07526533130320065,0.30799723027581005
414.61,-0.2,-0.07644933543330924,0.22227213247991223
414.615,-0.2,-0.07746408593696645,0.09989974532208198
414.62,-0.2,-0.07808173723080669,0.04254403254926388
414.625,-0.2,-0.07807759922444336,-0.18729411977622
414.63,-0.2,-0.07731815751598582,-0.5776254160468139
414.635,-0.2,-0.07583956610509857,-0.30327437773083704
414.64,-0.2,-0.0738518576361778,0.08092118505495519
414.645,-0.2,-0.07162979799603664,0.029382059444858402
414.65,-0.2,-0.06937501765551041,0.46086251986452875
414.655,-0.2,-0.06714074703784746,0.056148115708154755
414.66,-0.2,-0.06484477570198444,0.014011130316911077
414.665,-0.2,-0.06236518968049388,-0.4440091135070195
414.67,-0.2,-0.05966906074118853,-0.5238423000529975
414.675,-0.2,-0.05689500995115512,-0.3203382265118397
414.68,-0.2,-0.05433263951325807,-0.19781037321905282
414.685,-0.2,-0.05231692374686109,0.006152459468463822
414.69,-0.2,-0.05111296839897835,0.11953249381006338
414.695,-0.2,-0.050842707053133124,0.11406198519130117
414.7,-0.2,-0.05147719287509806,-0.17387501356050974
414.705,-0.2,-0.05290380943869669,-0.346461090598186
414.71,-0.2,-0.05503095529164895,-0.4548095440684673
414.715,-0.2,-0.05785773861065236,-0.30476177655986175
414.72,-0.2,-0.0614585740479285,0.0199473403595586
414.725,-0.2,-0.06588444110552068,0.3696634138167765
414.73,-0.2,-0.0710429919137004,0.23861147011240713
414.735,-0.2,-0.07665649697256108,0.03464628927480795
414.74,-0.2,-0.08233636873203676,-0.09824264634353774
414.745,-0.2,-0.08770780021699857,-0.2615307016358289
414.75,-0.2,-0.09250804257304263,-0.3881107297809886
414.755,-0.2,-0.09663111173551783,-0.19417279265373844
414.76,-0.2,-0.10010193806295585,0.03552680507791239
414.765,-0.2,-0.10298334270514692,0.24370546875561352
414.77,-0.2,-0.10527564711862973,0.15886427583996438
414.775,-0.2,-0.10688037369315714,0.08233174155815148
414.78,-0.2,-0.1076356454417536,0.11849561146545479
414.785,-0.2,-0.1073839597348084,-0.3847120235535117
414.79,-0.2,-0.10605839898135956,-0.4217956938340307
414.795,-0.2,-0.10376311305676476,-0.4474024720384723
414.8,-0.2,-0.1007812110324084,-0.18166314604123354
414.805,-0.2,-0.0974843139785008,0.15560055458826325
414.81,-0.2,-0.09418970369992626,0.3280416587891588
414.815,-0.2,-0.0910509159256092,0.05796026639419182
414.82,-0.2,-0.08806230660639479,-0.19896130333508985
414.825,-0.2,-0.08516857171915307,-0.3444685079646254
414.83,-0.2,-0.0823831348965919,-0.42940897443384657
414.835,-0.2,-0.07984443317847864,-0.4724019367286556
414.84,-0.2,-0.07780217978909008,-0.1695972905769405
414.845,-0.2,-0.07653350161870048,0.23590372749485317
414.85,-0.2,-0.07621297572319016,0.16931672840395648
414.855,-0.2,-0.07682608811481721,0.11629970060080282
414.86,-0.2,-0.07819174471828068,-0.09038757250920436
414.865,-0.2,-0.08006449004076419,-0.3928807527095529
414.87,-0.2,-0.08224985180623945,-0.3081472777282105
414.875,-0.2,-0.08466556710726385,-0.1707531452399968
414.88,-0.2,-0.08731645901819693,-0.14333529478480367
414.885,-0.2,-0.0902205979604634,0.19926837778317408
414.89,-0.2,-0.09333500753645164,0.11811338376981338
414.895,-0.2,-0.09650715032363151,0.33866316685850006
414.9,-0.2,-0.09947522970777604,-0.030093959122120713
414.905,-0.2,-0.10193579222740871,-0.33375487255955094
414.91,-0.2,-0.10366612472928122,-0.4578126700031809
414.915,-0.2,-0.10462694645471578,-0.42557445987443054
414.92,-0.2,-0.10496381256500942,0.007941034810765718
414.925,-0.2,-0.10490244334846231,0.08467852987366509
414.93,-0.2,-0.10461310719665697,0.2791178201300814
414.935,-0.2,-0.10412962470354999,0.17297213858663826
414.94,-0.2,-0.10335755977341751,-0.11397735199810738
414.945,-0.2,-0.10215576682161827,-0.12984379836305457
414.95,-0.2,-0.10043985734243811,-0.5026694891430175
414.955,-0.2,-0.0982584042298126,-0.3825656341181921
414.96,-0.2,-0.09581220131189211,-0.27637178680861485
414.965,-0.2,-0.09338935085603883,0.20881771920001885
414.97,-0.2,-0.09123346061101154,0.2343203256686896
414.975,-0.2,-0.08943227273510983,0.18254593256673934
414.98,-0.2,-0.08791155383581588,-0.17557246053922482
414.985,-0.2,-0.08653586010392589,-0.38923875032431393
414.99,-0.2,-0.08523905768941216,-0.454548527467549
414.995,-0.2,-0.08408520198906146,0.015050360827698284
415.0,-0.2,-0.08321389564017909,-0.06441423110477816
415.005,-0.2,-0.08273308547022198,0.18052955263785198
415.01,-0.2,-0.08264410536827038,0.29109743597743587
415.015,-0.2,-0.08281324242027029,0.18855045633327414
415.02,-0.2,-0.08299579422869978,-0.06728005741952284
415.025,-0.2,-0.0829231195203411,-0.2024731130691479
415.03,-0.2,-0.08240934333807004,-0.36096692480608517
415.035,-0.2,-0.08141156501342996,-0.10517859946160768
415.04,-0.2,-0.08001192372838556,-0.1229741353675689
415.045,-0.2,-0.07834079635567145,0.24417368258126224
415.05,-0.2,-0.0764856251301408,0.23919370882702976
415.055,-0.2,-0.07443295013227996,0.08413138980614496
415.06,-0.2,-0.07208916187792805,-0.18223178016893937
415.065,-0.2,-0.06936669956988205,-0.12345732037448898
415.07,-0.2,-0.0662627987521669,-0.40099448329900356
415.075,-0.2,-0.06290058766790133,-0.5026344702223925
415.08,-0.2,-0.05953796304933519,-0.17961329407811477
415.085,-0.2,-0.05650559038119421,0.23786255560110262
415.09,-0.2,-0.05406997155928474,0.19059652592620896
415.095,-0.2,-0.052322882505114104,0.25143593267161907
415.1,-0.2,-0.051179090324051296,-0.07814086480373664
415.105,-0.2,-0.05046207926089959,-0.1430103332445308
415.11,-0.2,-0.05001407831163296,-0.3674779668873682
415.115,-0.2,-0.04977576801282047,-0.30845933129209957
415.12,-0.2,-0.049800959035517685,-0.06574010584885775
415.125,-0.2,-0.05019211993980215,0.23735484549715058
415.13,-0.2,-0.05099600870351945,0.06237339763178726
415.135,-0.2,-0.052143481899821736,0.2284482414747712
415.14,-0.2,-0.05345997638020772,0.1133850897028425
415.145,-0.2,-0.05471978427140697,-0.32633580542238977
415.15,-0.2,-0.05573546727816626,-0.21345818932449231
415.155,-0.2,-0.05644048537492625,-0.3557782401267923
415.16,-0.2,-0.056893936250522296,0.15895667577501457
415.165,-0.2,-0.05719745650656306,0.17955005876355307
415.17,-0.2,-0.05739113863707576,0.1592744138888686
415.175,-0.2,-0.057414351390452555,0.05921773535508061
415.18,-0.2,-0.05714751188860642,-0.09833719063089916
415.185,-0.2,-0.05648083723225262,-0.04674479887441091
415.19,-0.2,-0.055370857426388594,-0.4632217030514855
415.195,-0.2,-0.053880843655054834,-0.16726282705383294
415.2,-0.2,-0.052180099648552705,-0.042736528468677766
415.205,-0.2,-0.05047431669870612,0.11097726085294826
415.21,-0.2,-0.048907245986107024,0.33737292294676324
415.215,-0.2,-0.04749783861712327,0.08728607616787465
415.22,-0.2,-0.0461524357452882,-0.11029175658133472
415.225,-0.2,-0.044746905513741615,-0.09292394622092076
415.23,-0.2,-0.043212183373429615,-0.3168070715921375
415.235,-0.2,-0.04158340948304072,-0.45160886417093926
415.24,-0.2,-0.040018254134718045,-0.17527759936327095
415.245,-0.2,-0.03875082638964196,0.2412256995022078
415.25,-0.2,-0.037970250754958565,0.20165103461794687
415.255,-0.2,-0.037711505196532304,0.36766251286012885
415.26,-0.2,-0.037846157447207714,-0.24076311609855686
415.265,-0.2,-0.03817952475009852,-0.2419695442442445
415.27,-0.2,-0.03858475458453029,-0.43847027719515047
415.275,-0.2,-0.03908138403689711,-0.38460327604804634
415.28,-0.2,-0.03982797238080486,-0.2225481246786584
415.285,-0.2,-0.041042499289199307,0.23754401902202654
415.29,-0.2,-0.042879127607293684,0.12021376589256444
415.295,-0.2,-0.04533873185524624,0.1740703012238561
415.3,-0.2,-0.048271328294847086,0.039323506030736734
415.305,-0.2,-0.05144583295244881,-0.19428214593490545
415.31,-0.2,-0.054642494831081266,-0.26402541221661985
415.315,-0.2,-0.05772863571838751,-0.24465435146284864
415.32,-0.2,-0.06066676076672091,0.22075360862672683
415.325,-0.2,-0.0634368993682944,0.28258491033357863
415.33,-0.2,-0.065937041050797,0.27235542207671204
415.335,-0.2,-0.06794930987017388,0.2686692615444669
415.34,-0.2,-0.06918640275464871,-0.06181631594322134
415.345,-0.2,-0.06938412976266242,-0.18074579486416525
415.35,-0.2,-0.0684011741978739,-0.33410662859584955
415.355,-0.2,-0.06627582452057355,-0.21861140823345412
415.36,-0.2,-0.06320242292022432,0.1017343174791702
415.365,-0.2,-0.05943502049155977,0.14203808584553201
415.37,-0.2,-0.05518120604195235,0.2097745287671427
415.375,-0.2,-0.05055242111446105,0.14950345001760457
415.38,-0.2,-0.04558011299088414,-0.04142712125501303
415.385,-0.2,-0.040285440939864824,-0.49588303075165824
415.39,-0.2,-0.03478427925835675,-0.48825759018102527
415.395,-0.2,-0.02935679482548494,-0.31849511785833456
415.4,-0.2,-0.02440952419451943,-0.10719780514280723
415.405,-0.2,-0.020351174842008712,0.17921095901297746
415.41,-0.2,-0.017462685228495253,0.20814721946941803
415.415,-0.2,-0.015830209666388737,0.05236725894304528
415.42,-0.2,-0.015371578391601063,-0.06747230900937153
415.425,-0.2,-0.015923448127449964,-0.14436247108910646
415.43,-0.2,-0.017328439969021756,-0.35863173880612365
415.435,-0.2,-0.019493768800018307,-0.2543015188078329
415.44,-0.2,-0.022403194872734733,-0.06944055061947407
415.445,-0.2,-0.026063367221510415,0.19247203029197338
415.45,-0.2,-0.030410213090417665,0.3224906899624181
415.455,-0.2,-0.03523886925244387,0.2853802380351851
415.46,-0.2,-0.04020947612272539,-0.016908069109243515
415.465,-0.2,-0.04493959459241291,-0.27722966519464676
415.47,-0.2,-0.04912955466205633,-0.17719254604791046
415.475,-0.2,-0.05263451799974443,-0.27770567507713895
415.48,-0.2,-0.05545455767417117,-0.06879907741806106
415.485,-0.2,-0.05766862907516527,0.2349754933916558
415.49,-0.2,-0.059337016759708074,0.29192192569674424
415.495,-0.2,-0.06042123183314952,0.25610080439223737
415.5,-0.2,-0.060788261851344796,-0.2282927467286651
415.505,-0.2,-0.060308107679295016,-0.26013616613760104
415.51,-0.2,-0.058966867477411235,-0.3029688085093075
415.515,-0.2,-0.056906047086486035,-0.21263106783756874
415.52,-0.2,-0.05437491729532338,0.06168796347145471
415.525,-0.2,-0.05163892207640388,0.0344202123366049
415.53,-0.2,-0.048894748014051026,0.2661052710095587
415.535,-0.2,-0.046221135896685146,0.26848983889825107
415.54,-0.2,-0.04357362399158236,0.005583147727706857
415.545,-0.2,-0.040843098551324286,-0.27347602792673487
415.55,-0.2,-0.03796709379657044,-0.39507392766620275
415.555,-0.2,-0.035011651574429876,-0.09646864056696441
415.56,-0.2,-0.032155067406993004,-0.1183753074885664
415.565,-0.2,-0.02960105966232354,0.16186782943049122
415.57,-0.2,-0.027487917448394017,0.27514565915131495
415.575,-0.2,-0.025828664419972502,0.18695786836205167
415.58,-0.2,-0.024509470774933723,0.049264306155085806
415.585,-0.2,-0.02335800838343939,-0.25090468746794736
415.59,-0.2,-0.02224309934497934,-0.20841829558577737
415.595,-0.2,-0.021140797560621528,-0.21607993950976342
415.6,-0.2,-0.020131016709666206,-0.08650018934779748
415.605,-0.2,-0.01933826888122915,0.174859086271202
415.61,-0.2,-0.018852751473485786,0.08462539902125352
415.615,-0.2,-0.01867729194292679,0.17874376522392177
415.62,-0.2,-0.0187277797382627,0.016857818929661445
415.625,-0.2,-0.01888093479113882,-0.2742780168819368
415.63,-0.2,-0.0190528782168748,-0.28891768202794343
415.635,-0.2,-0.019260549892122572,-0.1541820485668789
415.64,-0.2,-0.019609606768457025,-0.02652324736182907
415.645,-0.2,-0.020221897164199098,0.10808083928359338
415.65,-0.2,-0.021161789788807006,0.1340909255821611
415.655,-0.2,-0.022396539604262983,0.23514882497305029
415.66,-0.2,-0.023800248725467255,-0.09564810770527518
415.665,-0.2,-0.02521443214517327,-0.3541167499880676
415.67,-0.2,-0.026546919302774655,-0.2757206345296548
415.675,-0.2,-0.027836664221021306,-0.41559132656533293
415.68,-0.2,-0.02924079678876553,-0.05280402752333632
415.685,-0.2,-0.03095502840416583,0.17539591625471634
415.69,-0.2,-0.03310176635866114,0.22043905112899473
415.695,-0.2,-0.0356521419774701,0.24960871008697394
415.7,-0.2,-0.038430238398433535,0.0021174850545331372
415.705,-0.2,-0.041187057661921635,-0.10818945215780934
415.71,-0.2,-0.04369645734347453,-0.14729985505849558
415.715,-0.2,-0.045820409458555464,-0.21179657286416595
415.72,-0.2,-0.04752691464440902,-0.20507696585610768
415.725,-0.2,-0.0488724214620558,-0.01576538727889279
415.73,-0.2,-0.04994775942692122,0.21156153257733534
415.735,-0.2,-0.05079680524478293,0.2980226353740949
415.74,-0.2,-0.05136212899336865,0.022325814211280125
415.745,-0.2,-0.051523587297158786,-0.453612102794015
415.75,-0.2,-0.051223421143966996,-0.44873830299492545
415.755,-0.2,-0.05056374935823433,-0.14996443386681058
415.76,-0.2,-0.04978045039921205,-0.19557121775614944
415.765,-0.2,-0.04913863481379896,0.10654199999316025
415.77,-0.2,-0.048827640910515745,0.4412513244958204
415.775,-0.2,-0.04887866366874977,0.15614468001285328
415.78,-0.2,-0.04915287996086141,0.05549112723200421
415.785,-0.2,-0.049427111178759996,-0.1516534569142816
415.79,-0.2,-0.049512207335834585,-0.33324997112035354
415.795,-0.2,-0.0493358226876423,-0.25381941104098305
415.8,-0.2,-0.04895764859653354,-0.08179956629467394
415.805,-0.2,-0.04851082174026312,0.07058177592861893
415.81,-0.2,-0.048111886125750146,0.13010965376507955
415.815,-0.2,-0.04779925422567184,0.11114181552644942
415.82,-0.2,-0.047527670821954277,-0.02807960908652235
415.825,-0.2,-0.04721958420313857,-0.40154341353372724
415.83,-0.2,-0.04685685270958023,-0.4679104110577133
415.835,-0.2,-0.046557828564258975,-0.4370631841561497
415.84,-0.2,-0.04656669219751915,0.08252734800425361
415.845,-0.2,-0.04713780315749523,0.21781585394421815
415.85,-0.2,-0.04840294200844284,-0.03652160652236297
415.855,-0.2,-0.05033034441764834,0.22597809604682845
415.86,-0.2,-0.05276853417617611,-0.12773979379147407
415.865,-0.2,-0.055519995994829825,-0.32421482066967283
415.87,-0.2,-0.05843225698268129,-0.34204000063018275
415.875,-0.2,-0.06145986628820943,-0.17904249747920425
415.88,-0.2,-0.06464825403324606,-0.20495915937486905
415.885,-0.2,-0.06806737965698835,0.14647927151064782
415.89,-0.2,-0.07172802702397224,0.419130070171643
415.895,-0.2,-0.07550126774171335,0.23571252859758562
415.9,-0.2,-0.07910713543534645,0.0030340719372651953
415.905,-0.2,-0.08220713302929597,-0.17331655236092683
415.91,-0.2,-0.08453312889432842,-0.3247883282704334
415.915,-0.2,-0.08597192285283686,-0.29907675385332283
415.92,-0.2,-0.08656970062386357,0.06498587445212459
415.925,-0.2,-0.08645551111294512,0.07122785865784077
415.93,-0.2,-0.08573536875728544,0.3176680390108294
415.935,-0.2,-0.08442175186600036,0.2600924887561106
415.94,-0.2,-0.08243293838433126,-0.20378839542636196
415.945,-0.2,-0.07967251809154025,-0.15356664359414532
415.95,-0.2,-0.07613137667361419,-0.2561837227078927
415.955,-0.2,-0.07193097414474739,-0.2905442198928406
415.96,-0.2,-0.0673036431835916,-0.07316693845999922
415.965,-0.2,-0.06252429875315889,0.31110503251698524
415.97,-0.2,-0.057800004537522556,0.3281557384133785
415.975,-0.2,-0.053191709008913006,-0.012411353268254571
415.98,-0.2,-0.0486542693738305,-0.29391661876342207
415.985,-0.2,-0.044157220256366043,-0.1496617765095897
415.99,-0.2,-0.039769246731695206,-0.42961496223759343
415.995,-0.2,-0.03567219173460507,-0.3266098236072975
416.0,-0.2,-0.03213565415540362,-0.1472750946861962
416.005,-0.2,-0.029444432773231062,0.22474757280886232
416.01,-0.2,-0.0277867024683951,0.18388843044364633
416.015,-0.2,-0.027174780743080846,0.250664414003879
416.02,-0.2,-0.027453127937456853,-0.07463971587606666
416.025,-0.2,-0.028384616450043976,-0.23665466825474277
416.03,-0.2,-0.029766713114585768,-0.386739978685513
416.035,-0.2,-0.031513826732787326,-0.3024214646126857
416.04,-0.2,-0.033660663296175314,-0.07576877266401194
416.045,-0.2,-0.036283824097009726,0.27978909300356425
416.05,-0.2,-0.03938303593706867,0.3402757487758199
416.055,-0.2,-0.04280115457082818,0.19627443667234565
416.06,-0.2,-0.04624835872416852,-0.12919228723704065
416.065,-0.2,-0.04941979824292901,-0.35521321542817386
416.07,-0.2,-0.052127412301053756,-0.3881586794599731
416.075,-0.2,-0.05436601483304705,-0.3660877076777549
416.08,-0.2,-0.056286798220815226,-0.05967722808646878
416.085,-0.2,-0.05809491181920903,0.2658877654411858
416.09,-0.2,-0.0599118059906895,0.46678573297265136
416.095,-0.2,-0.061682314854124516,0.05550697427788612
416.1,-0.2,-0.06320736580025486,-0.15726892837709952
416.105,-0.2,-0.06427748846032119,-0.23810147340514135
416.11,-0.2,-0.06479270423664402,-0.387403347133937
416.115,-0.2,-0.0647997605498536,-0.07763847572956686
416.12,-0.2,-0.06445261239964618,-0.17304849654203525
416.125,-0.2,-0.0639264522753656,0.39729465330743946
416.13,-0.2,-0.06332308039576875,0.08744071310611079
416.135,-0.2,-0.06262265431046396,0.13012498500942626
416.14,-0.2,-0.06171572767787286,-0.004129900587963031
416.145,-0.2,-0.060482924354352714,-0.3443020135648241
416.15,-0.2,-0.05888710366282299,-0.5327990079191126
416.155,-0.2,-0.057046266428914624,-0.2709666811727808
416.16,-0.2,-0.05522274348185534,-0.1746978851580018
416.165,-0.2,-0.05371845267585356,0.23858726691787263
416.17,-0.2,-0.05274217044287157,0.2871418318966697
416.175,-0.2,-0.05232952281312413,-0.01819304608669023
416.18,-0.2,-0.05237193443652942,-0.10462927137424216
416.185,-0.2,-0.05272138116974336,-0.2205053681645019
416.19,-0.2,-0.05327677544659751,-0.17968918121261795
416.195,-0.2,-0.054011634848337306,-0.23867903701436652
416.2,-0.2,-0.05495995048038958,-0.051576909292830125
416.205,-0.2,-0.05617068618049224,0.1715877979809437
416.21,-0.2,-0.05763863150828492,0.2167012361528502
416.215,-0.2,-0.059250106535087034,0.2534491351081049
416.22,-0.2,-0.06078686935707995,-0.024108705723848302
416.225,-0.2,-0.062000869896649595,-0.3549728829667175
416.23,-0.2,-0.06272450986094398,-0.1891802424514021
416.235,-0.2,-0.06293361617162928,-0.21797339625484846
416.24,-0.2,-0.06272585383921506,-0.17733022111379107
416.245,-0.2,-0.06225531502592031,0.18434922422864758
416.25,-0.2,-0.061645838598639355,0.3618027957358105
416.255,-0.2,-0.060907539978804985,0.13331812149629754
416.26,-0.2,-0.05993745164269061,-0.27561142766237706
416.265,-0.2,-0.0586212322380438,-0.08888060676936282
416.27,-0.2,-0.05693631710343743,-0.4797297773429544
416.275,-0.2,-0.05499644021362115,-0.4218289627663556
416.28,-0.2,-0.05304331488858371,0.007772392420996338
416.285,-0.2,-0.05135914426779805,0.27048743518929375
416.29,-0.2,-0.05011787210355239,0.4989478336652227
416.295,-0.2,-0.04928471732216321,0.16387302937083933
416.3,-0.2,-0.04864082486508735,0.09925721341119369
416.305,-0.2,-0.04791137777513951,-0.5054395598669965
416.31,-0.2,-0.04692034193777477,-0.3323484786988463
416.315,-0.2,-0.04568062392564871,-0.3073641674765085
416.32,-0.2,-0.04437141978102948,-0.22047621811817575
416.325,-0.2,-0.04324466498258184,0.06076831354695783
416.33,-0.2,-0.04251493998346354,0.32947038804809453
416.335,-0.2,-0.04226042632177618,0.23437634496835735
416.34,-0.2,-0.04238922952848622,0.06294684492909755
416.345,-0.2,-0.042707824702035733,-0.29976531337498485
416.35,-0.2,-0.043044948978939526,-0.22821991987687737
416.355,-0.2,-0.043336294290496416,-0.16237516550341652
416.36,-0.2,-0.04361598247079849,0.02690309498588208
416.365,-0.2,-0.04393984532467473,0.27280622110487207
416.37,-0.2,-0.04430394201528229,0.060425689168863095
416.375,-0.2,-0.044609676994815384,0.3653152225312493
416.38,-0.2,-0.044679226006241725,-0.010811034600759377
416.385,-0.2,-0.044313525483841654,-0.30593350769539185
416.39,-0.2,-0.04338983465865127,-0.24127144021067154
416.395,-0.2,-0.0419328913043186,-0.22131254797143893
416.4,-0.2,-0.040091560329142385,0.12905147108161827
416.405,-0.2,-0.03803624546278566,0.40504913351179883
416.41,-0.2,-0.035846575825058596,0.14917658718192736
416.415,-0.2,-0.03347953597911737,-0.0023678302316230415
416.42,-0.2,-0.030834986694745017,0.0819334805762722
416.425,-0.2,-0.02783454815311301,-0.18756407898597616
416.43,-0.2,-0.024473259879558396,-0.34188203252353566
416.435,-0.2,-0.02086227723579081,-0.29788932132959195
416.44,-0.2,-0.017237973487664926,-0.20933255904526576
416.445,-0.2,-0.013904040669438119,0.13153994827106488
416.45,-0.2,-0.011126661415785319,0.19370571089945487
416.455,-0.2,-0.009044702861931736,0.13286336758067538
