t,reference,measured,noisy
127.785,0.2,-3.336961850081382e-06,-0.10682045890743012
127.79,0.2,-3.0021502504773614e-05,-0.1502882147412162
127.795,0.2,-0.00013882111190019608,-0.2701515545161647
127.8,0.2,-0.0004402697749675143,-0.08163147296895246
127.805,0.2,-0.0010651145064241648,0.3329677398216636
127.81,0.2,-0.002078040474601522,0.24740856804442357
127.815,0.2,-0.0034076045648580404,0.1757606314819713
127.82,0.2,-0.004870362550619555,-0.12677936668603665
127.825,0.2,-0.00627064076381305,-0.21978402853425644
127.83,0.2,-0.007493886495413896,-0.11651264924424218
127.835,0.2,-0.008537126205691638,-0.2769633390770285
127.84,0.2,-0.009485097802614074,0.014576472600209816
127.845,0.2,-0.010455367666633394,0.13408492142642947
127.85,0.2,-0.011516362707056162,0.4494721840408728
127.855,0.2,-0.012612023387473687,0.22525362447147532
127.86,0.2,-0.013562509175245901,-0.12903490436187906
127.865,0.2,-0.01415996253282701,-0.0827627404593619
127.87,0.2,-0.014280264417824155,-0.3249175355701586
127.875,0.2,-0.013940266130981146,-0.3525927558126961
127.88,0.2,-0.01329306135340856,0.09616165137645188
127.885,0.2,-0.012543948959680331,0.3785685785950697
127.89,0.2,-0.011813912366694844,0.3267018565189401
127.895,0.2,-0.011058741072297769,0.3262258604668155
127.9,0.2,-0.010104399475894695,-0.17891194677624794
127.905,0.2,-0.00876473264833354,-0.17088352136887042
127.91,0.2,-0.006957354432487194,-0.19255720838397672
127.915,0.2,-0.0047373653549615995,-0.014724701902672888
127.92,0.2,-0.002247238261310394,0.02200859036796131
127.925,0.2,0.0003622946354688386,0.28765161872010936
127.93,0.2,0.003008483129433287,0.42453828074678746
127.935,0.2,0.005734028420642053,0.4107554236147357
127.94,0.2,0.008703289274365604,-0.07064214921184056
127.945,0.2,0.012106105050159419,-0.1916955963858977
127.95,0.2,0.016023329326847458,-0.37287599475447153
127.955,0.2,0.0203530840848657,-0.15957640029185513
127.96,0.2,0.024838679966844246,-0.07718760410426123
127.965,0.2,0.029170248253368232,0.319325962650009
127.97,0.2,0.03310886777046136,0.3530249858807495
127.975,0.2,0.0365700932992834,0.20344899517110498
127.98,0.2,0.03961394506627966,0.03763130944648228
127.985,0.2,0.04235439437031248,-0.20265624530058637
127.99,0.2,0.04485748493753232,-0.1560889761903339
127.995,0.2,0.0470909766647279,-0.09859826927210995
128.0,0.2,0.04895186031125198,0.24092671246911246
128.005,0.2,0.050354369611495996,0.3683600673220891
128.009999999,0.2,0.05132073443524722,0.3657012736543946
128.014999999,0.2,0.05201376765772325,0.3571278870467003
128.02,0.2,0.05269643868889949,0.06206552281763799
128.025,0.2,0.053642782030801285,-0.03921246858253721
128.03,0.2,0.05504151612964702,-0.1417275201682736
128.035,0.2,0.05693918287171416,-0.1478472542948156
128.039999999,0.2,0.05924157119480263,-0.04453978656673972
128.044999999,0.2,0.06177146640330899,0.36245088980170787
128.05,0.2,0.06436814218102137,0.25975901598058404
128.055,0.2,0.06697025527214566,0.37680320254101435
128.06,0.2,0.06963099616472218,0.2659859499993995
128.065,0.2,0.07246917563611396,-0.151641038349896
128.07,0.2,0.07557925854964097,-0.016935280489542126
128.074999999,0.2,0.07895153384225628,-0.22773727738143085
128.08,0.2,0.08245480792535315,0.009966315947814275
128.085,0.2,0.08588711841657193,0.3315537080652598
128.09,0.2,0.08907751224737767,0.4392271701679957
128.095,0.2,0.09198244208074283,0.39434890472571826
128.1,0.2,0.0946941441996177,-0.06901992886657325
128.104999999,0.2,0.09734851820665211,0.004325296841395168
128.11,0.2,0.10001712087164905,-0.11256448503975947
128.115,0.2,0.10266825158458881,0.06856709934888972
128.12,0.2,0.1052025208917571,0.21219398027427788
128.125,0.2,0.10753022267432469,0.49634430300296023
128.13,0.2,0.10965260240950302,0.3953913391244676
128.134999999,0.2,0.11169427626869621,0.34287250691008214
128.139999999,0.2,0.11386419514587852,0.2314324281936902
128.145,0.2,0.11637178020597183,-0.16152284263947098
128.15,0.2,0.11932789955631376,-0.21480631092025962
128.155,0.2,0.12267110231609206,-0.18026819228499463
128.16,0.2,0.1261833652307807,0.35201997418052206
128.164999999,0.2,0.12960572362630915,0.27910135664551466
128.169999999,0.2,0.13276693217475347,0.46277544038973967
128.175,0.2,0.13564031244588606,0.39712387233405916
128.18,0.2,0.13832525549313646,0.20308968364684513
128.185,0.2,0.1409791972460519,0.09643295537635971
128.19,0.2,0.1437274746335341,-0.13106754834453907
128.195,0.2,0.14659041041043036,-0.09148417180925739
128.199999999,0.2,0.1494683997677353,0.2423131908726523
128.205,0.2,0.15220710201428198,0.32205925309467176
128.21,0.2,0.15469985124399316,0.44530665889020693
128.215,0.2,0.15695253821364277,0.446928250702313
128.22,0.2,0.15908157208942195,0.1855012535018736
128.225,0.2,0.1612496703872057,0.03084638898866554
128.229999999,0.2,0.16356937708178898,-0.11776358588367708
128.235,0.2,0.16603305700395218,-0.024465446549826842
128.24,0.2,0.1685147977030883,0.1979768883009622
128.245,0.2,0.1708447828360948,0.3847005252743326
128.25,0.2,0.1729058382126635,0.34169175357663406
128.255,0.2,0.1746892742435363,0.4878990270030901
128.259999999,0.2,0.17629410104699197,0.2780944602256347
128.264999999,0.2,0.1778778122353289,-0.0012479829740871182
128.27,0.2,0.17956640770444166,-0.06860509662041189
128.275,0.2,0.1813737527683341,-0.03598093143044841
128.28,0.2,0.18319179122793175,0.12929952733892736
128.285,0.2,0.18485518310990282,0.3821115582844488
128.289999999,0.2,0.18623452072004162,0.32615503245204436
128.294999999,0.2,0.18729755582848545,0.36893028762854485
128.3,0.2,0.18810202402645243,0.04641699102914737
128.305,0.2,0.18873232412772087,0.06297669591755334
128.31,0.2,0.18922803269432625,-0.04187792016077368
128.315,0.2,0.1895523734564483,0.08926255832055406
128.32,0.2,0.18960884885503726,0.044761504677499536
128.324999999,0.2,0.18929050877618445,0.5050137537858456
128.33,0.2,0.18856013414169534,0.6442092019418867
128.335,0.2,0.18752997229152402,0.48547450284115945
128.34,0.2,0.18646152010597727,0.23631878003336565
128.345,0.2,0.18566283608543718,0.008442306001273055
128.35,0.2,0.18535341895642138,-0.2171622263441926
128.354999999,0.2,0.18557305941341076,-0.09148579283958894
128.36,0.2,0.18618498743561404,0.30059821013732907
128.365,0.2,0.18697773642918922,0.28788337528745106
128.37,0.2,0.18778591150437118,0.3872579374189189
128.375,0.2,0.1885423546775366,0.21165986497098954
128.38,0.2,0.1892495496131092,-0.019566095144607998
128.384999999,0.2,0.18990611790957385,-0.023361121725299104
128.389999999,0.2,0.19044439378136274,-0.06278415626011306
128.395,0.2,0.19072060676936098,0.027178090764304254
128.4,0.2,0.19055459053794457,0.2403783123557566
128.405,0.2,0.18980214977816243,0.44542683082152956
128.41,0.2,0.1884380073792653,0.6105294436547251
128.414999999,0.2,0.18660593995819455,0.43769520883686447
128.419999999,0.2,0.1845916969012222,0.21473291164848063
128.425,0.2,0.18272049358537792,0.044952428189850784
128.43,0.2,0.18123623645926895,-0.1701077665306738
128.435,0.2,0.18022473382271398,0.018441166139534372
128.44,0.2,0.1796191525434761,0.20620090017744924
128.445,0.2,0.17928590593819624,0.40927834135311425
128.449999999,0.2,0.17913185183855962,0.42750274392317433
128.455,0.2,0.17916203470406175,0.3297711135410446
128.46,0.2,0.1794602402778772,0.10496192771972673
128.465,0.2,0.1801142831432184,0.01834576501006438
128.47,0.2,0.18113667376841544,-0.12777256701826
128.475,0.2,0.1824214998097071,-0.08493103397619468
128.479999999,0.2,0.18375902314544462,0.24723777819284537
128.485,0.2,0.18491530952406768,0.35992124787864516
128.49,0.2,0.18573368539775945,0.3643394205971098
128.495,0.2,0.18618966781299945,0.49372741852749313
128.5,0.2,0.18638772035252485,0.35482720735385415
128.505,0.2,0.1865124832174304,-0.010363759725380065
128.509999999,0.2,0.18673541106770317,0.005853945159430121
128.514999999,0.2,0.187124319435111,-0.09472673074664559
128.52,0.2,0.18761923646903808,0.10764825580924456
128.525,0.2,0.1880888484475388,0.5399798627829999
128.53,0.2,0.18844719988476397,0.6766886802809128
128.535,0.2,0.18875726951906496,0.4310144957531961
128.539999999,0.2,0.18922089186604188,0.06966433884925732
128.544999999,0.2,0.1900592611630145,0.14819783029436306
128.55,0.2,0.19139240875033572,-0.23403384771866476
128.555,0.2,0.19318403111371588,0.05185978921533764
128.56,0.2,0.19526208126582914,0.2891893533885941
128.565,0.2,0.19741704270860075,0.5033309841175433
128.57,0.2,0.19952519275743458,0.6209335622271148
128.574999999,0.2,0.20161101338869036,0.3185067403466117
128.58,0.2,0.20380988792450214,0.21205150438049247
128.585,0.2,0.20626366960883927,-0.03375075946739374
128.59,0.2,0.20901844960678687,-0.12453602903952524
128.595,0.2,0.21197358237035188,-0.008043160406835033
128.6,0.2,0.2149010015558555,0.08371744467761033
128.604999999,0.2,0.21752972317698657,0.5226984261395138
128.61,0.2,0.21965781299760678,0.3661087778610349
128.615,0.2,0.22122493073075067,0.4311974984018015
128.62,0.2,0.22230012103081478,0.15884134454601823
128.625,0.2,0.22300564594285252,0.040648886956473514
128.63,0.2,0.22343030217239243,0.01636834711473041
128.634999999,0.2,0.2235819982250781,0.08929298161456596
128.639999999,0.2,0.22340538515676667,0.3309477918113275
128.645,0.2,0.2228442385474094,0.25672682158650884
128.65,0.2,0.2218995217894587,0.46358375362261894
128.655,0.2,0.22065758372658387,0.45263299294308756
128.66,0.2,0.2192905145729882,0.32855590504874965
128.664999999,0.2,0.21801294359228565,-0.015819198860194273
128.669999999,0.2,0.21698730182003395,-0.18234364262220826
128.675,0.2,0.21623938596713044,0.17561121169982993
128.68,0.2,0.21566880454393242,0.2159900458698051
128.685,0.2,0.21514454641440678,0.4415575959013335
128.69,0.2,0.21460313609578355,0.5741536783512176
128.695,0.2,0.21409695058827574,0.30114013354382485
128.699999999,0.2,0.2137696714309613,0.2285535491529221
128.705,0.2,0.21377338832416376,0.07064236324473336
128.71,0.2,0.21418727169106705,-0.016390079311688607
128.715,0.2,0.21497133298146964,-0.15055210533839156
128.72,0.2,0.21596192030040767,0.20467905123546237
128.725,0.2,0.2169245676723172,0.1795242933799085
128.729999999,0.2,0.21764912251115798,0.5744110931743198
128.735,0.2,0.21803949788905205,0.5094262865457624
128.74,0.2,0.21814917270747156,0.2352796567685971
128.745,0.2,0.21812305721081393,-0.037216113915757354
128.75,0.2,0.2180786925305031,0.013163008505567675
128.755,0.2,0.2180246073179101,-0.06133385195184521
128.759999999,0.2,0.21786399135664283,0.25458505235438583
128.764999999,0.2,0.21746952413399537,0.5373562524942229
128.77,0.2,0.2167875339498003,0.4339851609076282
128.775,0.2,0.21590142037520801,0.5920583486099904
128.78,0.2,0.21501618932689326,0.22493231406999123
128.785,0.2,0.21436994258850886,-0.23331925607077608
128.789999999,0.2,0.21410074342714847,-0.08668037946383349
128.794999999,0.2,0.2141642496511667,0.047861712448943106
128.8,0.2,0.21436993744747443,0.013703778190133936
128.805,0.2,0.21447655531893822,0.33593583482395284
128.81,0.2,0.21428291474240382,0.401410135573929
128.815,0.2,0.21370063821102014,0.4726141587233861
128.82,0.2,0.2127703915192499,-0.013415316392698495
128.824999999,0.2,0.21159189300928147,0.053747148774879364
128.83,0.2,0.21021900237875696,-0.24373721498549433
128.835,0.2,0.20860464810200496,0.2000363022468052
128.84,0.2,0.20663400807506963,0.21657483113486364
128.845,0.2,0.2042071537626769,0.1659394003630214
128.85,0.2,0.2012898305745806,0.2172813430779998
128.854999999,0.2,0.19792550810066908,0.6596367316367708
128.86,0.2,0.1942536187172347,0.11546384310027503
128.865,0.2,0.19048819606483963,-0.01082259847546294
128.87,0.2,0.18681923813066792,-0.05253231339103243
128.875,0.2,0.1833267864363732,-0.042775874455819575
128.88,0.2,0.1799808637255343,0.18430020225397242
128.884999999,0.2,0.17670924768738525,0.4139707043233212
128.889999999,0.2,0.17348948216022986,0.44117284393607864
128.895,0.2,0.17040853209128834,0.39748045767320095
128.9,0.2,0.1676488986850663,0.16543220238389916
128.905,0.2,0.1654157976346466,0.13244265851479128
128.91,0.2,0.16384792128224987,-0.2847637710042412
128.914999999,0.2,0.1629445220162561,-0.06843135698696409
128.919999999,0.2,0.16254995610264583,0.08436730908737615
128.925,0.2,0.16243418488404843,0.5799596076044997
128.93,0.2,0.16243631535037625,0.6143094816543194
128.935,0.2,0.1625660943985252,0.36549678325680574
128.94,0.2,0.16297837589414166,0.09712556894926734
128.945,0.2,0.16384809567063344,-0.007159632216757705
128.949999999,0.2,0.16524685569216666,-0.2609783879988469
128.955,0.2,0.16708344686667542,-0.012970184887520043
128.96,0.2,0.16912980415413734,0.22691713739081654
128.965,0.2,0.17112913703396126,0.4946617424221184
128.97,0.2,0.17292276584772953,0.48257771278126066
128.975,0.2,0.1745128649220168,0.4310321399076425
128.979999999,0.2,0.17603491120304915,0.23126409711834914
128.985,0.2,0.17767162769438472,0.09258217806468616
128.99,0.2,0.17955552056271148,-0.1111775283865102
128.995,0.2,0.18169704336405001,-0.08723453842842693
129.0,0.2,0.18396857962195698,0.08498903898237808
129.005,0.2,0.1861634121191466,0.40776409023248555
129.009999999,0.2,0.18810412203606755,0.3939968089301067
129.014999999,0.2,0.1897269909522712,0.4160264814527034
129.02,0.2,0.19109334807991846,0.3510544516607197
129.025,0.2,0.1923367331930299,-0.04597818637439372
129.03,0.2,0.19357197157432438,-0.007058426414442695
129.035,0.2,0.19481647705718994,-0.007183342871281613
129.039999999,0.2,0.19598561036862103,0.2719389606485907
129.044999999,0.2,0.19696713135654412,0.5038071364110108
129.05,0.2,0.19772508554048276,0.6263857548375512
129.055,0.2,0.19836079592041667,0.2853863541382733
129.06,0.2,0.19907943847707205,0.3086463861382115
129.065,0.2,0.20009575543082792,0.1004679810172142
129.07,0.2,0.201547509102746,-0.09497456495781587
129.074999999,0.2,0.20343784386857264,-0.07318485832218802
129.08,0.2,0.20562242826387958,0.10424625051247283
129.085,0.2,0.20787145703713605,0.45579431449107394
129.09,0.2,0.20999173039473054,0.6532312192637076
129.095,0.2,0.21193531480462488,0.49585179657776485
129.1,0.2,0.21380689787070953,0.046906388725829085
129.104999999,0.2,0.21575459156178908,0.026263177760131706
129.11,0.2,0.21784440316070397,0.04292437775867275
129.115,0.2,0.22001337649090655,-0.12620005134169426
129.12,0.2,0.22208251827384334,-0.0720394299063612
129.125,0.2,0.22379922739121094,0.4224019246764405
129.13,0.2,0.224936919772073,0.5886559350451679
129.134999999,0.2,0.22541756701092142,0.515110883430484
129.139999999,0.2,0.22535053854436796,0.3071421504357176
129.145,0.2,0.2249534786773536,-0.0007406634639997665
129.15,0.2,0.22441864858563298,-0.14004840698599008
129.155,0.2,0.22381298231336663,0.05370901341459926
129.16,0.2,0.22306508434590702,-0.10230785095935005
129.164999999,0.2,0.2220296887745066,0.5995467466833186
129.169999999,0.2,0.22060395473818864,0.6279067303321352
129.175,0.2,0.21883530662081935,0.3092481675804257
129.18,0.2,0.2169167836506937,0.21918505721150627
129.185,0.2,0.21507600750777342,0.026043385804156584
129.19,0.2,0.2134621992540214,-0.19499317698452773
129.195,0.2,0.21208403172507137,0.03296819661721112
129.199999999,0.2,0.21082338780373203,0.28904296634646237
129.205,0.2,0.20952841185061002,0.3486934831636411
129.21,0.2,0.2081181285060546,0.522705753501509
129.215,0.2,0.20663343633605158,0.39370329011194083
129.22,0.2,0.20522553364207333,0.3579112073348337
129.225,0.2,0.2040931504096677,0.01110618807721556
129.229999999,0.2,0.2033880182666067,-0.09417850134024956
129.235,0.2,0.2031348841882883,0.02348308478627662
129.24,0.2,0.20322275148424768,0.1175807977506614
129.245,0.2,0.20347143887315497,0.3251240103662821
129.25,0.2,0.20373026834511138,0.6471389181626451
129.255,0.2,0.20397024898348404,0.5822108128909591
129.259999999,0.2,0.20431403852130678,0.19619904400146032
129.264999999,0.2,0.20496324652236506,0.22954665505177
129.27,0.2,0.20608126786760572,-0.043050698966032856
129.275,0.2,0.20771729500837513,0.0863080316125429
129.28,0.2,0.20980286373382953,0.37235463513900824
129.285,0.2,0.21221942489383072,0.4060739124767226
129.289999999,0.2,0.21488659244176508,0.469423309623304
129.294999999,0.2,0.21780865535865848,0.5787794598712777
129.3,0.2,0.2210708698299437,0.2543739920748008
129.305,0.2,0.2247829435215447,-0.012525202653638693
129.31,0.2,0.22898361542537923,0.10986412409887161
129.315,0.2,0.2335818035461028,0.030212219931152383
129.32,0.2,0.23837836071152105,0.2858224951241456
129.324999999,0.2,0.24313851432983247,0.38380042087343247
129.33,0.2,0.2476734450213263,0.4603099219681518
129.335,0.2,0.251893891413337,0.45887603455070164
129.34,0.2,0.25580866101863275,0.18769882150723233
129.345,0.2,0.25946257103758835,-0.04703250837335086
129.35,0.2,0.2628359259163071,-0.2946494709786124
129.354999999,0.2,0.2657664967307233,-0.06014823158335497
129.36,0.2,0.26796081055168697,0.12037866255412644
129.365,0.2,0.26909813896592344,0.37036119628097214
129.37,0.2,0.26896120864282463,0.5742943193790493
129.375,0.2,0.26751906168555306,0.2983271493083852
129.38,0.2,0.26491416653602695,0.18213459561933604
129.384999999,0.2,0.26136277064294244,-0.11760077353145164
129.389999999,0.2,0.2570386876360844,-0.08908661697647698
129.395,0.2,0.25201205911358676,0.01741444538566556
129.4,0.2,0.24627091312667945,0.19731594105552985
129.405,0.2,0.23980062323733795,0.38705113680144543
129.41,0.2,0.23266502857835528,0.34634590331392456
129.414999999,0.2,0.2250430463973872,0.41565223818348424
129.419999999,0.2,0.2172108701656549,0.2441485390357987
129.425,0.2,0.20947806760725504,-0.11209572593341921
129.43,0.2,0.20208931618675774,-0.13516769517517774
129.435,0.2,0.19514134729620178,-0.17082552661892367
129.44,0.2,0.1885822498221083,0.28852961225313556
129.445,0.2,0.1823024909852851,0.3079541416590699
129.449999999,0.2,0.17625738638775112,0.6800799653844533
129.455,0.2,0.17054709753267816,0.4025481321614775
129.46,0.2,0.1654060129536143,0.16601890860320845
129.465,0.2,0.16109855930445538,-0.07048219555083052
129.47,0.2,0.15778964516295735,-0.10133031278596694
129.475,0.2,0.15547338724901363,-0.15106147646943996
129.479999999,0.2,0.15398324901237545,0.09611527924833169
129.485,0.2,0.1530666297403496,0.25631150414247383
129.49,0.2,0.1524903703018365,0.41427380112074547
129.495,0.2,0.15213188812053935,0.6001028080347846
129.5,0.2,0.15201582769193603,0.18077099577083514
129.505,0.2,0.15226156255346274,-0.031324318306177955
129.509999999,0.2,0.1529622051509217,-0.07684645351771047
129.514999999,0.2,0.15408847716560464,-0.17276862424625036
129.52,0.2,0.155480303682922,0.2257646149278664
129.525,0.2,0.15692375797515185,0.4090792625157264
129.53,0.2,0.15826897591517727,0.49850329725256576
129.535,0.2,0.15950745646656525,0.3935461215889018
129.539999999,0.2,0.16076027361933468,0.2681265998805913
129.544999999,0.2,0.1622007996176965,0.05805873725073432
129.55,0.2,0.16395688393078342,-0.15543091854945096
129.555,0.2,0.16603389107274172,-0.01636218277156292
129.56,0.2,0.16830626699155105,0.20721867582955192
129.565,0.2,0.17059461181204727,0.4213945584722371
129.57,0.2,0.17276987479916395,0.3024138396853018
129.574999999,0.2,0.17480297957079935,0.32973992242822625
129.58,0.2,0.17674336874610203,0.18225548604033093
129.585,0.2,0.17866050001490824,-0.045035679704279755
129.59,0.2,0.18057667512452688,-0.006262720167959923
129.595,0.2,0.18242548072928694,0.0027577032222539932
129.6,0.2,0.18406238733226649,0.04758225763322063
129.604999999,0.2,0.18531830445401545,0.43072158174872766
129.61,0.2,0.18608248833811347,0.5166674783737323
129.615,0.2,0.1863787347352473,0.41329797868493817
129.62,0.2,0.18637212047132043,0.33829421613219524
129.625,0.2,0.18629274223741465,-0.11788916180343989
129.63,0.2,0.186319787411284,-0.0660637013546627
129.634999999,0.2,0.18649472002686174,-0.061374519320268967
129.639999999,0.2,0.18672165485550052,0.16090424921599922
129.645,0.2,0.18684953551995218,0.45867753904825487
129.65,0.2,0.18678506482126955,0.5463323724901366
129.655,0.2,0.18657104788605455,0.40309952014176215
129.66,0.2,0.18637467255652534,0.17805238723499073
129.664999999,0.2,0.18639199822533345,-0.07739388717124249
129.669999999,0.2,0.18673741775315725,0.014371090228859712
129.675,0.2,0.1873903911378021,-0.03731902390266617
129.68,0.2,0.18821561584006322,0.10027366345350736
129.685,0.2,0.1890266361308418,0.3214147235639584
129.69,0.2,0.18967092969206525,0.5198007092237324
129.695,0.2,0.19010958031033415,0.4686462188802428
129.699999999,0.2,0.19043971568069082,0.27931409138170743
129.705,0.2,0.19083209282332889,-0.021292151795896636
129.71,0.2,0.19142257422783146,0.02064194037805997
129.715,0.2,0.19223812013916627,0.06102044937059142
129.72,0.2,0.19320448273015198,0.23648857855018204
129.725,0.2,0.19421728881486014,0.5075549217592538
129.729999999,0.2,0.19522720685744824,0.37905849399504415
129.735,0.2,0.19628923113196273,0.6086303094020074
129.74,0.2,0.19755324199564053,0.16921222180560846
129.745,0.2,0.19919307824974927,-0.07212739707597988
129.75,0.2,0.20129934660295534,0.04873869307344422
129.755,0.2,0.20381465231476578,-0.09120228064095026
129.759999999,0.2,0.2065613976313112,0.46441024780827694
129.764999999,0.2,0.20934416743229828,0.5525991864203568
129.77,0.2,0.21206368186175764,0.4076752867282915
129.775,0.2,0.2147524121328539,0.37410690804791175
129.78,0.2,0.21752025849830786,0.25477502584672096
129.785,0.2,0.22047134342465505,-0.1106417048112293
129.789999999,0.2,0.22362507085670133,0.06642977999751992
129.794999999,0.2,0.22687196979196175,-0.12445735839731008
129.8,0.2,0.22999340587802938,0.24592263071873444
129.805,0.2,0.23274170501954902,0.5179731199927774
129.81,0.2,0.23495456395737976,0.5787866793334688
129.815,0.2,0.23663657060047533,0.5072507589331772
129.82,0.2,0.23794717594119844,0.28917212987715796
129.824999999,0.2,0.2391070832908468,0.00930290882538947
129.83,0.2,0.24027431963975865,-0.20376074839296893
129.835,0.2,0.24145340902646942,0.03717310276580986
129.84,0.2,0.2424947068543302,0.0433918096181895
129.845,0.2,0.24317830963098352,0.39900314778182633
129.85,0.2,0.24332777852923562,0.5353333887445634
129.854999999,0.2,0.24289904953216776,0.40759479221119044
129.86,0.2,0.24198815946894853,0.10436638608201143
129.865,0.2,0.24074331579191188,-0.055818066115260294
129.87,0.2,0.23924569210954452,-0.26918603556413256
129.875,0.2,0.23743891600117517,-0.01248307791292603
129.88,0.2,0.23515407949714645,0.2783854656537253
129.884999999,0.2,0.23221936902557308,0.37654194765087556
129.889999999,0.2,0.22856827450374356,0.29126881016169204
129.895,0.2,0.22427335833615294,0.4646044632232947
129.9,0.2,0.2195258261452353,0.36718140694306217
129.905,0.2,0.21459139580516517,0.03574089726595553
129.91,0.2,0.20972626081909818,-0.12124755215861764
129.914999999,0.2,0.2050837640096124,0.09381851017879383
129.919999999,0.2,0.20069476842314815,0.16107602111085167
129.925,0.2,0.1965283707603319,0.24056508982782787
129.93,0.2,0.1925651653819997,0.41938352770374426
129.935,0.2,0.18884588018196047,0.3709524671001566
129.94,0.2,0.18548386480583395,0.24110083966692736
129.945,0.2,0.18262381889102863,-0.010262358765589279
129.949999999,0.2,0.18035433291195346,-0.29176164233312163
129.955,0.2,0.17862899776915583,0.07497123712438772
129.96,0.2,0.17727127959165295,0.14377863218560644
129.965,0.2,0.1760656629294816,0.26224847028645176
129.97,0.2,0.174854080144025,0.4268034269521772
129.975,0.2,0.17358656820011262,0.30744395343461917
129.979999999,0.2,0.17231022077335406,-0.07078410894729062
129.985,0.2,0.17108871694374922,-0.07206847188136198
129.99,0.2,0.1699161924238527,0.06374378749370507
129.995,0.2,0.1687033041283768,-0.0545474987063563
130.0,0.2,0.1673209391697282,0.2704455050876299
130.005,0.2,0.16565921072819628,0.26478990206251735
130.009999999,0.2,0.16368749995103368,0.47933259787154736
130.014999999,0.2,0.1614924762988285,0.3729807955448222
130.02,0.2,0.15926826277668088,0.2485944943728381
130.025,0.2,0.1572486372677166,-0.11852301866301432
130.03,0.2,0.15560315688901571,-0.085261553283421
130.035,0.2,0.15436064626858126,-0.13396814879508934
130.039999999,0.2,0.15341295668985833,0.1970007007211626
130.044999999,0.2,0.15258631580263995,0.039312998825817014
130.05,0.2,0.15172215866105523,0.3809428342335219
130.055,0.2,0.15073596479080315,0.3798655425638786
130.06,0.2,0.14964939625531382,0.23966158603984
130.065,0.2,0.14856072381669508,-0.20052902403131795
130.07,0.2,0.1475418832344555,-0.21834567348032743
130.074999999,0.2,0.14654532008304727,-0.05938748900518662
130.08,0.2,0.14540926096209147,0.08308769307791668
130.085,0.2,0.1439542232031417,0.5386657111667904
130.09,0.2,0.14210072708513072,0.34432935463883635
130.095,0.2,0.139922534780399,0.14793130788557862
130.1,0.2,0.137587196345091,-0.07782640479890598
130.104999999,0.2,0.135241254327149,-0.06573406742457694
130.11,0.2,0.13293224923513267,-0.23831751881773428
130.115,0.2,0.13059055690965773,-0.09933641628287379
130.12,0.2,0.12805891267318087,0.048375444789765465
130.125,0.2,0.1251658611829753,0.2926461412402916
130.13,0.2,0.12181897927174322,0.3839123192723332
130.134999999,0.2,0.1180720280388724,0.46649520056514515
130.139999999,0.2,0.11413342506707991,0.26394510877422694
130.145,0.2,0.11029910213428601,-0.1889847715524867
130.15,0.2,0.10682518364663814,-0.1349974869974614
130.155,0.2,0.10382549449525956,-0.04894099822378073
130.16,0.2,0.10127360967364007,0.13488387841391192
130.164999999,0.2,0.09908481317711462,0.24688166494383662
130.169999999,0.2,0.09719914822185256,0.20686102053024225
130.175,0.2,0.09562055792809646,0.31441868911005394
130.18,0.2,0.0944129746245678,0.11622517257757195
130.185,0.2,0.09365524127507632,-0.2778801419312906
130.19,0.2,0.093355776259289,-0.20918336239168694
130.195,0.2,0.0933876645652308,-0.1445263159327351
130.199999999,0.2,0.09351110041347836,0.037025618308821284
130.205,0.2,0.09346576515845245,0.3075421184170409
130.21,0.2,0.09307677437520345,0.3947289951749632
130.215,0.2,0.09232960223863275,0.49628537742204565
130.22,0.2,0.09137514604494638,0.06372637100406167
130.225,0.2,0.09044211550489444,-0.20781440721244598
130.229999999,0.2,0.08969070981133248,-0.39814798023930886
130.235,0.2,0.08910792288085029,-0.10282047912983425
130.24,0.2,0.08852445224629205,0.05513511140349429
130.245,0.2,0.08772643141914774,0.21321287250260898
130.25,0.2,0.08656977722170806,0.31068545386142743
130.255,0.2,0.08503926414761367,0.2812799491986584
130.259999999,0.2,0.08324140540158351,0.03647895988273492
130.264999999,0.2,0.08132938170534645,-0.31967347769258964
130.27,0.2,0.07938945172300535,-0.2792991806142813
130.275,0.2,0.07736776349299322,-0.218634697034956
130.28,0.2,0.07509309696686792,0.01768041488120916
130.285,0.2,0.07237278648677128,0.25189493981558747
130.289999999,0.2,0.06909916430152352,0.23464121967533408
130.294999999,0.2,0.06530995919442782,0.32834212762809445
130.3,0.2,0.06117835455697335,0.023243565263681404
130.305,0.2,0.05693895355347984,-0.18385106522686598
130.31,0.2,0.05277755218558466,-0.3551250867161018
130.315,0.2,0.0487489492354758,-0.11892949031021886
130.32,0.2,0.044785543703109804,0.042172302915661694
130.324999999,0.2,0.04079115124593567,0.3678302352475913
130.33,0.2,0.036754366360587334,0.37389321759415617
130.335,0.2,0.03280831945606996,0.2436464033195858
130.34,0.2,0.029196545259043555,-0.032465252754289554
130.345,0.2,0.026160494967519172,-0.3741260794562344
130.35,0.2,0.023814072462802698,-0.2772533468905642
130.354999999,0.2,0.02208538097143708,-0.24923250976905967
130.36,0.2,0.02075636751882917,-0.058054316060885396
130.365,0.2,0.019565757519593194,0.3066338966708443
130.37,0.2,0.018326878545334536,0.26932838005206333
130.375,0.2,0.017004096901881583,0.26912954358024643
130.38,0.2,0.015703594915145072,0.06169309575230768
130.384999999,0.2,0.014589790159845836,-0.2629080788360315
130.389999999,0.2,0.01376798284804408,-0.43940078135461436
130.395,0.2,0.01319030023185496,-0.3256754995336626
130.4,0.2,0.012650857928545697,-0.07090182434748052
130.405,0.2,0.011885515120978095,0.3196345756611474
130.41,0.2,0.010710446992573314,0.1398186066801708
130.414999999,0.2,0.0091004303764444,0.25203141521415534
130.419999999,0.2,0.007174758360077021,0.1383763816250122
130.425,0.2,0.005126110238755578,-0.33102230116485665
130.43,0.2,0.0031168265870944014,-0.23194257495744652
130.435,0.2,0.0011946599182894456,-0.17831519119904016
130.44,0.2,-0.0007062085166915402,-0.1092998721903232
130.445,0.2,-0.0026972949859868723,0.15152997445568522
130.449999999,0.2,-0.004853283055170977,0.24312990215870078
130.455,0.2,-0.007154206396644097,-0.0008079695459885794
130.46,0.2,-0.0094982634388244,-0.10763430729361395
130.465,0.2,-0.011779665331159775,-0.28966918143391457
130.47,0.2,-0.0139660437011502,-0.2721453259982833
130.475,0.2,-0.016129737475739894,-0.3162749889421567
130.479999999,0.2,-0.018426437366831017,-0.035268308504218776
130.485,0.2,-0.02102384767313077,0.20810151087671255
130.49,0.2,-0.023997107804908532,0.4602157177509765
130.495,0.2,-0.027243809244894716,0.3329135278297838
130.5,0.2,-0.030480436967387815,0.1969695649492999
130.505,0.2,-0.033337119091612195,-0.2861904108046212
130.509999999,0.2,-0.035505092108046074,-0.251282289647389
130.514999999,0.2,-0.03684912448364894,-0.2994309661888321
130.52,0.2,-0.03741885684689174,-0.01722669828127539
130.525,0.2,-0.03736931127821601,0.11758559348804848
130.53,0.2,-0.03684943587855973,0.3067549532379841
130.535,0.2,-0.03592135866586919,0.12674832224907942
130.539999999,0.2,-0.03455641258238981,-0.058364872710738494
130.544999999,0.2,-0.032709301197271105,-0.33353199622424407
130.55,0.2,-0.030424898308424052,-0.5865989549561323
130.555,0.2,-0.02791427972422311,-0.357084492459993
130.56,0.2,-0.025541302242240646,-0.17664455051749023
130.565,0.2,-0.023713016354725343,0.11862140469392521
130.57,0.2,-0.022737897438280297,0.3087764574116945
130.574999999,0.2,-0.022734694960399784,-0.03249728829936788
130.58,0.2,-0.023652058633898666,-0.2409996528417816
130.585,0.2,-0.025378342297854184,-0.2329131486334765
130.59,0.2,-0.027843794412612782,-0.45743051607673335
130.595,0.2,-0.031062053200614483,-0.29172072813223304
130.6,0.2,-0.03511122734590353,0.006988903543559605
130.604999999,0.2,-0.04005354950045867,0.1497235063583807
130.61,0.2,-0.045837219593995567,0.2301151046953518
130.615,0.2,-0.05225830870035525,-0.05358801391934878
130.62,0.2,-0.0590104575621232,-0.05827035908544927
130.625,0.2,-0.06577998364541632,-0.2945892778284978
130.63,0.2,-0.07232824579287214,-0.28457114390488825
130.634999999,0.2,-0.07853190371621847,-0.25571537173870346
130.639999999,0.2,-0.0843702294990683,-0.07560135749021135
130.645,0.2,-0.08986189815115142,0.18443990333727606
130.65,0.2,-0.09498324175781879,0.08970388960676683
130.655,0.2,-0.09962825306504526,-0.044070700153524586
130.66,0.2,-0.10364432654595383,-0.15163549070833102
130.664999999,0.2,-0.10690852895351059,-0.32849916010666186
130.669999999,0.2,-0.10939838137595229,-0.5405699570752304
130.675,0.2,-0.11123755091857536,-0.41315330372350867
130.68,0.2,-0.11268214874065671,-0.0975393657301013
130.685,0.2,-0.11402775110058701,-0.009052577462181965
130.69,0.2,-0.11549331196750166,0.12446650587609288
130.695,0.2,-0.11715981645994963,-0.04888943652109466
130.699999999,0.2,-0.11898907500098858,-0.1847094504567277
130.705,0.2,-0.120896648211254,-0.2631423800550652
130.71,0.2,-0.12283194082505713,-0.5140090228028512
130.715,0.2,-0.1248307104959669,-0.30191905796640406
130.72,0.2,-0.1270130782969377,-0.18557392565439906
130.725,0.2,-0.12951651991747665,0.06276903690953436
130.729999999,0.2,-0.13239790479868885,0.3163149928060097
130.735,0.2,-0.13556763168994637,-0.14619092014601806
130.74,0.2,-0.13881643343067457,-0.14148449669572966
130.745,0.2,-0.1419220514216984,-0.4081292404607361
130.75,0.2,-0.1447522852172795,-0.48355463025735546
130.755,0.2,-0.14731108591449907,-0.28687011683512903
130.759999999,0.2,-0.14971362903256277,-0.21136787156019562
130.764999999,0.2,-0.15209942624760847,0.21743128984177784
130.77,0.2,-0.15452451992691105,0.2021905800468775
130.775,0.2,-0.15689603425033796,0.022008699528532794
130.78,0.2,-0.15900531636501958,-0.24234188807573265
130.785,0.2,-0.16064605196147838,-0.5380552890641834
130.789999999,0.2,-0.1617367610695908,-0.4597520232572048
130.794999999,0.2,-0.1623709847131907,-0.4249558124867727
130.8,0.2,-0.1627760506830937,-0.2455975191674737
130.805,0.2,-0.16321815847205035,-0.016306799942270224
130.81,0.2,-0.16389970000766754,0.07043124068785911
130.815,0.2,-0.16489433622245553,-0.12954889222779806
130.82,0.2,-0.16615544336910573,-0.07556224753349607
130.824999999,0.2,-0.1675858703713005,-0.593041576156853
130.83,0.2,-0.1691324467341812,-0.4771933031389475
130.835,0.2,-0.17085151240655774,-0.36695282999339235
130.84,0.2,-0.1728851248410587,-0.09452414986985733
130.845,0.2,-0.17536175287395603,0.05610338138079278
130.85,0.2,-0.17829898491254847,0.10579904295204964
130.854999999,0.2,-0.1815612742204851,0.15348520746659997
130.86,0.2,-0.18488668026441085,-0.26585035755264713
130.865,0.2,-0.18798073455095762,-0.389443824375973
130.87,0.2,-0.19063723407376273,-0.5146001149556414
130.875,0.2,-0.19281314743375613,-0.4971274662341132
130.88,0.2,-0.19461839238856232,-0.16068722219145484
130.884999999,0.2,-0.19622731436317117,0.0316959084816644
130.889999999,0.2,-0.19776365271166424,-0.053229419360391966
130.895,0.2,-0.19924529087559759,-0.1803778088842101
130.9,0.2,-0.20061959575497357,-0.30479683166496374
130.905,0.2,-0.20183731421369672,-0.3874559907156996
130.91,0.2,-0.20291144854205884,-0.5158738215444272
130.914999999,0.2,-0.20394265372892564,-0.3743907586881389
130.919999999,0.2,-0.20509789605481638,-0.19229629569361803
130.925,0.2,-0.20654100852119836,-0.06230820587132192
130.93,0.2,-0.20835467436993327,-0.016863885924301256
130.935,0.2,-0.2105054451568087,-0.14671652264243248
130.94,0.2,-0.21287420187384887,-0.37333851757845604
130.945,0.2,-0.2153348253902157,-0.438214266968055
130.949999999,0.2,-0.21782833848924338,-0.4428491425801149
130.955,0.2,-0.22039448833623881,-0.6594318245494767
130.96,0.2,-0.22315927064384394,-0.08665206594357298
130.965,0.2,-0.22626088066941752,0.08924302504057566
130.97,0.2,-0.22973024043394313,0.0916659558411308
130.975,0.2,-0.23342307772358123,0.0718848326776298
130.979999999,0.2,-0.2370551915760958,-0.19365608335200418
130.985,0.2,-0.2403035311547667,-0.3763828180127494
130.99,0.2,-0.24291704182593776,-0.3889739441555764
130.995,0.2,-0.2447812391352233,-0.3651980635883943
131.0,0.2,-0.24591294817242534,-0.2978010080650727
131.005,0.2,-0.24640390053416936,0.04182476191483603
131.009999999,0.2,-0.24634231858132052,-0.14014973876133788
131.014999999,0.2,-0.245762380443402,-0.132420833233126
131.02,0.2,-0.24465006292340297,-0.03384761337842768
131.025,0.2,-0.24297603345700605,-0.4393250395278035
131.03,0.2,-0.24074647899426263,-0.4917303769997937
131.035,0.2,-0.23806048768140795,-0.3098180298932799
131.039999999,0.2,-0.23511102542241105,-0.28232442020766535
131.044999999,0.2,-0.2321146349978017,0.08062452836988387
131.05,0.2,-0.22922536828437517,-0.10133533178140547
131.055,0.2,-0.22649246604605638,-0.11518180233760221
131.06,0.2,-0.22387935802701667,-0.02262627414686927
131.065,0.2,-0.22131533855042582,-0.5854235100343017
131.07,0.2,-0.21877297053880052,-0.5859474632886075
131.074999999,0.2,-0.21634131939331244,-0.28216983252119887
131.08,0.2,-0.21420799281535235,-0.19133370898976038
131.085,0.2,-0.21255398421791505,0.060155293877277666
131.09,0.2,-0.21145143153727958,0.16915880755974216
131.095,0.2,-0.21081021174187792,0.170876217278874
131.1,0.2,-0.21038972335664535,-0.13103423483846915
131.104999999,0.2,-0.2098837358412516,-0.2619640250987141
131.11,0.2,-0.2090397311090664,-0.4885451101971169
131.115,0.2,-0.20774548303239992,-0.31852827002821116
131.12,0.2,-0.20604083538020773,-0.3373660123161828
131.125,0.2,-0.2040604597910755,-0.006077708594030682
131.13,0.2,-0.2019393483470164,0.15105095220040032
131.134999999,0.2,-0.19972766178277035,-0.04921960653876
131.139999999,0.2,-0.1973760245346349,-0.15772519641521354
131.145,0.2,-0.19480668063913628,-0.5106648078116929
131.15,0.2,-0.19201355294994948,-0.44360046675786347
131.155,0.2,-0.18912106939287363,-0.5030722192870051
131.16,0.2,-0.18636957719946615,-0.2759531846007448
131.164999999,0.2,-0.18403304725147043,0.14989130647997148
131.169999999,0.2,-0.18229796762667144,0.13260738722023466
131.175,0.2,-0.18117363438055084,0.10281753141825126
131.18,0.2,-0.18050203400812492,-0.1635168386079421
131.185,0.2,-0.18005633120379672,-0.39761288668118383
131.19,0.2,-0.17965964974709137,-0.36412370917965453
131.195,0.2,-0.1792515310944644,-0.30271193455348405
131.199999999,0.2,-0.17886998060208156,-0.09256209675817909
131.205,0.2,-0.1785761145588555,0.06889624825926198
131.21,0.2,-0.17836984364428463,0.18848901813042612
131.215,0.2,-0.1781442885745506,-0.05955521604773539
131.22,0.2,-0.1777140458705743,-0.1630109037167234
131.225,0.2,-0.17690688535952176,-0.5454020989413841
131.229999999,0.2,-0.1756665837550891,-0.4912110866950526
131.235,0.2,-0.17410419443847847,-0.3994791811894944
131.24,0.2,-0.1724646612157264,-0.3198859700503387
131.245,0.2,-0.17103714325085112,-0.06075447458265179
131.25,0.2,-0.1700573149260672,0.023026785520665546
131.255,0.2,-0.16963160931816768,0.1387454096666512
131.259999999,0.2,-0.16971666485286696,-0.2437073691737789
131.264999999,0.2,-0.17017815092200167,-0.30830757204601944
131.27,0.2,-0.17089838176508304,-0.5873140245841054
131.275,0.2,-0.17185781115567011,-0.28922000478083304
131.28,0.2,-0.17313446635995355,-0.2416644790832844
131.285,0.2,-0.17483431557564627,-0.12528202034930694
131.289999999,0.2,-0.177014605132165,0.009892276442822048
131.294999999,0.2,-0.1796370602041562,0.03238623236984752
131.3,0.2,-0.1825612504909659,-0.21163635283772556
131.305,0.2,-0.18559607537713263,-0.4037011961128388
131.31,0.2,-0.18859562242244562,-0.5970803680344425
131.315,0.2,-0.1915351921921422,-0.37437796361213244
131.32,0.2,-0.19450532921315264,-0.1898206118259724
131.324999999,0.2,-0.1976224935510082,0.0741544405835344
131.33,0.2,-0.2009141800434248,0.2825788621398206
131.335,0.2,-0.20424897720593554,-0.05070904801861427
131.34,0.2,-0.207366294995415,-0.23676351497968182
131.345,0.2,-0.2099949623366878,-0.4469886380617978
131.35,0.2,-0.21197064468989532,-0.36560888045349416
131.354999999,0.2,-0.2132762689951569,-0.32560769937713213
131.36,0.2,-0.21400823762741886,-0.2720947903808716
131.365,0.2,-0.21431318996261298,-0.11025221948433085
131.37,0.2,-0.21431514372217406,0.2669810873876153
131.375,0.2,-0.21403840685138814,0.062300908323737095
131.38,0.2,-0.2133830912719672,-0.2003752199546651
131.384999999,0.2,-0.21220306709044354,-0.435259656734991
131.389999999,0.2,-0.21042827898088212,-0.4410328195764984
131.395,0.2,-0.20813458473748833,-0.48694072487029955
131.4,0.2,-0.20553481541106974,-0.34587125762073256
131.405,0.2,-0.20291323524312574,-0.08099784877830145
131.41,0.2,-0.20052312805751493,0.16640945916529024
131.414999999,0.2,-0.1984902584721209,-0.05268224378346902
131.419999999,0.2,-0.19679391805804886,-0.19722215861834283
131.425,0.2,-0.19534125076677925,-0.37198369944451326
131.43,0.2,-0.19407230060747682,-0.6055982231448712
131.435,0.2,-0.19303261620186482,-0.4052385774362006
131.44,0.2,-0.19236952528803347,-0.1156125745051858
131.445,0.2,-0.19224311055680163,-0.0050623788341645146
131.449999999,0.2,-0.19271387214354974,0.24070674692873603
131.455,0.2,-0.1936821070720958,-0.03219342581521886
131.46,0.2,-0.1949168234554968,-0.27671398619434373
131.465,0.2,-0.19616917268169587,-0.575492602951257
131.47,0.2,-0.19730175830993066,-0.5209594217458543
131.475,0.2,-0.19834404435375633,-0.37384905502662497
131.479999999,0.2,-0.1994463618148118,-0.2329688806746917
131.485,0.2,-0.20077811768885545,0.010787234334662351
131.49,0.2,-0.2024262503082718,0.1613438412186422
131.495,0.2,-0.20433317126805775,-0.02404469470176898
131.5,0.2,-0.20630994631949726,-0.13991773735510216
131.505,0.2,-0.2081223689663514,-0.40458651831537673
131.509999999,0.2,-0.20960176720327248,-0.6191795491328621
131.514999999,0.2,-0.21072670217701867,-0.4358376676042251
131.52,0.2,-0.2116245816320913,-0.23194315190969642
131.525,0.2,-0.21248096403980513,0.05037935031643653
131.53,0.2,-0.21342524591026885,-0.1783700123070487
131.535,0.2,-0.2144770877220395,0.05839097147120433
131.539999999,0.2,-0.21556075022315363,-0.20906453291169605
131.544999999,0.2,-0.21656178264504697,-0.5804146779427043
131.55,0.2,-0.2174214892377879,-0.5722983477460941
131.555,0.2,-0.21821248669908022,-0.4201349141587285
131.56,0.2,-0.21912236311594835,-0.36461250660115396
131.565,0.2,-0.2203600273690427,0.16240168133281163
131.57,0.2,-0.2220369101784226,0.14118285442834552
131.574999999,0.2,-0.22408329469547095,0.051377128846161926
131.58,0.2,-0.2262637169581422,-0.14449422484026342
131.585,0.2,-0.2282856506782544,-0.5340294585833805
131.59,0.2,-0.22993517531845964,-0.5318886090670545
131.595,0.2,-0.2311608584442423,-0.35155292669628635
131.6,0.2,-0.23205327606909565,-0.23581164745895955
131.604999999,0.2,-0.23274521297632728,0.14349479932314102
131.61,0.2,-0.23329969444710277,0.10003492699371988
131.615,0.2,-0.23364997476892907,-0.07734688387900714
131.62,0.2,-0.2336296250204824,-0.11907202253242047
131.625,0.2,-0.23306425033187647,-0.5149810891865634
131.63,0.2,-0.23186851175397435,-0.440021917447861
131.634999999,0.2,-0.23010758006917575,-0.5940306791945832
131.639999999,0.2,-0.22799317965204394,-0.2656658363780821
131.645,0.2,-0.22581058900524295,-0.12146950464096094
131.65,0.2,-0.22380728077045198,0.10249442939354611
131.655,0.2,-0.2221020405442265,-0.02839313665545544
131.66,0.2,-0.22067337849162894,-0.2888113142046342
131.664999999,0.2,-0.21943364851184566,-0.36278026138424724
131.669999999,0.2,-0.21832781876051924,-0.4979397994516045
131.675,0.2,-0.21738888198146938,-0.3677713436201744
131.68,0.2,-0.2167244710092592,-0.1375656115567961
131.685,0.2,-0.21644098842982304,0.11695796662453045
131.69,0.2,-0.21655053207217131,0.012945336243866554
131.695,0.2,-0.21693259018520217,-0.030665780929956574
131.699999999,0.2,-0.21737735105874945,-0.25978845793850386
131.705,0.2,-0.21767622736777212,-0.4409329866434286
131.71,0.2,-0.2177145249502463,-0.5773096808943181
131.715,0.2,-0.2175204533971659,-0.26359189061172716
131.72,0.2,-0.217223864331973,0.035201365252773814
131.725,0.2,-0.21694437660707083,-0.07059283772461772
131.729999999,0.2,-0.21670187418763556,0.16818311331748095
131.735,0.2,-0.21640075233376027,-0.12757126050413892
131.74,0.2,-0.21587457269569899,-0.2181484248948214
131.745,0.2,-0.2149680889495199,-0.38145475179326255
131.75,0.2,-0.21361937418867696,-0.5579049994934736
131.755,0.2,-0.21190809090620213,-0.5052858872227133
131.759999999,0.2,-0.21005060150027124,-0.331946997079725
131.764999999,0.2,-0.20832345020585485,0.11905675815149716
131.77,0.2,-0.20693110646956311,0.24534956432985047
131.775,0.2,-0.20590569853000845,-0.21126268238485255
131.78,0.2,-0.20513008964640625,-0.14151648445124526
131.785,0.2,-0.2044443197437242,-0.24044091768107154
131.789999999,0.2,-0.20373072979431833,-0.5047779732163373
131.794999999,0.2,-0.20296188351588637,-0.40351316420433825
131.8,0.2,-0.20220972137075294,-0.07974121030613837
131.805,0.2,-0.20157993619475173,0.060781750999459594
131.81,0.2,-0.2011090882199751,0.1043957913793323
131.815,0.2,-0.20071417652216228,-0.05768995715148846
131.82,0.2,-0.20022288685811315,-0.07539537389359505
131.824999999,0.2,-0.19945268925355394,-0.5252476100794399
131.83,0.2,-0.19830625599142934,-0.4975108619802248
131.835,0.2,-0.19683418452104764,-0.28868797592538736
131.84,0.2,-0.19520821208267433,-0.21199488703869107
131.845,0.2,-0.1936267786525909,-0.009329144729121455
131.85,0.2,-0.1922246632781806,0.06284258725882721
131.854999999,0.2,-0.19101956016972713,0.1367986269475143
131.86,0.2,-0.18990557517887555,-0.07487886737786345
131.865,0.2,-0.18871382490522484,-0.5545635724528287
131.87,0.2,-0.18733280947260056,-0.5177822463512607
131.875,0.2,-0.18580920798027106,-0.5583938511854106
131.88,0.2,-0.18435203974411563,-0.3629013531615082
131.884999999,0.2,-0.18324312904747053,0.11821617833744336
131.889999999,0.2,-0.1827009421723127,0.0644265844219867
131.895,0.2,-0.18278266722672495,-0.11766931371451161
131.9,0.2,-0.18340030975808533,-0.23797372323395272
131.905,0.2,-0.1844213605318942,-0.5471194601499201
131.91,0.2,-0.18576921871673543,-0.38242125534363997
131.914999999,0.2,-0.18746740828906389,-0.4853710643560267
131.919999999,0.2,-0.1896146663075188,-0.1510635928836938
131.925,0.2,-0.19230995054358754,0.017169443221871788
131.93,0.2,-0.1955632071267272,0.053793209703703784
131.935,0.2,-0.19924056586959143,0.16617515917011175
131.94,0.2,-0.2030766078398474,-0.2378676591545255
131.945,0.2,-0.20675567401329645,-0.3433347634744914
131.949999999,0.2,-0.21002556707855277,-0.4442312020059297
131.955,0.2,-0.21277436779398992,-0.47323041458985543
131.96,0.2,-0.21503118227838722,-0.14421667176041
131.965,0.2,-0.21689408745715497,0.03418889075486079
131.97,0.2,-0.21842398765198995,0.08166168995065755
131.975,0.2,-0.21957755032519732,0.01405618890654646
131.979999999,0.2,-0.22022554224273855,-0.33988721544478007
131.985,0.2,-0.22023574692696724,-0.229774320601016
131.99,0.2,-0.21955638064314872,-0.5276272329536315
131.995,0.2,-0.21825665121518026,-0.3888038135235884
132.0,0.2,-0.21651829579851345,-0.24609746738669164
132.005,0.2,-0.21456942406802307,0.0945752787441896
132.009999999,0.2,-0.21257463689794295,0.2446572916889439
132.014999999,0.2,-0.21055075029716014,-0.025471846243370656
132.02,0.2,-0.2083821358385638,-0.24301905498525814
132.025,0.2,-0.2059303276102527,-0.4616371435936621
132.03,0.2,-0.20315658085672045,-0.6304112881499491
132.035,0.2,-0.20017896824130407,-0.2014177243103002
132.039999999,0.2,-0.1972270467772632,-0.20028679510254635
132.044999999,0.2,-0.19453134163903354,0.01340104616840874
132.05,0.2,-0.19222705217491803,0.17638351864564655
132.055,0.2,-0.19029989547194084,0.22869124321464573
132.06,0.2,-0.18858451408494606,-0.18440814936749
132.065,0.2,-0.1868518057568675,-0.5587652034910744
132.07,0.2,-0.18496131632520546,-0.6370086608057343
132.074999999,0.2,-0.18296479517040926,-0.3872488631354363
132.08,0.2,-0.18107928852788732,-0.2676009939776976
132.085,0.2,-0.17956632637630862,0.07781671153821512
132.09,0.2,-0.17860001549623128,0.1873222876993153
132.095,0.2,-0.1781838870963731,0.07018481653460232
132.1,0.2,-0.17816061933456304,-0.22879451850053223
132.104999999,0.2,-0.1783082691858451,-0.22925811631429283
132.11,0.2,-0.17844951251410568,-0.4576738167503825
132.115,0.2,-0.1785177817072239,-0.4584673330886635
132.12,0.2,-0.17856919048515488,-0.20488844307160178
132.125,0.2,-0.17873533862199828,-0.2262892718650342
132.13,0.2,-0.17913082600084548,0.4106867262525347
132.134999999,0.2,-0.17975469503892122,0.014056438872225012
132.139999999,0.2,-0.18045876203768516,-0.1939263953799371
132.145,0.2,-0.1810326548920881,-0.365740227213191
132.15,0.2,-0.1813307178465395,-0.4116745363478104
132.155,0.2,-0.18133744473334898,-0.3941642393791817
132.16,0.2,-0.18115592272895756,-0.22254552513015882
132.164999999,0.2,-0.18093996604251877,0.07010373199408795
132.169999999,0.2,-0.18079539980224996,0.15061047215680984
132.175,0.2,-0.18070161549194808,0.1618655973900989
132.18,0.2,-0.18050873976629572,-0.22219105806863376
132.185,0.2,-0.1800250232274113,-0.4315922216642731
132.19,0.2,-0.17914618391590786,-0.6247009951995626
132.195,0.2,-0.17794361829586552,-0.5085818105378097
132.199999999,0.2,-0.17665099990893784,-0.1073337761669308
132.205,0.2,-0.17554690947774634,0.1365054667869413
132.21,0.2,-0.17480590373697674,0.1564777400132557
132.215,0.2,-0.17442248403533261,0.006594780335523513
132.22,0.2,-0.1742510780722431,-0.29952664200651313
132.225,0.2,-0.17411875255327908,-0.3438916218545908
132.229999999,0.2,-0.17393095524867747,-0.4878549633605274
132.235,0.2,-0.17371931921401218,-0.43372560817659195
132.24,0.2,-0.17362825450369923,-0.29134662901842856
132.245,0.2,-0.1738479316079609,0.034266694266205336
132.25,0.2,-0.17450957371544476,0.18652769725146834
132.255,0.2,-0.1756034477990741,-0.13260054962976767
132.259999999,0.2,-0.17698671207957328,-0.050284321352657604
132.264999999,0.2,-0.17846878353187343,-0.49350658251589674
132.27,0.2,-0.17991394244669248,-0.5117147247506698
132.275,0.2,-0.18131197323881013,-0.3744289466981871
132.28,0.2,-0.18276294064511922,0.020356010857511486
132.285,0.2,-0.18437487761223587,-0.02551628954045705
132.289999999,0.2,-0.18616640339635238,-0.000995459446270608
132.294999999,0.2,-0.18804725413585094,-0.0647046431226536
132.3,0.2,-0.18986046512220472,-0.20866167625514667
132.305,0.2,-0.191449095657311,-0.4048366216959957
132.31,0.2,-0.1927315603966047,-0.5807035966884304
132.315,0.2,-0.19375652394208398,-0.4051804196898107
132.32,0.2,-0.19469696043692344,-0.3916679372650706
132.324999999,0.2,-0.19577896820954105,-0.015207130848033504
132.33,0.2,-0.19717303813684653,0.2562649891780869
132.335,0.2,-0.19889214118562792,0.08941814857429166
132.34,0.2,-0.20076758971576433,-0.05505262205516684
132.345,0.2,-0.20252566369935715,-0.1498603646288369
132.35,0.2,-0.20390489352081692,-0.5587067363677116
132.354999999,0.2,-0.20475492011471194,-0.2901646309615456
132.36,0.2,-0.20506694078322374,-0.12950851900948762
132.365,0.2,-0.2049139311276691,-0.11903762382008251
132.37,0.2,-0.20436814110420728,-0.06456574591481185
132.375,0.2,-0.20346428269361386,-0.11371119335859375
132.38,0.2,-0.2021993757835345,-0.004985973354332207
132.384999999,0.2,-0.20054789750243981,-0.3351565832879799
132.389999999,0.2,-0.19850522232758747,-0.4961003273849074
132.395,0.2,-0.1961569446079216,-0.5616341294260789
132.4,0.2,-0.19370839154205585,-0.1040549217083358
132.405,0.2,-0.19141266386332703,0.08178877983174189
132.41,0.2,-0.18943920103101355,0.18017947951399893
132.414999999,0.2,-0.18779113630846433,0.05352275074637728
132.419999999,0.2,-0.18632204832513805,-0.03473991795960643
132.425,0.2,-0.18481997760508498,-0.29392371101375797
132.43,0.2,-0.1831157186211913,-0.6058007106497002
132.435,0.2,-0.18117936641525942,-0.4455756001101778
132.44,0.2,-0.17914987726883935,-0.38807064167433036
132.445,0.2,-0.1772648502943994,0.12013135346537486
132.449999999,0.2,-0.17573309311568944,-0.07161916463480136
132.455,0.2,-0.17464466479673083,-0.05185230968014798
132.46,0.2,-0.1739740078122109,-0.17056968069082953
132.465,0.2,-0.1736460869587975,-0.4658766626719971
132.47,0.2,-0.17361476579348525,-0.35908430970754623
132.475,0.2,-0.17390746518577338,-0.27820234435805413
132.479999999,0.2,-0.17460286607605907,-0.16487599325051286
132.485,0.2,-0.17576287687795075,0.11419845144103614
132.49,0.2,-0.1773575867019217,0.20758916508429395
132.495,0.2,-0.17921384019627873,0.19026591978945032
132.5,0.2,-0.18102162949913622,0.07540638167554356
132.505,0.2,-0.18241617368936935,-0.5370235985593892
132.509999999,0.2,-0.18311762636671874,-0.4639941924801387
132.514999999,0.2,-0.1830461357753918,-0.46033775822205636
132.52,0.2,-0.182324123851656,-0.21876732474817023
132.525,0.2,-0.18117289486921237,0.16028726800260074
132.53,0.2,-0.1797732185026599,0.16845428515272443
132.535,0.2,-0.17817243109571884,0.010996817464288877
132.539999999,0.2,-0.17629905474600607,-0.2171796048589495
132.544999999,0.2,-0.1740624245126317,-0.4322457335469164
132.55,0.2,-0.17146135791270845,-0.5378803764009653
132.555,0.2,-0.16864691759026568,-0.5941367684750036
132.56,0.2,-0.16590955436706176,-0.0935590856015122
132.565,0.2,-0.1635757908871664,0.1033213034969666
132.57,0.2,-0.16186512516634727,0.09197956660352444
132.574999999,0.2,-0.16081891806008972,-0.14379829394755417
132.58,0.2,-0.16035114523605906,-0.35888055379379447
132.585,0.2,-0.1603603284068178,-0.4022682264245492
132.59,0.2,-0.16081613700689545,-0.49741908621625197
132.595,0.2,-0.16177958164093148,-0.22999676266508845
132.6,0.2,-0.1633607701320432,-0.2422429189629013
132.604999999,0.2,-0.1656419571391276,0.15131263194031302
132.61,0.2,-0.168596303848319,0.1947721362068038
132.615,0.2,-0.17204127548489928,-0.049668202744314355
132.62,0.2,-0.17567164411262587,-0.06944525088130422
132.625,0.2,-0.17916107838282366,-0.4890332649167337
132.63,0.2,-0.18227541114388407,-0.49777034900482253
132.634999999,0.2,-0.18494414959830419,-0.3742110069835424
132.639999999,0.2,-0.18724805751618986,-0.27085969058146175
132.645,0.2,-0.18933708358889004,-0.08932631005884298
132.65,0.2,-0.19133508201977692,0.09093224168436251
132.655,0.2,-0.19326394702723107,0.18691025369872502
132.66,0.2,-0.19501310960174167,-0.0908452048869614
132.664999999,0.2,-0.1963913953953575,-0.4424930412401094
132.669999999,0.2,-0.197248103176454,-0.47170951066899686
132.675,0.2,-0.19757437163416017,-0.4814400578809978
132.68,0.2,-0.19751151869230843,-0.23429656316889147
132.685,0.2,-0.19727448477940399,-0.06115734012215261
132.69,0.2,-0.19704522035277564,0.0503501891219692
132.695,0.2,-0.19690013664321557,-0.11182322708375558
132.699999999,0.2,-0.1968175121410508,-0.34809681510230883
132.705,0.2,-0.19675529691552457,-0.45023144481678157
132.71,0.2,-0.19673551709624648,-0.4861025158901192
132.715,0.2,-0.19687745397661488,-0.43195915241248145
132.72,0.2,-0.19736955439650206,-0.2291971940222722
132.725,0.2,-0.19839567647716308,0.008099340200872183
132.729999999,0.2,-0.20004812850691092,-0.03727992651768
132.735,0.2,-0.2022769614350959,0.09127842448863367
132.74,0.2,-0.20490699645518534,-0.38874832233990325
132.745,0.2,-0.207724582880547,-0.49993874004708194
132.75,0.2,-0.21059170026775562,-0.5289061883691694
132.755,0.2,-0.2135116216667036,-0.6433174710833222
132.759999999,0.2,-0.21661002051547332,-0.07319378550997524
132.764999999,0.2,-0.22003700272911528,0.01999407811593497
132.77,0.2,-0.2238422258829093,-0.0019376451175893011
132.775,0.2,-0.22791895762860442,-0.02366744720554688
132.78,0.2,-0.23204065166050236,-0.14281880308955505
132.785,-0.2,-0.23594303375033496,-0.48242802092511916
132.789999999,-0.2,-0.23943019144508942,-0.7472992714819647
132.794999999,-0.2,-0.24246815151089862,-0.4294452753169351
132.8,-0.2,-0.24518111910370483,-0.12638189973057828
132.805,-0.2,-0.2477323121893863,0.04099901952631724
132.81,-0.2,-0.2501899537620868,0.07552424564675016
132.815,-0.2,-0.2524740353820948,-0.02592360637242601
132.82,-0.2,-0.25439461081366344,-0.2534560444808095
132.824999999,-0.2,-0.25574827557892305,-0.48749643221589745
132.83,-0.2,-0.2564228516474186,-0.47783779349982497
132.835,-0.2,-0.2564550472411783,-0.5384601404744754
132.84,-0.2,-0.2560158906613287,-0.24656962432584964
132.845,-0.2,-0.255329796438724,0.05577018427291601
132.85,-0.2,-0.25455992695176466,0.027543233385867505
132.854999999,-0.2,-0.25373425767425545,-0.05918147133013711
132.86,-0.2,-0.25276296190283765,-0.1734045396381011
132.865,-0.2,-0.251520165585286,-0.49314927924111096
132.87,-0.2,-0.24994421482576373,-0.6250562258830727
132.875,-0.2,-0.24811266443666896,-0.49197458075386835
132.88,-0.2,-0.24623576213893728,-0.20099786849553308
132.884999999,-0.2,-0.24455591605448648,0.07475709062052287
132.889999999,-0.2,-0.24322041476447503,0.026388764349015752
132.895,-0.2,-0.24221577046232184,0.025246608960738617
132.9,-0.2,-0.2413918828172265,-0.15157736137637046
132.905,-0.2,-0.24054701362320152,-0.4858769075556837
132.91,-0.2,-0.23953880541134026,-0.5932231147329171
132.914999999,-0.2,-0.23837171767930962,-0.5361015590785483
132.919999999,-0.2,-0.23719975317387218,-0.22848634734728673
132.925,-0.2,-0.23623267821752736,0.05045762767081008
132.93,-0.2,-0.23560586721148583,0.06075059071246687
132.935,-0.2,-0.2353044465663549,-0.0674112299776617
132.94,-0.2,-0.23518920173389818,-0.2938991458195562
132.945,-0.2,-0.2350949849691391,-0.5029835917289296
132.949999999,-0.2,-0.23493724966004637,-0.5961371140079226
132.955,-0.2,-0.2347725193425091,-0.5458353181511051
132.96,-0.2,-0.23477865102075696,-0.1284792766686263
132.965,-0.2,-0.2351568717611602,-0.10366325976238014
132.97,-0.2,-0.23601149414428443,0.26574562511618827
132.975,-0.2,-0.2372776602085061,-0.07161104858958738
132.979999999,-0.2,-0.23874446647751596,-0.3586790895676894
132.985,-0.2,-0.24016653478464955,-0.31964557000387067
132.99,-0.2,-0.2413751569834067,-0.4605299754060087
132.995,-0.2,-0.2423152999910669,-0.2723539638099839
133.0,-0.2,-0.2430226585889437,-0.3740661877161535
133.005,-0.2,-0.2435768886377457,-0.08088459889165003
133.009999999,-0.2,-0.2440371697686384,0.19700361062282706
133.014999999,-0.2,-0.24436708725469525,0.06353958799768336
133.02,-0.2,-0.24440861010769038,-0.17372397373832957
133.025,-0.2,-0.2439579452784768,-0.5448403806392823
133.03,-0.2,-0.2428949012131454,-0.474290230625541
133.035,-0.2,-0.2412654174890424,-0.5711250560600794
133.039999999,-0.2,-0.23927056597085197,-0.25349338109878605
133.044999999,-0.2,-0.2371823125254282,-0.12612249318816227
133.05,-0.2,-0.2352348100598005,-0.01850024671660873
133.055,-0.2,-0.23354936653422648,-0.06815512446016986
133.06,-0.2,-0.23212474796718668,-0.10543572281279184
133.065,-0.2,-0.23087954828928597,-0.290387548497174
133.07,-0.2,-0.22972749330123596,-0.6371572065270239
133.074999999,-0.2,-0.22866249368063152,-0.4370952556238459
133.08,-0.2,-0.2277886249156104,-0.19635046314853669
133.085,-0.2,-0.2272538932335649,-0.10604383836652775
133.09,-0.2,-0.227149609873475,-0.0019211801052048116
133.095,-0.2,-0.22745460153825972,-0.02151555437407558
133.1,-0.2,-0.22804721179279655,-0.4036048543415869
133.104999999,-0.2,-0.2287831483636337,-0.5007384409167722
133.11,-0.2,-0.22959457264927205,-0.5206299242349589
133.115,-0.2,-0.23053722272486407,-0.5342390534091888
133.12,-0.2,-0.2317655754696582,-0.29159494934387087
133.125,-0.2,-0.23346159459388174,-0.2003833612570771
133.13,-0.2,-0.2357453937920677,0.0941368598232087
133.134999999,-0.2,-0.23860688986320808,-0.16621127926309184
133.139999999,-0.2,-0.24190139502942304,-0.12285679794037874
133.145,-0.2,-0.2454123166751942,-0.41837788573969087
133.15,-0.2,-0.24893685996793452,-0.3770011552834268
133.155,-0.2,-0.2523478128479662,-0.4470803562965844
133.16,-0.2,-0.25560306774411395,-0.158055672199711
133.164999999,-0.2,-0.2586992095216159,-0.12164954972608812
133.169999999,-0.2,-0.26160246438995577,0.02782283659463592
133.175,-0.2,-0.2642089847712855,-0.20374890344910127
133.18,-0.2,-0.2663639228581799,-0.21521958662860324
133.185,-0.2,-0.2679256296743715,-0.5187950619388662
133.19,-0.2,-0.26883527572108495,-0.4121485574290841
133.195,-0.2,-0.2691545970682858,-0.5709571525150291
133.199999999,-0.2,-0.269054212236881,-0.2625997122888623
133.205,-0.2,-0.2687476017527086,0.024123824508806846
133.21,-0.2,-0.26838894526791784,-0.02400075101505901
133.215,-0.2,-0.2680002050318414,0.04542202603302732
133.22,-0.2,-0.2674806048256916,-0.3078681803719281
133.225,-0.2,-0.26668591226309696,-0.3687611925370639
133.229999999,-0.2,-0.26552620026055485,-0.514307416535915
133.235,-0.2,-0.2640306948228301,-0.5879785249229671
133.24,-0.2,-0.26234941509539356,-0.11405676326809147
133.245,-0.2,-0.2606738466388862,0.07288531395111236
133.25,-0.2,-0.25910917791849786,0.1914572831969595
133.255,-0.2,-0.25759624131799197,-0.01824900818907947
133.259999999,-0.2,-0.2559453432740243,-0.28814043062254163
133.264999999,-0.2,-0.25395584964466655,-0.5761785114629212
133.27,-0.2,-0.2515427913359459,-0.4855295884123141
133.275,-0.2,-0.24879191390809924,-0.5194860537175142
133.28,-0.2,-0.2459199081463586,-0.1240322776303473
133.285,-0.2,-0.24316311162394771,0.19903262914150413
133.289999999,-0.2,-0.2406461475059267,0.09608434256563876
133.294999999,-0.2,-0.23831359841483823,0.13513361318431547
133.3,-0.2,-0.2359680438466781,-0.25997437636856624
133.305,-0.2,-0.2333864339395023,-0.5671091341873848
133.31,-0.2,-0.23045673276703407,-0.5546366580622772
133.315,-0.2,-0.22725433357065153,-0.49723724202717673
133.32,-0.2,-0.22401156409945097,-0.2612476851983667
133.324999999,-0.2,-0.22101574962518183,-0.14344211406368015
133.33,-0.2,-0.21849922829942175,0.04342936642138383
133.335,-0.2,-0.21656681861848598,-0.05987018585242435
133.34,-0.2,-0.21518816054083745,-0.1872451496128108
133.345,-0.2,-0.21426132591412508,-0.5542772415874166
133.35,-0.2,-0.21371639366309012,-0.5250492068647692
133.354999999,-0.2,-0.21358354708015684,-0.29330010660579153
133.36,-0.2,-0.2139627527950045,-0.07294242185174982
133.365,-0.2,-0.21492843379733872,-0.13781736320005553
133.37,-0.2,-0.21645852823694461,0.0731298149029834
133.375,-0.2,-0.2184162833660139,0.009555224078685679
133.38,-0.2,-0.2205646328530074,-0.03932409931990524
133.384999999,-0.2,-0.22261660984892645,-0.3617699819126098
133.389999999,-0.2,-0.2243254915142911,-0.49456966912208744
133.395,-0.2,-0.2255795696527143,-0.6659655466049246
133.4,-0.2,-0.22643775842767888,-0.11541290487848721
133.405,-0.2,-0.22705337565000366,0.12621980588267087
133.41,-0.2,-0.22752939663565633,0.021682921193645337
133.414999999,-0.2,-0.22783945415952694,-0.15578304598078027
133.419999999,-0.2,-0.22786897655721156,-0.16607367795251018
133.425,-0.2,-0.2275025166324926,-0.41973779526854843
133.43,-0.2,-0.22669355540293282,-0.4091537465447424
133.435,-0.2,-0.2255008165165731,-0.39674507020535643
133.44,-0.2,-0.22407595235803104,-0.2333197624921524
133.445,-0.2,-0.22260253796404436,-0.034431125100604976
133.449999999,-0.2,-0.22121344689779623,0.08363175279311788
133.455,-0.2,-0.21993251620176035,-0.10894863596126654
133.46,-0.2,-0.21868495715903352,-0.21910478642622505
133.465,-0.2,-0.2173711594735826,-0.42558748768434523
133.47,-0.2,-0.21594727696649044,-0.35360090589951976
133.475,-0.2,-0.2144648079112596,-0.49655308165356765
133.479999999,-0.2,-0.21306129380257605,-0.2201330557517152
133.485,-0.2,-0.21190922819406588,-0.12560494754768536
133.49,-0.2,-0.21113928638467505,0.014926734854859944
133.495,-0.2,-0.21078169624840742,-0.1040677258486441
133.5,-0.2,-0.2107719584494686,-0.3854371547556194
133.505,-0.2,-0.2110181565499418,-0.28797816215107463
133.509999999,-0.2,-0.21147246668313152,-0.5241427166276226
133.514999999,-0.2,-0.21216496618301264,-0.43741374063479654
133.52,-0.2,-0.21319719869042145,-0.24327655982924629
133.525,-0.2,-0.21468654261562437,0.004359461226065774
133.53,-0.2,-0.21667611633919584,0.06938599564989606
133.535,-0.2,-0.2190674644441433,0.16967369549072414
133.539999999,-0.2,-0.2216203729117523,-0.20693982464694458
133.544999999,-0.2,-0.22403310960710168,-0.4308564123340728
133.55,-0.2,-0.22607399188344357,-0.6657045580727147
133.555,-0.2,-0.22768350621784106,-0.45920212183115344
133.56,-0.2,-0.22896838735079794,-0.06585925673075571
133.565,-0.2,-0.23008964700422455,-0.08552513885008353
133.57,-0.2,-0.2311448471820133,-0.08701767612706762
133.574999999,-0.2,-0.23213229915502528,-0.11575506487126656
133.58,-0.2,-0.23298168213651985,-0.21138375097920004
133.585,-0.2,-0.23360820725342693,-0.45715485392939537
133.59,-0.2,-0.23398052664258848,-0.5796684216484217
133.595,-0.2,-0.23417748718014875,-0.47428500484991537
133.6,-0.2,-0.2343793257253674,-0.1122785253551741
133.604999999,-0.2,-0.23477643187309127,-0.009248500478393365
133.61,-0.2,-0.23546403042264918,-0.08171761572501268
133.615,-0.2,-0.23640630121789574,-0.06986112193692155
133.62,-0.2,-0.23746399862629122,0.06876873957495033
133.625,-0.2,-0.23843517337630563,-0.31400038349524495
133.63,-0.2,-0.23911629204981721,-0.4436352997566481
133.634999999,-0.2,-0.2393883104569791,-0.44822020010891217
133.639999999,-0.2,-0.23925668957849625,-0.10662430008532875
133.645,-0.2,-0.23879410768954404,0.038078013036875975
133.65,-0.2,-0.23803470948762778,0.15662742637581617
133.655,-0.2,-0.23690810548252292,-0.003918446010994933
133.66,-0.2,-0.23526102374579413,-0.30277486200466264
133.664999999,-0.2,-0.23295547550946943,-0.5361989952107526
133.669999999,-0.2,-0.22998150062096143,-0.5714425438745571
133.675,-0.2,-0.2265135454237897,-0.6246294627078856
133.68,-0.2,-0.22288699208470594,-0.3898822212257933
133.685,-0.2,-0.2195045588526288,0.024808169769022947
133.69,-0.2,-0.21669941609335575,0.01650563676892893
133.695,-0.2,-0.21463591076287153,-0.18828073953490476
133.699999999,-0.2,-0.21332152418356884,-0.2683999368157582
133.705,-0.2,-0.2126963527925798,-0.45442509201463915
133.71,-0.2,-0.2127226095614712,-0.5777436024290106
133.715,-0.2,-0.21343758379691394,-0.4613811841422722
133.72,-0.2,-0.21494755112879677,-0.2385578518039093
133.725,-0.2,-0.21734973475746705,0.16153944994153724
133.729999999,-0.2,-0.2206186546945184,0.15445694739703222
133.735,-0.2,-0.2245441124810453,-0.13226692372651128
133.74,-0.2,-0.22878327272110174,-0.23011129370427688
133.745,-0.2,-0.2329864659573923,-0.519470937325379
133.75,-0.2,-0.2369102087596165,-0.4961260430103612
133.755,-0.2,-0.24047373201494468,-0.6168321068533122
133.759999999,-0.2,-0.24375731416328209,-0.5198077070934644
133.764999999,-0.2,-0.24694582888970293,-0.06751424322977245
133.77,-0.2,-0.2502166688762018,0.048199631379265875
133.775,-0.2,-0.2536296208837379,-0.23173654578300296
133.78,-0.2,-0.2571139022309297,-0.24326544303045805
133.785,-0.2,-0.26054231964773167,-0.32441062836320805
133.789999999,-0.2,-0.26381052399457394,-0.6314847970749126
133.794999999,-0.2,-0.2668924661169245,-0.40715552200887256
133.8,-0.2,-0.26985166772313224,-0.2800040437408729
133.805,-0.2,-0.2727861888575369,-0.17856143915164158
133.81,-0.2,-0.2757494155248796,-0.01913627956813671
133.815,-0.2,-0.2787022798355297,-0.15263605674625083
133.82,-0.2,-0.28152381241847857,-0.4119583670632081
133.824999999,-0.2,-0.2840810011579765,-0.42631044097135373
133.83,-0.2,-0.286310815440405,-0.63244176779947
133.835,-0.2,-0.2882609462699142,-0.4329316295751684
133.84,-0.2,-0.2900715453321756,-0.34789005980023324
133.845,-0.2,-0.2919064659408598,-0.12825291912431697
133.85,-0.2,-0.29386995821965395,-0.07419979252547962
133.854999999,-0.2,-0.29595445762004896,-0.11394334941043721
133.86,-0.2,-0.29805408549991375,-0.5166750975404355
133.865,-0.2,-0.3000454301244568,-0.4456173329768085
133.87,-0.2,-0.30187311141409723,-0.5065654597803101
133.875,-0.2,-0.303574985381225,-0.45236007663652467
133.88,-0.2,-0.3052536873743441,-0.35440430138648177
133.884999999,-0.2,-0.3070223408733673,-0.09416065468049134
133.889999999,-0.2,-0.3089367337285899,-0.10681303813004896
133.895,-0.2,-0.3109460805643279,-0.05208048273143243
133.9,-0.2,-0.3128968749961547,-0.2579016635098729
133.905,-0.2,-0.31459879387754175,-0.6715215891022217
133.91,-0.2,-0.315931563209131,-0.5813716325274603
133.914999999,-0.2,-0.3169176933126327,-0.45469906849077507
133.919999999,-0.2,-0.3176974862187539,-0.35829548285967644
133.925,-0.2,-0.31843794264885356,-0.058400506954186485
133.93,-0.2,-0.3192305097302311,0.2025755284085773
133.935,-0.2,-0.32001037826974893,0.029541056221717432
133.94,-0.2,-0.3205551342466855,-0.285884329653298
133.945,-0.2,-0.3205971596391342,-0.7151064832617076
133.949999999,-0.2,-0.31998151846180073,-0.5595217808051951
133.955,-0.2,-0.318756154209379,-0.7783878012364148
133.96,-0.2,-0.3171561714969476,-0.4174273748366297
133.965,-0.2,-0.31550863725020223,-0.08266502032556976
133.97,-0.2,-0.31409292311636766,-0.03110518857093996
133.975,-0.2,-0.3130309740544891,-0.060063532037569034
133.979999999,-0.2,-0.3122776621849324,-0.2715467043969486
133.985,-0.2,-0.3117026525170802,-0.5823217051937376
133.99,-0.2,-0.3112105782221597,-0.6980499579889934
133.995,-0.2,-0.31083008437861176,-0.5376803370730218
134.0,-0.2,-0.3107109391655515,-0.3568549104778027
134.005,-0.2,-0.31103670727173527,-0.154719600036166
134.009999999,-0.2,-0.3119160068704409,0.04436452255091892
134.014999999,-0.2,-0.3133159454867804,-0.28734298541514997
134.02,-0.2,-0.31509276539356906,-0.6827857239798615
134.025,-0.2,-0.31710474035703606,-0.35074008823670466
134.03,-0.2,-0.31929309203935996,-0.5867669119165052
134.035,-0.2,-0.32167852032904365,-0.46196345185156323
134.039999999,-0.2,-0.3243262469542806,-0.3465447005413443
134.044999999,-0.2,-0.32729627136954337,-0.07638768061546435
134.05,-0.2,-0.3305696948917101,0.04930378986414961
134.055,-0.2,-0.3339883578053376,0.03372285498558178
134.06,-0.2,-0.33726695070352375,-0.5015473648601241
134.065,-0.2,-0.34010221526915857,-0.5879718184534214
134.07,-0.2,-0.3423109433693949,-0.6218314523750338
134.074999999,-0.2,-0.3438927931094693,-0.6149036318929029
134.08,-0.2,-0.3449964614065104,-0.31640845421324115
134.085,-0.2,-0.34582209778677553,-0.021575624247844996
134.09,-0.2,-0.34650492959774365,-0.17559484812855006
134.095,-0.2,-0.3470567074296774,-0.2112280543502858
134.1,-0.2,-0.34739569705060036,-0.2510413832901103
134.104999999,-0.2,-0.3474206970560582,-0.6999758745463691
134.11,-0.2,-0.34709768291024323,-0.6439083873721252
134.115,-0.2,-0.34652593137657517,-0.6582681471629287
134.12,-0.2,-0.3459225247384275,-0.17888902524886094
134.125,-0.2,-0.34551844768889406,-0.16431990029828458
134.13,-0.2,-0.34543797995442044,0.08957349948207435
134.134999999,-0.2,-0.3456410867388185,-0.2593403270257627
134.139999999,-0.2,-0.3459552994280458,-0.16346758223365493
134.145,-0.2,-0.34615965899782253,-0.4161472207996715
134.15,-0.2,-0.34607045007092496,-0.5765131923486542
134.155,-0.2,-0.3456137712611664,-0.7215367736746664
134.16,-0.2,-0.344859089108858,-0.2703658473741297
134.164999999,-0.2,-0.3439649567096109,-0.17775564002740174
134.169999999,-0.2,-0.34306008197086174,0.05069543641695699
134.175,-0.2,-0.34215752461683996,-0.26037150020593886
134.18,-0.2,-0.3411672768142895,-0.3768952826710468
134.185,-0.2,-0.33998134569786626,-0.4376216216795105
134.19,-0.2,-0.33855499922787263,-0.5940756211604435
134.195,-0.2,-0.3369479678576586,-0.6522024190556965
134.199999999,-0.2,-0.33532908859095983,-0.45051731737879075
134.205,-0.2,-0.33393319843907765,-0.3413728000941201
134.21,-0.2,-0.33297144981358623,0.03804376222597594
134.215,-0.2,-0.33253826064791897,-0.18115204587542266
134.22,-0.2,-0.3325868074647173,-0.49676739712612944
134.225,-0.2,-0.3330031547187384,-0.4189143486718624
134.229999999,-0.2,-0.3337020027194505,-0.5417939321775929
134.235,-0.2,-0.33466774417985967,-0.563190518383983
134.24,-0.2,-0.3359522317824731,-0.4660757785638012
134.245,-0.2,-0.33763789824527807,-0.06761269610609855
134.25,-0.2,-0.3397567652732934,-0.0715195324057228
134.255,-0.2,-0.3422149447666727,-0.0617576816091403
134.259999999,-0.2,-0.34478634815571224,-0.13744936418957582
134.264999999,-0.2,-0.3471833951838925,-0.7125894603638302
134.27,-0.2,-0.3491766588940048,-0.5563169109602732
134.275,-0.2,-0.3506860170962306,-0.4366425833648584
134.28,-0.2,-0.3517662708239829,-0.3636690269048262
134.285,-0.2,-0.3525159465219905,0.01616149756630264
134.289999999,-0.2,-0.35298159516824484,-0.11856490765669753
134.294999999,-0.2,-0.353106687252785,-0.10696869118821609
134.3,-0.2,-0.3527591389001757,-0.5058659946269649
134.305,-0.2,-0.3518257633327969,-0.6309672975742099
134.31,-0.2,-0.35030839743724,-0.5332192625223591
134.315,-0.2,-0.34835078237828915,-0.5246734240656942
134.32,-0.2,-0.3461898134341367,-0.37404609494388696
134.324999999,-0.2,-0.34407648264597634,-0.17530844070169666
134.33,-0.2,-0.34219567371721193,-0.09070956029573402
134.335,-0.2,-0.3406079903273957,-0.06981191214065129
134.34,-0.2,-0.3392477034839603,-0.374025856119352
134.345,-0.2,-0.3379940355682022,-0.6370526153924938
134.35,-0.2,-0.3367837991593033,-0.6950620130077636
134.354999999,-0.2,-0.33568478567658716,-0.5194678894684358
134.36,-0.2,-0.3348739179345549,-0.3822218629939802
134.365,-0.2,-0.33454597962699295,-0.17223410588460097
134.37,-0.2,-0.33481075457985804,0.09953902175069271
134.375,-0.2,-0.33561620503534695,0.023489723411530078
134.38,-0.2,-0.3367461578029095,-0.5000451877659053
134.384999999,-0.2,-0.3379247208473331,-0.46802428175149746
134.389999999,-0.2,-0.338957549871972,-0.7575055388964742
134.395,-0.2,-0.33980201976853786,-0.3233892895214281
134.4,-0.2,-0.34053737820217445,-0.48658941724468663
134.405,-0.2,-0.34127780879546765,0.006310153163588544
134.41,-0.2,-0.3420795745520548,-0.0881039965877024
134.414999999,-0.2,-0.3428859611388472,-0.2070760833190353
134.419999999,-0.2,-0.3435469021299141,-0.27867751271406177
134.425,-0.2,-0.34389431756273564,-0.4604558646776544
134.43,-0.2,-0.3438138876402129,-0.4143595677483405
134.435,-0.2,-0.343277168307094,-0.36481553426258817
134.44,-0.2,-0.3423274465943391,-0.3327946901958307
134.445,-0.2,-0.3410301636556385,0.08072776803318432
134.449999999,-0.2,-0.3394021965853022,-0.013571441091154032
134.455,-0.2,-0.3373603261142872,-0.048149185703005276
134.46,-0.2,-0.3347442652194651,-0.3784521367739412
134.465,-0.2,-0.33141262454186243,-0.608116272081689
134.47,-0.2,-0.3273478125523791,-0.5108502962962218
134.475,-0.2,-0.3226999632774575,-0.6231434192611633
134.479999999,-0.2,-0.31775612103174117,-0.4238869048656504
134.485,-0.2,-0.31285772424827313,0.013899797118991308
134.49,-0.2,-0.30828289872298165,-0.042889899281313995
134.495,-0.2,-0.3041577975078469,-0.19216730538282378
134.5,-0.2,-0.3004686310362402,-0.25908667455309525
134.505,-0.2,-0.29714640302418904,-0.5303613193711638
134.509999999,-0.2,-0.29415857206011126,-0.6234369574018205
134.514999999,-0.2,-0.29156673941625033,-0.41442890580905933
134.52,-0.2,-0.2895215008294926,-0.5762646700359674
134.525,-0.2,-0.2882065256175464,-0.12628433905611375
134.53,-0.2,-0.2877622828232344,-0.1565967338846846
134.535,-0.2,-0.28821593180513894,-0.08901031695008396
134.539999999,-0.2,-0.2894629978098853,-0.2945398569667749
134.544999999,-0.2,-0.29132135664552905,-0.5154862634853892
134.55,-0.2,-0.29362472089033265,-0.5970283010986922
134.555,-0.2,-0.296294192879579,-0.4540427027536568
134.56,-0.2,-0.2993411424840573,-0.4522425403939288
134.565,-0.2,-0.30280851453411467,-0.031803721069047546
134.57,-0.2,-0.3066849803195771,-0.05700568677754321
134.574999999,-0.2,-0.3108413814832988,-0.14960819822669846
134.58,-0.2,-0.31504066160968386,-0.22610533066544303
134.585,-0.2,-0.3190120249914766,-0.4789052027618686
134.59,-0.2,-0.32253692379064514,-0.44508786462174604
134.595,-0.2,-0.32550098271175926,-0.3811239541319774
134.6,-0.2,-0.327883764903203,-0.21785773459109128
134.604999999,-0.2,-0.32970000569270774,-0.119864156270309
134.61,-0.2,-0.33093949391150007,-0.15433933096775382
134.615,-0.2,-0.3315444538874564,-0.18290883767518396
134.62,-0.2,-0.331436224374602,-0.4890563855881202
134.625,-0.2,-0.3305777322453388,-0.48432299508124593
134.63,-0.2,-0.32903359622882367,-0.6121138696594481
134.634999999,-0.2,-0.3269855900017039,-0.4067339977868732
134.639999999,-0.2,-0.3246908711782087,-0.32050915198604246
134.645,-0.2,-0.3224044116930851,-0.15795728825768574
134.65,-0.2,-0.3203043656267719,-0.10242624254536499
134.655,-0.2,-0.31845273588369644,-0.14586288041223558
134.66,-0.2,-0.3168030379042645,-0.19543682907284443
134.664999999,-0.2,-0.31525784493815834,-0.7203118080216819
134.669999999,-0.2,-0.3137687062898155,-0.652838230745537
134.675,-0.2,-0.3124208081968216,-0.659568128724508
134.68,-0.2,-0.3114263279145631,-0.30815880597534623
134.685,-0.2,-0.3110241669253688,-0.09232835339595112
134.69,-0.2,-0.3113545580686393,-0.017309547097641247
134.695,-0.2,-0.3123839575977247,-0.022428010721548527
134.699999999,-0.2,-0.31391616302446346,-0.2692713719791532
134.705,-0.2,-0.3156786112439163,-0.5168463684431625
134.71,-0.2,-0.317443288002633,-0.6654884077969743
134.715,-0.2,-0.31911323914584916,-0.39739339446796385
134.72,-0.2,-0.3207122593905917,-0.22591251274683452
134.725,-0.2,-0.32229050682940885,-0.016808754520300603
134.729999999,-0.2,-0.32381874724406473,0.1707367247847234
134.735,-0.2,-0.32513131719791655,-0.0569791951739213
134.74,-0.2,-0.3259482124856063,-0.1372137064352469
134.745,-0.2,-0.3259690433614241,-0.49036062591179075
134.75,-0.2,-0.3249887136545749,-0.53296698144602
134.755,-0.2,-0.3229817941405536,-0.7316735724998248
134.759999999,-0.2,-0.32011795358407624,-0.27924058922428063
134.764999999,-0.2,-0.31668558035224104,-0.1259949471815524
134.77,-0.2,-0.31296111304676627,-0.1169583178684748
134.775,-0.2,-0.30911389048734,0.04867604098996134
134.78,-0.2,-0.3051920189255404,-0.38578829893057986
134.785,-0.2,-0.3011810351850126,-0.4198990733481774
134.789999999,-0.2,-0.297104718125453,-0.7838789459856552
134.794999999,-0.2,-0.2931033110149075,-0.4355373317624802
134.8,-0.2,-0.2894294331467837,-0.44598946335824013
134.805,-0.2,-0.28637385482914235,-0.38885382362340776
134.81,-0.2,-0.28417721445838706,0.12015638805442133
134.815,-0.2,-0.28295062640945173,-0.1627967647708557
134.82,-0.2,-0.2826398546836575,-0.21269788619381558
134.824999999,-0.2,-0.28308124491920805,-0.526117607850706
134.83,-0.2,-0.28411163559720987,-0.5426912778050987
134.835,-0.2,-0.28565197134289194,-0.6193364446646419
134.84,-0.2,-0.2877163667569948,-0.09467117684255366
134.845,-0.2,-0.29033490536194023,-0.08071666353191835
134.85,-0.2,-0.29344773289532455,0.013775162085149277
134.854999999,-0.2,-0.2968565884765395,0.0031248546326325677
134.86,-0.2,-0.3002473875411969,-0.04760350484668677
134.865,-0.2,-0.3032576626152814,-0.4785640722246942
134.87,-0.2,-0.30558387163917794,-0.6146155096985744
134.875,-0.2,-0.30708149708242305,-0.34611695416557886
134.88,-0.2,-0.30776896554079924,-0.18669936308834642
134.884999999,-0.2,-0.30773322285364385,-0.042380873342234
134.889999999,-0.2,-0.3070273344718064,0.024942150917143125
134.895,-0.2,-0.30562376360307275,-0.08712010090111025
134.9,-0.2,-0.30343039875737327,-0.16917597134256793
134.905,-0.2,-0.30035556065875696,-0.5427053825630636
134.91,-0.2,-0.29639676852327745,-0.5615806038341377
134.914999999,-0.2,-0.29170609574762046,-0.5698071819874638
134.919999999,-0.2,-0.28658321417006727,-0.3506382038868655
134.925,-0.2,-0.28139518167396405,-0.18691412116101125
134.93,-0.2,-0.2764688188479529,-0.05103454746284278
134.935,-0.2,-0.27200801004412845,-0.030290046990966567
134.94,-0.2,-0.2680739675328218,-0.31360088535236547
134.945,-0.2,-0.2646405710470669,-0.4403598202122122
134.949999999,-0.2,-0.26169447483199054,-0.7304824551228071
134.955,-0.2,-0.2593220959449907,-0.666096016793964
134.96,-0.2,-0.2577290473988422,-0.37583510859650915
134.965,-0.2,-0.2571625325535593,-0.0342515540359014
134.97,-0.2,-0.25777650839529975,-0.0033104850890992438
134.975,-0.2,-0.2595420099255872,-0.15022223532746054
134.979999999,-0.2,-0.26226392811607513,-0.22408229419623152
134.985,-0.2,-0.26566800130326707,-0.38140963693400587
134.99,-0.2,-0.2694928122800301,-0.49759060616608747
134.995,-0.2,-0.27355532530941656,-0.5054950385004452
135.0,-0.2,-0.2777679476142942,-0.20893185557507557
135.005,-0.2,-0.28208778723635825,-0.0536482510118201
135.009999999,-0.2,-0.2864280366046832,0.04149090119893816
135.014999999,-0.2,-0.2906044556744597,-0.15620764048374586
135.02,-0.2,-0.2943569405865738,-0.13603416190943923
135.025,-0.2,-0.2974238210455396,-0.5395389996737469
135.03,-0.2,-0.29962839772813177,-0.4378204186557161
135.035,-0.2,-0.3009302183488171,-0.31717371657819127
135.039999999,-0.2,-0.3014082200068728,-0.45768887197832975
135.044999999,-0.2,-0.3011990094463355,0.09874414215321661
135.05,-0.2,-0.30041242108884353,0.1035265042659364
135.055,-0.2,-0.2990575582075,-0.2282132372789791
135.06,-0.2,-0.2970594686230343,-0.31774464945158276
135.065,-0.2,-0.2943548301982417,-0.35257515811831264
135.07,-0.2,-0.29096681742913705,-0.5245642411028139
135.074999999,-0.2,-0.2870244272898552,-0.31289439519393925
135.08,-0.2,-0.28274722248550965,-0.61881149998235
135.085,-0.2,-0.2784125625940662,-0.17506664792981078
135.09,-0.2,-0.2743003119593194,-0.13597052894044223
135.095,-0.2,-0.27061360116337113,-0.005173829911628458
135.1,-0.2,-0.2674276559479493,-0.2359443108900593
135.104999999,-0.2,-0.26471530341697996,-0.36499014555800713
135.11,-0.2,-0.2624248527624456,-0.433208270999728
135.115,-0.2,-0.2605556236376784,-0.7081996833333813
135.12,-0.2,-0.25919442203216264,-0.2437090166514702
135.125,-0.2,-0.25847542711754495,0.004915266561333662
135.13,-0.2,-0.258467595093873,0.05706353250435611
135.134999999,-0.2,-0.2590868787445016,-0.0335204537958267
135.139999999,-0.2,-0.26011438984582863,-0.36557275700686487
135.145,-0.2,-0.2613041496183332,-0.6087584834260434
135.15,-0.2,-0.2625077006831448,-0.5781529718499037
135.155,-0.2,-0.26373220688009064,-0.44842672868780303
135.16,-0.2,-0.2651035702690497,-0.3839804820436489
135.164999999,-0.2,-0.2667773644523821,-0.04958883272334067
135.169999999,-0.2,-0.26884732475561,-0.13995291083292175
135.175,-0.2,-0.2712928862280346,-0.15288914176566365
135.18,-0.2,-0.27399225434754565,-0.23648353065362474
135.185,-0.2,-0.2767829225899406,-0.4958651683935704
135.19,-0.2,-0.27953622691020324,-0.4914878231474192
135.195,-0.2,-0.2822158744937404,-0.6111468775176988
135.199999999,-0.2,-0.2848833807738727,-0.1571484543756478
135.205,-0.2,-0.2876254302330363,0.08925065883203265
135.21,-0.2,-0.29043691132359434,0.08382642882096654
135.215,-0.2,-0.2931581037182355,-0.11992498396247078
135.22,-0.2,-0.2955235679851499,-0.29792677367131
135.225,-0.2,-0.29727387276218964,-0.4211235751199178
135.229999999,-0.2,-0.2982525270442567,-0.5424505108313674
135.235,-0.2,-0.2984467187060077,-0.3142886863491
135.24,-0.2,-0.2979592539077043,-0.2604980547177464
135.245,-0.2,-0.2969319424723679,-0.06670841276807271
135.25,-0.2,-0.29546801278733303,-0.0368597275164529
135.255,-0.2,-0.29358812365430903,-0.020310889580282855
135.259999999,-0.2,-0.2912358321209707,-0.28792305454516376
135.264999999,-0.2,-0.2883405411981639,-0.5402929350106443
135.27,-0.2,-0.28491217374902855,-0.5704160985485682
135.275,-0.2,-0.2811048550013569,-0.62168717729903
135.28,-0.2,-0.2772111960257286,-0.49643438816161045
135.285,-0.2,-0.27359791870368044,-0.2749365557359258
135.289999999,-0.2,-0.27060590028585496,-0.05198158970094568
135.294999999,-0.2,-0.2684454771315405,0.09148026003587045
135.3,-0.2,-0.2671441230025485,-0.3587797859775439
135.305,-0.2,-0.2666031524220976,-0.6251203567744179
135.31,-0.2,-0.2667330560899471,-0.6022053282373271
135.315,-0.2,-0.2675475768388121,-0.532084302810673
135.32,-0.2,-0.26914926306465464,-0.2983267029694742
135.324999999,-0.2,-0.2716379833860409,0.055745647628698825
135.33,-0.2,-0.27499779131512425,0.11505139432948482
135.335,-0.2,-0.2790288949949217,-0.06269971429484161
135.34,-0.2,-0.2833833392639587,-0.3330700255234865
135.345,-0.2,-0.2876862384916489,-0.4855084668143767
135.35,-0.2,-0.29166256032732746,-0.646030822450991
135.354999999,-0.2,-0.2952084288898733,-0.5997671673764656
135.36,-0.2,-0.29837850706944,-0.11721514021434137
135.365,-0.2,-0.3012823584541308,0.00626204438572435
135.37,-0.2,-0.3039516096687448,0.044670854373188795
135.375,-0.2,-0.30627379617866823,0.08219315769670929
135.38,-0.2,-0.30801746337757707,-0.24053601290810253
135.384999999,-0.2,-0.3089215289111547,-0.4309156022911964
135.389999999,-0.2,-0.30881610942227294,-0.7315471798865405
135.395,-0.2,-0.307717606018932,-0.5539195493533615
135.4,-0.2,-0.30584071908533006,-0.5391829813203359
135.405,-0.2,-0.30351629846379347,-0.0026705740390483568
135.41,-0.2,-0.3010594593384465,-0.2174767767418527
135.414999999,-0.2,-0.2986746003145554,-0.18676201667307618
135.419999999,-0.2,-0.2964528031522148,-0.30895097184935655
135.425,-0.2,-0.29443037118502585,-0.5278700469903194
135.43,-0.2,-0.2926577684434701,-0.5359428475125583
135.435,-0.2,-0.2912435918668211,-0.4314310435577737
135.44,-0.2,-0.29034602614373195,-0.4494739291475266
135.445,-0.2,-0.29011940886695414,-0.02120080429395914
135.449999999,-0.2,-0.2906355500608395,0.03926436746455851
135.455,-0.2,-0.29181681811810506,-0.11534299759001697
135.46,-0.2,-0.2934472533149116,-0.32186851160622426
135.465,-0.2,-0.2952706380064059,-0.5744007437184689
135.47,-0.2,-0.2971064147299736,-0.5879535445403965
135.475,-0.2,-0.29891417641877477,-0.5753327547362462
135.479999999,-0.2,-0.30078355470458273,-0.45390637298966613
135.485,-0.2,-0.3028596253294717,0.04475766613519294
135.49,-0.2,-0.3052301195512798,-0.08955811491607366
135.495,-0.2,-0.30784371450108583,-0.10228122311142379
135.5,-0.2,-0.31052038688022626,-0.18871640857115085
135.505,-0.2,-0.31303456471773494,-0.6855950602276254
135.509999999,-0.2,-0.31523616751767475,-0.9080199258976472
135.514999999,-0.2,-0.31715476880119253,-0.47234812114660074
135.52,-0.2,-0.3189847694296431,-0.29149593874171753
135.525,-0.2,-0.32095173064666954,-0.15310309191648835
135.53,-0.2,-0.3231823575328665,-0.021033833628063242
135.535,-0.2,-0.32565235511297536,-0.1682079540826711
135.539999999,-0.2,-0.32820868575330253,-0.23866768521494264
135.544999999,-0.2,-0.33063901901595194,-0.3189512385268407
135.55,-0.2,-0.3327526637421379,-0.6353270238420137
135.555,-0.2,-0.3344474830563352,-0.39269563257962525
135.56,-0.2,-0.33572696382919354,-0.28518292480666824
135.565,-0.2,-0.33664807317948386,-0.2195140402378964
135.57,-0.2,-0.33724657319531465,-0.011334563500846107
135.574999999,-0.2,-0.3374810386971189,0.10663202903398511
135.58,-0.2,-0.33720830439790245,-0.1925893149066454
135.585,-0.2,-0.3362259435911033,-0.4354052871084978
135.59,-0.2,-0.3343802343160578,-0.5517990096266413
135.595,-0.2,-0.3316599609195768,-0.5137262010115544
135.6,-0.2,-0.32821089422150496,-0.41281599956941645
135.604999999,-0.2,-0.32427369097318814,-0.10817355971298503
135.61,-0.2,-0.32008328262711583,-0.0867195325828709
135.615,-0.2,-0.31579104290419924,-0.24724367285538884
135.62,-0.2,-0.31147011441759337,-0.5432572278569813
135.625,-0.2,-0.30719179186743684,-0.46357016959991415
135.63,-0.2,-0.30309400776887346,-0.6484560315730996
135.634999999,-0.2,-0.29939901426380844,-0.5937369202248743
135.639999999,-0.2,-0.2963851158170533,-0.2344781307501873
135.645,-0.2,-0.2943034563174213,0.01843459500281866
135.65,-0.2,-0.2932627955168357,0.07689409894522625
135.655,-0.2,-0.29316186401569233,0.06576105383899769
135.66,-0.2,-0.29372477257807855,-0.5015057840083941
135.664999999,-0.2,-0.29463281754917914,-0.5887980135440105
135.669999999,-0.2,-0.2956753060738326,-0.6539678115289842
135.675,-0.2,-0.29681151274245937,-0.3497976177580512
135.68,-0.2,-0.29811303725814164,-0.20419942081627035
135.685,-0.2,-0.29965212192043517,-0.11126701542846817
135.69,-0.2,-0.30141915574504635,-0.10842297891940578
135.695,-0.2,-0.30330198239945466,-0.08376960225550478
135.699999999,-0.2,-0.30511171356033506,-0.2626276765114009
135.705,-0.2,-0.30664381919606976,-0.5450702340431433
135.71,-0.2,-0.30776460921082216,-0.5730419054810741
135.715,-0.2,-0.30847164692538387,-0.4109940591569673
135.72,-0.2,-0.30886862176308466,-0.09722354145634549
135.725,-0.2,-0.3090704634629549,-0.18231136854540986
135.729999999,-0.2,-0.30911825268148335,0.06418420400379522
135.735,-0.2,-0.3089518222029731,-0.2024452303307327
135.74,-0.2,-0.308437831085977,-0.2135132296996086
135.745,-0.2,-0.307439090658901,-0.5278747909696258
135.75,-0.2,-0.3058997219725899,-0.6461465770823456
135.755,-0.2,-0.3039022676232956,-0.4055234054026456
135.759999999,-0.2,-0.30165107189185336,-0.3764511721122141
135.764999999,-0.2,-0.2993819840898819,0.10186161686152106
135.77,-0.2,-0.2972544259557831,-0.1646492501568426
135.775,-0.2,-0.2952959816035293,-0.060081378017292714
135.78,-0.2,-0.29343131446954024,-0.39334161135092105
135.785,-0.2,-0.2915665192680796,-0.5268086811251032
135.789999999,-0.2,-0.28967730388397017,-0.5424495084292553
135.794999999,-0.2,-0.2878524888247503,-0.5071820989936933
135.8,-0.2,-0.2862680695103099,-0.2488079767450012
135.805,-0.2,-0.28511248031324515,-0.2466185294782919
135.81,-0.2,-0.28450953426042586,-0.0789454660437562
135.815,-0.2,-0.28447608692992793,-0.1650475580862591
135.82,-0.2,-0.28492757084333475,-0.2938578231215828
135.824999999,-0.2,-0.28572964869819895,-0.44664331200749685
135.83,-0.2,-0.2867766338749872,-0.680276368461538
135.835,-0.2,-0.2880572192479764,-0.49887289637508303
135.84,-0.2,-0.28965486346891545,-0.16849956310208988
135.845,-0.2,-0.29166658219048636,-0.19208732423248934
135.85,-0.2,-0.29410667628636517,0.02623311547601722
135.854999999,-0.2,-0.2968617853485699,-0.05306069831189471
135.86,-0.2,-0.2997059135171564,-0.27260529764248936
135.865,-0.2,-0.30237209107406554,-0.4449300995976727
135.87,-0.2,-0.304660171460465,-0.7911524527117804
135.875,-0.2,-0.30653073396033087,-0.6675525346335606
135.88,-0.2,-0.3081163264362398,-0.11320346690659167
135.884999999,-0.2,-0.30960640504201553,0.08319636286316409
135.889999999,-0.2,-0.3110873196975996,-0.062377550985938876
135.895,-0.2,-0.3124851472715557,-0.2582577285356582
135.9,-0.2,-0.31363555129906134,-0.29646162247787006
135.905,-0.2,-0.3143884185576161,-0.571504864091076
135.91,-0.2,-0.31468503557198624,-0.5375339530912948
135.914999999,-0.2,-0.31459776019260005,-0.6991007674054045
135.919999999,-0.2,-0.3143219961763543,-0.32858946056504024
135.925,-0.2,-0.31410264818753353,-0.030144997969352647
135.93,-0.2,-0.3141131247019825,-0.015398972547156348
135.935,-0.2,-0.3143726822589255,-0.18658442190298394
135.94,-0.2,-0.31477026935846714,-0.36135657035867236
135.945,-0.2,-0.31515862383823967,-0.4088919232479187
135.949999999,-0.2,-0.31543784027259164,-0.48219637672587157
135.955,-0.2,-0.3155904136598315,-0.4355607157845942
135.96,-0.2,-0.3156737492056553,-0.4009003930261603
135.965,-0.2,-0.3157772464517192,-0.016357584431982514
135.97,-0.2,-0.31594925176631783,-0.07516652045635533
135.975,-0.2,-0.316137052648722,-0.08916130643838131
135.979999999,-0.2,-0.3161929658776315,-0.25518295953805303
135.985,-0.2,-0.3159482238493385,-0.6579211713719357
135.99,-0.2,-0.3153164128214817,-0.5897826092032463
135.995,-0.2,-0.3143650929390444,-0.6623897319143041
136.0,-0.2,-0.3133027311400934,-0.2920630443543792
136.005,-0.2,-0.31239006924715845,-0.27925528010921385
136.009999999,-0.2,-0.3118307820246588,0.04098316236801186
136.014999999,-0.2,-0.31169439005557753,-0.14516599210426046
136.02,-0.2,-0.31191051763336086,-0.36055020569692653
136.025,-0.2,-0.3123428360364084,-0.47884248283577807
136.03,-0.2,-0.3128884290405353,-0.5356742587846699
136.035,-0.2,-0.31352979262861513,-0.39885569386681025
136.039999999,-0.2,-0.31431715603055765,-0.2698002877562024
136.044999999,-0.2,-0.3153044168873258,-0.09470846300137582
136.05,-0.2,-0.3164803449476931,-0.07497033622728189
136.055,-0.2,-0.31773319299780034,-0.06465000336140225
136.06,-0.2,-0.31886395457003736,-0.20066171675122146
136.065,-0.2,-0.31964629921236193,-0.5235521379707192
136.07,-0.2,-0.3199260989615891,-0.8229186291098386
136.074999999,-0.2,-0.3197201745083345,-0.6526932613896231
136.08,-0.2,-0.31923205840713686,-0.36897161262087225
136.085,-0.2,-0.31875004566028653,-0.10057758657204184
136.09,-0.2,-0.31850014880851346,-0.05877428296818519
136.095,-0.2,-0.31856117504065423,-0.2751637967599222
136.1,-0.2,-0.3188824369615363,-0.23920797667369675
136.104999999,-0.2,-0.3193576105882614,-0.4523408788670264
136.11,-0.2,-0.3198973472000503,-0.5408735085975398
136.115,-0.2,-0.3204778326612085,-0.41184805486489434
136.12,-0.2,-0.3211398080886941,-0.22570586730521353
136.125,-0.2,-0.3219300124546016,-0.11473099413642067
136.13,-0.2,-0.3228331757282568,-0.1326389611699506
136.134999999,-0.2,-0.32373958712779066,0.09576657522790222
136.139999999,-0.2,-0.3244459284827316,-0.13545862927051858
136.145,-0.2,-0.32470017747450347,-0.5864041909748033
136.15,-0.2,-0.32430966788972015,-0.5917335115913315
136.155,-0.2,-0.323242091326878,-0.47379356536902134
136.16,-0.2,-0.3216261559674405,-0.37621693788882915
136.164999999,-0.2,-0.3196700154523534,-0.23264678644535774
136.169999999,-0.2,-0.31756432549952457,0.07070009958879075
136.175,-0.2,-0.31540052337184504,-0.03316907212702273
136.18,-0.2,-0.31314425720952294,-0.32982103939772056
136.185,-0.2,-0.31070453400064,-0.6028901401270632
136.19,-0.2,-0.3080507736299472,-0.4805074991877974
136.195,-0.2,-0.3052745229567641,-0.5088988942867155
136.199999999,-0.2,-0.3025611073710284,-0.26609759327635685
136.205,-0.2,-0.3001153395190046,-0.27464679461936575
136.21,-0.2,-0.2980892956661508,-0.05802157209673689
136.215,-0.2,-0.29653596322575104,-0.15202969681035083
136.22,-0.2,-0.2954126951687852,-0.5293783756482995
136.225,-0.2,-0.2946478900940439,-0.4174217542355585
136.229999999,-0.2,-0.29421709542418056,-0.4938750457657741
136.235,-0.2,-0.2941707127397588,-0.6775201576141162
136.24,-0.2,-0.29462459703624355,-0.26130893700675695
136.245,-0.2,-0.2957121244939675,-0.1752559709570097
136.25,-0.2,-0.2974977429258545,-0.08035120085780251
136.255,-0.2,-0.2999174115916581,-0.1442113812556417
136.259999999,-0.2,-0.30279044847762654,-0.2755828579620394
136.264999999,-0.2,-0.3058883781688407,-0.5615643329412671
136.27,-0.2,-0.3090294901698,-0.6107016126400259
136.275,-0.2,-0.3121451850328196,-0.4202872081878414
136.28,-0.2,-0.31526955537437074,-0.39929641169873337
136.285,-0.2,-0.3184676037231287,-0.07623360939481691
136.289999999,-0.2,-0.3217484644268977,0.03271979771323117
136.294999999,-0.2,-0.3250027321417763,-0.09914153222600486
136.3,-0.2,-0.3280096734186482,-0.30862842859875905
136.305,-0.2,-0.33052858681026515,-0.6892306221469288
136.31,-0.2,-0.33242436749734844,-0.7132974254850764
136.315,-0.2,-0.3337503412795517,-0.7481101578764254
136.32,-0.2,-0.3347340883608139,-0.3013524866960439
136.324999999,-0.2,-0.3356745063115267,-0.3909455168992053
136.33,-0.2,-0.3368189909068239,-0.013489792798534734
136.335,-0.2,-0.3382839745344412,-0.22257862518528415
136.34,-0.2,-0.3400466314296431,-0.4066830406140526
136.345,-0.2,-0.3420089084534661,-0.4384569154418759
136.35,-0.2,-0.34408514985758076,-0.6185745273809308
136.354999999,-0.2,-0.34626360112933485,-0.7480076725338132
136.36,-0.2,-0.3486174084375836,-0.023602461038308153
136.365,-0.2,-0.35123128195425424,-0.19422377987804884
136.37,-0.2,-0.35409295419601694,-0.0934496334085398
136.375,-0.2,-0.3570573908450986,-0.13133069154702356
136.38,-0.2,-0.35988936712703334,-0.32848190780697806
136.384999999,-0.2,-0.3623393236929748,-0.5233498218234597
136.389999999,-0.2,-0.3642317697170508,-0.6102253804216123
136.395,-0.2,-0.3655252094913129,-0.5104502938526028
136.4,-0.2,-0.3663001330713141,-0.25756349141921103
136.405,-0.2,-0.3666733315003397,0.05118273838329718
136.41,-0.2,-0.366689246196437,-0.07552016468914563
136.414999999,-0.2,-0.3662696146691473,-0.14364208721098692
136.419999999,-0.2,-0.36525482396888076,-0.32069444415202747
136.425,-0.2,-0.36349538911303714,-0.5596590651709948
136.43,-0.2,-0.3609450204035469,-0.7057875141408573
136.435,-0.2,-0.35772439283372587,-0.7311851721046723
136.44,-0.2,-0.354116434080119,-0.30237045737185336
136.445,-0.2,-0.3504735747412878,-0.2571121552003762
136.449999999,-0.2,-0.34708978958058684,-0.08302749828691174
136.455,-0.2,-0.3441187551734569,-0.11232130287995551
136.46,-0.2,-0.34157006268529566,-0.38995705174511425
136.465,-0.2,-0.3393766111209599,-0.5328735919931442
136.47,-0.2,-0.3374984704397687,-0.7637878975683033
136.475,-0.2,-0.33600324291064937,-0.6739732592481907
136.479999999,-0.2,-0.3350711664304192,-0.33408626427961263
136.485,-0.2,-0.3349092749183575,-0.1337322679602863
136.49,-0.2,-0.3356196620948593,0.20486301131312085
136.495,-0.2,-0.33711048617294614,-0.26157857729324463
136.5,-0.2,-0.33912528130496383,-0.4425431807451312
136.505,-0.2,-0.34137098216724027,-0.42669458630991297
136.509999999,-0.2,-0.34363283322539545,-0.6446871418339176
136.514999999,-0.2,-0.34581472994364176,-0.40716488693877373
136.52,-0.2,-0.34791624819180006,-0.29140318373237134
136.525,-0.2,-0.3499617427487082,-0.09864062534280872
136.53,-0.2,-0.35191692285153553,0.03746276895535321
136.535,-0.2,-0.35363874062631256,-0.06473377013547774
136.539999999,-0.2,-0.3548845021091634,-0.1495703695277789
136.544999999,-0.2,-0.35538042927939745,-0.4503315296764324
136.55,-0.2,-0.3549195842126989,-0.5162301501129344
136.555,-0.2,-0.35344581520280893,-0.7381365857124703
136.56,-0.2,-0.35108872659365664,-0.5200407511827054
136.565,-0.2,-0.34811985028908815,-0.108834622550946
136.57,-0.2,-0.3448273646360778,0.006078469597775242
136.574999999,-0.2,-0.3413881640986126,-0.1216122665896881
136.58,-0.2,-0.3378440142448981,-0.4757666447850266
136.585,-0.2,-0.3341957441702716,-0.7253559626660964
136.59,-0.2,-0.3305308558708346,-0.7669238925027674
136.595,-0.2,-0.3270854760706616,-0.5961697858958841
136.6,-0.2,-0.3241973320856236,-0.26607337565997025
136.604999999,-0.2,-0.3221833146907775,-0.16714537109420163
136.61,-0.2,-0.32122401459944716,-0.10910275642447735
136.615,-0.2,-0.32131401473195015,0.011988598678605855
136.62,-0.2,-0.3222850055902786,-0.5319424815753384
136.625,-0.2,-0.3238994981992174,-0.5418986411506267
136.63,-0.2,-0.3259692091347935,-0.5167564469344531
136.634999999,-0.2,-0.3284110291586979,-0.5804955285769675
136.639999999,-0.2,-0.3312267961933502,-0.33879120721722533
136.645,-0.2,-0.3344422418232231,-0.11797132960386367
136.65,-0.2,-0.33802136926660087,0.05671758650498038
136.655,-0.2,-0.3417990855907838,-0.12078706675259916
136.66,-0.2,-0.34549026665222293,-0.2480588702174289
136.664999999,-0.2,-0.34877588714529584,-0.5002040581906155
136.669999999,-0.2,-0.35141274306850395,-0.62705520051925
136.675,-0.2,-0.35331238185229047,-0.6391281792405842
136.68,-0.2,-0.35455396106348186,-0.4372583822795911
136.685,-0.2,-0.35531716521501044,-0.09367000656839357
136.69,-0.2,-0.3557624752488582,-0.022353529783393205
136.695,-0.2,-0.3559314520813644,-0.026925852353867533
136.699999999,-0.2,-0.3557352737563512,-0.3831454436627435
136.705,-0.2,-0.3550318557444919,-0.34286187379668104
136.71,-0.2,-0.35373325603386657,-0.8498958735750917
136.715,-0.2,-0.35189212144872933,-0.6330566303322871
136.72,-0.2,-0.3497229234947732,-0.40412973275436936
136.725,-0.2,-0.347521781074171,-0.14163388938772467
136.729999999,-0.2,-0.3455307395527931,-0.03441938148154042
136.735,-0.2,-0.3438439406351381,-0.10791632149758504
136.74,-0.2,-0.34240845629448025,-0.4120920071039335
136.745,-0.2,-0.3411154831379004,-0.7081736570702586
136.75,-0.2,-0.3399210759951888,-0.5626734735210814
136.755,-0.2,-0.33890586488209745,-0.603343339445737
136.759999999,-0.2,-0.33824778769372255,-0.4923550387311122
136.764999999,-0.2,-0.33815185978138557,-0.22848773396624156
136.77,-0.2,-0.33876736953569847,-0.13936234163086353
136.775,-0.2,-0.34012173469288726,-0.26182078517522067
136.78,-0.2,-0.34211927197815734,-0.3822713685631054
136.785,-0.2,-0.3446073795694652,-0.5702098279878581
136.789999999,-0.2,-0.3474625190352242,-0.6782771745588215
136.794999999,-0.2,-0.3506470283871956,-0.5266310825850343
136.8,-0.2,-0.3541956366902559,-0.16214325132193366
136.805,-0.2,-0.3581266967601895,-0.06902726303340095
136.81,-0.2,-0.3623457167955447,-0.05874057541201402
136.815,-0.2,-0.3666228183060854,-0.2721096360630859
136.82,-0.2,-0.3706603576725902,-0.5262511373073584
136.824999999,-0.2,-0.3742049920455804,-0.6057785713278178
136.83,-0.2,-0.3771314882828294,-0.487062281391041
136.835,-0.2,-0.37945419987014917,-0.6362288138836867
136.84,-0.2,-0.381281551055441,-0.1446747514378247
136.845,-0.2,-0.38273731221652235,-0.23705040677060388
136.85,-0.2,-0.3838746644550891,0.05845124301643209
136.854999999,-0.2,-0.3846319478687641,-0.25765147557261237
136.86,-0.2,-0.38485865109561496,-0.2704034796661635
136.865,-0.2,-0.3843958418368604,-0.586722717178607
136.87,-0.2,-0.3831748257791302,-0.8332721576624046
136.875,-0.2,-0.38129467899590136,-0.6857097689129101
136.88,-0.2,-0.3790190446385069,-0.23737659152736565
136.884999999,-0.2,-0.37666098171444745,-0.11594890340559222
136.889999999,-0.2,-0.3744349821222882,-0.02417995767112202
136.895,-0.2,-0.3723890075205137,-0.2653447453499546
136.9,-0.2,-0.37045431105494664,-0.6957268698944732
136.905,-0.2,-0.3685736997728663,-0.7163943396008375
136.91,-0.2,-0.3668168563808162,-0.8592239310935197
136.914999999,-0.2,-0.3654128115218314,-0.7570840543653183
136.919999999,-0.2,-0.36470320324014066,-0.5603485353177039
136.925,-0.2,-0.3650390208119256,-0.15014943248854082
136.93,-0.2,-0.36664807351342166,-0.09188190470358915
136.935,-0.2,-0.36954285931206227,-0.21461575670488253
136.94,-0.2,-0.37352900712144854,-0.2516627006028658
136.945,-0.2,-0.37829890953034984,-0.7079571426278278
136.949999999,-0.2,-0.3835558306852627,-0.6112714838758436
136.955,-0.2,-0.38910117137177397,-0.4885254122552562
136.96,-0.2,-0.39483470078957683,-0.511088728311117
136.965,-0.2,-0.400696917828639,-0.2340435363086284
136.97,-0.2,-0.4066012932786603,-0.06702356601802469
136.975,-0.2,-0.4123715874247469,-0.05676606427142197
136.979999999,-0.2,-0.4177275962297254,-0.45376743336805014
136.985,-0.2,-0.4223532277473494,-0.32957497910127687
136.99,-0.2,-0.42599350485999493,-0.6046319625469434
136.995,-0.2,-0.4285195243039167,-0.6924179666098425
137.0,-0.2,-0.42994284339002947,-0.10540160847356522
137.005,-0.2,-0.43035166254221024,-0.19460359050627182
137.009999999,-0.2,-0.4298072449038435,-0.18149591858686143
137.014999999,-0.2,-0.42830213095555547,-0.2115749107480105
137.02,-0.2,-0.4257935492799818,-0.44888127567030867
137.025,-0.2,-0.4222698378260316,-0.6481218538579914
137.03,-0.2,-0.4178289845848492,-0.8358557385097479
137.035,-0.2,-0.41272468055622963,-0.4710605372864816
137.039999999,-0.2,-0.4073254563742553,-0.42153109053596666
137.044999999,-0.2,-0.40200753158156316,-0.27359744858155544
137.05,-0.2,-0.39705664906363425,-0.09225778283454553
137.055,-0.2,-0.3926195758284317,-0.34636357135237816
137.06,-0.2,-0.3887191281256596,-0.4035669190228567
137.065,-0.2,-0.38533059701995026,-0.751783503728455
137.07,-0.2,-0.382477540471252,-0.7565391837420519
137.074999999,-0.2,-0.38028768755119874,-0.6125614990933642
137.08,-0.2,-0.3789706258234038,-0.5155523581488569
137.085,-0.2,-0.37872990706721893,-0.10240215460990523
137.09,-0.2,-0.379660652074192,-0.2535270427584455
137.095,-0.2,-0.3816931262339783,-0.18920166987928994
137.1,-0.2,-0.3846158308025417,-0.4126574802422851
137.104999999,-0.2,-0.3881544234835087,-0.53956704390152
137.11,-0.2,-0.3920620365462668,-0.6503576166383503
137.115,-0.2,-0.39618470851551846,-0.6483133996438915
137.12,-0.2,-0.40047400018633256,-0.4661292093529611
137.125,-0.2,-0.40493124318195556,-0.00016663965465499309
137.13,-0.2,-0.4095027586823995,-0.15323612125632274
137.134999999,-0.2,-0.4140131265896404,-0.32796530966828186
137.139999999,-0.2,-0.4182047030624106,-0.40041165468535855
137.145,-0.2,-0.4218247562458561,-0.2698509400610425
137.15,-0.2,-0.42467972129440046,-0.6847498613074742
137.155,-0.2,-0.4266706176476372,-0.5680890047333146
137.16,-0.2,-0.4278135679241113,-0.2825744431931523
137.164999999,-0.2,-0.42819885929857365,-0.36689275713819597
137.169999999,-0.2,-0.4279134086900152,-0.11734745111040791
137.175,-0.2,-0.42698873649916086,-0.17534545257715345
137.18,-0.2,-0.42539137989840076,-0.37560017235908144
137.185,-0.2,-0.4230624389788545,-0.4422948966744873
137.19,-0.2,-0.41998856165477105,-0.6470591010557701
137.195,-0.2,-0.41625413505249265,-0.467967989366848
137.199999999,-0.2,-0.41204443872224944,-0.5949013232287266
137.205,-0.2,-0.4075950723089935,0.055150345181871036
137.21,-0.2,-0.40309836610769095,-0.20100722605349824
137.215,-0.2,-0.3986263315315099,-0.13111611615993923
137.22,-0.2,-0.3941407390539155,-0.4560739000631856
137.225,-0.2,-0.38957599210938754,-0.5100172447913334
137.229999999,-0.2,-0.38493300789660395,-0.8486894671367567
137.235,-0.2,-0.38034505556492365,-0.6735713150158091
137.24,-0.2,-0.3760817181816997,-0.5733869621624731
137.245,-0.2,-0.3724680040835583,-0.07089890785290401
137.25,-0.2,-0.3697467360109151,-0.01693146640934784
137.255,-0.2,-0.3679779549850327,-0.4011184143431612
137.259999999,-0.2,-0.3670656364178361,-0.5161278817542282
137.264999999,-0.2,-0.3668760285489915,-0.5733987849113265
137.27,-0.2,-0.367332353906673,-0.6951740285775201
137.275,-0.2,-0.3684448262870474,-0.6045533209331098
137.28,-0.2,-0.37028610758927627,-0.24788326753982437
137.285,-0.2,-0.37291071596439,-0.13025257167382936
137.289999999,-0.2,-0.3762608795946546,-0.12296719745736706
137.294999999,-0.2,-0.38013160855134037,-0.16032376063245854
137.3,-0.2,-0.3842150149615191,-0.47792399777837163
137.305,-0.2,-0.38819753220764536,-0.6102595350254716
137.31,-0.2,-0.3918569795848251,-0.46538095910978233
137.315,-0.2,-0.3950993440853011,-0.6221369716305344
137.32,-0.2,-0.39792871926975637,-0.1899635562345564
137.324999999,-0.2,-0.4003739539745656,-0.08624499387434388
137.33,-0.2,-0.4024020362857077,-0.10961068888604139
137.335,-0.2,-0.40387842092353826,-0.13275606274480795
137.34,-0.2,-0.40460074950121677,-0.33721293391227525
137.345,-0.2,-0.40437881798178854,-0.6215094138297887
137.35,-0.2,-0.40313434879730115,-0.8316890279311738
137.354999999,-0.2,-0.40097506940209654,-0.5849899921959263
137.36,-0.2,-0.39818111981227733,-0.5016496113736656
137.365,-0.2,-0.3951012792587012,-0.1077418559466205
137.37,-0.2,-0.39201829893488843,0.005559976782283427
137.375,-0.2,-0.389054715451799,-0.2018726815823973
137.38,-0.2,-0.38617948574789945,-0.43227635548085874
137.384999999,-0.2,-0.38330986061478006,-0.6290280808123753
137.389999999,-0.2,-0.3804262052767363,-0.6443090082770042
137.395,-0.2,-0.37762847350603906,-0.6717998238785774
137.4,-0.2,-0.3751158490669345,-0.27568876324438685
137.405,-0.2,-0.3730978609496028,-0.10771770990424649
137.41,-0.2,-0.37168376262221414,-0.12852669942791953
137.414999999,-0.2,-0.37082128669656206,0.0768182830697989
137.419999999,-0.2,-0.3703104557239902,-0.40258220082642593
137.425,-0.2,-0.36988864382362285,-0.5949413909986788
137.43,-0.2,-0.369358551767563,-0.6396982883280669
137.435,-0.2,-0.3686740379586923,-0.6006243400803519
137.44,-0.2,-0.3679301921421382,-0.40691998394511264
137.445,-0.2,-0.36728780404734274,-0.3215465482311027
137.45,-0.2,-0.3668830109490697,-0.10274315591892003
137.455,-0.2,-0.36676193122655715,-0.2816925128684341
137.46,-0.2,-0.3668713072993069,-0.3081186930269811
137.465,-0.2,-0.367110228254085,-0.6214962276252071
137.47,-0.2,-0.3674080729943176,-0.5196968619379028
137.475,-0.2,-0.36777607456169376,-0.6119445390051761
137.48,-0.2,-0.3683041465964592,-0.4019897852328018
137.485,-0.2,-0.36910422979062,-0.05278583610475841
137.49,-0.2,-0.37021777110517146,-0.03158968326795845
137.495,-0.2,-0.37154761290549837,-0.2006786743558403
137.5,-0.2,-0.37287958379707536,-0.3274057115521053
137.505,-0.2,-0.3739763642112899,-0.5587831110284218
137.51,-0.2,-0.37468192928791433,-0.7765944763274095
137.515,-0.2,-0.3749950460029603,-0.6598819223132795
137.52,-0.2,-0.37507313555525174,-0.46556038361284313
137.525,-0.2,-0.3751468477727886,-0.08741898882916313
137.53,-0.2,-0.3753863764358734,-0.0053361790582539675
137.535,-0.2,-0.37580958138912873,-0.30245341868094744
137.54,-0.2,-0.3762930549078517,-0.11409003308929366
137.545,-0.2,-0.37664858475365526,-0.4811594590755956
137.55,-0.2,-0.3767108384677812,-0.7267455849071882
137.555,-0.2,-0.37642005670771195,-0.4761431286829224
137.56,-0.2,-0.37584879084905914,-0.5028127173945163
137.565,-0.2,-0.37514069101070024,-0.08991389598563607
137.57,-0.2,-0.37440923711978397,-0.11685510589740597
137.575,-0.2,-0.37366269874409436,-0.12132611563025317
137.58,-0.2,-0.37280142804086785,-0.3466018547279129
137.585,-0.2,-0.37168695171048005,-0.5216804985291986
137.59,-0.2,-0.370239692008195,-0.7651638502479583
137.595,-0.2,-0.36851350379509534,-0.584793156023525
137.6,-0.2,-0.36669483880734355,-0.34720789135519187
137.605,-0.2,-0.3650144368317182,-0.16991320789248027
137.61,-0.2,-0.36363083949248304,-0.01906355515018507
137.615,-0.2,-0.362557050216802,-0.07212442764049666
137.62,-0.2,-0.3616707921928891,-0.5573269879732792
137.625,-0.2,-0.3608169665604716,-0.6776218687841055
137.63,-0.2,-0.3599353169606835,-0.6282939070950405
137.635,-0.2,-0.3591080340871653,-0.510570670919155
137.64,-0.2,-0.3585024699451652,-0.18519785849239576
137.645,-0.2,-0.3582644189556387,-0.1662694063165932
137.65,-0.2,-0.35843039109325575,-0.06483052544525186
137.655,-0.2,-0.35889986153059666,-0.11559577304492896
137.66,-0.2,-0.3594747131595876,-0.5807765588906846
137.665,-0.2,-0.3599590979123654,-0.6074707055808066
137.67,-0.2,-0.360265970579216,-0.6205423296739587
137.675,-0.2,-0.3604489078673567,-0.46841922919698076
137.68,-0.2,-0.3606512468206391,-0.3987666441564723
137.685,-0.2,-0.36102168340184515,-0.0838529539958534
137.69,-0.2,-0.36162932258437236,-0.05248077409569415
137.695,-0.2,-0.36240888084145667,-0.09813627953067836
137.7,-0.2,-0.36317418754452885,-0.3351346141777532
137.705,-0.2,-0.3637008734732669,-0.5179529185033775
137.71,-0.2,-0.36382769675822424,-0.5271093008986537
137.715,-0.2,-0.3635166857897233,-0.5729838247952944
137.72,-0.2,-0.3628396090978753,-0.06968059984789382
137.725,-0.2,-0.3618898763522993,0.0010710958603112608
137.73,-0.2,-0.36067620338844963,-0.04967408465507471
137.735,-0.2,-0.3590859395410959,-0.08379534620628894
137.74,-0.2,-0.35693535737207926,-0.37598123528330224
137.745,-0.2,-0.3540643684505625,-0.5790759721201876
137.75,-0.2,-0.3504323306998929,-0.5895145444752141
137.755,-0.2,-0.3461618217779656,-0.48346749027348135
137.76,-0.2,-0.34150031523057794,-0.30165441020251826
137.765,-0.2,-0.33672362979010684,-0.019510390949394357
137.77,-0.2,-0.33203666611353305,-0.24948209776582636
137.775,-0.2,-0.32753029954801044,-0.08442382717958154
137.78,-0.2,-0.3232062448442729,-0.4031279705098991
