t,reference,measured,noisy
138.115,0.2,-0.10682045890703769,-0.10682045890703769
138.12,0.2,0.1497117852587539,0.1497117852587539
138.125,0.2,0.1541125141951012,0.1541125141951012
138.13,0.2,0.21836852703090925,0.21836852703090925
138.135,0.2,0.33296773982113104,0.33296773982113104
138.14,0.2,-0.05259143195509992,-0.05259143195509992
138.145,0.2,-0.2485034372300663,-0.2485034372300663
138.15,0.2,-0.434779366686345,-0.434779366686345
138.155,0.2,-0.19038402853358372,-0.19038402853358372
138.16,0.2,0.25538735075592606,0.25538735075592606
138.165,0.2,0.260500729635009,0.260500729635009
138.17,0.2,0.42997647259987337,0.42997647259987337
138.175,0.2,0.1984849214263884,0.1984849214263884
138.18,0.2,0.16377218404005978,0.16377218404005978
138.185,0.2,-0.23431044424056224,-0.23431044424056224
138.19,0.2,-0.4657349043619893,-0.4657349043619893
138.195,0.2,-0.06856274045995243,-0.06856274045995243
138.2,0.2,0.040182464429116424,0.040182464429116424
138.205,0.2,0.1779713129001131,0.1779713129001131
138.21,0.2,0.5233616513770086,0.5233616513770086
138.215,0.2,0.4891685785947484,0.4891685785947484
138.22,0.2,0.08830185651902031,0.08830185651902031
138.225,0.2,-0.081738208245222,-0.081738208245222
138.23,0.2,-0.46691194677615994,-0.46691194677615994
138.235,0.2,-0.12558352136840897,-0.12558352136840897
138.24,0.2,0.20194279161658787,0.20194279161658787
138.245,0.2,0.5536393668093647,0.5536393668093647
138.25,0.2,0.47740859036831995,0.47740859036831995
138.255,0.2,0.4081516187202795,0.4081516187202795
138.26,0.2,0.1941382807466695,0.1941382807466695
138.265,0.2,0.004391354903469896,0.004391354903469896
138.27,0.2,-0.3548421492115544,-0.3548421492115544
138.275,0.2,-0.1287955963859277,-0.1287955963859277
138.28,0.2,0.037924005245199816,0.037924005245199816
138.285,0.2,0.4228876684201824,0.4228876684201824
138.29,0.2,0.4009123958958992,0.4009123958958992
138.295,0.2,0.4644259626498989,0.4644259626498989
138.3,0.2,0.14542498588043332,0.14542498588043332
138.305,0.2,-0.18141507354093256,-0.18141507354093256
138.31,0.2,-0.24876869055303336,-0.24876869055303336
138.315,0.2,-0.16515624530033618,-0.16515624530033618
138.32,0.2,0.2274110238095356,0.2274110238095356
138.325,0.2,0.4548657994391559,0.4548657994391559
138.33,0.2,0.6865267124690747,0.6865267124690747
138.335,0.2,0.47876006732169873,0.47876006732169873
138.34,0.2,0.12230127365388396,0.12230127365388396
138.345,0.2,-0.06403621498717232,-0.06403621498717232
138.35,0.2,-0.2398344771816795,-0.2398344771816795
138.355,0.2,0.004387531417221549,0.004387531417221549
138.36,0.2,0.24917247983288549,0.24917247983288549
138.365,0.2,0.4156168144179937,0.4156168144179937
138.37,0.2,0.40076026055721903,0.40076026055721903
138.375,0.2,0.46765092312364925,0.46765092312364925
138.38,0.2,0.013759015980962935,0.013759015980962935
138.385,0.2,-0.036360866170251444,-0.036360866170251444
138.39,0.2,-0.015514050000811214,-0.015514050000811214
138.395,0.2,-0.09004103834985701,-0.09004103834985701
138.4,0.2,0.3928647195107237,0.3928647195107237
138.405,0.2,0.35422682465166994,0.35422682465166994
138.41,0.2,0.4717663159473802,0.4717663159473802
138.415,0.2,0.4414537080650806,0.4414537080650806
138.42,0.2,0.19652717016817645,0.19652717016817645
138.425,0.2,-0.025315163986319278,-0.025315163986319278
138.43,0.2,-0.3696199288665858,-0.3696199288665858
138.435,0.2,0.04932526351987421,0.04932526351987421
138.44,0.2,0.27903551496070456,0.27903551496070456
138.445,0.2,0.6310311680609273,0.6310311680609273
138.45,0.2,0.6552939802736457,0.6552939802736457
138.455,0.2,0.5967443030025008,0.5967443030025008
138.46,0.2,0.1425913391244502,0.1425913391244502
138.465,0.2,-0.07619159512379041,-0.07619159512379041
138.47,0.2,-0.05776761893031887,-0.05776761893031887
138.475,0.2,-0.11362284263887146,-0.11362284263887146
138.48,0.2,0.18029368907931118,0.18029368907931118
138.485,0.2,0.3864958764270429,0.3864958764270429
138.49,0.2,0.7976199741807831,0.7976199741807831
138.495,0.2,0.37400138996661525,0.37400138996661525
138.5,0.2,0.2052754403895278,0.2052754403895278
138.505,0.2,-0.03714019637720668,-0.03714019637720668
138.51,0.2,-0.1210103163527711,-0.1210103163527711
138.515,0.2,0.10593295537569597,0.10593295537569597
138.52,0.2,0.2252324516563213,0.2252324516563213
138.525,0.2,0.4270798969035519,0.4270798969035519
138.53,0.2,0.6324132379969098,0.6324132379969098
138.535,0.2,0.37015925309442355,0.37015925309442355
138.54,0.2,0.1403066588908846,0.1403066588908846
138.545,0.2,-0.00943581800895274,-0.00943581800895274
138.55,0.2,-0.13749874649863583,-0.13749874649863583
138.555,0.2,0.04024638898905383,0.04024638898905383
138.56,0.2,0.24053641411628635,0.24053641411628635
138.565,0.2,0.49349862216143897,0.49349862216143897
138.57,0.2,0.5810768883008268,0.5810768883008268
138.575,0.2,0.42400052527457593,0.42400052527457593
138.58,0.2,0.030291753576022096,0.030291753576022096
138.585,0.2,0.012134958291052586,0.012134958291052586
138.59,0.2,-0.06840558689777981,-0.06840558689777981
138.595,0.2,-0.011548016296030576,-0.011548016296030576
138.6,0.2,0.2702949033797534,0.2702949033797534
138.605,0.2,0.47628313728081745,0.47628313728081745
138.61,0.2,0.5183995273385938,0.5183995273385938
138.615,0.2,0.4223115582844119,0.4223115582844119
138.62,0.2,0.01575503245232937,0.01575503245232937
138.625,0.2,-0.1162338144053277,-0.1162338144053277
138.63,0.2,-0.31498300896987436,-0.31498300896987436
138.635,0.2,0.04457669591773042,0.04457669591773042
138.64,0.2,0.28922207983849846,0.28922207983849846
138.645,0.2,0.5939266270325916,0.5939266270325916
138.65,0.2,0.4277615046780593,0.4277615046780593
138.655,0.2,0.5387137871073686,0.5387137871073686
138.66,0.2,0.3274092019419698,0.3274092019419698
138.665,0.2,0.005210434129893582,0.005210434129893582
138.67,0.2,-0.1087812199665493,-0.1087812199665493
138.675,0.2,0.005942306001730381,0.005942306001730381
138.68,0.2,0.13003777365636904,0.13003777365636904
138.685,0.2,0.43107830919428364,0.43107830919428364
138.69,0.2,0.7161982101365991,0.7161982101365991
138.695,0.2,0.3762833752876254,0.3762833752876254
138.7,0.2,0.12545793741989528,0.12545793741989528
138.705,0.2,-0.22450420374181976,-0.22450420374181976
138.71,0.2,-0.35536609514432477,-0.35536609514432477
138.715,0.2,-0.031061155047173515,-0.031061155047173515
138.72,0.2,0.27931584373955165,0.27931584373955165
138.725,0.2,0.53264215947557,0.53264215947557
138.73,0.2,0.6168783123559199,0.6168783123559199
138.735,0.2,0.4749268308206519,0.4749268308206519
138.74,0.2,0.28962944365441184,0.28962944365441184
138.745,0.2,-0.057768893196236334,-0.057768893196236334
138.75,0.2,-0.15856713547523266,-0.15856713547523266
138.755,0.2,0.01785242819009685,0.01785242819009685
138.76,0.2,0.15269223346919278,0.15269223346919278
138.765,0.2,0.5152052348508003,0.5152052348508003
138.77,0.2,0.5977009001774144,0.5977009001774144
138.775,0.2,0.4674783413534998,0.4674783413534998
138.78,0.2,0.13570274392266668,0.13570274392266668
138.785,0.2,-0.13559295517022119,-0.13559295517022119
138.79,0.2,-0.2469380722795937,-0.2469380722795937
138.795,0.2,0.0008457650098189773,0.0008457650098189773
138.8,0.2,0.20482743298180475,0.20482743298180475
138.805,0.2,0.4217330347366146,0.4217330347366146
138.81,0.2,0.6376378253168071,0.6376378253168071
138.815,0.2,0.4062212478779787,0.4062212478779787
138.82,0.2,0.06043942059749163,0.06043942059749163
138.825,0.2,0.015663349816227315,0.015663349816227315
138.83,0.2,-0.005072792646359514,-0.005072792646359514
138.835,0.2,-0.03276375972534523,-0.03276375972534523
138.84,0.2,0.33305394515968934,0.33305394515968934
138.845,0.2,0.405037371287227,0.405037371287227
138.85,0.2,0.48954825580881345,0.48954825580881345
138.855,0.2,0.5721798627835968,0.5721798627835968
138.86,0.2,0.35828868028000505,0.35828868028000505
138.865,0.2,-0.06484957295884144,-0.06484957295884144
138.87,0.2,-0.30423570827495283,-0.30423570827495283
138.875,0.2,0.12379779697283791,0.12379779697283791
138.88,0.2,0.09116615228070496,0.09116615228070496
138.885,0.2,0.5510238579273752,0.5510238579273752
138.89,0.2,0.6998893533879648,0.6998893533879648
138.895,0.2,0.591530984117088,0.591530984117088
138.9,0.2,0.3587335622271003,0.3587335622271003
138.905,0.2,-0.10215736168648912,-0.10215736168648912
138.91,0.2,-0.10504849561932486,-0.10504849561932486
138.915,0.2,-0.036750759466798386,-0.036750759466798386
138.92,0.2,0.22186397096004262,0.22186397096004262
138.925,0.2,0.5138209083052026,0.5138209083052026
138.93,0.2,0.5085174446778743,0.5085174446778743
138.935,0.2,0.6200984594606187,0.6200984594606187
138.94,0.2,0.11280877786082227,0.11280877786082227
138.945,0.2,0.0029334296905356473,0.0029334296905356473
138.95,0.2,-0.16575865545360094,-0.16575865545360094
138.955,0.2,0.04514888695657741,0.04514888695657741
138.96,0.2,0.37006834711558784,0.37006834711558784
138.965,0.2,0.6179570836484385,0.6179570836484385
138.97,0.2,0.7431478389355879,0.7431478389355879
138.975,0.2,0.31962682158626476,0.31962682158626476
138.98,0.2,0.17578375362329948,0.17578375362329948
138.985,0.2,-0.0069310757697217465,-0.0069310757697217465
138.99,0.2,-0.0029440949517627463,-0.0029440949517627463
138.995,0.2,0.0015807678183495759,0.0015807678183495759
139.0,0.2,0.1846563573777522,0.1846563573777522
139.005,0.2,0.6879752804110959,0.6879752804110959
139.01,0.2,0.5844900458696727,0.5844900458696727
139.015,0.2,0.470457595901581,0.470457595901581
139.02,0.2,0.2528536783506085,0.2528536783506085
139.025,0.2,-0.1930239351682127,-0.1930239351682127
139.03,0.2,-0.14574649797049544,-0.14574649797049544
139.035,0.2,0.03494236324462599,0.03494236324462599
139.04,0.2,0.2977099206884738,0.2977099206884738
139.045,0.2,0.34041196337287427,0.34041196337287427
139.05,0.2,0.5860790512351318,0.5860790512351318
139.055,0.2,0.22212429337987577,0.22212429337987577
139.06,0.2,0.26671109317460784,0.26671109317460784
139.065,0.2,0.0329622178337248,0.0329622178337248
139.07,0.2,-0.11222034323042757,-0.11222034323042757
139.075,0.2,-0.04041611391558447,-0.04041611391558447
139.08,0.2,0.35436300850592817,0.35436300850592817
139.085,0.2,0.4180302167601923,0.4180302167601923
139.09,0.2,0.5979850994780518,0.5979850994780518
139.095,0.2,0.5510562858157502,0.5510562858157502
139.1,0.2,0.09728516090771427,0.09728516090771427
139.105,0.2,0.08069427989872457,0.08069427989872457
139.11,0.2,-0.16746768592992667,-0.16746768592992667
139.115,0.2,-0.27601925607032296,-0.27601925607032296
139.12,0.2,0.22021962053672148,0.22021962053672148
139.125,0.2,0.5291258144828157,0.5291258144828157
139.13,0.2,0.38570377818940704,0.38570377818940704
139.135,0.2,0.36093583482413133,0.36093583482413133
139.14,0.2,0.07961013557490833,0.07961013557490833
139.145,0.2,-0.024349909989423248,-0.024349909989423248
139.15,0.2,-0.3937153163935096,-0.3937153163935096
139.155,0.2,0.0149471154530008,0.0149471154530008
139.16,0.2,0.06696278501417116,0.06696278501417116
139.165,0.2,0.676900370958071,0.676900370958071
139.17,0.2,0.57617483113503,0.57617483113503
139.175,0.2,0.1754394003629196,0.1754394003629196
139.18,0.2,-0.12361865692231053,-0.12361865692231053
139.185,0.2,0.15257262960367007,0.15257262960367007
139.19,0.2,-0.2819361568992465,-0.2819361568992465
139.195,0.2,-0.08332259847522103,-0.08332259847522103
139.2,0.2,0.22476768660883123,0.22476768660883123
139.205,0.2,0.385788194256218,0.385788194256218
139.21,0.2,0.48120020225394056,0.48120020225394056
139.215,0.2,0.38637073764477947,0.38637073764477947
139.22,0.2,0.096772843935574,0.096772843935574
139.225,0.2,-0.12178361103806486,-0.12178361103806486
139.23,0.2,-0.23606779761542418,-0.23606779761542418
139.235,0.2,0.07914265851531346,0.07914265851531346
139.24,0.2,0.012336228995820653,0.012336228995820653
139.245,0.2,0.4044327450469084,0.4044327450469084
139.25,0.2,0.4423673562113409,0.4423673562113409
139.255,0.2,0.5909596076038374,0.5909596076038374
139.26,0.2,0.2757094816547041,0.2757094816547041
139.265,0.2,-0.12476728545446009,-0.12476728545446009
139.27,0.2,-0.28417443105094925,-0.28417443105094925
139.275,0.2,-0.07735963221672704,-0.07735963221672704
139.28,0.2,0.018721612001409427,0.018721612001409427
139.285,0.2,0.44659388382374576,0.44659388382374576
139.29,0.2,0.5850171373903883,0.5850171373903883
139.295,0.2,0.5254617424227193,0.5254617424227193
139.3,0.2,0.16067771278035592,0.16067771278035592
139.305,0.2,-0.06363192880516678,-0.06363192880516678
139.31,0.2,-0.17393595000586398,-0.17393595000586398
139.315,0.2,0.006582178064997141,0.006582178064997141
139.32,0.2,0.15222247161285654,0.15222247161285654
139.325,0.2,0.3497295302828388,0.3497295302828388
139.33,0.2,0.4216890389828431,0.4216890389828431
139.335,0.2,0.4116640902320345,0.4116640902320345
139.34,0.2,0.047196808930098866,0.047196808930098866
139.345,0.2,-0.09553762058039747,-0.09553762058039747
139.35,0.2,-0.028945548339100624,-0.028945548339100624
139.355,0.2,-0.08687818637457426,-0.08687818637457426
139.36,0.2,0.3014415735862136,0.3014415735862136
139.365,0.2,0.4757807258407559,0.4757807258407559
139.37,0.2,0.6364390077719608,0.6364390077719608
139.375,0.2,0.5188071697328915,0.5188071697328915
139.38,0.2,0.2906857548373415,0.2906857548373415
139.385,0.2,-0.2250777145729925,-0.2250777145729925
139.39,0.2,-0.0818536138614106,-0.0818536138614106
139.395,0.2,0.05916798101731387,0.05916798101731387
139.4,0.2,0.21322543504303865,0.21322543504303865
139.405,0.2,0.41077924371168456,0.41077924371168456
139.41,0.2,0.4834462505114502,0.4834462505114502
139.415,0.2,0.501494314490834,0.501494314490834
139.42,0.2,0.34963121926439117,0.34963121926439117
139.425,0.2,0.026587727864955543,0.026587727864955543
139.43,0.2,-0.2958936112746863,-0.2958936112746863
139.435,0.2,0.017063144438671407,0.017063144438671407
139.44,0.2,0.38322437775863405,0.38322437775863405
139.445,0.2,0.3877640173695715,0.3877640173695715
139.45,0.2,0.3435605700935094,0.3435605700935094
139.455,0.2,0.5111019246759205,0.5111019246759205
139.46,0.2,0.3267559350445618,0.3267559350445618
139.465,0.2,0.07834678139661137,0.07834678139661137
139.47,0.2,-0.008157896688794297,-0.008157896688794297
139.475,0.2,0.031659336535888725,0.031659336535888725
139.48,0.2,0.222751593013078,0.222751593013078
139.485,0.2,0.5702730821274087,0.5702730821274087
139.49,0.2,0.31109214904032223,0.31109214904032223
139.495,0.2,0.6794467800051303,0.6794467800051303
139.5,0.2,0.3574067303324261,0.3574067303324261
139.505,0.2,-0.13581590113084008,-0.13581590113084008
139.51,0.2,-0.1176149427886127,-0.1176149427886127
139.515,0.2,0.02164338580432535,0.02164338580432535
139.52,0.2,0.13410682301582988,0.13410682301582988
139.525,0.2,0.5163322653292486,0.5163322653292486
139.53,0.2,0.6814430134701313,0.6814430134701313
139.535,0.2,0.4216934831633323,0.4216934831633323
139.54,0.2,0.24580575350159806,0.24580575350159806
139.545,0.2,-0.05906077859932507,-0.05906077859932507
139.55,0.2,0.01441120733491294,0.01441120733491294
139.555,0.2,-0.005693811923107219,-0.005693811923107219
139.56,0.2,0.2391214986603025,0.2391214986603025
139.565,0.2,0.5302471534975424,0.5302471534975424
139.57,0.2,0.5028807977499373,0.5028807977499373
139.575,0.2,0.37002401036646465,0.37002401036646465
139.58,0.2,0.34213891816253594,0.34213891816253594
139.585,0.2,0.1030467441781498,0.1030467441781498
139.59,0.2,-0.16530100312245702,-0.16530100312245702
139.595,0.2,0.20784662172988724,0.20784662172988724
139.6,0.2,0.28524930103362967,0.28524930103362967
139.605,0.2,0.5808721003238088,0.5808721003238088
139.61,0.2,0.7561546351391776,0.7561546351391776
139.615,0.2,0.47017391247662493,0.47017391247662493
139.62,0.2,0.18412330962300036,0.18412330962300036
139.625,0.2,0.14581535783740515,0.14581535783740515
139.63,0.2,-0.044226007924723636,-0.044226007924723636
139.635,0.2,0.018474797345827344,0.018474797345827344
139.64,0.2,0.4903641240987323,0.4903641240987323
139.645,0.2,0.5847762886431899,0.5847762886431899
139.65,0.2,0.7146224951241167,0.7146224951241167
139.655,0.2,0.4645004541948948,0.4645004541948948
139.66,0.2,0.1946099219687377,0.1946099219687377
139.665,0.2,0.01831196583866413,0.01831196583866413
139.67,0.2,-0.13300117849209397,-0.13300117849209397
139.675,0.2,-0.018632508372832847,-0.018632508372832847
139.68,0.2,0.0827505290214465,0.0827505290214465
139.685,0.2,0.48971587044974585,0.48971587044974585
139.69,0.2,0.5439786625538994,0.5439786625538994
139.695,0.2,0.443761196280314,0.443761196280314
139.7,0.2,0.29659431937943703,0.29659431937943703
139.705,0.2,-0.15493691940365242,-0.15493691940365242
139.71,0.2,-0.1805654043808835,-0.1805654043808835
139.715,0.2,-0.16150080685249357,-0.16150080685249357
139.72,0.2,0.21501338302377634,0.21501338302377634
139.725,0.2,0.4937785140969314,0.4937785140969314
139.73,0.2,0.5684159410551046,0.5684159410551046
139.735,0.2,0.42565113680127875,0.42565113680127875
139.74,0.2,0.0353459033130227,0.0353459033130227
139.745,0.2,-0.06841186385038839,-0.06841186385038839
139.75,0.2,-0.12595150808841737,-0.12595150808841737
139.755,0.2,-0.14409572593311243,-0.14409572593311243
139.76,0.2,0.18383230482418608,0.18383230482418608
139.765,0.2,0.32323854209234215,0.32323854209234215
139.77,0.2,0.6663296122536035,0.6663296122536035
139.775,0.2,0.33685414165862304,0.33685414165862304
139.78,0.2,0.3601799653844484,0.3601799653844484
139.785,0.2,-0.09021593654978827,-0.09021593654978827
139.79,0.2,-0.21088109139661476,-0.21088109139661476
139.795,0.2,-0.1055821955510152,-0.1055821955510152
139.8,0.2,0.21306968721468644,0.21306968721468644
139.805,0.2,0.32580259224259756,0.32580259224259756
139.81,0.2,0.47231532637170487,0.47231532637170487
139.815,0.2,0.32001150414251833,0.32001150414251833
139.82,0.2,0.12887380112053873,0.12887380112053873
139.825,0.2,0.14123873932351866,0.14123873932351866
139.83,0.2,-0.1660290042287899,-0.1660290042287899
139.835,0.2,-0.0408243183060824,-0.0408243183060824
139.84,0.2,0.25945354648204594,0.25945354648204594
139.845,0.2,0.31789547778762217,0.31789547778762217
139.85,0.2,0.5811646149268467,0.5811646149268467
139.855,0.2,0.4414792625154907,0.4414792625154907
139.86,0.2,0.1989032972521608,0.1989032972521608
139.865,0.2,-0.08051794712313573,-0.08051794712313573
139.87,0.2,-0.08857344724303026,-0.08857344724303026
139.875,0.2,0.04285870392926991,0.04285870392926991
139.88,0.2,0.17436908145050736,0.17436908145050736
139.885,0.2,0.48870188593970293,0.48870188593970293
139.89,0.2,0.5963186758294254,0.5963186758294254
139.895,0.2,0.4674945584717212,0.4674945584717212
139.9,0.2,-0.0018861603153013662,-0.0018861603153013662
139.905,0.2,-0.14002417960564628,-0.14002417960564628
139.91,0.2,-0.16404451395889777,-0.16404451395889777
139.915,0.2,-0.05663567970439541,-0.05663567970439541
139.92,0.2,0.3316372798311052,0.3316372798311052
139.925,0.2,0.5159217719350633,0.5159217719350633
139.93,0.2,0.4410822576339873,0.4410822576339873
139.935,0.2,0.47362161507054346,0.47362161507054346
139.94,0.2,0.2089674783740224,0.2089674783740224
139.945,0.2,-0.0710660900263276,-0.0710660900263276
139.95,0.2,-0.023605783867926694,-0.023605783867926694
139.955,0.2,-0.13038916180327534,-0.13038916180327534
139.96,0.2,0.27093629864569196,0.27093629864569196
139.965,0.2,0.4506895827128319,0.4506895827128319
139.97,0.2,0.5526042963396711,0.5526042963396711
139.975,0.2,0.5072775390479503,0.5072775390479503
139.98,0.2,0.24453237249022852,0.24453237249022852
139.985,0.2,-0.07376454857027544,-0.07376454857027544
139.99,0.2,-0.179047612764933,-0.179047612764933
139.995,0.2,-0.09219392049263786,-0.09219392049263786
140.0,0.2,0.34927109022940883,0.34927109022940883
140.005,0.2,0.47194504480859967,0.47194504480859967
140.01,0.2,0.4932736634527864,0.4932736634527864
140.015,0.2,0.37161472356414516,0.37161472356414516
140.02,0.2,0.2198007092236263,0.2198007092236263
140.025,0.2,-0.006617849832566462,-0.006617849832566462
140.03,0.2,-0.07388595574221281,-0.07388595574221281
140.035,0.2,-0.025192151795171536,-0.025192151795171536
140.04,0.2,0.3666419403777196,0.3666419403777196
140.045,0.2,0.5681845180818572,0.5681845180818572
140.05,0.2,0.6133885785503543,0.6133885785503543
140.055,0.2,0.5447549217591603,0.5447549217591603
140.06,0.2,0.06595849399474352,0.06595849399474352
140.065,0.2,0.12106624069074148,0.12106624069074148
140.07,0.2,-0.19638777819391895,-0.19638777819391895
140.075,0.2,-0.08832739707651803,-0.08832739707651803
140.08,0.2,0.3822386930743934,0.3822386930743934
140.085,0.2,0.4182617880718591,0.4182617880718591
140.09,0.2,0.8533102949324457,0.8533102949324457
140.095,0.2,0.5963992197418233,0.5963992197418233
140.1,0.2,0.11077528672888036,0.11077528672888036
140.105,0.2,-0.09735716066335412,-0.09735716066335412
140.11,0.2,-0.09672497415369968,-0.09672497415369968
140.115,0.2,-0.11214170481071546,-0.11214170481071546
140.12,0.2,0.41372977999757216,0.41372977999757216
140.125,0.2,0.40770674363579074,0.40770674363579074
140.13,0.2,0.6698226307185102,0.6698226307185102
140.135,0.2,0.5992731199928951,0.5992731199928951
140.14,0.2,0.3125866793338595,0.3125866793338595
140.145,0.2,0.06698669022113965,0.06698669022113965
140.15,0.2,-0.03142787012306454,-0.03142787012306454
140.155,0.2,0.036702875504343334,0.036702875504343334
140.16,0.2,0.17113925160728521,0.17113925160728521
140.165,0.2,0.5835371714770757,0.5835371714770757
140.17,0.2,0.4800918096177672,0.4800918096177672
140.175,0.2,0.49750314778166377,0.49750314778166377
140.18,0.2,0.28173338874366455,0.28173338874366455
140.185,0.2,-0.022269309822682076,-0.022269309822682076
140.19,0.2,-0.2193336139169215,-0.2193336139169215
140.195,0.2,-0.05001806611495765,-0.05001806611495765
140.2,0.2,0.08501396443522832,0.08501396443522832
140.205,0.2,0.5145809907998832,0.5145809907998832
140.21,0.2,0.6930854656541963,0.6930854656541963
140.215,0.2,0.45034198097227307,0.45034198097227307
140.22,0.2,0.014868810161690033,0.014868810161690033
140.225,0.2,0.014140394512028857,0.014140394512028857
140.23,0.2,0.013081406943236062,0.013081406943236062
140.235,0.2,0.006040897266538392,0.006040897266538392
140.24,0.2,0.2003524478420328,0.2003524478420328
140.245,0.2,0.5928826122126665,0.5928826122126665
140.25,0.2,0.542176068235319,0.542176068235319
140.255,0.2,0.2778650898278766,0.2778650898278766
140.26,0.2,0.11018352770463179,0.11018352770463179
140.265,0.2,-0.1015116016118809,-0.1015116016118809
140.27,0.2,-0.10069916033270061,-0.10069916033270061
140.275,0.2,-0.0070623587654979544,-0.0070623587654979544
140.28,0.2,0.06593835766663186,0.06593835766663186
140.285,0.2,0.5842353058356535,0.5842353058356535
140.29,0.2,0.5170786321856811,0.5170786321856811
140.295,0.2,0.3020484702862202,0.3020484702862202
140.3,0.2,0.12040342695177525,0.12040342695177525
140.305,0.2,-0.1603201152774184,-0.1603201152774184
140.31,0.2,-0.4180841560709151,-0.4180841560709151
140.315,0.2,-0.08676847188099031,-0.08676847188099031
140.32,0.2,0.40104378749366043,0.40104378749366043
140.325,0.2,0.44721657000490955,0.44721657000490955
140.33,0.2,0.6540455050875063,0.6540455050875063
140.335,0.2,0.3167899020627773,0.3167899020627773
140.34,0.2,0.18183259787095093,0.18183259787095093
140.345,0.2,-0.09708330648905032,-0.09708330648905032
140.35,0.2,-0.09870550562639355,-0.09870550562639355
140.355,0.2,-0.11542301866313416,-0.11542301866313416
140.36,0.2,0.2688384467167325,0.2688384467167325
140.365,0.2,0.38619591991772,0.38619591991772
140.37,0.2,0.6048007478450355,0.6048007478450355
140.375,0.2,0.11781303214763694,0.11781303214763694
140.38,0.2,0.11204283423381495,0.11204283423381495
140.385,0.2,-0.062198526147387204,-0.062198526147387204
140.39,0.2,-0.07993841396028487,-0.07993841396028487
140.395,0.2,-0.16852902403115755,-0.16852902403115755
140.4,0.2,0.1649543265200243,0.1649543265200243
140.405,0.2,0.4670766130286859,0.4670766130286859
140.41,0.2,0.47238769307739675,0.47238769307739675
140.415,0.2,0.5986657111672616,0.5986657111672616
140.42,0.2,0.05502935463893124,0.05502935463893124
140.425,0.2,-0.31493276082645894,-0.31493276082645894
140.43,0.2,-0.42122640479883267,-0.42122640479883267
140.435,0.2,-0.05883410074597648,-0.05883410074597648
140.44,0.2,0.11948248118172423,0.11948248118172423
140.445,0.2,0.4337276524291638,0.4337276524291638
140.45,0.2,0.4697754447890473,0.4697754447890473
140.455,0.2,0.3670461412397108,0.3670461412397108
140.46,0.2,0.10991231927222991,0.10991231927222991
140.465,0.2,0.022431098532044336,0.022431098532044336
140.47,0.2,-0.05085493834969623,-0.05085493834969623
140.475,0.2,-0.15598477155176577,-0.15598477155176577
140.48,0.2,0.2500025130021953,0.2500025130021953
140.485,0.2,0.5153230704882568,0.5153230704882568
140.49,0.2,0.5879838784140871,0.5879838784140871
140.495,0.2,0.36298169826481586,0.36298169826481586
140.5,0.2,-0.02373897947005546,-0.02373897947005546
140.505,0.2,-0.08704537960121193,-0.08704537960121193
140.51,0.2,-0.16287482742195844,-0.16287482742195844
140.515,0.2,-0.20368014193183295,-0.20368014193183295
140.52,0.2,0.2179166376092593,0.2179166376092593
140.525,0.2,0.4576377527800742,0.4576377527800742
140.53,0.2,0.519125665432993,0.519125665432993
140.535,0.2,0.44294211841667125,0.44294211841667125
140.54,0.2,0.18182899517555498,0.18182899517555498
140.545,0.2,0.11042130871077985,0.11042130871077985
140.55,0.2,-0.20117362899636193,-0.20117362899636193
140.555,0.2,-0.12221440721193631,-0.12221440721193631
140.56,0.2,0.03765201976074045,0.03765201976074045
140.565,0.2,0.5072435895814316,0.5072435895814316
140.57,0.2,0.5588351114032731,0.5588351114032731
140.575,0.2,0.3896128725027309,0.3896128725027309
140.58,0.2,0.14988545386072966,0.14988545386072966
140.585,0.2,-0.053784119513379136,-0.053784119513379136
140.59,0.2,-0.2051210872405938,-0.2051210872405938
140.595,0.2,-0.23967351101441164,-0.23967351101441164
140.6,0.2,0.1512008193859699,0.1512008193859699
140.605,0.2,0.3869293716763098,0.3869293716763098
140.61,0.2,0.5185804148807898,0.5185804148807898
140.615,0.2,0.4194949398154292,0.4194949398154292
140.62,0.2,0.053341219675533263,0.053341219675533263
140.625,0.2,-0.02812197440577814,-0.02812197440577814
140.63,0.2,-0.21005643473525445,-0.21005643473525445
140.635,0.2,-0.0708510652265675,-0.0708510652265675
140.64,0.2,0.10957491328325611,0.10957491328325611
140.645,0.2,0.5260345784018187,0.5260345784018187
140.65,0.2,0.5691723029161355,0.5691723029161355
140.655,0.2,0.548630268568993,0.548630268568993
140.66,0.2,0.2076932175941534,0.2076932175941534
140.665,0.2,-0.09331766539168,-0.09331766539168
140.67,0.2,-0.25086525275411864,-0.25086525275411864
140.675,0.2,-0.2495260794556557,-0.2495260794556557
140.68,0.2,0.2011466531100833,0.2011466531100833
140.685,0.2,0.4080315922648129,0.4080315922648129
140.69,0.2,0.4964456839382989,0.4964456839382989
140.695,0.2,0.5313338966708971,0.5313338966708971
140.7,0.2,0.14772838005295386,0.14772838005295386
140.705,0.2,-0.023434525132562806,-0.023434525132562806
140.71,0.2,-0.10780690424732324,-0.10780690424732324
140.715,0.2,-0.08530811215778451,-0.08530811215778451
140.72,0.2,0.09029921864513615,0.09029921864513615
140.725,0.2,0.37988856917760316,0.37988856917760316
140.73,0.2,0.524498175652597,0.524498175652597
140.735,0.2,0.5747345756601483,0.5747345756601483
140.74,0.2,0.046018606679771756,0.046018606679771756
140.745,0.2,-0.014832686818945437,-0.014832686818945437
140.75,0.2,-0.021923665498615214,-0.021923665498615214
140.755,0.2,-0.1584223011644892,-0.1584223011644892
140.76,0.2,0.2921574250425059,0.2921574250425059
140.765,0.2,0.5194488775122257,0.5194488775122257
140.77,0.2,0.4712001278095561,0.4712001278095561
140.775,0.2,0.38442997445594934,0.38442997445594934
140.78,0.2,0.12722990215810726,0.12722990215810726
140.785,0.2,-0.2891720382572544,-0.2891720382572544
140.79,0.2,-0.27313430729284854,-0.27313430729284854
140.795,0.2,-0.10406918143403857,-0.10406918143403857
140.8,0.2,0.2651546740018673,0.2651546740018673
140.805,0.2,0.3968890797706525,0.3968890797706525
140.81,0.2,0.562331738619657,0.562331738619657
140.815,0.2,0.4690015108759247,0.4690015108759247
140.82,0.2,0.37321571775127255,0.37321571775127255
140.825,0.2,0.07354945911851798,0.07354945911851798
140.83,0.2,0.060369564949172116,0.060369564949172116
140.835,0.2,-0.071590410804465,-0.071590410804465
140.84,0.2,0.3153177103529561,0.3153177103529561
140.845,0.2,0.4436331358450405,0.4436331358450405
140.85,0.2,0.6431733017182076,0.6431733017182076
140.855,0.2,0.4644855934885238,0.4644855934885238
140.86,0.2,0.3065549532369905,0.3065549532369905
140.865,0.2,-0.044415746463729845,-0.044415746463729845
140.87,0.2,-0.10646491983486281,-0.10646491983486281
140.875,0.2,-0.033832029545647804,-0.033832029545647804
140.88,0.2,0.06480104504332329,0.06480104504332329
140.885,0.2,0.46927957625127276,0.46927957625127276
140.89,0.2,0.534355449482886,0.534355449482886
140.895,0.2,0.49022140469334863,0.49022140469334863
140.9,0.2,0.3297764574115942,0.3297764574115942
140.905,0.2,-0.1867613903324687,-0.1867613903324687
140.91,0.2,-0.3090996528415131,-0.3090996528415131
140.915,0.2,0.01358685136646852,0.01358685136646852
140.92,0.2,0.1369694839229204,0.1369694839229204
140.925,0.2,0.4745433405798045,0.4745433405798045
140.93,0.2,0.6730889035437377,0.6730889035437377
140.935,0.2,0.489023539679364,0.489023539679364
140.94,0.2,0.2186151046950533,0.2186151046950533
140.945,0.2,-0.2393520826306146,-0.2393520826306146
140.95,0.2,-0.13317035908498256,-0.13317035908498256
140.955,0.2,-0.03508927782827258,-0.03508927782827258
140.96,0.2,0.327328856096055,0.327328856096055
140.965,0.2,0.5342487302951691,0.5342487302951691
140.97,0.2,0.6001986896339633,0.6001986896339633
140.975,0.2,0.5216399033369107,0.5216399033369107
140.98,0.2,0.08240388960736154,0.08240388960736154
140.985,0.2,-0.2197347688663339,-0.2197347688663339
140.99,0.2,-0.19953549070875753,-0.19953549070875753
140.995,0.2,-0.020299193427996506,-0.020299193427996506
141.0,0.2,0.123830042924816,0.123830042924816
141.005,0.2,0.43381076498775717,0.43381076498775717
141.01,0.2,0.6322606342696805,0.6322606342696805
141.015,0.2,0.37764742253871586,0.37764742253871586
141.02,0.2,0.16606650587539806,0.16606650587539806
141.025,0.2,-0.1773535052331322,-0.1773535052331322
141.03,0.2,-0.20080949758115077,-0.20080949758115077
141.035,0.2,0.057757619944948865,0.057757619944948865
141.04,0.2,0.15919097719630562,0.15919097719630562
141.045,0.2,0.5421450107456335,0.5421450107456335
141.05,0.2,0.5375260743451845,0.5375260743451845
141.055,0.2,0.4486690369093802,0.4486690369093802
141.06,0.2,0.3538149928062118,0.3538149928062118
141.065,0.2,-0.2654549888572839,-0.2654549888572839
141.07,0.2,-0.13028449669575984,-0.13028449669575984
141.075,0.2,-0.05892924046044181,-0.05892924046044181
141.08,0.2,0.2168453697430909,0.2168453697430909
141.085,0.2,0.5896939518769085,0.5896939518769085
141.09,0.2,0.5739321755633845,0.5739321755633845
141.095,0.2,0.6808313231631836,0.6808313231631836
141.1,0.2,0.31799058004687775,0.31799058004687775
141.105,0.2,-0.03435536918273305,-0.03435536918273305
141.11,0.2,-0.19064188807556465,-0.19064188807556465
141.115,0.2,-0.15265528906438056,-0.15265528906438056
141.12,0.2,0.27634797674343603,0.27634797674343603
141.125,0.2,0.48580828954709976,0.48580828954709976
141.13,0.2,0.5594024808317135,0.5594024808317135
141.135,0.2,0.4552932000577868,0.4552932000577868
141.14,0.2,0.19233124068875254,0.19233124068875254
141.145,0.2,-0.18221296094060735,-0.18221296094060735
141.15,0.2,-0.01466224753422131,-0.01466224753422131
141.155,0.2,-0.1957416094786101,-0.1957416094786101
141.16,0.2,0.27010669686080385,0.27010669686080385
141.165,0.2,0.5546112387178735,0.5546112387178735
141.17,0.2,0.7082758501302232,0.7082758501302232
141.175,0.2,0.5108033813805696,0.5108033813805696
141.18,0.2,0.21039904295165351,0.21039904295165351
141.185,0.2,0.08382110543272742,0.08382110543272742
141.19,0.2,-0.22075035755208283,-0.22075035755208283
141.195,0.2,-0.0049438243763814255,-0.0049438243763814255
141.2,0.2,0.21999988504430806,0.21999988504430806
141.205,0.2,0.4119366024779243,0.4119366024779243
141.21,0.2,0.6330127778084275,0.6330127778084275
141.215,0.2,0.4800959418030012,0.4800959418030012
141.22,0.2,0.04577058064010886,0.04577058064010886
141.225,0.2,-0.25524187759624767,-0.25524187759624767
141.23,0.2,-0.2649968316642013,-0.2649968316642013
141.235,0.2,-0.00905599071505598,-0.00905599071505598
141.24,0.2,0.2128261784557205,0.2128261784557205
141.245,0.2,0.5310733433449619,0.5310733433449619
141.25,0.2,0.5900037514302607,0.5900037514302607
141.255,0.2,0.37499179412789435,0.37499179412789435
141.26,0.2,0.0705361140759977,0.0705361140759977
141.265,0.2,-0.23338059135369826,-0.23338059135369826
141.27,0.2,-0.3402385175785868,-0.3402385175785868
141.275,0.2,-0.06571426696790285,-0.06571426696790285
141.28,0.2,0.27975085742022726,0.27975085742022726
141.285,0.2,0.2305322441617891,0.2305322441617891
141.29,0.2,0.675547934055913,0.675547934055913
141.295,0.2,0.5015430250410552,0.5015430250410552
141.3,0.2,0.1541659558401402,0.1541659558401402
141.305,0.2,-0.03967923603517951,-0.03967923603517951
141.31,0.2,-0.18425613047613143,-0.18425613047613143
141.315,0.2,-0.025282818012317063,-0.025282818012317063
141.32,0.2,0.2998260558438763,0.2998260558438763
141.325,0.2,0.49816600512287157,0.49816600512287157
141.33,0.2,0.45769899193530644,0.45769899193530644
141.335,0.2,0.45982476191426347,0.45982476191426347
141.34,0.2,-0.07074973876143159,-0.07074973876143159
141.345,0.2,-0.23628493526622682,-0.23628493526622682
141.35,0.2,-0.011047613378162069,-0.011047613378162069
141.355,0.2,-0.06652503952786264,-0.06652503952786264
141.36,0.2,0.23136962300094843,0.23136962300094843
141.365,0.2,0.5876460388187577,0.5876460388187577
141.37,0.2,0.5000756269156189,0.5000756269156189
141.375,0.2,0.5129245616916431,0.5129245616916431
141.38,0.2,-0.01923533178170103,-0.01923533178170103
141.385,0.2,-0.20774587104886805,-0.20774587104886805
141.39,0.2,0.004373725853594496,0.004373725853594496
141.395,0.2,-0.2151235100340806,-0.2151235100340806
141.4,0.2,0.13375253671124143,0.13375253671124143
141.405,0.2,0.6108942695126737,0.6108942695126737
141.41,0.2,0.5837662910091311,0.5837662910091311
141.415,0.2,0.48405529387691637,0.48405529387691637
141.42,0.2,0.24305880756033987,0.24305880756033987
141.425,0.2,0.07041214856683647,0.07041214856683647
141.43,0.2,-0.1154342348388986,-0.1154342348388986
141.435,0.2,0.09433594157994707,0.09433594157994707
141.44,0.2,0.21665488980293027,0.21665488980293027
141.445,0.2,0.5602357986830546,0.5602357986830546
141.45,0.2,0.43153398768360196,0.43153398768360196
141.455,0.2,0.4255222914053278,0.4255222914053278
141.46,0.2,0.2334509521997084,0.2334509521997084
141.465,0.2,-0.11918370857263255,-0.11918370857263255
141.47,0.2,-0.09562524353963953,-0.09562524353963953
141.475,0.2,-0.11406480781168292,-0.11406480781168292
141.48,0.2,0.3019995332412905,0.3019995332412905
141.485,0.2,0.41489184942580415,0.41489184942580415
141.49,0.2,0.5179468153988417,0.5179468153988417
141.495,0.2,0.6002913398016616,0.6002913398016616
141.5,0.2,0.23240738722043972,0.23240738722043972
141.505,0.2,0.027153462706985432,0.027153462706985432
141.51,0.2,-0.11841683860797525,-0.11841683860797525
141.515,0.2,-0.004712886680893709,-0.004712886680893709
141.52,0.2,0.3779762908207889,0.3779762908207889
141.525,0.2,0.6162521341585536,0.6162521341585536
141.53,0.2,0.7044379503654039,0.7044379503654039
141.535,0.2,0.5208962482588317,0.5208962482588317
141.54,0.2,0.28998901813042927,0.28998901813042927
141.545,0.2,-0.13281928475900123,-0.13281928475900123
141.55,0.2,-0.11481090371655833,-0.11481090371655833
141.555,0.2,-0.14760209894158555,-0.14760209894158555
141.56,0.2,0.25628891330558534,0.25628891330558534
141.565,0.2,0.5219848875217713,0.5219848875217713
141.57,0.2,0.4901140299488515,0.4901140299488515
141.575,0.2,0.40814552541740945,0.40814552541740945
141.58,0.2,0.14162678552047053,0.14162678552047053
141.585,0.2,0.0827813409538419,0.0827813409538419
141.59,0.2,-0.18930741629761033,-0.18930741629761033
141.595,0.2,0.08179239463221921,0.08179239463221921
141.6,0.2,0.15228597541564298,0.15228597541564298
141.605,0.2,0.6191440639304326,0.6191440639304326
141.61,0.2,0.538635520916799,0.538635520916799
141.615,0.2,0.30911797965047405,0.30911797965047405
141.62,0.2,0.09539227644243257,0.09539227644243257
141.625,0.2,-0.03967786966402501,-0.03967786966402501
141.63,0.2,-0.1589363528371642,-0.1589363528371642
141.635,0.2,-0.020401196113251356,-0.020401196113251356
141.64,0.2,0.13611963196441257,0.13611963196441257
141.645,0.2,0.5097861051006768,0.5097861051006768
141.65,0.2,0.5479793881739128,0.5479793881739128
141.655,0.2,0.4669544739048753,0.4669544739048753
141.66,0.2,0.32577886214032065,0.32577886214032065
141.665,0.2,-0.17787311673065181,-0.17787311673065181
141.67,0.2,-0.2346635149800137,-0.2346635149800137
141.675,0.2,-0.10258863806115837,-0.10258863806115837
141.68,0.2,0.32859111954665055,0.32859111954665055
141.685,0.2,0.5431564026559688,0.5431564026559688
141.69,0.2,0.5033052096188155,0.5033052096188155
141.695,0.2,0.3429477805156613,0.3429477805156613
141.7,0.2,0.3706810873879171,0.3706810873879171
141.705,0.2,-0.007763160388300425,-0.007763160388300425
141.71,0.2,-0.14907521995479878,-0.14907521995479878
141.715,0.2,-0.03415969005591157,-0.03415969005591157
141.72,0.2,0.31026718042384066,0.31026718042384066
141.725,0.2,0.41882334384096637,0.41882334384096637
141.73,0.2,0.4505287423787564,0.4505287423787564
141.735,0.2,0.4001021512214104,0.4001021512214104
141.74,0.2,0.2972094591643025,0.2972094591643025
141.745,0.2,-0.09644634581734154,-0.09644634581734154
141.75,0.2,-0.12232220574247302,-0.12232220574247302
141.755,0.2,0.04691630055591492,0.04691630055591492
141.76,0.2,0.16270177685457848,0.16270177685457848
141.765,0.2,0.5253254912750652,0.5253254912750652
141.77,0.2,0.6881874254951963,0.6881874254951963
141.775,0.2,0.46433762116603894,0.46433762116603894
141.78,0.2,0.3588067469286453,0.3588067469286453
141.785,0.2,-0.0858574945264847,-0.0858574945264847
141.79,0.2,-0.21561398619408106,-0.21561398619408106
141.795,0.2,-0.1845926029520921,-0.1845926029520921
141.8,0.2,0.21794057825488491,0.21794057825488491
141.805,0.2,0.5373150136854126,0.5373150136854126
141.81,0.2,0.5805311664496869,0.5805311664496869
141.815,0.2,0.49968723433458545,0.49968723433458545
141.82,0.2,0.300243841219441,0.300243841219441
141.825,0.2,-0.05890876341380652,-0.05890876341380652
141.83,0.2,-0.06971773735464135,-0.06971773735464135
141.835,0.2,-0.003986518315159703,-0.003986518315159703
141.84,0.2,0.1322204508669802,0.1322204508669802
141.845,0.2,0.49042643442887573,0.49042643442887573
141.85,0.2,0.5853568480902893,0.5853568480902893
141.855,0.2,0.5289793503160795,0.5289793503160795
141.86,0.2,-0.04787001230753948,-0.04787001230753948
141.865,0.2,0.016226902759166766,0.016226902759166766
141.87,0.2,-0.14636458003523176,-0.14636458003523176
141.875,0.2,-0.18621471126404737,-0.18621471126404737
141.88,0.2,0.17310165225395013,0.17310165225395013
141.885,0.2,0.5006291545525373,0.5006291545525373
141.89,0.2,0.4406874933986336,0.4406874933986336
141.895,0.2,0.618601681332946,0.618601681332946
141.9,0.2,0.24828285442765655,0.24828285442765655
141.905,0.2,-0.015286973187710648,-0.015286973187710648
141.91,0.2,-0.09569422483940626,-0.09569422483940626
141.915,0.2,-0.14762945858337476,-0.14762945858337476
141.92,0.2,0.2053113909320965,0.2053113909320965
141.925,0.2,0.560611142016523,0.560611142016523
141.93,0.2,0.5661883525417213,0.5661883525417213
141.935,0.2,0.6060948326448354,0.6060948326448354
141.94,0.2,0.21423492699392416,0.21423492699392416
141.945,0.2,-0.13651095259027296,-0.13651095259027296
141.95,0.2,-0.06027202253245656,-0.06027202253245656
141.955,0.2,-0.11508108918627738,-0.11508108918627738
141.96,0.2,0.3110780825525795,0.3110780825525795
141.965,0.2,0.33233342283928935,0.33233342283928935
141.97,0.2,0.5482342107455039,0.5482342107455039
141.975,0.2,0.3507304953593847,0.3507304953593847
141.98,0.2,0.2249944293935522,0.2249944293935522
141.985,0.2,-0.08055720536749296,-0.08055720536749296
141.99,0.2,-0.22061131420447208,-0.22061131420447208
141.995,0.2,0.05371970529447877,0.05371970529447877
142.0,0.2,0.263760200547939,0.263760200547939
142.005,0.2,0.5519927250918633,0.5519927250918633
142.01,0.2,0.6530343884423969,0.6530343884423969
142.015,0.2,0.5683579666245958,0.5683579666245958
142.02,0.2,0.11254533624367445,0.11254533624367445
142.025,0.2,-0.09272984964199414,-0.09272984964199414
142.03,0.2,-0.19108850506233827,-0.19108850506233827
142.035,0.2,-0.03433298664258215,-0.03433298664258215
142.04,0.2,0.17809031910542739,0.17809031910542739
142.045,0.2,0.6650721780995387,0.6650721780995387
142.05,0.2,0.8457013652528601,0.8457013652528601
142.055,0.2,0.38940716227516736,0.38940716227516736
142.06,0.2,0.27808311331709445,0.27808311331709445
142.065,0.2,-0.19293532921540474,-0.19293532921540474
142.07,0.2,-0.16774842489426298,-0.16774842489426298
142.075,0.2,0.006845248206320681,0.006845248206320681
142.08,0.2,0.18009500050756144,0.18009500050756144
142.085,0.2,0.40327818149009603,0.40327818149009603
142.09,0.2,0.4589530500443578,0.4589530500443578
142.095,0.2,0.575356791473614,0.575356791473614
142.1,0.2,0.3511495643303535,0.3511495643303535
142.105,0.2,-0.2788267510961183,-0.2788267510961183
142.11,0.2,-0.09001648445158007,-0.09001648445158007
142.115,0.2,0.1480590823195637,0.1480590823195637
142.12,0.2,0.23212202678380076,0.23212202678380076
142.125,0.2,0.5068509378287626,0.5068509378287626
142.13,0.2,0.7326587896935517,0.7326587896935517
142.135,0.2,0.547981750999456,0.547981750999456
142.14,0.2,0.24019579137963715,0.24019579137963715
142.145,0.2,-0.07725402586352602,-0.07725402586352602
142.15,0.2,0.029104626106268322,0.029104626106268322
142.155,0.2,-0.0967476434011364,-0.0967476434011364
142.16,0.2,0.27988913802011517,0.27988913802011517
142.165,0.2,0.6629760927858785,0.6629760927858785
142.17,0.2,0.6203051129608008,0.6203051129608008
142.175,0.2,0.47227085527059454,0.47227085527059454
142.18,0.2,0.19374258725893384,0.19374258725893384
142.185,0.2,0.09273452491364176,0.09273452491364176
142.19,0.2,-0.005978867376710495,-0.005978867376710495
142.195,0.2,-0.14846357245240474,-0.14846357245240474
142.2,0.2,0.2370177536481861,0.2370177536481861
142.205,0.2,0.37017021752662693,0.37017021752662693
142.21,0.2,0.4431986468388769,0.4431986468388769
142.215,0.2,0.5743162116587194,0.5743162116587194
142.22,0.2,0.16902658442189888,0.16902658442189888
142.225,0.2,-0.18913338242577743,-0.18913338242577743
142.23,0.2,-0.197573723233693,-0.197573723233693
142.235,0.2,-0.17101946014921576,-0.17101946014921576
142.24,0.2,0.3421787446570963,0.3421787446570963
142.245,0.2,0.41209303767784583,0.41209303767784583
142.25,0.2,0.6273364542406877,0.6273364542406877
142.255,0.2,0.4476694432217992,0.4476694432217992
142.26,0.2,0.13379320970450548,0.13379320970450548
142.265,0.2,0.0714110904580742,0.0714110904580742
142.27,0.2,-0.21076765915406762,-0.21076765915406762
142.275,0.2,0.033765236525721457,0.033765236525721457
142.28,0.2,0.2840687979939097,0.2840687979939097
142.285,0.2,0.43063365412141036,0.43063365412141036
142.29,0.2,0.6431833282395787,0.6431833282395787
142.295,0.2,0.47478889075450786,0.47478889075450786
142.3,0.2,0.17526168995016972,0.17526168995016972
142.305,0.2,-0.05800787980549109,-0.05800787980549109
142.31,0.2,-0.2803872625683187,-0.2803872625683187
142.315,0.2,0.17482567939947705,0.17482567939947705
142.32,0.2,0.22967276704640974,0.22967276704640974
142.325,0.2,0.5451602551876773,0.5451602551876773
142.33,0.2,0.573202532613099,0.573202532613099
142.335,0.2,0.5666752787443281,0.5666752787443281
142.34,0.2,0.3680572916882616,0.3680572916882616
142.345,0.2,-0.04863594827724319,-0.04863594827724319
142.35,0.2,-0.1351190549844039,-0.1351190549844039
142.355,0.2,-0.026037143593660536,-0.026037143593660536
142.36,0.2,0.15448871185029034,0.15448871185029034
142.365,0.2,0.757146344402509,0.757146344402509
142.37,0.2,0.6561132520212408,0.6561132520212408
142.375,0.2,0.5389010794901072,0.5389010794901072
142.38,0.2,0.3497835186458537,0.3497835186458537
142.385,0.2,0.2246271745033799,0.2246271745033799
142.39,0.2,-0.091108149367529,-0.091108149367529
142.395,0.2,-0.14316520349079262,-0.14316520349079262
142.4,0.2,0.12579133919470328,0.12579133919470328
142.405,0.2,0.5487152388984363,0.5487152388984363
142.41,0.2,0.5600990060216967,0.5600990060216967
142.415,0.2,0.5723167115385649,0.5723167115385649
142.42,0.2,0.33432228769932437,0.33432228769932437
142.425,0.2,0.040720747821793045,0.040720747821793045
142.43,0.2,-0.16339451850037306,-0.16339451850037306
142.435,0.2,0.15744185036442898,0.15744185036442898
142.44,0.2,0.27702618324916184,0.27702618324916184
142.445,0.2,0.448496735623374,0.448496735623374
142.45,0.2,0.5960115569286857,0.5960115569286857
142.455,0.2,0.2430107281342636,0.2430107281342636
142.46,0.2,0.5288867262523456,0.5288867262523456
142.465,0.2,-0.022907663160875814,-0.022907663160875814
142.47,0.2,-0.10662644250377447,-0.10662644250377447
142.475,0.2,0.04855977278765132,0.04855977278765132
142.48,0.2,0.3523254636519321,0.3523254636519321
142.485,0.2,0.4983998293328559,0.4983998293328559
142.49,0.2,0.5533544748699304,0.5533544748699304
142.495,0.2,0.5506037653149457,0.5506037653149457
142.5,0.2,0.28131047215642624,0.28131047215642624
142.505,0.2,0.11710152867883308,0.11710152867883308
142.51,0.2,-0.14139105806807828,-0.14139105806807828
142.515,0.2,-0.0039922216646939845,-0.0039922216646939845
142.52,0.2,0.15289900480146953,0.15289900480146953
142.525,0.2,0.4430822581749996,0.4430822581749996
142.53,0.2,0.7292662709571549,0.7292662709571549
142.535,0.2,0.6228054667864503,0.6228054667864503
142.54,0.2,0.2923777400137616,0.2923777400137616
142.545,0.2,-0.03226928837574234,-0.03226928837574234
142.55,0.2,-0.23942664200685082,-0.23942664200685082
142.555,0.2,0.041608378145268576,0.041608378145268576
142.56,0.2,0.24654503663960778,0.24654503663960778
142.565,0.2,0.4735384605346738,0.4735384605346738
142.57,0.2,0.5009533709812644,0.5009533709812644
142.575,0.2,0.4851666942669776,0.4851666942669776
142.58,0.2,0.2867276972506847,0.2867276972506847
142.585,0.2,-0.2059646183418052,-0.2059646183418052
142.59,0.2,-0.008984368475900464,-0.008984368475900464
142.595,0.2,-0.11880661583759738,-0.11880661583759738
142.6,0.2,0.21268527524857586,0.21268527524857586
142.605,0.2,0.5239351220138505,0.5239351220138505
142.61,0.2,0.8047560108570063,0.8047560108570063
142.615,0.2,0.41898371045926325,0.41898371045926325
142.62,0.2,0.09400454055384269,0.09400454055384269
142.625,0.2,-0.1431687451557544,-0.1431687451557544
142.63,0.2,-0.17676167625508807,-0.17676167625508807
142.635,0.2,-0.036036621695575824,-0.036036621695575824
142.64,0.2,0.13879640331101342,0.13879640331101342
142.645,0.2,0.4880836490222268,0.4880836490222268
142.65,0.2,0.37973206273531745,0.37973206273531745
142.655,0.2,0.40769290247324674,0.40769290247324674
142.66,0.2,0.3306649891779983,0.3306649891779983
142.665,0.2,-0.008845920136974147,-0.008845920136974147
142.67,0.2,-0.03875262205491006,-0.03875262205491006
142.675,0.2,0.20583963537186326,0.20583963537186326
142.68,0.2,0.14799326363302173,0.14799326363302173
142.685,0.2,0.591199471072327,0.591199471072327
142.69,0.2,0.6524914809896107,0.6524914809896107
142.695,0.2,0.34016237617984896,0.34016237617984896
142.7,0.2,0.04603425408599279,0.04603425408599279
142.705,0.2,-0.14937526207140303,-0.14937526207140303
142.71,0.2,0.08611402664503134,0.08611402664503134
142.715,0.2,0.0807433833903885,0.0807433833903885
142.72,0.2,0.27069967261492905,0.27069967261492905
142.725,0.2,0.3565299392851868,0.3565299392851868
142.73,0.2,0.6713450782916558,0.6713450782916558
142.735,0.2,0.506588779831393,0.506588779831393
142.74,0.2,0.26617947951351406,0.26617947951351406
142.745,0.2,-0.005141351287495315,-0.005141351287495315
142.75,0.2,0.035260034916852034,0.035260034916852034
142.755,0.2,0.10907628898595922,0.10907628898595922
142.76,0.2,0.1427992893503381,0.1427992893503381
142.765,0.2,0.474888468601088,0.474888468601088
142.77,0.2,0.4154293583254631,0.4154293583254631
142.775,0.2,0.5767313534655175,0.5767313534655175
142.78,0.2,0.03278083536561069,0.03278083536561069
142.785,0.2,-0.10611637839218552,-0.10611637839218552
142.79,0.2,-0.10706968068997824,-0.10706968068997824
142.795,0.2,-0.07857666267199971,-0.07857666267199971
142.8,0.2,0.37611569029269026,0.37611569029269026
142.805,0.2,0.6287617243539834,0.6287617243539834
142.81,0.2,0.6253240538732772,0.6253240538732772
142.815,0.2,0.5527984514401268,0.5527984514401268
142.82,0.2,0.2946891650845041,0.2946891650845041
142.825,0.2,0.10170185107818452,0.10170185107818452
142.83,0.2,0.1053063816755016,0.1053063816755016
142.835,0.2,-0.1575235985591115,-0.1575235985591115
142.84,0.2,0.26530580752029226,0.26530580752029226
142.845,0.2,0.4448263438118162,0.4448263438118162
142.85,0.2,0.5742326752512269,0.5742326752512269
142.855,0.2,0.6141872680029546,0.6141872680029546
142.86,0.2,0.277054285151645,0.277054285151645
142.865,0.2,-0.04556725124852043,-0.04556725124852043
142.87,0.2,-0.16417965198298795,-0.16417965198298795
142.875,0.2,-0.04424576686897051,-0.04424576686897051
142.88,0.2,0.200419623598576,0.200419623598576
142.885,0.2,0.31812730023626223,0.31812730023626223
142.89,0.2,0.7009409143987781,0.7009409143987781
142.895,0.2,0.5545213034962685,0.5545213034962685
142.9,0.2,0.19167956660333824,0.19167956660333824
142.905,0.2,-0.22006239598065497,-0.22006239598065497
142.91,0.2,-0.3281805537934401,-0.3281805537934401
142.915,0.2,-0.04156822642448272,-0.04156822642448272
142.92,0.2,0.2033809137834876,0.2033809137834876
142.925,0.2,0.6423673060469491,0.6423673060469491
142.93,0.2,0.508957081037191,0.508957081037191
142.935,0.2,0.5578126652619467,0.5578126652619467
142.94,0.2,0.24977213620641947,0.24977213620641947
142.945,0.2,-0.17013227145558021,-0.17013227145558021
142.95,0.2,-0.07464525088075165,-0.07464525088075165
142.955,0.2,-0.15523326491638703,-0.15523326491638703
142.96,0.2,0.18642965099511521,0.18642965099511521
142.965,0.2,0.4868530950503301,0.4868530950503301
142.97,0.2,0.473540356542627,0.473540356542627
142.975,0.2,0.3195736899406702,0.3195736899406702
142.98,0.2,0.15243224168487135,0.15243224168487135
142.985,0.2,0.07714618498668749,0.07714618498668749
142.99,0.2,-0.08204520488730208,-0.08204520488730208
142.995,0.2,-0.09229307456132275,-0.09229307456132275
143.0,0.2,0.2310904893311353,0.2310904893311353
143.005,0.2,0.378824010830268,0.378824010830268
143.01,0.2,0.49690343683080446,0.49690343683080446
143.015,0.2,0.3374426598786238,0.3374426598786238
143.02,0.2,0.1077501891211885,0.1077501891211885
143.025,0.2,-0.22828729579579315,-0.22828729579579315
143.03,0.2,-0.34079686222664596,-0.34079686222664596
143.035,0.2,-0.09643144481664609,-0.09643144481664609
143.04,0.2,0.2183974841091234,0.2183974841091234
143.045,0.2,0.43410491629955605,0.43410491629955605
143.05,0.2,0.5049028059772256,0.5049028059772256
143.055,0.2,0.3998993402005966,0.3998993402005966
143.06,0.2,0.004320073482436265,0.004320073482436265
143.065,0.2,-0.041585644222632154,-0.041585644222632154
143.07,0.2,-0.4002483223398476,-0.4002483223398476
143.075,0.2,-0.1624387400466662,-0.1624387400466662
143.08,0.2,0.15849381163136292,0.15849381163136292
143.085,0.2,0.2186465976287155,0.2186465976287155
143.09,0.2,0.670606261613519,0.670606261613519
143.095,0.2,0.41479411143721934,0.41479411143721934
143.1,0.2,0.04436235488232505,0.04436235488232505
143.105,0.2,-0.1496315159168127,-0.1496315159168127
143.11,0.2,-0.1451188030893012,-0.1451188030893012
143.115,-0.2,-0.14082802092519492,-0.14082802092519492
143.12,-0.2,-0.06289927148123803,-0.06289927148123803
143.125,-0.2,0.43281882671693744,0.43281882671693744
143.13,-0.2,0.6213181002685231,0.6213181002685231
143.135,-0.2,0.44199901952625287,0.44199901952625287
143.14,-0.2,0.13012424564755773,0.13012424564755773
143.145,-0.2,-0.1418876750852353,-0.1418876750852353
143.15,-0.2,-0.2834560444814489,-0.2834560444814489
143.155,-0.2,-0.20129646553753322,-0.20129646553753322
143.16,-0.2,0.16166220650001217,0.16166220650001217
143.165,-0.2,0.27810392823679037,0.27810392823679037
143.17,-0.2,0.47863037567414496,0.47863037567414496
143.175,-0.2,0.45957018427257135,0.45957018427257135
143.18,-0.2,0.08354323338538552,0.08354323338538552
143.185,-0.2,-0.17544557336400965,-0.17544557336400965
143.19,-0.2,-0.16620453963745094,-0.16620453963745094
143.195,-0.2,-0.13544927924139796,-0.13544927924139796
143.2,-0.2,0.08304377411696266,0.08304377411696266
143.205,-0.2,0.3903894879589409,0.3903894879589409
143.21,-0.2,0.5652021315042635,0.5652021315042635
143.215,-0.2,0.49875712394173827,0.49875712394173827
143.22,-0.2,0.0995887643494307,0.0995887643494307
143.225,-0.2,-0.07671745975129894,-0.07671745975129894
143.23,-0.2,-0.1378773613755221,-0.1378773613755221
143.235,-0.2,-0.13307690755491863,-0.13307690755491863
143.24,-0.2,0.10797688526731644,0.10797688526731644
143.245,-0.2,0.3374625429545525,0.3374625429545525
143.25,-0.2,0.5317136997765063,0.5317136997765063
143.255,-0.2,0.4702576276699049,0.4702576276699049
143.26,-0.2,0.12915059071267995,0.12915059071267995
143.265,-0.2,-0.17557529868892752,-0.17557529868892752
143.27,-0.2,-0.28099914581960106,-0.28099914581960106
143.275,-0.2,-0.14778359172865613,-0.14778359172865613
143.28,-0.2,0.10756288599250541,0.10756288599250541
143.285,-0.2,0.33072875056016077,0.33072875056016077
143.29,-0.2,0.6373207233307738,0.6373207233307738
143.295,-0.2,0.32723674023797794,0.32723674023797794
143.3,-0.2,0.34584562511511174,0.34584562511511174
143.305,-0.2,-0.16607511730239669,-0.16607511730239669
143.31,-0.2,-0.33667913669173083,-0.33667913669173083
143.315,-0.2,0.04265442999668309,0.04265442999668309
143.32,-0.2,0.2513700245935297,0.2513700245935297
143.325,-0.2,0.6056101049012819,0.6056101049012819
143.33,-0.2,0.40983381228413984,0.40983381228413984
143.335,-0.2,0.3901154011084278,0.3901154011084278
143.34,-0.2,0.3188036106226475,0.3188036106226475
143.345,-0.2,0.021975485964582542,0.021975485964582542
143.35,-0.2,-0.08592397373797814,-0.08592397373797814
143.355,-0.2,-0.11824038063999176,-0.11824038063999176
143.36,-0.2,0.3032097693752871,0.3032097693752871
143.365,-0.2,0.37403901265195816,0.37403901265195816
143.37,-0.2,0.5802066660244124,0.5802066660244124
143.375,-0.2,0.37907754013347555,0.37907754013347555
143.38,-0.2,0.13689975328410126,0.13689975328410126
143.385,-0.2,-0.08691919317220739,-0.08691919317220739
143.39,-0.2,-0.0030357228122422086,-0.0030357228122422086
143.395,-0.2,0.1565124515031685,0.1565124515031685
143.4,-0.2,0.15834279347291091,0.15834279347291091
143.405,-0.2,0.5185688464092549,0.5185688464092549
143.41,-0.2,0.6207495368513604,0.6207495368513604
143.415,-0.2,0.3647561616329896,0.3647561616329896
143.42,-0.2,0.117078819895307,0.117078819895307
143.425,-0.2,-0.046979623086113184,-0.046979623086113184
143.43,-0.2,-0.2965048543419305,-0.2965048543419305
143.435,-0.2,-0.06833847423798972,-0.06833847423798972
143.44,-0.2,0.2603700757651742,0.2603700757651742
143.445,-0.2,0.40422501530207705,0.40422501530207705
143.45,-0.2,0.508605050655828,0.508605050655828
143.455,-0.2,0.25171663874216,0.25171663874216
143.46,-0.2,0.19613685982243095,0.19613685982243095
143.465,-0.2,-0.23847538129696444,-0.23847538129696444
143.47,-0.2,-0.07355684506471882,-0.07355684506471882
143.475,-0.2,-0.024277885739559538,-0.024277885739559538
143.48,-0.2,0.367898844715813,0.367898844715813
143.485,-0.2,0.4444837124162249,0.4444837124162249
143.49,-0.2,0.597944327800881,0.597944327800881
143.495,-0.2,0.3084504835954807,0.3084504835954807
143.5,-0.2,0.11012283659475511,0.11012283659475511
143.505,-0.2,-0.289112972160367,-0.289112972160367
143.51,-0.2,-0.16751958662855052,-0.16751958662855052
143.515,-0.2,-0.11789506193922622,-0.11789506193922622
143.52,-0.2,0.3419514425714453,0.3419514425714453
143.525,-0.2,0.3426069161970085,0.3426069161970085
143.53,-0.2,0.5195003348346349,0.5195003348346349
143.535,-0.2,0.46972382450902694,0.46972382450902694
143.54,-0.2,0.07419924898485829,0.07419924898485829
143.545,-0.2,-0.02854204267823847,-0.02854204267823847
143.55,-0.2,-0.2581681803716772,-0.2581681803716772
143.555,-0.2,0.03203880746285623,0.03203880746285623
143.56,-0.2,0.23729258346371737,0.23729258346371737
143.565,-0.2,0.33818554378907045,0.33818554378907045
143.57,-0.2,0.6940432367310129,0.6940432367310129
143.575,-0.2,0.5311853139510521,0.5311853139510521
143.58,-0.2,0.29945728319667864,0.29945728319667864
143.585,-0.2,-0.06761307690111704,-0.06761307690111704
143.59,-0.2,-0.1984404777462872,-0.1984404777462872
143.595,-0.2,-0.14367854478456102,-0.14367854478456102
143.6,-0.2,0.2955704115875202,0.2955704115875202
143.605,-0.2,0.43447801499375166,0.43447801499375166
143.61,-0.2,0.7216677223696503,0.7216677223696503
143.615,-0.2,0.7131326291411637,0.7131326291411637
143.62,-0.2,0.25858434256516344,0.25858434256516344
143.625,-0.2,0.12166951115044292,0.12166951115044292
143.63,-0.2,-0.15377437636791905,-0.15377437636791905
143.635,-0.2,-0.11740913418767597,-0.11740913418767597
143.64,-0.2,0.24256334193666373,0.24256334193666373
143.645,-0.2,0.4715268266856326,0.4715268266856326
143.65,-0.2,0.5863523148014327,0.5863523148014327
143.655,-0.2,0.35765791925831114,0.35765791925831114
143.66,-0.2,0.19802936642179797,0.19802936642179797
143.665,-0.2,-0.08213425456369011,-0.08213425456369011
143.67,-0.2,-0.0993451496130568,-0.0993451496130568
143.675,-0.2,-0.1323772415866558,-0.1323772415866558
143.68,-0.2,0.24375079313546139,0.24375079313546139
143.685,-0.2,0.6322639954273093,0.6322639954273093
143.69,-0.2,0.7171575781478514,0.7171575781478514
143.695,-0.2,0.3116826367998152,0.3116826367998152
143.7,-0.2,0.17022981490319944,0.17022981490319944
143.705,-0.2,-0.06980884463335187,-0.06980884463335187
143.71,-0.2,7.59006800469253e-05,7.59006800469253e-05
143.715,-0.2,0.01982998476581932,0.01982998476581932
143.72,-0.2,0.23643033087833762,0.23643033087833762
143.725,-0.2,0.2192985221063412,0.2192985221063412
143.73,-0.2,0.6411870951209158,0.6411870951209158
143.735,-0.2,0.5490198058822614,0.5490198058822614
143.74,-0.2,0.0956829211936632,0.0956829211936632
143.745,-0.2,-0.2421471480146528,-0.2421471480146528
143.75,-0.2,-0.11757372507655453,-0.11757372507655453
143.755,-0.2,-0.039037795267998845,-0.039037795267998845
143.76,-0.2,0.3074462534547932,0.3074462534547932
143.765,-0.2,0.4952189985059094,0.4952189985059094
143.77,-0.2,0.540880237508144,0.540880237508144
143.775,-0.2,0.394068874899477,0.394068874899477
143.78,-0.2,0.16243175279294128,0.16243175279294128
143.785,-0.2,-0.2047127046725324,-0.2047127046725324
143.79,-0.2,-0.18750478642587654,-0.18750478642587654
143.795,-0.2,-0.04488748768505885,-0.04488748768505885
143.8,-0.2,0.37569909410130536,0.37569909410130536
143.805,-0.2,0.4053109870584699,0.4053109870584699
143.81,-0.2,0.5635669913725777,0.5635669913725777
143.815,-0.2,0.3171950524521164,0.3171950524521164
143.82,-0.2,0.10632673485557285,0.10632673485557285
143.825,-0.2,-0.19003179456068164,-0.19003179456068164
143.83,-0.2,-0.3482371547550728,-0.3482371547550728
143.835,-0.2,0.09522183784926372,0.09522183784926372
143.84,-0.2,0.20745728337230554,0.20745728337230554
143.845,-0.2,0.44895036139830424,0.44895036139830424
143.85,-0.2,0.5069234401706536,0.5069234401706536
143.855,-0.2,0.4114594612255872,0.4114594612255872
143.86,-0.2,0.12568599564931943,0.12568599564931943
143.865,-0.2,0.08000962677868662,0.08000962677868662
143.87,-0.2,-0.15263987177039443,-0.15263987177039443
143.875,-0.2,-0.03965644565529442,-0.03965644565529442
143.88,-0.2,0.07579544192741539,0.07579544192741539
143.885,-0.2,0.45586194688011233,0.45586194688011233
143.89,-0.2,0.7264407432689461,0.7264407432689461
143.895,-0.2,0.3629748611499294,0.3629748611499294
143.9,-0.2,0.01558232387215755,0.01558232387215755
143.905,-0.2,-0.18561916690513913,-0.18561916690513913
143.91,-0.2,-0.17828375097825702,-0.17828375097825702
143.915,-0.2,-0.09575485392926819,-0.09575485392926819
143.92,-0.2,0.13333157835081522,0.13333157835081522
143.925,-0.2,0.4119790638628939,0.4119790638628939
143.93,-0.2,0.6500214746454208,0.6500214746454208
143.935,-0.2,0.4060515328431796,0.4060515328431796
143.94,-0.2,-0.015617615724894285,-0.015617615724894285
143.945,-0.2,-0.17722519064818737,-0.17722519064818737
143.95,-0.2,0.08196873957500012,0.08196873957500012
143.955,-0.2,0.04709961650516242,0.04709961650516242
143.96,-0.2,0.2677647002438782,0.2677647002438782
143.965,-0.2,0.43714390192496044,0.43714390192496044
143.97,-0.2,0.6620757470381714,0.6620757470381714
143.975,-0.2,0.4572780130371002,0.4572780130371002
143.98,-0.2,0.24502742637573638,0.24502742637573638
143.985,-0.2,-0.054682514723032524,-0.054682514723032524
143.99,-0.2,-0.21967486200441472,-0.21967486200441472
143.995,-0.2,-0.11179902853190522,-0.11179902853190522
144.0,-0.2,0.2032574561250724,0.2032574561250724
144.005,-0.2,0.324334606004152,0.324334606004152
144.01,-0.2,0.44181777877331396,0.44181777877331396
144.015,-0.2,0.5137081697689669,0.5137081697689669
144.02,-0.2,0.15440563676865102,0.15440563676865102
144.025,-0.2,-0.22614480824694233,-0.22614480824694233
144.03,-0.2,-0.19489998393950675,-0.19489998393950675
144.035,-0.2,-0.04522509201367127,-0.04522509201367127
144.04,-0.2,0.1748563975708207,0.1748563975708207
144.045,-0.2,0.46228288456899364,0.46228288456899364
144.05,-0.2,0.5658421481960912,0.5658421481960912
144.055,-0.2,0.6176394499412009,0.6176394499412009
144.06,-0.2,0.2582569473965598,0.2582569473965598
144.065,-0.2,-0.20473099243777707,-0.20473099243777707
144.07,-0.2,-0.1888112937036326,-0.1888112937036326
144.075,-0.2,-0.13897093732567434,-0.13897093732567434
144.08,-0.2,0.2342739569907597,0.2342739569907597
144.085,-0.2,0.28863196185949713,0.28863196185949713
144.09,-0.2,0.27579234003053266,0.27579234003053266
144.095,-0.2,0.39158579009222294,0.39158579009222294
144.1,-0.2,0.16009963137968297,0.16009963137968297
144.105,-0.2,-0.29060061449426877,-0.29060061449426877
144.11,-0.2,-0.181965443030707,-0.181965443030707
144.115,-0.2,0.07698937163677688,0.07698937163677688
144.12,-0.2,0.09861520292531138,0.09861520292531138
144.125,-0.2,0.4813085800242282,0.4813085800242282
144.13,-0.2,0.5058959562587313,0.5058959562587313
144.135,-0.2,0.2751385608490051,0.2751385608490051
144.14,-0.2,0.08776372043208228,0.08776372043208228
144.145,-0.2,-0.1937001254582884,-0.1937001254582884
144.15,-0.2,-0.3224583670632589,-0.3224583670632589
144.155,-0.2,-0.006710474292928731,-0.006710474292928731
144.16,-0.2,0.14015823220095575,0.14015823220095575
144.165,-0.2,0.4911324391368691,0.4911324391368691
144.17,-0.2,0.43590994019917273,0.43590994019917273
144.175,-0.2,0.31824708087527775,0.31824708087527775
144.18,-0.2,0.025100207474541184,0.025100207474541184
144.185,-0.2,-0.17370745144430977,-0.17370745144430977
144.19,-0.2,-0.4367750975402881,-0.4367750975402881
144.195,-0.2,-0.019917332976263052,-0.019917332976263052
144.2,-0.2,0.27113454021922245,0.27113454021922245
144.205,-0.2,0.4883039920755129,0.4883039920755129
144.21,-0.2,0.45429569861381736,0.45429569861381736
144.215,-0.2,0.36643937864066334,0.36643937864066334
144.22,-0.2,0.0056869618697773655,0.0056869618697773655
144.225,-0.2,-0.10134455144269822,-0.10134455144269822
144.23,-0.2,-0.17020166350952737,-0.17020166350952737
144.235,-0.2,-0.23202158910139598,-0.23202158910139598
144.24,-0.2,0.209728367473362,0.209728367473362
144.245,-0.2,0.5101650335430975,0.5101650335430975
144.25,-0.2,0.4845045642646193,0.4845045642646193
144.255,-0.2,0.4361994930456194,0.4361994930456194
144.26,-0.2,0.34887552840929315,0.34887552840929315
144.265,-0.2,0.0031769875104516176,0.0031769875104516176
144.27,-0.2,-0.19048432965384574,-0.19048432965384574
144.275,-0.2,-0.2692064832613734,-0.2692064832613734
144.28,-0.2,0.23737821919473012,0.23737821919473012
144.285,-0.2,0.19387626747485096,0.19387626747485096
144.29,-0.2,0.47257262516327325,0.47257262516327325
144.295,-0.2,0.4917349796747277,0.4917349796747277
144.3,-0.2,0.19379481142848634,0.19379481142848634
144.305,-0.2,-0.010327600749606647,-0.010327600749606647
144.31,-0.2,-0.10754675152040141,-0.10754675152040141
144.315,-0.2,-0.09612170519389487,-0.09612170519389487
144.32,-0.2,0.11845004201113371,0.11845004201113371
144.325,-0.2,0.45238373163824414,0.45238373163824414
144.33,-0.2,0.5238450895219021,0.5238450895219021
144.335,-0.2,0.3864803999638512,0.3864803999638512
144.34,-0.2,0.23416452255124215,0.23416452255124215
144.345,-0.2,-0.27420708744902256,-0.27420708744902256
144.35,-0.2,-0.5577857239789215,-0.5577857239789215
144.355,-0.2,0.10955991176341837,0.10955991176341837
144.36,-0.2,0.22253308808381997,0.22253308808381997
144.365,-0.2,0.5223006168604742,0.5223006168604742
144.37,-0.2,0.524755346582357,0.524755346582357
144.375,-0.2,0.4584123527061128,0.4584123527061128
144.38,-0.2,0.235403789864271,0.235403789864271
144.385,-0.2,0.07235878627431591,0.07235878627431591
144.39,-0.2,-0.32394736486007725,-0.32394736486007725
144.395,-0.2,-0.07497181845301815,-0.07497181845301815
144.4,-0.2,0.24306854762548954,0.24306854762548954
144.405,-0.2,0.42996047014096966,0.42996047014096966
144.41,-0.2,0.6103915457860672,0.6103915457860672
144.415,-0.2,0.5633243757523835,0.5633243757523835
144.42,-0.2,0.062105151872464515,0.062105151872464515
144.425,-0.2,-0.1454921230630951,-0.1454921230630951
144.43,-0.2,-0.06884138328986525,-0.06884138328986525
144.435,-0.2,-0.1767759078682977,-0.1767759078682977
144.44,-0.2,0.23109161262750502,0.23109161262750502
144.445,-0.2,0.39229592154833726,0.39229592154833726
144.45,-0.2,0.7557109747513407,0.7557109747513407
144.455,-0.2,0.42168009970089176,0.42168009970089176
144.46,-0.2,0.3262734994817994,0.3262734994817994
144.465,-0.2,-0.19680442905886353,-0.19680442905886353
144.47,-0.2,0.01613237064259357,0.01613237064259357
144.475,-0.2,0.10435277920052047,0.10435277920052047
144.48,-0.2,0.29348680765117424,0.29348680765117424
144.485,-0.2,0.32212729503737114,0.32212729503737114
144.49,-0.2,0.6714341526258737,0.6714341526258737
144.495,-0.2,0.4358443932941063,0.4358443932941063
144.5,-0.2,0.31399543641648753,0.31399543641648753
144.505,-0.2,-0.15543556891720473,-0.15543556891720473
144.51,-0.2,-0.14199528267040548,-0.14199528267040548
144.515,-0.2,0.12467837832018996,0.12467837832018996
144.52,-0.2,0.304624378839583,0.304624378839583
144.525,-0.2,0.4188616496571128,0.4188616496571128
144.53,-0.2,0.5047827297452092,0.5047827297452092
144.535,-0.2,0.28202719990526753,0.28202719990526753
144.54,-0.2,0.310443762226396,0.310443762226396
144.545,-0.2,-0.0665161145866885,-0.0665161145866885
144.55,-0.2,-0.25176739712638135,-0.25176739712638135
144.555,-0.2,0.1593856513281184,0.1593856513281184
144.56,-0.2,0.38500606782262814,0.38500606782262814
144.565,-0.2,0.4951735503272827,0.4951735503272827
144.57,-0.2,0.4505242214358057,0.4505242214358057
144.575,-0.2,0.5191873038945523,0.5191873038945523
144.58,-0.2,0.16448046759340773,0.16448046759340773
144.585,-0.2,0.02697824967882212,0.02697824967882212
144.59,-0.2,0.10025058868617578,0.10025058868617578
144.595,-0.2,-0.12458949368540942,-0.12458949368540942
144.6,-0.2,0.3821830890390581,0.3821830890390581
144.605,-0.2,0.6753214853471792,0.6753214853471792
144.61,-0.2,0.6267309730945826,0.6267309730945826
144.615,-0.2,0.6609614975659015,0.6609614975659015
144.62,-0.2,0.17813509234332991,0.17813509234332991
144.625,-0.2,0.018467206778683073,0.018467206778683073
144.63,-0.2,-0.25566599462682044,-0.25566599462682044
144.635,-0.2,-0.029967297573668658,-0.029967297573668658
144.64,-0.2,0.41928073747717065,0.41928073747717065
144.645,-0.2,0.6045906446463433,0.6045906446463433
144.65,-0.2,0.6362539050564152,0.6362539050564152
144.655,-0.2,0.48619159261946215,0.48619159261946215
144.66,-0.2,0.22099043970409155,0.22099043970409155
144.665,-0.2,0.0674240191480829,0.0674240191480829
144.67,-0.2,-0.1159258561190094,-0.1159258561190094
144.675,-0.2,-0.030252615392444004,-0.030252615392444004
144.68,-0.2,0.2600379869930556,0.2600379869930556
144.685,-0.2,0.6070962125654368,0.6070962125654368
144.69,-0.2,0.6158781370050324,0.6158781370050324
144.695,-0.2,0.473865894115209,0.473865894115209
144.7,-0.2,0.3939390217514115,0.3939390217514115
144.705,-0.2,0.14052565469872075,0.14052565469872075
144.71,-0.2,-0.2774451877664559,-0.2774451877664559
144.715,-0.2,0.08347568492699235,0.08347568492699235
144.72,-0.2,0.14269446110344797,0.14269446110344797
144.725,-0.2,0.7516747791898376,0.7516747791898376
144.73,-0.2,0.48801058275521925,0.48801058275521925
144.735,-0.2,0.6606101531631183,0.6606101531631183
144.74,-0.2,0.21639600341172682,0.21639600341172682
144.745,-0.2,-0.07584018535290785,-0.07584018535290785
144.75,-0.2,-0.04477755983751752,-0.04477755983751752
144.755,-0.2,0.09654413532218419,0.09654413532218419
144.76,-0.2,0.4934404322517837,0.4934404322517837
144.765,-0.2,0.7180485344486777,0.7180485344486777
144.77,-0.2,0.631205309803877,0.631205309803877
144.775,-0.2,0.6954277680332056,0.6954277680332056
144.78,-0.2,0.25182855890917216,0.25182855890917216
144.785,-0.2,0.056286745584957165,0.056286745584957165
144.79,-0.2,-0.13395213677300402,-0.13395213677300402
144.795,-0.2,-0.014116272081570139,-0.014116272081570139
144.8,-0.2,0.43284970370410053,0.43284970370410053
144.805,-0.2,0.4940206494508742,0.4940206494508742
144.81,-0.2,0.5723131422580539,0.5723131422580539
144.815,-0.2,0.6588997971179607,0.6588997971179607
144.82,-0.2,0.24981010071881032,0.24981010071881032
144.825,-0.2,-0.0763313740940896,-0.0763313740940896
144.83,-0.2,-0.02318667455305133,-0.02318667455305133
144.835,-0.2,0.05193868062923526,0.05193868062923526
144.84,-0.2,0.3047630425986964,0.3047630425986964
144.845,-0.2,0.6838351962248133,0.6838351962248133
144.85,-0.2,0.39693532996334385,0.39693532996334385
144.855,-0.2,0.4925156609441188,0.4925156609441188
144.86,-0.2,0.10780326611415014,0.10780326611415014
144.865,-0.2,-0.0029743856628932953,-0.0029743856628932953
144.87,-0.2,-0.09583990409072758,-0.09583990409072758
144.875,-0.2,0.01671370319267832,0.01671370319267832
144.88,-0.2,0.27667169890093507,0.27667169890093507
144.885,-0.2,0.581321365957609,0.581321365957609
144.89,-0.2,0.46085745960627583,0.46085745960627583
144.895,-0.2,0.5300962789309047,0.5300962789309047
144.9,-0.2,0.15449431322218476,0.15449431322218476
144.905,-0.2,-0.11187230025979929,-0.11187230025979929
144.91,-0.2,-0.07020533066500281,-0.07020533066500281
144.915,-0.2,0.01639479723831931,0.01639479723831931
144.92,-0.2,0.4023121353780794,0.4023121353780794
144.925,-0.2,0.6442401145800601,0.6442401145800601
144.93,-0.2,0.6888422654089151,0.6888422654089151
144.935,-0.2,0.4411358770512033,0.4411358770512033
144.94,-0.2,0.06026066903177596,0.06026066903177596
144.945,-0.2,-0.13847290638722148,-0.13847290638722148
144.95,-0.2,-0.31405638558748183,-0.31405638558748183
144.955,-0.2,0.04377700491922219,0.04377700491922219
144.96,-0.2,0.26908613034057544,0.26908613034057544
144.965,-0.2,0.6499301042469994,0.6499301042469994
144.97,-0.2,0.6127908951379605,0.6127908951379605
144.975,-0.2,0.427442711741706,0.427442711741706
144.98,-0.2,0.13387375745505803,0.13387375745505803
144.985,-0.2,-0.07842694912427317,-0.07842694912427317
144.99,-0.2,-0.004736829073099247,-0.004736829073099247
144.995,-0.2,-0.19281184134277374,-0.19281184134277374
145.0,-0.2,0.22306176925468102,0.22306176925468102
145.005,-0.2,0.3874959399867579,0.3874959399867579
145.01,-0.2,0.6103411940242638,0.6103411940242638
145.015,-0.2,0.4754716466047038,0.4754716466047038
145.02,-0.2,0.19849045290149223,0.19849045290149223
145.025,-0.2,0.017207920565642174,0.017207920565642174
145.03,-0.2,-0.11547141910340453,-0.11547141910340453
145.035,-0.2,-0.025146368442905534,-0.025146368442905534
145.04,-0.2,0.17461159220235423,0.17461159220235423
145.045,-0.2,0.615670674243302,0.615670674243302
145.05,-0.2,0.6703874872536687,0.6703874872536687
145.055,-0.2,0.5356912454793024,0.5356912454793024
145.06,-0.2,0.3735367247847538,0.3735367247847538
145.065,-0.2,-0.028543263885187097,-0.028543263885187097
145.07,-0.2,0.008386293564894565,0.008386293564894565
145.075,-0.2,-0.005160625912025263,-0.005160625912025263
145.08,-0.2,0.30353301855459813,0.30353301855459813
145.085,-0.2,0.28059049621221266,0.28059049621221266
145.09,-0.2,0.6461594578991278,0.6461594578991278
145.095,-0.2,0.48170508614038227,0.48170508614038227
145.1,-0.2,0.14184168213135373,0.14184168213135373
145.105,-0.2,0.13281197227869554,0.13281197227869554
145.11,-0.2,-0.18238829893024022,-0.18238829893024022
145.115,-0.2,0.10700092665186826,0.10700092665186826
145.12,-0.2,0.0721210540140659,0.0721210540140659
145.125,-0.2,0.5954267702713923,0.5954267702713923
145.13,-0.2,0.4615105366407754,0.4615105366407754
145.135,-0.2,0.17534617637640643,0.17534617637640643
145.14,-0.2,0.3417563880551431,0.3417563880551431
145.145,-0.2,-0.10086083348289322,-0.10086083348289322
145.15,-0.2,-0.04769788619436911,-0.04769788619436911
145.155,-0.2,-0.04981764117222043,-0.04981764117222043
145.16,-0.2,0.2795087221948243,0.2795087221948243
145.165,-0.2,0.33982762404662387,0.33982762404662387
145.17,-0.2,0.7396288231573551,0.7396288231573551
145.175,-0.2,0.43908333646761566,0.43908333646761566
145.18,-0.2,0.18147516208458148,0.18147516208458148
145.185,-0.2,-0.004939247401240021,-0.004939247401240021
145.19,-0.2,0.06519649515404927,0.06519649515404927
145.195,-0.2,-0.01846407222485981,-0.01846407222485981
145.2,-0.2,0.19568449030045537,0.19568449030045537
145.205,-0.2,0.6397471145472304,0.6397471145472304
145.21,-0.2,0.6827006369113642,0.6827006369113642
145.215,-0.2,0.4874191599796317,0.4874191599796317
145.22,-0.2,0.21064215091747224,0.21064215091747224
145.225,-0.2,-0.06448416961237605,-0.06448416961237605
145.23,-0.2,-0.03047597134272509,-0.03047597134272509
145.235,-0.2,-0.0636053825621773,-0.0636053825621773
145.24,-0.2,0.26941939616618177,0.26941939616618177
145.245,-0.2,0.43855692004563696,0.43855692004563696
145.25,-0.2,0.5394618432368417,0.5394618432368417
145.255,-0.2,0.3619858788387339,0.3619858788387339
145.26,-0.2,0.14686545253728442,0.14686545253728442
145.265,-0.2,-0.008354115702232427,-0.008354115702232427
145.27,-0.2,-0.17530088535232446,-0.17530088535232446
145.275,-0.2,0.03804017978741102,0.03804017978741102
145.28,-0.2,0.09371754487770664,0.09371754487770664
145.285,-0.2,0.3162680519173018,0.3162680519173018
145.29,-0.2,0.47336489140280513,0.47336489140280513
145.295,-0.2,0.46904844596433537,0.46904844596433537
145.3,-0.2,0.1432895149108298,0.1432895149108298
145.305,-0.2,-0.16878630404026976,-0.16878630404026976
145.31,-0.2,-0.12938234132018708,-0.12938234132018708
145.315,-0.2,0.03709036306666935,0.03709036306666935
145.32,-0.2,0.26720939383353687,0.26720939383353687
145.325,-0.2,0.43276903021082064,0.43276903021082064
145.33,-0.2,0.6133681444251319,0.6133681444251319
145.335,-0.2,0.4285517489881363,0.4285517489881363
145.34,-0.2,0.1741909011986728,0.1741909011986728
145.345,-0.2,-0.1849717425176184,-0.1849717425176184
145.35,-0.2,-0.030534161909001906,-0.030534161909001906
145.355,-0.2,-0.0895389996743349,-0.0895389996743349
145.36,-0.2,0.3654795813451978,0.3654795813451978
145.365,-0.2,0.6661903521338463,0.6661903521338463
145.37,-0.2,0.40601117514587415,0.40601117514587415
145.375,-0.2,0.6229441754747329,0.6229441754747329
145.38,-0.2,0.28172650426656054,0.28172650426656054
145.385,-0.2,-0.22077730599101666,-0.22077730599101666
145.39,-0.2,-0.18654464945094734,-0.18654464945094734
145.395,-0.2,0.13062484188215132,0.13062484188215132
145.4,-0.2,0.31043575889720687,0.31043575889720687
145.405,-0.2,0.6970697068391615,0.6970697068391615
145.41,-0.2,0.2812885000174612,0.2812885000174612
145.415,-0.2,0.38533335206958513,0.38533335206958513
145.42,-0.2,0.07312947105998369,0.07312947105998369
145.425,-0.2,0.051762101376334024,0.051762101376334024
145.43,-0.2,-0.04274431089031711,-0.04274431089031711
145.435,-0.2,0.1639098211208968,0.1639098211208968
145.44,-0.2,0.41189172900049087,0.41189172900049087
145.445,-0.2,0.2699643853778845,0.2699643853778845
145.45,-0.2,0.6008909833481427,0.6008909833481427
145.455,-0.2,0.49721526656122106,0.49721526656122106
145.46,-0.2,0.19626353250349254,0.19626353250349254
145.465,-0.2,-0.03618455582969925,-0.03618455582969925
145.47,-0.2,-0.21557280413111912,-0.21557280413111912
145.475,-0.2,-0.13305848342579066,-0.13305848342579066
145.48,-0.2,0.22154702814942184,0.22154702814942184
145.485,-0.2,0.5237373400250063,0.5237373400250063
145.49,-0.2,0.47101951795685737,0.47101951795685737
145.495,-0.2,0.45861120059810667,0.45861120059810667
145.5,-0.2,0.01804708916711159,0.01804708916711159
145.505,-0.2,-0.16895321047692946,-0.16895321047692946
145.51,-0.2,-0.13728353065348614,-0.13728353065348614
145.515,-0.2,-0.05666516839380921,-0.05666516839380921
145.52,-0.2,0.29861217685319597,0.29861217685319597
145.525,-0.2,0.3553171911943388,0.3553171911943388
145.53,-0.2,0.6927515927477635,0.6927515927477635
145.535,-0.2,0.5907506588321313,0.5907506588321313
145.54,-0.2,0.23722642882079803,0.23722642882079803
145.545,-0.2,-0.1390890526737366,-0.1390890526737366
145.55,-0.2,-0.1931267736709733,-0.1931267736709733
145.555,-0.2,0.03587642488012373,0.03587642488012373
145.56,-0.2,0.26704948916835086,0.26704948916835086
145.565,-0.2,0.6755753823629375,0.6755753823629375
145.57,-0.2,0.6104019452812721,0.6104019452812721
145.575,-0.2,0.46739158723174573,0.46739158723174573
145.58,-0.2,0.1497402724831804,0.1497402724831804
145.585,-0.2,0.0002250417076795838,0.0002250417076795838
145.59,-0.2,-0.1407231016688235,-0.1407231016688235
145.595,-0.2,-0.05269296833216281,-0.05269296833216281
145.6,-0.2,0.2678839014513519,0.2678839014513519
145.605,-0.2,0.39077689141223576,0.39077689141223576
145.61,-0.2,0.3972656118383012,0.3972656118383012
145.615,-0.2,0.2706634442636124,0.2706634442636124
145.62,-0.2,0.14201841029849313,0.14201841029849313
145.625,-0.2,0.10931615800199795,0.10931615800199795
145.63,-0.2,-0.2257797859768108,-0.2257797859768108
145.635,-0.2,-0.15402035677458764,-0.15402035677458764
145.64,-0.2,0.21539467176169982,0.21539467176169982
145.645,-0.2,0.4234797659021364,0.4234797659021364
145.65,-0.2,0.5141732970313307,0.5141732970313307
145.655,-0.2,0.5406456809505686,0.5406456809505686
145.66,-0.2,0.2614513943298132,0.2614513943298132
145.665,-0.2,-0.09266378300610746,-0.09266378300610746
145.67,-0.2,-0.24527002552364663,-0.24527002552364663
145.675,-0.2,-0.05470846681426611,-0.05470846681426611
145.68,-0.2,0.13436917754932548,0.13436917754932548
145.685,-0.2,0.35559693465663517,0.35559693465663517
145.69,-0.2,0.729784859785174,0.729784859785174
145.695,-0.2,0.5173620443854737,0.5173620443854737
145.7,-0.2,0.20867085437331898,0.20867085437331898
145.705,-0.2,0.07542908898467177,0.07542908898467177
145.71,-0.2,-0.13143601290806453,-0.13143601290806453
145.715,-0.2,0.019484364387354153,0.019484364387354153
145.72,-0.2,0.07225282011397038,0.07225282011397038
145.725,-0.2,0.4273445193579044,0.4273445193579044
145.73,-0.2,0.33191701867898127,0.33191701867898127
145.735,-0.2,0.5320294259604208,0.5320294259604208
145.74,-0.2,-0.02917677674192068,-0.02917677674192068
145.745,-0.2,-0.16642611870694876,-0.16642611870694876
145.75,-0.2,-0.18015101897331506,-0.18015101897331506
145.755,-0.2,-0.0745700469896483,-0.0745700469896483
145.76,-0.2,0.2661571524870631,0.2661571524870631
145.765,-0.2,0.5378330251534921,0.5378330251534921
145.77,-0.2,0.4001260708526837,0.4001260708526837
145.775,-0.2,0.4763991957060014,0.4763991957060014
145.78,-0.2,0.18456436746429605,0.18456436746429605
145.785,-0.2,-0.1464070663012828,-0.1464070663012828
145.79,-0.2,-0.23366851160578989,-0.23366851160578989
145.795,-0.2,-0.1381007437190611,-0.1381007437190611
145.8,-0.2,0.19674645546051445,0.19674645546051445
145.805,-0.2,0.3844313139765631,0.3844313139765631
145.81,-0.2,0.3928936741345408,0.3928936741345408
145.815,-0.2,0.5540576661348733,0.5540576661348733
145.82,-0.2,0.07014188508455341,0.07014188508455341
145.825,-0.2,-0.11694529182268962,-0.11694529182268962
145.83,-0.2,-0.08131640857160967,-0.08131640857160967
145.835,-0.2,-0.23309506022716556,-0.23309506022716556
145.84,-0.2,-0.10401992589763323,-0.10401992589763323
145.845,-0.2,0.5082159808865001,0.5082159808865001
145.85,-0.2,0.5720040612580966,0.5720040612580966
145.855,-0.2,0.36419690808368355,0.36419690808368355
145.86,-0.2,0.14846616637127427,0.14846616637127427
145.865,-0.2,-0.17077202279470868,-0.17077202279470868
145.87,-0.2,-0.16706773233830663,-0.16706773233830663
145.875,-0.2,0.05314872815128746,0.05314872815128746
145.88,-0.2,0.08867297615820227,0.08867297615820227
145.885,-0.2,0.5072684361316405,0.5072684361316405
145.89,-0.2,0.5219170751929476,0.5219170751929476
145.895,-0.2,0.2692859597619952,0.2692859597619952
145.9,-0.2,0.12956543649938462,0.12956543649938462
145.905,-0.2,0.10206792700011261,0.10206792700011261
145.91,-0.2,-0.06088931490561658,-0.06088931490561658
145.915,-0.2,0.02989471289175083,0.02989471289175083
145.92,-0.2,0.26520099037268136,0.26520099037268136
145.925,-0.2,0.45723786770125485,0.45723786770125485
145.93,-0.2,0.4313840004310927,0.4313840004310927
145.935,-0.2,0.4216264736084665,0.4216264736084665
145.94,-0.2,0.10998046741716166,0.10998046741716166
145.945,-0.2,-0.21250774156665467,-0.21250774156665467
145.95,-0.2,-0.37515722785684563,-0.37515722785684563
145.955,-0.2,0.04632983040061467,0.04632983040061467
145.96,-0.2,0.2092439684275126,0.2092439684275126
145.965,-0.2,0.4352271818089982,0.4352271818089982
145.97,-0.2,0.6730219163743184,0.6730219163743184
145.975,-0.2,0.5722345950029215,0.5722345950029215
145.98,-0.2,0.27649409894615207,0.27649409894615207
145.985,-0.2,0.09799698512618846,0.09799698512618846
145.99,-0.2,-0.34610578400806025,-0.34610578400806025
145.995,-0.2,-0.1001980468658134,-0.1001980468658134
146.0,-0.2,0.180732188470731,0.180732188470731
146.005,-0.2,0.6573664509532148,0.6573664509532148
146.01,-0.2,0.6860005791838424,0.6860005791838424
146.015,-0.2,0.44033298457135434,0.44033298457135434
146.02,-0.2,0.09337702108023044,0.09337702108023044
146.025,-0.2,-0.05673367096754233,-0.05673367096754233
146.03,-0.2,-0.12502772363506354,-0.12502772363506354
146.035,-0.2,-0.07067023404282563,-0.07067023404282563
146.04,-0.2,0.25215809451884313,0.25215809451884313
146.045,-0.2,0.5889700095542985,0.5889700095542985
146.05,-0.2,0.7892764585435691,0.7892764585435691
146.055,-0.2,0.3554886314549041,0.3554886314549041
146.06,-0.2,0.253484204003237,0.253484204003237
146.065,-0.2,-0.18720929904199857,-0.18720929904199857
146.07,-0.2,-0.07811322969887843,-0.07811322969887843
146.075,-0.2,-0.048674790969799604,-0.048674790969799604
146.08,-0.2,0.18385342291776968,0.18385342291776968
146.085,-0.2,0.5876406633101638,0.5876406633101638
146.09,-0.2,0.4945488750116971,0.4945488750116971
146.095,-0.2,0.637261650183395,0.637261650183395
146.1,-0.2,0.020550749843488647,0.020550749843488647
146.105,-0.2,-0.04964544672855853,-0.04964544672855853
146.11,-0.2,-0.26524161135108415,-0.26524161135108415
146.115,-0.2,-0.05970868112499682,-0.05970868112499682
146.12,-0.2,0.2729504915710544,0.2729504915710544
146.125,-0.2,0.48048200304017935,0.48048200304017935
146.13,-0.2,0.6213920232545171,0.6213920232545171
146.135,-0.2,0.27148147052223337,0.27148147052223337
146.14,-0.2,0.0870545339563769,0.0870545339563769
146.145,-0.2,-0.17541162679829667,-0.17541162679829667
146.15,-0.2,-0.18535782312154775,-0.18535782312154775
146.155,-0.2,0.007556654671049531,0.007556654671049531
146.16,-0.2,0.12182363153788231,0.12182363153788231
146.165,-0.2,0.44869117233695455,0.44869117233695455
146.17,-0.2,0.6354004368972302,0.6354004368972302
146.175,-0.2,0.26831267576698387,0.26831267576698387
146.18,-0.2,0.13593311547595213,0.13593311547595213
146.185,-0.2,-0.10292480034499556,-0.10292480034499556
146.19,-0.2,-0.18760529764225606,-0.18760529764225606
146.195,-0.2,-0.019030099597005884,-0.019030099597005884
146.2,-0.2,-0.014452452712162028,-0.014452452712162028
146.205,-0.2,0.261711534078477,0.261711534078477
146.21,-0.2,0.6922965330936217,0.6922965330936217
146.215,-0.2,0.5603963961841973,0.5603963961841973
146.22,-0.2,0.06692244901380164,0.06692244901380164
146.225,-0.2,-0.29382179724692403,-0.29382179724692403
146.23,-0.2,-0.2300616224774386,-0.2300616224774386
146.235,-0.2,-0.18670486409090073,-0.18670486409090073
146.24,-0.2,0.19896604690961334,0.19896604690961334
146.245,-0.2,0.2129633346284681,0.2129633346284681
146.25,-0.2,0.47381058655916963,0.47381058655916963
146.255,-0.2,0.43075500203033185,0.43075500203033185
146.26,-0.2,0.09770102745347366,0.09770102745347366
146.265,-0.2,-0.2487484906142498,-0.2487484906142498
146.27,-0.2,-0.30025657035913417,-0.30025657035913417
146.275,-0.2,0.0012080767525369934,0.0012080767525369934
146.28,-0.2,0.2763036232741395,0.2763036232741395
146.285,-0.2,0.4977033529266716,0.4977033529266716
146.29,-0.2,0.42479960697365676,0.42479960697365676
146.295,-0.2,0.4701424155681934,0.4701424155681934
146.3,-0.2,0.06163347954298513,0.06163347954298513
146.305,-0.2,-0.11232537515041886,-0.11232537515041886
146.31,-0.2,-0.13988300666141998,-0.13988300666141998
146.315,-0.2,-0.1934211713719716,-0.1934211713719716
146.32,-0.2,0.22461739079696658,0.22461739079696658
146.325,-0.2,0.3262743367969617,0.3262743367969617
146.33,-0.2,0.5831369556452397,0.5831369556452397
146.335,-0.2,0.24634471989068188,0.24634471989068188
146.34,-0.2,0.21588316236824925,0.21588316236824925
146.345,-0.2,-0.14423009413813304,-0.14423009413813304
146.35,-0.2,-0.24025020569590058,-0.24025020569590058
146.355,-0.2,-0.012042482835533642,-0.012042482835533642
146.36,-0.2,0.28042574121574126,0.28042574121574126
146.365,-0.2,0.5641083748452274,0.5641083748452274
146.37,-0.2,0.564799759367413,0.564799759367413
146.375,-0.2,0.41169157032007986,0.41169157032007986
146.38,-0.2,0.08092966377275362,0.08092966377275362
146.385,-0.2,-0.0765140720726681,-0.0765140720726681
146.39,-0.2,-0.08166171675108877,-0.08166171675108877
146.395,-0.2,-0.05505213797019457,-0.05505213797019457
146.4,-0.2,-0.00411862910922936,-0.00411862910922936
146.405,-0.2,0.34077084064424945,0.34077084064424945
146.41,-0.2,0.5065283873783503,0.5065283873783503
146.415,-0.2,0.4290224134280651,0.4290224134280651
146.42,-0.2,0.12162571703274352,0.12162571703274352
146.425,-0.2,-0.26822786547273153,-0.26822786547273153
146.43,-0.2,-0.14370797667445734,-0.14370797667445734
146.435,-0.2,-0.03934091218883344,-0.03934091218883344
146.44,-0.2,0.22032649140217628,0.22032649140217628
146.445,-0.2,0.5232160138463715,0.5232160138463715
146.45,-0.2,0.6056941326949021,0.6056941326949021
146.455,-0.2,0.385369005863406,0.385369005863406
146.46,-0.2,0.017961038829688525,0.017961038829688525
146.465,-0.2,0.07550247319480138,0.07550247319480138
146.47,-0.2,-0.02685867639418424,-0.02685867639418424
146.475,-0.2,-0.12920419097448993,-0.12920419097448993
146.48,-0.2,0.21566648840858277,0.21566648840858277
146.485,-0.2,0.5081705033430162,0.5081705033430162
146.49,-0.2,0.4919830621110884,0.4919830621110884
146.495,-0.2,0.28965324687602895,0.28965324687602895
146.5,-0.2,0.2525000995882355,0.2525000995882355
146.505,-0.2,-0.02523314083828855,-0.02523314083828855
146.51,-0.2,-0.20252103939699334,-0.20252103939699334
146.515,-0.2,-0.12879014012724127,-0.12879014012724127
146.52,-0.2,0.342792500812315,0.342792500812315
146.525,-0.2,0.4668651744260937,0.4668651744260937
146.53,-0.2,0.5868024538475572,0.5868024538475572
146.535,-0.2,0.2481532053799005,0.2481532053799005
146.54,-0.2,0.1126784279035973,0.1126784279035973
146.545,-0.2,-0.15789376552161663,-0.15789376552161663
146.55,-0.2,-0.41737837564846547,-0.41737837564846547
146.555,-0.2,0.04137824576454378,0.04137824576454378
146.56,-0.2,0.31212495423453274,0.31212495423453274
146.565,-0.2,0.27394391109714955,0.27394391109714955
146.57,-0.2,0.5525910629927644,0.5525910629927644
146.575,-0.2,0.3014440290435197,0.3014440290435197
146.58,-0.2,0.04434879914124218,0.04434879914124218
146.585,-0.2,-0.17317544996845097,-0.17317544996845097
146.59,-0.2,-0.16118290508620198,-0.16118290508620198
146.595,-0.2,-0.1051643662627249,-0.1051643662627249
146.6,-0.2,0.1836983873593915,0.1836983873593915
146.605,-0.2,0.5313768605234245,0.5313768605234245
146.61,-0.2,0.41340358830168117,0.41340358830168117
146.615,-0.2,0.3876663906046605,0.3876663906046605
146.62,-0.2,0.1481197977131728,0.1481197977131728
146.625,-0.2,-0.1559056342591057,-0.1559056342591057
146.63,-0.2,-0.24262842859852876,-0.24262842859852876
146.635,-0.2,-0.27083062214703774,-0.27083062214703774
146.64,-0.2,0.05790257451453913,0.05790257451453913
146.645,-0.2,0.2009539108356121,0.2009539108356121
146.65,-0.2,0.5463475133041724,0.5463475133041724
146.655,-0.2,0.12635451642260376,0.12635451642260376
146.66,-0.2,0.15671020720120496,0.15671020720120496
146.665,-0.2,-0.22394269389655,-0.22394269389655
146.67,-0.2,-0.30078304061362404,-0.30078304061362404
146.675,-0.2,-0.0004569154417046889,-0.0004569154417046889
146.68,-0.2,0.16622547261997422,0.16622547261997422
146.685,-0.2,0.18795642950005945,0.18795642950005945
146.69,-0.2,0.7947975389606186,0.7947975389606186
146.695,-0.2,0.3046762201216398,0.3046762201216398
146.7,-0.2,0.05675036659209315,0.05675036659209315
146.705,-0.2,-0.1382947602598328,-0.1382947602598328
146.71,-0.2,-0.19398190780744282,-0.19398190780744282
146.715,-0.2,-0.04684985514484842,-0.04684985514484842
146.72,-0.2,0.2066746195783958,0.2066746195783958
146.725,-0.2,0.472213774858663,0.472213774858663
146.73,-0.2,0.591536508580609,0.591536508580609
146.735,-0.2,0.5601827383827056,0.5601827383827056
146.74,-0.2,0.08597983531019773,0.08597983531019773
146.745,-0.2,-0.1467061892448595,-0.1467061892448595
146.75,-0.2,-0.18969449127648874,-0.18969449127648874
146.755,-0.2,-0.0763590651710348,-0.0763590651710348
146.76,-0.2,0.1287124858582613,0.1287124858582613
146.765,-0.2,0.27847889660736524,0.27847889660736524
146.77,-0.2,0.5908295426277685,0.5908295426277685
146.775,-0.2,0.29308784479952366,0.29308784479952366
146.78,-0.2,0.11697250171332861,0.11697250171332861
146.785,-0.2,-0.08738537159122128,-0.08738537159122128
146.79,-0.2,-0.2449570517451827,-0.2449570517451827
146.795,-0.2,-0.04367359199290397,-0.04367359199290397
146.8,-0.2,0.07001210243210479,0.07001210243210479
146.805,-0.2,0.3164908094638468,0.3164908094638468
146.81,-0.2,0.5301137828440056,0.5301137828440056
146.815,-0.2,0.3932677320393333,0.3932677320393333
146.82,-0.2,0.3794630113131593,0.3794630113131593
146.825,-0.2,-0.2604426460045105,-0.2604426460045105
146.83,-0.2,-0.3267431807450015,-0.3267431807450015
146.835,-0.2,0.02160541368983583,0.02160541368983583
146.84,-0.2,0.15161285816668502,0.15161285816668502
146.845,-0.2,0.5629992150950988,0.5629992150950988
146.85,-0.2,0.6033968162668542,0.6033968162668542
146.855,-0.2,0.4904593746573023,0.4904593746573023
146.86,-0.2,0.2770627689551935,0.2770627689551935
146.865,-0.2,0.0031021611517129954,0.0031021611517129954
146.87,-0.2,0.03532958334835437,0.03532958334835437
146.875,-0.2,0.07086843700175638,0.07086843700175638
146.88,-0.2,0.35676984988677873,0.35676984988677873
146.885,-0.2,0.31102748299879546,0.31102748299879546
146.89,-0.2,0.4214592488174131,0.4214592488174131
146.895,-0.2,0.49536537744888487,0.49536537744888487
146.9,-0.2,0.26177846959741735,0.26177846959741735
146.905,-0.2,-0.027776368623560643,-0.027776368623560643
146.91,-0.2,-0.2442666447845005,-0.2442666447845005
146.915,-0.2,-0.15555596266655894,-0.15555596266655894
146.92,-0.2,0.1363761074971439,0.1363761074971439
146.925,-0.2,0.4796942828161535,0.4796942828161535
146.93,-0.2,0.6913266243399503,0.6913266243399503
146.935,-0.2,0.4413546622271892,0.4413546622271892
146.94,-0.2,0.14609724357605797,0.14609724357605797
146.945,-0.2,0.08952452996656829,0.08952452996656829
146.95,-0.2,-0.3505424815746142,-0.3505424815746142
146.955,-0.2,-0.030298641150037112,-0.030298641150037112
146.96,-0.2,0.3413435530656564,0.3413435530656564
146.965,-0.2,0.4518685734561334,0.4518685734561334
146.97,-0.2,0.5708088399066917,0.5708088399066917
146.975,-0.2,0.44452867039540667,0.44452867039540667
146.98,-0.2,0.27141758650531755,0.27141758650531755
146.985,-0.2,-0.08215113546463669,-0.08215113546463669
146.99,-0.2,-0.08605887021759788,-0.08605887021759788
146.995,-0.2,0.012195908488414023,0.012195908488414023
147.0,-0.2,0.23714479948105388,0.23714479948105388
147.005,-0.2,0.40133588947068166,0.40133588947068166
147.01,-0.2,0.49244161771993306,0.49244161771993306
147.015,-0.2,0.49752999343214,0.49752999343214
147.02,-0.2,0.2220464702156544,0.2220464702156544
147.025,-0.2,0.04661007893332318,0.04661007893332318
147.03,-0.2,-0.18964549078690895,-0.18964549078690895
147.035,-0.2,0.19073812620369734,0.19073812620369734
147.04,-0.2,0.035904126424322724,0.035904126424322724
147.045,-0.2,0.42860743837897874,0.42860743837897874
147.05,-0.2,0.542470267246048,0.542470267246048
147.055,-0.2,0.46176611061175693,0.46176611061175693
147.06,-0.2,0.21948061851840409,0.21948061851840409
147.065,-0.2,0.0006196097911491741,0.0006196097911491741
147.07,-0.2,-0.19679200710370615,-0.19679200710370615
147.075,-0.2,-0.18787365707037182,-0.18787365707037182
147.08,-0.2,0.30602652647962264,0.30602652647962264
147.085,-0.2,0.43822072926630046,0.43822072926630046
147.09,-0.2,0.4346450083922103,0.4346450083922103
147.095,-0.2,0.35571229935557175,0.35571229935557175
147.1,-0.2,0.09293765836887914,0.09293765836887914
147.105,-0.2,-0.20608485388648648,-0.20608485388648648
147.11,-0.2,-0.20497136856267983,-0.20497136856267983
147.115,-0.2,-0.046809827987691024,-0.046809827987691024
147.12,-0.2,0.19372282544098557,0.19372282544098557
147.125,-0.2,0.5051330194488381,0.5051330194488381
147.13,-0.2,0.7334567486769961,0.7334567486769961
147.135,-0.2,0.4787727369662919,0.4787727369662919
147.14,-0.2,0.13965942458862188,0.13965942458862188
147.145,-0.2,-0.2468737047751235,-0.2468737047751235
147.15,-0.2,-0.3772511373078261,-0.3772511373078261
147.155,-0.2,-0.10907860464921063,-0.10907860464921063
147.16,-0.2,0.36223771860896786,0.36223771860896786
147.165,-0.2,0.39033525482757914,0.39033525482757914
147.17,-0.2,0.7737252485619981,0.7737252485619981
147.175,-0.2,0.3436495932288086,0.3436495932288086
147.18,-0.2,0.2928512430157784,0.2928512430157784
147.185,-0.2,-0.1937155776064849,-0.1937155776064849
147.19,-0.2,-0.08260347966534165,-0.08260347966534165
147.195,-0.2,-0.04622271717865114,-0.04622271717865114
147.2,-0.2,0.05982784233671112,0.05982784233671112
147.205,-0.2,0.37115429979989917,0.37115429979989917
147.21,-0.2,0.7066234084733505,0.7066234084733505
147.215,-0.2,0.501551129916152,0.501551129916152
147.22,-0.2,0.24412004232912124,0.24412004232912124
147.225,-0.2,-0.17100881406122043,-0.17100881406122043
147.23,-0.2,-0.5052268698945445,-0.5052268698945445
147.235,-0.2,-0.2018943395998297,-0.2018943395998297
147.24,-0.2,0.003776068906885588,0.003776068906885588
147.245,-0.2,0.2802800476677825,0.2802800476677825
147.25,-0.2,0.3703515118059174,0.3703515118059174
147.255,-0.2,0.444750567511083,0.444750567511083
147.26,-0.2,0.15091809529645223,0.15091809529645223
147.265,-0.2,-0.14827982541614831,-0.14827982541614831
147.27,-0.2,-0.09946270060273897,-0.09946270060273897
147.275,-0.2,-0.2397571426280832,-0.2397571426280832
147.28,-0.2,0.205328516124756,0.205328516124756
147.285,-0.2,0.5011386564560096,0.5011386564560096
147.29,-0.2,0.3758112716881114,0.3758112716881114
147.295,-0.2,0.32505646369148683,0.32505646369148683
147.3,-0.2,0.1437764339818185,0.1437764339818185
147.305,-0.2,-0.01943013298423131,-0.01943013298423131
147.31,-0.2,-0.2895674804919198,-0.2895674804919198
147.315,-0.2,0.1866250208995198,0.1866250208995198
147.32,-0.2,0.2662680374527667,0.2662680374527667
147.325,-0.2,0.34744610210142335,0.34744610210142335
147.33,-0.2,0.8211983915265564,0.8211983915265564
147.335,-0.2,0.40239640949356315,0.40239640949356315
147.34,-0.2,0.07260408141278732,0.07260408141278732
147.345,-0.2,-0.08673901278188305,-0.08673901278188305
147.35,-0.2,-0.1678812756697855,-0.1678812756697855
147.355,-0.2,-0.02742185385845807,-0.02742185385845807
147.36,-0.2,0.13444426149125177,0.13444426149125177
147.365,-0.2,0.6705035314263277,0.6705035314263277
147.37,-0.2,0.5897689565881514,0.5897689565881514
147.375,-0.2,0.3889025847398395,0.3889025847398395
147.38,-0.2,0.21944221716599277,0.21944221716599277
147.385,-0.2,-0.21062764006364393,-0.21062764006364393
147.39,-0.2,-0.15636691902322677,-0.15636691902322677
147.395,-0.2,-0.17008350372786965,-0.17008350372786965
147.4,-0.2,0.17086081625805466,0.17086081625805466
147.405,-0.2,0.48410260293973656,0.48410260293973656
147.41,-0.2,0.45444764185086844,0.45444764185086844
147.415,-0.2,0.526797845390141,0.526797845390141
147.42,-0.2,0.020972957241894546,0.020972957241894546
147.425,-0.2,-0.09376573859132749,-0.09376573859132749
147.43,-0.2,-0.20335748024245698,-0.20335748024245698
147.435,-0.2,0.007532922777505467,0.007532922777505467
147.44,-0.2,0.2439423833619543,0.2439423833619543
147.445,-0.2,0.4183506690673744,0.4183506690673744
147.45,-0.2,0.48117079064656604,0.48117079064656604
147.455,-0.2,0.5970333603451109,0.5970333603451109
147.46,-0.2,0.09476387874272778,0.09476387874272778
147.465,-0.2,-0.2461294117021544,-0.2461294117021544
147.47,-0.2,-0.18601170180952697,-0.18601170180952697
147.475,-0.2,0.2903490599393317,0.2903490599393317
147.48,-0.2,0.2288501386919373,0.2288501386919373
147.485,-0.2,0.5235750639794947,0.5235750639794947
147.49,-0.2,0.693325556807268,0.693325556807268
147.495,-0.2,0.26400727618312997,0.26400727618312997
147.5,-0.2,0.16775254888953955,0.16775254888953955
147.505,-0.2,-0.01640952128841931,-0.01640952128841931
147.51,-0.2,-0.06950017235885697,-0.06950017235885697
147.515,-0.2,0.19540510332462369,0.19540510332462369
147.52,-0.2,0.34304089894493095,0.34304089894493095
147.525,-0.2,0.6579960793451896,0.6579960793451896
147.53,-0.2,0.37969872389569026,0.37969872389569026
147.535,-0.2,0.6938503451818483,0.6938503451818483
147.54,-0.2,0.08729277394733873,0.08729277394733873
147.545,-0.2,0.01941981512802321,0.01941981512802321
147.55,-0.2,-0.148173900062763,-0.148173900062763
147.555,-0.2,0.14398275520882947,0.14398275520882947
147.56,-0.2,0.1434105328630473,0.1434105328630473
147.565,-0.2,0.47619275369545677,0.47619275369545677
147.57,-0.2,0.45361303783755097,0.45361303783755097
147.575,-0.2,0.6022010921467928,0.6022010921467928
147.58,-0.2,0.3017685335901996,0.3017685335901996
147.585,-0.2,-0.23728248305519872,-0.23728248305519872
147.59,-0.2,-0.23482792887780218,-0.23482792887780218
147.595,-0.2,0.02790118176727643,0.02790118176727643
147.6,-0.2,0.2514259714224859,0.2514259714224859
147.605,-0.2,0.512210747778156,0.512210747778156
147.61,-0.2,0.7530167324600014,0.7530167324600014
147.615,-0.2,0.526847428326359,0.526847428326359
147.62,-0.2,0.1815328025419859,0.1815328025419859
147.625,-0.2,-0.031987862666331086,-0.031987862666331086
147.63,-0.2,-0.2412239977775527,-0.2412239977775527
147.635,-0.2,-0.040159535025519943,-0.040159535025519943
147.64,-0.2,0.4550190408893305,0.4550190408893305
147.645,-0.2,0.474927097082275,0.474927097082275
147.65,-0.2,0.7911364437661627,0.7911364437661627
147.655,-0.2,0.5492550394474045,0.5492550394474045
147.66,-0.2,0.1788893111142011,0.1788893111142011
147.665,-0.2,-0.015220131456073753,-0.015220131456073753
147.67,-0.2,-0.09591293391234954,-0.09591293391234954
147.675,-0.2,-0.02720941382955683,-0.02720941382955683
147.68,-0.2,0.1158109720692285,0.1158109720692285
147.685,-0.2,0.5393741098379463,0.5393741098379463
147.69,-0.2,0.5098503886257639,0.5098503886257639
147.695,-0.2,0.5562581440537792,0.5562581440537792
147.7,-0.2,0.32115997678232777,0.32115997678232777
147.705,-0.2,-0.05953675029443485,-0.05953675029443485
147.71,-0.2,-0.18707635548073487,-0.18707635548073487
147.715,-0.2,-0.055028114133703246,-0.055028114133703246
147.72,-0.2,0.27819099172250106,0.27819099172250106
147.725,-0.2,0.4255642448334602,0.4255642448334602
147.73,-0.2,0.7156112367548446,0.7156112367548446
147.735,-0.2,0.5541822900951011,0.5541822900951011
147.74,-0.2,0.1804733005719266,0.1804733005719266
147.745,-0.2,0.2079541810366981,0.2079541810366981
147.75,-0.2,-0.15898224795029853,-0.15898224795029853
147.755,-0.2,-0.01414139099788647,-0.01414139099788647
147.76,-0.2,0.2882017116716404,0.2882017116716404
147.765,-0.2,0.4988397286309139,0.4988397286309139
147.77,-0.2,0.576680016055012,0.576680016055012
147.775,-0.2,0.31725345176873654,0.31725345176873654
147.78,-0.2,0.19615684408072795,0.19615684408072795
147.785,-0.2,-0.16095658157969991,-0.16095658157969991
147.79,-0.2,-0.07041869302646088,-0.07041869302646088
147.795,-0.2,-0.04459622762567786,-0.04459622762567786
147.8,-0.2,0.4057031380630941,0.4057031380630941
147.805,-0.2,0.4604195297076331,0.4604195297076331
147.81,-0.2,0.5312102147671245,0.5312102147671245
147.815,-0.2,0.5408141638948005,0.5408141638948005
147.82,-0.2,0.21161031673258276,0.21161031673258276
147.825,-0.2,-0.13204274306710612,-0.13204274306710612
147.83,-0.2,-0.13850571155247832,-0.13850571155247832
147.835,-0.2,-0.01978311102784061,-0.01978311102784061
147.84,-0.2,0.11250552367269401,0.11250552367269401
147.845,-0.2,0.4042821463987581,0.4042821463987581
147.85,-0.2,0.48343961638688515,0.48343961638688515
147.855,-0.2,0.5210810111708872,0.5210810111708872
147.86,-0.2,0.25406382094099766,0.25406382094099766
147.865,-0.2,-0.21761748739298495,-0.21761748739298495
147.87,-0.2,0.0823099669105315,0.0823099669105315
147.875,-0.2,0.0482405409237224,0.0482405409237224
147.88,-0.2,0.1530544150931135,0.1530544150931135
147.885,-0.2,0.5782209400283433,0.5782209400283433
147.89,-0.2,0.44218728260501383,0.44218728260501383
147.895,-0.2,0.517986104014134,0.517986104014134
147.9,-0.2,0.1491448941027389,0.1491448941027389
147.905,-0.2,-0.009690184343062465,-0.009690184343062465
147.91,-0.2,-0.11620185472679817,-0.11620185472679817
147.915,-0.2,0.04101950147117141,0.04101950147117141
147.92,-0.2,0.1474361497514503,0.1474361497514503
147.925,-0.2,0.5014709126885126,0.5014709126885126
147.93,-0.2,0.6200921086452313,0.6200921086452313
147.935,-0.2,0.4495867921077814,0.4495867921077814
147.94,-0.2,0.2496364448497616,0.2496364448497616
147.945,-0.2,0.02871150364823756,0.02871150364823756
147.95,-0.2,-0.3374269879730576,-0.3374269879730576
147.955,-0.2,-0.12512186878345521,-0.12512186878345521
147.96,-0.2,0.2731060929056575,0.2731060929056575
147.965,-0.2,0.5631933977936544,0.5631933977936544
147.97,-0.2,0.7710021415078294,0.7710021415078294
147.975,-0.2,0.44603059368338815,0.44603059368338815
147.98,-0.2,0.19606947455558804,0.19606947455558804
147.985,-0.2,-0.03015984175773826,-0.03015984175773826
147.99,-0.2,-0.3772765588902649,-0.3772765588902649
147.995,-0.2,-0.06217070558064778,-0.06217070558064778
148.0,-0.2,0.273857670325846,0.273857670325846
148.005,-0.2,0.5993448395142851,0.5993448395142851
148.01,-0.2,0.5488333558435547,0.5488333558435547
148.015,-0.2,0.5188470460038477,0.5188470460038477
148.02,-0.2,0.1998192259038562,0.1998192259038562
148.025,-0.2,-0.019900348242715936,-0.019900348242715936
148.03,-0.2,-0.13543461417822678,-0.13543461417822678
148.035,-0.2,0.02494708149706143,0.02494708149706143
148.04,-0.2,0.3659906991013493,0.3659906991013493
148.045,-0.2,0.4946802439159714,0.4946802439159714
148.05,-0.2,0.878019400151935,0.878019400151935
148.055,-0.2,0.6058710958605038,0.6058710958605038
148.06,-0.2,0.20562591534427746,0.20562591534427746
148.065,-0.2,0.0020405850824452426,0.0020405850824452426
148.07,-0.2,-0.15818123528248623,-0.15818123528248623
148.075,-0.2,-0.0113759721202401,-0.0113759721202401
148.08,-0.2,0.32798545552498715,0.32798545552498715
148.085,-0.2,0.6077965784393279,0.6077965784393279
148.09,-0.2,0.6685455897982038,0.6685455897982038
148.095,-0.2,0.6015896090512898,0.6015896090512898
148.1,-0.2,0.02011790223441906,0.02011790223441906
148.105,-0.2,0.00901210410915261,0.00901210410915261
148.11,-0.2,-0.18962797050997632,-0.18962797050997632
