t,reference,measured,noisy
14.295,0.2,0.2247050564652922,0.2247050564652922
14.3,0.2,0.09470809631288334,0.09470809631288334
14.305,0.2,-0.3367231290812207,-0.3367231290812207
14.31,0.2,-0.1633536529450314,-0.1633536529450314
14.315,0.2,-0.25790461692271316,-0.25790461692271316
14.32,0.2,0.03553727090399568,0.03553727090399568
14.325,0.2,0.3467195767342147,0.3467195767342147
14.33,0.2,0.48161037647343696,0.48161037647343696
14.335,0.2,0.3021184038381322,0.3021184038381322
14.34,0.2,-0.05269107284418139,-0.05269107284418139
14.345,0.2,-0.2590291369299692,-0.2590291369299692
14.35,0.2,-0.26009500118859774,-0.26009500118859774
14.355,0.2,-0.34360005099459645,-0.34360005099459645
14.36,0.2,0.20364082788438753,0.20364082788438753
14.365,0.2,0.1748100629482645,0.1748100629482645
14.37,0.2,0.27056060552854266,0.27056060552854266
14.375,0.2,0.2563618817338797,0.2563618817338797
14.38,0.2,0.11808639811107488,0.11808639811107488
14.385,0.2,-0.4031062112075429,-0.4031062112075429
14.39,0.2,-0.21785425302331665,-0.21785425302331665
14.395,0.2,-0.17857003353112416,-0.17857003353112416
14.4,0.2,0.038608527209248275,0.038608527209248275
14.405,0.2,0.3103787281873165,0.3103787281873165
14.41,0.2,0.4050415961056669,0.4050415961056669
14.415,0.2,0.4957659409916248,0.4957659409916248
14.42,0.2,0.05358070415921771,0.05358070415921771
14.425,0.2,-0.13211972072229072,-0.13211972072229072
14.43,0.2,-0.3343332986834439,-0.3343332986834439
14.435,0.2,-0.28579695876333455,-0.28579695876333455
14.44,0.2,0.17743494040170157,0.17743494040170157
14.445,0.2,0.3800051077627322,0.3800051077627322
14.45,0.2,0.4086801889590841,0.4086801889590841
14.455,0.2,0.28913119103749635,0.28913119103749635
14.46,0.2,-0.07041430746657752,-0.07041430746657752
14.465,0.2,-0.49596571448432153,-0.49596571448432153
14.47,0.2,-0.2549782016986143,-0.2549782016986143
14.475,0.2,-0.030699579039371844,-0.030699579039371844
14.48,0.2,0.35928080738404444,0.35928080738404444
14.485,0.2,0.32058336974939605,0.32058336974939605
14.49,0.2,0.3287602758471709,0.3287602758471709
14.495,0.2,0.3709005794855335,0.3709005794855335
14.5,0.2,-0.036968429903222286,-0.036968429903222286
14.505,0.2,-0.2743254051354582,-0.2743254051354582
14.51,0.2,-0.18229267643738167,-0.18229267643738167
14.515,0.2,-0.10299553686459852,-0.10299553686459852
14.52,0.2,0.17108124637309188,0.17108124637309188
14.525,0.2,0.30521020445058733,0.30521020445058733
14.53,0.2,0.47767170886063115,0.47767170886063115
14.535,0.2,0.40126815329339066,0.40126815329339066
14.54,0.2,0.134812630180801,0.134812630180801
14.545,0.2,-0.30824132184882785,-0.30824132184882785
14.55,0.2,-0.2220214011064769,-0.2220214011064769
14.555,0.2,-0.18829801950814828,-0.18829801950814828
14.56,0.2,0.11614287415759358,0.11614287415759358
14.565,0.2,0.4403019199997561,0.4403019199997561
14.57,0.2,0.47447818435753086,0.47447818435753086
14.575,0.2,0.38160545480896535,0.38160545480896535
14.58,0.2,0.1844991399646031,0.1844991399646031
14.585,0.2,-0.2342443022499492,-0.2342443022499492
14.59,0.2,-0.5112183709983944,-0.5112183709983944
14.595,0.2,-0.23289657379421422,-0.23289657379421422
14.6,0.2,0.16241265662492593,0.16241265662492593
14.605,0.2,0.42452632839771814,0.42452632839771814
14.61,0.2,0.6477899013599243,0.6477899013599243
14.615,0.2,0.47593029258854175,0.47593029258854175
14.62,0.2,0.07456843497835583,0.07456843497835583
14.625,0.2,-0.21044115745597042,-0.21044115745597042
14.63,0.2,-0.22999733460953167,-0.22999733460953167
14.635,0.2,-0.10350272523196047,-0.10350272523196047
14.64,0.2,0.20721541561979287,0.20721541561979287
14.645,0.2,0.3806775533891601,0.3806775533891601
14.65,0.2,0.6188066065629245,0.6188066065629245
14.655,0.2,0.5383623746063722,0.5383623746063722
14.66,0.2,0.16709136496663107,0.16709136496663107
14.665,0.2,-0.28077597815235233,-0.28077597815235233
14.67,0.2,-0.2504333838947094,-0.2504333838947094
14.675,0.2,-0.0980460726329247,-0.0980460726329247
14.68,0.2,0.025405404824181466,0.025405404824181466
14.685,0.2,0.45677881660923564,0.45677881660923564
14.69,0.2,0.5996866401254424,0.5996866401254424
14.695,0.2,0.34639302854341253,0.34639302854341253
14.7,0.2,0.22275505312740307,0.22275505312740307
14.705,0.2,-0.1713878096802394,-0.1713878096802394
14.71,0.2,-0.3365162651675905,-0.3365162651675905
14.715,0.2,-0.20598007937259866,-0.20598007937259866
14.72,0.2,0.15724611866912502,0.15724611866912502
14.725,0.2,0.39710944080671745,0.39710944080671745
14.73,0.2,0.48374880298074147,0.48374880298074147
14.735,0.2,0.16774873286997682,0.16774873286997682
14.74,0.2,0.23839779107103445,0.23839779107103445
14.745,0.2,-0.25673898316591237,-0.25673898316591237
14.75,0.2,-0.1901576918276813,-0.1901576918276813
14.755,0.2,-0.13280609740020605,-0.13280609740020605
14.76,0.2,0.1356990841552529,0.1356990841552529
14.765,0.2,0.3556318617937923,0.3556318617937923
14.77,0.2,0.6221146181842674,0.6221146181842674
14.775,0.2,0.43074363626144757,0.43074363626144757
14.78,0.2,0.17095424987064847,0.17095424987064847
14.785,0.2,0.010740503679974756,0.010740503679974756
14.79,0.2,-0.05464771426136386,-0.05464771426136386
14.795,0.2,0.044322274903678405,0.044322274903678405
14.8,0.2,0.11622582027569987,0.11622582027569987
14.805,0.2,0.4079856872449382,0.4079856872449382
14.81,0.2,0.5792515390953411,0.5792515390953411
14.815,0.2,0.6063023123511123,0.6063023123511123
14.82,0.2,0.13123463287324627,0.13123463287324627
14.825,0.2,-0.036426125881947824,-0.036426125881947824
14.83,0.2,-0.2124863785507999,-0.2124863785507999
14.835,0.2,0.005474564877656629,0.005474564877656629
14.84,0.2,0.165079985514383,0.165079985514383
14.845,0.2,0.5459729947292462,0.5459729947292462
14.85,0.2,0.6225849420373863,0.6225849420373863
14.855,0.2,0.41704636178556886,0.41704636178556886
14.86,0.2,0.27444558856721546,0.27444558856721546
14.865,0.2,-0.21463488865767036,-0.21463488865767036
14.870000000000001,0.2,-0.2364997382589023,-0.2364997382589023
14.875,0.2,0.1257170544942092,0.1257170544942092
14.88,0.2,0.23360209057577513,0.23360209057577513
14.885,0.2,0.465877940927191,0.465877940927191
14.89,0.2,0.5778888625001921,0.5778888625001921
14.895,0.2,0.36234358542606226,0.36234358542606226
14.9,0.2,0.2783523929049687,0.2783523929049687
14.905,0.2,-0.017272858020142893,-0.017272858020142893
14.91,0.2,-0.30341326203829133,-0.30341326203829133
14.915,0.2,-0.00965882485112924,-0.00965882485112924
14.92,0.2,0.2147119978703781,0.2147119978703781
14.925,0.2,0.4779005496815407,0.4779005496815407
14.93,0.2,0.6002549941265001,0.6002549941265001
14.935,0.2,0.5934865765190179,0.5934865765190179
14.94,0.2,0.022419943472051534,0.022419943472051534
14.945,0.2,0.011494341695378718,0.011494341695378718
14.95,0.2,-0.12962186933165445,-0.12962186933165445
14.955,0.2,-0.03764340495531219,-0.03764340495531219
14.96,0.2,0.0887609548679868,0.0887609548679868
14.965,0.2,0.4513703962267855,0.4513703962267855
14.97,0.2,0.514820511730129,0.514820511730129
14.975,0.2,0.28864471153973015,0.28864471153973015
14.98,0.2,0.24145714213245284,0.24145714213245284
14.985,0.2,-0.043963343731630265,-0.043963343731630265
14.99,0.2,-0.2637286798931163,-0.2637286798931163
14.995000000000001,0.2,0.004145849656728304,0.004145849656728304
15.0,0.2,0.11620604121308209,0.11620604121308209
15.005,0.2,0.2939445618459616,0.2939445618459616
15.01,0.2,0.5563826845027793,0.5563826845027793
15.015,0.2,0.35673222131558846,0.35673222131558846
15.02,0.2,0.08226436906471299,0.08226436906471299
15.025,0.2,-0.21173944487629937,-0.21173944487629937
15.03,0.2,-0.33998081193653723,-0.33998081193653723
15.035,0.2,-0.02803305617129101,-0.02803305617129101
15.04,0.2,0.2695780233747804,0.2695780233747804
15.045,0.2,0.4686312832942997,0.4686312832942997
15.05,0.2,0.4434734890694544,0.4434734890694544
15.055,0.2,0.5927887001989222,0.5927887001989222
15.06,0.2,0.1436494579076048,0.1436494579076048
15.065,0.2,0.01850275629314868,0.01850275629314868
15.07,0.2,-0.16323257245850176,-0.16323257245850176
15.075,0.2,-0.00602433867687846,-0.00602433867687846
15.08,0.2,0.20502674614978095,0.20502674614978095
15.085,0.2,0.49090405869877896,0.49090405869877896
15.09,0.2,0.43503964221485864,0.43503964221485864
15.095,0.2,0.369035722618148,0.369035722618148
15.1,0.2,0.17255075776483847,0.17255075776483847
15.105,0.2,-0.16158086049707182,-0.16158086049707182
15.11,0.2,-0.1910579096250509,-0.1910579096250509
15.115,0.2,0.04782939861381329,0.04782939861381329
15.12,0.2,0.20550866702956477,0.20550866702956477
15.125,0.2,0.4689956584801306,0.4689956584801306
15.13,0.2,0.7227955778306172,0.7227955778306172
15.135,0.2,0.42275595440181585,0.42275595440181585
15.14,0.2,0.2659840682323956,0.2659840682323956
15.145,0.2,0.08864082525877653,0.08864082525877653
15.15,0.2,-0.12752246965260092,-0.12752246965260092
15.155,0.2,-0.1616879960150584,-0.1616879960150584
15.16,0.2,0.1787455028697571,0.1787455028697571
15.165,0.2,0.5440852359826561,0.5440852359826561
15.17,0.2,0.5255024050822656,0.5255024050822656
15.175,0.2,0.5498400753801681,0.5498400753801681
15.18,0.2,0.06769512187624521,0.06769512187624521
15.185,0.2,-0.07482314666115086,-0.07482314666115086
15.19,0.2,-0.2222630452766643,-0.2222630452766643
15.195,0.2,-0.18035723453075805,-0.18035723453075805
15.2,0.2,0.2898872928434927,0.2898872928434927
15.205,0.2,0.6828971691092531,0.6828971691092531
15.21,0.2,0.5744476814764796,0.5744476814764796
15.215,0.2,0.5236323049263706,0.5236323049263706
15.22,0.2,0.11326738417061154,0.11326738417061154
15.225,0.2,-0.17356690440816247,-0.17356690440816247
15.23,0.2,-0.14342928122452242,-0.14342928122452242
15.235,0.2,-0.02901906416360038,-0.02901906416360038
15.24,0.2,0.2558358688055727,0.2558358688055727
15.245,0.2,0.5819744310331356,0.5819744310331356
15.25,0.2,0.4369605720489364,0.4369605720489364
15.255,0.2,0.5497301417424141,0.5497301417424141
15.26,0.2,0.28724053593547677,0.28724053593547677
15.265,0.2,-0.27371972533387856,-0.27371972533387856
15.27,0.2,-0.19733184741849485,-0.19733184741849485
15.275,0.2,0.12086592086002565,0.12086592086002565
15.28,0.2,0.19882949450274656,0.19882949450274656
15.285,0.2,0.42175914487496075,0.42175914487496075
15.29,0.2,0.5761681974037987,0.5761681974037987
15.295,0.2,0.38941300371946175,0.38941300371946175
15.3,0.2,0.2630562756835301,0.2630562756835301
15.305,0.2,0.0707567274615242,0.0707567274615242
15.31,0.2,-0.08445788357040708,-0.08445788357040708
15.315,0.2,-0.06921805413540799,-0.06921805413540799
15.32,0.2,0.19939585395097417,0.19939585395097417
15.325,0.2,0.4138576057873615,0.4138576057873615
15.33,0.2,0.34969233032454283,0.34969233032454283
15.335,0.2,0.48879716649257915,0.48879716649257915
15.34,0.2,0.11078704835958982,0.11078704835958982
15.345,0.2,-0.0535722394065241,-0.0535722394065241
15.35,0.2,-0.19379226234349034,-0.19379226234349034
15.355,0.2,0.016312953001311088,0.016312953001311088
15.36,0.2,0.29008106013044604,0.29008106013044604
15.365,0.2,0.3287666119272955,0.3287666119272955
15.37,0.2,0.4468400020771407,0.4468400020771407
15.375,0.2,0.4475722754551885,0.4475722754551885
15.38,0.2,0.08882386424793011,0.08882386424793011
15.385,0.2,-0.06561155901031031,-0.06561155901031031
15.39,0.2,-0.20618437372777595,-0.20618437372777595
15.395,0.2,-0.005443770661437929,-0.005443770661437929
15.4,0.2,0.19131081747526846,0.19131081747526846
15.405,0.2,0.3683375931415315,0.3683375931415315
15.41,0.2,0.4154678901099026,0.4154678901099026
15.415,0.2,0.2849373167040834,0.2849373167040834
15.42,0.2,0.07449552113494154,0.07449552113494154
15.425,0.2,0.002299841758097443,0.002299841758097443
15.43,0.2,-0.24959185708358816,-0.24959185708358816
15.435,0.2,-0.1837992002297505,-0.1837992002297505
15.44,0.2,0.11519427739688994,0.11519427739688994
15.445,0.2,0.6943484196549725,0.6943484196549725
15.45,0.2,0.5686705820691879,0.5686705820691879
15.455,0.2,0.29015188880839327,0.29015188880839327
15.46,0.2,0.1192693415348626,0.1192693415348626
15.465,0.2,-0.20731554907701727,-0.20731554907701727
15.47,0.2,-0.31592628262035355,-0.31592628262035355
15.475,0.2,-0.37526117819904437,-0.37526117819904437
15.48,0.2,0.22391409147048685,0.22391409147048685
15.485,0.2,0.5035336460174159,0.5035336460174159
15.49,0.2,0.4262058971304167,0.4262058971304167
15.495,0.2,0.2334098238799008,0.2334098238799008
15.5,0.2,0.058750381777456534,0.058750381777456534
15.505,0.2,-0.2652113618621049,-0.2652113618621049
15.51,0.2,-0.2703874463465237,-0.2703874463465237
15.515,0.2,-0.3831160497051687,-0.3831160497051687
15.52,0.2,0.3017971529540975,0.3017971529540975
15.525,0.2,0.4915832518929058,0.4915832518929058
15.53,0.2,0.5271837693008988,0.5271837693008988
15.535,0.2,0.3972755302733133,0.3972755302733133
15.54,0.2,0.16643740316032413,0.16643740316032413
15.545,0.2,-0.10844776507709973,-0.10844776507709973
15.55,0.2,-0.17025888549409957,-0.17025888549409957
15.555,0.2,0.14674371395050273,0.14674371395050273
15.56,0.2,0.1166422720028773,0.1166422720028773
15.565,0.2,0.34521306723876855,0.34521306723876855
15.57,0.2,0.506676004219402,0.506676004219402
15.575,0.2,0.2801364392459671,0.2801364392459671
15.58,0.2,0.0841109785248049,0.0841109785248049
15.585,0.2,0.1632491769188521,0.1632491769188521
15.59,0.2,-0.06756431065231085,-0.06756431065231085
15.595,0.2,0.08441743890505289,0.08441743890505289
15.6,0.2,0.28842027784464747,0.28842027784464747
15.605,0.2,0.5505646293486983,0.5505646293486983
15.61,0.2,0.4527410169274948,0.4527410169274948
15.615,0.2,0.5473065043497393,0.5473065043497393
15.62,0.2,0.31505237575525014,0.31505237575525014
15.625,0.2,-0.08330178343971219,-0.08330178343971219
15.63,0.2,-0.22702934081494894,-0.22702934081494894
15.635,0.2,-0.21123101570810254,-0.21123101570810254
15.64,0.2,0.2120991296236158,0.2120991296236158
15.645,0.2,0.45497621584384385,0.45497621584384385
15.65,0.2,0.6181092777833873,0.6181092777833873
15.655,0.2,0.5304394226382728,0.5304394226382728
15.66,0.2,0.09322366786980524,0.09322366786980524
15.665,0.2,-0.06507137466422291,-0.06507137466422291
15.67,0.2,-0.19131825025787985,-0.19131825025787985
15.675,0.2,-0.04295151969898836,-0.04295151969898836
15.68,0.2,0.08153971061374626,0.08153971061374626
15.685,0.2,0.4404942059515661,0.4404942059515661
15.69,0.2,0.5860708757786535,0.5860708757786535
15.695,0.2,0.42042773048170046,0.42042773048170046
15.7,0.2,0.13769949732660525,0.13769949732660525
15.705,0.2,-0.1502001760467103,-0.1502001760467103
15.71,0.2,-0.16436749278125476,-0.16436749278125476
15.715,0.2,0.1262123777768006,0.1262123777768006
15.72,0.2,0.27666339707138726,0.27666339707138726
15.725,0.2,0.377862038417084,0.377862038417084
15.73,0.2,0.5176835457322944,0.5176835457322944
15.735,0.2,0.5167136762780704,0.5167136762780704
15.74,0.2,0.31972698383890685,0.31972698383890685
15.745,0.2,-0.14135386702447905,-0.14135386702447905
15.75,0.2,-0.14139350161218917,-0.14139350161218917
15.755,0.2,0.008730351307504342,0.008730351307504342
15.76,0.2,0.3897184521446184,0.3897184521446184
15.765,0.2,0.4843373411431746,0.4843373411431746
15.77,0.2,0.6268712078867681,0.6268712078867681
15.775,0.2,0.6442883649108936,0.6442883649108936
15.78,0.2,0.24422407032920687,0.24422407032920687
15.785,0.2,0.17845746905821158,0.17845746905821158
15.79,0.2,0.040725216251524726,0.040725216251524726
15.795,0.2,0.12434008596958994,0.12434008596958994
15.8,0.2,0.313311520035605,0.313311520035605
15.805,0.2,0.40559333470381265,0.40559333470381265
15.81,0.2,0.6193454020748065,0.6193454020748065
15.815,0.2,0.44508535261958176,0.44508535261958176
15.82,0.2,0.20384528459649653,0.20384528459649653
15.825,0.2,-0.06456374253151999,-0.06456374253151999
15.83,0.2,-0.1509380451641062,-0.1509380451641062
15.835,0.2,-0.03897923252611961,-0.03897923252611961
15.84,0.2,0.47128090449716314,0.47128090449716314
15.845,0.2,0.6716028985370704,0.6716028985370704
15.85,0.2,0.6608629630344496,0.6608629630344496
15.855,0.2,0.37335117080583674,0.37335117080583674
15.86,0.2,0.39480612396580983,0.39480612396580983
15.865,0.2,-0.01974544928422873,-0.01974544928422873
15.870000000000001,0.2,-0.12276281531549944,-0.12276281531549944
15.875,0.2,0.035868855648483425,0.035868855648483425
15.88,0.2,0.1631884685161544,0.1631884685161544
15.885,0.2,0.3252305075163312,0.3252305075163312
15.89,0.2,0.7498677668109154,0.7498677668109154
15.895,0.2,0.4271075747375292,0.4271075747375292
15.9,0.2,0.2595648209303124,0.2595648209303124
15.905,0.2,0.18984801025802361,0.18984801025802361
15.91,0.2,-0.013367399671685418,-0.013367399671685418
15.915,0.2,-0.1023013394694839,-0.1023013394694839
15.92,0.2,0.19936841036673977,0.19936841036673977
15.925,0.2,0.4405826738894132,0.4405826738894132
15.93,0.2,0.6463653864313197,0.6463653864313197
15.935,0.2,0.5792169569642227,0.5792169569642227
15.94,0.2,0.18842049625782956,0.18842049625782956
15.945,0.2,0.021222929223443182,0.021222929223443182
15.95,0.2,0.006621838058632812,0.006621838058632812
15.955,0.2,0.0035375087921720727,0.0035375087921720727
15.96,0.2,0.18618410598740306,0.18618410598740306
15.965,0.2,0.39482169053907823,0.39482169053907823
15.97,0.2,0.7231068892724437,0.7231068892724437
15.975,0.2,0.5134692965353266,0.5134692965353266
15.98,0.2,0.20842906740655603,0.20842906740655603
15.985,0.2,-0.0883970275818727,-0.0883970275818727
15.99,0.2,-0.2777978395277319,-0.2777978395277319
15.995000000000001,0.2,0.07135977707602643,0.07135977707602643
16.0,0.2,0.12482656075918608,0.12482656075918608
16.004999999,0.2,0.42260290985751026,0.42260290985751026
16.01,0.2,0.49328370865393645,0.49328370865393645
16.015,0.2,0.5489093267253783,0.5489093267253783
16.02,0.2,0.15352237016694129,0.15352237016694129
16.024999999,0.2,0.03397093883081437,0.03397093883081437
16.03,0.2,-0.10682953870500635,-0.10682953870500635
16.035,0.2,-0.15637313621868423,-0.15637313621868423
16.04,0.2,0.34354957047203344,0.34354957047203344
16.045,0.2,0.4097842790473827,0.4097842790473827
16.05,0.2,0.5916661191682422,0.5916661191682422
16.055,0.2,0.40518808427463693,0.40518808427463693
16.059999999,0.2,0.20642245147503685,0.20642245147503685
16.065,0.2,-0.0018825850990623616,-0.0018825850990623616
16.07,0.2,-0.24364641507463095,-0.24364641507463095
16.075,0.2,-0.012051352753864653,-0.012051352753864653
16.079999999,0.2,0.25530454325386237,0.25530454325386237
16.085,0.2,0.5295782710008446,0.5295782710008446
16.09,0.2,0.4846180636924769,0.4846180636924769
16.094999999,0.2,0.3610706287572102,0.3610706287572102
16.1,0.2,0.04875793111491694,0.04875793111491694
16.105,0.2,-0.20952788382158138,-0.20952788382158138
16.11,0.2,-0.1996214729014879,-0.1996214729014879
16.114999999,0.2,0.09354335701726635,0.09354335701726635
16.12,0.2,0.1845553280314452,0.1845553280314452
16.125,0.2,0.5211397117428364,0.5211397117428364
16.129999999,0.2,0.5745477308644953,0.5745477308644953
16.135,0.2,0.4757701468509187,0.4757701468509187
16.14,0.2,0.21410606231777352,0.21410606231777352
16.145,0.2,-0.14345431636353256,-0.14345431636353256
16.149999999,0.2,-0.09194896294965335,-0.09194896294965335
16.155,0.2,-0.1068938176626377,-0.1068938176626377
16.16,0.2,0.3122695811927022,0.3122695811927022
16.165,0.2,0.29668749041607045,0.29668749041607045
16.17,0.2,0.399021687262633,0.399021687262633
16.175,0.2,0.49971087445984486,0.49971087445984486
16.18,0.2,0.22523323756619926,0.22523323756619926
16.184999999,0.2,-0.13302444521604373,-0.13302444521604373
16.19,0.2,-0.09746671093124301,-0.09746671093124301
16.195,0.2,-0.04272990687022489,-0.04272990687022489
16.2,0.2,0.3583988016781316,0.3583988016781316
16.204999999,0.2,0.6725504868208945,0.6725504868208945
16.21,0.2,0.5355964336222029,0.5355964336222029
16.215,0.2,0.4159228740950918,0.4159228740950918
16.219999999,0.2,0.20088724121266133,0.20088724121266133
16.225,0.2,0.03675616927291467,0.03675616927291467
16.23,0.2,-0.166377743262794,-0.166377743262794
16.235,0.2,0.034573046994143625,0.034573046994143625
16.239999999,0.2,0.17925548613364234,0.17925548613364234
16.245,0.2,0.449388001213388,0.449388001213388
16.25,0.2,0.6133319327612248,0.6133319327612248
16.254999999,0.2,0.5023735909315566,0.5023735909315566
16.26,0.2,0.24671280587451558,0.24671280587451558
16.265,0.2,-0.05221451935293911,-0.05221451935293911
16.27,0.2,-0.09155065244536177,-0.09155065244536177
16.274999999,0.2,-0.07601689708173608,-0.07601689708173608
16.28,0.2,0.3159559985337932,0.3159559985337932
16.285,0.2,0.3471298806786235,0.3471298806786235
16.29,0.2,0.6978184916107294,0.6978184916107294
16.295,0.2,0.332099847304712,0.332099847304712
16.3,0.2,0.13439653793802658,0.13439653793802658
16.305,0.2,-0.14372185203808518,-0.14372185203808518
16.309999999,0.2,-0.060687185926537046,-0.060687185926537046
16.315,0.2,0.0168744812095815,0.0168744812095815
16.32,0.2,0.3441826610694293,0.3441826610694293
16.325,0.2,0.4743280541289837,0.4743280541289837
16.329999999,0.2,0.3653048813081512,0.3653048813081512
16.335,0.2,0.4966514896586084,0.4966514896586084
16.34,0.2,0.04214483640491523,0.04214483640491523
16.344999999,0.2,-0.19570445751007468,-0.19570445751007468
16.35,0.2,-0.3493849284443153,-0.3493849284443153
16.355,0.2,-0.06322917418266841,-0.06322917418266841
16.36,0.2,0.09982111704754418,0.09982111704754418
16.364999999,0.2,0.42650153990616557,0.42650153990616557
16.37,0.2,0.5720112221070944,0.5720112221070944
16.375,0.2,0.5048594403411021,0.5048594403411021
16.379999999,0.2,0.192754023166372,0.192754023166372
16.385,0.2,0.0011572214111152945,0.0011572214111152945
16.39,0.2,-0.31939501760702027,-0.31939501760702027
16.395,0.2,0.046750992625317817,0.046750992625317817
16.399999999,0.2,0.22245593670477995,0.22245593670477995
16.405,0.2,0.5701115982348595,0.5701115982348595
16.41,0.2,0.5333890730065403,0.5333890730065403
16.415,0.2,0.5674607468518063,0.5674607468518063
16.42,0.2,0.3437180157543819,0.3437180157543819
16.425,0.2,0.026330158612530866,0.026330158612530866
16.43,0.2,-0.21970119142208294,-0.21970119142208294
16.434999999,0.2,0.06767623546617055,0.06767623546617055
16.44,0.2,0.14927493553086155,0.14927493553086155
16.445,0.2,0.6076747502299908,0.6076747502299908
16.45,0.2,0.625572750794327,0.625572750794327
16.454999999,0.2,0.4975575986173418,0.4975575986173418
16.46,0.2,0.025503674672886056,0.025503674672886056
16.465,0.2,0.23028023112685966,0.23028023112685966
16.469999999,0.2,-0.11664668607003459,-0.11664668607003459
16.475,0.2,-0.16112647374378603,-0.16112647374378603
16.48,0.2,0.13414836219963636,0.13414836219963636
16.485,0.2,0.48986393707477216,0.48986393707477216
16.489999999,0.2,0.4538813177675967,0.4538813177675967
16.495,0.2,0.4338151717174478,0.4338151717174478
16.5,0.2,0.2069248556053762,0.2069248556053762
16.504999999,0.2,-0.2724013513931399,-0.2724013513931399
16.51,0.2,-0.04388946966151455,-0.04388946966151455
16.515,0.2,-0.15033762406441364,-0.15033762406441364
16.52,0.2,0.15680175823740428,0.15680175823740428
16.524999999,0.2,0.47728216773083426,0.47728216773083426
16.53,0.2,0.6431544795638324,0.6431544795638324
16.535,0.2,0.4638061563973331,0.4638061563973331
16.54,0.2,0.23524221837297338,0.23524221837297338
16.545,0.2,-0.2748632387516617,-0.2748632387516617
16.55,0.2,-0.09927042919209289,-0.09927042919209289
16.555,0.2,-0.24429336612430785,-0.24429336612430785
16.559999999,0.2,0.10175696515410386,0.10175696515410386
16.565,0.2,0.6100791436121755,0.6100791436121755
16.57,0.2,0.5900862041951263,0.5900862041951263
16.575,0.2,0.5696698236504596,0.5696698236504596
16.579999999,0.2,0.016691860586977053,0.016691860586977053
16.585,0.2,-0.10025121879294287,-0.10025121879294287
16.59,0.2,-0.14175817989193246,-0.14175817989193246
16.594999999,0.2,0.035043756243999774,0.035043756243999774
16.6,0.2,0.29693614270312985,0.29693614270312985
16.605,0.2,0.388278008564109,0.388278008564109
16.61,0.2,0.5513219790525867,0.5513219790525867
16.614999999,0.2,0.519591355785136,0.519591355785136
16.62,0.2,0.05957253297842291,0.05957253297842291
16.625,0.2,-0.24794546222254898,-0.24794546222254898
16.629999999,0.2,-0.14625012020816874,-0.14625012020816874
16.635,0.2,-0.17832141305968258,-0.17832141305968258
16.64,0.2,0.2576499785670846,0.2576499785670846
16.645,0.2,0.4037587918393358,0.4037587918393358
16.649999999,0.2,0.5629012228061584,0.5629012228061584
16.655,0.2,0.37384396357217536,0.37384396357217536
16.66,0.2,0.2782030623384513,0.2782030623384513
16.665,0.2,-0.05771155672232117,-0.05771155672232117
16.67,0.2,-0.22589132953386296,-0.22589132953386296
16.675,0.2,-0.05312331141652908,-0.05312331141652908
16.68,0.2,0.27535224574059247,0.27535224574059247
16.684999999,0.2,0.5996697898320112,0.5996697898320112
16.69,0.2,0.5452269395945024,0.5452269395945024
16.695,0.2,0.5020402301200924,0.5020402301200924
16.7,0.2,0.258845078077478,0.258845078077478
16.704999999,0.2,-0.05379807753884357,-0.05379807753884357
16.71,0.2,0.01585751855630063,0.01585751855630063
16.715,0.2,0.21178468318557309,0.21178468318557309
16.719999999,0.2,0.25039255501831437,0.25039255501831437
16.725,0.2,0.5317268429075769,0.5317268429075769
16.73,0.2,0.5452021666956377,0.5452021666956377
16.735,0.2,0.4113158079159293,0.4113158079159293
16.739999999,0.2,0.28476513357833344,0.28476513357833344
16.745,0.2,0.052489982489481,0.052489982489481
16.75,0.2,-0.06483194165966609,-0.06483194165966609
16.754999999,0.2,0.11713450746637948,0.11713450746637948
16.76,0.2,0.1618478833232764,0.1618478833232764
16.765,0.2,0.6068479023913441,0.6068479023913441
16.77,0.2,0.5304866603548679,0.5304866603548679
16.774999999,0.2,0.3869144481251409,0.3869144481251409
16.78,0.2,0.1608947186899855,0.1608947186899855
16.785,0.2,-0.10758378721521837,-0.10758378721521837
16.79,0.2,-0.017567738876622774,-0.017567738876622774
16.795,0.2,-0.10079268098949534,-0.10079268098949534
16.8,0.2,0.25910380823777834,0.25910380823777834
16.805,0.2,0.6149146275758788,0.6149146275758788
16.809999999,0.2,0.6585012117035157,0.6585012117035157
16.815,0.2,0.6635823953432076,0.6635823953432076
16.82,0.2,0.22825308566604757,0.22825308566604757
16.825,0.2,-0.07675295464313621,-0.07675295464313621
16.829999999,0.2,0.045289163448329006,0.045289163448329006
16.835,0.2,-0.07982860732301261,-0.07982860732301261
16.84,0.2,0.15797593558778733,0.15797593558778733
16.844999999,0.2,0.48779693465168755,0.48779693465168755
16.85,0.2,0.706073469479458,0.706073469479458
16.855,0.2,0.48963109142876204,0.48963109142876204
16.86,0.2,0.25464503258564747,0.25464503258564747
16.864999999,0.2,-0.13365279346811954,-0.13365279346811954
16.87,0.2,-0.21347945911722518,-0.21347945911722518
16.875,0.2,0.07069973871365348,0.07069973871365348
16.879999999,0.2,0.23190205164612734,0.23190205164612734
16.885,0.2,0.28835889594951836,0.28835889594951836
16.89,0.2,0.5918485726910432,0.5918485726910432
16.895,0.2,0.35118983114254276,0.35118983114254276
16.899999999,0.2,0.23771269322635227,0.23771269322635227
16.905,0.2,-0.23590721035261655,-0.23590721035261655
16.91,0.2,-0.19081419631912647,-0.19081419631912647
16.915,0.2,-0.04211899131812814,-0.04211899131812814
16.92,0.2,0.3698636685858202,0.3698636685858202
16.925,0.2,0.44317597474137893,0.44317597474137893
16.93,0.2,0.3721093133559128,0.3721093133559128
16.934999999,0.2,0.38317632031001525,0.38317632031001525
16.94,0.2,0.20383821681712075,0.20383821681712075
16.945,0.2,-0.18643038393331868,-0.18643038393331868
16.95,0.2,-0.11524418301983963,-0.11524418301983963
16.954999999,0.2,0.042672814306264795,0.042672814306264795
16.96,0.2,0.2031084834673181,0.2031084834673181
16.965,0.2,0.4172005325186212,0.4172005325186212
16.969999999,0.2,0.566265984972869,0.566265984972869
16.975,0.2,0.3356257228502581,0.3356257228502581
16.98,0.2,0.1579110099588128,0.1579110099588128
16.985,0.2,0.03133579928203449,0.03133579928203449
16.989999999,0.2,-0.23130647861700643,-0.23130647861700643
16.995,0.2,0.04837398443821987,0.04837398443821987
17.0,0.2,0.2081749964775121,0.2081749964775121
17.004999999,0.2,0.45523031708930084,0.45523031708930084
17.01,0.2,0.8811199074716765,0.8811199074716765
17.015,0.2,0.3951781902445626,0.3951781902445626
17.02,0.2,0.05832072679246386,0.05832072679246386
17.024999999,0.2,0.13395080025295797,0.13395080025295797
17.03,0.2,0.0004989492290593533,0.0004989492290593533
17.035,0.2,-0.11410438554693364,-0.11410438554693364
17.04,0.2,0.21200304343736828,0.21200304343736828
17.045,0.2,0.7505526290760056,0.7505526290760056
17.05,0.2,0.5258133597714991,0.5258133597714991
17.055,0.2,0.523790028864387,0.523790028864387
17.059999999,0.2,0.12172499708349242,0.12172499708349242
17.065,0.2,-0.1301134951521528,-0.1301134951521528
17.07,0.2,-0.2901049019091093,-0.2901049019091093
17.075,0.2,0.05022072777361396,0.05022072777361396
17.079999999,0.2,0.3301146049434941,0.3301146049434941
17.085,0.2,0.3860070213948532,0.3860070213948532
17.09,0.2,0.6829947612414247,0.6829947612414247
17.094999999,0.2,0.3753221337555747,0.3753221337555747
17.1,0.2,0.13329147216189147,0.13329147216189147
17.105,0.2,-0.028036893028639327,-0.028036893028639327
17.11,0.2,-0.11496418666689662,-0.11496418666689662
17.114999999,0.2,-0.04990247808228514,-0.04990247808228514
17.12,0.2,0.2053613364219699,0.2053613364219699
17.125,0.2,0.4186419893788722,0.4186419893788722
17.129999999,0.2,0.7327463587040346,0.7327463587040346
17.135,0.2,0.3728266011629049,0.3728266011629049
17.14,0.2,0.15460573377302048,0.15460573377302048
17.145,0.2,-0.09009192603851301,-0.09009192603851301
17.149999999,0.2,-0.11857044148524529,-0.11857044148524529
17.155,0.2,0.08390615759124856,0.08390615759124856
17.16,0.2,0.4177359340000075,0.4177359340000075
17.165,0.2,0.4066107071010299,0.4066107071010299
17.17,0.2,0.7513714284481743,0.7513714284481743
17.175,0.2,0.359852642641714,0.359852642641714
17.18,0.2,0.12284670075216562,0.12284670075216562
17.185,0.2,-0.15430783482222127,-0.15430783482222127
17.19,0.2,-0.10231238377756487,-0.10231238377756487
17.195,0.2,-0.051116958393686185,-0.051116958393686185
17.2,0.2,0.3932693617237839,0.3932693617237839
17.205,0.2,0.32087405052870444,0.32087405052870444
17.21,0.2,0.5027397287325994,0.5027397287325994
17.215,0.2,0.3377310574918473,0.3377310574918473
17.22,0.2,0.0933724757035693,0.0933724757035693
17.225,0.2,-0.08572358106728208,-0.08572358106728208
17.23,0.2,-0.17709845392042026,-0.17709845392042026
17.235,0.2,0.052929984616367665,0.052929984616367665
17.24,0.2,0.3252523941334507,0.3252523941334507
17.245,0.2,0.34101018979176057,0.34101018979176057
17.25,0.2,0.6714082880953984,0.6714082880953984
17.255,0.2,0.3990213769469555,0.3990213769469555
17.26,0.2,0.2548887162253744,0.2548887162253744
17.265,0.2,0.03393865334919509,0.03393865334919509
17.27,0.2,-0.19477315360590047,-0.19477315360590047
17.275,0.2,0.08139427996233425,0.08139427996233425
17.28,0.2,0.22132479127538865,0.22132479127538865
17.285,0.2,0.553861796770001,0.553861796770001
17.29,0.2,0.6672985856887916,0.6672985856887916
17.295,0.2,0.5628443354777664,0.5628443354777664
17.3,0.2,0.1416446033892106,0.1416446033892106
17.305,0.2,0.00829239399842055,0.00829239399842055
17.31,0.2,-0.013845550308263788,-0.013845550308263788
17.315,0.2,-0.16331273119885723,-0.16331273119885723
17.32,0.2,0.19298178500624974,0.19298178500624974
17.325,0.2,0.6080580062762568,0.6080580062762568
17.33,0.2,0.7900242870598919,0.7900242870598919
17.335,0.2,0.37649984018626026,0.37649984018626026
17.34,0.2,0.19576951847004276,0.19576951847004276
17.345,0.2,-0.09903171433992855,-0.09903171433992855
17.35,0.2,-0.12005935184644698,-0.12005935184644698
17.355,0.2,-0.02271016511102844,-0.02271016511102844
17.36,0.2,0.09457940414123467,0.09457940414123467
17.365,0.2,0.48861150916177115,0.48861150916177115
17.37,0.2,0.5130183984879282,0.5130183984879282
17.375,0.2,0.39521774531087595,0.39521774531087595
17.38,0.2,0.2208051075194943,0.2208051075194943
17.385,0.2,-0.16169433198398225,-0.16169433198398225
17.39,0.2,-0.044847593202526764,-0.044847593202526764
17.395,0.2,0.024800321220204646,0.024800321220204646
17.4,0.2,0.17471188074724342,0.17471188074724342
17.405,0.2,0.46275933545960557,0.46275933545960557
17.41,0.2,0.38883372789583304,0.38883372789583304
17.415,0.2,0.4610455879058927,0.4610455879058927
17.42,0.2,0.12561148568720432,0.12561148568720432
17.425,0.2,0.11361051516033649,0.11361051516033649
17.43,0.2,-0.22062232687002803,-0.22062232687002803
17.435,0.2,0.04920195193790927,0.04920195193790927
17.44,0.2,0.31175161313924993,0.31175161313924993
17.445,0.2,0.5220258149368161,0.5220258149368161
17.45,0.2,0.7322860781114183,0.7322860781114183
17.455,0.2,0.3037869214884437,0.3037869214884437
17.46,0.2,0.2306361916758084,0.2306361916758084
17.465,0.2,-0.06523370676927302,-0.06523370676927302
17.47,0.2,-0.2705324527641886,-0.2705324527641886
17.475,0.2,-0.03805270707348079,-0.03805270707348079
17.48,0.2,0.09042282205294713,0.09042282205294713
17.485,0.2,0.516734706883244,0.516734706883244
17.49,0.2,0.5724648714740079,0.5724648714740079
17.495,0.2,0.5829186800355985,0.5829186800355985
17.5,0.2,0.043885115763233395,0.043885115763233395
17.505,0.2,-0.04408160990935965,-0.04408160990935965
17.51,0.2,-0.28203977464919444,-0.28203977464919444
17.515,0.2,-0.2191470358749777,-0.2191470358749777
17.52,0.2,0.25448478704485533,0.25448478704485533
17.525,0.2,0.5126211269370353,0.5126211269370353
17.53,0.2,0.36122562459199364,0.36122562459199364
17.535,0.2,0.3449268919560004,0.3449268919560004
17.54,0.2,0.3420882589118465,0.3420882589118465
17.545,0.2,-0.09781005502717681,-0.09781005502717681
17.55,0.2,-0.15192361565822124,-0.15192361565822124
17.555,0.2,-0.11035522552233445,-0.11035522552233445
17.56,0.2,0.04120652776537159,0.04120652776537159
17.565,0.2,0.5553545716232915,0.5553545716232915
17.57,0.2,0.4164313192294956,0.4164313192294956
17.575,0.2,0.4083705686789761,0.4083705686789761
17.58,0.2,0.24364371450238131,0.24364371450238131
17.585,0.2,-0.13417331698237916,-0.13417331698237916
17.59,0.2,-0.20019730503639316,-0.20019730503639316
17.595,0.2,0.012421213481670898,0.012421213481670898
17.6,0.2,0.12480192814138555,0.12480192814138555
17.605,0.2,0.3655976301660723,0.3655976301660723
17.61,0.2,0.6167202353808856,0.6167202353808856
17.615,0.2,0.4623069565182529,0.4623069565182529
17.62,0.2,0.28836712774184875,0.28836712774184875
17.625,0.2,-0.14154210179144444,-0.14154210179144444
17.63,0.2,-0.1951461973008419,-0.1951461973008419
17.635,0.2,-0.08696028418067303,-0.08696028418067303
17.64,0.2,0.3463457231945455,0.3463457231945455
17.645,0.2,0.4270693154908249,0.4270693154908249
17.65,0.2,0.6222955140720926,0.6222955140720926
17.655,0.2,0.42821800929827253,0.42821800929827253
17.66,0.2,0.058716498864173905,0.058716498864173905
17.665,0.2,0.026616072721826894,0.026616072721826894
17.67,0.2,0.03830381007140454,0.03830381007140454
17.675,0.2,-0.009096863374661663,-0.009096863374661663
17.68,0.2,0.2622842658598065,0.2622842658598065
17.685,0.2,0.5956396159898726,0.5956396159898726
17.69,0.2,0.5907960002465457,0.5907960002465457
17.695,0.2,0.4837230364059377,0.4837230364059377
17.7,0.2,0.15633105253578822,0.15633105253578822
17.705,0.2,-0.09580741565733002,-0.09580741565733002
17.71,0.2,-0.1188882132259505,-0.1188882132259505
17.715,0.2,0.11629812138243575,0.11629812138243575
17.72,0.2,0.30760640875979806,0.30760640875979806
17.725,0.2,0.5542742815728329,0.5542742815728329
17.73,0.2,0.6462379802167102,0.6462379802167102
17.735,0.2,0.4639493943130951,0.4639493943130951
17.74,0.2,0.18459041581726315,0.18459041581726315
17.745,0.2,-0.14821300510665703,-0.14821300510665703
17.75,0.2,0.012874914660954417,0.012874914660954417
17.755,0.2,0.08550743559703093,0.08550743559703093
17.76,0.2,0.1998843685731242,0.1998843685731242
17.765,0.2,0.5037875026760065,0.5037875026760065
17.77,0.2,0.7967974570318277,0.7967974570318277
17.775,0.2,0.4958496063222384,0.4958496063222384
17.78,0.2,0.18627785497999066,0.18627785497999066
17.785,0.2,-0.13426976817675404,-0.13426976817675404
17.79,0.2,-0.09919963860875178,-0.09919963860875178
17.795,0.2,-0.05672432807737285,-0.05672432807737285
17.8,0.2,0.20758001850941885,0.20758001850941885
17.805,0.2,0.5316904498412347,0.5316904498412347
17.81,0.2,0.6990850161086065,0.6990850161086065
17.815,0.2,0.4831173804039768,0.4831173804039768
17.82,0.2,0.384113744620234,0.384113744620234
17.825,0.2,-0.18086324888803124,-0.18086324888803124
17.83,0.2,-0.0665202277633601,-0.0665202277633601
17.835,0.2,-0.11109187456927788,-0.11109187456927788
17.84,0.2,0.26077505624717834,0.26077505624717834
17.845,0.2,0.5504296848597825,0.5504296848597825
17.85,0.2,0.7463797573409408,0.7463797573409408
17.855,0.2,0.48783728651617453,0.48783728651617453
17.86,0.2,0.1182083842782751,0.1182083842782751
17.865,0.2,-0.045770290889788866,-0.045770290889788866
17.87,0.2,-0.05321765541103815,-0.05321765541103815
17.875,0.2,-0.16120002520401921,-0.16120002520401921
17.88,0.2,0.2806237741463788,0.2806237741463788
17.885,0.2,0.5144671662761806,0.5144671662761806
17.89,0.2,0.6908105729528857,0.6908105729528857
17.895,0.2,0.3439395569704907,0.3439395569704907
17.9,0.2,0.0902356794487501,0.0902356794487501
17.905,0.2,0.00507285075056229,0.00507285075056229
17.91,0.2,-0.2195455601146694,-0.2195455601146694
17.915,0.2,-0.06606071561117183,-0.06606071561117183
17.92,0.2,0.2773130381158965,0.2773130381158965
17.925,0.2,0.5220910934988365,0.5220910934988365
17.93,0.2,0.7285470186451837,0.7285470186451837
17.935,0.2,0.3767765582215458,0.3767765582215458
17.94,0.2,0.3793180706770083,0.3793180706770083
17.945,0.2,0.05869660423240233,0.05869660423240233
17.95,0.2,-0.268336502202117,-0.268336502202117
17.955,0.2,0.19009963082377848,0.19009963082377848
17.96,0.2,0.3070354598911371,0.3070354598911371
17.965,0.2,0.4632802633530523,0.4632802633530523
17.97,0.2,0.6485800609243738,0.6485800609243738
17.975,0.2,0.3567353362827112,0.3567353362827112
17.98,0.2,0.29710733432435094,0.29710733432435094
17.985,0.2,-0.04760376896141228,-0.04760376896141228
17.99,0.2,0.016287380433597454,0.016287380433597454
17.995,0.2,-0.13360695017101182,-0.13360695017101182
18.0,0.2,0.25166426508619766,0.25166426508619766
18.005,0.2,0.6324709242058062,0.6324709242058062
18.01,0.2,0.5787912669756905,0.5787912669756905
18.015,0.2,0.2721490076830897,0.2721490076830897
18.02,0.2,0.16437810175212691,0.16437810175212691
18.025,0.2,-0.04567440147204469,-0.04567440147204469
18.03,0.2,-0.13487963390721366,-0.13487963390721366
18.035,0.2,0.018240113196495246,0.018240113196495246
18.04,0.2,0.2797475783754838,0.2797475783754838
18.045,0.2,0.6084553474098797,0.6084553474098797
18.05,0.2,0.63149715655857,0.63149715655857
18.055,0.2,0.2995496938150589,0.2995496938150589
18.06,0.2,0.34463044989812675,0.34463044989812675
18.065,0.2,-0.038697906941276686,-0.038697906941276686
18.07,0.2,-0.04249692716049552,-0.04249692716049552
18.075,0.2,-0.08480025428001219,-0.08480025428001219
18.08,0.2,0.17837273451644925,0.17837273451644925
18.085,0.2,0.35763733058327596,0.35763733058327596
18.09,0.2,0.45150390909515425,0.45150390909515425
18.095,0.2,0.5266093379708191,0.5266093379708191
18.1,0.2,0.1622833139273988,0.1622833139273988
18.105,0.2,-0.12006206053809035,-0.12006206053809035
18.11,0.2,-0.3321536587535701,-0.3321536587535701
18.115,0.2,-0.09436242053684094,-0.09436242053684094
18.12,0.2,0.20735983687390133,0.20735983687390133
18.125,0.2,0.3981688280079815,0.3981688280079815
18.13,0.2,0.6645806035582278,0.6645806035582278
18.135,0.2,0.3997467972934444,0.3997467972934444
18.14,0.2,0.1933989109032846,0.1933989109032846
18.145,0.2,-0.14234600108357215,-0.14234600108357215
18.15,0.2,-0.18217057992452912,-0.18217057992452912
18.155,0.2,-0.02681253809475895,-0.02681253809475895
18.16,0.2,0.16351493680374096,0.16351493680374096
18.165,0.2,0.4608337443321078,0.4608337443321078
18.17,0.2,0.5886327646815264,0.5886327646815264
18.175,0.2,0.49663402900767983,0.49663402900767983
18.18,0.2,0.2352365236728166,0.2352365236728166
18.185,0.2,-0.15895364695197128,-0.15895364695197128
18.19,0.2,-0.19288134012605798,-0.19288134012605798
18.195,0.2,-0.1383587401200298,-0.1383587401200298
18.2,0.2,0.19154600220139095,0.19154600220139095
18.205,0.2,0.4842793227215043,0.4842793227215043
18.21,0.2,0.4864046239563584,0.4864046239563584
18.215,0.2,0.4193700179314346,0.4193700179314346
18.22,0.2,0.10681352966925038,0.10681352966925038
18.225,0.2,-0.059729706949690604,-0.059729706949690604
18.23,0.2,-0.24099447584548006,-0.24099447584548006
18.235,0.2,-0.02520462417605428,-0.02520462417605428
18.24,0.2,0.15486190964695146,0.15486190964695146
18.245,0.2,0.4329377270556305,0.4329377270556305
18.25,0.2,0.44709468987667433,0.44709468987667433
18.255,0.2,0.4749780478123057,0.4749780478123057
18.26,0.2,0.23335454778420425,0.23335454778420425
18.265,0.2,-0.20413604496662874,-0.20413604496662874
18.27,0.2,-0.21087518252382914,-0.21087518252382914
18.275,0.2,-0.07723574028931994,-0.07723574028931994
18.28,0.2,0.07452963499317836,0.07452963499317836
18.285,0.2,0.44008000805499786,0.44008000805499786
18.29,0.2,0.5720203111865496,0.5720203111865496
18.295,0.2,0.4018871677927127,0.4018871677927127
18.3,0.2,0.10497746665357247,0.10497746665357247
18.305,0.2,-0.06282037901068377,-0.06282037901068377
18.31,0.2,-0.12084297240741303,-0.12084297240741303
18.315,0.2,-0.07894615673284801,-0.07894615673284801
18.32,0.2,0.18465689765942028,0.18465689765942028
18.325,0.2,0.42825359889411824,0.42825359889411824
18.33,0.2,0.39297947057159066,0.39297947057159066
18.335,0.2,0.454592209890838,0.454592209890838
18.34,0.2,0.10713464423014399,0.10713464423014399
18.345,0.2,-0.01669241464615559,-0.01669241464615559
18.35,0.2,-0.22531654450022998,-0.22531654450022998
18.355,0.2,-0.06610478063953301,-0.06610478063953301
18.36,0.2,0.2311544552205417,0.2311544552205417
18.365,0.2,0.6270868870437853,0.6270868870437853
18.37,0.2,0.546615865240886,0.546615865240886
18.375,0.2,0.4119337447151556,0.4119337447151556
18.38,0.2,0.15214497392804022,0.15214497392804022
18.385,0.2,-0.03574793750168889,-0.03574793750168889
18.39,0.2,-0.2911717628693405,-0.2911717628693405
18.395,0.2,0.1680908114263241,0.1680908114263241
18.4,0.2,0.23220895790731796,0.23220895790731796
18.405,0.2,0.4804368756911474,0.4804368756911474
18.41,0.2,0.4659263688094751,0.4659263688094751
18.415,0.2,0.5138062954995014,0.5138062954995014
18.42,0.2,0.12590948562491555,0.12590948562491555
18.425,0.2,-0.09821973915278245,-0.09821973915278245
18.43,0.2,-0.10732380802146545,-0.10732380802146545
18.435,0.2,0.18521122047625432,0.18521122047625432
18.44,0.2,0.18617825261529827,0.18617825261529827
18.445,0.2,0.6230595976993472,0.6230595976993472
18.45,0.2,0.5919732909161929,0.5919732909161929
18.455,0.2,0.512642444760527,0.512642444760527
18.46,0.2,0.3741055051158942,0.3741055051158942
18.465,0.2,-0.028363619868142054,-0.028363619868142054
18.47,0.2,-0.18694695943105205,-0.18694695943105205
18.475,0.2,0.03692783845584209,0.03692783845584209
18.48,0.2,0.04070239679704263,0.04070239679704263
18.485,0.2,0.5311048288972933,0.5311048288972933
18.49,0.2,0.5685450037765847,0.5685450037765847
18.495,0.2,0.5205020293207674,0.5205020293207674
18.5,0.2,0.3798078762533253,0.3798078762533253
18.505,0.2,0.06353905624334863,0.06353905624334863
18.51,0.2,-0.058971018220095456,-0.058971018220095456
18.515,0.2,0.019586383538679294,0.019586383538679294
18.52,0.2,0.41710862021436923,0.41710862021436923
18.525,0.2,0.4408530256598696,0.4408530256598696
18.53,0.2,0.47528523537471273,0.47528523537471273
18.535,0.2,0.4995905748865948,0.4995905748865948
18.54,0.2,0.2417756229612568,0.2417756229612568
18.545,0.2,0.18299745836803843,0.18299745836803843
18.55,0.2,-0.010221783798930989,-0.010221783798930989
18.555,0.2,0.048253714096391356,0.048253714096391356
18.56,0.2,0.37477259517146155,0.37477259517146155
18.565,0.2,0.5024503747298416,0.5024503747298416
18.57,0.2,0.746573509461846,0.746573509461846
18.575,0.2,0.5908271636776121,0.5908271636776121
18.58,0.2,0.23614412666558,0.23614412666558
18.585,0.2,-0.13684863959415605,-0.13684863959415605
18.59,0.2,-0.06303682123103664,-0.06303682123103664
18.595,0.2,0.044187983898009014,0.044187983898009014
18.6,0.2,0.37013491713910707,0.37013491713910707
18.605,0.2,0.5191909463176312,0.5191909463176312
18.61,0.2,0.6929909392954644,0.6929909392954644
18.615,0.2,0.5536990792782428,0.5536990792782428
18.62,0.2,0.1081936514024355,0.1081936514024355
18.625,0.2,-0.03796661127852907,-0.03796661127852907
18.63,0.2,-0.15617961310576572,-0.15617961310576572
18.635,0.2,-0.0062491854750561585,-0.0062491854750561585
18.64,0.2,0.5283389718110564,0.5283389718110564
18.645,0.2,0.6121946632046154,0.6121946632046154
18.65,0.2,0.6279648400165665,0.6279648400165665
18.655,0.2,0.6433792772595233,0.6433792772595233
18.66,0.2,0.21684936669483898,0.21684936669483898
18.665,0.2,0.0031909557059390734,0.0031909557059390734
18.67,0.2,-0.1214309071986906,-0.1214309071986906
18.675,0.2,-0.016460896250510317,-0.016460896250510317
18.68,0.2,0.435904187163092,0.435904187163092
18.685,0.2,0.23671277143548575,0.23671277143548575
18.69,0.2,0.4460470548483294,0.4460470548483294
18.695,0.2,0.5460174730950603,0.5460174730950603
18.7,0.2,0.2513013552903097,0.2513013552903097
18.705,0.2,0.021934273201103048,0.021934273201103048
18.71,0.2,-0.28971318778850536,-0.28971318778850536
18.715,0.2,0.02689206914821113,0.02689206914821113
18.72,0.2,0.34526116328586803,0.34526116328586803
18.725,0.2,0.5661158052718918,0.5661158052718918
18.73,0.2,0.5848364177695915,0.5848364177695915
18.735,0.2,0.4025374333365991,0.4025374333365991
18.74,0.2,0.26907232680889936,0.26907232680889936
18.745,0.2,0.1427980466370416,0.1427980466370416
18.75,0.2,-0.03796076631998532,-0.03796076631998532
18.755,0.2,0.12523604428250618,0.12523604428250618
18.76,0.2,0.30725644410328784,0.30725644410328784
18.765,0.2,0.44554209093732433,0.44554209093732433
18.77,0.2,0.690227699595969,0.690227699595969
18.775,0.2,0.4676296766796872,0.4676296766796872
18.78,0.2,-0.00876629577337934,-0.00876629577337934
18.785,0.2,-0.0640832237377724,-0.0640832237377724
18.79,0.2,-0.09785130574365972,-0.09785130574365972
18.795,0.2,-0.022554896819370972,-0.022554896819370972
18.8,0.2,0.25329051496921645,0.25329051496921645
18.805,0.2,0.5582152578743318,0.5582152578743318
18.81,0.2,0.6783864846294777,0.6783864846294777
18.815,0.2,0.37302613436004073,0.37302613436004073
18.82,0.2,0.23716893523026975,0.23716893523026975
18.825,0.2,-0.025801207275777133,-0.025801207275777133
18.83,0.2,-0.10513160716052906,-0.10513160716052906
18.835,0.2,0.13521484827967037,0.13521484827967037
18.84,0.2,0.3540699756535185,0.3540699756535185
18.845,0.2,0.5222096420421468,0.5222096420421468
18.85,0.2,0.6050207215620148,0.6050207215620148
18.855,0.2,0.3976552863027719,0.3976552863027719
18.86,0.2,0.24594475628849044,0.24594475628849044
18.865,0.2,0.1471612295024765,0.1471612295024765
18.87,0.2,-0.23696076448668862,-0.23696076448668862
18.875,0.2,0.0014779545538528942,0.0014779545538528942
18.88,0.2,0.37462920314900255,0.37462920314900255
18.885,0.2,0.40503612985710236,0.40503612985710236
18.89,0.2,0.6739257372129318,0.6739257372129318
18.895,0.2,0.5284993743476353,0.5284993743476353
18.9,0.2,0.23635512508913825,0.23635512508913825
18.905,0.2,-0.15740103682629583,-0.15740103682629583
18.91,0.2,-0.2579459616021152,-0.2579459616021152
18.915,0.2,-0.044948839449250995,-0.044948839449250995
18.92,0.2,0.346363316640547,0.346363316640547
18.925,0.2,0.5217270497442,0.5217270497442
18.93,0.2,0.7080000523528508,0.7080000523528508
18.935,0.2,0.46842282858876616,0.46842282858876616
18.94,0.2,0.25977229262083135,0.25977229262083135
18.945,0.2,0.02913547738271484,0.02913547738271484
18.95,0.2,-0.0883022413683614,-0.0883022413683614
18.955,0.2,-0.08222265579148615,-0.08222265579148615
18.96,0.2,0.26057646634874093,0.26057646634874093
18.965,0.2,0.5652649735613643,0.5652649735613643
18.97,0.2,0.5239687092264883,0.5239687092264883
18.975,0.2,0.4419352712945064,0.4419352712945064
18.98,0.2,0.022545404271372027,0.022545404271372027
18.985,0.2,0.06873786744427225,0.06873786744427225
18.99,0.2,-0.29626804878539015,-0.29626804878539015
18.995,0.2,-0.015153491195493371,-0.015153491195493371
19.0,0.2,0.31757362915520393,0.31757362915520393
19.005,0.2,0.32635687260484947,0.32635687260484947
19.01,0.2,0.5058565376560739,0.5058565376560739
19.015,0.2,0.4826808962594955,0.4826808962594955
19.02,0.2,0.3491249882582358,0.3491249882582358
19.025,0.2,-0.15395678960142764,-0.15395678960142764
19.03,0.2,-0.047647974653970235,-0.047647974653970235
19.035,0.2,-0.04111914050154725,-0.04111914050154725
19.04,0.2,0.1560257404945434,0.1560257404945434
19.045,0.2,0.42218554183603796,0.42218554183603796
19.05,0.2,0.6455714677153438,0.6455714677153438
19.055,0.2,0.34019957128569345,0.34019957128569345
19.06,0.2,0.08787810775810947,0.08787810775810947
19.065,0.2,0.10838224155540988,0.10838224155540988
19.07,0.2,-0.03466607160944837,-0.03466607160944837
19.075,0.2,0.05697372755147187,0.05697372755147187
19.08,0.2,0.3524386994429526,0.3524386994429526
19.085,0.2,0.4746453778848283,0.4746453778848283
19.09,0.2,0.4835028735843848,0.4835028735843848
19.095,0.2,0.4155770611141373,0.4155770611141373
19.1,0.2,0.30622214490569544,0.30622214490569544
19.105,0.2,-0.24560821177883155,-0.24560821177883155
19.11,0.2,-0.19639124108808342,-0.19639124108808342
19.115,0.2,0.11439916730270956,0.11439916730270956
19.12,0.2,0.2175035567916938,0.2175035567916938
19.125,0.2,0.534986634061365,0.534986634061365
19.13,0.2,0.530900574103761,0.530900574103761
19.135,0.2,0.3515669011758803,0.3515669011758803
19.14,0.2,0.08215369121133306,0.08215369121133306
19.145,0.2,0.07446282921310804,0.07446282921310804
19.15,0.2,0.045989285369596455,0.045989285369596455
19.155,0.2,-0.04802267240308236,-0.04802267240308236
19.16,0.2,0.29567624773286616,0.29567624773286616
19.165,0.2,0.42100168550393874,0.42100168550393874
19.17,0.2,0.42741558737275465,0.42741558737275465
19.175,0.2,0.5264452411135297,0.5264452411135297
19.18,0.2,0.1484357022051066,0.1484357022051066
19.185,0.2,-0.0901991663232577,-0.0901991663232577
19.19,0.2,-0.43905975442971534,-0.43905975442971534
19.195,0.2,-0.15277251497560634,-0.15277251497560634
19.2,0.2,0.19416580467473438,0.19416580467473438
19.205,0.2,0.462097189608291,0.462097189608291
19.21,0.2,0.5507180997138554,0.5507180997138554
19.215,0.2,0.5674419295799501,0.5674419295799501
19.22,0.2,0.2565189543031367,0.2565189543031367
19.225,0.2,-0.0449801898951539,-0.0449801898951539
19.23,0.2,-0.13633718323533808,-0.13633718323533808
19.235,0.2,-0.10641067133121312,-0.10641067133121312
19.24,0.2,0.27280538765787415,0.27280538765787415
19.245,0.2,0.4192773234753259,0.4192773234753259
19.25,0.2,0.5354444721363504,0.5354444721363504
19.255,0.2,0.5821238969966678,0.5821238969966678
19.26,0.2,0.2041935718352257,0.2041935718352257
19.265,0.2,-0.005564872003921084,-0.005564872003921084
19.27,0.2,0.0391370323983217,0.0391370323983217
19.275,0.2,-0.04179314804480165,-0.04179314804480165
19.28,0.2,0.00273242144948041,0.00273242144948041
19.285,0.2,0.4907116752007996,0.4907116752007996
19.29,0.2,0.4498299639032398,0.4498299639032398
19.295,-0.2,0.6651055421086609,0.6651055421086609
19.3,-0.2,0.20856770814051254,0.20856770814051254
19.305,-0.2,-0.22993176029579684,-0.22993176029579684
19.31,-0.2,-0.3051823726494011,-0.3051823726494011
19.315,-0.2,0.0034887639427505363,0.0034887639427505363
19.32,-0.2,0.20823912213428936,0.20823912213428936
19.325,-0.2,0.4321018078232727,0.4321018078232727
19.33,-0.2,0.5535561503303533,0.5535561503303533
19.335,-0.2,0.3892188682021623,0.3892188682021623
19.34,-0.2,0.17942406697849322,0.17942406697849322
19.345,-0.2,-0.34778779708597596,-0.34778779708597596
19.35,-0.2,-0.11190790504632452,-0.11190790504632452
19.355,-0.2,-0.016650855119222867,-0.016650855119222867
19.36,-0.2,0.17664812145644884,0.17664812145644884
19.365,-0.2,0.4772720018297221,0.4772720018297221
19.37,-0.2,0.6704538369694472,0.6704538369694472
19.375,-0.2,0.44712171684237967,0.44712171684237967
19.38,-0.2,0.19125443800474473,0.19125443800474473
19.385,-0.2,-0.30299752620661213,-0.30299752620661213
19.39,-0.2,-0.25367764658672376,-0.25367764658672376
19.395,-0.2,-0.036905759965005794,-0.036905759965005794
19.4,-0.2,0.33548454366295727,0.33548454366295727
19.405,-0.2,0.5413199336268375,0.5413199336268375
19.41,-0.2,0.5239704909989198,0.5239704909989198
19.415,-0.2,0.4192366907310507,0.4192366907310507
19.42,-0.2,0.23873875614977974,0.23873875614977974
19.425,-0.2,-0.03701142441998071,-0.03701142441998071
19.43,-0.2,-0.34345198774647556,-0.34345198774647556
19.435,-0.2,0.08922138387425763,0.08922138387425763
19.44,-0.2,0.13234401227583587,0.13234401227583587
19.445,-0.2,0.5225580195992524,0.5225580195992524
19.45,-0.2,0.7782438603089905,0.7782438603089905
19.455,-0.2,0.4376369150159215,0.4376369150159215
19.46,-0.2,0.1952074440070091,0.1952074440070091
19.465,-0.2,0.026656435755647245,0.026656435755647245
19.47,-0.2,-0.2185452023644312,-0.2185452023644312
19.475,-0.2,0.08113399428805039,0.08113399428805039
19.48,-0.2,0.2826753417798127,0.2826753417798127
19.485,-0.2,0.41943818924018156,0.41943818924018156
19.49,-0.2,0.602644937615292,0.602644937615292
19.495,-0.2,0.5659325513250391,0.5659325513250391
19.5,-0.2,0.26354753426836974,0.26354753426836974
19.505,-0.2,-0.06357278568871359,-0.06357278568871359
19.51,-0.2,-0.07140277548681684,-0.07140277548681684
19.515,-0.2,0.042967090260901536,0.042967090260901536
19.52,-0.2,0.1625677301360593,0.1625677301360593
19.525,-0.2,0.5477590571655218,0.5477590571655218
19.53,-0.2,0.5304756502648249,0.5304756502648249
19.535,-0.2,0.4613717742988666,0.4613717742988666
19.54,-0.2,0.243757430566691,0.243757430566691
19.545,-0.2,-0.19700398723972115,-0.19700398723972115
19.55,-0.2,-0.06111352086657748,-0.06111352086657748
19.555,-0.2,0.04553165708819257,0.04553165708819257
19.56,-0.2,0.14761350498282627,0.14761350498282627
19.565,-0.2,0.5073740011711954,0.5073740011711954
19.57,-0.2,0.6998654910665036,0.6998654910665036
19.575,-0.2,0.5862992092431353,0.5862992092431353
19.58,-0.2,0.04063692593992907,0.04063692593992907
19.585,-0.2,-0.017708054064171773,-0.017708054064171773
19.59,-0.2,-0.08146756229972538,-0.08146756229972538
19.595,-0.2,-0.07141697709808345,-0.07141697709808345
19.6,-0.2,0.13063262813140084,0.13063262813140084
19.605,-0.2,0.45234604829270486,0.45234604829270486
19.61,-0.2,0.6222867777582956,0.6222867777582956
19.615,-0.2,0.5625899379617701,0.5625899379617701
19.62,-0.2,0.13789911057120433,0.13789911057120433
19.625,-0.2,0.016332774084212007,0.016332774084212007
19.63,-0.2,-0.0008257937350522881,-0.0008257937350522881
19.635,-0.2,0.05330106238611708,0.05330106238611708
19.64,-0.2,0.19954237630715982,0.19954237630715982
19.645,-0.2,0.46567756627448936,0.46567756627448936
19.65,-0.2,0.5982528381702813,0.5982528381702813
19.655,-0.2,0.4503746073704988,0.4503746073704988
19.66,-0.2,0.14113609432781088,0.14113609432781088
19.665,-0.2,-0.010578307901130887,-0.010578307901130887
19.67,-0.2,-0.11457781901403774,-0.11457781901403774
19.675,-0.2,-0.08487289323901073,-0.08487289323901073
19.68,-0.2,0.27910266204758377,0.27910266204758377
19.685,-0.2,0.6012691224073964,0.6012691224073964
19.69,-0.2,0.6880406374200787,0.6880406374200787
19.695,-0.2,0.4694292166985985,0.4694292166985985
19.7,-0.2,0.28953095779482524,0.28953095779482524
19.705,-0.2,-0.29675089522077847,-0.29675089522077847
19.71,-0.2,-0.216904880557228,-0.216904880557228
19.715,-0.2,-0.20737443930551827,-0.20737443930551827
19.72,-0.2,0.41623024846912127,0.41623024846912127
19.725,-0.2,0.4653772487839009,0.4653772487839009
19.73,-0.2,0.495934791644314,0.495934791644314
19.735,-0.2,0.5126049294012088,0.5126049294012088
19.74,-0.2,0.10815819680344252,0.10815819680344252
19.745,-0.2,-0.21125544412626013,-0.21125544412626013
19.75,-0.2,-0.09002028184376892,-0.09002028184376892
19.755,-0.2,-0.11482214585372932,-0.11482214585372932
19.76,-0.2,0.1869177093165801,0.1869177093165801
19.765,-0.2,0.616412972083776,0.616412972083776
19.77,-0.2,0.6217434375354083,0.6217434375354083
19.775,-0.2,0.41080616565924327,0.41080616565924327
19.78,-0.2,0.11357413687818871,0.11357413687818871
19.785,-0.2,-0.07475407710511264,-0.07475407710511264
19.79,-0.2,-0.27781077160394807,-0.27781077160394807
19.795,-0.2,-0.14397972337536424,-0.14397972337536424
19.8,-0.2,0.19147204394386005,0.19147204394386005
19.805,-0.2,0.4933593867175351,0.4933593867175351
19.81,-0.2,0.38470085439568213,0.38470085439568213
19.815,-0.2,0.5056909025531705,0.5056909025531705
19.82,-0.2,0.30007680720908625,0.30007680720908625
19.825,-0.2,0.0494199349602748,0.0494199349602748
19.83,-0.2,-0.06445662365872251,-0.06445662365872251
19.835,-0.2,0.052125945213187835,0.052125945213187835
19.84,-0.2,0.4311441887037889,0.4311441887037889
19.845,-0.2,0.4894428644379615,0.4894428644379615
19.85,-0.2,0.5033416780752652,0.5033416780752652
19.855,-0.2,0.6315197062023772,0.6315197062023772
19.86,-0.2,0.3694025028430743,0.3694025028430743
19.865,-0.2,0.018041963791134222,0.018041963791134222
19.87,-0.2,-0.1716373217359658,-0.1716373217359658
19.875,-0.2,0.14752054884140797,0.14752054884140797
19.88,-0.2,0.2718089525105244,0.2718089525105244
19.885,-0.2,0.6219695978417255,0.6219695978417255
19.89,-0.2,0.6871302298807682,0.6871302298807682
19.895,-0.2,0.5845911212716759,0.5845911212716759
19.9,-0.2,0.25267774036004137,0.25267774036004137
19.905,-0.2,-0.14067250591449829,-0.14067250591449829
19.91,-0.2,0.029626175641228214,0.029626175641228214
19.915,-0.2,0.07351429244347696,0.07351429244347696
19.92,-0.2,0.36053191263875356,0.36053191263875356
19.925,-0.2,0.6502641814895781,0.6502641814895781
19.93,-0.2,0.7150563568134546,0.7150563568134546
19.935,-0.2,0.4074797779085517,0.4074797779085517
19.94,-0.2,0.1998121899011996,0.1998121899011996
19.945,-0.2,-0.0032431313960346354,-0.0032431313960346354
19.95,-0.2,-0.018456713925969204,-0.018456713925969204
19.955,-0.2,0.14225543260361936,0.14225543260361936
19.96,-0.2,0.25223404378670283,0.25223404378670283
19.965,-0.2,0.521474666386308,0.521474666386308
19.97,-0.2,0.6023702654128098,0.6023702654128098
19.975,-0.2,0.5062818760451883,0.5062818760451883
19.98,-0.2,0.2261583613675216,0.2261583613675216
19.985,-0.2,0.06669299850436392,0.06669299850436392
19.99,-0.2,-0.10893017586574677,-0.10893017586574677
19.995,-0.2,0.13571441181393956,0.13571441181393956
20.0,-0.2,0.21532881613820068,0.21532881613820068
20.005,-0.2,0.6345324528072345,0.6345324528072345
20.01,-0.2,0.4904970565357347,0.4904970565357347
20.015,-0.2,0.5927709458183527,0.5927709458183527
20.02,-0.2,0.12178470321420705,0.12178470321420705
20.025,-0.2,-0.10627066789990691,-0.10627066789990691
20.03,-0.2,-0.14926245073788005,-0.14926245073788005
20.035,-0.2,0.07251665605861135,0.07251665605861135
20.04,-0.2,0.11374015337662496,0.11374015337662496
20.045,-0.2,0.471609978945943,0.471609978945943
20.05,-0.2,0.7055244601644155,0.7055244601644155
20.055,-0.2,0.40670284526274625,0.40670284526274625
20.06,-0.2,0.1526878439328955,0.1526878439328955
20.065,-0.2,0.05009476878974359,0.05009476878974359
20.07,-0.2,-0.20931305964812594,-0.20931305964812594
20.075,-0.2,-0.0730572910619485,-0.0730572910619485
20.08,-0.2,0.17390216252166013,0.17390216252166013
20.085,-0.2,0.686059228364743,0.686059228364743
20.09,-0.2,0.6571394955802103,0.6571394955802103
20.095,-0.2,0.37119639494511425,0.37119639494511425
20.1,-0.2,0.1827526590781865,0.1827526590781865
20.105,-0.2,-0.09126571197370228,-0.09126571197370228
20.11,-0.2,-0.16791543563400702,-0.16791543563400702
20.115,-0.2,-0.07707616935460762,-0.07707616935460762
20.12,-0.2,0.15384383672258223,0.15384383672258223
20.125,-0.2,0.33865639428861133,0.33865639428861133
20.13,-0.2,0.4815756057011875,0.4815756057011875
20.135,-0.2,0.5151267145439332,0.5151267145439332
20.14,-0.2,0.2033453154346871,0.2033453154346871
20.145,-0.2,-0.0630868539126219,-0.0630868539126219
20.15,-0.2,-0.2687008910616019,-0.2687008910616019
20.155,-0.2,0.018174070848595167,0.018174070848595167
20.16,-0.2,0.15825075578338849,0.15825075578338849
20.165,-0.2,0.45146215777976856,0.45146215777976856
20.17,-0.2,0.6440351126296323,0.6440351126296323
20.175,-0.2,0.5539267424260259,0.5539267424260259
20.18,-0.2,0.32833890165092655,0.32833890165092655
20.185,-0.2,-0.0603822056386535,-0.0603822056386535
20.19,-0.2,-0.26780963655977363,-0.26780963655977363
20.195,-0.2,0.0875339820907739,0.0875339820907739
20.2,-0.2,0.22215208691873217,0.22215208691873217
20.205,-0.2,0.43577733648148226,0.43577733648148226
20.21,-0.2,0.5840034366899801,0.5840034366899801
20.215,-0.2,0.625253436089974,0.625253436089974
20.22,-0.2,0.2760417915600419,0.2760417915600419
20.225,-0.2,0.07965853015321799,0.07965853015321799
20.23,-0.2,-0.22130213277727762,-0.22130213277727762
20.235,-0.2,0.06563173728709625,0.06563173728709625
20.24,-0.2,0.24640809168580663,0.24640809168580663
20.245,-0.2,0.3305956990947061,0.3305956990947061
20.25,-0.2,0.5247579456731527,0.5247579456731527
20.255,-0.2,0.3793953247052193,0.3793953247052193
20.26,-0.2,0.1788019325484182,0.1788019325484182
20.265,-0.2,-0.04916087529777697,-0.04916087529777697
20.27,-0.2,-0.08135448288259611,-0.08135448288259611
20.275,-0.2,-0.07905775404183574,-0.07905775404183574
20.28,-0.2,-0.05491803744454843,-0.05491803744454843
20.285,-0.2,0.44208304143840027,0.44208304143840027
20.29,-0.2,0.6398908966419795,0.6398908966419795
20.295,-0.2,0.5370870984731956,0.5370870984731956
20.3,-0.2,0.12816504898319264,0.12816504898319264
20.305,-0.2,-0.12914567595500942,-0.12914567595500942
20.31,-0.2,-0.15300871284730178,-0.15300871284730178
20.315,-0.2,-0.12225144113082259,-0.12225144113082259
20.32,-0.2,0.11885922900922313,0.11885922900922313
20.325,-0.2,0.41971218784017356,0.41971218784017356
20.33,-0.2,0.6684330804632053,0.6684330804632053
20.335,-0.2,0.36119363781755914,0.36119363781755914
20.34,-0.2,0.3049711351074212,0.3049711351074212
20.345,-0.2,-0.16900277605241804,-0.16900277605241804
20.35,-0.2,0.00021860261414935467,0.00021860261414935467
20.355,-0.2,-0.07052540888759269,-0.07052540888759269
20.36,-0.2,0.24948697531422148,0.24948697531422148
20.365,-0.2,0.28326229489068594,0.28326229489068594
20.37,-0.2,0.4046076529035081,0.4046076529035081
20.375,-0.2,0.37372055034065077,0.37372055034065077
20.38,-0.2,0.15821706359065246,0.15821706359065246
20.385,-0.2,-0.061600199041226725,-0.061600199041226725
20.39,-0.2,-0.14953099109889356,-0.14953099109889356
20.395,-0.2,4.1780708777756914e-05,4.1780708777756914e-05
20.4,-0.2,0.30831993429788657,0.30831993429788657
20.405,-0.2,0.4233616212385595,0.4233616212385595
20.41,-0.2,0.600316848268852,0.600316848268852
20.415,-0.2,0.553103939553245,0.553103939553245
20.42,-0.2,-0.09510226315186632,-0.09510226315186632
20.425,-0.2,-0.061164582742966905,-0.061164582742966905
20.43,-0.2,-0.13606948834003266,-0.13606948834003266
20.435,-0.2,-0.09093263461692622,-0.09093263461692622
20.44,-0.2,0.23184013909095172,0.23184013909095172
20.445,-0.2,0.45519020784639425,0.45519020784639425
20.45,-0.2,0.5515229453758342,0.5515229453758342
20.455,-0.2,0.5486028454326464,0.5486028454326464
20.46,-0.2,0.21591185070721247,0.21591185070721247
20.465,-0.2,0.05838511593407644,0.05838511593407644
20.47,-0.2,-0.06591745752644407,-0.06591745752644407
20.475,-0.2,-0.05281670227597297,-0.05281670227597297
20.48,-0.2,0.14589029392218644,0.14589029392218644
20.485,-0.2,0.6032359937023871,0.6032359937023871
20.49,-0.2,0.4751410801486621,0.4751410801486621
20.495,-0.2,0.24415876676838938,0.24415876676838938
20.5,-0.2,0.3597675737033009,0.3597675737033009
20.505,-0.2,-0.04812483001096621,-0.04812483001096621
20.51,-0.2,-0.20276519838748655,-0.20276519838748655
20.515,-0.2,-0.08250047560274362,-0.08250047560274362
20.52,-0.2,0.13640276926894582,0.13640276926894582
20.525,-0.2,0.39028682868401093,0.39028682868401093
20.53,-0.2,0.6182812232109192,0.6182812232109192
20.535,-0.2,0.4363703314880676,0.4363703314880676
20.54,-0.2,0.2349674445405482,0.2349674445405482
20.545,-0.2,-0.16719044681817916,-0.16719044681817916
20.55,-0.2,-0.22401342403918373,-0.22401342403918373
20.555,-0.2,-0.3283736190958598,-0.3283736190958598
20.56,-0.2,0.26816812903642717,0.26816812903642717
20.565,-0.2,0.4807511471808981,0.4807511471808981
20.57,-0.2,0.7482718695045429,0.7482718695045429
20.575,-0.2,0.47603573955159184,0.47603573955159184
20.58,-0.2,0.3134676179149988,0.3134676179149988
20.585,-0.2,-0.06889032968297334,-0.06889032968297334
20.59,-0.2,0.016813493934375312,0.016813493934375312
20.595,-0.2,-0.11150828611417903,-0.11150828611417903
20.6,-0.2,0.25111305173789783,0.25111305173789783
20.605,-0.2,0.5235796661372683,0.5235796661372683
20.61,-0.2,0.4989301272946486,0.4989301272946486
20.615,-0.2,0.5388237933984602,0.5388237933984602
20.62,-0.2,0.16816543958391889,0.16816543958391889
20.625,-0.2,0.03883649232916074,0.03883649232916074
20.63,-0.2,-0.15345652124079384,-0.15345652124079384
20.635,-0.2,0.12412313544688366,0.12412313544688366
20.64,-0.2,0.22041090095776927,0.22041090095776927
20.645,-0.2,0.4620439599624355,0.4620439599624355
20.65,-0.2,0.5661868226886043,0.5661868226886043
20.655,-0.2,0.43220551276681746,0.43220551276681746
20.66,-0.2,0.34988464959470844,0.34988464959470844
20.665,-0.2,0.12253017204452388,0.12253017204452388
20.67,-0.2,-0.11250233560908778,-0.11250233560908778
20.675,-0.2,-0.1521577156672401,-0.1521577156672401
20.68,-0.2,0.46662688182703294,0.46662688182703294
20.685,-0.2,0.4733061484432741,0.4733061484432741
20.69,-0.2,0.7298002821724195,0.7298002821724195
20.695,-0.2,0.5134479873489664,0.5134479873489664
20.7,-0.2,0.19400974767159992,0.19400974767159992
20.705,-0.2,0.02318969911731697,0.02318969911731697
20.71,-0.2,-0.15996998366556728,-0.15996998366556728
20.715,-0.2,-0.030278593071734916,-0.030278593071734916
20.72,-0.2,0.4805502409867781,0.4805502409867781
20.725,-0.2,0.5701057314023349,0.5701057314023349
20.73,-0.2,0.7411133328281613,0.7411133328281613
20.735,-0.2,0.5608707269466351,0.5608707269466351
20.74,-0.2,0.09688112955667769,0.09688112955667769
20.745,-0.2,0.23241222683223042,0.23241222683223042
20.75,-0.2,0.0152078723510988,0.0152078723510988
20.755,-0.2,-0.010015640278836613,-0.010015640278836613
20.76,-0.2,0.2013475181588608,0.2013475181588608
20.765,-0.2,0.7931100823902283,0.7931100823902283
20.77,-0.2,0.5756366180808723,0.5756366180808723
20.775,-0.2,0.4286838333478823,0.4286838333478823
20.78,-0.2,0.1134543062959805,0.1134543062959805
20.785,-0.2,-0.030203284762787122,-0.030203284762787122
20.79,-0.2,0.002871878426355279,0.002871878426355279
20.795,-0.2,0.013603204252098908,0.013603204252098908
20.8,-0.2,0.3097240509077841,0.3097240509077841
20.805,-0.2,0.5485005416659061,0.5485005416659061
20.81,-0.2,0.6317015845171038,0.6317015845171038
20.815,-0.2,0.631721580030232,0.631721580030232
20.82,-0.2,0.1084703521606024,0.1084703521606024
20.825,-0.2,-0.06668528309838267,-0.06668528309838267
20.83,-0.2,-0.28426787031235823,-0.28426787031235823
20.835,-0.2,-0.0627602753928527,-0.0627602753928527
20.84,-0.2,0.28537904211155285,0.28537904211155285
20.845,-0.2,0.5998657876939628,0.5998657876939628
20.85,-0.2,0.5611785790639306,0.5611785790639306
20.855,-0.2,0.302151435617526,0.302151435617526
20.86,-0.2,0.14665277834890478,0.14665277834890478
20.865,-0.2,-0.03729176522113703,-0.03729176522113703
20.87,-0.2,-0.3042545469088872,-0.3042545469088872
20.875,-0.2,-0.06433584906257608,-0.06433584906257608
20.88,-0.2,0.3874812477090098,0.3874812477090098
20.885,-0.2,0.45120918250404995,0.45120918250404995
20.89,-0.2,0.4854604009533345,0.4854604009533345
20.895,-0.2,0.3825319029949654,0.3825319029949654
20.9,-0.2,0.17987456830729587,0.17987456830729587
20.905,-0.2,-0.03819744198450943,-0.03819744198450943
20.91,-0.2,-0.1813164447803326,-0.1813164447803326
20.915,-0.2,0.0019458805149842329,0.0019458805149842329
20.92,-0.2,0.21044106475532137,0.21044106475532137
20.925,-0.2,0.6942220320772072,0.6942220320772072
20.93,-0.2,0.5500628886084558,0.5500628886084558
20.935,-0.2,0.44434259325267467,0.44434259325267467
20.94,-0.2,0.17985518681763477,0.17985518681763477
20.945,-0.2,-0.23253888027156358,-0.23253888027156358
20.95,-0.2,-0.3359582008297841,-0.3359582008297841
20.955,-0.2,0.2413572900989093,0.2413572900989093
20.96,-0.2,0.30955558973726854,0.30955558973726854
20.965,-0.2,0.8281157581495566,0.8281157581495566
20.97,-0.2,0.7143266447455494,0.7143266447455494
20.975,-0.2,0.39418234389094964,0.39418234389094964
20.98,-0.2,0.25064708862273744,0.25064708862273744
20.985,-0.2,-0.10847676985908701,-0.10847676985908701
20.99,-0.2,-0.12619379314905188,-0.12619379314905188
20.995,-0.2,-0.09254829125037742,-0.09254829125037742
21.0,-0.2,0.34233621262695185,0.34233621262695185
21.005,-0.2,0.7537205331997403,0.7537205331997403
21.01,-0.2,0.5049345655988554,0.5049345655988554
21.015,-0.2,0.33160189839455323,0.33160189839455323
21.02,-0.2,0.2474361352038934,0.2474361352038934
21.025,-0.2,-0.13924972248442344,-0.13924972248442344
21.03,-0.2,-0.1744716600731414,-0.1744716600731414
21.035,-0.2,-0.12984715727657062,-0.12984715727657062
21.04,-0.2,0.09495032124755243,0.09495032124755243
21.045,-0.2,0.37409798213573986,0.37409798213573986
21.05,-0.2,0.6497774786802625,0.6497774786802625
21.055,-0.2,0.3736173846343625,0.3736173846343625
21.06,-0.2,0.18496199500475255,0.18496199500475255
21.065,-0.2,-0.04602460821711921,-0.04602460821711921
21.07,-0.2,-0.06915119195825926,-0.06915119195825926
21.075,-0.2,-0.0773934492049672,-0.0773934492049672
21.08,-0.2,0.25794139101133695,0.25794139101133695
21.085,-0.2,0.37857136283073567,0.37857136283073567
21.09,-0.2,0.43414836373887394,0.43414836373887394
21.095,-0.2,0.5965233794081207,0.5965233794081207
21.1,-0.2,0.12089350457117945,0.12089350457117945
21.105,-0.2,-0.02048581490384363,-0.02048581490384363
21.11,-0.2,-0.24084858253007047,-0.24084858253007047
21.115,-0.2,0.003862454007695193,0.003862454007695193
21.12,-0.2,-0.04068302372597071,-0.04068302372597071
21.125,-0.2,0.55676711742388,0.55676711742388
21.13,-0.2,0.6773919252022292,0.6773919252022292
21.135,-0.2,0.3941592757085832,0.3941592757085832
21.14,-0.2,0.2012816400838221,0.2012816400838221
21.145,-0.2,-0.060906416706489414,-0.060906416706489414
21.15,-0.2,-0.23448253031613672,-0.23448253031613672
21.155,-0.2,-0.16165352340949707,-0.16165352340949707
21.16,-0.2,0.15577752398978548,0.15577752398978548
21.165,-0.2,0.43319087265853934,0.43319087265853934
21.17,-0.2,0.5381581249694889,0.5381581249694889
21.175,-0.2,0.31543344970633375,0.31543344970633375
21.18,-0.2,0.11304210699008578,0.11304210699008578
21.185,-0.2,-0.37295424890241924,-0.37295424890241924
21.19,-0.2,-0.15959106198309023,-0.15959106198309023
21.195,-0.2,-0.12217712602944006,-0.12217712602944006
21.2,-0.2,0.22329626998857857,0.22329626998857857
21.205,-0.2,0.38522364805696013,0.38522364805696013
21.21,-0.2,0.41253610012144654,0.41253610012144654
21.215,-0.2,0.22288579141959589,0.22288579141959589
21.22,-0.2,0.016719489898529866,0.016719489898529866
21.225,-0.2,-0.10116741065336374,-0.10116741065336374
21.23,-0.2,-0.23619317195190415,-0.23619317195190415
21.235,-0.2,-0.08219027190244677,-0.08219027190244677
21.24,-0.2,0.04719533530911124,0.04719533530911124
21.245,-0.2,0.43087298689053993,0.43087298689053993
21.25,-0.2,0.438829056547536,0.438829056547536
21.255,-0.2,0.3522155043481663,0.3522155043481663
21.26,-0.2,-0.12155561984265668,-0.12155561984265668
21.265,-0.2,-0.096756204178286,-0.096756204178286
21.27,-0.2,-0.34818207231714693,-0.34818207231714693
21.275,-0.2,-0.015610906824982118,-0.015610906824982118
21.28,-0.2,0.20692374360536364,0.20692374360536364
21.285,-0.2,0.4532649090092336,0.4532649090092336
21.29,-0.2,0.41226702441946794,0.41226702441946794
21.295,-0.2,0.4014902495031819,0.4014902495031819
21.3,-0.2,0.05784448780236483,0.05784448780236483
21.305,-0.2,-0.41292129301763725,-0.41292129301763725
21.31,-0.2,-0.22565719418720936,-0.22565719418720936
21.315,-0.2,-0.008391179899630966,-0.008391179899630966
21.32,-0.2,0.12112404506536695,0.12112404506536695
21.325,-0.2,0.6454520032520706,0.6454520032520706
21.33,-0.2,0.6085189142739245,0.6085189142739245
21.335,-0.2,0.4692112844134253,0.4692112844134253
21.34,-0.2,0.07571240252828847,0.07571240252828847
21.345,-0.2,-0.33048846737327847,-0.33048846737327847
21.35,-0.2,-0.2893375966295609,-0.2893375966295609
21.355,-0.2,-0.01662386554407514,-0.01662386554407514
21.36,-0.2,0.2815967344828031,0.2815967344828031
21.365,-0.2,0.40749851243225654,0.40749851243225654
21.37,-0.2,0.5647508501047963,0.5647508501047963
21.375,-0.2,0.421558820366712,0.421558820366712
21.38,-0.2,0.3162224694085929,0.3162224694085929
21.385,-0.2,-0.06305005155510679,-0.06305005155510679
21.39,-0.2,-0.2559118255504521,-0.2559118255504521
21.395,-0.2,0.07087025558943644,0.07087025558943644
21.4,-0.2,0.20344130267787613,0.20344130267787613
21.405,-0.2,0.46022647975270575,0.46022647975270575
21.41,-0.2,0.6455650258292024,0.6455650258292024
21.415,-0.2,0.5401770196538993,0.5401770196538993
21.42,-0.2,0.13424563945792242,0.13424563945792242
21.425,-0.2,0.017906230072601448,0.017906230072601448
21.43,-0.2,-0.13154407923484607,-0.13154407923484607
21.435,-0.2,-0.06020873468136092,-0.06020873468136092
21.44,-0.2,0.2009048292631256,0.2009048292631256
21.445,-0.2,0.5970313180752842,0.5970313180752842
21.45,-0.2,0.6943235861387852,0.6943235861387852
21.455,-0.2,0.3784225652007852,0.3784225652007852
21.46,-0.2,0.08635128552854769,0.08635128552854769
21.465,-0.2,-0.05634296020091199,-0.05634296020091199
21.47,-0.2,-0.3081084488265156,-0.3081084488265156
21.475,-0.2,-0.09222667170558173,-0.09222667170558173
21.48,-0.2,0.22875734925659116,0.22875734925659116
21.485,-0.2,0.44393254241560365,0.44393254241560365
21.49,-0.2,0.49248852691895284,0.49248852691895284
21.495,-0.2,0.4363572615126258,0.4363572615126258
21.5,-0.2,0.07893063207326255,0.07893063207326255
21.505,-0.2,-0.23858708459759376,-0.23858708459759376
21.51,-0.2,-0.22253227948184987,-0.22253227948184987
21.515,-0.2,0.2148349543225983,0.2148349543225983
21.52,-0.2,0.3759957801935473,0.3759957801935473
21.525,-0.2,0.5449943104962927,0.5449943104962927
21.53,-0.2,0.6143455877243497,0.6143455877243497
21.535,-0.2,0.3575599149712637,0.3575599149712637
21.54,-0.2,0.153531701389798,0.153531701389798
21.545,-0.2,-0.06789520513938686,-0.06789520513938686
21.55,-0.2,-0.03150694195298406,-0.03150694195298406
21.555,-0.2,0.10004631778728713,0.10004631778728713
21.56,-0.2,0.40621070639939894,0.40621070639939894
21.565,-0.2,0.6007232650235479,0.6007232650235479
21.57,-0.2,0.4562247261411121,0.4562247261411121
21.575,-0.2,0.5410304690171233,0.5410304690171233
21.58,-0.2,0.3613423143960728,0.3613423143960728
21.585,-0.2,0.1572159741263602,0.1572159741263602
21.59,-0.2,0.030754728443446733,0.030754728443446733
21.595,-0.2,-0.011766249445472707,-0.011766249445472707
21.6,-0.2,0.1959295524866726,0.1959295524866726
21.605,-0.2,0.4090216980761895,0.4090216980761895
21.61,-0.2,0.7470839934190483,0.7470839934190483
21.615,-0.2,0.3075168220795441,0.3075168220795441
21.62,-0.2,0.14782260649996853,0.14782260649996853
21.625,-0.2,0.12827649636065136,0.12827649636065136
21.63,-0.2,-0.0807648556606979,-0.0807648556606979
21.635,-0.2,-0.06429865714413169,-0.06429865714413169
21.64,-0.2,0.30172273427157204,0.30172273427157204
21.645,-0.2,0.5249613606284834,0.5249613606284834
21.65,-0.2,0.5344804718079449,0.5344804718079449
21.655,-0.2,0.1512456286182588,0.1512456286182588
21.66,-0.2,0.3369453809124654,0.3369453809124654
21.665,-0.2,-0.25488561482065014,-0.25488561482065014
21.67,-0.2,-0.016692421729780027,-0.016692421729780027
21.675,-0.2,0.035905063516174125,0.035905063516174125
21.68,-0.2,0.21072187937365078,0.21072187937365078
21.685,-0.2,0.41814074703516124,0.41814074703516124
21.69,-0.2,0.38005061407612994,0.38005061407612994
21.695,-0.2,0.41606785198085056,0.41606785198085056
21.7,-0.2,0.06905021997108898,0.06905021997108898
21.705,-0.2,0.0371856101719068,0.0371856101719068
21.71,-0.2,-0.16713207255708562,-0.16713207255708562
21.715,-0.2,-0.1817719722635035,-0.1817719722635035
21.72,-0.2,0.09629197615010307,0.09629197615010307
21.725,-0.2,0.3280803013101692,0.3280803013101692
21.73,-0.2,0.6674871577122228,0.6674871577122228
21.735,-0.2,0.35168464319842335,0.35168464319842335
21.74,-0.2,0.19105739063059612,0.19105739063059612
21.745,-0.2,-0.1943872027411202,-0.1943872027411202
21.75,-0.2,-0.11276651792026143,-0.11276651792026143
21.755,-0.2,0.07217472815559958,0.07217472815559958
21.76,-0.2,0.14839687609361357,0.14839687609361357
21.765,-0.2,0.34971403472179635,0.34971403472179635
21.77,-0.2,0.6465057842858889,0.6465057842858889
21.775,-0.2,0.3926133015569252,0.3926133015569252
21.78,-0.2,0.24424455130403658,0.24424455130403658
21.785,-0.2,-0.16254789443719767,-0.16254789443719767
21.79,-0.2,-0.10026550596614084,-0.10026550596614084
21.795,-0.2,-0.031507410032159754,-0.031507410032159754
21.8,-0.2,0.2909864139015043,0.2909864139015043
21.805,-0.2,0.4863246211259053,0.4863246211259053
21.81,-0.2,0.47379713881857427,0.47379713881857427
21.815,-0.2,0.41134380186320946,0.41134380186320946
21.82,-0.2,0.11225043118294677,0.11225043118294677
21.825,-0.2,-0.20570554550783438,-0.20570554550783438
21.83,-0.2,-0.2383112826441239,-0.2383112826441239
21.835,-0.2,-0.026219581675732802,-0.026219581675732802
21.84,-0.2,0.05414447086920873,0.05414447086920873
21.845,-0.2,0.48129178754241064,0.48129178754241064
21.85,-0.2,0.542331910200389,0.542331910200389
21.855,-0.2,0.4954668489419168,0.4954668489419168
21.86,-0.2,0.2890403010223991,0.2890403010223991
21.865,-0.2,0.06441267795872918,0.06441267795872918
21.87,-0.2,-0.04161788021333451,-0.04161788021333451
21.875,-0.2,-0.1208996380201863,-0.1208996380201863
21.88,-0.2,0.09288809869174244,0.09288809869174244
21.885,-0.2,0.43838343575843997,0.43838343575843997
21.89,-0.2,0.5497548600406502,0.5497548600406502
21.895,-0.2,0.4138614965915533,0.4138614965915533
21.9,-0.2,0.2871179440158295,0.2871179440158295
21.905,-0.2,-0.04027825151691928,-0.04027825151691928
21.91,-0.2,-0.21030163397657756,-0.21030163397657756
21.915,-0.2,-0.05040911237091371,-0.05040911237091371
21.92,-0.2,0.17519792824149352,0.17519792824149352
21.925,-0.2,0.38555470570945344,0.38555470570945344
21.93,-0.2,0.5768799148165856,0.5768799148165856
21.935,-0.2,0.499548594094014,0.499548594094014
21.94,-0.2,0.23319336850161293,0.23319336850161293
21.945,-0.2,-0.15409241072592977,-0.15409241072592977
21.95,-0.2,-0.16052642492847574,-0.16052642492847574
21.955,-0.2,-0.07255236730518494,-0.07255236730518494
21.96,-0.2,0.39121077264357706,0.39121077264357706
21.965,-0.2,0.5857865304547939,0.5857865304547939
21.97,-0.2,0.6986225675624872,0.6986225675624872
21.975,-0.2,0.38365671628536663,0.38365671628536663
21.98,-0.2,0.2522714949115454,0.2522714949115454
21.985,-0.2,0.06737181026265926,0.06737181026265926
21.99,-0.2,-0.07506210395620382,-0.07506210395620382
21.995,-0.2,0.07739180492882948,0.07739180492882948
22.0,-0.2,0.2671785768373534,0.2671785768373534
22.005,-0.2,0.5315282063529276,0.5315282063529276
22.01,-0.2,0.6228639604056934,0.6228639604056934
22.015,-0.2,0.4815308999826729,0.4815308999826729
22.02,-0.2,0.2552280871524503,0.2552280871524503
22.025,-0.2,-0.1869014290445072,-0.1869014290445072
22.03,-0.2,-0.21326578741614383,-0.21326578741614383
22.035,-0.2,0.03727920819385341,0.03727920819385341
22.04,-0.2,0.2734666146231753,0.2734666146231753
22.045,-0.2,0.4897645067693417,0.4897645067693417
22.05,-0.2,0.6540252566604694,0.6540252566604694
22.055,-0.2,0.5009136005244321,0.5009136005244321
22.06,-0.2,0.0780299108954863,0.0780299108954863
22.065,-0.2,-0.2044922707781642,-0.2044922707781642
22.07,-0.2,-0.29416429640855635,-0.29416429640855635
22.075,-0.2,0.11877595154851073,0.11877595154851073
22.08,-0.2,0.30880515066485553,0.30880515066485553
22.085,-0.2,0.6130154970155836,0.6130154970155836
22.09,-0.2,0.37699221592248666,0.37699221592248666
22.095,-0.2,0.4466189151677605,0.4466189151677605
22.1,-0.2,0.17794364543402857,0.17794364543402857
22.105,-0.2,0.04205476965799315,0.04205476965799315
22.11,-0.2,0.10377436749128538,0.10377436749128538
22.115,-0.2,0.0369673001884525,0.0369673001884525
22.12,-0.2,0.3713933671274131,0.3713933671274131
22.125,-0.2,0.2135561809635252,0.2135561809635252
22.13,-0.2,0.6518531405589842,0.6518531405589842
22.135,-0.2,0.3768561536023975,0.3768561536023975
22.14,-0.2,0.37871439777537474,0.37871439777537474
22.145,-0.2,0.07199048417384057,0.07199048417384057
22.15,-0.2,-0.31371772129408093,-0.31371772129408093
22.155,-0.2,0.11680981355409314,0.11680981355409314
22.16,-0.2,0.204369012660044,0.204369012660044
22.165,-0.2,0.39479663112752705,0.39479663112752705
22.17,-0.2,0.7214340583197775,0.7214340583197775
22.175,-0.2,0.314531121558974,0.314531121558974
22.18,-0.2,0.5418479781166088,0.5418479781166088
22.185,-0.2,-0.08221175015681238,-0.08221175015681238
22.19,-0.2,-0.16576287171691204,-0.16576287171691204
22.195,-0.2,-0.08868002269612515,-0.08868002269612515
22.2,-0.2,0.11911609117301783,0.11911609117301783
22.205,-0.2,0.32835638586051463,0.32835638586051463
22.21,-0.2,0.5757506667675192,0.5757506667675192
22.215,-0.2,0.5371432682857018,0.5371432682857018
22.22,-0.2,0.23130598198751817,0.23130598198751817
22.225,-0.2,-0.15006140140937949,-0.15006140140937949
22.23,-0.2,0.09217541619487596,0.09217541619487596
22.235,-0.2,0.04583352026245576,0.04583352026245576
22.24,-0.2,0.3730527602777042,0.3730527602777042
22.245,-0.2,0.6091667351469136,0.6091667351469136
22.25,-0.2,0.5249526508772758,0.5249526508772758
22.255,-0.2,0.3672421006583726,0.3672421006583726
22.26,-0.2,0.1753559041718047,0.1753559041718047
22.265,-0.2,-0.03372269681531867,-0.03372269681531867
22.27,-0.2,-0.06438685190170418,-0.06438685190170418
22.275,-0.2,0.03966579273094316,0.03966579273094316
22.28,-0.2,0.3712285243638805,0.3712285243638805
22.285,-0.2,0.4693205285982903,0.4693205285982903
22.29,-0.2,0.6995987195533926,0.6995987195533926
22.295,-0.2,0.4251761611694837,0.4251761611694837
22.3,-0.2,0.188587596806013,0.188587596806013
22.305,-0.2,-0.10096396657033023,-0.10096396657033023
22.31,-0.2,-0.24628921075929572,-0.24628921075929572
22.315,-0.2,0.0352523980201008,0.0352523980201008
22.32,-0.2,0.1939876010001586,0.1939876010001586
22.325,-0.2,0.30500124858333066,0.30500124858333066
22.33,-0.2,0.5546576938580513,0.5546576938580513
22.335,-0.2,0.376254727571561,0.376254727571561
22.34,-0.2,0.30682511168493665,0.30682511168493665
22.345,-0.2,-0.09989008417596684,-0.09989008417596684
22.35,-0.2,-0.17784393973457302,-0.17784393973457302
22.355,-0.2,-0.18578557604748597,-0.18578557604748597
22.36,-0.2,0.19840122780675032,0.19840122780675032
22.365,-0.2,0.49367544747956255,0.49367544747956255
22.37,-0.2,0.3959601520603814,0.3959601520603814
22.375,-0.2,0.5280486449852619,0.5280486449852619
22.38,-0.2,0.1293891503929753,0.1293891503929753
22.385,-0.2,-0.021618309083672592,-0.021618309083672592
22.39,-0.2,-0.19462957282722024,-0.19462957282722024
22.395,-0.2,0.008295812749202644,0.008295812749202644
22.4,-0.2,0.23872530574521963,0.23872530574521963
22.405,-0.2,0.5603584821377912,0.5603584821377912
22.41,-0.2,0.6318181246660123,0.6318181246660123
22.415,-0.2,0.5750171403501952,0.5750171403501952
22.42,-0.2,0.2626818985153229,0.2626818985153229
22.425,-0.2,-0.08137423661414088,-0.08137423661414088
22.43,-0.2,-0.02058725999487096,-0.02058725999487096
22.435,-0.2,-0.1003446491176206,-0.1003446491176206
22.44,-0.2,0.3132793094944193,0.3132793094944193
22.445,-0.2,0.6551493033105582,0.6551493033105582
22.45,-0.2,0.3573152040133453,0.3573152040133453
22.455,-0.2,0.5436736451759612,0.5436736451759612
22.46,-0.2,0.2665465164633059,0.2665465164633059
22.465,-0.2,0.06429866600169054,0.06429866600169054
22.47,-0.2,0.02163031181892866,0.02163031181892866
22.475,-0.2,-0.16644678322518558,-0.16644678322518558
22.48,-0.2,0.3493966715976559,0.3493966715976559
22.485,-0.2,0.6241615455004599,0.6241615455004599
22.49,-0.2,0.5177134104725729,0.5177134104725729
22.495,-0.2,0.31820811194974086,0.31820811194974086
22.5,-0.2,0.1645444545842297,0.1645444545842297
22.505,-0.2,-0.1565749121754926,-0.1565749121754926
22.51,-0.2,0.01793239402758315,0.01793239402758315
22.515,-0.2,0.05479480642257588,0.05479480642257588
22.52,-0.2,0.33913759711593866,0.33913759711593866
22.525,-0.2,0.26005512001023934,0.26005512001023934
22.53,-0.2,0.7233770831265929,0.7233770831265929
22.535,-0.2,0.3670799941369145,0.3670799941369145
22.54,-0.2,0.35670987462231984,0.35670987462231984
22.545,-0.2,-0.14702676520575547,-0.14702676520575547
22.55,-0.2,-0.12483130553048807,-0.12483130553048807
22.555,-0.2,0.08881016051432099,0.08881016051432099
22.56,-0.2,0.21189276289211365,0.21189276289211365
22.565,-0.2,0.3337676811912744,0.3337676811912744
22.57,-0.2,0.6180328847308877,0.6180328847308877
22.575,-0.2,0.3769871682055897,0.3769871682055897
22.58,-0.2,0.14080994286545023,0.14080994286545023
22.585,-0.2,-0.054459439997670986,-0.054459439997670986
22.59,-0.2,-0.11595451014968955,-0.11595451014968955
22.595,-0.2,-0.00473725809578935,-0.00473725809578935
22.6,-0.2,0.2681192893564227,0.2681192893564227
22.605,-0.2,0.5092039036762966,0.5092039036762966
22.61,-0.2,0.6358923040391431,0.6358923040391431
22.615,-0.2,0.6016896542579038,0.6016896542579038
22.62,-0.2,0.2356391613351981,0.2356391613351981
22.625,-0.2,0.0006277440835360942,0.0006277440835360942
22.63,-0.2,-0.21970650978712727,-0.21970650978712727
22.635,-0.2,-0.05574087542799136,-0.05574087542799136
22.64,-0.2,0.3362194140975103,0.3362194140975103
22.645,-0.2,0.47990437371758327,0.47990437371758327
22.65,-0.2,0.566905701697126,0.566905701697126
22.655,-0.2,0.44728877250352295,0.44728877250352295
22.66,-0.2,0.19838295320135935,0.19838295320135935
22.665,-0.2,-0.12961958248080244,-0.12961958248080244
22.67,-0.2,-0.2262514265818471,-0.2262514265818471
22.675,-0.2,0.11187432227367788,0.11187432227367788
22.68,-0.2,0.16129183799848,0.16129183799848
22.685,-0.2,0.20612637551099766,0.20612637551099766
22.69,-0.2,0.6735155164011465,0.6735155164011465
22.695,-0.2,0.35869052626918857,0.35869052626918857
22.7,-0.2,0.23841171003080125,0.23841171003080125
22.705,-0.2,-0.23723298544163243,-0.23723298544163243
22.71,-0.2,-0.12237487964454109,-0.12237487964454109
22.715,-0.2,0.14620497953722883,0.14620497953722883
22.72,-0.2,0.34492596148430876,0.34492596148430876
22.725,-0.2,0.47428616905738563,0.47428616905738563
22.73,-0.2,0.5306664164953734,0.5306664164953734
22.735,-0.2,0.5793906481923685,0.5793906481923685
22.74,-0.2,0.3029993154691049,0.3029993154691049
22.745,-0.2,-0.23975900625700153,-0.23975900625700153
22.75,-0.2,-0.07719530553047065,-0.07719530553047065
22.755,-0.2,0.046262754078286714,0.046262754078286714
22.76,-0.2,0.29826613865339596,0.29826613865339596
22.765,-0.2,0.5079633230735374,0.5079633230735374
22.77,-0.2,0.5626551434356992,0.5626551434356992
22.775,-0.2,0.4689660330565252,0.4689660330565252
22.78,-0.2,0.24817847868018172,0.24817847868018172
22.785,-0.2,-0.01698963356751218,-0.01698963356751218
22.79,-0.2,-0.09881828435938886,-0.09881828435938886
22.795,-0.2,0.0008803086769047647,0.0008803086769047647
22.8,-0.2,0.36379584353598426,0.36379584353598426
22.805,-0.2,0.5718731292249986,0.5718731292249986
22.81,-0.2,0.6880979048601774,0.6880979048601774
22.815,-0.2,0.6122804364856399,0.6122804364856399
22.82,-0.2,0.29427701847823895,0.29427701847823895
22.825,-0.2,-0.08397637403761615,-0.08397637403761615
22.83,-0.2,-0.046172679061773164,-0.046172679061773164
22.835,-0.2,0.04054923733032309,0.04054923733032309
22.84,-0.2,0.4797470391471629,0.4797470391471629
22.845,-0.2,0.5984252654027026,0.5984252654027026
22.85,-0.2,0.6860305876825952,0.6860305876825952
22.855,-0.2,0.4208121012572806,0.4208121012572806
22.86,-0.2,0.3205315969818378,0.3205315969818378
22.865,-0.2,0.14355914053370472,0.14355914053370472
22.87,-0.2,-0.2798175286153546,-0.2798175286153546
22.875,-0.2,-0.15203925323647954,-0.15203925323647954
22.88,-0.2,0.3480960310463459,0.3480960310463459
22.885,-0.2,0.45830059245335425,0.45830059245335425
22.89,-0.2,0.6855614446700171,0.6855614446700171
22.895,-0.2,0.4727926645735926,0.4727926645735926
22.9,-0.2,0.2877748708589961,0.2877748708589961
22.905,-0.2,-0.0521245506841366,-0.0521245506841366
22.91,-0.2,-0.036494902965691384,-0.036494902965691384
22.915,-0.2,-0.052282739368948075,-0.052282739368948075
22.92,-0.2,0.33448854760805824,0.33448854760805824
22.925,-0.2,0.5439897109022168,0.5439897109022168
22.93,-0.2,0.8336312750727239,0.8336312750727239
22.935,-0.2,0.5503219071303345,0.5503219071303345
22.94,-0.2,0.05013861305707476,0.05013861305707476
22.945,-0.2,-0.09083446988131302,-0.09083446988131302
22.95,-0.2,-0.10428558244920179,-0.10428558244920179
22.955,-0.2,0.21922209895745273,0.21922209895745273
22.96,-0.2,0.15961651325584367,0.15961651325584367
22.965,-0.2,0.7074058893845874,0.7074058893845874
22.97,-0.2,0.6803995164650114,0.6803995164650114
22.975,-0.2,0.4628105611399553,0.4628105611399553
22.98,-0.2,0.3832282568913584,0.3832282568913584
22.985,-0.2,0.005822675738164045,0.005822675738164045
22.99,-0.2,0.0886252772695291,0.0886252772695291
22.995,-0.2,0.20093470543936495,0.20093470543936495
23.0,-0.2,0.37915955221794295,0.37915955221794295
23.005,-0.2,0.5574281367361925,0.5574281367361925
23.01,-0.2,0.646067664526722,0.646067664526722
23.015,-0.2,0.5984220158178131,0.5984220158178131
23.02,-0.2,0.19948910142185441,0.19948910142185441
23.025,-0.2,0.15694560405889355,0.15694560405889355
23.03,-0.2,0.024941233366687715,0.024941233366687715
23.035,-0.2,0.17067216676171343,0.17067216676171343
23.04,-0.2,0.30095992012386563,0.30095992012386563
23.045,-0.2,0.5426772723016547,0.5426772723016547
23.05,-0.2,0.5898358949124671,0.5898358949124671
23.055,-0.2,0.4862150507834254,0.4862150507834254
23.06,-0.2,0.2361973819791182,0.2361973819791182
23.065,-0.2,0.0961690187125378,0.0961690187125378
23.07,-0.2,-0.1173300468883259,-0.1173300468883259
23.075,-0.2,0.036662544539667316,0.036662544539667316
23.08,-0.2,0.20207592335280972,0.20207592335280972
23.085,-0.2,0.5730556962030254,0.5730556962030254
23.09,-0.2,0.6840309254473462,0.6840309254473462
23.095,-0.2,0.5145630587554714,0.5145630587554714
23.1,-0.2,0.18318516604308327,0.18318516604308327
23.105,-0.2,0.03178491875578227,0.03178491875578227
23.11,-0.2,-0.04604820193931894,-0.04604820193931894
23.115,-0.2,-0.007753679629399072,-0.007753679629399072
23.12,-0.2,0.2567204273847602,0.2567204273847602
23.125,-0.2,0.4433287688526159,0.4433287688526159
23.13,-0.2,0.6457689208392839,0.6457689208392839
23.135,-0.2,0.41734035314933526,0.41734035314933526
23.14,-0.2,0.3336721622956966,0.3336721622956966
23.145,-0.2,0.08511374654131776,0.08511374654131776
23.15,-0.2,-0.08981466451641859,-0.08981466451641859
23.155,-0.2,-0.12867253336453388,-0.12867253336453388
23.16,-0.2,0.19739976750105515,0.19739976750105515
23.165,-0.2,0.41288427106784187,0.41288427106784187
23.17,-0.2,0.6300285201771528,0.6300285201771528
23.175,-0.2,0.5186879818323775,0.5186879818323775
23.18,-0.2,0.2764905892484092,0.2764905892484092
23.185,-0.2,-0.1456291667670645,-0.1456291667670645
23.19,-0.2,0.13279509555840224,0.13279509555840224
23.195,-0.2,0.09379517322825774,0.09379517322825774
23.2,-0.2,0.25074477505870524,0.25074477505870524
23.205,-0.2,0.49643778019970525,0.49643778019970525
23.21,-0.2,0.6613569793692317,0.6613569793692317
23.215,-0.2,0.5330200662131643,0.5330200662131643
23.22,-0.2,0.2462280125055441,0.2462280125055441
23.225,-0.2,-0.19995229604225337,-0.19995229604225337
23.23,-0.2,-0.11451255233633093,-0.11451255233633093
23.235,-0.2,-0.04351573608962041,-0.04351573608962041
23.24,-0.2,0.22403501140068738,0.22403501140068738
23.245,-0.2,0.6753772626912076,0.6753772626912076
23.25,-0.2,0.5598939881178341,0.5598939881178341
23.255,-0.2,0.7135621900647574,0.7135621900647574
23.26,-0.2,0.12417789544953084,0.12417789544953084
23.265,-0.2,-0.11772324878436861,-0.11772324878436861
23.27,-0.2,-0.03285239651767671,-0.03285239651767671
23.275,-0.2,0.06379940882479966,0.06379940882479966
23.28,-0.2,0.24320311124299657,0.24320311124299657
23.285,-0.2,0.46113704420251866,0.46113704420251866
23.29,-0.2,0.5375711588367473,0.5375711588367473
23.295,-0.2,0.4171534928762342,0.4171534928762342
23.3,-0.2,0.22953059930202072,0.22953059930202072
23.305,-0.2,0.045314776444225796,0.045314776444225796
23.31,-0.2,-0.0739625208933349,-0.0739625208933349
23.315,-0.2,0.017835580504936853,0.017835580504936853
23.32,-0.2,0.20479937027010636,0.20479937027010636
23.325,-0.2,0.3895380527435068,0.3895380527435068
23.33,-0.2,0.5426212332919111,0.5426212332919111
23.335,-0.2,0.46605676931512324,0.46605676931512324
23.34,-0.2,0.16476242514704917,0.16476242514704917
23.345,-0.2,-0.22036863622539288,-0.22036863622539288
23.35,-0.2,-0.21552700169847785,-0.21552700169847785
23.355,-0.2,-0.06573959072027333,-0.06573959072027333
23.36,-0.2,0.2958572501402745,0.2958572501402745
23.365,-0.2,0.48312342984419165,0.48312342984419165
23.37,-0.2,0.5309043380169463,0.5309043380169463
23.375,-0.2,0.5702977393539058,0.5702977393539058
23.38,-0.2,0.19092885237150264,0.19092885237150264
23.385,-0.2,0.07594006365819486,0.07594006365819486
23.39,-0.2,-0.2972538986364489,-0.2972538986364489
23.395,-0.2,-0.06853955110966858,-0.06853955110966858
23.4,-0.2,0.23045279436828722,0.23045279436828722
23.405,-0.2,0.5202841116635828,0.5202841116635828
23.41,-0.2,0.6638015928361444,0.6638015928361444
23.415,-0.2,0.5637350784251858,0.5637350784251858
23.42,-0.2,0.3326960987046419,0.3326960987046419
23.425,-0.2,-0.12789262520126374,-0.12789262520126374
23.43,-0.2,-0.09437898280823355,-0.09437898280823355
23.435,-0.2,0.006275739520352791,0.006275739520352791
23.44,-0.2,0.28797234587299675,0.28797234587299675
23.445,-0.2,0.4014434360678826,0.4014434360678826
23.45,-0.2,0.633216986893782,0.633216986893782
23.455,-0.2,0.550365019365649,0.550365019365649
23.46,-0.2,0.191556812327592,0.191556812327592
23.465,-0.2,0.045275402606031884,0.045275402606031884
23.47,-0.2,-0.1459377814887764,-0.1459377814887764
23.475,-0.2,0.05930448139542051,0.05930448139542051
23.48,-0.2,0.33579397338113415,0.33579397338113415
23.485,-0.2,0.4130914365178023,0.4130914365178023
23.49,-0.2,0.518822054210056,0.518822054210056
23.495,-0.2,0.39772144822101174,0.39772144822101174
23.5,-0.2,0.33971038575506557,0.33971038575506557
23.505,-0.2,0.10407465521249079,0.10407465521249079
23.51,-0.2,-0.11160977115628964,-0.11160977115628964
23.515,-0.2,0.018864561517603254,0.018864561517603254
23.52,-0.2,0.32755371830316815,0.32755371830316815
23.525,-0.2,0.4941838374852927,0.4941838374852927
23.53,-0.2,0.6966792949086688,0.6966792949086688
23.535,-0.2,0.5764006832024312,0.5764006832024312
23.54,-0.2,0.17718325615031547,0.17718325615031547
23.545,-0.2,-0.21147084172727298,-0.21147084172727298
23.55,-0.2,-0.1455923997873146,-0.1455923997873146
23.555,-0.2,0.0029384331639183327,0.0029384331639183327
23.56,-0.2,0.10528306355510422,0.10528306355510422
23.565,-0.2,0.6992337607656074,0.6992337607656074
23.57,-0.2,0.5942769301539172,0.5942769301539172
23.575,-0.2,0.4789386561613367,0.4789386561613367
23.58,-0.2,0.1194989803275816,0.1194989803275816
23.585,-0.2,-0.14295375151219974,-0.14295375151219974
23.59,-0.2,-0.18501639989459814,-0.18501639989459814
23.595,-0.2,-0.06684085819026495,-0.06684085819026495
23.6,-0.2,0.2780901017419151,0.2780901017419151
23.605,-0.2,0.4391041654157779,0.4391041654157779
23.61,-0.2,0.7487281138142455,0.7487281138142455
23.615,-0.2,0.46238471788008934,0.46238471788008934
23.62,-0.2,0.25588907592313404,0.25588907592313404
23.625,-0.2,0.1119220742762729,0.1119220742762729
23.63,-0.2,-0.18073872731375173,-0.18073872731375173
23.635,-0.2,-0.010815114001634651,-0.010815114001634651
23.64,-0.2,0.21637930107804998,0.21637930107804998
23.645,-0.2,0.44000137398689565,0.44000137398689565
23.65,-0.2,0.7052580437420649,0.7052580437420649
23.655,-0.2,0.33238769745182484,0.33238769745182484
23.66,-0.2,0.2816570372792642,0.2816570372792642
23.665,-0.2,-0.13007633237038496,-0.13007633237038496
23.67,-0.2,-0.10918205793721157,-0.10918205793721157
23.675,-0.2,-0.09314160061450955,-0.09314160061450955
23.68,-0.2,0.2528582078223562,0.2528582078223562
23.685,-0.2,0.4239948084616928,0.4239948084616928
23.69,-0.2,0.42323409179898847,0.42323409179898847
23.695,-0.2,0.39517014673178225,0.39517014673178225
23.7,-0.2,0.105827414035807,0.105827414035807
23.705,-0.2,-0.22282104650676168,-0.22282104650676168
23.71,-0.2,-0.06021544942559687,-0.06021544942559687
23.715,-0.2,-0.1487791845386662,-0.1487791845386662
23.72,-0.2,0.3067808396219196,0.3067808396219196
23.725,-0.2,0.39595907425113797,0.39595907425113797
23.73,-0.2,0.5584100643797735,0.5584100643797735
23.735,-0.2,0.5075057904216824,0.5075057904216824
23.74,-0.2,0.12687990343444755,0.12687990343444755
23.745,-0.2,-0.0786569889928472,-0.0786569889928472
23.75,-0.2,-0.2460331693680647,-0.2460331693680647
23.755,-0.2,-0.11075422817612529,-0.11075422817612529
23.76,-0.2,0.41879889549828686,0.41879889549828686
23.765,-0.2,0.4676263675835834,0.4676263675835834
23.77,-0.2,0.5999914830541313,0.5999914830541313
23.775,-0.2,0.4144665443367953,0.4144665443367953
23.78,-0.2,0.16249813391196066,0.16249813391196066
23.785,-0.2,0.15130150317652039,0.15130150317652039
23.79,-0.2,-0.08321126524242058,-0.08321126524242058
23.795,-0.2,-0.01596073615913434,-0.01596073615913434
23.8,-0.2,0.2887111611042783,0.2887111611042783
23.805,-0.2,0.46918258892035836,0.46918258892035836
23.81,-0.2,0.5116808082331276,0.5116808082331276
23.815,-0.2,0.5784166961259855,0.5784166961259855
23.82,-0.2,0.23839304401853256,0.23839304401853256
23.825,-0.2,-0.05833569305488027,-0.05833569305488027
23.83,-0.2,-0.01766598222465371,-0.01766598222465371
23.835,-0.2,0.034142378789615756,0.034142378789615756
23.84,-0.2,0.35526079548825795,0.35526079548825795
23.845,-0.2,0.46744522656088494,0.46744522656088494
23.85,-0.2,0.7312844075622995,0.7312844075622995
23.855,-0.2,0.5715480465767442,0.5715480465767442
23.86,-0.2,0.2697065943833622,0.2697065943833622
23.865,-0.2,0.0003977667207359231,0.0003977667207359231
23.87,-0.2,-0.19744671340296574,-0.19744671340296574
23.875,-0.2,0.015906200148129882,0.015906200148129882
23.88,-0.2,0.3165139879712009,0.3165139879712009
23.885,-0.2,0.4360820197936423,0.4360820197936423
23.89,-0.2,0.7338121570505532,0.7338121570505532
23.895,-0.2,0.7221840085881801,0.7221840085881801
23.9,-0.2,0.0772445693840006,0.0772445693840006
23.905,-0.2,-0.0847966697332449,-0.0847966697332449
23.91,-0.2,-0.10109787706771767,-0.10109787706771767
23.915,-0.2,-0.10461318128896537,-0.10461318128896537
23.92,-0.2,0.3814416481586785,0.3814416481586785
23.925,-0.2,0.5724816488403649,0.5724816488403649
23.93,-0.2,0.639200722257229,0.639200722257229
23.935,-0.2,0.30673946126306506,0.30673946126306506
23.94,-0.2,0.16535099699314162,0.16535099699314162
23.945,-0.2,-0.048217182702757024,-0.048217182702757024
23.95,-0.2,-0.07564184827885484,-0.07564184827885484
23.955,-0.2,-0.06774825158940996,-0.06774825158940996
23.96,-0.2,0.28133840693755074,0.28133840693755074
23.965,-0.2,0.5284080256577909,0.5284080256577909
23.97,-0.2,0.5439504577665546,0.5439504577665546
23.975,-0.2,0.4235097903627753,0.4235097903627753
23.98,-0.2,0.2751920743061316,0.2751920743061316
23.985,-0.2,-0.018659308474231598,-0.018659308474231598
23.99,-0.2,-0.13896848353074467,-0.13896848353074467
23.995,-0.2,-0.10797327624114389,-0.10797327624114389
24.0,-0.2,0.15401337611644483,0.15401337611644483
24.005,-0.2,0.5942509967217329,0.5942509967217329
24.01,-0.2,0.6712903939596261,0.6712903939596261
24.015,-0.2,0.44953069759998276,0.44953069759998276
24.02,-0.2,0.13340990247079512,0.13340990247079512
24.025,-0.2,0.08571745241312434,0.08571745241312434
24.03,-0.2,-0.2692998591749732,-0.2692998591749732
24.035,-0.2,0.049191448135895904,0.049191448135895904
24.04,-0.2,0.08078363176072934,0.08078363176072934
24.045,-0.2,0.45581627410315,0.45581627410315
24.05,-0.2,0.4105390808320757,0.4105390808320757
24.055,-0.2,0.6174555675610947,0.6174555675610947
24.06,-0.2,0.16194943531988562,0.16194943531988562
24.065,-0.2,0.05586761492185087,0.05586761492185087
24.07,-0.2,-0.2636158261294786,-0.2636158261294786
24.075,-0.2,-0.05773198976942855,-0.05773198976942855
24.08,-0.2,0.366717451987023,0.366717451987023
24.085,-0.2,0.46731124825660664,0.46731124825660664
24.09,-0.2,0.503313514611165,0.503313514611165
24.095,-0.2,0.35937073643763967,0.35937073643763967
24.1,-0.2,0.1421853072335866,0.1421853072335866
24.105,-0.2,-0.07070859192767091,-0.07070859192767091
24.11,-0.2,0.06851493775719794,0.06851493775719794
24.115,-0.2,0.02168309534186867,0.02168309534186867
24.12,-0.2,0.24135060619964044,0.24135060619964044
24.125,-0.2,0.31133931115891766,0.31133931115891766
24.13,-0.2,0.385280241695832,0.385280241695832
24.135,-0.2,0.3943632357522565,0.3943632357522565
24.14,-0.2,0.10090695938023486,0.10090695938023486
24.145,-0.2,-0.0076038558483179156,-0.0076038558483179156
24.15,-0.2,-0.17386377380930734,-0.17386377380930734
24.155,-0.2,0.1136682503607215,0.1136682503607215
24.16,-0.2,0.07308675473155637,0.07308675473155637
24.165,-0.2,0.3882650721031339,0.3882650721031339
24.17,-0.2,0.46902253651267944,0.46902253651267944
24.175,-0.2,0.3117663329132706,0.3117663329132706
24.18,-0.2,0.1726454620456917,0.1726454620456917
24.185,-0.2,-0.10579310615139051,-0.10579310615139051
24.19,-0.2,-0.24563413333301362,-0.24563413333301362
24.195,-0.2,-0.14791126661081916,-0.14791126661081916
24.2,-0.2,0.24479865910120197,0.24479865910120197
24.205,-0.2,0.5703131670156576,0.5703131670156576
24.21,-0.2,0.4023987424711829,0.4023987424711829
24.215,-0.2,0.4618580741643274,0.4618580741643274
24.22,-0.2,-0.05951545194524252,-0.05951545194524252
24.225,-0.2,-0.19342005121304168,-0.19342005121304168
24.23,-0.2,-0.273657136564012,-0.273657136564012
24.235,-0.2,-0.00908476043837729,-0.00908476043837729
24.24,-0.2,0.3929031344678249,0.3929031344678249
24.245,-0.2,0.5161165201206811,0.5161165201206811
24.25,-0.2,0.6015114159261256,0.6015114159261256
24.255,-0.2,0.46936681178397405,0.46936681178397405
24.26,-0.2,0.11336600780718616,0.11336600780718616
24.265,-0.2,-0.032692773028597674,-0.032692773028597674
24.27,-0.2,-0.24863889752759377,-0.24863889752759377
24.275,-0.2,0.005863322515094194,0.005863322515094194
24.28,-0.2,0.25874064868225644,0.25874064868225644
24.285,-0.2,0.5808053111768012,0.5808053111768012
24.29,-0.2,0.4861870784668534,0.4861870784668534
