t,reference,measured,noisy
34.91,0.2,-8.292123415242735e-06,-0.26544158079352137
34.915,0.2,-6.774644430109824e-05,-0.1540202239364325
34.92,0.2,-0.0002734688972804897,-0.04821193126798311
34.925,0.2,-0.0007395661139421418,0.18457174382595867
34.93,0.2,-0.0015242408676470033,0.3213642997498611
34.935,0.2,-0.0025658870027892556,0.278438371593431
34.94,0.2,-0.003681196825486556,-0.007204367972563702
34.945,0.2,-0.004639331564245965,-0.1034153389277329
34.95,0.2,-0.00526263743334671,-0.17705327968712184
34.955,0.2,-0.005490183743634652,-0.284269339072447
34.96,0.2,-0.0053794681405901655,0.1650646967535133
34.965,0.2,-0.00504338280285072,0.10865020698381472
34.97,0.2,-0.004554500507316862,0.43397890365872555
34.975,0.2,-0.0038772080490238198,0.2834805970780138
34.98,0.2,-0.00287101629624007,-0.09713489608678505
34.985,0.2,-0.0013759652642144305,-0.12873907608456572
34.99,0.2,0.0006773836161576597,-0.2742411330482649
34.995,0.2,0.003217613624495353,-0.1007430903795838
35.0,0.2,0.00605870484558044,-0.0801695758800606
35.005,0.2,0.00897431141444683,0.285220318363999
35.01,0.2,0.011789146688895977,0.2365105630704757
35.015,0.2,0.014444958480759154,0.3012469078891013
35.02,0.2,0.017000909659770882,0.008745465564230413
35.025,0.2,0.01956448622879344,-0.18629836656200566
35.03,0.2,0.022190468196529506,-0.30764100997529326
35.035,0.2,0.02481434664083224,-0.07516913875202903
35.04,0.2,0.027269419327459587,-0.036622030537131686
35.045,0.2,0.02936943142902309,0.2881950750571746
35.05,0.2,0.031007822978350745,0.4727637999248523
35.055,0.2,0.03223163558003853,0.31381354654259486
35.06,0.2,0.0332396957935981,0.11714829311088962
35.065,0.2,0.03428980856563675,-0.16322132682703178
35.07,0.2,0.03557119179659375,-0.29427813359958527
35.075,0.2,0.03712054069578594,-0.09717469776143994
35.08,0.2,0.0388303129725599,0.006790019956646229
35.085,0.2,0.040534011511278674,0.23066617290169755
35.09,0.2,0.042109507740945934,0.4049772843738633
35.095,0.2,0.043550941722847264,0.27092410019415203
35.1,0.2,0.04497160692507961,0.085799426424829
35.105,0.2,0.04653941389709564,0.182172195535511
35.11,0.2,0.048401971354181256,-0.12866221660007915
35.115,0.2,0.05063052401096033,-0.1922252959335378
35.12,0.2,0.05318635064852175,0.10246219353435998
35.125,0.2,0.05595134709716001,0.28684836413698234
35.13,0.2,0.05882435713501636,0.4243911977631428
35.135,0.2,0.06180227194977308,0.29416029515935516
35.14,0.2,0.06497758166475548,0.0042661881716294925
35.145,0.2,0.06845853739346551,-0.02131072398825548
35.15,0.2,0.07227907187937951,-0.15263316840491628
35.155,0.2,0.07635534084510058,-0.16047199105639814
35.16,0.2,0.08049721860764235,0.10315003843118563
35.165,0.2,0.08447156312404278,0.21242554235579725
35.17,0.2,0.08809543444393328,0.41309546264559993
35.175,0.2,0.0913022207400531,0.1564171246807025
35.18,0.2,0.09413247656557473,0.04863195126250601
35.185,0.2,0.09665860222863017,-0.11151991930223698
35.19,0.2,0.09890209991470224,-0.18826457223194465
35.195,0.2,0.10079484857264052,-0.011187409368351928
35.2,0.2,0.1022072571823501,0.22481232775893398
35.205,0.2,0.10303130665853238,0.3137920467013185
35.21,0.2,0.10326299303443151,0.4237611169440253
35.215,0.2,0.10303335661439286,0.291784472879406
35.22,0.2,0.10257554729378822,0.12420230893487881
35.225,0.2,0.10214006215563234,-0.13363263474309878
35.23,0.2,0.10189818104996783,-0.06322929939714542
35.235,0.2,0.10189100943147229,-0.08055623457770791
35.24,0.2,0.10205468830657034,0.31197988876185967
35.245,0.2,0.10230712607467332,0.378552964703158
35.25,0.2,0.10264340207073486,0.46869548383598064
35.255,0.2,0.10317948559213738,0.40392417449036666
35.26,0.2,0.1041199610542409,0.03393970724749161
35.265,0.2,0.10565661219950473,-0.2736151395003014
35.27,0.2,0.10784197359942324,-0.26808631075528255
35.275,0.2,0.11052606838719246,-0.12124267215474635
35.28,0.2,0.11340942379823954,0.22640441592969499
35.285,0.2,0.11617387842258081,0.28777429864113574
35.29,0.2,0.11860380482210606,0.3951557788015112
35.295,0.2,0.12064209372252349,0.46504277912424846
35.3,0.2,0.12238163987903575,0.2016010551257993
35.305,0.2,0.12399303020194391,-0.20499662840045246
35.31,0.2,0.1255990819624456,-0.2143555917091079
35.315,0.2,0.12718477650538884,0.12792544444071652
35.32,0.2,0.1286272602135796,0.1673061266849768
35.325,0.2,0.12980129271224003,0.34418623007966703
35.33,0.2,0.13066222286829776,0.36230432410521013
35.335,0.2,0.13127395529262523,0.3360858395460195
35.34,0.2,0.1317941055309831,0.36169767689560484
35.345,0.2,0.1324246094715399,-0.08963364257878709
35.35,0.2,0.13332633414890044,-0.14886493198131878
35.355,0.2,0.1345317102109618,-0.10321438920528142
35.36,0.2,0.13592970796609072,0.14538687458371283
35.365,0.2,0.13734390839722874,0.3564179177466178
35.37,0.2,0.13864357845879813,0.40730411288943646
35.375,0.2,0.13981310440589886,0.33327737340246355
35.38,0.2,0.1409475114367183,0.2835136133377969
35.385,0.2,0.1421921046473979,-0.019461815362621246
35.39,0.2,0.14365542396014655,-0.1581279306812213
35.395,0.2,0.14533559705563998,0.037111199518079924
35.4,0.2,0.14711620918235888,0.10365540224795214
35.405,0.2,0.14884119034650192,0.49670896859781455
35.41,0.2,0.1504175343096963,0.43240585775754986
35.415,0.2,0.15187675511955842,0.3121423143209823
35.42,0.2,0.15334950736977068,0.130739059493696
35.425,0.2,0.15498246782314887,0.14955181438537363
35.43,0.2,0.15686756648731226,-0.013273568166534175
35.435,0.2,0.15900940124103463,0.021669780697366026
35.44,0.2,0.16132541413589988,0.136472378377583
35.445,0.2,0.16368635280696475,0.36393188256149955
35.45,0.2,0.16599263077339302,0.5091450002666644
35.455,0.2,0.1682403413657546,0.31870314963048657
35.46,0.2,0.17052290296094078,0.2825778884168264
35.465,0.2,0.17295942899864994,-0.24212325435722926
35.47,0.2,0.17558637060373483,-0.17630767447584622
35.475,0.2,0.1782836680383583,-0.046741274446091524
35.48,0.2,0.1808067241288579,0.321172316872239
35.485,0.2,0.18291014566933303,0.43933528974112424
35.49,0.2,0.18446830635966963,0.4443816271636354
35.495,0.2,0.18551759132790802,0.3857923764458222
35.5,0.2,0.18621578833287053,0.1625035779498958
35.505,0.2,0.1867571063743027,0.10984776236436222
35.51,0.2,0.18728206759957908,-0.22860305227195743
35.515,0.2,0.18780633890171494,-0.16784805338438058
35.52,0.2,0.18820221474966511,0.15492223503528962
35.525,0.2,0.18827162687944118,0.4049279609379368
35.53,0.2,0.18787694124605156,0.49928238638948136
35.535,0.2,0.18703151569302118,0.41234344660609795
35.54,0.2,0.18589402875490782,0.2202005754502409
35.545,0.2,0.18469094916578188,0.20772863764123992
35.55,0.2,0.1836250596238732,-0.09766803170572544
35.555,0.2,0.18280766547345523,0.06765146069464402
35.56,0.2,0.1822362734910923,0.059917263409661636
35.565,0.2,0.18183381956742248,0.4082054382409931
35.57,0.2,0.18153237828965607,0.45623132063942523
35.575,0.2,0.1813480559691863,0.41512543851251726
35.58,0.2,0.18139341052980787,0.2698299902048622
35.585,0.2,0.18181950010515843,0.03481003876216498
35.59,0.2,0.18272640875348134,-0.06974038616180717
35.595,0.2,0.1840977030804966,0.0755737989033817
35.6,0.2,0.1858049404044295,0.1980583934056992
35.605,0.2,0.18767587769334643,0.30862307766037006
35.61,0.2,0.18957336630007166,0.42030118186601306
35.615,0.2,0.19144282439136748,0.3248923675082002
35.62,0.2,0.19330876027115487,0.1604907864237416
35.625,0.2,0.19522172328835885,0.06823976497651725
35.63,0.2,0.19718787088181874,-0.13263047690252167
35.635,0.2,0.19911467659934345,-0.18191877575581794
35.64,0.2,0.20080072895016116,0.19130826112965546
35.645,0.2,0.20200568609736103,0.5025400697431581
35.65,0.2,0.20258283138594174,0.6388502351969014
35.655,0.2,0.20256591763353474,0.11991470766843487
35.66,0.2,0.2021206505203576,0.07501728474879968
35.665,0.2,0.2014169384877771,0.07636513077325359
35.67,0.2,0.20054869455850374,0.03552573908879933
35.675,0.2,0.19952689891122147,-0.012171396108860042
35.68,0.2,0.19830525736116048,0.35804565960204937
35.685,0.2,0.1968367278194284,0.35128256453782525
35.69,0.2,0.19514504189068918,0.48711565885183256
35.695,0.2,0.19335826571649037,0.355576817404449
35.7,0.2,0.1916858648606081,0.32895143523334947
35.705,0.2,0.19035979625424237,0.11797987720324501
35.71,0.2,0.18956065506868494,-0.06184965023390746
35.715,0.2,0.1893531858641147,0.03729836289511229
35.72,0.2,0.18967584974832963,0.28553928105170984
35.725,0.2,0.19040451479361611,0.3140026961277312
35.73,0.2,0.19144626481796972,0.67646551065417
35.735,0.2,0.19280288037983395,0.23412013898972944
35.74,0.2,0.1945541993388209,0.05952571590836428
35.745,0.2,0.1967609350214949,-0.04259887608770284
35.75,0.2,0.199368591328612,-0.18644466961579886
35.755,0.2,0.20216910479385644,-0.29984957204649876
35.76,0.2,0.204817622094616,0.1405704247955883
35.765,0.2,0.20691683340702532,0.2479513537073458
35.77,0.2,0.20814526856158236,0.3844672278330708
35.775,0.2,0.208346867834998,0.36485101810258164
35.78,0.2,0.2075348536137476,0.08486460078762227
35.785,0.2,0.2058191365845116,-0.0671433655787122
35.79,0.2,0.20330490342079427,-0.06497752042264449
35.795,0.2,0.20002965038340986,-0.10938902730590844
35.8,0.2,0.19596750205011115,0.18694200142512532
35.805,0.2,0.19109557262111343,0.5368784242804575
35.81,0.2,0.1854982245569945,0.5766360349521135
35.815,0.2,0.17943765077472615,0.49827867246466173
35.82,0.2,0.17333268916723732,0.45002642883276417
35.825,0.2,0.16765964999520652,-0.11818132013272269
35.83,0.2,0.1628157363110654,-0.026471313705654947
35.835,0.2,0.15900667623133485,-0.20743050844659536
35.84,0.2,0.1562283563019266,0.25906416856209524
35.845,0.2,0.15435214069647907,0.35201394707690914
35.85,0.2,0.15325453734281871,0.5484696089574649
35.855,0.2,0.15290015297121862,0.15084289067850704
35.86,0.2,0.15332191119280827,0.14767497174358007
35.865,0.2,0.15454086610730558,0.10640516320753644
35.87,0.2,0.15650560769616523,-0.12091466103639018
35.875,0.2,0.1590661085127986,-0.06195789990121349
35.88,0.2,0.16198200712012853,0.31333020341894036
35.885,0.2,0.1649973214593319,0.4615874689938255
35.89,0.2,0.16795237720867104,0.5633916137822722
35.895,0.2,0.17083910288345147,0.21561416549659815
35.9,0.2,0.17375878022943916,0.322870149604421
35.905,0.2,0.17682870599830025,-0.11758344548055433
35.91,0.2,0.18009299389861846,-0.061974648455025455
35.915,0.2,0.18346915874242484,-0.02980019969537868
35.92,0.2,0.18676320480761802,0.190095817705632
35.925,0.2,0.18974988214032185,0.33035902002043566
35.93,0.2,0.19226900734732624,0.5143505095567036
35.935,0.2,0.19428655680710802,0.2730267555285354
35.94,0.2,0.19588388901682946,0.20566690790936254
35.945,0.2,0.19718733323851953,0.12743384941919933
35.95,0.2,0.19829919270747012,0.1125386979680841
35.955,0.2,0.1992649269005511,0.025324896533323392
35.96,0.2,0.2000703264651277,0.21374229411479242
35.965,0.2,0.20067253153940254,0.4137368820749601
35.97,0.2,0.20106542294805677,0.5009569585403012
35.975,0.2,0.20133155444156112,0.285718904734669
35.98,0.2,0.201622617654957,0.11050174142165284
35.985,0.2,0.20207338009318299,-0.12880206648360604
35.99,0.2,0.2027129773079966,-0.041371550368933314
35.995,0.2,0.20344033264374864,0.15246343667606108
36.0,0.2,0.20407929685100545,0.16870193415987597
36.005,0.2,0.20447030989351472,0.5764480470510212
36.01,0.2,0.2045557360165008,0.5083716700360886
36.015,0.2,0.20442432822130485,0.4034815306955245
36.02,0.2,0.2042814566247624,0.3387948156826486
36.025,0.2,0.20436048364748927,-0.0655155847064286
36.03,0.2,0.2048143548671436,-0.19880522145966545
36.035,0.2,0.20563047196180098,-0.04970152664649976
36.04,0.2,0.20663271433995425,0.19174270559411952
36.045,0.2,0.2075785075702248,0.30826337503359785
36.05,0.2,0.20828019915456905,0.5953901085087668
36.055,0.2,0.20868602264177877,0.3770791193739587
36.06,0.2,0.20887980518693477,0.10150149916995932
36.065,0.2,0.20899515692774498,0.08898859842848181
36.07,0.2,0.20911706219907567,0.025647166260846316
36.075,0.2,0.20924650343747522,0.19808639557832644
36.08,0.2,0.20932301641954099,0.03585741323711511
36.085,0.2,0.20926207539586278,0.31215219924104715
36.09,0.2,0.2089977441649122,0.4485794408560966
36.095,0.2,0.2085374647551045,0.4838179455856047
36.1,0.2,0.20799038295915356,0.23885481241771303
36.105,0.2,0.2075229316469057,0.05717137861666012
36.11,0.2,0.2072670423340329,0.014606979854717636
36.115,0.2,0.2072542208586953,0.060215569371746686
36.12,0.2,0.20741792683229576,0.22369895162804984
36.125,0.2,0.20764694006005693,0.20698924810277292
36.13,0.2,0.2078535278330801,0.6418210984866504
36.135,0.2,0.20803966476442262,0.4915814336629799
36.14,0.2,0.20832128443998327,0.1329265932933481
36.145,0.2,0.20885351618509118,-0.14808356633180578
36.15,0.2,0.20969762409408654,-0.14886587047020308
36.155,0.2,0.21074509588888546,-0.09860870231055958
36.16,0.2,0.21174884736219635,0.19700137783439173
36.165,0.2,0.21243130717320516,0.45344847453124526
36.17,0.2,0.2126121024866218,0.565610191966028
36.175,0.2,0.21229326410092073,0.6241155078146382
36.18,0.2,0.21165812078025623,0.2024078177486809
36.185,0.2,0.21097904460532588,0.12788311993286558
36.19,0.2,0.21048244944806024,-0.2062589645867995
36.195,0.2,0.21024657091381482,-0.05362650941598537
36.2,0.2,0.21018611776820686,0.19474772006312802
36.205,0.2,0.21013822711015778,0.5494569333106617
36.21,0.2,0.20999397100398065,0.4004879278928195
36.215,0.2,0.20977512573144344,0.5083447343469698
36.22,0.2,0.20961733055534781,0.19755365811705367
36.225,0.2,0.20968911011430963,-0.03430838906110413
36.23,0.2,0.2100906975737271,0.0003726419990891655
36.235,0.2,0.21079054800181904,-0.08360907329061587
36.24,0.2,0.21163804962890925,0.28785826414699367
36.245,0.2,0.2124403500882289,0.31103083507105
36.25,0.2,0.2130542248455295,0.3763502587619678
36.255,0.2,0.21343618764168998,0.3784798426216691
36.26,0.2,0.2136301529780698,0.05263813564447342
36.265,0.2,0.21369983702140147,-0.11480461431974254
36.27,0.2,0.2136449721737906,0.07033348224439173
36.275,0.2,0.21337137406623227,-0.04526704094508707
36.28,0.2,0.2127293040743158,0.2619413608662198
36.285,0.2,0.21158309811367074,0.3695021915419308
36.29,0.2,0.2098901633633083,0.6275161070582548
36.295,0.2,0.20775376700218845,0.2785428242710968
36.3,0.2,0.2053967137550931,0.18966604638445808
36.305,0.2,0.20306408148122868,0.04599675064749163
36.31,0.2,0.20092657323220225,-0.08319147032766144
36.315,0.2,0.19903016466206555,-0.044530693409884144
36.32,0.2,0.19730596063257244,0.33501259497453617
36.325,0.2,0.19564911703067125,0.4046143981704149
36.33,0.2,0.19402216698289027,0.5155233644229
36.335,0.2,0.19250490191144867,0.3245274720805786
36.34,0.2,0.1912604920477367,0.11457517604931416
36.345,0.2,0.1904510662808378,0.17177388474850985
36.35,0.2,0.1901658607345453,-0.022654476308454602
36.355,0.2,0.19039502650562964,0.12980552998921105
36.36,0.2,0.1910430715902999,0.14068929553999227
36.365,0.2,0.19197049901647473,0.2282290959406443
36.37,0.2,0.1930450678734197,0.3580029223743365
36.375,0.2,0.1941925195550796,0.5986154906907142
36.38,0.2,0.19543119837057127,0.1123025799212663
36.385,0.2,0.19683988583943507,0.0572775452667771
36.39,0.2,0.1984571149682237,-0.2392373993742503
36.395,0.2,0.20019389142936875,-0.08839244051476647
36.4,0.2,0.20182761391078624,0.09593284021392294
36.405,0.2,0.20307986624848412,0.28098399216458303
36.41,0.2,0.2037333934450129,0.6161064313578272
36.415,0.2,0.20372450227241198,0.30389885160243546
36.42,0.2,0.20314626283631362,0.07851102564954654
36.425,0.2,0.20215630515455285,0.10951252637753425
36.43,0.2,0.20087744470504798,-0.023859763934931832
36.435,0.2,0.19935357725757416,-0.08716057336379775
36.44,0.2,0.19754946471192364,0.21522296463940369
36.445,0.2,0.19539559985036814,0.2983870804711477
36.45,0.2,0.19287076097692285,0.544661466086846
36.455,0.2,0.19006884467126628,0.39748378201066925
36.46,0.2,0.18719619506700214,0.1111642821492822
36.465,0.2,0.18448958367326396,0.024287573174606246
36.47,0.2,0.1821120140801817,-0.08440477158219038
36.475,0.2,0.18009822322072006,0.006888213277803007
36.48,0.2,0.17837652162036052,0.3740003421469172
36.485,0.2,0.1768578226323742,0.4775561718723585
36.49,0.2,0.17553964983960396,0.5869901413930008
36.495,0.2,0.17455560982036938,0.5099843071286101
36.5,0.2,0.17415270514737177,0.46739110321385957
36.505,0.2,0.1746143681335859,-0.029628698499170637
36.51,0.2,0.17614071023782177,-0.21502967712701426
36.515,0.2,0.1787396472483848,0.07846009334445228
36.52,0.2,0.1822219314648351,0.14104100564422417
36.525,0.2,0.1863016364218903,0.34072802660988877
36.53,0.2,0.19071787002603482,0.6508744156347998
36.535,0.2,0.19532482422407843,0.4330122101097849
36.54,0.2,0.20011376512412,0.34568223980131607
36.545,0.2,0.20514639413658198,0.011274384138770119
36.55,0.2,0.2104474568218383,0.025971889251934527
36.555,0.2,0.2159256831132451,-0.1853581620544824
36.56,0.2,0.2213556971132774,0.1081615648500131
36.565,0.2,0.22643234594657555,0.3762059775061512
36.57,0.2,0.23088296446336593,0.4649624671663226
36.575,0.2,0.23456846717056654,0.4732443892103818
36.58,0.2,0.23750194652265236,0.15689399215896746
36.585,0.2,0.23977204583531456,-0.17533719534935366
36.59,0.2,0.2414217859160505,-0.0789982197448992
36.595,0.2,0.2423787783884489,0.02106499375386573
36.6,0.2,0.24249137591445785,0.29210978295707013
36.605,0.2,0.24162601555654284,0.29109580629239906
36.61,0.2,0.23975000702806476,0.4817497657663272
36.615,0.2,0.23696395643331894,0.3167668022566863
36.62,0.2,0.23347627343678967,0.1251800853412167
36.625,0.2,0.22952919941707148,0.11737305462886279
36.63,0.2,0.22531875923837735,-0.10404166856572468
36.635,0.2,0.22094820362410156,0.04549340433718188
36.64,0.2,0.2164307113535409,0.18922864203581666
36.645,0.2,0.21175104340980447,0.5309776203576912
36.65,0.2,0.20696171190546098,0.549724610851915
36.655,0.2,0.2022444407125495,0.4032883683438361
36.66,0.2,0.1978782069987124,0.057163755049097764
36.665,0.2,0.1941256774171294,-0.08460923327858708
36.67,0.2,0.1911218181308221,0.024057727139082413
36.675,0.2,0.18883800289238395,-0.13598850182646113
36.68,0.2,0.18712128521136445,0.3414704126526575
36.685,0.2,0.1857824668532763,0.3730589673915774
36.69,0.2,0.18470143594993532,0.5737822058026699
36.695,0.2,0.18389291452416837,0.4787127051976952
36.7,0.2,0.18349296153992822,0.1590108469250246
36.705,0.2,0.18367233258983837,0.0878031528179998
36.71,0.2,0.18452804046622057,-0.12393373372669367
36.715,0.2,0.18601298759359908,-0.13960530892866457
36.72,0.2,0.18793604315953835,0.32878416118718157
36.725,0.2,0.19004699075313283,0.3755087481819909
36.73,0.2,0.19216139707491137,0.5727347919076782
36.735,0.2,0.19423725658582355,0.45978675118521806
36.74,0.2,0.19636545104427897,0.24018516458639302
36.745,0.2,0.19868718682034045,-0.012615319850760306
36.75,0.2,0.20128729365041534,0.07717004087531695
36.755,0.2,0.20413121945120524,-0.11131256977057227
36.76,0.2,0.2070678670930436,0.17218572244948585
36.765,0.2,0.2098815928516511,0.22590023190050448
36.77,0.2,0.21237620206068175,0.5324970113855618
36.775,0.2,0.21445948964908387,0.5065292758836083
36.78,0.2,0.21617755313852607,0.23151668174241904
36.785,0.2,0.21765960555883368,-0.03519703129365203
36.79,0.2,0.2190027260550554,-0.08009914281082267
36.795,0.2,0.2201867921781848,-0.05522159827882113
36.8,0.2,0.22107456634295808,0.1323928997934399
36.805,0.2,0.22148367020033663,0.37438970066077487
36.81,0.2,0.22128483541863805,0.3919885902236832
36.815,0.2,0.22047020524936492,0.42979845590533095
36.82,0.2,0.21915462260066648,0.18522718613031766
36.825,0.2,0.21750456498495585,-0.23422372593029087
36.83,0.2,0.21562493004391367,-0.08857690900120188
36.835,0.2,0.21348649282935492,-0.06964973756007022
36.84,0.2,0.21095289707296308,0.1607100510646429
36.845,0.2,0.20787338503954964,0.3524911407954065
36.85,0.2,0.20418055464602802,0.4566987723415862
36.855,0.2,0.19995140772441228,0.44986180255711794
36.86,0.2,0.19540302138855256,0.2322920635078166
36.865,0.2,0.19081917420984304,-0.0036832068060257198
36.87,0.2,0.1864416720852365,-0.08240113380085101
36.875,0.2,0.18239356678766286,0.09922391492758897
36.88,0.2,0.178684770569266,0.17858621654618576
36.885,0.2,0.17527875490234968,0.28283414150759256
36.89,0.2,0.1721618294102145,0.4037193952132503
36.895,0.2,0.16938855600576336,0.4895637682389883
36.9,0.2,0.1670940143850556,0.20832753357070433
36.905,0.2,0.16544567987898545,-0.07768851556130718
36.91,0.2,0.16454166678285786,-0.1350722407774709
36.915,0.2,0.1643277931168138,-0.17801577335915086
36.92,0.2,0.16459183919262835,-0.007169603876330977
36.925,0.2,0.16503521353416692,0.35404553117569126
36.93,0.2,0.16539410849650282,0.49065238851549536
36.935,0.2,0.16554542096963343,0.3383008912149479
36.94,0.2,0.16552109353200045,0.18382608143909307
36.945,0.2,0.16542959176660044,-0.010660860173580866
36.95,0.2,0.1653510283427992,-0.1574070182874542
36.955,0.2,0.16526407067440504,-0.11027499494896766
36.96,0.2,0.16503580741944454,0.047512710579188225
36.965,0.2,0.16448027116407923,0.26938727118572503
36.97,0.2,0.1634599470479955,0.5930562664867836
36.975,0.2,0.16197777349701895,0.33820723758412485
36.98,0.2,0.16018758329067295,0.08677998337939923
36.985,0.2,0.1583013284059905,-0.022602188710618226
36.99,0.2,0.15647174991448073,-0.12300016362831828
36.995,0.2,0.1547285887863917,-0.18268322360299483
37.0,0.2,0.15297809000316634,0.0602030175792596
37.005,0.2,0.1510602593601807,0.23353021614036146
37.01,0.2,0.1488475875541126,0.46251452794700937
37.015,0.2,0.14633087244627993,0.31823520463684984
37.02,0.2,0.14363347097437854,0.18240395114525498
37.025,0.2,0.14093656269018218,-0.2919659246158461
37.03,0.2,0.13834855322798212,-0.4543338296787459
37.035,0.2,0.135813056537741,0.2095726248784276
37.04,0.2,0.13315405309938544,0.08460683279185463
37.045,0.2,0.13021069415930628,0.31008352890849766
37.05,0.2,0.12693524846122897,0.511119339239371
37.055,0.2,0.12342796988064024,0.29189484508290614
37.06,0.2,0.11991307313363547,0.10751974536873501
37.065,0.2,0.11664483145597682,-0.12972463026145425
37.07,0.2,0.11378807749987975,-0.36151827767010786
37.075,0.2,0.1113354429478599,-0.26838709794745336
37.08,0.2,0.10911056247724668,0.17446193765204213
37.085,0.2,0.10687375715227117,0.22311452897542794
37.09,0.2,0.10445685385651451,0.32611833840041593
37.095,0.2,0.10182696713959336,0.13732990953144766
37.1,0.2,0.09905891768451663,0.049845109554188714
37.105,0.2,0.09625828787416142,-0.1525132788591893
37.11,0.2,0.09348359373294951,-0.1588824928610578
37.115,0.2,0.0907031657765706,-0.1847586820043382
37.12,0.2,0.08780567800110853,0.10626039729010103
37.125,0.2,0.08466541554456686,0.24814141878380147
37.13,0.2,0.08122828080919632,0.2699842482545838
37.135,0.2,0.07755774907775298,0.19516798638271093
37.14,0.2,0.07381104791219613,0.02566081398302803
37.145,0.2,0.07016621033702021,-0.1523560920303619
37.15,0.2,0.0667387439546727,-0.25148552034211363
37.155,0.2,0.0635265743208562,-0.2312625367576196
37.16,0.2,0.06041672215936299,0.10756381800828818
37.165,0.2,0.05725913960133597,0.1134460525004336
37.17,0.2,0.05396131023679726,0.32904620514806365
37.175,0.2,0.050537901116435864,-0.014346021920459223
37.18,0.2,0.04708643215318614,0.02503722185921843
37.185,0.2,0.04371719374663189,-0.14946095125853875
37.19,0.2,0.040489833211318126,-0.22595909444192913
37.195,0.2,0.03737751759327715,-0.2727755428190676
37.2,0.2,0.03426842435123613,0.07001073337206001
37.205,0.2,0.031029610465501452,0.306426968107525
37.21,0.2,0.027613229922712364,0.37939952822813067
37.215,0.2,0.02412316896578084,0.19723580044306455
37.22,0.2,0.02078342572455988,-0.0339418194645344
37.225,0.2,0.017827633063828844,-0.3353530507035177
37.23,0.2,0.015373626135019193,-0.4637607349295274
37.235,0.2,0.01335317556965455,-0.20218703477177136
37.24,0.2,0.011546340372835272,-0.014720347588298852
37.245,0.2,0.009698574326653274,0.1600799310331086
37.25,0.2,0.007642978048819978,0.38908334389647986
37.255,0.2,0.005371032117790799,0.1906451062148017
37.26,0.2,0.0030244968986158803,0.06485384454643021
37.265,0.2,0.0008089729794145006,-0.239363451125322
37.27,0.2,-0.0011246106329234839,-0.38312295168366445
37.275,0.2,-0.0027703671814368093,-0.41044554243301234
37.28,0.2,-0.004282287028481371,-0.07769891441309029
37.285,0.2,-0.005898717830541987,0.016232574711189246
37.29,0.2,-0.007819392950073773,0.3758267826185251
37.295,0.2,-0.01010050552476707,0.3234284903927113
37.3,0.2,-0.012624063831136297,-0.04696217987870536
37.305,0.2,-0.015176339210141714,-0.27099132286110034
37.31,0.2,-0.017581149779730378,-0.13979371506875976
37.315,0.2,-0.019782933212782988,-0.4859482257350659
37.32,0.2,-0.02185139398756232,0.059071612478112795
37.325,0.2,-0.023921239834280943,0.08815626257899715
37.33,0.2,-0.026091366942015044,0.16744740367680994
37.335,0.2,-0.02835486919314487,0.20319670912710291
37.34,0.2,-0.03060021583850083,-0.01842506914089216
37.345,0.2,-0.03267989184833551,-0.5607176239300485
37.35,0.2,-0.034532836440345785,-0.5004213462667512
37.355,0.2,-0.03627415123177627,-0.2874495780333781
37.36,0.2,-0.03816019564570934,-0.1327410879617721
37.365,0.2,-0.0404676335584779,0.020214180886229546
37.37,0.2,-0.04338244957781701,0.18407264191042783
37.375,0.2,-0.04693107100525973,0.37706522222200617
37.38,0.2,-0.05096178320019396,-0.09840842030309858
37.385,0.2,-0.05521341820062654,-0.30922677516743063
37.39,0.2,-0.05945101571439999,-0.2908293090303284
37.395,0.2,-0.06355803376902913,-0.20067059440492518
37.4,0.2,-0.06752312532210773,0.0022176878160865277
37.405,0.2,-0.07136009006866693,0.21018885572869733
37.41,0.2,-0.07502463999560788,0.1170024821232836
37.415,0.2,-0.07837937905170293,0.16440198169083903
37.42,0.2,-0.08122529774806386,-0.1951818707188553
37.425,0.2,-0.08338809097781016,-0.4795314935385949
37.43,0.2,-0.08482096193343802,-0.33994187024630457
37.435,0.2,-0.08564410084230717,-0.183904322913545
37.44,0.2,-0.08608460326653662,-0.1376538609223708
37.445,0.2,-0.08638000855846593,0.01782634977363179
37.45,0.2,-0.08670051897691662,0.26926557536322865
37.455,0.2,-0.08709581629700451,0.05302879108288975
37.46,0.2,-0.0874975506219537,-0.1667238961264347
37.465,0.2,-0.08779938096637084,-0.30633194423190047
37.47,0.2,-0.0879643627990752,-0.6023577532137265
37.475,0.2,-0.08808990133508376,-0.20484207776521735
37.48,0.2,-0.08838795035439544,-0.2507683467150064
37.485,0.2,-0.08909456388319184,0.04252531337875881
37.49,0.2,-0.09037597618953501,-0.006907082594893255
37.495,0.2,-0.09228054225499531,-0.0008861830583382496
37.5,0.2,-0.09474693354216487,-0.13296944390794005
37.505,0.2,-0.09765879851667164,-0.35501233599266296
37.51,0.2,-0.10092279616454328,-0.46916001210109204
37.515,0.2,-0.10453308090602229,-0.4164405037170499
37.52,0.2,-0.10857739326785977,-0.19304903590072883
37.525,0.2,-0.11317389726267486,-0.06749612373115108
37.53,0.2,-0.1183779874944404,0.19107392050148037
37.535,0.2,-0.12410349964944217,0.3063109694707512
37.54,0.2,-0.13009905813148734,-0.1899960597125143
37.545,0.2,-0.13602442597057365,-0.3583344919701224
37.55,0.2,-0.14159580021282345,-0.4887335322759847
37.555,0.2,-0.14668626921246877,-0.32211473627157766
37.56,0.2,-0.15131886673908868,-0.20406726410852893
37.565,0.2,-0.15558271174578708,0.07316969965002741
37.57,0.2,-0.15953389391930514,0.0182058738445412
37.575,0.2,-0.16313319937993137,0.1837730683106635
37.58,0.2,-0.16624498548191574,-0.19978988284915827
37.585,0.2,-0.1687041397501662,-0.4654907579744449
37.59,0.2,-0.17042554643503394,-0.4278667082652975
37.595,0.2,-0.17146916883599944,-0.22814259534410847
37.6,0.2,-0.17200298085649443,-0.15707810529531432
37.605,0.2,-0.17221043549869922,0.04174038247657093
37.61,0.2,-0.17221045105840083,0.07447868983493013
37.615,0.2,-0.1720240742192132,-0.16561918123803032
37.62,0.2,-0.1716064520077107,-0.22994086318926432
37.625,0.2,-0.17092818671219606,-0.5975212539407109
37.63,0.2,-0.170059708773109,-0.5441610925981086
37.635,0.2,-0.16920891633589827,-0.4216407097075312
37.64,0.2,-0.1686771865912304,-0.19527650148572234
37.645,0.2,-0.1687477458772472,0.18527995363355074
37.65,0.2,-0.1695598961719712,0.24280064174370777
37.655,0.2,-0.17103624441790619,0.0955963127011663
37.66,0.2,-0.17291650658509586,-0.18226015463576406
37.665,0.2,-0.1748882983062983,-0.6015992336479034
37.67,0.2,-0.17674371942260003,-0.5808700743750224
37.675,0.2,-0.17847179677763325,-0.5436496220319953
37.68,0.2,-0.1802369206552326,-0.26879668176638594
37.685,0.2,-0.1822690642399244,-0.012050166045493044
37.69,0.2,-0.18473226089475997,0.06744826162652873
37.695,0.2,-0.18763359644548216,0.20873110648652124
37.7,0.2,-0.19080668422761557,-0.08370791571726818
37.705,0.2,-0.19398322843963717,-0.5284069101239579
37.71,0.2,-0.19692899128865954,-0.38636626434314925
37.715,0.2,-0.19954503076191388,-0.36830945308209195
37.72,0.2,-0.20185934241626025,-0.1672327251723802
37.725,0.2,-0.20394603594614655,-0.005359816458657102
37.73,0.2,-0.20584154304553948,-0.019460567256237904
37.735,0.2,-0.2074973866715108,0.10332496421436294
37.74,0.2,-0.20878349749248998,-0.2078273725468772
37.745,0.2,-0.2095448591347893,-0.39624674376205626
37.75,0.2,-0.20969035679038486,-0.38648939226528467
37.755,0.2,-0.2092578871184361,-0.6058371278856881
37.76,0.2,-0.20841393193066968,-0.027854393668932054
37.765,0.2,-0.20737092141516586,0.15382085438993814
37.77,0.2,-0.2062547170439265,0.19774411798484928
37.775,0.2,-0.20502378864205095,0.13485153042863768
37.78,0.2,-0.20349479830305767,-0.06032558653983955
37.785,0.2,-0.20144023816438533,-0.3751745784027802
37.79,0.2,-0.1987118686792962,-0.5747089310738719
37.795,0.2,-0.19533870806988146,-0.5155511509427106
37.8,0.2,-0.19154117553203623,-0.3107421760529298
37.805,0.2,-0.18764694582546865,-0.034857748647874685
37.81,0.2,-0.1839569838229879,0.13190884187277874
37.815,0.2,-0.18063872948558973,0.02058710016143566
37.82,0.2,-0.1777073096837089,-0.18922154820041281
37.825,0.2,-0.1750998397509883,-0.4415480807080983
37.83,0.2,-0.17279147366086972,-0.6765809829355738
37.835,0.2,-0.1708730237044323,-0.15302898408839544
37.84,0.2,-0.16951865407991354,-0.08694698734386137
37.845,0.2,-0.16887054181420497,0.011459049738594178
37.85,0.2,-0.1689502491247081,0.08264907189965398
37.855,0.2,-0.16964699435305652,-0.1316427139646031
37.86,0.2,-0.17076529760464565,-0.1936077667777879
37.865,0.2,-0.17210765617942225,-0.4925452211451897
37.87,0.2,-0.17355593686692838,-0.38927015057452835
37.875,0.2,-0.17510903587063073,-0.41222200810524173
37.88,0.2,-0.17685903301588002,-0.2301855006984711
37.885,0.2,-0.1789152833634158,0.22124534939848203
37.89,0.2,-0.1813004233130026,0.1176456229077061
37.895,0.2,-0.18388728489896267,-0.09415064704520426
37.9,0.2,-0.1864419827507515,-0.20361414541379833
37.905,0.2,-0.18873264430919778,-0.4077502316123802
37.91,0.2,-0.19062357821338705,-0.5082381716901953
37.915,0.2,-0.19212110274310706,-0.3846271051160506
37.92,0.2,-0.1933556960401108,-0.24956472062191928
37.925,0.2,-0.1945018310674326,0.0759014705313602
37.93,0.2,-0.19566706348688098,0.2863832585426973
37.935,0.2,-0.1968073772769409,0.01243023517652742
37.94,0.2,-0.19773474486641504,-0.11897925119554134
37.945,0.2,-0.19821635107171706,-0.31035649483470107
37.95,0.2,-0.19808986976793397,-0.49023525296699005
37.955,0.2,-0.19733564654730457,-0.4024606840658061
37.96,0.2,-0.19608042685617622,-0.22612841232774242
37.965,0.2,-0.19452422497979363,0.09602801617964046
37.97,0.2,-0.19283219595442105,-0.06688582914617197
37.975,0.2,-0.19107627926259127,-0.17972240391392896
37.98,0.2,-0.18926350796874442,-0.22209863630273446
37.985,0.2,-0.18740139444065254,-0.41041327397867844
37.99,0.2,-0.18555256801144884,-0.5163451391252313
37.995,0.2,-0.18386499934243386,-0.34648984935903593
38.0,0.2,-0.18255422171720434,-0.26722242697363013
38.005,0.2,-0.18182555737361825,0.24801955795958222
38.01,0.2,-0.18176427551162144,0.20356117558795264
38.015,0.2,-0.18226416701280104,0.04152344623753794
38.02,0.2,-0.18306846080417338,-0.35518919039756947
38.025,0.2,-0.18390551923515677,-0.40787908609879825
38.03,0.2,-0.184616811504327,-0.5170067519745924
38.035,0.2,-0.18521025952457623,-0.5935088784041
38.04,0.2,-0.1858382043715727,-0.11209983300303776
38.045,0.2,-0.18670159565299835,0.0840458293670671
38.05,0.2,-0.18791344871734228,0.18211966494362758
38.055,0.2,-0.18941865390422447,-0.06203807709519486
38.06,0.2,-0.19102745853285757,-0.1806797546355238
38.065,0.2,-0.19251967161381445,-0.36978317120799176
38.07,0.2,-0.19374528927652876,-0.4525219053199653
38.075,0.2,-0.1946791734790512,-0.41674467505694823
38.08,0.2,-0.19541318879310743,-0.17347067995024015
38.085,0.2,-0.19608738908329873,-0.05346624886371108
38.09,0.2,-0.19679968893335856,0.03101989739176142
38.095,0.2,-0.19755231226679285,-0.09157452639070221
38.1,0.2,-0.19826122297983673,-0.12776561450806434
38.105,0.2,-0.19881440156638885,-0.46599749040985594
38.11,0.2,-0.19915054411456592,-0.4443880654892152
38.115,0.2,-0.19931448004986438,-0.37884771031708087
38.12,0.2,-0.19944479113886834,-0.18300943425237803
38.125,0.2,-0.1996993708222949,-0.018168288949391584
38.13,0.2,-0.200167444967731,0.1081511820931961
38.135,0.2,-0.20081516399249705,0.0009716386395763246
38.14,0.2,-0.20149611567154982,-0.17708379698152565
38.145,0.2,-0.20202921895474413,-0.4857647928863682
38.15,0.2,-0.2023066560512719,-0.5563306878938212
38.155,0.2,-0.20236382155352794,-0.34841863283246227
38.16,0.2,-0.2023511384374557,-0.006137501620923552
38.165,0.2,-0.20242838743485814,-0.1852510230266207
38.17,0.2,-0.20267991679956418,-0.02630553604248262
38.175,0.2,-0.20309534310001728,0.04409725165357061
38.18,0.2,-0.20358274768555024,-0.24349581973413298
38.185,0.2,-0.204013449092308,-0.36044258889552083
38.19,0.2,-0.20429802289805107,-0.3696419680035543
38.195,0.2,-0.20444003397768265,-0.4767859750769097
38.2,0.2,-0.2045301606331356,-0.02675888888975214
38.205,0.2,-0.20467900533200895,0.003716342489176408
38.21,0.2,-0.20492733378139805,0.03076201111894819
38.215,0.2,-0.20520221781963294,0.09044658813908608
38.22,0.2,-0.2053383146103621,-0.19653150626991972
38.225,0.2,-0.2051503346952765,-0.49187075402990643
38.23,0.2,-0.2045375230505225,-0.5145120779210953
38.235,0.2,-0.20355919556176091,-0.5681873730906016
38.24,0.2,-0.2024260124165608,-0.21319906699070093
38.245,0.2,-0.2014078698796285,0.009286890329904127
38.25,0.2,-0.20070599695949828,0.10827357562307055
38.255,0.2,-0.20037122434106783,-0.11808961099597565
38.26,0.2,-0.20032358673658057,-0.24857939262322745
38.265,0.2,-0.20044183071187976,-0.34575856224471707
38.27,0.2,-0.20064868337115907,-0.44288921299477413
38.275,0.2,-0.20095011445210356,-0.3189349240512423
38.28,0.2,-0.2014211820551334,-0.1984918688200307
38.285,0.2,-0.20214189194339044,0.16364268096170248
38.29,0.2,-0.20311073876031716,0.0677798854917813
38.295,0.2,-0.20419657292050947,0.018487898360913517
38.3,0.2,-0.2051711327740833,-0.19478978439914504
38.305,0.2,-0.2058023319632586,-0.476285286841772
38.31,0.2,-0.20595412529262913,-0.37481893563486385
38.315,0.2,-0.20563629321753712,-0.4187918076048038
38.32,0.2,-0.20497601758433207,-0.07366037810488038
38.325,0.2,-0.2041287934465208,0.10214616260288895
38.33,0.2,-0.20317585104643834,0.11756754687466513
38.335,0.2,-0.2020687518393263,0.11184557755937577
38.34,0.2,-0.20065541191020694,-0.2834479566316356
38.345,0.2,-0.1987718512167235,-0.3089733628311519
38.35,0.2,-0.19634482014814128,-0.4959210597049019
38.355,0.2,-0.19344639982548492,-0.40780103407845636
38.36,0.2,-0.19027651693149375,-0.13511602169015924
38.365,0.2,-0.18707953545989373,0.012238658872062673
38.37,0.2,-0.18403484411723395,0.19387543882179156
38.375,0.2,-0.18118847486313733,-0.06820057037930273
38.38,0.2,-0.17846901166068935,-0.14221165979725714
38.385,0.2,-0.17577385148169825,-0.48159053952680253
38.39,0.2,-0.17306843913666406,-0.40307165994459443
38.395,0.2,-0.17043826837713996,-0.4037175010164355
38.4,0.2,-0.16806252714591863,-0.046626578252724676
38.405,0.2,-0.16612880884897022,-0.12455325628074801
38.41,0.2,-0.16475307201670658,-0.02941102644902724
38.415,0.2,-0.16394584710484128,0.1259117371167258
38.42,0.2,-0.163615897360548,-0.2424059591551051
38.425,0.2,-0.16362244766187428,-0.50189825662574
38.43,0.2,-0.1638764680756594,-0.4695630591530646
38.435,0.2,-0.16440558365966937,-0.24069975851445116
38.44,0.2,-0.16531744157068698,-0.16422090930835556
38.445,0.2,-0.16670833112970554,0.014746012478607982
38.45,0.2,-0.168587530773467,0.09437213464180746
38.455,0.2,-0.17084472405236026,-0.022289747128269213
38.46,0.2,-0.17327503068191896,-0.23790237666120023
38.465,0.2,-0.175660831480067,-0.4281051347272029
38.47,0.2,-0.1778660564250497,-0.4418621720985241
38.475,0.2,-0.17988803013122504,-0.5130293105126719
38.48,0.2,-0.18184377591409043,-0.1510037415353825
38.485,0.2,-0.18389444239102884,-0.057091121414407475
38.49,0.2,-0.1861475010147406,-0.043389605171829576
38.495,0.2,-0.18859675454340233,0.150723322773813
38.5,0.2,-0.1911155951151053,-0.07887046930375502
38.505,0.2,-0.1934994160193533,-0.3269418814853562
38.51,0.2,-0.1955661006806341,-0.7014624763265564
38.515,0.2,-0.19726521303896058,-0.30371596995343214
38.52,0.2,-0.19869357301324878,-0.17531064655375314
38.525,0.2,-0.1999969347955811,0.07296977131218427
38.53,0.2,-0.20124690472778797,0.2122633929381052
38.535,0.2,-0.20237809891952818,-0.09004471621545537
38.54,0.2,-0.20321785496744518,-0.16388134962883869
38.545,0.2,-0.20358573980100758,-0.4697910439601009
38.55,0.2,-0.20339931722569862,-0.5479088390919163
38.555,0.2,-0.20273355821056716,-0.4484405712688566
38.56,0.2,-0.20179974286672375,-0.1284196080264513
38.565,0.2,-0.20084688057572947,-0.059314054926284415
38.57,0.2,-0.20005313659566773,-0.004999013251337989
38.575,0.2,-0.19947070597355898,0.11482816866518303
38.58,0.2,-0.19903373569358881,-0.33351078107967014
38.585,0.2,-0.19863132769229075,-0.501305563148511
38.59,0.2,-0.19821617184143753,-0.43679144228722117
38.595,0.2,-0.19785553257407565,-0.2244189598086005
38.6,0.2,-0.19768167094826772,-0.13814348114388864
38.605,0.2,-0.19780348727660613,-0.03941012909583
38.61,0.2,-0.19824761176556036,-0.03050823700708097
38.615,0.2,-0.19894258309620297,0.035006105006397475
38.62,0.2,-0.1997302972979612,0.004901345632379039
38.625,0.2,-0.2004082125478878,-0.5253709708700542
38.63,0.2,-0.20082187330164142,-0.5391974541100125
38.635,0.2,-0.2009555145805337,-0.2858208829816738
38.64,0.2,-0.20092644118035066,-0.28081257344483984
38.645,0.2,-0.2008938746418458,0.043995163766203445
38.65,0.2,-0.20096076083435968,0.07632845398735266
38.655,0.2,-0.20111229628816754,0.0596336692218918
38.66,0.2,-0.20121171113829797,0.04062168497201135
38.665,0.2,-0.20105935799143632,-0.5171959782910339
38.67,0.2,-0.20050068356537873,-0.434867366722134
38.675,0.2,-0.19952084224590788,-0.4078412147250401
38.68,0.2,-0.1982462368461612,-0.1643585514104037
38.685,0.2,-0.1968529110094704,0.16787032233391358
38.69,0.2,-0.1954438541056644,0.265503525175949
38.695,0.2,-0.1939719486859967,-0.05248890966964058
38.7,0.2,-0.1922738260031719,-0.265956883294436
38.705,0.2,-0.19018364453327827,-0.1915770755534316
38.71,0.2,-0.18762406648754035,-0.443283132805608
38.715,0.2,-0.18463908747315566,-0.3975321807093796
38.72,0.2,-0.18138463693362913,-0.09990281745202353
38.725,0.2,-0.17806590719620513,-0.038790557479767375
38.73,0.2,-0.17484711464365288,-0.0007400559365768056
38.735,0.2,-0.1718035936096924,-0.09534609910926634
38.74,0.2,-0.1689377884937321,-0.19217427331638573
38.745,0.2,-0.1662312519515413,-0.3323645128342142
38.75,0.2,-0.163703259839577,-0.4593129322659144
38.755,0.2,-0.1614540154281759,-0.4626354506397212
38.76,0.2,-0.1596625788336182,-0.07880854297243628
38.765,0.2,-0.15851481889287664,0.05141912497539834
38.77,0.2,-0.15809239716680334,0.31917210184388445
38.775,0.2,-0.1583058927178418,-0.1444589839188564
38.78,0.2,-0.15893532269700572,-0.22891436048572655
38.785,0.2,-0.15975652053130546,-0.6039636020261268
38.79,0.2,-0.16066463196632919,-0.5131290883254698
38.795,0.2,-0.16172186131975833,-0.4583391672607771
38.8,0.2,-0.16310760316550327,-0.02717105959010585
38.805,0.2,-0.16500101626269048,-0.05142482342843219
38.81,0.2,-0.16746688948233257,0.275029040869601
38.815,0.2,-0.17040391678207314,-0.09229740814405862
38.82,0.2,-0.17357631739315632,-0.09020835118908715
38.825,0.2,-0.17670980123346905,-0.41657842469961964
38.83,0.2,-0.17959925599412022,-0.48244791496035505
38.835,0.2,-0.1821728627062666,-0.25912553044987197
38.84,0.2,-0.1844776512910729,-0.2422665013756219
38.845,0.2,-0.18660616394324814,-0.06186604999251254
38.85,0.2,-0.18862000038289198,0.06186439445469433
38.855,0.2,-0.19049687078185357,0.0907502810357812
38.86,0.2,-0.1921154315491123,-0.06473065121679214
38.865,0.2,-0.19329917485034973,-0.33688071809594516
38.87,0.2,-0.19390571904792023,-0.3611418378582798
38.875,0.2,-0.19390229902220688,-0.39229780859422514
38.88,0.2,-0.19337434341474766,-0.11461023692494882
38.885,0.2,-0.1924607004226196,0.09095152326412001
38.89,0.2,-0.19125596411536996,0.12394590329136623
38.895,0.2,-0.1897499339618175,-0.010449125542016845
38.9,0.2,-0.18784551673742655,-0.09284038858317764
38.905,0.2,-0.18543371808639847,-0.425792272679526
38.91,0.2,-0.18248670150339535,-0.5536492466811381
38.915,0.2,-0.17912483775696686,-0.3637198582717799
38.92,0.2,-0.17560166925874948,-0.15260078193357315
38.925,0.2,-0.1722041959033168,0.03237426695369418
38.93,0.2,-0.1691421944829452,0.0020134503583447982
38.935,0.2,-0.16649601362878425,0.012297062724667837
38.94,0.2,-0.164234336069842,-0.1986714501071574
38.945,0.2,-0.16227703895297882,-0.28233084824306437
38.95,0.2,-0.16057404329475072,-0.568243611111699
38.955,0.2,-0.15916619142038307,-0.29397310564935764
38.96,0.2,-0.1581805533696501,-0.09663872165000081
38.965,0.2,-0.1577538852109168,-0.1382063653940202
38.97,0.2,-0.1579486010011877,0.20108160335444838
38.975,0.2,-0.1587039233576255,0.10737098932442071
38.98,0.2,-0.1598297191559709,-0.08393231010979782
38.985,0.2,-0.16106540719176152,-0.2773329858180997
38.99,0.2,-0.1621896311993198,-0.5763538425916599
38.995,0.2,-0.16311778027890167,-0.4355655279900709
39.0,0.2,-0.16392084929160944,-0.1084799010449622
39.005,0.2,-0.1647385364794235,0.1018973743999714
39.01,0.2,-0.1656544563764889,-0.02010972964736593
39.015,0.2,-0.1666431198168956,-0.1543347993833003
39.02,0.2,-0.16760525042279387,0.011481602775359562
39.025,0.2,-0.16842241440537153,-0.3238461549607537
39.03,0.2,-0.1690046206240522,-0.3661442961753649
39.035,0.2,-0.16934517228384674,-0.5402014327481153
39.04,0.2,-0.16954445907219426,-0.006038180337753579
39.045,0.2,-0.1697469910913359,0.08986324714872296
39.05,0.2,-0.17002380905658848,0.22341891888672918
39.055,0.2,-0.17029673522504632,0.19782498588576275
39.06,0.2,-0.17035565070169725,-0.20306288233722455
39.065,0.2,-0.16995721817041445,-0.32346456949207747
39.07,0.2,-0.16894794084412817,-0.42194908570115147
39.075,0.2,-0.16733482605241654,-0.4197288558542174
39.08,0.2,-0.16527622239912376,-0.23136082207019693
39.085,0.2,-0.16301188963349306,-0.06308201989606055
39.09,0.2,-0.16076687806100207,0.010792702416853539
39.095,0.2,-0.1586816828750793,-0.09256352828362838
39.1,0.2,-0.1568077643897318,-0.2270998684998508
39.105,0.2,-0.15516140644814375,-0.4260081656635348
39.11,0.2,-0.15379467136970373,-0.43983510559446465
39.115,0.2,-0.15283748332715202,-0.4389035770273382
39.12,0.2,-0.1524863459352855,-0.2654332746334643
39.125,0.2,-0.15293919180727616,0.10223400464336298
39.13,0.2,-0.1542947579066206,0.1869043168801691
39.135,0.2,-0.156471252769206,0.16863658772973739
39.14,0.2,-0.15921348759498427,-0.2609004152430252
39.145,0.2,-0.1622024935575563,-0.43225856109999317
39.15,0.2,-0.16519666184816864,-0.45720451384079996
39.155,0.2,-0.16811080086419555,-0.5047333111321007
39.16,0.2,-0.170997775087274,0.0009987278485738549
39.165,0.2,-0.1739486597979982,0.09191437415727016
39.17,0.2,-0.17697289534069646,0.08053032696378892
39.175,0.2,-0.17995038035657202,-0.06696912156112607
39.18,0.2,-0.18268138260927297,-0.26449675002404116
39.185,0.2,-0.184978021562356,-0.27094290591263887
39.19,0.2,-0.1867338621614316,-0.351764509142149
39.195,0.2,-0.18794613862981255,-0.313901055223967
39.2,0.2,-0.1886911559409697,0.03403127080227103
39.205,0.2,-0.18905636617174126,0.012204098755256049
39.21,0.2,-0.1890666628734718,0.08751014439220048
39.215,0.2,-0.18865845534211229,0.02907051124529655
39.22,0.2,-0.18770846810531344,-0.17374652147413058
39.225,0.2,-0.1861015294215413,-0.41052696294022417
39.23,0.2,-0.18381505776921236,-0.45072591355343117
39.235,0.2,-0.18096943303998514,-0.35761922082097763
39.24,0.2,-0.1778042386175076,-0.18587283902959212
39.245,0.2,-0.17458818796753744,0.1956083452235196
39.25,0.2,-0.1715071674026909,0.08184618976015505
39.255,0.2,-0.1685968653649349,0.14697045043321605
39.26,0.2,-0.16576818121873704,-0.39202251358208673
39.265,0.2,-0.16291040458463688,-0.29975467242720344
39.27,0.2,-0.15999629515439193,-0.4289589974768529
39.275,0.2,-0.15712064008469656,-0.39225490884788405
39.28,0.2,-0.15446812391948117,-0.04251714544852217
39.285,0.2,-0.15223291495401806,-0.030178721685675758
39.29,0.2,-0.15052668767522875,0.17415674453010643
39.295,0.2,-0.14933255456669906,-0.1253045462051299
39.3,0.2,-0.14853370868534874,-0.1561883460863427
39.305,0.2,-0.1479950341451843,-0.44307138023241893
39.31,0.2,-0.147653804979709,-0.5978848490601648
39.315,0.2,-0.1475725089525106,-0.21955257008799936
39.32,0.2,-0.14790910039244157,-0.2176417138981926
39.325,0.2,-0.14881671482331965,0.1530260150593606
39.33,0.2,-0.1503413039631098,0.15360009848978096
39.335,0.2,-0.1523676292378563,0.15239431286358213
39.34,0.2,-0.15463845386296818,-0.12430038405863746
39.345,0.2,-0.1568446436272674,-0.2979912433359095
39.35,0.2,-0.15873732762049947,-0.3455268467965612
39.355,0.2,-0.16020243838984818,-0.47582928313943185
39.36,0.2,-0.1612669775108777,-0.03214793896886721
39.365,0.2,-0.1620327500667872,-0.03496375435143735
39.37,0.2,-0.16258200572250267,-0.05286614202271964
39.375,0.2,-0.16292824894010022,0.05097310945441437
39.38,0.2,-0.1630262549248,-0.25137751396325997
39.385,0.2,-0.16282269369834193,-0.42311928951364314
39.39,0.2,-0.16233359781360251,-0.5224457648564481
39.395,0.2,-0.16169937758377723,-0.4527276690495381
39.4,0.2,-0.16116784111376004,-0.19018132546052785
39.405,0.2,-0.16100476530005484,0.08197756618136429
39.41,0.2,-0.16137352160264246,0.2558169817613754
39.415,0.2,-0.16225509996198678,-0.006043695263441035
39.42,0.2,-0.16347177545195923,-0.24556002803726612
39.425,0.2,-0.1648029631923672,-0.4138179724448703
39.43,0.2,-0.16611034966563484,-0.5644047195008268
39.435,0.2,-0.16740226153579518,-0.40788999900581335
39.44,0.2,-0.1688162241163618,-0.27555851595769226
39.445,0.2,-0.17053415171127106,0.008622029615573241
39.45,0.2,-0.17267202683005275,0.17334935141981084
39.455,0.2,-0.17519930264982753,0.034499947643298556
39.46,0.2,-0.17793449968473415,-0.019983831605544927
39.465,0.2,-0.18061849026688753,-0.34796927522909216
39.47,0.2,-0.18302654683376302,-0.5587991946009169
39.475,0.2,-0.18505696398975074,-0.10098268865183713
39.48,0.2,-0.18672365566222493,-0.11763317716643032
39.485,0.2,-0.18806830602322627,-0.026517058489777853
39.49,0.2,-0.18908515423664746,0.16882124481868765
39.495,0.2,-0.1896909632868652,0.0002452788672143505
39.5,0.2,-0.18974041690987015,-0.2363487819147647
39.505,0.2,-0.18909564003024645,-0.26639317265680323
39.51,0.2,-0.18770469387031827,-0.3702867977636959
39.515,0.2,-0.18564061215965164,-0.5195765285765122
39.52,0.2,-0.1830969075185333,-0.09743345436126272
39.525,0.2,-0.18032401272999984,0.04819352207974158
39.53,0.2,-0.17751868297204212,0.14089608928391376
39.535,0.2,-0.17475107119223118,-0.08578145401534146
39.54,0.2,-0.17198727713486825,-0.2070989313243678
39.545,0.2,-0.16917224517492244,-0.2956148551440636
39.55,0.2,-0.166309912249411,-0.5647151632665623
39.555,0.2,-0.16351058318478162,-0.3487811250907633
39.56,0.2,-0.1609840240417242,-0.24926177978191438
39.565,0.2,-0.15897121746116763,-0.13035153178530132
39.57,0.2,-0.1576476850875389,0.36298484262722397
39.575,0.2,-0.15703412435638583,0.11297970264096405
39.58,0.2,-0.15696906850377476,-0.08728875830716783
39.585,0.2,-0.15718812917090966,-0.25002609244843466
39.59,0.2,-0.15745318893420185,-0.44062266764380376
39.595,0.2,-0.15764279441852155,-0.3481566161344934
39.6,0.2,-0.15776701661576145,-0.18900026182254914
39.605,0.2,-0.15790738041784222,0.0422051828377153
39.61,0.2,-0.1581178845092837,0.20500053396458845
39.615,0.2,-0.15835049006807186,-0.01356091648559743
39.62,0.2,-0.15845817062207554,-0.10628401970654712
39.625,0.2,-0.15826660700323097,-0.19834708284602393
39.63,0.2,-0.1576564189605082,-0.4598699414804528
39.635,0.2,-0.15662554532884598,-0.49888900933711405
39.64,0.2,-0.15530929021831613,-0.09418647550111922
39.645,0.2,-0.15391342613092024,0.1297621223749112
39.65,0.2,-0.1525871160868058,0.14529080872414993
39.655,0.2,-0.15133799476688528,0.18232011597492923
39.66,0.2,-0.15003909047994263,-0.06947732013550444
39.665,0.2,-0.14850445100006832,-0.242027757206481
39.67,0.2,-0.14659353568974604,-0.4399731465393205
39.675,0.2,-0.1442960781059343,-0.4323321445514913
39.68,0.2,-0.14174735226494073,-0.07264235953181923
39.685,0.2,-0.1391521382072539,0.09315627348364225
39.69,0.2,-0.13665901374426942,0.3406680155060251
39.695,0.2,-0.13427313210537672,0.013165120435039424
39.7,0.2,-0.13187052263064208,-0.09468858946076676
39.705,0.2,-0.12930184551675622,-0.4820221444005145
39.71,0.2,-0.12651404608958883,-0.4505191340924474
39.715,0.2,-0.1236134783511341,-0.3432918112212558
39.72,0.2,-0.12083516908653828,-0.18641537320294446
39.725,0.2,-0.11844450709702038,0.08810303436106989
39.73,0.2,-0.11663017119758676,0.07780367338090982
39.735,0.2,-0.11544325056502774,0.006203136941194412
39.74,0.2,-0.11481069536110995,-0.09077144473142049
39.745,0.2,-0.11459801960771866,-0.1509589764251743
39.75,0.2,-0.11467766348164458,-0.37895533540671267
39.755,0.2,-0.11498546260663081,-0.3376291245886933
39.76,0.2,-0.11554497435534472,-0.18823612034155832
39.765,0.2,-0.11643112049424593,0.035171597364358945
39.77,0.2,-0.11768706267083964,0.16315009010322204
39.775,0.2,-0.11925251370520305,0.10716766349944151
39.78,0.2,-0.12095848380251419,-0.17257302891327372
39.785,0.2,-0.12260364683683385,-0.4358588580937045
39.79,0.2,-0.12406738329937285,-0.47051805444373124
39.795,0.2,-0.12537364153405373,-0.21935816028601593
39.8,0.2,-0.1266534523521735,-0.07412804660432767
39.805,0.2,-0.12804300407240732,0.06108909392259709
39.81,0.2,-0.12959402800766898,0.15899339130155946
39.815,0.2,-0.13123285011516309,0.17315236994328742
39.82,0.2,-0.13277661915636588,-0.21857744305577792
39.825,0.2,-0.1340189923394866,-0.4492409662713501
39.83,0.2,-0.1348503645388999,-0.44146453352402976
39.835,0.2,-0.13532478390134028,-0.40416029195733755
39.84,0.2,-0.13563447238005466,-0.26633613996916694
39.845,0.2,-0.1360217495875399,0.12331845920299986
39.85,0.2,-0.13666280882347742,0.23121167052197605
39.855,0.2,-0.13757598787918537,0.08271735344555153
39.86,0.2,-0.13862716486361418,-0.2576549797039539
39.865,0.2,-0.13963506561049574,-0.32508450277935386
39.87,0.2,-0.14048891927179322,-0.4129655078189452
39.875,0.2,-0.1412011943508462,-0.3403800769434407
39.88,0.2,-0.14188380867464198,-0.06322685619905327
39.885,0.2,-0.14266414509494693,0.19092746646263906
39.89,0.2,-0.14358470431783665,0.05250172337316156
39.895,0.2,-0.14455525555624263,0.20932778970548527
39.9,0.2,-0.14537786408208062,-0.09084281565537355
39.905,0.2,-0.14582397647942,-0.4018302889501744
39.91,-0.2,-0.14574501445780427,-0.49343979414745487
39.915,-0.2,-0.1451548815079414,-0.27970918122187116
39.92,-0.2,-0.14421498522743503,-0.20604441348880626
39.925,-0.2,-0.14314191223725825,0.025198130241831006
39.93,-0.2,-0.14210885568352494,0.05501839531982211
39.935,-0.2,-0.14118358019354113,0.1401086267880752
39.94,-0.2,-0.1403223706723204,-0.19984946936955988
39.945,-0.2,-0.13943130812321156,-0.3712993143169586
39.95,-0.2,-0.1384695323214741,-0.5628653284534701
39.955,-0.2,-0.13752675253055321,-0.42871647106847677
39.96,-0.2,-0.13681701311376054,-0.17535950126410274
39.965,-0.2,-0.13658615485794887,0.0730142407757843
39.97,-0.2,-0.13699033788578452,0.13277498691811204
39.975,-0.2,-0.13801700803670922,0.2634987736162252
39.98,-0.2,-0.13948166752020205,-0.08713768470616834
39.985,-0.2,-0.14110550438814737,-0.3355355895911616
39.99,-0.2,-0.14264252992865378,-0.35897371568819997
39.995,-0.2,-0.14396741776951177,-0.16018673068808492
40.0,-0.2,-0.14506767029031495,-0.22891381548387063
40.005,-0.2,-0.1459866387500799,-0.13324849120208834
40.01,-0.2,-0.14677068496761939,0.15407389107644254
40.015,-0.2,-0.1474092480299379,0.317679376550917
40.02,-0.2,-0.14778259703597746,-0.03999041370985161
40.025,-0.2,-0.14769392600164172,-0.3763535387068816
40.03,-0.2,-0.1469905391882309,-0.3483633700383518
40.035,-0.2,-0.14565903761922272,-0.21563575846663943
40.04,-0.2,-0.14381036751602827,-0.029438921588558944
40.045,-0.2,-0.1415905984405391,0.09644913305965117
40.05,-0.2,-0.13908966567506145,0.2835160993326101
40.055,-0.2,-0.1362900742943357,0.07313027477828406
40.06,-0.2,-0.1330823679613125,-0.0780172851761792
40.065,-0.2,-0.1293505889055172,-0.4480478381571713
40.07,-0.2,-0.12508488638103532,-0.5094443106965219
40.075,-0.2,-0.12045305271652972,-0.4412656281081423
40.08,-0.2,-0.11577379939387725,0.0413031064594194
40.085,-0.2,-0.1113922971890277,0.09742519921545674
40.09,-0.2,-0.10754571085503987,0.06298994822146661
40.095,-0.2,-0.1043123182957335,0.0941195711043349
40.1,-0.2,-0.10164845789585358,-0.26374475325959
40.105,-0.2,-0.09947288380602355,-0.3310772087203554
40.11,-0.2,-0.09775651811137374,-0.3903713432946329
40.115,-0.2,-0.09657076685232904,-0.48497423692479036
40.12,-0.2,-0.09607587586229255,-0.09683686775089355
40.125,-0.2,-0.09645289008439357,-0.0554031560907514
40.13,-0.2,-0.09780514018006892,0.2166510606292108
40.135,-0.2,-0.10008645772885846,0.07813888496983418
40.14,-0.2,-0.10309767509796264,-0.0016345270671868917
40.145,-0.2,-0.10655619868059117,-0.37387307335647263
40.15,-0.2,-0.11021099231430168,-0.4842806285151252
40.155,-0.2,-0.11393073988324565,-0.09953824700314345
40.16,-0.2,-0.11769022758102494,-0.06547506484054313
40.165,-0.2,-0.1214815027487397,-0.014594172130143204
40.17,-0.2,-0.12524472238913315,0.12431214161908719
40.175,-0.2,-0.1288414894063947,0.22698181207161902
40.18,-0.2,-0.1320561414441351,-0.17670313582260472
40.185,-0.2,-0.13465536649529267,-0.36682355303471237
40.19,-0.2,-0.13649664552921803,-0.41747150555681983
40.195,-0.2,-0.13759598050032806,-0.2533866065182905
40.2,-0.2,-0.13809747635335382,-0.04366066634471873
40.205,-0.2,-0.13817242881950706,0.2155256700436121
40.21,-0.2,-0.1379097340343553,0.2785142871114371
40.215,-0.2,-0.137266622715214,-0.16202223865949777
40.22,-0.2,-0.13612021634866545,-0.06010948978798482
40.225,-0.2,-0.13437239466833067,-0.4288788839418567
40.23,-0.2,-0.13203937203912128,-0.6184669146304371
40.235,-0.2,-0.12930433812972555,-0.3834087981385198
40.24,-0.2,-0.1264978457809155,-0.22331230809641192
40.245,-0.2,-0.12398741056994093,0.17263274892027347
40.25,-0.2,-0.12203102074919077,0.3700423275667099
40.255,-0.2,-0.12067325075458979,0.19272285082849044
40.26,-0.2,-0.11974877798917634,-0.05713757470085744
40.265,-0.2,-0.11899749665470327,-0.34953633441965026
40.27,-0.2,-0.11821211243303344,-0.3613135865089447
40.275,-0.2,-0.11732664280020648,-0.3334997908637337
40.28,-0.2,-0.11641403249045097,-0.22630215293535488
40.285,-0.2,-0.11562035408626155,-0.0051695580155353416
40.29,-0.2,-0.11507654338060229,0.08340856171911813
40.295,-0.2,-0.11482529389543887,0.12315920103816523
40.3,-0.2,-0.1147976367808338,-0.015236581634068741
40.305,-0.2,-0.11485864489104657,-0.4460067564840385
40.31,-0.2,-0.11490755157281571,-0.3759937741725324
40.315,-0.2,-0.11495808672693021,-0.28592003885748524
40.32,-0.2,-0.11513075949290806,-0.2226772822238321
40.325,-0.2,-0.11557329983619578,0.245600456906799
40.33,-0.2,-0.11635834264515063,0.1626130444620164
40.335,-0.2,-0.11741998925001372,-0.06645678170730626
40.34,-0.2,-0.11858253520620404,0.037246163292323636
40.345,-0.2,-0.11964409006634388,-0.31003781018212156
40.35,-0.2,-0.12045716525880358,-0.412926107432124
40.355,-0.2,-0.1209899909632662,-0.2973005143182965
40.36,-0.2,-0.12133385186306833,-0.21266500777171257
40.365,-0.2,-0.12163839780479427,0.10901024845029883
40.37,-0.2,-0.1220096216190594,0.28479266227292177
40.375,-0.2,-0.12242585961289734,0.11427044707669513
40.38,-0.2,-0.12273796021323795,-0.23081404590997304
40.385,-0.2,-0.12277280411470287,-0.45944467686188606
40.39,-0.2,-0.1224595303627128,-0.321467573792959
40.395,-0.2,-0.12187385998821805,-0.23339230916962328
40.4,-0.2,-0.12119015452301443,-0.2806654981875195
40.405,-0.2,-0.12060261480509016,0.1878740174331933
40.41,-0.2,-0.12023790135610887,0.2716425490922885
40.415,-0.2,-0.12007744803855915,0.12853001541212333
40.42,-0.2,-0.11995742200966764,-0.07040805172608944
40.425,-0.2,-0.11966151811544816,-0.2903922738883947
40.43,-0.2,-0.11903475127701779,-0.30617883594242
40.435,-0.2,-0.11805403575142882,-0.49008730967640723
40.44,-0.2,-0.11683256653019185,0.008091512789481461
40.445,-0.2,-0.11554462731546128,0.1830164573818454
40.45,-0.2,-0.11430101815661597,0.2490736044240911
40.455,-0.2,-0.11307259489461113,0.03727936532850708
40.46,-0.2,-0.11172367827546413,-0.19310465528116438
40.465,-0.2,-0.11011516178685095,-0.25744663620568675
40.47,-0.2,-0.10819674284265485,-0.3722350110364176
40.475,-0.2,-0.10604582822939555,-0.3843968203122967
40.48,-0.2,-0.10385243323320034,-0.12208934125692406
40.485,-0.2,-0.10184393568824496,0.26956253010984166
40.49,-0.2,-0.1001694906924146,0.10255546991955486
40.495,-0.2,-0.09883170757511685,0.04769125629767899
40.5,-0.2,-0.09772191933191356,-0.17594828902871648
40.505,-0.2,-0.09671157245178286,-0.21406764545233842
40.51,-0.2,-0.0957349834312947,-0.5091657854387523
40.515,-0.2,-0.09484176311682513,-0.36318990785929195
40.52,-0.2,-0.09419109602646103,0.029291840536164224
40.525,-0.2,-0.09395984773132922,0.1803514014112754
40.53,-0.2,-0.09422287609093859,0.10418853578575712
40.535,-0.2,-0.09490133004701747,0.2587073362582437
40.54,-0.2,-0.0957953725662498,-0.23902465789915217
40.545,-0.2,-0.09667703844859976,-0.34143197482216797
40.55,-0.2,-0.09740105155889235,-0.268131002956141
40.555,-0.2,-0.09795526435758202,-0.28717014006024044
40.56,-0.2,-0.09842551194981501,0.004274701029542943
40.565,-0.2,-0.09891607538447111,0.08591526340045003
40.57,-0.2,-0.0994627227911682,0.36838934517099703
40.575,-0.2,-0.09997876492421244,-0.029323741490916988
40.58,-0.2,-0.10027664875495645,0.05814499574811305
40.585,-0.2,-0.10015468366036294,-0.3653287265135471
40.59,-0.2,-0.099490540860756,-0.2021137427989529
40.595,-0.2,-0.09829304542916349,-0.3799187063755661
40.6,-0.2,-0.09669316101286544,-0.03384956730526621
40.605,-0.2,-0.09487697616723534,0.10057749209364893
40.61,-0.2,-0.09299009082989951,0.19649159027970675
40.615,-0.2,-0.09106742096901783,0.2285976036085669
40.62,-0.2,-0.08903069158445755,-0.11776795584859581
40.625,-0.2,-0.0867649083112587,-0.4460600054216539
40.63,-0.2,-0.08424022405113601,-0.4514114976840205
40.635,-0.2,-0.08158721360899675,-0.2679526228527888
40.64,-0.2,-0.07906061008132598,-0.0769682091256197
40.645,-0.2,-0.07692661865462526,0.1549285999952177
40.65,-0.2,-0.07535295415306752,0.13165342547628273
40.655,-0.2,-0.07436029812724115,0.0388117004369484
40.66,-0.2,-0.07385429515910673,-0.17903760034910451
40.665,-0.2,-0.07370684000475881,-0.1676541985099247
40.67,-0.2,-0.07383258408230083,-0.4171228245613332
40.675,-0.2,-0.07423101508842256,-0.22424791181399728
40.68,-0.2,-0.07497964938612309,-0.09724672143961431
40.685,-0.2,-0.07617326802465804,0.06675639106801402
40.69,-0.2,-0.07784143991730086,0.2533269272173116
40.695,-0.2,-0.07989363612373185,0.07592780958809643
40.7,-0.2,-0.08213168315021424,-0.16039821191100956
40.705,-0.2,-0.08433582980881722,-0.3248732911098746
40.71,-0.2,-0.08636666163895257,-0.32534387683169436
40.715,-0.2,-0.08820528984033131,-0.06627762908562315
40.72,-0.2,-0.08991202194571758,-0.1248043225379053
40.725,-0.2,-0.0915507951702987,0.16609406449839914
40.73,-0.2,-0.09312495834385452,0.19216529001131089
40.735,-0.2,-0.09454098509134015,0.11668973209305099
40.74,-0.2,-0.09562194451805055,-0.01771980867506316
40.745,-0.2,-0.09617968567019868,-0.3990343879858943
40.75,-0.2,-0.09611798294552414,-0.4592216015551184
40.755,-0.2,-0.09550284970045377,-0.20417343706115104
40.76,-0.2,-0.09453495609863333,-0.060102644867482326
40.765,-0.2,-0.09344360543947838,0.08287555859629311
40.77,-0.2,-0.09238403203715155,0.23659685422248825
40.775,-0.2,-0.09138288265423111,0.1628626592780974
40.78,-0.2,-0.09034791907768518,-0.157961962967618
40.785,-0.2,-0.08915257088140498,-0.39743595746755345
40.79,-0.2,-0.08775599372561387,-0.5238055033803182
40.795,-0.2,-0.08627345460815453,-0.24480587415428762
40.8,-0.2,-0.08494212056037681,-0.10734778612259112
40.805,-0.2,-0.08400586445243685,0.27653282547215147
40.81,-0.2,-0.08358846505832779,0.3224139432728308
40.815,-0.2,-0.08362279709558436,0.1886965060143318
40.82,-0.2,-0.08387853835785898,-0.025958081615856735
40.825,-0.2,-0.08407207977434575,-0.2705991450638311
40.83,-0.2,-0.08399048521775633,-0.3060494665769249
40.835,-0.2,-0.0835632991772158,-0.25219983672016766
40.84,-0.2,-0.08285430374673124,-0.09515944794350623
40.845,-0.2,-0.0819913230782662,0.08800944132942953
40.85,-0.2,-0.08107674426969531,0.19299824640192348
40.855,-0.2,-0.08012450532160043,0.0980593870349832
40.86,-0.2,-0.07905958134750761,-0.07560006383131676
40.865,-0.2,-0.07778230316604551,-0.31246648029700375
40.87,-0.2,-0.07625845310911955,-0.3857486717756458
40.875,-0.2,-0.07457555963898181,-0.23285803498524404
40.88,-0.2,-0.0729245417930724,-0.12478677140267633
40.885,-0.2,-0.07152171430444082,0.05831092478514384
40.89,-0.2,-0.07051789475332021,0.28539893726922594
40.895,-0.2,-0.0699338614935383,0.0686592450724392
40.9,-0.2,-0.06966131380219852,-0.033977564145700856
40.905,-0.2,-0.06954221485357369,-0.4099981818600854
40.91,-0.2,-0.06948368177990277,-0.4991501144235736
40.915,-0.2,-0.06953481350191576,-0.24231681163238236
40.92,-0.2,-0.06986491722984817,-0.09296701953530043
40.925,-0.2,-0.07066011064796086,0.08732877189213953
40.93,-0.2,-0.0720115855829922,0.4113920095651755
40.935,-0.2,-0.07384592048648288,0.0837606327386453
40.94,-0.2,-0.07593744633548265,-0.03787449164442284
40.945,-0.2,-0.07800582671392642,-0.17165514322222822
40.95,-0.2,-0.07982956248762182,-0.4081691394599064
40.955,-0.2,-0.08131598346794838,-0.22786666870091976
40.96,-0.2,-0.08250620581396426,-0.16848802220263515
40.965,-0.2,-0.08351586017329879,0.015542447484040905
40.97,-0.2,-0.08444359131752353,0.3520762495484487
40.975,-0.2,-0.08528604080060262,0.18911037544428197
40.98,-0.2,-0.08590882830587802,0.07034656472244757
40.985,-0.2,-0.08610950446467723,-0.28438857890671904
40.99,-0.2,-0.08573754143044646,-0.4210319960465212
40.995,-0.2,-0.08478828346832462,-0.21360618469769693
41.0,-0.2,-0.08340383935179589,-0.11892370963814092
41.005,-0.2,-0.08179110530119835,0.03526389099044991
41.01,-0.2,-0.08012486985718802,0.21263901433543858
41.015,-0.2,-0.0784864074418703,-0.019637606724137696
41.02,-0.2,-0.07686457119261186,-0.042189728076567436
41.025,-0.2,-0.07521559990731386,-0.2945301802796475
41.03,-0.2,-0.07353731436683737,-0.2972354045958798
41.035,-0.2,-0.07191340082875579,-0.27731991352293334
41.04,-0.2,-0.07050193029660802,-0.029256745626881894
41.045,-0.2,-0.06946891943921035,0.08729296997933639
41.05,-0.2,-0.0689031415466643,0.2737880477173031
41.055,-0.2,-0.06876072482076614,0.13084903068157364
41.06,-0.2,-0.06887721387640335,-0.09797315418908048
41.065,-0.2,-0.06905195572011083,-0.3125091817366219
41.07,-0.2,-0.0691559385650056,-0.3577179395114733
41.075,-0.2,-0.06919300512797397,-0.27943202579025445
41.08,-0.2,-0.06927636721134271,0.09239554283934931
41.085,-0.2,-0.06952908961656226,0.2881865794925387
41.09,-0.2,-0.069969512187344,0.26532016095776983
41.095,-0.2,-0.07046668520371518,0.08068234337057076
41.1,-0.2,-0.0707984371847164,-0.19666667128534554
41.105,-0.2,-0.0707677969114693,-0.32842255990223107
41.11,-0.2,-0.07029976331271108,-0.24480050866346753
41.115,-0.2,-0.06946342391118837,-0.24583033525008025
41.12,-0.2,-0.06843217481895639,-0.25839949223733294
41.125,-0.2,-0.06742505828828876,0.05243930030088846
41.13,-0.2,-0.0666331004140629,0.22508509948485328
41.135,-0.2,-0.06613799779917318,0.18756180133855643
41.14,-0.2,-0.06587794648573263,0.10812901707897281
41.145,-0.2,-0.0656957842894739,-0.2694702232182552
41.15,-0.2,-0.06545491420338108,-0.6768353906082645
41.155,-0.2,-0.0651579837371908,-0.14481191941952487
41.16,-0.2,-0.0649557218499854,-0.010624781703594155
41.165,-0.2,-0.06503006961449319,0.07734014363157775
41.17,-0.2,-0.06547495568022728,0.23077532988273408
41.175,-0.2,-0.0662398830642908,0.4807740964966992
41.18,-0.2,-0.06712132808405762,-0.0796526217386944
41.185,-0.2,-0.06783140421799129,-0.20674015036772295
41.19,-0.2,-0.06813893922986841,-0.4650230673779182
41.195,-0.2,-0.06798157436054868,-0.3014875697698777
41.2,-0.2,-0.06747465753718365,-0.1946312555954698
41.205,-0.2,-0.0668288570289891,0.1326744281365154
41.21,-0.2,-0.0662328667616658,0.11974360201860554
41.215,-0.2,-0.06576451316431825,0.3039125222661032
41.22,-0.2,-0.0653766444985396,-0.30982739387892955
41.225,-0.2,-0.06497501025012742,-0.296092155937079
41.23,-0.2,-0.06453393678392942,-0.3812803392821446
41.235,-0.2,-0.06415125309111348,-0.2798587023208678
41.24,-0.2,-0.0640168755556357,-0.15419803064561224
41.245,-0.2,-0.06433523140677248,0.09671295595586665
41.25,-0.2,-0.06523850489663159,0.09584679927937956
41.255,-0.2,-0.06673060965127987,0.12720552044325115
41.26,-0.2,-0.06869146402098524,-0.05448127980717639
41.265,-0.2,-0.07094120300717678,-0.3798522452672629
41.27,-0.2,-0.07333340656658015,-0.1862427064542781
41.275,-0.2,-0.0758125253533716,-0.2814011673448431
41.28,-0.2,-0.07840170537471214,-0.11558654390377042
41.285,-0.2,-0.08114303093087155,0.2899697730163375
41.29,-0.2,-0.08400909184243482,0.31705413730877324
41.295,-0.2,-0.08683242126591462,0.1957558590252494
41.3,-0.2,-0.089325250687992,-0.07728918592850804
41.305,-0.2,-0.09119040228696892,-0.38208058841722625
41.31,-0.2,-0.09225016475783829,-0.3455280843372557
41.315,-0.2,-0.09251514783179958,-0.3886377314088781
41.32,-0.2,-0.09215696884409418,0.07161416906048745
41.325,-0.2,-0.09140219768743264,0.11025331913008571
41.33,-0.2,-0.09041194828505156,0.23150192176181889
41.335,-0.2,-0.08922621657338205,-0.05580899917820478
41.34,-0.2,-0.08779564722686428,0.025372174863439068
41.345,-0.2,-0.08605227388597739,-0.21306450584822628
41.35,-0.2,-0.08397756012489088,-0.4483721184871447
41.355,-0.2,-0.08166270738663593,-0.4232316683975726
41.36,-0.2,-0.07932978566741257,-0.19231878097922522
41.365,-0.2,-0.07727157082450936,0.0069183660179411854
41.37,-0.2,-0.07573975828152303,0.13029286512865945
41.375,-0.2,-0.07486155304618461,-0.024638478285107
41.38,-0.2,-0.07463859306334729,-0.2093179019972452
41.385,-0.2,-0.07501571689938252,-0.2439429498151548
41.39,-0.2,-0.07595586768644592,-0.32715583246961577
41.395,-0.2,-0.0774718895146325,-0.1845577417326366
41.4,-0.2,-0.07960927741807394,-0.11332663607432938
41.405,-0.2,-0.08239644735282114,0.06940030480329634
41.41,-0.2,-0.08578824862029946,0.15050453476135275
41.415,-0.2,-0.08963793291672084,-0.11817450083102826
41.42,-0.2,-0.09372435102133667,0.0225087091142967
41.425,-0.2,-0.09781197963229366,-0.21870706545790553
41.43,-0.2,-0.10170822876115374,-0.35955782359694066
41.435,-0.2,-0.1053161560487287,-0.4074784968778674
41.44,-0.2,-0.10866043754673195,-0.1937750555149116
41.445,-0.2,-0.11184092054742294,0.17940910274285993
41.45,-0.2,-0.11492243982486791,0.2355145418160465
41.455,-0.2,-0.11783746419423591,0.29974003498260576
41.46,-0.2,-0.12036946665972856,0.09539137567505963
41.465,-0.2,-0.12222596276181501,-0.29544964183910827
41.47,-0.2,-0.12316126100475148,-0.18170990446158186
41.475,-0.2,-0.12307177995947664,-0.3684152989987406
41.48,-0.2,-0.12200950053195211,-0.027256351631436332
41.485,-0.2,-0.12011933341653969,0.1427535029855892
41.49,-0.2,-0.11754119376930569,0.1165616463635669
41.495,-0.2,-0.11433961836055792,0.2522275836530123
41.5,-0.2,-0.11050156369915222,-0.19824720195637824
41.505,-0.2,-0.10600295629135494,-0.32163102807722277
41.51,-0.2,-0.10090927381695118,-0.4555251699079601
41.515,-0.2,-0.09543786903958587,-0.3806655420875258
41.52,-0.2,-0.08993617318446173,-0.14361392291956884
41.525,-0.2,-0.08478151055795109,0.2947405566128129
41.53,-0.2,-0.08024259789920002,0.2755741210137323
41.535,-0.2,-0.07639180723904869,0.03919833165424085
41.54,-0.2,-0.07314071622165592,-0.17141502126963276
41.545,-0.2,-0.07036113640817247,-0.32586153378952337
41.55,-0.2,-0.06799789880210542,-0.4677485787248399
41.555,-0.2,-0.06611841462620886,-0.22025398037397453
41.56,-0.2,-0.06488669073913937,-0.2519444705510008
41.565,-0.2,-0.06448414567236577,0.12147123104306048
41.57,-0.2,-0.06501145885807509,0.346062913909495
41.575,-0.2,-0.06640563485458668,0.16235110574886497
41.58,-0.2,-0.06843740220012966,-0.1710822672956227
41.585,-0.2,-0.07081670918807795,-0.3049874997087676
41.59,-0.2,-0.07332424395385867,-0.3344729302179402
41.595,-0.2,-0.07587530109665384,-0.31915987437140914
41.6,-0.2,-0.07850413345092394,-0.16107755307197713
41.605,-0.2,-0.08129352919402928,0.20490756213679556
41.61,-0.2,-0.08427767464866937,0.08970532400457623
41.615,-0.2,-0.08738005058559319,0.051802008490664714
41.62,-0.2,-0.0904338749846029,-0.10754736071340462
41.625,-0.2,-0.09325949184887054,-0.34134072157616946
41.63,-0.2,-0.09575303567472325,-0.4971916859982537
41.635,-0.2,-0.09795143891212821,-0.43524484002964614
41.64,-0.2,-0.1000307549758807,-0.15689671763976107
41.645,-0.2,-0.10221861863950163,0.14697666041424362
41.65,-0.2,-0.10467058531015254,0.035970456856185246
41.655,-0.2,-0.10740040228020055,0.062355376488926195
41.66,-0.2,-0.1102979690398929,-0.05780089508615276
41.665,-0.2,-0.11319165811110607,-0.113520051038933
41.67,-0.2,-0.11591807352605356,-0.4219144052374184
41.675,-0.2,-0.11838933615970676,-0.30446406004644
41.68,-0.2,-0.1206234311228645,-0.1600160085364466
41.685,-0.2,-0.1227001602067985,0.10084522948276219
41.69,-0.2,-0.12467400995310127,-0.008272604654298715
41.695,-0.2,-0.12651367813945255,0.25747600877851384
41.7,-0.2,-0.12809327320139452,-0.0623723757593968
41.705,-0.2,-0.12923630479831433,-0.2881674001566459
41.71,-0.2,-0.12980597898002957,-0.30660819846360104
41.715,-0.2,-0.12978030573266042,-0.27839553932007766
41.72,-0.2,-0.129249907988562,-0.03111665362693146
41.725,-0.2,-0.12834881557698702,0.05659301023086298
41.73,-0.2,-0.12717104878567145,0.1578506156608745
41.735,-0.2,-0.12572121469697836,0.1146520661250494
41.74,-0.2,-0.12392156634370369,-0.0981186670933153
41.745,-0.2,-0.12167286620074895,-0.2626775413749013
41.75,-0.2,-0.11893719920222369,-0.3209114254109219
41.755,-0.2,-0.11579683109096632,-0.5077927415891728
41.76,-0.2,-0.11246167511005371,-0.09517177811427824
41.765,-0.2,-0.10920689698562391,0.05883318078235702
41.77,-0.2,-0.10625492525113742,0.30559180913167294
41.775,-0.2,-0.10368025947699414,0.056017776016213654
41.78,-0.2,-0.1014082472449041,-0.027901758695464657
41.785,-0.2,-0.09930122749288695,-0.36832210829207546
41.79,-0.2,-0.09727074199001491,-0.3850474482094465
41.795,-0.2,-0.0953509135828621,-0.3726972708352936
41.8,-0.2,-0.09369317462876162,-0.09761774204113013
41.805,-0.2,-0.09248500971820495,0.11707493211557717
41.81,-0.2,-0.09184535150607763,0.05188205197139967
41.815,-0.2,-0.09176744120702697,0.10137602724913979
41.82,-0.2,-0.09213792524511907,-0.21962880065034407
41.825,-0.2,-0.09281060628176414,-0.2795478109532971
41.83,-0.2,-0.09369084445909061,-0.37621731770127176
41.835,-0.2,-0.09478631529726977,-0.4455392845029076
41.84,-0.2,-0.09620319624335191,-0.09642417376071463
41.845,-0.2,-0.09808040126157984,0.08853688063724016
41.85,-0.2,-0.10048265767760195,0.26367189472351776
41.855,-0.2,-0.10331988088014686,0.20329550607144348
41.86,-0.2,-0.10634593516180726,0.048135354992883114
41.865,-0.2,-0.10923971710092807,-0.35023178165744767
41.87,-0.2,-0.11173256195439821,-0.3745324427417791
41.875,-0.2,-0.11370800397659254,-0.34621207710460145
41.88,-0.2,-0.11521424014179382,-0.26607888155587867
41.885,-0.2,-0.11639966952571285,0.018982054845583102
41.89,-0.2,-0.1174144150324706,0.1328836282193887
41.895,-0.2,-0.11832521438265847,0.03801903752037861
41.9,-0.2,-0.11909370750690386,-0.019188818076275288
41.905,-0.2,-0.11962494399406845,-0.27786580821833395
41.91,-0.2,-0.11984868041810108,-0.3780926674909779
41.915,-0.2,-0.11978256012696635,-0.1711301721625076
41.92,-0.2,-0.11953156008989801,-0.19935817804781117
41.925,-0.2,-0.11922851061410511,0.12510360632102022
41.93,-0.2,-0.11896262284880488,-0.001991574278221331
41.935,-0.2,-0.11873821572897929,0.0667258115616114
41.94,-0.2,-0.11848148806007752,-0.03195041801744135
41.945,-0.2,-0.11808099796777917,-0.15302565583074904
41.95,-0.2,-0.11744737677491417,-0.45581278176751505
41.955,-0.2,-0.11658010895934816,-0.31382729116898395
41.96,-0.2,-0.11559376855002199,-0.2071587140731212
41.965,-0.2,-0.11466663465519467,0.05702047951769349
41.97,-0.2,-0.11394444987390703,0.11796277938736406
41.975,-0.2,-0.11346685743928041,0.08352951123182761
41.98,-0.2,-0.11316170345215042,-0.116714600452105
41.985,-0.2,-0.11290722039389521,-0.2897314253722168
41.99,-0.2,-0.11262381209449661,-0.4776524003594318
41.995,-0.2,-0.11234345491497658,-0.3516820932167428
42.0,-0.2,-0.11220948104042472,-0.09516279598103755
42.005,-0.2,-0.11239450905066276,0.1410037972776833
42.01,-0.2,-0.11298756255940004,0.19716652237468796
42.015,-0.2,-0.11392603238732808,0.18670988325574844
42.02,-0.2,-0.11500564908376243,0.03586634407309587
42.025,-0.2,-0.11595329464265737,-0.18909403148217194
42.03,-0.2,-0.11653619194682481,-0.5652396250041182
42.035,-0.2,-0.11666789076754903,-0.3590764920891032
42.04,-0.2,-0.11643639810915678,-0.06481222925365016
42.045,-0.2,-0.1160161898521976,0.09666902394857234
42.05,-0.2,-0.11553226717545338,0.3465123137390155
42.055,-0.2,-0.11497040095528886,0.16556901457918793
42.06,-0.2,-0.11418050170250134,-0.09779642443544959
42.065,-0.2,-0.11297333702026727,-0.3682352930468761
42.07,-0.2,-0.11125199272959115,-0.5012571278050143
42.075,-0.2,-0.10909430947977058,-0.3894343077526661
42.08,-0.2,-0.10673878929076293,-0.14595583538509588
42.085,-0.2,-0.10448285034988235,0.12656093727276652
42.09,-0.2,-0.10255100691144743,0.2381198429142743
42.095,-0.2,-0.10101011950156852,0.05345190735476028
42.1,-0.2,-0.09978339296083436,-0.17019708796111782
42.105,-0.2,-0.09874822715798118,-0.36804834786564045
42.11,-0.2,-0.09784843101459802,-0.48187295301936417
42.115,-0.2,-0.0971529635150991,-0.2594784365243665
42.12,-0.2,-0.09682931547170405,-0.13233946512354797
42.125,-0.2,-0.09704932661628365,0.19386809580609482
42.13,-0.2,-0.09787880290555522,0.3403630446780439
42.135,-0.2,-0.09921072725754335,0.04574585805503782
42.14,-0.2,-0.10079667649789394,-0.1522301435419468
42.145,-0.2,-0.10236512696032223,-0.33856331856284105
42.15,-0.2,-0.10374034652261241,-0.38603547647031833
42.155,-0.2,-0.10489737876408363,-0.3933249349613599
42.16,-0.2,-0.10594118873851166,-0.007080155440411601
42.165,-0.2,-0.10701811573674042,0.09411560759647775
42.17,-0.2,-0.10820628251576299,0.18042125131097028
42.175,-0.2,-0.1094544970054109,0.1727751537163758
42.18,-0.2,-0.11059701474031498,-0.11156529717706185
42.185,-0.2,-0.11143155547346872,-0.2835655967519272
42.19,-0.2,-0.11182134043594036,-0.3331791185582644
42.195,-0.2,-0.1117555279104954,-0.2096390733462597
42.2,-0.2,-0.11133360420145745,-0.15532126097930818
42.205,-0.2,-0.11069480258160108,0.21455951721202615
42.21,-0.2,-0.10992561937010606,0.27108916473160993
42.215,-0.2,-0.10899727181108546,-0.07923691855524932
42.22,-0.2,-0.10779539948161196,-0.14370789216420152
42.225,-0.2,-0.10622547630291523,-0.5056909014481392
42.23,-0.2,-0.10431621588354781,-0.5366470143127317
42.235,-0.2,-0.10226307218295562,-0.299142585472138
42.24,-0.2,-0.1003801259868492,-0.14733913026454248
42.245,-0.2,-0.09898155009594226,0.15533355606211374
42.25,-0.2,-0.09825835185645708,0.3073689923189076
42.255,-0.2,-0.0982019899885167,0.2579158071611153
42.26,-0.2,-0.09861255363438784,-0.07596519452722905
42.265,-0.2,-0.09920712624706765,-0.46630991731664995
42.27,-0.2,-0.0997783154184227,-0.5021549641128032
42.275,-0.2,-0.10029892035208458,-0.3688989164731873
42.28,-0.2,-0.10090056450294944,0.009468814423582647
42.285,-0.2,-0.10175280254778206,0.08317710443722716
42.29,-0.2,-0.10293358632410171,0.3294561402513437
42.295,-0.2,-0.10436312326311845,0.0977537879137023
42.3,-0.2,-0.105826070834273,-0.05411597673247081
42.305,-0.2,-0.10706385135966705,-0.1919454621574757
42.31,-0.2,-0.10788007381025508,-0.3829102777508486
42.315,-0.2,-0.1082044176179076,-0.1680572716891831
42.32,-0.2,-0.10808358750314072,0.014939215614024184
42.325,-0.2,-0.10760520049301261,0.08550276336122882
42.33,-0.2,-0.10680642970770104,0.4345730350975654
42.335,-0.2,-0.10562016579773464,-0.0488907989766153
42.34,-0.2,-0.1039027404648569,-0.18193081590898735
42.345,-0.2,-0.10154219391946587,-0.39682912582896107
42.35,-0.2,-0.0985641429566285,-0.4540498177488098
42.355,-0.2,-0.09516803008307682,-0.4161299362869552
42.36,-0.2,-0.09168828150828512,-0.11976439503867806
42.365,-0.2,-0.0884972781667946,-0.05814605411512813
42.37,-0.2,-0.08589201930081755,0.24574377172601905
42.375,-0.2,-0.08400925016738847,0.2448356581603769
42.38,-0.2,-0.08280179965518286,-0.06617495063660928
42.385,-0.2,-0.08210521518627949,-0.2940760488950309
42.39,-0.2,-0.08176605612117406,-0.43264098849083843
42.395,-0.2,-0.08174095897551645,-0.3206507479601449
42.4,-0.2,-0.08210676164013667,-0.2139475793849164
42.405,-0.2,-0.08298782328219058,0.23611671074862012
42.41,-0.2,-0.08443842296791225,0.33679060211059186
42.415,-0.2,-0.08635099711414451,0.1100480236135844
42.42,-0.2,-0.08846636905482108,0.002243108882027431
42.425,-0.2,-0.09047407893383187,-0.18037677355018433
42.43,-0.2,-0.0921270573730441,-0.4738824586752957
42.435,-0.2,-0.09332714138633202,-0.39145637723106286
42.44,-0.2,-0.09414098156762551,0.06066112185540655
42.445,-0.2,-0.09470871717963034,0.20454123596011575
42.45,-0.2,-0.09510390446497843,0.3320883004373898
42.455,-0.2,-0.0952589376328548,0.05710417514597281
42.46,-0.2,-0.09500118458565049,-0.07175848551266131
42.465,-0.2,-0.09415652227636548,-0.2755544806442168
42.47,-0.2,-0.0926486729714862,-0.35639722837667814
42.475,-0.2,-0.09055024102842521,-0.36073759904837027
42.48,-0.2,-0.08806849135739281,-0.035107194619957545
42.485,-0.2,-0.08546232931864446,0.12478506428495097
42.49,-0.2,-0.08293158220876179,0.1510280479088021
42.495,-0.2,-0.08055734484157695,-0.058546043620299665
42.5,-0.2,-0.07832607555726259,-0.003190710259386706
42.505,-0.2,-0.07619466400345938,-0.26586777312892496
42.51,-0.2,-0.07416112724590432,-0.5804928979102335
42.515,-0.2,-0.07233243401846455,-0.3603505141895585
42.52,-0.2,-0.07093269016387749,-0.03953122737500324
42.525,-0.2,-0.07020766767714656,0.1192181242541317
42.53,-0.2,-0.07029942071861553,0.10529585778079227
42.535,-0.2,-0.07118906134387058,0.15491032228967042
42.54,-0.2,-0.07272244930364674,-0.17615385300020764
42.545,-0.2,-0.07469123128890762,-0.2523933111108227
42.55,-0.2,-0.07693147478109465,-0.4249598442725101
42.555,-0.2,-0.0793892842233658,-0.3448793716143089
42.56,-0.2,-0.08211881270505096,-0.09868064065573959
42.565,-0.2,-0.08520721426278052,0.2152081958634261
42.57,-0.2,-0.08866278830577035,0.23906709353527075
42.575,-0.2,-0.0923386939712477,0.32385977942671296
42.58,-0.2,-0.09593763699117165,0.0549425968427929
42.585,-0.2,-0.09909919261488037,-0.37976013757172655
42.59,-0.2,-0.10154004119070638,-0.3902790973514822
42.595,-0.2,-0.10316060801417815,-0.26438678422929596
42.6,-0.2,-0.10403492197915727,0.031333731808413465
42.605,-0.2,-0.10430586820553685,0.06854038824463443
42.61,-0.2,-0.10407791810521255,0.1924756344610993
42.615,-0.2,-0.10336445619963865,0.1761206925735782
42.62,-0.2,-0.10209674481625294,-0.1462226957149552
42.625,-0.2,-0.10018973015770948,-0.21069860605353374
42.63,-0.2,-0.09762690823082591,-0.2508945869376824
42.635,-0.2,-0.09450308174827984,-0.2666701422651072
42.64,-0.2,-0.09100726163886716,-0.04269181932508964
42.645,-0.2,-0.08736106362499338,0.09268313575224976
42.65,-0.2,-0.08373975286719884,0.12125532480865475
42.655,-0.2,-0.08022250636283186,0.09391656295212984
42.66,-0.2,-0.07680166841578089,-0.12776450840753978
42.665,-0.2,-0.07344595262776023,-0.36655183603957125
42.67,-0.2,-0.07019197861354466,-0.5733133614706375
42.675,-0.2,-0.06721129808223267,-0.327110089959853
42.68,-0.2,-0.06479012803396511,-0.07869952654977318
42.685,-0.2,-0.06322109845038598,0.04834462140431689
42.69,-0.2,-0.06268163227202243,0.2993910899067785
42.695,-0.2,-0.06316388881512269,0.1610679027457221
42.7,-0.2,-0.06447945254273786,0.05347394063766213
42.705,-0.2,-0.0663402879644789,-0.2981134560063306
42.71,-0.2,-0.06848209975229509,-0.3849793957514114
42.715,-0.2,-0.07076341108137008,-0.34167252676954996
42.72,-0.2,-0.07318137373447615,-0.0878072633524255
42.725,-0.2,-0.07580080325758193,0.04529174692732596
42.73,-0.2,-0.07865402695576588,0.15239519295928725
42.735,-0.2,-0.08167216948930986,0.2454675258592705
42.74,-0.2,-0.08467239967350265,-0.0019302712306009523
42.745,-0.2,-0.08741192854499925,-0.29477188671802035
42.75,-0.2,-0.0896961516740386,-0.40713468326922597
42.755,-0.2,-0.09146517008803914,-0.1116553452627406
42.76,-0.2,-0.09278241504272222,-0.06473094268627098
42.765,-0.2,-0.09374582022110953,0.18981651685556872
42.77,-0.2,-0.09440321584981234,0.02588013919419363
42.775,-0.2,-0.0947272968500129,-0.020665448830442856
42.78,-0.2,-0.09465125189705545,-0.11117758599588572
42.785,-0.2,-0.09413309351064438,-0.46170558061527445
42.79,-0.2,-0.09323003063424314,-0.6089622168944493
42.795,-0.2,-0.09215485061533742,-0.3915796158136812
42.8,-0.2,-0.09125177126058621,-0.17267859759135745
42.805,-0.2,-0.09087732189438096,0.23782223204577027
42.81,-0.2,-0.09125235887563143,0.2969355025977207
42.815,-0.2,-0.09237402449188767,0.13388500922928842
42.82,-0.2,-0.0940453488064925,-0.16215993967238612
42.825,-0.2,-0.09599883722079273,-0.2630893263128266
42.83,-0.2,-0.09802822984855365,-0.49230550352791796
42.835,-0.2,-0.1000623944323396,-0.27099527258629247
42.84,-0.2,-0.10214964359317175,0.07738446008840864
42.845,-0.2,-0.1043572737460179,0.15403925624252962
42.85,-0.2,-0.10665909192986378,0.2913890271556771
42.855,-0.2,-0.10889280025692034,0.03406682237294453
42.86,-0.2,-0.11080524285984535,-0.07707631297594865
42.865,-0.2,-0.11214719795256069,-0.19273851391730287
42.87,-0.2,-0.11276419317744081,-0.4815164215123272
42.875,-0.2,-0.1126533328664964,-0.2793514654490419
42.88,-0.2,-0.11195880629302747,-0.08340756063184195
42.885,-0.2,-0.11088783918086564,0.1513147975227056
42.89,-0.2,-0.10959831619990738,0.11428814544010332
42.895,-0.2,-0.10813849665516537,0.0769439837271375
42.9,-0.2,-0.10645982761037255,0.051547951149084864
42.905,-0.2,-0.10447605366359301,-0.3747584188763924
42.91,-0.2,-0.10214922754770886,-0.3900319785220164
42.915,-0.2,-0.09956585171472696,-0.3888887809789881
42.92,-0.2,-0.09694378946047902,-0.20948537302879922
42.925,-0.2,-0.09455691897958375,0.1467546633049539
42.93,-0.2,-0.09261479971574695,0.31365018270920497
42.935,-0.2,-0.09116932828339959,-0.04406942995265355
42.94,-0.2,-0.0901259816089239,-0.08684728835559263
42.945,-0.2,-0.08934431037084595,-0.31774012200934054
42.95,-0.2,-0.08873677804954465,-0.30272754728554085
42.955,-0.2,-0.08831149984184407,-0.23918072113498545
42.96,-0.2,-0.08815346748325419,-0.10348705969210187
42.965,-0.2,-0.08836028701968983,0.1301436962991397
42.97,-0.2,-0.088960010956499,0.3090707592876638
42.975,-0.2,-0.08984616200947008,0.2495124248069155
42.98,-0.2,-0.09077578331075639,-0.00658052028191515
42.985,-0.2,-0.09145695896701984,-0.4239359098965136
42.99,-0.2,-0.09169169305664167,-0.5459274600451216
42.995,-0.2,-0.0914823024130306,-0.36929914082995574
43.0,-0.2,-0.0910179696891545,-0.039367614983043364
43.005,-0.2,-0.09055442297993228,-0.00018226314866462423
43.01,-0.2,-0.09028600899766354,0.13150338028537373
43.015,-0.2,-0.09027884292560621,0.2267366616588261
43.02,-0.2,-0.090464619448009,-0.0521947480649832
43.025,-0.2,-0.09069137821765291,-0.15786441811767335
43.03,-0.2,-0.09081556587242688,-0.31658634545561803
43.035,-0.2,-0.090783011835754,-0.38780225829077686
43.04,-0.2,-0.0906549416741998,-0.09360718209609037
43.045,-0.2,-0.09055743161921731,0.1691986353180105
43.05,-0.2,-0.09057562280475887,0.21484091927034626
43.055,-0.2,-0.09067437138534568,0.1252797746555447
43.06,-0.2,-0.09070702327915575,-0.06765583171412069
43.065,-0.2,-0.090496710408795,-0.28238044022359093
43.07,-0.2,-0.0899387182974475,-0.4723424449711652
43.075,-0.2,-0.0890698837798267,-0.2491797358268022
43.08,-0.2,-0.08805223852374167,0.061259230049191454
43.085,-0.2,-0.08706886184892834,0.15484419969961946
43.09,-0.2,-0.08620766767523337,0.33462537488284344
43.095,-0.2,-0.0854097323991446,0.07017125955107661
43.1,-0.2,-0.0845108176235821,-0.26112864072123954
43.105,-0.2,-0.08335137600515184,-0.16604872640836024
43.11,-0.2,-0.08186985349499303,-0.3024116139875119
43.115,-0.2,-0.08012553902713608,-0.29419448465399056
43.12,-0.2,-0.07827352986953462,-0.08992022433172414
43.125,-0.2,-0.07650274324487792,0.17875455158093917
43.13,-0.2,-0.0749409594928191,0.2718628397101565
43.135,-0.2,-0.07358098454172805,0.1922401708390079
43.14,-0.2,-0.07227863943493949,0.17984546703865567
43.145,-0.2,-0.07082183559316092,-0.3610637498944393
43.15,-0.2,-0.06903995962325844,-0.1636309736044863
43.155,-0.2,-0.06689027335510757,-0.32735350761545773
43.16,-0.2,-0.06447273900727313,-0.3199444915656524
43.165,-0.2,-0.061986699606964506,0.1288870945108108
43.17,-0.2,-0.059637819792616974,0.29567424610074866
43.175,-0.2,-0.05752591105077908,0.1678375014483741
43.18,-0.2,-0.05560908350842887,-0.06781506143789968
43.185,-0.2,-0.05377491487886618,-0.1546696228626878
43.19,-0.2,-0.05193967234711364,-0.22157293769383568
43.195,-0.2,-0.05010441101682423,-0.2638550323162872
43.2,-0.2,-0.04836177097071254,-0.2152915394201141
43.205,-0.2,-0.04686368526342637,0.05641887408457143
43.21,-0.2,-0.04575246079674565,0.12769078834854108
43.215,-0.2,-0.04508087075752978,0.34735867312908375
43.22,-0.2,-0.04476848790706167,0.060551842671803045
43.225,-0.2,-0.04463703348170229,-0.27906989496216233
43.23,-0.2,-0.04452206961911139,-0.34176489423038764
43.235,-0.2,-0.04437341585913109,-0.14970240341537605
43.24,-0.2,-0.04425280078902586,0.06130339158067904
43.245,-0.2,-0.04424704520780928,0.09374245278956199
43.25,-0.2,-0.04438181171817224,0.27353039419258784
43.255,-0.2,-0.04458844698049028,-0.045790429628157436
43.26,-0.2,-0.04473247631683454,0.038840922618843664
43.265,-0.2,-0.04468010817258464,-0.2611602107393192
43.27,-0.2,-0.04436768390981084,-0.3738380978120144
43.275,-0.2,-0.043849578776570725,-0.22992460436341744
43.28,-0.2,-0.043284751712653044,0.08966195468253702
43.285,-0.2,-0.04284975354695555,0.04513074387350377
43.29,-0.2,-0.04264768898579463,0.1745486957124596
43.295,-0.2,-0.04266947574152644,0.26487146800868433
43.3,-0.2,-0.04279447250247512,0.13838718303996633
43.305,-0.2,-0.04283666257337273,-0.4225342835432293
43.31,-0.2,-0.04265848554252887,-0.4423950385209962
43.315,-0.2,-0.04228256468226176,-0.3370750884551752
43.32,-0.2,-0.04189724242536074,-0.165876043423278
43.325,-0.2,-0.04176042468458727,0.06489898010416051
43.33,-0.2,-0.04208052724834999,0.17752931282855974
43.335,-0.2,-0.04292993047688447,0.3038459383876176
43.34,-0.2,-0.04421972259824724,0.008204692878599061
43.345,-0.2,-0.0457551699948592,-0.22979457913851845
43.35,-0.2,-0.047353574842110675,-0.4339039053617896
43.355,-0.2,-0.04894501963636848,-0.14928938920650417
43.36,-0.2,-0.0505757385465474,-0.018282228577201905
43.365,-0.2,-0.052326031405750956,0.04707025560345404
43.37,-0.2,-0.0542224200291556,0.2848948060671119
43.375,-0.2,-0.05618421411718988,0.30148376733961724
43.38,-0.2,-0.05801444772933609,-0.017429017737937688
43.385,-0.2,-0.05946452436386067,-0.25975802594113817
43.39,-0.2,-0.06035089708418089,-0.2704748512159269
43.395,-0.2,-0.060632384842893655,-0.18296749378851673
43.4,-0.2,-0.06039856033449251,-0.11236659925658354
43.405,-0.2,-0.05979738641646066,0.2173905835170563
43.41,-0.2,-0.05894325919594545,0.24276818039791567
43.415,-0.2,-0.05785036184330611,0.12719342628785577
43.42,-0.2,-0.05643685410648162,0.042116654003864946
43.425,-0.2,-0.05459849739903992,-0.4034995200087518
43.43,-0.2,-0.052310161468409035,-0.32910304931644063
43.435,-0.2,-0.04969368580977901,-0.32160931748011684
43.44,-0.2,-0.04699932156782764,-0.05144254353510505
43.445,-0.2,-0.04451525897147448,0.02388159181945121
43.45,-0.2,-0.04246738835452462,0.1845227083507626
43.455,-0.2,-0.04095977929615887,0.033268300562204076
43.46,-0.2,-0.039972953364251405,0.14519472663533095
43.465,-0.2,-0.0394076086734625,-0.2534764649268736
43.47,-0.2,-0.03916089573061076,-0.35618161100215073
43.475,-0.2,-0.03920831058050263,-0.294678712323984
43.48,-0.2,-0.03962657809566755,-0.0425850744334059
43.485,-0.2,-0.04052828903879857,0.13100618602869377
43.49,-0.2,-0.04195927956823128,0.3095841178641072
43.495,-0.2,-0.043833698904055404,0.03217041393840617
43.5,-0.2,-0.04595536016693123,-0.10110662869245836
43.505,-0.2,-0.048115945757575274,-0.43243732373144217
43.51,-0.2,-0.050202582963438165,-0.30012342618785803
43.515,-0.2,-0.052241317279338895,-0.2322644159819284
43.52,-0.2,-0.054354431829842426,-0.046137688133921176
43.525,-0.2,-0.0566711933183876,0.1165208597685046
43.53,-0.2,-0.05924139096051119,0.28098655316586274
43.535,-0.2,-0.06198623211084204,0.05611091375931242
43.54,-0.2,-0.06471721472465368,-0.00862005055119587
43.545,-0.2,-0.06721750782775077,-0.2907124614855873
43.55,-0.2,-0.069343259193162,-0.5077110945362289
43.555,-0.2,-0.07109987171922616,-0.3336211040238932
43.56,-0.2,-0.0726410188266206,-0.060653852734517864
43.565,-0.2,-0.07417082100064185,0.1944932489991219
43.57,-0.2,-0.07581832682169547,0.0843414073567281
43.575,-0.2,-0.07758049454310753,0.03900656462120422
43.58,-0.2,-0.0793532797296633,-0.03302370543233985
43.585,-0.2,-0.0810060571514234,-0.3948075710649038
43.59,-0.2,-0.08246698587290188,-0.3946865354805623
43.595,-0.2,-0.08378687686349212,-0.39568189637952106
43.6,-0.2,-0.08513273383244162,-0.08119999425450915
43.605,-0.2,-0.08669403746168075,0.39928902071710587
43.61,-0.2,-0.08854560793926453,0.26888808245693674
43.615,-0.2,-0.09057200810285625,0.049762495894628514
43.62,-0.2,-0.09252315450267673,-0.09150234376035857
43.625,-0.2,-0.09413846309115266,-0.18439172627489986
43.63,-0.2,-0.09524309555569471,-0.32601920443201715
43.635,-0.2,-0.09579192085622223,-0.27675727679469175
43.64,-0.2,-0.09586346951760506,-0.0930638358580362
43.645,-0.2,-0.09559638719565342,0.1908449456426849
43.65,-0.2,-0.0950865786226586,0.3421068270029074
43.655,-0.2,-0.0943111218663961,0.015500106969348032
43.66,-0.2,-0.09314160411696312,0.07636857871078451
43.665,-0.2,-0.09142872633438176,-0.2825608729508641
43.67,-0.2,-0.08909759757366927,-0.40848213539101674
43.675,-0.2,-0.08621814879011946,-0.37739425115545117
43.68,-0.2,-0.08301780872672611,-0.30191787433765077
43.685,-0.2,-0.07981694323833631,0.09817486891855558
43.69,-0.2,-0.07691318336421739,0.13173322518085512
43.695,-0.2,-0.0744844352510815,-0.032814603406994894
43.7,-0.2,-0.0725772564381571,-0.03797064728210403
43.705,-0.2,-0.07116888521645431,-0.3296297029953847
43.71,-0.2,-0.07024649625888357,-0.35135450833431203
43.715,-0.2,-0.06986718602695104,-0.4366046003587917
43.72,-0.2,-0.07017415026631305,-0.3138647694036118
43.725,-0.2,-0.07135161032870334,0.12523138653024107
43.73,-0.2,-0.07352628861188298,0.08714290408745051
43.735,-0.2,-0.07667464458606467,0.2416601526614832
43.74,-0.2,-0.08060328238830701,-0.023328157254690986
43.745,-0.2,-0.08501366435147469,-0.2718356890108624
43.75,-0.2,-0.08961895706340892,-0.4438813146284422
43.755,-0.2,-0.09424311993244139,-0.18313950524396322
43.76,-0.2,-0.09882306553597674,0.088332824823321
43.765,-0.2,-0.10331680026667024,0.16572421458164432
43.77,-0.2,-0.10760669567162771,0.2622330495540197
43.775,-0.2,-0.11147008857022672,0.049173441896580114
43.78,-0.2,-0.11462673253827023,-0.13680099539042362
43.785,-0.2,-0.11683337526693978,-0.2754955177299525
43.79,-0.2,-0.11797632076024117,-0.5034352018663478
43.795,-0.2,-0.1181263201769997,-0.4735330774013798
43.8,-0.2,-0.11752689418516885,-0.00235633515542856
43.805,-0.2,-0.11649031154158342,0.14021981515575843
43.81,-0.2,-0.11525844897485257,0.039796441343359024
43.815,-0.2,-0.11394053772229454,-0.011071160683541664
43.82,-0.2,-0.11254826632447403,-0.12395910133471547
43.825,-0.2,-0.11106775416950322,-0.34328605792376976
43.83,-0.2,-0.10952884207603572,-0.3524238251467216
43.835,-0.2,-0.10804591479346928,-0.29878618754277514
43.84,-0.2,-0.10680185601416473,-0.09488354433542984
43.845,-0.2,-0.10597753784827424,0.1216304139149601
43.85,-0.2,-0.10566495401753084,0.1613525610782836
43.855,-0.2,-0.10581640466195871,0.10547340630090396
43.86,-0.2,-0.10626321481469718,-0.09060230275485515
43.865,-0.2,-0.10679444660314512,-0.29111534852824567
43.87,-0.2,-0.10725585442108095,-0.4313983912394064
43.875,-0.2,-0.10761620857200195,-0.2307910028406288
43.88,-0.2,-0.10795395712574811,-0.009034427076504079
43.885,-0.2,-0.10836793464660321,0.17418611332824968
43.89,-0.2,-0.1088766275783462,0.22211091302126967
43.895,-0.2,-0.10936838171905183,0.23389565232888176
43.9,-0.2,-0.10962602231021139,-0.21105627003210614
43.905,-0.2,-0.10942316937334703,-0.31570184265207035
43.91,-0.2,-0.10864028670956657,-0.3489706917287236
43.915,-0.2,-0.10732224046567754,-0.4091400307804996
43.92,-0.2,-0.10565729374772166,-0.145037152969519
43.925,-0.2,-0.10389513691855377,0.195989974312025
43.93,-0.2,-0.10222885924278456,0.16989650365197043
43.935,-0.2,-0.1007153145031569,-0.007262003590562921
43.94,-0.2,-0.09929396544209328,-0.03604531645499645
43.945,-0.2,-0.09787027974370838,-0.37222684719274124
43.95,-0.2,-0.09641037518390808,-0.5630715002695885
43.955,-0.2,-0.09500892959929307,-0.21558234629939582
43.96,-0.2,-0.09387467465031643,-0.19854070532660006
43.965,-0.2,-0.09323391564937412,0.12329839438004946
43.97,-0.2,-0.09322179940062729,0.24199834612194085
43.975,-0.2,-0.0938173472778,0.045710120284091466
43.98,-0.2,-0.09486161786429395,-0.20052514445738612
43.985,-0.2,-0.09615801959276724,-0.3554744331066245
43.99,-0.2,-0.09757866712733895,-0.26502696679184634
43.995,-0.2,-0.09910381929727187,-0.3072538473163252
44.0,-0.2,-0.10079010319023973,0.026160711150000737
44.005,-0.2,-0.1026954375338291,0.1335121972766231
44.01,-0.2,-0.10479670796283637,0.19782685899811966
44.015,-0.2,-0.10695134685307338,0.0745977318558235
44.02,-0.2,-0.10892569173291516,0.04836708890354589
44.025,-0.2,-0.1104642015616809,-0.20551836655544473
44.03,-0.2,-0.11137252731041103,-0.411455122681256
44.035,-0.2,-0.11159221811179658,-0.3407588546925602
44.04,-0.2,-0.11121609608742793,-0.014350989059982569
44.045,-0.2,-0.11041248914615037,0.0886972101113525
44.05,-0.2,-0.1093167422634499,0.06899315113298116
44.055,-0.2,-0.10797467812482284,0.12782455237396756
44.06,-0.2,-0.10635030894607266,-0.021377865120617096
44.065,-0.2,-0.10437401739282644,-0.2902776693302405
44.07,-0.2,-0.10201773709144793,-0.31465640971405007
44.075,-0.2,-0.09936161070059985,-0.45687091116690176
44.08,-0.2,-0.09660368485218361,-0.04394262445542309
44.085,-0.2,-0.09398744660293083,0.22940264944079464
44.09,-0.2,-0.09168116164166487,0.12406597243258466
44.095,-0.2,-0.08971203107276013,-0.07545590749788639
44.1,-0.2,-0.08801003757057171,-0.14273512302523697
44.105,-0.2,-0.08650102864711029,-0.35327214735655377
44.11,-0.2,-0.08517907237833248,-0.34540491226129294
44.115,-0.2,-0.08413637111757051,-0.35171950411778935
44.12,-0.2,-0.08354382706981642,-0.14554802892695556
44.125,-0.2,-0.083580987084449,0.18193206324910924
44.13,-0.2,-0.08433731454719243,0.1882836639128902
44.135,-0.2,-0.08574216241452208,0.21534067022066816
44.14,-0.2,-0.08757648436071415,-0.13220496965502168
44.145,-0.2,-0.08956098161957081,-0.15901988152530447
44.15,-0.2,-0.09146489878287681,-0.4020710361686036
44.155,-0.2,-0.09317757546410521,-0.25033658079148946
44.16,-0.2,-0.09471159410565298,-0.08993399609748637
44.165,-0.2,-0.09613644136409757,0.14505566503179854
44.17,-0.2,-0.09748340625487786,0.16919366842009229
44.175,-0.2,-0.09868688629070602,0.09308804413535009
44.18,-0.2,-0.09959796863854838,-0.08419666003837614
44.185,-0.2,-0.10005949695653439,-0.38608547755161066
44.19,-0.2,-0.10000340996705885,-0.42981575807455547
44.195,-0.2,-0.09951240440324666,-0.32166070262222474
44.2,-0.2,-0.09879537891968533,-0.0028764694544164554
44.205,-0.2,-0.09808802651307745,0.004003328157228106
44.21,-0.2,-0.09754695603322935,0.2938013979105602
44.215,-0.2,-0.09719297277056627,0.020212061816462956
44.22,-0.2,-0.09692719760228931,-0.1058540982105738
44.225,-0.2,-0.09661623694884633,-0.3735262137271789
44.23,-0.2,-0.09619437227085668,-0.347054916461574
44.235,-0.2,-0.09571410144104144,-0.24585821953652032
44.24,-0.2,-0.09531565369830988,0.0009569632412654849
44.245,-0.2,-0.09514236226973459,0.025200857429963155
44.25,-0.2,-0.09526207409465849,0.14679553356295238
44.255,-0.2,-0.09563375524159805,0.09362460242097752
44.26,-0.2,-0.09612535726733284,-0.1479180998388177
44.265,-0.2,-0.09658315633494849,-0.37429537216195197
44.27,-0.2,-0.09692282382250869,-0.28903889090346246
44.275,-0.2,-0.09717948760278779,-0.40412253631983797
44.28,-0.2,-0.09748425755912674,0.09808531895849304
44.285,-0.2,-0.09798139065946164,-0.008243476542496256
44.29,-0.2,-0.09874284001870863,0.016438868825772585
44.295,-0.2,-0.09973472068556238,0.28755444325673696
44.3,-0.2,-0.10082173794967175,-0.024834049701274702
44.305,-0.2,-0.10180102331773318,-0.1432728292965266
44.31,-0.2,-0.10248480658602593,-0.3886195913696712
44.315,-0.2,-0.10279340107255831,-0.4042151207267037
44.32,-0.2,-0.10278843953965963,-0.05901029040623259
44.325,-0.2,-0.10260703236329337,0.2869229429242809
44.33,-0.2,-0.10233137364885878,0.26130439904391245
44.335,-0.2,-0.10190480691171522,0.05917860456239224
44.34,-0.2,-0.10116826213999053,-0.2137517905603326
44.345,-0.2,-0.09997650049533373,-0.34905783239593424
44.35,-0.2,-0.09830247965100918,-0.39139647970666885
44.355,-0.2,-0.09627295553766653,-0.3276404116846849
44.36,-0.2,-0.09413092653250264,-0.1138073081381707
44.365,-0.2,-0.09214599688238354,0.12531150195007426
44.37,-0.2,-0.09051139986999908,0.11431495540363995
44.375,-0.2,-0.08928134497592274,0.17071398691360898
44.38,-0.2,-0.08837884573728769,-0.10413699874100658
44.385,-0.2,-0.08766487181408378,-0.24382401380396357
44.39,-0.2,-0.08703519759640804,-0.427968131710203
44.395,-0.2,-0.08649391448338314,-0.3331159863326461
44.4,-0.2,-0.08615482494724254,-0.009067340610619978
44.405,-0.2,-0.08616076895053815,0.1190871808488642
44.41,-0.2,-0.08657461869186357,0.2597321680715811
44.415,-0.2,-0.08731945298783059,0.07570147532124671
44.42,-0.2,-0.08820138156228875,-0.025869018394010984
44.425,-0.2,-0.08899524083197799,-0.33259990655951366
44.43,-0.2,-0.08954922587075044,-0.4351849865516222
44.435,-0.2,-0.08985831927201787,-0.36927662020538327
44.44,-0.2,-0.0900582008558806,-0.010791683267983743
44.445,-0.2,-0.09031958310956714,0.48342373666237726
44.45,-0.2,-0.09069862665886638,0.23045866545664206
44.455,-0.2,-0.09106288037097966,0.23140310996547897
44.46,-0.2,-0.09114630656872942,-0.043345914450626286
44.465,-0.2,-0.09067636278697966,-0.4372226571700555
44.47,-0.2,-0.08950328622364113,-0.31986978632874263
44.475,-0.2,-0.0876619445691839,-0.1265735386390607
44.48,-0.2,-0.08532313766067946,-0.06266935631157934
44.485,-0.2,-0.08268351160481957,0.31035563048053355
44.49,-0.2,-0.07985827926322925,0.40792343381002066
44.495,-0.2,-0.07681350096710442,0.22871603265448698
44.5,-0.2,-0.07338889253061535,-0.14288425957614298
44.505,-0.2,-0.06941966207926437,-0.39874333551567187
44.51,-0.2,-0.06487744552105787,-0.44710915662710465
44.515,-0.2,-0.059937192614196416,-0.39099780078522645
44.52,-0.2,-0.05494605473875999,-0.3130130403753453
44.525,-0.2,-0.05032605490991497,0.11620720281569212
44.53,-0.2,-0.046444895308401006,0.18672450643580796
44.535,-0.2,-0.043510920002186676,0.022472710714332572
44.54,-0.2,-0.0415577237258704,0.05041116087306538
44.545,-0.2,-0.04051022957734003,-0.3007036741857352
44.55,-0.2,-0.040277599013848836,-0.3324225003715614
44.555,-0.2,-0.040829196052966185,-0.31878182622123197
44.56,-0.2,-0.04220538839038222,0.057435796690467
44.565,-0.2,-0.04444433677059572,0.21450386447694555
44.57,-0.2,-0.047481881116707175,0.20410005458374791
44.575,-0.2,-0.05110089351975987,0.39536233498251583
44.58,-0.2,-0.054949055430760535,0.017897011651280062
44.585,-0.2,-0.0586165310187742,-0.14925740651152752
44.59,-0.2,-0.06175472807081513,-0.31281190433364353
44.595,-0.2,-0.0641764615333178,-0.3970962406693276
44.6,-0.2,-0.06587915518262837,0.013014333829837459
44.605,-0.2,-0.06697570849404239,0.0788338113319307
44.61,-0.2,-0.06757922911923392,0.1986807365290143
44.615,-0.2,-0.06772362617866726,0.1860297429963044
44.62,-0.2,-0.06735465736520699,0.02687395663435793
44.625,-0.2,-0.06637940345271527,-0.1917376062804353
44.63,-0.2,-0.06475465345158096,-0.4834724120174431
44.635,-0.2,-0.0625773132916892,-0.5079078769262231
44.64,-0.2,-0.06011256472084092,-0.06785773262131736
44.645,-0.2,-0.0577063567791305,0.24968305433366336
44.65,-0.2,-0.055628552556163974,0.18278900252708097
44.655,-0.2,-0.05397572913692894,0.13156705410589886
44.66,-0.2,-0.052692797128508925,-0.07567119861152946
44.665,-0.2,-0.05166660538344452,-0.30687926991352626
44.67,-0.2,-0.05083047882662299,-0.3991957195410104
44.675,-0.2,-0.050228368730623627,-0.21277776316715746
44.68,-0.2,-0.049994547511263955,0.043933824518494334
44.685,-0.2,-0.05026376424918338,0.033268426004495186
44.69,-0.2,-0.0510846595509819,0.23870224727518902
44.695,-0.2,-0.05238586128477441,0.029885594789519604
44.7,-0.2,-0.054002512351869994,-0.12831210789741754
44.705,-0.2,-0.05575109560091589,-0.20216522650186797
44.71,-0.2,-0.057510975844280894,-0.4158891317592879
44.715,-0.2,-0.05926942224729019,-0.17587966795099846
44.72,-0.2,-0.06111139462534223,-0.23832140978282124
44.725,-0.2,-0.06315682975045965,0.22680622499572864
44.73,-0.2,-0.06547308572887364,0.08709677676884867
44.735,-0.2,-0.0680134894049275,0.1545221283627566
44.74,-0.2,-0.07062333575348881,-0.03644711515508128
44.745,-0.2,-0.07310471066634193,-0.23037975328489374
44.75,-0.2,-0.07530113655602311,-0.2782843942765748
44.755,-0.2,-0.07716109847957933,-0.3456977373697603
44.76,-0.2,-0.0787447402138054,-0.0071643006442618645
44.765,-0.2,-0.08016268381657715,0.10121833962766102
44.77,-0.2,-0.08148130087458065,0.23047698835456876
44.775,-0.2,-0.08265840864082075,0.1778662398570663
44.78,-0.2,-0.0835490239222315,-0.06823671399274749
44.785,-0.2,-0.08398023363782062,-0.3224858167734579
44.79,-0.2,-0.08385792706844866,-0.39558395500211435
44.795,-0.2,-0.0832397170512793,-0.3891709678813838
44.8,-0.2,-0.08232716327359245,-0.08706303735575628
44.805,-0.2,-0.08137770613824266,0.1477780532795522
44.81,-0.2,-0.08058318905053431,0.21797227233468158
44.815,-0.2,-0.07999241349467676,0.07503254596421624
44.82,-0.2,-0.07952824565335398,-0.1633067676259668
44.825,-0.2,-0.07908116784125754,-0.36784304950362356
44.83,-0.2,-0.07861295391496285,-0.35685113163285576
44.835,-0.2,-0.07820392876898878,-0.2669170075262914
44.84,-0.2,-0.07801995143380132,-0.03338332924453078
44.845,-0.2,-0.07822557962773456,0.11223429570488955
44.85,-0.2,-0.07889523757480259,0.17267025460570007
44.855,-0.2,-0.07997205517017446,0.041721981281701764
44.86,-0.2,-0.08129770025662905,-0.15231362961479852
44.865,-0.2,-0.08269226249226137,-0.194493811881224
44.87,-0.2,-0.08403035929215279,-0.2669706398441065
44.875,-0.2,-0.08528073787622849,-0.41933250407329803
44.88,-0.2,-0.08650795399308386,-0.014530309082914916
44.885,-0.2,-0.08781632003621027,0.22514810377241234
44.89,-0.2,-0.08924260506214199,0.2673166687000173
44.895,-0.2,-0.0906864050765324,0.022546237381711687
44.9,-0.2,-0.09194528322018339,-0.07865898873202881
44.905,-0.2,-0.09281478730048527,-0.26748349754793044
