t,reference,measured,noisy
272.269999999,0.2,-0.11732434400425396,-0.11732434400425396
272.274999999,0.2,-0.20895769176314605,-0.20895769176314605
272.279999999,0.2,0.07043155226087995,0.07043155226087995
272.285,0.2,0.25387859373715915,0.25387859373715915
272.29,0.2,0.151957637240781,0.151957637240781
272.295,0.2,0.31724454860634943,0.31724454860634943
272.3,0.2,-0.07348283772092919,-0.07348283772092919
272.305,0.2,-0.11008599751645248,-0.11008599751645248
272.31,0.2,-0.3055577004440941,-0.3055577004440941
272.315,0.2,-0.2673852980055894,-0.2673852980055894
272.32,0.2,-0.061651117972518654,-0.061651117972518654
272.325,0.2,0.3336001472218795,0.3336001472218795
272.329999999,0.2,0.4964004574924021,0.4964004574924021
272.334999999,0.2,0.2878392520291516,0.2878392520291516
272.339999999,0.2,-0.0032898029289756218,-0.0032898029289756218
272.345,0.2,-0.3424367373525545,-0.3424367373525545
272.35,0.2,-0.34025722818958126,-0.34025722818958126
272.355,0.2,-0.2606886722991528,-0.2606886722991528
272.36,0.2,0.02946167179336148,0.02946167179336148
272.365,0.2,0.3048606850334304,0.3048606850334304
272.37,0.2,0.43254765367574816,0.43254765367574816
272.375,0.2,0.27869667146858773,0.27869667146858773
272.38,0.2,-0.07860266047812965,-0.07860266047812965
272.385,0.2,-0.49961744627737925,-0.49961744627737925
272.39,0.2,-0.4644738440574321,-0.4644738440574321
272.394999999,0.2,-0.17671037863748607,-0.17671037863748607
272.399999999,0.2,0.0816137167352256,0.0816137167352256
272.404999999,0.2,0.35391494065099555,0.35391494065099555
272.41,0.2,0.150657053998087,0.150657053998087
272.415,0.2,0.2622331035415334,0.2622331035415334
272.42,0.2,0.023518885595288384,0.023518885595288384
272.425,0.2,-0.1512279881821435,-0.1512279881821435
272.43,0.2,-0.1352093739597327,-0.1352093739597327
272.435,0.2,-0.10986203535806155,-0.10986203535806155
272.44,0.2,-0.08535136959076713,-0.08535136959076713
272.445,0.2,0.362313277281116,0.362313277281116
272.45,0.2,0.5385166871287436,0.5385166871287436
272.454999999,0.2,0.39566525443987016,0.39566525443987016
272.459999999,0.2,-0.12067872299377314,-0.12067872299377314
272.464999999,0.2,-0.26155627763338807,-0.26155627763338807
272.47,0.2,-0.40793841377983875,-0.40793841377983875
272.475,0.2,-0.39125027616045505,-0.39125027616045505
272.48,0.2,0.14207622559363936,0.14207622559363936
272.485,0.2,0.2663951098312159,0.2663951098312159
272.49,0.2,0.40087857666514565,0.40087857666514565
272.495,0.2,0.1175812643953208,0.1175812643953208
272.5,0.2,0.11827461185904148,0.11827461185904148
272.505,0.2,-0.4981933678386409,-0.4981933678386409
272.51,0.2,-0.3299798964523033,-0.3299798964523033
272.515,0.2,-0.19614252991425224,-0.19614252991425224
272.519999999,0.2,-0.03714048097857825,-0.03714048097857825
272.524999999,0.2,0.32803237057118717,0.32803237057118717
272.529999999,0.2,0.39645604872367446,0.39645604872367446
272.535,0.2,0.39713582148409354,0.39713582148409354
272.54,0.2,0.15890199134807192,0.15890199134807192
272.545,0.2,-0.22708181254589832,-0.22708181254589832
272.55,0.2,-0.3548555109479306,-0.3548555109479306
272.555,0.2,-0.2527368771901337,-0.2527368771901337
272.56,0.2,0.04878857423106117,0.04878857423106117
272.565,0.2,0.21303675984108655,0.21303675984108655
272.57,0.2,0.21566452986310114,0.21566452986310114
272.575,0.2,0.3460587350084605,0.3460587350084605
272.579999999,0.2,0.03847843026302299,0.03847843026302299
272.584999999,0.2,-0.20563849264611261,-0.20563849264611261
272.589999999,0.2,-0.1723734173183306,-0.1723734173183306
272.595,0.2,-0.1678780813046849,-0.1678780813046849
272.6,0.2,0.07155109009683211,0.07155109009683211
272.605,0.2,0.7762330498572655,0.7762330498572655
272.61,0.2,0.516444152463569,0.516444152463569
272.615,0.2,0.3267194000432292,0.3267194000432292
272.62,0.2,-0.11876422684171199,-0.11876422684171199
272.625,0.2,-0.1814355462179917,-0.1814355462179917
272.63,0.2,-0.10391203209503483,-0.10391203209503483
272.635,0.2,-0.053704116055403775,-0.053704116055403775
272.64,0.2,0.23583654794143516,0.23583654794143516
272.644999999,0.2,0.37951659079125655,0.37951659079125655
272.649999999,0.2,0.5224663500992823,0.5224663500992823
272.654999999,0.2,0.24539902900298485,0.24539902900298485
272.66,0.2,0.30139212089776624,0.30139212089776624
272.665,0.2,-0.2308312903113478,-0.2308312903113478
272.67,0.2,-0.251665834889358,-0.251665834889358
272.675,0.2,-0.09413440021252083,-0.09413440021252083
272.68,0.2,-0.02162230424809697,-0.02162230424809697
272.685,0.2,0.42564584693891205,0.42564584693891205
272.69,0.2,0.508663947739862,0.508663947739862
272.695,0.2,0.31617006292190314,0.31617006292190314
272.7,0.2,0.2220903102400777,0.2220903102400777
272.704999999,0.2,-0.027598856456840667,-0.027598856456840667
272.709999999,0.2,-0.2839934908465871,-0.2839934908465871
272.714999999,0.2,-0.1506531041210539,-0.1506531041210539
272.72,0.2,0.16116912002517414,0.16116912002517414
272.725,0.2,0.35717134242281967,0.35717134242281967
272.73,0.2,0.4943747050813404,0.4943747050813404
272.735,0.2,0.38498568741989486,0.38498568741989486
272.74,0.2,0.027007420223397346,0.027007420223397346
272.745,0.2,-0.23553121920886919,-0.23553121920886919
272.75,0.2,-0.2129895423211092,-0.2129895423211092
272.755,0.2,-0.13286600484175337,-0.13286600484175337
272.76,0.2,0.001656495015207704,0.001656495015207704
272.765,0.2,0.431658099489139,0.431658099489139
272.769999999,0.2,0.547471592576502,0.547471592576502
272.774999999,0.2,0.2683158220772166,0.2683158220772166
272.779999999,0.2,0.1273809681018595,0.1273809681018595
272.785,0.2,-0.06824321976329994,-0.06824321976329994
272.79,0.2,-0.12813037276737918,-0.12813037276737918
272.795,0.2,-0.2636408235356144,-0.2636408235356144
272.8,0.2,0.04610467494009923,0.04610467494009923
272.805,0.2,0.6011909458886422,0.6011909458886422
272.81,0.2,0.3791513892890824,0.3791513892890824
272.815,0.2,0.376247041035673,0.376247041035673
272.82,0.2,0.24532015586850903,0.24532015586850903
272.825,0.2,-0.04656536640283396,-0.04656536640283396
272.829999999,0.2,-0.09524836359604275,-0.09524836359604275
272.834999999,0.2,-0.2850713483287344,-0.2850713483287344
272.839999999,0.2,0.08229443211369972,0.08229443211369972
272.845,0.2,0.4418561754577488,0.4418561754577488
272.85,0.2,0.38817894948208354,0.38817894948208354
272.855,0.2,0.3083057270961428,0.3083057270961428
272.86,0.2,0.1984299571674995,0.1984299571674995
272.865,0.2,-0.18030119393239072,-0.18030119393239072
272.87,0.2,-0.3427482542269775,-0.3427482542269775
272.875,0.2,-0.06786549161995842,-0.06786549161995842
272.88,0.2,0.13097724669633046,0.13097724669633046
272.885,0.2,0.4899967811213276,0.4899967811213276
272.89,0.2,0.5084607356597994,0.5084607356597994
272.894999999,0.2,0.4417474431634164,0.4417474431634164
272.899999999,0.2,0.15530920014714356,0.15530920014714356
272.904999999,0.2,-0.3228023820352189,-0.3228023820352189
272.91,0.2,-0.23213480389749608,-0.23213480389749608
272.915,0.2,-0.04686373193143475,-0.04686373193143475
272.92,0.2,0.19101963106768405,0.19101963106768405
272.925,0.2,0.454286142660486,0.454286142660486
272.93,0.2,0.6550813948315874,0.6550813948315874
272.935,0.2,0.4869035173125661,0.4869035173125661
272.94,0.2,0.09482730316704602,0.09482730316704602
272.945,0.2,0.08157857800168876,0.08157857800168876
272.95,0.2,-0.35103793166762853,-0.35103793166762853
272.954999999,0.2,0.019997766734184436,0.019997766734184436
272.959999999,0.2,-0.015225267901523676,-0.015225267901523676
272.964999999,0.2,0.4710326046449214,0.4710326046449214
272.97,0.2,0.6942219458282659,0.6942219458282659
272.975,0.2,0.3861323039507228,0.3861323039507228
272.98,0.2,0.16022582299256963,0.16022582299256963
272.985,0.2,-0.07910664011117563,-0.07910664011117563
272.99,0.2,-0.29494897881245735,-0.29494897881245735
272.995,0.2,-0.18650064457934512,-0.18650064457934512
273.0,0.2,0.15945984325562249,0.15945984325562249
273.005,0.2,0.1912642350500304,0.1912642350500304
273.01,0.2,0.4171032254919641,0.4171032254919641
273.015,0.2,0.6241237337539451,0.6241237337539451
273.019999999,0.2,0.10308070757698379,0.10308070757698379
273.024999999,0.2,-0.2070699517000065,-0.2070699517000065
273.029999999,0.2,-0.21868264717938077,-0.21868264717938077
273.035,0.2,-0.043427801796408906,-0.043427801796408906
273.04,0.2,-0.030950793366436358,-0.030950793366436358
273.045,0.2,0.38370529325032054,0.38370529325032054
273.05,0.2,0.48167249315662847,0.48167249315662847
273.055,0.2,0.4246887572507427,0.4246887572507427
273.06,0.2,0.252036018339251,0.252036018339251
273.065,0.2,-0.0016254228895260237,-0.0016254228895260237
273.07,0.2,-0.4514838548767789,-0.4514838548767789
273.075,0.2,-0.06768213821798981,-0.06768213821798981
273.079999999,0.2,0.05640617916372881,0.05640617916372881
273.084999999,0.2,0.31519085428370897,0.31519085428370897
273.089999999,0.2,0.548551781017027,0.548551781017027
273.095,0.2,0.301548076166918,0.301548076166918
273.1,0.2,0.1858326721469816,0.1858326721469816
273.105,0.2,-0.16799076564729995,-0.16799076564729995
273.11,0.2,-0.5049222081437097,-0.5049222081437097
273.115,0.2,-0.2098185991488079,-0.2098185991488079
273.12,0.2,0.10718160606793259,0.10718160606793259
273.125,0.2,0.39118142815316287,0.39118142815316287
273.13,0.2,0.49325191982836747,0.49325191982836747
273.135,0.2,0.4273809486988752,0.4273809486988752
273.14,0.2,0.2013718681851987,0.2013718681851987
273.144999999,0.2,-0.16484948876993905,-0.16484948876993905
273.149999999,0.2,-0.26501215699447117,-0.26501215699447117
273.154999999,0.2,-0.15113898858956626,-0.15113898858956626
273.16,0.2,0.2362969840951658,0.2362969840951658
273.165,0.2,0.3610866307584361,0.3610866307584361
273.17,0.2,0.5835865364909237,0.5835865364909237
273.175,0.2,0.38633286032478104,0.38633286032478104
273.18,0.2,0.09174531315851418,0.09174531315851418
273.185,0.2,-0.01585002825935719,-0.01585002825935719
273.19,0.2,-0.18572600216140284,-0.18572600216140284
273.195,0.2,-0.1676839242675811,-0.1676839242675811
273.2,0.2,0.0021732402843167298,0.0021732402843167298
273.204999999,0.2,0.5316258319285492,0.5316258319285492
273.209999999,0.2,0.6094920829654882,0.6094920829654882
273.214999999,0.2,0.5719528438498377,0.5719528438498377
273.22,0.2,0.3101308548432218,0.3101308548432218
273.225,0.2,-0.17684961289703924,-0.17684961289703924
273.23,0.2,-0.1853629482718186,-0.1853629482718186
273.235,0.2,-0.1354386866581989,-0.1354386866581989
273.24,0.2,0.21185381948128357,0.21185381948128357
273.245,0.2,0.6696688023569272,0.6696688023569272
273.25,0.2,0.562036977070237,0.562036977070237
273.255,0.2,0.44803461072166095,0.44803461072166095
273.26,0.2,0.24471495696602907,0.24471495696602907
273.265,0.2,-0.10332058375410272,-0.10332058375410272
273.269999999,0.2,-0.13537683949290968,-0.13537683949290968
273.274999999,0.2,-0.0677397126503658,-0.0677397126503658
273.279999999,0.2,0.22156572179311243,0.22156572179311243
273.285,0.2,0.3689500381787567,0.3689500381787567
273.29,0.2,0.5494982436120099,0.5494982436120099
273.295,0.2,0.22072432066313302,0.22072432066313302
273.3,0.2,0.15502226790891627,0.15502226790891627
273.305,0.2,-0.03071632557761867,-0.03071632557761867
273.31,0.2,-0.28813976840851413,-0.28813976840851413
273.315,0.2,-0.1186174548347582,-0.1186174548347582
273.32,0.2,0.1094154422351967,0.1094154422351967
273.325,0.2,0.32838117593651595,0.32838117593651595
273.329999999,0.2,0.48888512690456776,0.48888512690456776
273.334999999,0.2,0.4392789944576363,0.4392789944576363
273.339999999,0.2,0.2821262549677635,0.2821262549677635
273.345,0.2,-0.09943766632688783,-0.09943766632688783
273.35,0.2,-0.17103358157851664,-0.17103358157851664
273.355,0.2,-0.0892779940028917,-0.0892779940028917
273.36,0.2,0.2903955793237306,0.2903955793237306
273.365,0.2,0.6225189007497951,0.6225189007497951
273.37,0.2,0.6254427765238453,0.6254427765238453
273.375,0.2,0.2556945908688883,0.2556945908688883
273.38,0.2,0.26522929594208233,0.26522929594208233
273.385,0.2,-0.06384287992595572,-0.06384287992595572
273.39,0.2,-0.08930849932004543,-0.08930849932004543
273.394999999,0.2,-0.005684899220084416,-0.005684899220084416
273.399999999,0.2,0.013178756776496187,0.013178756776496187
273.404999999,0.2,0.6007677616720444,0.6007677616720444
273.41,0.2,0.5607246570502252,0.5607246570502252
273.415,0.2,0.545885692395063,0.545885692395063
273.42,0.2,0.07373250925715373,0.07373250925715373
273.425,0.2,-0.23734814280975944,-0.23734814280975944
273.43,0.2,-0.08113848262996057,-0.08113848262996057
273.435,0.2,-0.20408153417893138,-0.20408153417893138
273.44,0.2,0.1984592790688501,0.1984592790688501
273.445,0.2,0.45422880223737283,0.45422880223737283
273.45,0.2,0.606377351595708,0.606377351595708
273.454999999,0.2,0.2301933022458681,0.2301933022458681
273.459999999,0.2,0.26649633745798396,0.26649633745798396
273.464999999,0.2,-0.13247823263197073,-0.13247823263197073
273.47,0.2,-0.2457191901610248,-0.2457191901610248
273.475,0.2,-0.1931789901064438,-0.1931789901064438
273.48,0.2,0.14561898305730825,0.14561898305730825
273.485,0.2,0.39510079182643393,0.39510079182643393
273.49,0.2,0.5949623708073666,0.5949623708073666
273.495,0.2,0.3848997579508133,0.3848997579508133
273.5,0.2,-0.024653196335233357,-0.024653196335233357
273.505,0.2,-0.1384207107919836,-0.1384207107919836
273.51,0.2,-0.14732839695428523,-0.14732839695428523
273.515,0.2,-0.028149097639552652,-0.028149097639552652
273.519999999,0.2,0.2662138346905787,0.2662138346905787
273.524999999,0.2,0.612356841247484,0.612356841247484
273.529999999,0.2,0.47782689578831816,0.47782689578831816
273.535,0.2,0.40542886326867494,0.40542886326867494
273.54,0.2,0.03633618143229374,0.03633618143229374
273.545,0.2,-0.136045386783525,-0.136045386783525
273.55,0.2,-0.10287105337742992,-0.10287105337742992
273.555,0.2,0.055482096928109584,0.055482096928109584
273.56,0.2,0.18590023473370892,0.18590023473370892
273.565,0.2,0.3559985765432702,0.3559985765432702
273.57,0.2,0.467326978186063,0.467326978186063
273.575,0.2,0.28512579256089265,0.28512579256089265
273.579999999,0.2,0.09810551993639743,0.09810551993639743
273.584999999,0.2,-0.2012582717726329,-0.2012582717726329
273.589999999,0.2,-0.05423930425696402,-0.05423930425696402
273.595,0.2,-0.10294462179583252,-0.10294462179583252
273.6,0.2,0.17642694374760415,0.17642694374760415
273.605,0.2,0.5180990057020511,0.5180990057020511
273.61,0.2,0.5129244868703703,0.5129244868703703
273.615,0.2,0.3367761714374212,0.3367761714374212
273.62,0.2,0.303285879428535,0.303285879428535
273.625,0.2,-0.05431858827345365,-0.05431858827345365
273.63,0.2,-0.14498614641435245,-0.14498614641435245
273.635,0.2,-0.16165184684922432,-0.16165184684922432
273.64,0.2,0.12952260483859507,0.12952260483859507
273.644999999,0.2,0.3333399658267493,0.3333399658267493
273.649999999,0.2,0.7186346589379166,0.7186346589379166
273.654999999,0.2,0.4135115583884603,0.4135115583884603
273.66,0.2,0.25334771310117776,0.25334771310117776
273.665,0.2,-0.16189809218001835,-0.16189809218001835
273.67,0.2,-0.2990882815960238,-0.2990882815960238
273.675,0.2,-0.15069959228017393,-0.15069959228017393
273.68,0.2,0.18125534065979798,0.18125534065979798
273.685,0.2,0.4497011120470599,0.4497011120470599
273.69,0.2,0.5696565085665479,0.5696565085665479
273.695,0.2,0.428001981617951,0.428001981617951
273.7,0.2,0.2276793110364148,0.2276793110364148
273.704999999,0.2,-0.14166160311787385,-0.14166160311787385
273.709999999,0.2,-0.2587184177699189,-0.2587184177699189
273.714999999,0.2,0.16822556953736642,0.16822556953736642
273.72,0.2,0.39178982047827454,0.39178982047827454
273.725,0.2,0.41964369455240297,0.41964369455240297
273.73,0.2,0.6898290066437688,0.6898290066437688
273.735,0.2,0.4711955580854916,0.4711955580854916
273.74,0.2,0.2627025262384435,0.2627025262384435
273.745,0.2,0.02749389318750141,0.02749389318750141
273.75,0.2,-0.27267580880422215,-0.27267580880422215
273.755,0.2,0.16651121996569482,0.16651121996569482
273.76,0.2,0.2460304683277869,0.2460304683277869
273.765,0.2,0.5435489902108838,0.5435489902108838
273.769999999,0.2,0.5517115419864527,0.5517115419864527
273.774999999,0.2,0.45267501198289145,0.45267501198289145
273.779999999,0.2,0.2731724236823968,0.2731724236823968
273.785,0.2,-0.10785279796043698,-0.10785279796043698
273.79,0.2,-0.02260373298313874,-0.02260373298313874
273.795,0.2,0.0259052153786054,0.0259052153786054
273.8,0.2,0.3632486129510243,0.3632486129510243
273.805,0.2,0.5658473915780574,0.5658473915780574
273.81,0.2,0.6786433506600342,0.6786433506600342
273.815,0.2,0.5451162888073713,0.5451162888073713
273.82,0.2,0.14070423662730935,0.14070423662730935
273.825,0.2,-0.10701569344909319,-0.10701569344909319
273.829999999,0.2,-0.0702419552599607,-0.0702419552599607
273.834999999,0.2,-0.07202676238980643,-0.07202676238980643
273.839999999,0.2,0.2672531653421062,0.2672531653421062
273.845,0.2,0.46878996256447747,0.46878996256447747
273.85,0.2,0.4608155682355283,0.4608155682355283
273.855,0.2,0.42811052808868594,0.42811052808868594
273.86,0.2,0.18706674115173397,0.18706674115173397
273.865,0.2,-0.042769596897027855,-0.042769596897027855
273.87,0.2,-0.2041880067217176,-0.2041880067217176
273.875,0.2,0.20908331764867893,0.20908331764867893
273.88,0.2,0.2592011849401542,0.2592011849401542
273.885,0.2,0.3652429654020283,0.3652429654020283
273.89,0.2,0.4633824789195925,0.4633824789195925
273.894999999,0.2,0.3056434417337178,0.3056434417337178
273.899999999,0.2,0.1436998921348835,0.1436998921348835
273.904999999,0.2,0.21669021448551828,0.21669021448551828
273.91,0.2,-0.20649875477875684,-0.20649875477875684
273.915,0.2,0.15679884347199582,0.15679884347199582
273.92,0.2,0.32229966683061617,0.32229966683061617
273.925,0.2,0.5279779606868069,0.5279779606868069
273.93,0.2,0.48843514181604036,0.48843514181604036
273.935,0.2,0.6623704876356649,0.6623704876356649
273.94,0.2,0.1916139085125203,0.1916139085125203
273.945,0.2,-0.0815886056580944,-0.0815886056580944
273.95,0.2,-0.07637475213214359,-0.07637475213214359
273.954999999,0.2,-0.07051465993400861,-0.07051465993400861
273.959999999,0.2,0.1014728668396663,0.1014728668396663
273.964999999,0.2,0.5832007834288592,0.5832007834288592
273.97,0.2,0.8626608483504219,0.8626608483504219
273.975,0.2,0.4876823424440061,0.4876823424440061
273.98,0.2,0.397953679984838,0.397953679984838
273.985,0.2,-0.023724426860266302,-0.023724426860266302
273.99,0.2,-0.3034449191186994,-0.3034449191186994
273.995,0.2,-0.06419522982910342,-0.06419522982910342
274.0,0.2,0.20724418367568723,0.20724418367568723
274.005,0.2,0.3114186673687857,0.3114186673687857
274.01,0.2,0.5440338117489132,0.5440338117489132
274.015,0.2,0.5392944386164596,0.5392944386164596
274.019999999,0.2,0.3303383948261024,0.3303383948261024
274.024999999,0.2,-0.057812120442049,-0.057812120442049
274.029999999,0.2,-0.09398934751249804,-0.09398934751249804
274.035,0.2,-0.15844050024745718,-0.15844050024745718
274.04,0.2,0.09963212856042447,0.09963212856042447
274.045,0.2,0.44924228030961455,0.44924228030961455
274.05,0.2,0.7388370128246344,0.7388370128246344
274.055,0.2,0.5961701262071111,0.5961701262071111
274.06,0.2,0.29502628156271676,0.29502628156271676
274.065,0.2,0.07150032722573656,0.07150032722573656
274.07,0.2,-0.13503269841311777,-0.13503269841311777
274.075,0.2,-0.002252694802391729,-0.002252694802391729
274.079999999,0.2,0.23396134365440802,0.23396134365440802
274.084999999,0.2,0.43972105048445115,0.43972105048445115
274.089999999,0.2,0.6895556745663948,0.6895556745663948
274.095,0.2,0.3471053911208124,0.3471053911208124
274.1,0.2,0.20666372107760456,0.20666372107760456
274.105,0.2,0.03116163582516089,0.03116163582516089
274.11,0.2,0.0012164565536039729,0.0012164565536039729
274.115,0.2,0.07124398564750817,0.07124398564750817
274.12,0.2,0.2323800018690559,0.2323800018690559
274.125,0.2,0.4797939378409399,0.4797939378409399
274.13,0.2,0.5093208389622572,0.5093208389622572
274.135,0.2,0.5530158773016974,0.5530158773016974
274.14,0.2,0.1620280861453292,0.1620280861453292
274.144999999,0.2,0.04572092465827425,0.04572092465827425
274.149999999,0.2,-0.18080397075400356,-0.18080397075400356
274.154999999,0.2,-0.1005408497112379,-0.1005408497112379
274.16,0.2,0.21179760072822013,0.21179760072822013
274.165,0.2,0.6117152208692622,0.6117152208692622
274.17,0.2,0.5203166239431488,0.5203166239431488
274.175,0.2,0.35177535987548303,0.35177535987548303
274.18,0.2,0.14464232454926357,0.14464232454926357
274.185,0.2,-0.06186803480654305,-0.06186803480654305
274.19,0.2,-0.21842916504717946,-0.21842916504717946
274.195,0.2,-0.11116157899695335,-0.11116157899695335
274.2,0.2,0.3070265987297075,0.3070265987297075
274.204999999,0.2,0.47239182471459873,0.47239182471459873
274.209999999,0.2,0.5664651151557051,0.5664651151557051
274.214999999,0.2,0.49818748865011814,0.49818748865011814
274.22,0.2,0.1635644356715517,0.1635644356715517
274.225,0.2,-0.10497539249140452,-0.10497539249140452
274.23,0.2,-0.18858929114376885,-0.18858929114376885
274.235,0.2,-0.09213198523778024,-0.09213198523778024
274.24,0.2,0.5155108711786319,0.5155108711786319
274.245,0.2,0.5331341294095032,0.5331341294095032
274.25,0.2,0.5355252421206997,0.5355252421206997
274.255,0.2,0.5140400662697182,0.5140400662697182
274.26,0.2,0.2432778091726536,0.2432778091726536
274.265,0.2,-0.09147469648902062,-0.09147469648902062
274.269999999,0.2,-0.22098973860301802,-0.22098973860301802
274.274999999,0.2,-0.13225655086707164,-0.13225655086707164
274.279999999,0.2,0.3105252875218317,0.3105252875218317
274.285,0.2,0.47586629939050523,0.47586629939050523
274.29,0.2,0.6396989684894272,0.6396989684894272
274.295,0.2,0.4361731182072233,0.4361731182072233
274.3,0.2,0.2502988773460848,0.2502988773460848
274.305,0.2,-0.02006842550564885,-0.02006842550564885
274.31,0.2,-0.137901271649179,-0.137901271649179
274.315,0.2,0.11317064606035263,0.11317064606035263
274.32,0.2,0.3183968435844404,0.3183968435844404
274.325,0.2,0.4179734205167259,0.4179734205167259
274.329999999,0.2,0.7165841472768973,0.7165841472768973
274.334999999,0.2,0.29120853349883413,0.29120853349883413
274.339999999,0.2,0.12418621101769219,0.12418621101769219
274.345,0.2,-0.1674260761169366,-0.1674260761169366
274.35,0.2,-0.11846680509851262,-0.11846680509851262
274.355,0.2,-0.005396315371280214,-0.005396315371280214
274.36,0.2,0.34798575262306064,0.34798575262306064
274.365,0.2,0.6686963296704823,0.6686963296704823
274.37,0.2,0.4131918855868513,0.4131918855868513
274.375,0.2,0.447077309567736,0.447077309567736
274.38,0.2,0.11297317258307307,0.11297317258307307
274.385,0.2,-0.13840242109613954,-0.13840242109613954
274.39,0.2,-0.1227677883968884,-0.1227677883968884
274.394999999,0.2,-0.014047987943768388,-0.014047987943768388
274.399999999,0.2,0.2663073037233131,0.2663073037233131
274.404999999,0.2,0.3957703360615022,0.3957703360615022
274.41,0.2,0.5052275598640827,0.5052275598640827
274.415,0.2,0.37105440638217385,0.37105440638217385
274.42,0.2,0.4577920360082369,0.4577920360082369
274.425,0.2,-0.09613189342952118,-0.09613189342952118
274.43,0.2,-0.19213541463957395,-0.19213541463957395
274.435,0.2,0.1027416745938185,0.1027416745938185
274.44,0.2,0.1811274680144764,0.1811274680144764
274.445,0.2,0.5159674340602256,0.5159674340602256
274.45,0.2,0.5938442263373004,0.5938442263373004
274.454999999,0.2,0.6537813431921874,0.6537813431921874
274.459999999,0.2,0.34908861306387134,0.34908861306387134
274.464999999,0.2,0.17792316664086225,0.17792316664086225
274.47,0.2,-0.24325925248455657,-0.24325925248455657
274.475,0.2,-0.052682252808041743,-0.052682252808041743
274.48,0.2,0.3561761794933753,0.3561761794933753
274.485,0.2,0.6088382633838134,0.6088382633838134
274.49,0.2,0.7340874982168106,0.7340874982168106
274.495,0.2,0.5525859985678744,0.5525859985678744
274.5,0.2,0.19818020064832156,0.19818020064832156
274.505,0.2,0.17618870789376337,0.17618870789376337
274.51,0.2,-0.11305163710145656,-0.11305163710145656
274.515,0.2,-0.02026700066009378,-0.02026700066009378
274.519999999,0.2,0.3222880126657636,0.3222880126657636
274.524999999,0.2,0.5137230720136693,0.5137230720136693
274.529999999,0.2,0.7828878587239279,0.7828878587239279
274.535,0.2,0.5455611190563884,0.5455611190563884
274.54,0.2,0.2577030466290253,0.2577030466290253
274.545,0.2,0.18316049221523675,0.18316049221523675
274.55,0.2,-0.12784789583494882,-0.12784789583494882
274.555,0.2,-0.05184871022741033,-0.05184871022741033
274.56,0.2,0.2365607433648666,0.2365607433648666
274.565,0.2,0.3890826156636203,0.3890826156636203
274.57,0.2,0.6255180185615531,0.6255180185615531
274.575,0.2,0.26793766578450184,0.26793766578450184
274.579999999,0.2,0.29723452119703403,0.29723452119703403
274.584999999,0.2,0.10699736622395949,0.10699736622395949
274.589999999,0.2,-0.07832104775922442,-0.07832104775922442
274.595,0.2,0.06693247021453942,0.06693247021453942
274.6,0.2,0.18531427284910976,0.18531427284910976
274.605,0.2,0.4328592330941802,0.4328592330941802
274.61,0.2,0.6830950861390952,0.6830950861390952
274.615,0.2,0.43329414145567746,0.43329414145567746
274.62,0.2,0.21702876582284367,0.21702876582284367
274.625,0.2,0.05411379349466747,0.05411379349466747
274.63,0.2,-0.24129329966231508,-0.24129329966231508
274.635,0.2,-0.08316824631704846,-0.08316824631704846
274.64,0.2,0.27104463866591655,0.27104463866591655
274.644999999,0.2,0.46528490557431446,0.46528490557431446
274.649999999,0.2,0.806322830049053,0.806322830049053
274.654999999,0.2,0.27240771100746053,0.27240771100746053
274.66,0.2,0.1831281326485991,0.1831281326485991
274.665,0.2,-0.08437306263768152,-0.08437306263768152
274.67,0.2,-0.19025059333129535,-0.19025059333129535
274.675,0.2,-0.15547344056908338,-0.15547344056908338
274.68,0.2,0.10609119737696959,0.10609119737696959
274.685,0.2,0.5242317964760427,0.5242317964760427
274.69,0.2,0.658282956793972,0.658282956793972
274.695,0.2,0.404373623625477,0.404373623625477
274.7,0.2,0.11713974644529121,0.11713974644529121
274.704999999,0.2,-0.13598065400848738,-0.13598065400848738
274.709999999,0.2,-0.3090364815091091,-0.3090364815091091
274.714999999,0.2,-0.032111801075839504,-0.032111801075839504
274.72,0.2,0.09419682537519547,0.09419682537519547
274.725,0.2,0.3357767841722269,0.3357767841722269
274.73,0.2,0.413664882139557,0.413664882139557
274.735,0.2,0.39986244702839946,0.39986244702839946
274.74,0.2,0.20698436364690959,0.20698436364690959
274.745,0.2,-0.18860368272275155,-0.18860368272275155
274.75,0.2,-0.26252053198945796,-0.26252053198945796
274.755,0.2,-0.15690349874892845,-0.15690349874892845
274.76,0.2,0.24115146339890547,0.24115146339890547
274.765,0.2,0.36949866163549383,0.36949866163549383
274.769999999,0.2,0.5149469164319554,0.5149469164319554
274.774999999,0.2,0.4387154486602575,0.4387154486602575
274.779999999,0.2,0.04871716776342608,0.04871716776342608
274.785,0.2,-0.015276753827301454,-0.015276753827301454
274.79,0.2,-0.08908118980898128,-0.08908118980898128
274.795,0.2,0.0712470379506785,0.0712470379506785
274.8,0.2,0.20247254663451777,0.20247254663451777
274.805,0.2,0.37314146754132294,0.37314146754132294
274.81,0.2,0.5415574636246429,0.5415574636246429
274.815,0.2,0.4343534619273156,0.4343534619273156
274.82,0.2,0.1510081993347873,0.1510081993347873
274.825,0.2,0.10648149249095065,0.10648149249095065
274.829999999,0.2,-0.3110356604853003,-0.3110356604853003
274.834999999,0.2,-0.08409764812955253,-0.08409764812955253
274.839999999,0.2,0.29913336495040754,0.29913336495040754
274.845,0.2,0.43998052202432825,0.43998052202432825
274.85,0.2,0.6895908733609298,0.6895908733609298
274.855,0.2,0.4938409644419232,0.4938409644419232
274.86,0.2,0.032165267560991334,0.032165267560991334
274.865,0.2,-0.10816464777980281,-0.10816464777980281
274.87,0.2,-0.13815741891449587,-0.13815741891449587
274.875,0.2,0.12259858584289873,0.12259858584289873
274.88,0.2,0.2994277671990301,0.2994277671990301
274.885,0.2,0.5096074999295112,0.5096074999295112
274.89,0.2,0.4409872637515579,0.4409872637515579
274.895,0.2,0.408728434343104,0.408728434343104
274.9,0.2,0.35938524131873784,0.35938524131873784
274.905,0.2,-0.24352207431269499,-0.24352207431269499
274.91,0.2,-0.15740422172415294,-0.15740422172415294
274.915,0.2,0.02625551924076788,0.02625551924076788
274.92,0.2,0.3234033227815228,0.3234033227815228
274.925,0.2,0.4229619990269573,0.4229619990269573
274.93,0.2,0.6069418481047467,0.6069418481047467
274.935,0.2,0.47393856506538673,0.47393856506538673
274.94,0.2,0.41927391834378064,0.41927391834378064
274.945,0.2,0.08033722490568622,0.08033722490568622
274.95,0.2,-0.1750001521826816,-0.1750001521826816
274.955,0.2,0.23287924835507,0.23287924835507
274.96,0.2,0.37760759296087626,0.37760759296087626
274.965,0.2,0.426123028473409,0.426123028473409
274.97,0.2,0.7573692509608251,0.7573692509608251
274.975,0.2,0.7038978793031426,0.7038978793031426
274.98,0.2,0.13493917466202104,0.13493917466202104
274.985,0.2,-0.12323452879533617,-0.12323452879533617
274.99,0.2,-0.16621272411104962,-0.16621272411104962
274.995,0.2,0.023379043837410622,0.023379043837410622
275.0,0.2,0.6068078563761505,0.6068078563761505
275.005,0.2,0.7827950867877599,0.7827950867877599
275.01,0.2,0.6063180405708507,0.6063180405708507
275.015,0.2,0.48533623699541967,0.48533623699541967
275.02,0.2,0.25199831156225694,0.25199831156225694
275.025,0.2,-0.08962982568338296,-0.08962982568338296
275.03,0.2,0.08355401720210467,0.08355401720210467
275.035,0.2,0.2752418213549278,0.2752418213549278
275.04,0.2,0.25636998811928224,0.25636998811928224
275.045,0.2,0.555266055389976,0.555266055389976
275.05,0.2,0.7336219252544169,0.7336219252544169
275.055,0.2,0.5103524436579759,0.5103524436579759
275.06,0.2,0.3393592320651596,0.3393592320651596
275.065,0.2,-0.14005686167253356,-0.14005686167253356
275.07,0.2,-0.0770649186429382,-0.0770649186429382
275.075,0.2,0.003226506209689506,0.003226506209689506
275.08,0.2,0.2567265942910453,0.2567265942910453
275.085,0.2,0.5258870051719845,0.5258870051719845
275.09,0.2,0.5557495493769855,0.5557495493769855
275.095,0.2,0.38374242241528356,0.38374242241528356
275.1,0.2,0.26271991226215147,0.26271991226215147
275.105,0.2,0.0854389544686325,0.0854389544686325
275.11,0.2,-0.13457917764354865,-0.13457917764354865
275.115,0.2,0.0895412905380118,0.0895412905380118
275.12,0.2,0.23532258263332045,0.23532258263332045
275.125,0.2,0.43179582183277687,0.43179582183277687
275.13,0.2,0.7827340172322854,0.7827340172322854
275.135,0.2,0.6156090910769203,0.6156090910769203
275.14,0.2,0.3185114859323342,0.3185114859323342
275.145,0.2,-0.012591688392995487,-0.012591688392995487
275.15,0.2,0.008343212712872777,0.008343212712872777
275.155,0.2,-0.1406599138100553,-0.1406599138100553
275.16,0.2,0.3802751338039406,0.3802751338039406
275.165,0.2,0.3594131498568579,0.3594131498568579
275.17,0.2,0.5687171445568747,0.5687171445568747
275.175,0.2,0.563813199528041,0.563813199528041
275.18,0.2,0.16659444444832625,0.16659444444832625
275.185,0.2,-0.10227799917836779,-0.10227799917836779
275.19,0.2,-0.27856650390243115,-0.27856650390243115
275.195,0.2,0.005141790480975517,0.005141790480975517
275.2,0.2,0.0887872302964702,0.0887872302964702
275.205,0.2,0.46765776004407633,0.46765776004407633
275.21,0.2,0.6226712878066053,0.6226712878066053
275.215,0.2,0.6047089976202557,0.6047089976202557
275.22,0.2,0.3184631618173828,0.3184631618173828
275.225,0.2,-0.10703544301683164,-0.10703544301683164
275.23,0.2,-0.22624536609592621,-0.22624536609592621
275.235,0.2,0.07150454678869081,0.07150454678869081
275.24,0.2,0.0637681423609067,0.0637681423609067
275.245,0.2,0.533023221415584,0.533023221415584
275.25,0.2,0.6402418851311519,0.6402418851311519
275.255,0.2,0.3690572324390716,0.3690572324390716
275.26,0.2,0.28819355505448274,0.28819355505448274
275.265,0.2,0.07903625440077075,0.07903625440077075
275.27,0.2,-0.07545227656759881,-0.07545227656759881
275.275,0.2,-0.3757577233211892,-0.3757577233211892
275.28,0.2,0.21349262736373495,0.21349262736373495
275.285,0.2,0.49493844357026734,0.49493844357026734
275.29,0.2,0.5171357778398358,0.5171357778398358
275.295,0.2,0.46382113219004645,0.46382113219004645
275.3,0.2,0.09577659275803985,0.09577659275803985
275.305,0.2,-0.23503844881161734,-0.23503844881161734
275.31,0.2,-0.2650789437105955,-0.2650789437105955
275.315,0.2,-0.0486785998509769,-0.0486785998509769
275.32,0.2,-0.023505978224957702,-0.023505978224957702
275.325,0.2,0.3984392143341403,0.3984392143341403
275.33,0.2,0.6384949942174475,0.6384949942174475
275.335,0.2,0.4434080485761455,0.4434080485761455
275.34,0.2,0.09101070354298528,0.09101070354298528
275.345,0.2,-0.2406988646586593,-0.2406988646586593
275.35,0.2,-0.19553642447368869,-0.19553642447368869
275.355,0.2,-0.2894835821808107,-0.2894835821808107
275.36,0.2,0.11605966668086273,0.11605966668086273
275.365,0.2,0.4518438945851831,0.4518438945851831
275.37,0.2,0.5430353760322884,0.5430353760322884
275.375,0.2,0.3201514173317681,0.3201514173317681
275.38,0.2,0.1491689075817891,0.1491689075817891
275.385,0.2,-0.24331033417912126,-0.24331033417912126
275.39,0.2,-0.16604595007449752,-0.16604595007449752
275.395,0.2,-0.018032181094846736,-0.018032181094846736
275.4,0.2,0.1721994573745705,0.1721994573745705
275.405,0.2,0.355023212813234,0.355023212813234
275.41,0.2,0.5556508631836865,0.5556508631836865
275.415,0.2,0.6759845507625801,0.6759845507625801
275.42,0.2,0.028023866574928655,0.028023866574928655
275.425,0.2,0.01632343850060479,0.01632343850060479
275.43,0.2,-0.11469601995811644,-0.11469601995811644
275.435,0.2,0.019154684779671236,0.019154684779671236
275.44,0.2,0.4061782743640574,0.4061782743640574
275.445,0.2,0.44354883182659527,0.44354883182659527
275.45,0.2,0.4611033248158305,0.4611033248158305
275.455,0.2,0.3959721410660051,0.3959721410660051
275.46,0.2,0.11724564296447934,0.11724564296447934
275.465,0.2,-0.036538005906394624,-0.036538005906394624
275.47,0.2,-0.16830355205479802,-0.16830355205479802
275.475,0.2,-0.09771843909878565,-0.09771843909878565
275.48,0.2,0.16149104163196046,0.16149104163196046
275.485,0.2,0.4875884972797162,0.4875884972797162
275.49,0.2,0.4732168637047707,0.4732168637047707
275.495,0.2,0.4157510769071495,0.4157510769071495
275.5,0.2,0.21463129288251082,0.21463129288251082
275.505,0.2,-0.11880567072761268,-0.11880567072761268
275.51,0.2,-0.14451264288706495,-0.14451264288706495
275.515,0.2,0.11563611540088756,0.11563611540088756
275.52,0.2,0.37684129967953095,0.37684129967953095
275.525,0.2,0.26992928835789126,0.26992928835789126
275.53,0.2,0.6047442026643333,0.6047442026643333
275.535,0.2,0.45302334519176957,0.45302334519176957
275.54,0.2,0.0019696904583349495,0.0019696904583349495
275.545,0.2,-0.00704639226245371,-0.00704639226245371
275.55,0.2,-0.11610913627992728,-0.11610913627992728
275.555,0.2,-0.0445722300927568,-0.0445722300927568
275.56,0.2,0.2317053707185301,0.2317053707185301
275.565,0.2,0.6325599143003395,0.6325599143003395
275.57,0.2,0.5587968765529497,0.5587968765529497
275.575,0.2,0.5779235908481236,0.5779235908481236
275.58,0.2,0.1441015618818232,0.1441015618818232
275.585,0.2,-0.17778108911989088,-0.17778108911989088
275.59,0.2,-0.05470161558107975,-0.05470161558107975
275.595,0.2,-0.12171963363302582,-0.12171963363302582
275.6,0.2,0.08447115626292209,0.08447115626292209
275.605,0.2,0.601458157562216,0.601458157562216
275.61,0.2,0.6366030573566439,0.6366030573566439
275.615,0.2,0.3290797585046239,0.3290797585046239
275.62,0.2,0.3606395336599125,0.3606395336599125
275.625,0.2,-0.02826802143704403,-0.02826802143704403
275.63,0.2,-0.11624905040286138,-0.11624905040286138
275.635,0.2,0.04447373724455264,0.04447373724455264
275.64,0.2,0.2618602010335047,0.2618602010335047
275.645,0.2,0.466653039262795,0.466653039262795
275.65,0.2,0.4973802793683492,0.4973802793683492
275.655,0.2,0.5675983456293473,0.5675983456293473
275.66,0.2,0.14603944373339223,0.14603944373339223
275.665,0.2,0.058975575733238264,0.058975575733238264
275.67,0.2,-0.2856006745509054,-0.2856006745509054
275.675,0.2,-0.04896031390074672,-0.04896031390074672
275.68,0.2,0.2622656115309861,0.2622656115309861
275.685,0.2,0.5878856095423746,0.5878856095423746
275.69,0.2,0.5022387986857055,0.5022387986857055
275.695,0.2,0.4456361062906478,0.4456361062906478
275.7,0.2,0.3638067975793856,0.3638067975793856
275.705,0.2,0.2414772077556631,0.2414772077556631
275.71,0.2,-0.12046199748641911,-0.12046199748641911
275.715,0.2,0.01122008257765917,0.01122008257765917
275.72,0.2,0.28010985483581774,0.28010985483581774
275.725,0.2,0.6513029260942017,0.6513029260942017
275.73,0.2,0.4510137566583772,0.4510137566583772
275.735,0.2,0.49383358818708095,0.49383358818708095
275.74,0.2,0.19897280288630612,0.19897280288630612
275.745,0.2,0.017748935763497925,0.017748935763497925
275.75,0.2,-0.1499588736801376,-0.1499588736801376
275.755,0.2,-0.13159143915820387,-0.13159143915820387
275.76,0.2,0.2909388201961341,0.2909388201961341
275.765,0.2,0.40334378981689356,0.40334378981689356
275.77,0.2,0.5741759067721414,0.5741759067721414
275.775,0.2,0.4510125747674622,0.4510125747674622
275.78,0.2,0.3389090258841164,0.3389090258841164
275.785,0.2,0.07211105581901216,0.07211105581901216
275.79,0.2,-0.10936967554937274,-0.10936967554937274
275.795,0.2,0.03833238809193772,0.03833238809193772
275.8,0.2,0.41024167454925925,0.41024167454925925
275.805,0.2,0.5891116275361588,0.5891116275361588
275.81,0.2,0.5971870757320418,0.5971870757320418
275.815,0.2,0.4446316923343185,0.4446316923343185
275.82,0.2,0.36218926731791046,0.36218926731791046
275.825,0.2,0.06252586404287079,0.06252586404287079
275.83,0.2,-0.11352849114997146,-0.11352849114997146
275.835,0.2,0.029452807081713692,0.029452807081713692
275.84,0.2,0.21322626403908762,0.21322626403908762
275.845,0.2,0.43425652105084084,0.43425652105084084
275.85,0.2,0.70425205659458,0.70425205659458
275.855,0.2,0.40759368014260844,0.40759368014260844
275.86,0.2,0.33931430153904085,0.33931430153904085
275.865,0.2,-0.00275442439091769,-0.00275442439091769
275.87,0.2,-0.019343873275888157,-0.019343873275888157
275.875,0.2,0.08320749500470667,0.08320749500470667
275.88,0.2,0.24336761958070444,0.24336761958070444
275.885,0.2,0.440268930085687,0.440268930085687
275.89,0.2,0.8012202400126284,0.8012202400126284
275.895,0.2,0.5021826616397408,0.5021826616397408
275.9,0.2,0.18261783709127594,0.18261783709127594
275.905,0.2,-0.11192762345752971,-0.11192762345752971
275.91,0.2,-0.3244296840782149,-0.3244296840782149
275.915,0.2,0.052481756145592064,0.052481756145592064
275.92,0.2,0.2893908509752764,0.2893908509752764
275.925,0.2,0.2358482301719657,0.2358482301719657
275.93,0.2,0.8058094343321575,0.8058094343321575
275.935,0.2,0.5731562689737971,0.5731562689737971
275.94,0.2,0.09034502370577543,0.09034502370577543
275.945,0.2,0.031362420303243835,0.031362420303243835
275.95,0.2,-0.035561471338884904,-0.035561471338884904
275.955,0.2,-0.05001084198805537,-0.05001084198805537
275.96,0.2,0.17669355057290723,0.17669355057290723
275.965,0.2,0.5035534361965579,0.5035534361965579
275.97,0.2,0.7793210045329693,0.7793210045329693
275.975,0.2,0.5379154656933761,0.5379154656933761
275.98,0.2,0.48384221623974644,0.48384221623974644
275.985,0.2,-0.13976890713120602,-0.13976890713120602
275.99,0.2,0.02977802996976278,0.02977802996976278
275.995,0.2,0.13020257645829922,0.13020257645829922
276.0,0.2,0.3057432090969275,0.3057432090969275
276.005,0.2,0.51595013726708,0.51595013726708
276.01,0.2,0.7731919609953014,0.7731919609953014
276.015,0.2,0.5630707823417826,0.5630707823417826
276.02,0.2,0.3283694976792863,0.3283694976792863
276.025,0.2,-0.09228748110352591,-0.09228748110352591
276.03,0.2,-0.04319579066215118,-0.04319579066215118
276.035,0.2,0.022994148785355713,0.022994148785355713
276.04,0.2,0.2727571379530379,0.2727571379530379
276.045,0.2,0.5751672328186229,0.5751672328186229
276.05,0.2,0.6465260336165993,0.6465260336165993
276.055,0.2,0.5947123304799363,0.5947123304799363
276.06,0.2,0.2519627949534472,0.2519627949534472
276.065,0.2,0.13246075492665935,0.13246075492665935
276.07,0.2,-0.11591952483642957,-0.11591952483642957
276.075,0.2,0.08061248621125791,0.08061248621125791
276.08,0.2,0.3128933637854684,0.3128933637854684
276.085,0.2,0.44185363728202787,0.44185363728202787
276.09,0.2,0.617298895829229,0.617298895829229
276.095,0.2,0.6330751680124019,0.6330751680124019
276.1,0.2,0.2061299765063684,0.2061299765063684
276.105,0.2,0.0085164709258964,0.0085164709258964
276.11,0.2,0.05327677390944105,0.05327677390944105
276.115,0.2,0.0596784298848172,0.0596784298848172
276.12,0.2,0.2622393717430674,0.2622393717430674
276.125,0.2,0.5610632884564315,0.5610632884564315
276.13,0.2,0.8303438384050916,0.8303438384050916
276.135,0.2,0.5207412565612217,0.5207412565612217
276.14,0.2,0.21259992028997146,0.21259992028997146
276.145,0.2,0.03960253892792524,0.03960253892792524
276.15,0.2,-0.10749716494149848,-0.10749716494149848
276.155,0.2,0.08976989113446611,0.08976989113446611
276.16,0.2,0.29645072766872566,0.29645072766872566
276.165,0.2,0.7099631741547289,0.7099631741547289
276.17,0.2,0.7081455950005454,0.7081455950005454
276.175,0.2,0.48878913946105107,0.48878913946105107
276.18,0.2,0.08502030675616543,0.08502030675616543
276.185,0.2,-0.18705557330277695,-0.18705557330277695
276.19,0.2,-0.20962562343962612,-0.20962562343962612
276.195,0.2,-0.05378101800039496,-0.05378101800039496
276.2,0.2,0.3330584999890751,0.3330584999890751
276.205,0.2,0.4854498687867558,0.4854498687867558
276.21,0.2,0.6359195669481312,0.6359195669481312
276.215,0.2,0.5069796492194728,0.5069796492194728
276.22,0.2,0.2729873813450931,0.2729873813450931
276.225,0.2,0.0744287650781896,0.0744287650781896
276.23,0.2,-0.1450449897578328,-0.1450449897578328
276.235,0.2,-0.007267413248099673,-0.007267413248099673
276.24,0.2,0.38821317126154153,0.38821317126154153
276.245,0.2,0.49604086193595454,0.49604086193595454
276.25,0.2,0.4946144108018492,0.4946144108018492
276.255,0.2,0.42177697997253216,0.42177697997253216
276.26,0.2,0.0704868850291526,0.0704868850291526
276.265,0.2,0.09874878346485227,0.09874878346485227
276.27,0.2,-0.17508256026168992,-0.17508256026168992
276.275,0.2,0.10129435170942498,0.10129435170942498
276.28,0.2,0.37205578454941707,0.37205578454941707
276.285,0.2,0.4450218441220768,0.4450218441220768
276.29,0.2,0.5203959153944766,0.5203959153944766
276.295,0.2,0.44187945519853455,0.44187945519853455
276.3,0.2,0.23291710055225923,0.23291710055225923
276.305,0.2,-0.07175417814316637,-0.07175417814316637
276.31,0.2,-0.2083775234595518,-0.2083775234595518
276.315,0.2,0.04453533810919881,0.04453533810919881
276.32,0.2,0.11358288772496422,0.11358288772496422
276.325,0.2,0.6882760424184478,0.6882760424184478
276.33,0.2,0.6623962668440451,0.6623962668440451
276.335,0.2,0.3567311659688093,0.3567311659688093
276.34,0.2,0.22102172049239907,0.22102172049239907
276.345,0.2,-0.11768369918663679,-0.11768369918663679
276.35,0.2,-0.08329524356235232,-0.08329524356235232
276.355,0.2,-0.12455710678948677,-0.12455710678948677
276.36,0.2,0.19206397642994127,0.19206397642994127
276.365,0.2,0.47629827043039547,0.47629827043039547
276.37,0.2,0.40372759602778496,0.40372759602778496
276.375,0.2,0.3640540019023571,0.3640540019023571
276.38,0.2,0.11018012990688118,0.11018012990688118
276.385,0.2,-0.1579858602786812,-0.1579858602786812
276.39,0.2,-0.24325117635610582,-0.24325117635610582
276.395,0.2,-0.06596960678073685,-0.06596960678073685
276.4,0.2,0.252046147950746,0.252046147950746
276.405,0.2,0.16980996023517791,0.16980996023517791
276.41,0.2,0.5483286310957803,0.5483286310957803
276.415,0.2,0.4334740398319946,0.4334740398319946
276.42,0.2,0.30848713629161795,0.30848713629161795
276.425,0.2,-0.20378947731239688,-0.20378947731239688
276.43,0.2,-0.16175017818143955,-0.16175017818143955
276.435,0.2,-0.07020496390664104,-0.07020496390664104
276.44,0.2,0.36486672574704326,0.36486672574704326
276.445,0.2,0.4278304594416892,0.4278304594416892
276.45,0.2,0.5658201239159072,0.5658201239159072
276.455,0.2,0.3141905723473808,0.3141905723473808
276.46,0.2,0.2522138301080433,0.2522138301080433
276.465,0.2,-0.010332652642337625,-0.010332652642337625
276.47,0.2,-0.17527663143812516,-0.17527663143812516
276.475,0.2,0.1790713269173671,0.1790713269173671
276.48,0.2,0.27284587517358916,0.27284587517358916
276.485,0.2,0.4856840525898648,0.4856840525898648
276.49,0.2,0.6927836652347156,0.6927836652347156
276.495,0.2,0.4748539584569347,0.4748539584569347
276.5,0.2,0.11680768867808858,0.11680768867808858
276.505,0.2,-0.15624324224994857,-0.15624324224994857
276.51,0.2,-0.27480827001019587,-0.27480827001019587
276.515,0.2,-0.0714576767524019,-0.0714576767524019
276.52,0.2,0.09962900988592877,0.09962900988592877
276.525,0.2,0.6086386665855671,0.6086386665855671
276.53,0.2,0.6923703093736433,0.6923703093736433
276.535,0.2,0.476523139979976,0.476523139979976
276.54,0.2,0.22082293791614635,0.22082293791614635
276.545,0.2,-0.004717783037113225,-0.004717783037113225
276.55,0.2,-0.24255250118429045,-0.24255250118429045
276.555,0.2,-0.02136386029510033,-0.02136386029510033
276.56,0.2,0.23393536244283378,0.23393536244283378
276.565,0.2,0.46820987581610374,0.46820987581610374
276.57,0.2,0.5202665238057261,0.5202665238057261
276.575,0.2,0.3489597370773876,0.3489597370773876
276.58,0.2,0.17341621145536076,0.17341621145536076
276.585,0.2,-0.039571063823948746,-0.039571063823948746
276.59,0.2,-0.2427563135506218,-0.2427563135506218
276.595,0.2,-0.035593137279467515,-0.035593137279467515
276.6,0.2,0.024302696980927546,0.024302696980927546
276.605,0.2,0.41245937560608276,0.41245937560608276
276.61,0.2,0.4490770616336741,0.4490770616336741
276.615,0.2,0.3831864411768612,0.3831864411768612
276.62,0.2,0.28264349077524054,0.28264349077524054
276.625,0.2,-0.18247657827360442,-0.18247657827360442
276.63,0.2,-0.2573420295805254,-0.2573420295805254
276.635,0.2,-0.16344878896954995,-0.16344878896954995
276.64,0.2,0.25250479161655554,0.25250479161655554
276.645,0.2,0.4741755462181738,0.4741755462181738
276.65,0.2,0.413267956987848,0.413267956987848
276.655,0.2,0.30030605766363094,0.30030605766363094
276.66,0.2,0.14527237349302755,0.14527237349302755
276.665,0.2,-0.11114006351623476,-0.11114006351623476
276.67,0.2,-0.281150674524355,-0.281150674524355
276.675,0.2,0.06380101392534245,0.06380101392534245
276.68,0.2,-0.009384556214134254,-0.009384556214134254
276.685,0.2,0.48307061792400213,0.48307061792400213
276.69,0.2,0.7035388963229916,0.7035388963229916
276.695,0.2,0.2058851253415953,0.2058851253415953
276.7,0.2,0.15281002038256503,0.15281002038256503
276.705,0.2,0.018501946388302548,0.018501946388302548
276.71,0.2,-0.31802276218057557,-0.31802276218057557
276.715,0.2,-0.01108452899492579,-0.01108452899492579
276.72,0.2,0.17846233556872584,0.17846233556872584
276.725,0.2,0.3048098578644123,0.3048098578644123
276.73,0.2,0.31925340143947023,0.31925340143947023
276.735,0.2,0.29395987522997336,0.29395987522997336
276.74,0.2,0.15708726343940177,0.15708726343940177
276.745,0.2,0.01813352279439648,0.01813352279439648
276.75,0.2,-0.32468722545857365,-0.32468722545857365
276.755,0.2,-0.044947563660261355,-0.044947563660261355
276.76,0.2,0.15689167048290842,0.15689167048290842
276.765,0.2,0.3886820664532762,0.3886820664532762
276.77,0.2,0.5615861699444376,0.5615861699444376
276.775,0.2,0.5173497800927435,0.5173497800927435
276.78,0.2,0.09066448872285021,0.09066448872285021
276.785,0.2,-0.1507831283236078,-0.1507831283236078
276.79,0.2,0.027619403144520327,0.027619403144520327
276.795,0.2,-0.015927476474373835,-0.015927476474373835
276.8,0.2,0.33582625638621166,0.33582625638621166
276.805,0.2,0.44889253476290214,0.44889253476290214
276.81,0.2,0.6094034717522354,0.6094034717522354
276.815,0.2,0.4389899449988963,0.4389899449988963
276.82,0.2,0.1431053914337456,0.1431053914337456
276.825,0.2,-0.40139921638100073,-0.40139921638100073
276.83,0.2,-0.38879894040556295,-0.38879894040556295
276.835,0.2,0.04966586927908152,0.04966586927908152
276.84,0.2,-0.01011089062406223,-0.01011089062406223
276.845,0.2,0.4908564825989249,0.4908564825989249
276.85,0.2,0.5989321000187662,0.5989321000187662
276.855,0.2,0.3716361756642025,0.3716361756642025
276.86,0.2,0.00031447880814253204,0.00031447880814253204
276.865,0.2,0.21452041881653205,0.21452041881653205
276.87,0.2,-0.1412619125347823,-0.1412619125347823
276.875,0.2,-0.07128139569913222,-0.07128139569913222
276.88,0.2,0.2428890354091956,0.2428890354091956
276.885,0.2,0.6352270235840994,0.6352270235840994
276.89,0.2,0.43404476286195115,0.43404476286195115
276.895,0.2,0.36750477427182904,0.36750477427182904
276.9,0.2,0.18991395444024967,0.18991395444024967
276.905,0.2,-0.18767478087989115,-0.18767478087989115
276.91,0.2,-0.30932733441309723,-0.30932733441309723
276.915,0.2,-0.1482314612798648,-0.1482314612798648
276.92,0.2,0.2348776645471984,0.2348776645471984
276.925,0.2,0.3579045622236726,0.3579045622236726
276.93,0.2,0.41855373845489185,0.41855373845489185
276.935,0.2,0.5082295081191937,0.5082295081191937
276.94,0.2,0.17558471905728837,0.17558471905728837
276.945,0.2,0.03582845477481009,0.03582845477481009
276.95,0.2,-0.17817892584522746,-0.17817892584522746
276.955,0.2,-0.15844758778754273,-0.15844758778754273
276.96,0.2,0.1367182735761024,0.1367182735761024
276.965,0.2,0.4861103091312596,0.4861103091312596
276.97,0.2,0.7310376718918726,0.7310376718918726
276.975,0.2,0.5570649943760363,0.5570649943760363
276.98,0.2,0.1754732910346676,0.1754732910346676
276.985,0.2,-0.018373481823116794,-0.018373481823116794
276.99,0.2,-0.3122201632221472,-0.3122201632221472
276.995,0.2,0.07670705512745313,0.07670705512745313
277.0,0.2,0.18149194813519226,0.18149194813519226
277.005,0.2,0.5226697270694595,0.5226697270694595
277.01,0.2,0.5984529262346614,0.5984529262346614
277.015,0.2,0.33219790598532395,0.33219790598532395
277.02,0.2,0.24796125620344228,0.24796125620344228
277.025,0.2,-0.14265584433981898,-0.14265584433981898
277.03,0.2,-0.05162401765965441,-0.05162401765965441
277.035,0.2,-0.11711986074374124,-0.11711986074374124
277.04,0.2,0.22947960633093611,0.22947960633093611
277.045,0.2,0.45417272708849327,0.45417272708849327
277.05,0.2,0.707768490961642,0.707768490961642
277.055,0.2,0.495950001067418,0.495950001067418
277.06,0.2,0.2277521718216924,0.2277521718216924
277.065,0.2,-0.266165036759383,-0.266165036759383
277.07,0.2,-0.026767669951370143,-0.026767669951370143
277.075,0.2,-0.09253447612894061,-0.09253447612894061
277.08,0.2,0.18528003684369418,0.18528003684369418
277.085,0.2,0.5998394981764354,0.5998394981764354
277.09,0.2,0.42485912860899255,0.42485912860899255
277.095,0.2,0.5407024705099717,0.5407024705099717
277.1,0.2,0.33552827748260783,0.33552827748260783
277.105,0.2,-0.1554199906284635,-0.1554199906284635
277.11,0.2,-0.10819134639664807,-0.10819134639664807
277.115,0.2,-0.1411485767184525,-0.1411485767184525
277.12,0.2,0.26655095186936817,0.26655095186936817
277.125,0.2,0.6413673580254282,0.6413673580254282
277.13,0.2,0.44913763135591456,0.44913763135591456
277.135,0.2,0.4268372214087509,0.4268372214087509
277.14,0.2,0.22495517991396602,0.22495517991396602
277.145,0.2,-0.06404277445243724,-0.06404277445243724
277.15,0.2,-0.13021243222060902,-0.13021243222060902
277.155,0.2,-0.13841571367323424,-0.13841571367323424
277.16,0.2,0.1108502467371682,0.1108502467371682
277.165,0.2,0.468323026916387,0.468323026916387
277.17,0.2,0.6565268175599133,0.6565268175599133
277.175,0.2,0.5310128748131058,0.5310128748131058
277.18,0.2,0.4090652589682444,0.4090652589682444
277.185,0.2,0.026102880104922205,0.026102880104922205
277.19,0.2,-0.4846518913246138,-0.4846518913246138
277.195,0.2,-0.0373963245903057,-0.0373963245903057
277.2,0.2,0.05452988839006509,0.05452988839006509
277.205,0.2,0.27867266226307374,0.27867266226307374
277.21,0.2,0.7025078778842304,0.7025078778842304
277.215,0.2,0.6129253281253189,0.6129253281253189
277.22,0.2,0.24154377892636597,0.24154377892636597
277.225,0.2,0.024535559847083943,0.024535559847083943
277.23,0.2,-0.04971944765107733,-0.04971944765107733
277.235,0.2,-0.12533178113682344,-0.12533178113682344
277.24,0.2,0.2155451929590077,0.2155451929590077
277.245,0.2,0.5436652829621778,0.5436652829621778
277.25,0.2,0.4608153917755149,0.4608153917755149
277.255,0.2,0.4293414238320532,0.4293414238320532
277.26,0.2,0.17212694166508918,0.17212694166508918
277.265,0.2,-0.12364846450247416,-0.12364846450247416
277.27,-0.2,-0.26126031391488513,-0.26126031391488513
277.275,-0.2,-0.09239142763580263,-0.09239142763580263
277.28,-0.2,0.2436190631920993,0.2436190631920993
277.285,-0.2,0.4344378168116698,0.4344378168116698
277.29,-0.2,0.5598458540649269,0.5598458540649269
277.295,-0.2,0.3543961517343095,0.3543961517343095
277.3,-0.2,0.29836907175195665,0.29836907175195665
277.305,-0.2,-0.19913551342974314,-0.19913551342974314
277.31,-0.2,-0.2084512013788371,-0.2084512013788371
277.315,-0.2,-0.058485054766006905,-0.058485054766006905
277.32,-0.2,0.3627633817984735,0.3627633817984735
277.325,-0.2,0.49864617731120564,0.49864617731120564
277.33,-0.2,0.4285976739467511,0.4285976739467511
277.335,-0.2,0.45059958380199244,0.45059958380199244
277.34,-0.2,0.17239076924756624,0.17239076924756624
277.345,-0.2,-0.07256862564586769,-0.07256862564586769
277.35,-0.2,-0.21750734241708997,-0.21750734241708997
277.355,-0.2,0.09624270794046451,0.09624270794046451
277.36,-0.2,0.16248172312737813,0.16248172312737813
277.365,-0.2,0.5621122948291025,0.5621122948291025
277.37,-0.2,0.6155377961437453,0.6155377961437453
277.375,-0.2,0.435799798305267,0.435799798305267
277.38,-0.2,0.17271647777750848,0.17271647777750848
277.385,-0.2,0.03860595650913756,0.03860595650913756
277.39,-0.2,-0.19352318780756086,-0.19352318780756086
277.395,-0.2,-0.09726018713837714,-0.09726018713837714
277.4,-0.2,0.0956354170286779,0.0956354170286779
277.405,-0.2,0.619537632271578,0.619537632271578
277.41,-0.2,0.5266672787402347,0.5266672787402347
277.415,-0.2,0.41099170705131965,0.41099170705131965
277.42,-0.2,0.13164613579668316,0.13164613579668316
277.425,-0.2,-0.14896655793039998,-0.14896655793039998
277.43,-0.2,-0.04840196039699332,-0.04840196039699332
277.435,-0.2,-0.13663648997366867,-0.13663648997366867
277.44,-0.2,0.30120398500972184,0.30120398500972184
277.445,-0.2,0.3866176957871541,0.3866176957871541
277.45,-0.2,0.5171742805726774,0.5171742805726774
277.455,-0.2,0.43469527071257263,0.43469527071257263
277.46,-0.2,0.17880087151261834,0.17880087151261834
277.465,-0.2,-0.1315040183100734,-0.1315040183100734
277.47,-0.2,-0.16551353018408077,-0.16551353018408077
277.475,-0.2,-0.03864724422770573,-0.03864724422770573
277.48,-0.2,0.11632898854474312,0.11632898854474312
277.485,-0.2,0.5670200270871211,0.5670200270871211
277.49,-0.2,0.4108146453203011,0.4108146453203011
277.495,-0.2,0.37591443285697146,0.37591443285697146
277.5,-0.2,0.07771493184455411,0.07771493184455411
277.505,-0.2,-0.0037084021223167257,-0.0037084021223167257
277.51,-0.2,-0.2241190721415408,-0.2241190721415408
277.515,-0.2,0.14653524425378042,0.14653524425378042
277.52,-0.2,0.22181368835458384,0.22181368835458384
277.525,-0.2,0.47882124918886443,0.47882124918886443
277.53,-0.2,0.5618844710964171,0.5618844710964171
277.535,-0.2,0.5381280278363504,0.5381280278363504
277.54,-0.2,0.0508916198357621,0.0508916198357621
277.545,-0.2,-0.006326641214430148,-0.006326641214430148
277.55,-0.2,-0.16249436815142854,-0.16249436815142854
277.555,-0.2,-0.03854131580144145,-0.03854131580144145
277.56,-0.2,0.1766913326990504,0.1766913326990504
277.565,-0.2,0.5748065955679177,0.5748065955679177
277.57,-0.2,0.4567627746956555,0.4567627746956555
277.575,-0.2,0.3639658024213545,0.3639658024213545
277.58,-0.2,0.3554427311188877,0.3554427311188877
277.585,-0.2,0.09309998689706211,0.09309998689706211
277.59,-0.2,-0.28616122123762505,-0.28616122123762505
277.595,-0.2,0.030490950157004884,0.030490950157004884
277.6,-0.2,0.1844553853550818,0.1844553853550818
277.605,-0.2,0.3154268224772716,0.3154268224772716
277.61,-0.2,0.5684756535133901,0.5684756535133901
277.615,-0.2,0.4741816484404456,0.4741816484404456
277.62,-0.2,0.2583794835629925,0.2583794835629925
277.625,-0.2,-0.015036094671994342,-0.015036094671994342
277.63,-0.2,-0.120013696448973,-0.120013696448973
277.635,-0.2,-0.1913750281842178,-0.1913750281842178
277.64,-0.2,0.31150291200204744,0.31150291200204744
277.645,-0.2,0.45126729244838437,0.45126729244838437
277.65,-0.2,0.405563145396766,0.405563145396766
277.655,-0.2,0.38018201571145344,0.38018201571145344
277.66,-0.2,0.26416625828012813,0.26416625828012813
277.665,-0.2,-0.24969228544588337,-0.24969228544588337
277.67,-0.2,-0.21096072740012226,-0.21096072740012226
277.675,-0.2,-0.08380317975502949,-0.08380317975502949
277.68,-0.2,0.1444196004715228,0.1444196004715228
277.685,-0.2,0.5840419492048574,0.5840419492048574
277.69,-0.2,0.7094078176149274,0.7094078176149274
277.695,-0.2,0.5895263769075718,0.5895263769075718
277.7,-0.2,0.1268672462256553,0.1268672462256553
277.705,-0.2,-0.11943228255886794,-0.11943228255886794
277.71,-0.2,-0.2987599164288973,-0.2987599164288973
277.715,-0.2,-0.11731790150529853,-0.11731790150529853
277.72,-0.2,0.20186253205407528,0.20186253205407528
277.725,-0.2,0.43968900269714944,0.43968900269714944
277.73,-0.2,0.49628650436484023,0.49628650436484023
277.735,-0.2,0.5460925715203406,0.5460925715203406
277.74,-0.2,0.2732095261108233,0.2732095261108233
277.745,-0.2,0.06983212586707843,0.06983212586707843
277.75,-0.2,-0.1665097317849797,-0.1665097317849797
277.755,-0.2,-0.12894872043401218,-0.12894872043401218
277.76,-0.2,0.2725772459938828,0.2725772459938828
277.765,-0.2,0.5635038236678221,0.5635038236678221
277.77,-0.2,0.6555651341833882,0.6555651341833882
277.775,-0.2,0.6097812890348683,0.6097812890348683
277.78,-0.2,0.19782183927147381,0.19782183927147381
277.785,-0.2,0.0517726100588915,0.0517726100588915
277.79,-0.2,-0.023224205317590507,-0.023224205317590507
277.795,-0.2,0.0030019253930025913,0.0030019253930025913
277.8,-0.2,0.14430459076838176,0.14430459076838176
277.805,-0.2,0.4048961957184523,0.4048961957184523
277.81,-0.2,0.42554789489196,0.42554789489196
277.815,-0.2,0.45095647177247894,0.45095647177247894
277.82,-0.2,0.24310686002002826,0.24310686002002826
277.825,-0.2,-0.07875276417745394,-0.07875276417745394
277.83,-0.2,-0.09533038823022325,-0.09533038823022325
277.835,-0.2,-0.15281296371034014,-0.15281296371034014
277.84,-0.2,0.04847651473108161,0.04847651473108161
277.845,-0.2,0.3453771931432295,0.3453771931432295
277.85,-0.2,0.6790699018622364,0.6790699018622364
277.855,-0.2,0.6262158913021116,0.6262158913021116
277.86,-0.2,0.19147598153859544,0.19147598153859544
277.865,-0.2,-0.03188643830319973,-0.03188643830319973
277.87,-0.2,-0.08043633310750481,-0.08043633310750481
277.875,-0.2,0.06292006722006502,0.06292006722006502
277.88,-0.2,0.13450411396358852,0.13450411396358852
277.885,-0.2,0.3882909023596199,0.3882909023596199
277.89,-0.2,0.4739085281754856,0.4739085281754856
277.895,-0.2,0.47259342402550436,0.47259342402550436
277.9,-0.2,0.27322446962731073,0.27322446962731073
277.905,-0.2,-0.08305440187701246,-0.08305440187701246
277.91,-0.2,-0.17652870787430106,-0.17652870787430106
277.915,-0.2,-0.18203990443290027,-0.18203990443290027
277.92,-0.2,0.12759090572705084,0.12759090572705084
277.925,-0.2,0.46561119334819634,0.46561119334819634
277.93,-0.2,0.8108214952337377,0.8108214952337377
277.935,-0.2,0.48925860000629207,0.48925860000629207
277.94,-0.2,0.05675337970841879,0.05675337970841879
277.945,-0.2,-0.07130554015893506,-0.07130554015893506
277.95,-0.2,-0.15953549603044706,-0.15953549603044706
277.955,-0.2,0.1273932565550187,0.1273932565550187
277.96,-0.2,0.15751243066335907,0.15751243066335907
277.965,-0.2,0.656368304233214,0.656368304233214
277.97,-0.2,0.4399171847696857,0.4399171847696857
277.975,-0.2,0.47131097216291307,0.47131097216291307
277.98,-0.2,0.24407829965171574,0.24407829965171574
277.985,-0.2,0.09437747076897596,0.09437747076897596
277.99,-0.2,-0.10355965755206942,-0.10355965755206942
277.995,-0.2,0.059332401935594026,0.059332401935594026
278.0,-0.2,0.2592943334049876,0.2592943334049876
278.005,-0.2,0.5301069608449559,0.5301069608449559
278.01,-0.2,0.48803914608415283,0.48803914608415283
278.015,-0.2,0.23314667160832647,0.23314667160832647
278.02,-0.2,0.1495920853339649,0.1495920853339649
278.025,-0.2,-0.2655436479270385,-0.2655436479270385
278.03,-0.2,-0.10701051077609364,-0.10701051077609364
278.035,-0.2,0.04776948224547973,0.04776948224547973
278.04,-0.2,0.22986837592177506,0.22986837592177506
278.045,-0.2,0.33684115791028035,0.33684115791028035
278.05,-0.2,0.646168143980943,0.646168143980943
278.055,-0.2,0.4872166819999464,0.4872166819999464
278.06,-0.2,0.03543997861744519,0.03543997861744519
278.065,-0.2,-0.20045373009225473,-0.20045373009225473
278.07,-0.2,-0.24323279965406336,-0.24323279965406336
278.075,-0.2,-0.17997681004619898,-0.17997681004619898
278.08,-0.2,0.30891541091102664,0.30891541091102664
278.085,-0.2,0.3970258545106608,0.3970258545106608
278.09,-0.2,0.4552643635046309,0.4552643635046309
278.095,-0.2,0.5044778170498,0.5044778170498
278.1,-0.2,0.08025400051357967,0.08025400051357967
278.105,-0.2,-0.3003650132699497,-0.3003650132699497
278.11,-0.2,-0.24654791298661866,-0.24654791298661866
278.115,-0.2,0.07300261210731653,0.07300261210731653
278.12,-0.2,0.31073373014564154,0.31073373014564154
278.125,-0.2,0.4772616679219287,0.4772616679219287
278.13,-0.2,0.5806203563786185,0.5806203563786185
278.135,-0.2,0.3792602050797179,0.3792602050797179
278.14,-0.2,0.2341331122837396,0.2341331122837396
278.145,-0.2,-0.09176274756521711,-0.09176274756521711
278.15,-0.2,-0.1058606268674841,-0.1058606268674841
278.155,-0.2,-0.06585945703407947,-0.06585945703407947
278.16,-0.2,0.20526697740860497,0.20526697740860497
278.165,-0.2,0.419335039160899,0.419335039160899
278.17,-0.2,0.6937251376156628,0.6937251376156628
278.175,-0.2,0.4761580771967869,0.4761580771967869
278.18,-0.2,0.2584914027745894,0.2584914027745894
278.185,-0.2,-0.10436271157081187,-0.10436271157081187
278.19,-0.2,-0.04397241905649772,-0.04397241905649772
278.195,-0.2,0.0964317047791321,0.0964317047791321
278.2,-0.2,0.28444567191577846,0.28444567191577846
278.205,-0.2,0.34681537974390897,0.34681537974390897
278.21,-0.2,0.7061027623672818,0.7061027623672818
278.215,-0.2,0.4338276109547826,0.4338276109547826
278.22,-0.2,0.16157248581925118,0.16157248581925118
278.225,-0.2,-0.086496379470787,-0.086496379470787
278.23,-0.2,-0.1799176797897639,-0.1799176797897639
278.235,-0.2,0.028178010980845204,0.028178010980845204
278.24,-0.2,0.2333131517227894,0.2333131517227894
278.245,-0.2,0.36839069665472735,0.36839069665472735
278.25,-0.2,0.6295684810296411,0.6295684810296411
278.255,-0.2,0.37158698137274415,0.37158698137274415
278.26,-0.2,0.3094828051406633,0.3094828051406633
278.265,-0.2,-0.09446277137268475,-0.09446277137268475
278.27,-0.2,-0.26587560973354146,-0.26587560973354146
278.275,-0.2,-0.18708742242467208,-0.18708742242467208
278.28,-0.2,0.18404919447788512,0.18404919447788512
278.285,-0.2,0.4648475530211335,0.4648475530211335
278.29,-0.2,0.35209331857835335,0.35209331857835335
278.295,-0.2,0.5434317386752421,0.5434317386752421
278.3,-0.2,0.11989369496148221,0.11989369496148221
278.305,-0.2,-0.18359616533733175,-0.18359616533733175
278.31,-0.2,-0.04199474227655753,-0.04199474227655753
278.315,-0.2,-0.10163264045166659,-0.10163264045166659
278.32,-0.2,0.09133679305623854,0.09133679305623854
278.325,-0.2,0.5934473527260428,0.5934473527260428
278.33,-0.2,0.7653842891864742,0.7653842891864742
278.335,-0.2,0.5481106525369263,0.5481106525369263
278.34,-0.2,0.18111384030459354,0.18111384030459354
278.345,-0.2,-0.08213059567696371,-0.08213059567696371
278.35,-0.2,-0.23454404059840567,-0.23454404059840567
278.355,-0.2,0.04898185999936623,0.04898185999936623
278.36,-0.2,0.18130982305284357,0.18130982305284357
278.365,-0.2,0.5217542141193929,0.5217542141193929
278.37,-0.2,0.6115773264713176,0.6115773264713176
278.375,-0.2,0.4512617808701206,0.4512617808701206
278.38,-0.2,0.0790815957555819,0.0790815957555819
278.385,-0.2,-0.05123498438151043,-0.05123498438151043
278.39,-0.2,-0.13214468739851146,-0.13214468739851146
278.395,-0.2,-0.05134832972690449,-0.05134832972690449
278.4,-0.2,0.24390853629910236,0.24390853629910236
278.405,-0.2,0.5618539935311206,0.5618539935311206
278.41,-0.2,0.6240477413741612,0.6240477413741612
278.415,-0.2,0.527682553598491,0.527682553598491
278.42,-0.2,0.18781550535986594,0.18781550535986594
278.425,-0.2,-0.01038150560916308,-0.01038150560916308
278.43,-0.2,-0.13108287778973332,-0.13108287778973332
278.435,-0.2,-0.14419247706226057,-0.14419247706226057
278.44,-0.2,0.08290911276302915,0.08290911276302915
278.445,-0.2,0.4776222081468416,0.4776222081468416
278.45,-0.2,0.6643365689560419,0.6643365689560419
278.455,-0.2,0.5079568026391482,0.5079568026391482
278.46,-0.2,0.23396086897740295,0.23396086897740295
278.465,-0.2,0.004091745034329394,0.004091745034329394
278.47,-0.2,-0.3300394903291354,-0.3300394903291354
278.475,-0.2,0.04705691791366515,0.04705691791366515
278.48,-0.2,0.2531291472447025,0.2531291472447025
278.485,-0.2,0.38773993189035777,0.38773993189035777
278.49,-0.2,0.3310771098893206,0.3310771098893206
278.495,-0.2,0.5135247465647471,0.5135247465647471
278.5,-0.2,0.2683554113962986,0.2683554113962986
278.505,-0.2,-0.2739776898232621,-0.2739776898232621
278.51,-0.2,-0.1488314118950015,-0.1488314118950015
278.515,-0.2,-0.12367902230051664,-0.12367902230051664
278.52,-0.2,0.03593420471828587,0.03593420471828587
278.525,-0.2,0.5008197789575406,0.5008197789575406
278.53,-0.2,0.6010241583624064,0.6010241583624064
278.535,-0.2,0.4061356024821785,0.4061356024821785
278.54,-0.2,0.08547676481247625,0.08547676481247625
278.545,-0.2,-0.12470622704373377,-0.12470622704373377
278.55,-0.2,-0.37163169225155057,-0.37163169225155057
278.555,-0.2,0.03851106715071578,0.03851106715071578
278.56,-0.2,0.18040848874568946,0.18040848874568946
278.565,-0.2,0.4163624703799517,0.4163624703799517
278.57,-0.2,0.47993420656041574,0.47993420656041574
278.575,-0.2,0.3609338657750868,0.3609338657750868
278.58,-0.2,0.1084823084594255,0.1084823084594255
278.585,-0.2,-0.18692778323018105,-0.18692778323018105
278.59,-0.2,-0.003125757955782571,-0.003125757955782571
278.595,-0.2,-0.07624661904803538,-0.07624661904803538
278.6,-0.2,0.09667158757886969,0.09667158757886969
278.605,-0.2,0.38019808614363265,0.38019808614363265
278.61,-0.2,0.585291247796369,0.585291247796369
278.615,-0.2,0.389509251507581,0.389509251507581
278.62,-0.2,0.19179234063817202,0.19179234063817202
278.625,-0.2,-0.027500698736391563,-0.027500698736391563
278.63,-0.2,-0.23144274876020465,-0.23144274876020465
278.635,-0.2,0.02678483286298454,0.02678483286298454
278.64,-0.2,0.08240849228365435,0.08240849228365435
278.645,-0.2,0.4518694495148025,0.4518694495148025
278.65,-0.2,0.43214389094894184,0.43214389094894184
278.655,-0.2,0.4911253474578378,0.4911253474578378
278.66,-0.2,0.20865113940808558,0.20865113940808558
278.665,-0.2,-0.21129045468382573,-0.21129045468382573
278.67,-0.2,-0.25080309744259405,-0.25080309744259405
278.675,-0.2,-0.033808159496407926,-0.033808159496407926
278.68,-0.2,0.21555967353079658,0.21555967353079658
278.685,-0.2,0.2605481409921232,0.2605481409921232
278.69,-0.2,0.601005707669978,0.601005707669978
278.695,-0.2,0.3794492760145469,0.3794492760145469
278.7,-0.2,0.1054370147740531,0.1054370147740531
278.705,-0.2,-0.11587551303825501,-0.11587551303825501
278.71,-0.2,-0.26529579904700185,-0.26529579904700185
278.715,-0.2,0.22445595257165687,0.22445595257165687
278.72,-0.2,0.3057665821504417,0.3057665821504417
278.725,-0.2,0.4161810818980044,0.4161810818980044
278.73,-0.2,0.4545522055341184,0.4545522055341184
278.735,-0.2,0.4341757714864857,0.4341757714864857
278.74,-0.2,0.21876854093147574,0.21876854093147574
278.745,-0.2,-0.07854173175878548,-0.07854173175878548
278.75,-0.2,-0.08813956790372987,-0.08813956790372987
278.755,-0.2,-0.027452934149799796,-0.027452934149799796
278.76,-0.2,0.19237533773383442,0.19237533773383442
278.765,-0.2,0.7201780510693464,0.7201780510693464
278.77,-0.2,0.6203787521896312,0.6203787521896312
278.775,-0.2,0.6131565398396768,0.6131565398396768
278.78,-0.2,0.16770367525573926,0.16770367525573926
278.785,-0.2,-0.004743220266615937,-0.004743220266615937
278.79,-0.2,0.005463419156170518,0.005463419156170518
278.795,-0.2,0.04004435402354291,0.04004435402354291
278.8,-0.2,0.30119318538415285,0.30119318538415285
278.805,-0.2,0.5075374349962983,0.5075374349962983
278.81,-0.2,0.5031883647389143,0.5031883647389143
278.815,-0.2,0.510544320339054,0.510544320339054
278.82,-0.2,0.23315234999351223,0.23315234999351223
278.825,-0.2,-0.000785115538166764,-0.000785115538166764
278.83,-0.2,-0.06252127671351372,-0.06252127671351372
278.835,-0.2,0.038965611200017694,0.038965611200017694
278.84,-0.2,0.24041515774885305,0.24041515774885305
278.845,-0.2,0.41918346187908084,0.41918346187908084
278.85,-0.2,0.5438552771047029,0.5438552771047029
278.855,-0.2,0.6732310369906411,0.6732310369906411
278.86,-0.2,0.0433957531093373,0.0433957531093373
278.865,-0.2,-0.041107242550477006,-0.041107242550477006
278.87,-0.2,-0.11655301026480805,-0.11655301026480805
278.875,-0.2,0.06114164830867094,0.06114164830867094
278.88,-0.2,0.2326827378195431,0.2326827378195431
278.885,-0.2,0.5309542366869997,0.5309542366869997
278.89,-0.2,0.49419781548045555,0.49419781548045555
278.895,-0.2,0.34802596905883887,0.34802596905883887
278.9,-0.2,0.26941478701696797,0.26941478701696797
278.905,-0.2,-0.15893485429255721,-0.15893485429255721
278.91,-0.2,-0.2712343747269272,-0.2712343747269272
278.915,-0.2,-0.1271007463933734,-0.1271007463933734
278.92,-0.2,0.21850345159698387,0.21850345159698387
278.925,-0.2,0.4651859810620005,0.4651859810620005
278.93,-0.2,0.5503403484444287,0.5503403484444287
278.935,-0.2,0.3952630787693538,0.3952630787693538
278.94,-0.2,0.18435310210676725,0.18435310210676725
278.945,-0.2,-0.06050750495617096,-0.06050750495617096
278.95,-0.2,-0.16132552347442566,-0.16132552347442566
278.955,-0.2,-0.16410997146948736,-0.16410997146948736
278.96,-0.2,0.2535864143040547,0.2535864143040547
278.965,-0.2,0.40799693663038406,0.40799693663038406
278.97,-0.2,0.5549041898057837,0.5549041898057837
278.975,-0.2,0.5406912360363152,0.5406912360363152
278.98,-0.2,0.06805754477286408,0.06805754477286408
278.985,-0.2,0.06052714475097509,0.06052714475097509
278.99,-0.2,-0.21817559497362754,-0.21817559497362754
278.995,-0.2,0.0914602074368622,0.0914602074368622
279.0,-0.2,0.0069005962401593735,0.0069005962401593735
279.005,-0.2,0.44547591152574745,0.44547591152574745
279.01,-0.2,0.7028172046790688,0.7028172046790688
279.015,-0.2,0.375830895675231,0.375830895675231
279.02,-0.2,0.17930140232472858,0.17930140232472858
279.025,-0.2,-0.2000197243755243,-0.2000197243755243
279.03,-0.2,-0.2403322801178056,-0.2403322801178056
279.035,-0.2,-0.01183738513351458,-0.01183738513351458
279.04,-0.2,0.1957132640027596,0.1957132640027596
279.045,-0.2,0.3305955826229874,0.3305955826229874
279.05,-0.2,0.5658313949337421,0.5658313949337421
279.055,-0.2,0.35241286353283124,0.35241286353283124
279.06,-0.2,0.3236782323044699,0.3236782323044699
279.065,-0.2,-0.04465475099065856,-0.04465475099065856
279.07,-0.2,0.12138462644428127,0.12138462644428127
279.075,-0.2,-0.16016785049215812,-0.16016785049215812
279.08,-0.2,0.24320874291726494,0.24320874291726494
279.085,-0.2,0.43989033506259606,0.43989033506259606
279.09,-0.2,0.6811658519574719,0.6811658519574719
279.095,-0.2,0.3426636352710254,0.3426636352710254
279.1,-0.2,0.4095105324516425,0.4095105324516425
279.105,-0.2,0.10913779697764159,0.10913779697764159
279.11,-0.2,-0.1889394464730793,-0.1889394464730793
279.115,-0.2,0.05607685189837863,0.05607685189837863
279.12,-0.2,0.3969953859596558,0.3969953859596558
279.125,-0.2,0.5187138783833745,0.5187138783833745
279.13,-0.2,0.5426647591853632,0.5426647591853632
279.135,-0.2,0.6149975949210943,0.6149975949210943
279.14,-0.2,0.2585192922444906,0.2585192922444906
279.145,-0.2,0.016536909736957837,0.016536909736957837
279.15,-0.2,-0.07407792566473084,-0.07407792566473084
279.155,-0.2,0.06329250620817675,0.06329250620817675
279.16,-0.2,0.3346957413060752,0.3346957413060752
279.165,-0.2,0.5940027951793256,0.5940027951793256
279.17,-0.2,0.4665371246812471,0.4665371246812471
279.175,-0.2,0.5312195163551569,0.5312195163551569
279.18,-0.2,0.40066228324115494,0.40066228324115494
279.185,-0.2,0.09804829329932753,0.09804829329932753
279.19,-0.2,-0.1640044841245722,-0.1640044841245722
279.195,-0.2,0.013269200373310946,0.013269200373310946
279.2,-0.2,0.4350718832895316,0.4350718832895316
279.205,-0.2,0.6450815825335029,0.6450815825335029
279.21,-0.2,0.7116179886915437,0.7116179886915437
279.215,-0.2,0.5666825305498792,0.5666825305498792
279.22,-0.2,0.45234262231182576,0.45234262231182576
279.225,-0.2,0.04438690523326444,0.04438690523326444
279.23,-0.2,-0.09769087323360379,-0.09769087323360379
279.235,-0.2,0.07708185448289108,0.07708185448289108
279.24,-0.2,0.49008614794763217,0.49008614794763217
279.245,-0.2,0.5908589963994401,0.5908589963994401
279.25,-0.2,0.5960281371981635,0.5960281371981635
279.255,-0.2,0.4954620483870237,0.4954620483870237
279.26,-0.2,-0.0013435797717744613,-0.0013435797717744613
279.265,-0.2,0.02380200390073251,0.02380200390073251
279.27,-0.2,0.12370749087568411,0.12370749087568411
279.275,-0.2,0.235005199349625,0.235005199349625
279.28,-0.2,0.3528009925976002,0.3528009925976002
279.285,-0.2,0.7991778265603355,0.7991778265603355
279.29,-0.2,0.7384728800156505,0.7384728800156505
279.295,-0.2,0.5807200951034875,0.5807200951034875
279.3,-0.2,0.3798241991629495,0.3798241991629495
279.305,-0.2,-0.10076844901941595,-0.10076844901941595
279.31,-0.2,-0.07846543801612685,-0.07846543801612685
279.315,-0.2,0.06361435821682664,0.06361435821682664
279.32,-0.2,0.31481175334737554,0.31481175334737554
279.325,-0.2,0.6156241940175254,0.6156241940175254
279.33,-0.2,0.5342467567778216,0.5342467567778216
279.335,-0.2,0.6986362639755027,0.6986362639755027
279.34,-0.2,0.42463690291105155,0.42463690291105155
279.345,-0.2,0.09619978020129918,0.09619978020129918
279.35,-0.2,-0.13819454792823516,-0.13819454792823516
279.355,-0.2,0.08902432508757785,0.08902432508757785
279.36,-0.2,0.23215088910750575,0.23215088910750575
279.365,-0.2,0.6407801368450237,0.6407801368450237
279.37,-0.2,0.8081311048589648,0.8081311048589648
279.375,-0.2,0.6763316076497989,0.6763316076497989
279.38,-0.2,0.25049590898293195,0.25049590898293195
279.385,-0.2,0.07535705047972453,0.07535705047972453
279.39,-0.2,0.02180906524629299,0.02180906524629299
279.395,-0.2,0.0888790885786553,0.0888790885786553
279.4,-0.2,0.10280079024583294,0.10280079024583294
279.405,-0.2,0.6068147818832157,0.6068147818832157
279.41,-0.2,0.8618668255438698,0.8618668255438698
279.415,-0.2,0.41704750920730843,0.41704750920730843
279.42,-0.2,0.13192506436973692,0.13192506436973692
279.425,-0.2,0.05342948328191345,0.05342948328191345
279.43,-0.2,-0.19987232432584118,-0.19987232432584118
279.435,-0.2,0.10709558852814541,0.10709558852814541
279.44,-0.2,0.10339447813140956,0.10339447813140956
279.445,-0.2,0.5765364680422285,0.5765364680422285
279.45,-0.2,0.6055570354465288,0.6055570354465288
279.455,-0.2,0.3992602869321772,0.3992602869321772
279.46,-0.2,0.01569907687713573,0.01569907687713573
279.465,-0.2,-0.09293835902611991,-0.09293835902611991
279.47,-0.2,-0.15562409786085163,-0.15562409786085163
279.475,-0.2,0.03647985345945036,0.03647985345945036
279.48,-0.2,0.24533092601285347,0.24533092601285347
279.485,-0.2,0.43084917014751684,0.43084917014751684
279.49,-0.2,0.49532283794433296,0.49532283794433296
279.495,-0.2,0.3478705902768713,0.3478705902768713
279.5,-0.2,0.05632160989163594,0.05632160989163594
279.505,-0.2,-0.2268611183989758,-0.2268611183989758
279.51,-0.2,-0.08054098756012286,-0.08054098756012286
279.515,-0.2,-0.14593222654523214,-0.14593222654523214
279.52,-0.2,0.19417221453965477,0.19417221453965477
279.525,-0.2,0.5460191290296186,0.5460191290296186
279.53,-0.2,0.6599452992842032,0.6599452992842032
279.535,-0.2,0.47531225625488,0.47531225625488
279.54,-0.2,0.140595399530071,0.140595399530071
279.545,-0.2,-0.1049226497985716,-0.1049226497985716
279.55,-0.2,-0.3063466433125862,-0.3063466433125862
279.555,-0.2,0.11602710733779595,0.11602710733779595
279.56,-0.2,0.3640196303418768,0.3640196303418768
279.565,-0.2,0.5575090831396716,0.5575090831396716
279.57,-0.2,0.6729106647423424,0.6729106647423424
279.575,-0.2,0.6193237762282212,0.6193237762282212
279.58,-0.2,0.3663979865382528,0.3663979865382528
279.585,-0.2,0.008881070956282447,0.008881070956282447
279.59,-0.2,-0.18145678194160064,-0.18145678194160064
279.595,-0.2,0.014616803735469329,0.014616803735469329
279.6,-0.2,0.15531856954900963,0.15531856954900963
279.605,-0.2,0.6191946724326134,0.6191946724326134
279.61,-0.2,0.6129709134295609,0.6129709134295609
279.615,-0.2,0.4967466163630284,0.4967466163630284
279.62,-0.2,0.42492303462294906,0.42492303462294906
279.625,-0.2,0.05561514138402146,0.05561514138402146
279.63,-0.2,-0.1268705654899962,-0.1268705654899962
279.635,-0.2,-0.0006966705183880753,-0.0006966705183880753
279.64,-0.2,0.17899684923396442,0.17899684923396442
279.645,-0.2,0.40513408679636614,0.40513408679636614
279.65,-0.2,0.5853620230237397,0.5853620230237397
279.655,-0.2,0.45538408218173715,0.45538408218173715
279.66,-0.2,0.37414013526042317,0.37414013526042317
279.665,-0.2,0.07895343652351375,0.07895343652351375
279.67,-0.2,-0.2259345160703103,-0.2259345160703103
279.675,-0.2,-0.050488608786718805,-0.050488608786718805
279.68,-0.2,0.2962613638191171,0.2962613638191171
279.685,-0.2,0.6638912589383101,0.6638912589383101
279.69,-0.2,0.6852713527064531,0.6852713527064531
279.695,-0.2,0.46330157771975544,0.46330157771975544
279.7,-0.2,0.18906440918260176,0.18906440918260176
279.705,-0.2,0.0669718545000106,0.0669718545000106
279.71,-0.2,-0.04405186604201236,-0.04405186604201236
279.715,-0.2,0.07446167018801336,0.07446167018801336
279.72,-0.2,0.2755001647811051,0.2755001647811051
279.725,-0.2,0.5086983805681656,0.5086983805681656
279.73,-0.2,0.6288966273927419,0.6288966273927419
279.735,-0.2,0.5122416679957299,0.5122416679957299
279.74,-0.2,0.21863106680057137,0.21863106680057137
279.745,-0.2,0.002440505697804851,0.002440505697804851
279.75,-0.2,0.10436967219840479,0.10436967219840479
279.755,-0.2,-0.020519950393098466,-0.020519950393098466
279.76,-0.2,0.09557825460778752,0.09557825460778752
279.765,-0.2,0.39467129266973167,0.39467129266973167
279.77,-0.2,0.6252854678588523,0.6252854678588523
279.775,-0.2,0.3093121885316774,0.3093121885316774
279.78,-0.2,0.36110459487984664,0.36110459487984664
279.785,-0.2,-0.16482332499134936,-0.16482332499134936
279.79,-0.2,-0.010031510425964674,-0.010031510425964674
279.795,-0.2,-0.10368534702452799,-0.10368534702452799
279.8,-0.2,0.11016013537077748,0.11016013537077748
279.805,-0.2,0.3759200280357926,0.3759200280357926
279.81,-0.2,0.4222635719177076,0.4222635719177076
279.815,-0.2,0.35042351268391747,0.35042351268391747
279.82,-0.2,0.22862221128179622,0.22862221128179622
279.825,-0.2,-0.10771190785378139,-0.10771190785378139
279.83,-0.2,-0.18848059816823526,-0.18848059816823526
279.835,-0.2,-0.15895503891418633,-0.15895503891418633
279.84,-0.2,0.16865030197778746,0.16865030197778746
279.845,-0.2,0.261025254902872,0.261025254902872
279.85,-0.2,0.4830140579322899,0.4830140579322899
279.855,-0.2,0.5153385762277535,0.5153385762277535
279.86,-0.2,0.21465211968784156,0.21465211968784156
279.865,-0.2,-0.0955263286608173,-0.0955263286608173
279.87,-0.2,-0.31909430826674023,-0.31909430826674023
279.875,-0.2,-0.14313249333614506,-0.14313249333614506
279.88,-0.2,-0.0221871396923356,-0.0221871396923356
279.885,-0.2,0.46827446072784,0.46827446072784
279.89,-0.2,0.439893542845272,0.439893542845272
279.895,-0.2,0.5482251915775089,0.5482251915775089
279.9,-0.2,0.05427373078714007,0.05427373078714007
279.905,-0.2,-0.0793057475987684,-0.0793057475987684
279.91,-0.2,-0.2807073431193131,-0.2807073431193131
279.915,-0.2,-0.07638791767175607,-0.07638791767175607
279.92,-0.2,0.21513702931103293,0.21513702931103293
279.925,-0.2,0.45881919421770284,0.45881919421770284
279.93,-0.2,0.63975181099824,0.63975181099824
279.935,-0.2,0.3050947401673799,0.3050947401673799
279.94,-0.2,0.06413131779786443,0.06413131779786443
279.945,-0.2,-0.11632954497915285,-0.11632954497915285
279.95,-0.2,-0.2603632836866496,-0.2603632836866496
279.955,-0.2,-0.0765734857782068,-0.0765734857782068
279.96,-0.2,0.04763991395376653,0.04763991395376653
279.965,-0.2,0.47652617984058926,0.47652617984058926
279.97,-0.2,0.3734976272203265,0.3734976272203265
279.975,-0.2,0.2809465750964562,0.2809465750964562
279.98,-0.2,-0.025240795030512006,-0.025240795030512006
279.985,-0.2,-0.2931622983259048,-0.2931622983259048
279.99,-0.2,-0.2855065618816541,-0.2855065618816541
279.995,-0.2,-0.06266108528242824,-0.06266108528242824
280.0,-0.2,0.10188605912560741,0.10188605912560741
280.005,-0.2,0.3545240314204246,0.3545240314204246
280.01,-0.2,0.2958105188714263,0.2958105188714263
280.015,-0.2,0.2676034044291438,0.2676034044291438
280.02,-0.2,0.05990168045291725,0.05990168045291725
280.025,-0.2,-0.23199034830184853,-0.23199034830184853
280.03,-0.2,-0.3638994646990579,-0.3638994646990579
280.035,-0.2,-0.061527173921353054,-0.061527173921353054
280.04,-0.2,0.27508249147645153,0.27508249147645153
280.045,-0.2,0.5048885624554217,0.5048885624554217
280.05,-0.2,0.5718338754938154,0.5718338754938154
280.055,-0.2,0.16888596594451283,0.16888596594451283
280.06,-0.2,0.05332549397040294,0.05332549397040294
280.065,-0.2,-0.1422006607525041,-0.1422006607525041
280.07,-0.2,-0.15017239819682565,-0.15017239819682565
280.075,-0.2,-0.023516685501154433,-0.023516685501154433
280.08,-0.2,0.13527345155897788,0.13527345155897788
280.085,-0.2,0.3121939657556873,0.3121939657556873
280.09,-0.2,0.5407956805239165,0.5407956805239165
280.095,-0.2,0.4009023346987678,0.4009023346987678
280.1,-0.2,0.018811517888529777,0.018811517888529777
280.105,-0.2,-0.2844801274021883,-0.2844801274021883
280.11,-0.2,-0.14418787464322083,-0.14418787464322083
280.115,-0.2,-0.02853535021925148,-0.02853535021925148
280.12,-0.2,0.2520468306532544,0.2520468306532544
280.125,-0.2,0.4592093738395368,0.4592093738395368
280.13,-0.2,0.6496551487294557,0.6496551487294557
280.135,-0.2,0.41009358861060746,0.41009358861060746
280.14,-0.2,-0.023016283782597152,-0.023016283782597152
280.145,-0.2,-0.019659343665820117,-0.019659343665820117
280.15,-0.2,-0.1740907720994195,-0.1740907720994195
280.155,-0.2,-0.021335337056030412,-0.021335337056030412
280.16,-0.2,0.07917810203792457,0.07917810203792457
280.165,-0.2,0.26686981879789484,0.26686981879789484
280.17,-0.2,0.5916006101914786,0.5916006101914786
280.175,-0.2,0.6463150669165509,0.6463150669165509
280.18,-0.2,0.032866733459756284,0.032866733459756284
280.185,-0.2,-0.33533533405515165,-0.33533533405515165
280.19,-0.2,-0.19164617423190233,-0.19164617423190233
280.195,-0.2,-0.08666830180051602,-0.08666830180051602
280.2,-0.2,0.17183224795212507,0.17183224795212507
280.205,-0.2,0.526454927119917,0.526454927119917
280.21,-0.2,0.4451907354629835,0.4451907354629835
280.215,-0.2,0.47177675184290857,0.47177675184290857
280.22,-0.2,0.13624073745182302,0.13624073745182302
280.225,-0.2,-0.07065914948929772,-0.07065914948929772
280.23,-0.2,-0.23545323575542815,-0.23545323575542815
280.235,-0.2,-0.13171258958926776,-0.13171258958926776
280.24,-0.2,0.13493427852920942,0.13493427852920942
280.245,-0.2,0.48377717449830665,0.48377717449830665
280.25,-0.2,0.5591434516325837,0.5591434516325837
280.255,-0.2,0.566022394867479,0.566022394867479
280.26,-0.2,-0.0010719171276784845,-0.0010719171276784845
280.265,-0.2,-0.1791288384871937,-0.1791288384871937
280.27,-0.2,-0.09392896851690606,-0.09392896851690606
280.275,-0.2,-0.11749005080548766,-0.11749005080548766
280.28,-0.2,0.3000982144740827,0.3000982144740827
280.285,-0.2,0.4492641792549454,0.4492641792549454
280.29,-0.2,0.4359111631082735,0.4359111631082735
280.295,-0.2,0.5557869647834671,0.5557869647834671
280.3,-0.2,0.013107874296368505,0.013107874296368505
280.305,-0.2,-0.15316732449232828,-0.15316732449232828
280.31,-0.2,-0.1864009618654556,-0.1864009618654556
280.315,-0.2,-0.09452011872342617,-0.09452011872342617
280.32,-0.2,0.20815551117154174,0.20815551117154174
280.325,-0.2,0.31748755257040695,0.31748755257040695
280.33,-0.2,0.5808786310677915,0.5808786310677915
280.335,-0.2,0.386991536560685,0.386991536560685
280.34,-0.2,0.11717906972377518,0.11717906972377518
280.345,-0.2,-0.1716881090121662,-0.1716881090121662
280.35,-0.2,-0.0607470555346184,-0.0607470555346184
280.355,-0.2,0.031274576436788756,0.031274576436788756
280.36,-0.2,0.3577146866154942,0.3577146866154942
280.365,-0.2,0.4291289139731115,0.4291289139731115
280.37,-0.2,0.4178830763458208,0.4178830763458208
280.375,-0.2,0.45313534681805545,0.45313534681805545
280.38,-0.2,0.365493089410103,0.365493089410103
280.385,-0.2,-0.0647703131465607,-0.0647703131465607
280.39,-0.2,-0.1057762784944496,-0.1057762784944496
280.395,-0.2,-0.023107444245830038,-0.023107444245830038
280.4,-0.2,0.3531321783367833,0.3531321783367833
280.405,-0.2,0.5181609573278368,0.5181609573278368
280.41,-0.2,0.6271448969630766,0.6271448969630766
280.415,-0.2,0.514396491651558,0.514396491651558
280.42,-0.2,0.1568670597515841,0.1568670597515841
280.425,-0.2,-0.07046394485148519,-0.07046394485148519
280.43,-0.2,0.02748853579756197,0.02748853579756197
280.435,-0.2,0.05618881221497287,0.05618881221497287
280.44,-0.2,0.1331861836383184,0.1331861836383184
280.445,-0.2,0.5968727088892469,0.5968727088892469
280.45,-0.2,0.7068543738662922,0.7068543738662922
280.455,-0.2,0.4399755301047772,0.4399755301047772
280.46,-0.2,0.18644913527282247,0.18644913527282247
280.465,-0.2,0.005015699838632419,0.005015699838632419
280.47,-0.2,-0.10969844324381547,-0.10969844324381547
280.475,-0.2,-0.047832975261843415,-0.047832975261843415
280.48,-0.2,0.31454707706019175,0.31454707706019175
280.485,-0.2,0.6876000200215598,0.6876000200215598
280.49,-0.2,0.7157192221465395,0.7157192221465395
280.495,-0.2,0.608845266287609,0.608845266287609
280.5,-0.2,0.3105166334141635,0.3105166334141635
280.505,-0.2,0.08774798356082764,0.08774798356082764
280.51,-0.2,-0.22931741047593884,-0.22931741047593884
280.515,-0.2,0.1938738393382029,0.1938738393382029
280.52,-0.2,0.35453323035528617,0.35453323035528617
280.525,-0.2,0.43567627149563604,0.43567627149563604
280.53,-0.2,0.6937476288709002,0.6937476288709002
280.535,-0.2,0.4818618112660475,0.4818618112660475
280.54,-0.2,0.20587893562080709,0.20587893562080709
280.545,-0.2,-0.05487079370590741,-0.05487079370590741
280.55,-0.2,-0.00013769750411980752,-0.00013769750411980752
280.555,-0.2,0.14512754676838796,0.14512754676838796
280.56,-0.2,0.2071203467549771,0.2071203467549771
280.565,-0.2,0.7555822212909247,0.7555822212909247
280.57,-0.2,0.5313637447691293,0.5313637447691293
280.575,-0.2,0.7280037208950262,0.7280037208950262
280.58,-0.2,0.4276855519361542,0.4276855519361542
280.585,-0.2,-0.09823431322343196,-0.09823431322343196
280.59,-0.2,-0.24465749755284433,-0.24465749755284433
280.595,-0.2,0.0931073141727109,0.0931073141727109
280.6,-0.2,0.26891358553088246,0.26891358553088246
280.605,-0.2,0.6632775804386232,0.6632775804386232
280.61,-0.2,0.3723301355286693,0.3723301355286693
280.615,-0.2,0.42270409570912454,0.42270409570912454
280.62,-0.2,0.2768042328298689,0.2768042328298689
280.625,-0.2,0.07027603524478657,0.07027603524478657
280.63,-0.2,-0.0010860241824093841,-0.0010860241824093841
280.635,-0.2,-0.07646013434154994,-0.07646013434154994
280.64,-0.2,0.2283400925783971,0.2283400925783971
280.645,-0.2,0.31982080403241053,0.31982080403241053
280.65,-0.2,0.6759195432805746,0.6759195432805746
280.655,-0.2,0.3451302945142254,0.3451302945142254
280.66,-0.2,0.06804915215062199,0.06804915215062199
280.665,-0.2,-0.16398523179377822,-0.16398523179377822
280.67,-0.2,-0.25679505584871776,-0.25679505584871776
280.675,-0.2,0.04050469636986771,0.04050469636986771
280.68,-0.2,0.3948334730336818,0.3948334730336818
280.685,-0.2,0.4914859315372901,0.4914859315372901
280.69,-0.2,0.6679870792981841,0.6679870792981841
280.695,-0.2,0.494392872408781,0.494392872408781
280.7,-0.2,0.09661997031161715,0.09661997031161715
280.705,-0.2,-0.02697211264609302,-0.02697211264609302
280.71,-0.2,-0.2814799105265645,-0.2814799105265645
280.715,-0.2,-0.14031973889153104,-0.14031973889153104
280.72,-0.2,0.1478217785006704,0.1478217785006704
280.725,-0.2,0.5155847532002151,0.5155847532002151
280.73,-0.2,0.6219081571033511,0.6219081571033511
280.735,-0.2,0.4169466369317842,0.4169466369317842
280.74,-0.2,0.19518966881310384,0.19518966881310384
280.745,-0.2,-0.030487931001346703,-0.030487931001346703
280.75,-0.2,-0.02765419569072433,-0.02765419569072433
280.755,-0.2,-0.04964315659668603,-0.04964315659668603
280.76,-0.2,0.20964571143120483,0.20964571143120483
280.765,-0.2,0.5356725226844239,0.5356725226844239
280.77,-0.2,0.49993052244059455,0.49993052244059455
280.775,-0.2,0.3706892400990949,0.3706892400990949
280.78,-0.2,0.20351444538046476,0.20351444538046476
280.785,-0.2,-0.12987053530348427,-0.12987053530348427
280.79,-0.2,-0.23631913711609936,-0.23631913711609936
280.795,-0.2,-0.07837013382563679,-0.07837013382563679
280.8,-0.2,0.16945703835181875,0.16945703835181875
280.805,-0.2,0.5203562937697539,0.5203562937697539
280.81,-0.2,0.5184118040363199,0.5184118040363199
280.815,-0.2,0.3650313211500309,0.3650313211500309
280.82,-0.2,0.16886135998643645,0.16886135998643645
280.825,-0.2,-0.11818698227740403,-0.11818698227740403
280.83,-0.2,-0.036072808812560836,-0.036072808812560836
280.835,-0.2,-0.2519401743128925,-0.2519401743128925
280.84,-0.2,0.23756387637451779,0.23756387637451779
280.845,-0.2,0.3651516472448938,0.3651516472448938
280.85,-0.2,0.4437202442285571,0.4437202442285571
280.855,-0.2,0.31491374359026086,0.31491374359026086
280.86,-0.2,0.09832143321608262,0.09832143321608262
280.865,-0.2,-0.09450444155452385,-0.09450444155452385
280.87,-0.2,-0.28573918788841246,-0.28573918788841246
280.875,-0.2,-0.03298095452377532,-0.03298095452377532
280.88,-0.2,0.2528567755732914,0.2528567755732914
280.885,-0.2,0.43202359285342673,0.43202359285342673
280.89,-0.2,0.5329469129953488,0.5329469129953488
280.895,-0.2,0.5416046560280037,0.5416046560280037
280.9,-0.2,0.17397146566127888,0.17397146566127888
280.905,-0.2,-0.18004384681460106,-0.18004384681460106
280.91,-0.2,-0.09972224544792635,-0.09972224544792635
280.915,-0.2,-0.007194350255282221,-0.007194350255282221
280.92,-0.2,0.22522621194185066,0.22522621194185066
280.925,-0.2,0.5657583823759352,0.5657583823759352
280.93,-0.2,0.4392538837228085,0.4392538837228085
280.935,-0.2,0.3119295362864296,0.3119295362864296
280.94,-0.2,0.20217181264624548,0.20217181264624548
280.945,-0.2,-0.10207834810134848,-0.10207834810134848
280.95,-0.2,-0.08329894104782261,-0.08329894104782261
280.955,-0.2,-0.10665448849324943,-0.10665448849324943
280.96,-0.2,0.2215785216477004,0.2215785216477004
280.965,-0.2,0.2581833590251422,0.2581833590251422
280.97,-0.2,0.5254435385897349,0.5254435385897349
280.975,-0.2,0.242543003246338,0.242543003246338
280.98,-0.2,0.1874335305959372,0.1874335305959372
280.985,-0.2,-0.13154867250289723,-0.13154867250289723
280.99,-0.2,-0.33599818231636175,-0.33599818231636175
280.995,-0.2,-0.044330464909667695,-0.044330464909667695
281.0,-0.2,0.27331031646800164,0.27331031646800164
281.005,-0.2,0.35586257530883114,0.35586257530883114
281.01,-0.2,0.5533412000916944,0.5533412000916944
281.015,-0.2,0.43813783270465184,0.43813783270465184
281.02,-0.2,0.16944656048743517,0.16944656048743517
281.025,-0.2,-0.15779305848604697,-0.15779305848604697
281.03,-0.2,-0.18936480868521655,-0.18936480868521655
281.035,-0.2,-0.038127929562764375,-0.038127929562764375
281.04,-0.2,0.17081012636802487,0.17081012636802487
281.045,-0.2,0.40611178207983345,0.40611178207983345
281.05,-0.2,0.5983470498478407,0.5983470498478407
281.055,-0.2,0.31724583924292143,0.31724583924292143
281.06,-0.2,-0.026464865784216307,-0.026464865784216307
281.065,-0.2,-0.2447948074290558,-0.2447948074290558
281.07,-0.2,-0.18378576024623547,-0.18378576024623547
281.075,-0.2,0.04162668478621853,0.04162668478621853
281.08,-0.2,0.271978921800047,0.271978921800047
281.085,-0.2,0.502189251681644,0.502189251681644
281.09,-0.2,0.5618417746167095,0.5618417746167095
281.095,-0.2,0.40872374251702004,0.40872374251702004
281.1,-0.2,0.12327435031398608,0.12327435031398608
281.105,-0.2,-0.10125748706325997,-0.10125748706325997
281.11,-0.2,-0.14582212882066078,-0.14582212882066078
281.115,-0.2,-0.06121566234014393,-0.06121566234014393
281.12,-0.2,0.22417392760567936,0.22417392760567936
281.125,-0.2,0.469270030247164,0.469270030247164
281.13,-0.2,0.7231823714723057,0.7231823714723057
281.135,-0.2,0.42141405145623656,0.42141405145623656
281.14,-0.2,0.11018782438048053,0.11018782438048053
281.145,-0.2,-0.010562288209196968,-0.010562288209196968
281.15,-0.2,-0.18793885843488906,-0.18793885843488906
281.155,-0.2,0.022407904073388482,0.022407904073388482
281.16,-0.2,0.1628239721926208,0.1628239721926208
281.165,-0.2,0.5932583079929278,0.5932583079929278
281.17,-0.2,0.6400853192149003,0.6400853192149003
281.175,-0.2,0.4682677731396397,0.4682677731396397
281.18,-0.2,-0.013933609452431883,-0.013933609452431883
281.185,-0.2,-0.022760979076682362,-0.022760979076682362
281.19,-0.2,-0.3351370550898438,-0.3351370550898438
281.195,-0.2,0.10380634272117975,0.10380634272117975
281.2,-0.2,0.20100227143968963,0.20100227143968963
281.205,-0.2,0.4262898367246253,0.4262898367246253
281.21,-0.2,0.47476373826678164,0.47476373826678164
281.215,-0.2,0.4037720499200824,0.4037720499200824
281.22,-0.2,0.13049665927163712,0.13049665927163712
281.225,-0.2,-0.04028772109402173,-0.04028772109402173
281.23,-0.2,-0.0642154470279534,-0.0642154470279534
281.235,-0.2,0.11259599790850802,0.11259599790850802
281.24,-0.2,-0.044789754597838266,-0.044789754597838266
281.245,-0.2,0.35776231142507053,0.35776231142507053
281.25,-0.2,0.5574087936385282,0.5574087936385282
281.255,-0.2,0.44103097950552816,0.44103097950552816
281.26,-0.2,0.16295964932559323,0.16295964932559323
281.265,-0.2,0.015387456990604217,0.015387456990604217
281.27,-0.2,-0.2269455104416508,-0.2269455104416508
281.275,-0.2,-0.118162517705588,-0.118162517705588
281.28,-0.2,0.1513541970345213,0.1513541970345213
281.285,-0.2,0.48046321205098885,0.48046321205098885
281.29,-0.2,0.6555424400581971,0.6555424400581971
281.295,-0.2,0.473465881789315,0.473465881789315
281.3,-0.2,0.17764002636154913,0.17764002636154913
281.305,-0.2,-0.13456233042389348,-0.13456233042389348
281.31,-0.2,-0.23342644062766238,-0.23342644062766238
281.315,-0.2,-0.10650382178367818,-0.10650382178367818
281.32,-0.2,0.19661102697496452,0.19661102697496452
281.325,-0.2,0.43952689564944525,0.43952689564944525
281.33,-0.2,0.5720368014389664,0.5720368014389664
281.335,-0.2,0.3256391415313229,0.3256391415313229
281.34,-0.2,0.025053967896963153,0.025053967896963153
281.345,-0.2,0.1374992135138983,0.1374992135138983
281.35,-0.2,-0.11264280349529852,-0.11264280349529852
281.355,-0.2,-0.08495246016764102,-0.08495246016764102
281.36,-0.2,0.30975199530293956,0.30975199530293956
281.365,-0.2,0.38482227591103274,0.38482227591103274
281.37,-0.2,0.6012112447342053,0.6012112447342053
281.375,-0.2,0.5315663437098378,0.5315663437098378
281.38,-0.2,0.13650232260586298,0.13650232260586298
281.385,-0.2,-0.06573320572032951,-0.06573320572032951
281.39,-0.2,-0.17208651764594712,-0.17208651764594712
281.395,-0.2,-0.240034905381185,-0.240034905381185
281.4,-0.2,0.334051821749031,0.334051821749031
281.405,-0.2,0.4481757854280486,0.4481757854280486
281.41,-0.2,0.5665541742104346,0.5665541742104346
281.415,-0.2,0.34851520495951677,0.34851520495951677
281.42,-0.2,0.24590995830460763,0.24590995830460763
281.425,-0.2,-0.07087598005579214,-0.07087598005579214
281.43,-0.2,-0.04867000740740593,-0.04867000740740593
281.435,-0.2,-0.025563382829576622,-0.025563382829576622
281.44,-0.2,0.25322945970113797,0.25322945970113797
281.445,-0.2,0.41424148818510087,0.41424148818510087
281.45,-0.2,0.5961551266289428,0.5961551266289428
281.455,-0.2,0.5512659859209721,0.5512659859209721
281.46,-0.2,0.11301186913396866,0.11301186913396866
281.465,-0.2,0.024026281790594434,0.024026281790594434
281.47,-0.2,-0.2116120264112349,-0.2116120264112349
281.475,-0.2,0.005155532907363668,0.005155532907363668
281.48,-0.2,0.45939136709460704,0.45939136709460704
281.485,-0.2,0.5225343547602317,0.5225343547602317
281.49,-0.2,0.7040932254348979,0.7040932254348979
281.495,-0.2,0.5063353397006229,0.5063353397006229
281.5,-0.2,0.34906097649688983,0.34906097649688983
281.505,-0.2,-0.08910041825433522,-0.08910041825433522
281.51,-0.2,-0.25391619209301236,-0.25391619209301236
281.515,-0.2,-0.12604710792740587,-0.12604710792740587
281.52,-0.2,0.2095774650496817,0.2095774650496817
281.525,-0.2,0.5903714356319518,0.5903714356319518
281.53,-0.2,0.7531309303856003,0.7531309303856003
281.535,-0.2,0.44785134729606146,0.44785134729606146
281.54,-0.2,0.23920444208525818,0.23920444208525818
281.545,-0.2,-0.20366442840176432,-0.20366442840176432
281.55,-0.2,-0.2960423839847059,-0.2960423839847059
281.555,-0.2,-0.18488511749934802,-0.18488511749934802
281.56,-0.2,0.08134394024721414,0.08134394024721414
281.565,-0.2,0.6806356975977483,0.6806356975977483
281.57,-0.2,0.45064273380292086,0.45064273380292086
281.575,-0.2,0.37877395693148114,0.37877395693148114
281.58,-0.2,0.1335495586204356,0.1335495586204356
281.585,-0.2,0.12435007898789627,0.12435007898789627
281.59,-0.2,-0.13000048344148843,-0.13000048344148843
281.595,-0.2,-0.1757575723406727,-0.1757575723406727
281.6,-0.2,0.1455787132709974,0.1455787132709974
281.605,-0.2,0.5127628514761632,0.5127628514761632
281.61,-0.2,0.6573306918251863,0.6573306918251863
281.615,-0.2,0.3746973080988304,0.3746973080988304
281.62,-0.2,0.09038875085197975,0.09038875085197975
281.625,-0.2,-0.09496462262545183,-0.09496462262545183
281.63,-0.2,-0.21085638980320265,-0.21085638980320265
281.635,-0.2,-0.020405254620373056,-0.020405254620373056
281.64,-0.2,0.054399988768229046,0.054399988768229046
281.645,-0.2,0.476943557171927,0.476943557171927
281.65,-0.2,0.5872434576649099,0.5872434576649099
281.655,-0.2,0.46157983109551803,0.46157983109551803
281.66,-0.2,0.27916298317528576,0.27916298317528576
281.665,-0.2,-0.052055831297856556,-0.052055831297856556
281.67,-0.2,0.05695039576778016,0.05695039576778016
281.675,-0.2,-0.1718463624968284,-0.1718463624968284
281.68,-0.2,0.1502165817870344,0.1502165817870344
281.685,-0.2,0.4547801373291436,0.4547801373291436
281.69,-0.2,0.6522191403995964,0.6522191403995964
281.695,-0.2,0.3968618667748306,0.3968618667748306
281.7,-0.2,0.2667677925453287,0.2667677925453287
281.705,-0.2,0.07298464258247947,0.07298464258247947
281.71,-0.2,-0.19756902494884157,-0.19756902494884157
281.715,-0.2,-0.02720452175150842,-0.02720452175150842
281.72,-0.2,0.24898622444929877,0.24898622444929877
281.725,-0.2,0.6062004654220434,0.6062004654220434
281.73,-0.2,0.4697329716293409,0.4697329716293409
281.735,-0.2,0.38719481833310226,0.38719481833310226
281.74,-0.2,0.10531001812312712,0.10531001812312712
281.745,-0.2,-0.03355222509835154,-0.03355222509835154
281.75,-0.2,-0.2242633204954277,-0.2242633204954277
281.755,-0.2,0.011068661382865046,0.011068661382865046
281.76,-0.2,0.29354740209251373,0.29354740209251373
281.765,-0.2,0.21922445187310963,0.21922445187310963
281.77,-0.2,0.47846672783848465,0.47846672783848465
281.775,-0.2,0.2843600452983638,0.2843600452983638
281.78,-0.2,0.15783116628023378,0.15783116628023378
281.785,-0.2,-0.13925550133979533,-0.13925550133979533
281.79,-0.2,-0.16883193397840862,-0.16883193397840862
281.795,-0.2,-0.04148349380984164,-0.04148349380984164
281.8,-0.2,-0.017921841356701246,-0.017921841356701246
281.805,-0.2,0.4516507763826588,0.4516507763826588
281.81,-0.2,0.3593878103396161,0.3593878103396161
281.815,-0.2,0.5342812126501466,0.5342812126501466
281.82,-0.2,0.038688782315064174,0.038688782315064174
281.825,-0.2,0.021932014861339194,0.021932014861339194
281.83,-0.2,-0.31596056977292486,-0.31596056977292486
281.835,-0.2,-0.12844556118955427,-0.12844556118955427
281.84,-0.2,0.09317896040597823,0.09317896040597823
281.845,-0.2,0.34497564927574204,0.34497564927574204
281.85,-0.2,0.4307039145682896,0.4307039145682896
281.855,-0.2,0.3692088028382066,0.3692088028382066
281.86,-0.2,0.1812491834185384,0.1812491834185384
281.865,-0.2,-0.23508808427852884,-0.23508808427852884
281.87,-0.2,-0.3699021411719386,-0.3699021411719386
281.875,-0.2,-0.0838941253488436,-0.0838941253488436
281.88,-0.2,0.3146634005453407,0.3146634005453407
281.885,-0.2,0.30665820378590436,0.30665820378590436
281.89,-0.2,0.45796590331723075,0.45796590331723075
281.895,-0.2,0.2837264284082884,0.2837264284082884
281.9,-0.2,0.20251847311247562,0.20251847311247562
281.905,-0.2,-0.2062809149698866,-0.2062809149698866
281.91,-0.2,-0.2256695437568818,-0.2256695437568818
281.915,-0.2,-0.0887753665831031,-0.0887753665831031
281.92,-0.2,0.07461789802229661,0.07461789802229661
281.925,-0.2,0.49485307792443356,0.49485307792443356
281.93,-0.2,0.6121925585018819,0.6121925585018819
281.935,-0.2,0.3657359464207494,0.3657359464207494
281.94,-0.2,0.016459464920935613,0.016459464920935613
281.945,-0.2,-0.16494077130849555,-0.16494077130849555
281.95,-0.2,-0.11801230031422616,-0.11801230031422616
281.955,-0.2,-0.2686690681125179,-0.2686690681125179
281.96,-0.2,0.2746229002019275,0.2746229002019275
281.965,-0.2,0.4959470704870629,0.4959470704870629
281.97,-0.2,0.5088436383578598,0.5088436383578598
281.975,-0.2,0.45089680706340135,0.45089680706340135
281.98,-0.2,0.13369953789741115,0.13369953789741115
281.985,-0.2,-0.25563696447131934,-0.25563696447131934
281.99,-0.2,-0.17404561563318707,-0.17404561563318707
281.995,-0.2,-0.2521815500451714,-0.2521815500451714
282.0,-0.2,0.3731678924527153,0.3731678924527153
282.005,-0.2,0.43544962169145707,0.43544962169145707
282.01,-0.2,0.4626053120691651,0.4626053120691651
282.015,-0.2,0.4054107804827874,0.4054107804827874
282.02,-0.2,0.026449641621439868,0.026449641621439868
282.025,-0.2,-0.14189782116117147,-0.14189782116117147
282.03,-0.2,-0.1710323725599846,-0.1710323725599846
282.035,-0.2,-0.16356270640394627,-0.16356270640394627
282.04,-0.2,0.18289863179915491,0.18289863179915491
282.045,-0.2,0.44993687696290935,0.44993687696290935
282.05,-0.2,0.636186624147582,0.636186624147582
282.055,-0.2,0.5180954224887235,0.5180954224887235
282.06,-0.2,0.14210719492886031,0.14210719492886031
282.065,-0.2,-0.2581272832600357,-0.2581272832600357
282.07,-0.2,-0.06402459733713936,-0.06402459733713936
282.075,-0.2,-0.10692677093484523,-0.10692677093484523
282.08,-0.2,0.24222971991255415,0.24222971991255415
282.085,-0.2,0.5069932186225942,0.5069932186225942
282.09,-0.2,0.4284780573491077,0.4284780573491077
282.095,-0.2,0.36970348868065445,0.36970348868065445
282.1,-0.2,0.32059202963193195,0.32059202963193195
282.105,-0.2,-0.004616278133602755,-0.004616278133602755
282.11,-0.2,-0.15878880204948906,-0.15878880204948906
282.115,-0.2,-0.14228301729015558,-0.14228301729015558
282.12,-0.2,0.39820254360489865,0.39820254360489865
282.125,-0.2,0.4825419953960182,0.4825419953960182
282.13,-0.2,0.6543213474721318,0.6543213474721318
282.135,-0.2,0.548560292920415,0.548560292920415
282.14,-0.2,0.23257384738290338,0.23257384738290338
282.145,-0.2,-0.03089508829024845,-0.03089508829024845
282.15,-0.2,-0.15537198845170183,-0.15537198845170183
282.155,-0.2,0.11204384473576859,0.11204384473576859
282.16,-0.2,0.2585108235265597,0.2585108235265597
282.165,-0.2,0.41219476107667763,0.41219476107667763
282.17,-0.2,0.5641534738672809,0.5641534738672809
282.175,-0.2,0.4169541355055904,0.4169541355055904
282.18,-0.2,0.3645709578676276,0.3645709578676276
282.185,-0.2,0.1347260745295175,0.1347260745295175
282.19,-0.2,-0.13864033202665346,-0.13864033202665346
282.195,-0.2,0.0897180532088256,0.0897180532088256
282.2,-0.2,0.42140301737032154,0.42140301737032154
282.205,-0.2,0.33830594070564723,0.33830594070564723
282.21,-0.2,0.5883838502955625,0.5883838502955625
282.215,-0.2,0.4974022811201968,0.4974022811201968
282.22,-0.2,0.09060482472720052,0.09060482472720052
282.225,-0.2,0.17705322524577916,0.17705322524577916
282.23,-0.2,-0.30404195965676584,-0.30404195965676584
282.235,-0.2,0.13479330960578675,0.13479330960578675
282.24,-0.2,0.17132213701485638,0.17132213701485638
282.245,-0.2,0.4156295881347225,0.4156295881347225
282.25,-0.2,0.6262836926783122,0.6262836926783122
282.255,-0.2,0.4784448979299179,0.4784448979299179
282.26,-0.2,0.24991556952282723,0.24991556952282723
282.265,-0.2,0.0950326292409727,0.0950326292409727
