t,reference,measured,noisy
292.925,0.2,8.799520328786888e-06,0.2816840113600195
292.93,0.2,7.775665908143788e-05,0.35118440276808227
292.935,0.2,0.00033938637596208737,0.20070679314110557
292.94,0.2,0.0009935796212546311,0.021132613281179245
292.945,0.2,0.002229922100244408,-0.15300650636603963
292.95,0.2,0.004140212247519162,-0.19872682443447656
292.955,0.2,0.006675996315064983,-0.12672689987975166
292.96,0.2,0.009673800401669753,0.12639358893265829
292.965,0.2,0.012938393635284852,0.2867791652600689
292.97,0.2,0.016340046359059585,0.3677566289617449
292.975,0.2,0.019872819680558745,0.3883624027820364
292.98,0.2,0.02364287049691665,-0.036668498313565216
292.985,0.2,0.027780943346415926,-0.19613088412768664
292.99,0.2,0.032318819512068,-0.43124993469101836
292.995,0.2,0.03711151391659636,-0.17410951682452686
293.0,0.2,0.04186445635232935,0.07288280265337369
293.005,0.2,0.046248773281928196,0.17208565499902034
293.01,0.2,0.05002319306398791,0.32623174255327214
293.015,0.2,0.05309869682509552,0.2901691337693286
293.02,0.2,0.05553066170668958,-0.05376522516180014
293.025,0.2,0.05744084954311678,-0.12355823833459126
293.03,0.2,0.05891257137832223,-0.27688541812774076
293.035,0.2,0.05992996298101367,-0.10428671366887991
293.04,0.2,0.06039862454127924,0.20910940844328638
293.045,0.2,0.06023812200511994,0.3910874103042247
293.05,0.2,0.05948199204049119,0.2707449964129177
293.055,0.2,0.058311152260772985,0.4420011142243504
293.06,0.2,0.057020461150186365,0.21119444941725546
293.065,0.2,0.05594560622657204,-0.14224141361761763
293.07,0.2,0.055351249011655654,-0.3135934075480504
293.075,0.2,0.055329549332183835,-0.10921438868213756
293.08,0.2,0.055803403910579336,0.3230452860423388
293.085,0.2,0.05664520115547512,0.35305443146911897
293.09,0.2,0.05780734062593116,0.46641211203916505
293.095,0.2,0.059370454326895396,0.3058001790020435
293.1,0.2,0.061510646848186704,0.3432450803677676
293.105,0.2,0.06442536200292989,-0.12489716430634903
293.11,0.2,0.0682385197586935,-0.10373230385764891
293.115,0.2,0.07291938244453787,-0.21599659901205212
293.12,0.2,0.07826986239180138,0.09408922353652545
293.125,0.2,0.08399813912983144,0.3028394689323671
293.13,0.2,0.08983886439522419,0.45095033776376325
293.135,0.2,0.09565172952938814,0.4883465719987335
293.14,0.2,0.10144316748526905,0.14278137325312137
293.145,0.2,0.10730261432771902,0.14278520650445756
293.15,0.2,0.11329800348734381,-0.2347453986988583
293.155,0.2,0.11938702408158254,-0.18131030996815303
293.16,0.2,0.12539094314378676,0.22122933550068752
293.165,0.2,0.1310658287005385,0.31191735337040116
293.17,0.2,0.1362254534841832,0.42996369862880873
293.175,0.2,0.1408161684776634,0.3359130800852326
293.18,0.2,0.14490356989426564,0.06176780191681355
293.185,0.2,0.14858728575987953,-0.2054546639477025
293.19,0.2,0.1518998126413592,0.06061508153400377
293.195,0.2,0.15476976333634923,-0.08242720727237207
293.2,0.2,0.15706491981418522,0.28084841280066886
293.205,0.2,0.15867257319834155,0.42273870846634476
293.21,0.2,0.1595816057676412,0.43929347400065466
293.215,0.2,0.15992246990176925,0.4043886463671458
293.22,0.2,0.15993832920276987,0.25218964991057047
293.225,0.2,0.15990699102331507,0.004052219405920061
293.23,0.2,0.1600356668790208,-0.39670462533905293
293.235,0.2,0.1603637931849031,-0.06052260418331404
293.24,0.2,0.16075479362235745,0.20754044056124477
293.245,0.2,0.16101431111545778,0.5932517641154329
293.25,0.2,0.16104183500628172,0.29558814457946114
293.255,0.2,0.16089390564199454,0.532627990752257
293.26,0.2,0.16074745264380555,0.15157852568634414
293.265,0.2,0.16081222242586746,-0.08008345655523741
293.27,0.2,0.16122066434236185,-0.1984644327796018
293.275,0.2,0.1619492915535896,-0.031164942635453816
293.28,0.2,0.16283743680187238,0.2785898233579791
293.285,0.2,0.16369659534958036,0.481171760477478
293.29,0.2,0.16444001919956935,0.724091361366582
293.295,0.2,0.16515493104241952,0.3425263351074228
293.3,0.2,0.16607150315544317,0.3606136660362902
293.305,0.2,0.1674563684171157,0.08038382091643248
293.31,0.2,0.16949832217471755,-0.19572765976310819
293.315,0.2,0.1722297406042958,0.13354384442892947
293.32,0.2,0.17552571420018787,0.14400695688551518
293.325,0.2,0.1791868908801601,0.4002445625683479
293.33,0.2,0.183045290672095,0.5908373745963993
293.335,0.2,0.18704311262021564,0.5426113449347305
293.34,0.2,0.19124585185094228,0.1435310629372957
293.345,0.2,0.19575722092995057,-0.12819555267223426
293.35,0.2,0.2005838452271796,-0.19855178209056068
293.355,0.2,0.20555468243441247,-0.09932833939813054
293.36,0.2,0.21035275526092437,0.2708767503468273
293.365,0.2,0.21462999281122708,0.2241317872816863
293.37,0.2,0.21812027525101157,0.36104450442421876
293.375,0.2,0.2206941536867353,0.45537645470185534
293.38,0.2,0.22236004944278942,0.12923656342157366
293.385,0.2,0.22320952307652175,-0.08032269187035725
293.39,0.2,0.22331084836480636,-0.30921443498890966
293.395,0.2,0.22262162287381485,-0.017839120934065856
293.4,0.2,0.22099925033610868,0.19945824967863113
293.405,0.2,0.21830572386767919,0.42504996789071564
293.41,0.2,0.2145232916686721,0.4368623223033801
293.415,0.2,0.20980286670188136,0.3531423198931417
293.42,0.2,0.20442509288355992,0.07486409127567492
293.425,0.2,0.19870333367426474,0.04508496871549896
293.43,0.2,0.19288410576397405,-0.20294837951178624
293.435,0.2,0.18709038944531925,0.024207203990279917
293.44,0.2,0.1813318833798405,0.16627747968833373
293.445,0.2,0.1755782112094178,0.3152183745290625
293.45,0.2,0.16984830108552595,0.4812536682981269
293.455,0.2,0.16426263059265855,0.28595341735405067
293.46,0.2,0.15903289123767972,0.2949520593847349
293.465,0.2,0.1544007690293011,0.0874345246948833
293.47,0.2,0.15055897204225277,-0.1479809178268538
293.475,0.2,0.14758545539557633,0.10085864368594617
293.48,0.2,0.14544032330633305,0.33331895349242135
293.485,0.2,0.14404639980099723,0.4569557048818833
293.49,0.2,0.1433898692014006,0.6318631629657112
293.495,0.2,0.14356498193152098,0.27114849418560194
293.5,0.2,0.14473016406588604,0.1047703041134065
293.505,0.2,0.14700001659567766,-0.058323317700227834
293.51,0.2,0.15034386338047254,-0.3096558271774936
293.515,0.2,0.1545424555329494,0.005129632124349831
293.52,0.2,0.15923105598317197,0.24219734050870856
293.525,0.2,0.16402556901364254,0.4804192355074515
293.53,0.2,0.16865169278426975,0.32703454919700886
293.535,0.2,0.17299157885795724,0.387636555717575
293.54,0.2,0.1770552525032405,0.40129999065869404
293.545,0.2,0.18092446815639884,-0.04255156238622306
293.55,0.2,0.18467710046484656,0.09870650764844774
293.555,0.2,0.18831479559492992,-0.08337662557866601
293.56,0.2,0.1917504121104817,0.36774037945371385
293.565,0.2,0.19486939915472168,0.36485907702767156
293.57,0.2,0.19761682363725708,0.47952467835545876
293.575,0.2,0.20004632858998592,0.46305451051518093
293.58,0.2,0.2023051075304171,0.1627137898909163
293.585,0.2,0.20456239212418742,0.026781227989077852
293.59,0.2,0.206917272561713,-0.0015273416140690194
293.595,0.2,0.20933900472198713,-0.25420511256861095
293.6,0.2,0.2116643708191243,0.27684154213069645
293.605,0.2,0.21366606214171072,0.351501195188521
293.61,0.2,0.21517235137111518,0.523504496702743
293.615,0.2,0.2161542678645068,0.4494349339510838
293.62,0.2,0.2167262240292655,0.26859694330116135
293.625,0.2,0.2170722392746554,0.0035669011113876447
293.63,0.2,0.2173370605836615,-0.129591084554114
293.635,0.2,0.21754247160794812,-0.027010477737608046
293.64,0.2,0.21757833448960093,0.0231146893779422
293.645,0.2,0.21726461052152454,0.29621234182748973
293.65,0.2,0.2164470119908845,0.46701699200439
293.655,0.2,0.21507587199409683,0.1848565459110131
293.66,0.2,0.2132149699223706,0.29383865703639184
293.665,0.2,0.2109901107877419,0.15294710399011963
293.67,0.2,0.20852926389061582,-0.091449822759114
293.675,0.2,0.20590705792983865,-0.007815202766724504
293.68,0.2,0.20311591717257615,0.152230911230821
293.685,0.2,0.20010163069503312,0.2779712633783489
293.69,0.2,0.19684081475088455,0.48449370481971715
293.695,0.2,0.1934081713194253,0.5033709516913616
293.7,0.2,0.1899950832032239,0.2366394774507876
293.705,0.2,0.18685223715019453,0.008813494322121099
293.71,0.2,0.18417655360549254,-0.202694872796557
293.715,0.2,0.18201973237772912,0.03417854842649726
293.72,0.2,0.180289779379058,0.21862962808785166
293.725,0.2,0.17884684370741022,0.5387437005236654
293.73,0.2,0.17762485500609518,0.5507723178321803
293.735,0.2,0.176700184050915,0.49928684891934333
293.74,0.2,0.17626846612487027,0.1810934687929253
293.745,0.2,0.17654376963056168,-0.0235521703048858
293.75,0.2,0.17763838637169052,-0.12494973042195327
293.755,0.2,0.17949728716418364,0.09230751283550365
293.76,0.2,0.18192600964728475,0.1622563934875891
293.765,0.2,0.18467483876336846,0.15635590085425916
293.77,0.2,0.18751971986373872,0.591195641519723
293.775,0.2,0.19032176785117128,0.1754111372887815
293.78,0.2,0.19303710348426992,0.16205251271051405
293.785,0.2,0.19565703742064422,0.017351016614373486
293.79,0.2,0.19813120908288623,-0.17617703877164204
293.795,0.2,0.2003220706892669,-0.07274068402901346
293.8,0.2,0.20200726638694924,0.08070265626240909
293.805,0.2,0.20294718308050816,0.45087434516308844
293.81,0.2,0.2029952136705645,0.5034080797581324
293.815,0.2,0.20218049956109682,0.480209253979453
293.82,0.2,0.20070326542180558,0.2024325393132732
293.825,0.2,0.19884010486106038,-0.08648449672963744
293.83,0.2,0.1968139770220672,-0.11246057783259375
293.835,0.2,0.1947147814199091,0.1288382819624053
293.84,0.2,0.19252827023401983,0.37825672250792053
293.845,0.2,0.19023837836633267,0.3914258346434555
293.85,0.2,0.1879147060174498,0.5879850278867595
293.855,0.2,0.185739555308944,0.3725110787342525
293.86,0.2,0.18397031700878372,0.14614640924699016
293.865,0.2,0.18284548108728513,-0.04525971668155906
293.87,0.2,0.18248577416148973,0.014212311900130822
293.875,0.2,0.18285720410860112,0.02869207128403522
293.88,0.2,0.183805969213456,0.17213941292932922
293.885,0.2,0.18513228020274608,0.3750663159473359
293.89,0.2,0.1866693411147628,0.317366359896023
293.895,0.2,0.18833147063451883,0.36893233546334026
293.9,0.2,0.19010779318790233,0.10637102621052932
293.905,0.2,0.19200940231896152,0.02499406149025317
293.91,0.2,0.1940006311052389,-0.10105037260294748
293.915,0.2,0.19595800069235175,0.05157251581885468
293.92,0.2,0.19769090466346173,0.26630459933425615
293.925,0.2,0.19901738848425138,0.35407774708630907
293.93,0.2,0.1998474017025084,0.5297842157803286
293.935,0.2,0.2002236880390031,0.2911650184591689
293.94,0.2,0.20029396990775022,0.14935107661836222
293.945,0.2,0.20022074638603699,-0.1652965709375199
293.95,0.2,0.2000776977849411,-0.13285951824030526
293.955,0.2,0.19980207547008066,0.08250041444084162
293.96,0.2,0.19923848737767402,0.1887266433786683
293.965,0.2,0.19824202094954702,0.5541472781028031
293.97,0.2,0.19678136088779905,0.5497843402248758
293.975,0.2,0.1949898266879384,0.3892701314534986
293.98,0.2,0.19312311290287895,0.07885340098575319
293.985,0.2,0.19144635631871,0.12385313333673667
293.99,0.2,0.19013462769936013,-0.05866682187005637
293.995,0.2,0.18923670788482497,0.10672605628931232
294.0,0.2,0.18869574960284538,0.1601510776696455
294.005,0.2,0.1884085635063123,0.35974150756936196
294.01,0.2,0.18830288297663508,0.5793234624513122
294.015,0.2,0.18839989188332346,0.3528310154724004
294.02,0.2,0.18881738970725379,0.29514808958859384
294.025,0.2,0.18970317038567552,0.04823587388625597
294.03,0.2,0.191141751459914,-0.1552996844202768
294.035,0.2,0.19308822102390924,0.13411348234179812
294.04,0.2,0.19537908176649896,0.25842658880581426
294.045,0.2,0.19781896817006864,0.36498108686796327
294.05,0.2,0.2002680004072591,0.3611684943419338
294.055,0.2,0.20267536519363083,0.374452714950448
294.06,0.2,0.20506284292063034,0.14956740002731564
294.065,0.2,0.20747076595820166,0.009796536371217426
294.07,0.2,0.2098871740939185,-0.07130545066386904
294.075,0.2,0.2122038096868585,0.02113081698716615
294.08,0.2,0.2142321402013371,0.18304159660170458
294.085,0.2,0.21577074925409384,0.3045986935028401
294.09,0.2,0.2166867255009007,0.5080564696229838
294.095,0.2,0.21697644701535407,0.4923549291026345
294.1,0.2,0.21677587708013768,0.2513364771476466
294.105,0.2,0.2162948189582051,-0.06737331294202453
294.11,0.2,0.21569807588232495,-0.13606168479862152
294.115,0.2,0.21502051255542265,0.1306726238429863
294.12,0.2,0.21418093747473832,0.07591128767134073
294.125,0.2,0.21306776867809266,0.5555745264632149
294.13,0.2,0.21163595689598044,0.42383714207235046
294.135,0.2,0.20995830972158164,0.18963598804757445
294.14,0.2,0.20818581818044113,0.11758809050761163
294.145,0.2,0.20644843361034468,-0.2125514838929835
294.15,0.2,0.20477128058256575,-0.04899008233158181
294.155,0.2,0.2030533755172571,0.02839557403029412
294.16,0.2,0.20112136505095124,0.24222687216573133
294.165,0.2,0.19882494036320922,0.4271882660709949
294.17,0.2,0.19611865937220987,0.3587176235989654
294.175,0.2,0.1930939660460664,0.5062150339239414
294.18,0.2,0.18995991207592347,0.29523261009241814
294.185,0.2,0.18698014913525246,-0.04777516641048815
294.19,0.2,0.18437357695898685,0.016492293773634953
294.195,0.2,0.18223658692637512,0.04883336661747162
294.2,0.2,0.18054474096747639,0.13259283717380055
294.205,0.2,0.17921789443113553,0.5038858190896365
294.21,0.2,0.1782095828626299,0.4861559856442615
294.215,0.2,0.1775765540404276,0.5178050101229414
294.22,0.2,0.17747896815942035,0.25005284321354304
294.225,0.2,0.1781033202842505,-0.055760092060822074
294.23,0.2,0.17954992100052497,-0.07454247515427734
294.235,0.2,0.18175919422295603,0.022859082057040563
294.24,0.2,0.1845287954576681,0.16196379128266314
294.245,0.2,0.18760429805220544,0.5282490271572363
294.25,0.2,0.1907924204026051,0.5167170854396287
294.255,0.2,0.19403931808140334,0.5542316034252502
294.26,0.2,0.19742657701898594,0.19965307152999204
294.265,0.2,0.20108134957018536,-0.08405025551270251
294.27,0.2,0.2050505542684501,-0.10603590780840412
294.275,0.2,0.20922651225301717,0.058522351060587216
294.28,0.2,0.2133719416928262,0.04843195299314426
294.285,0.2,0.2172079578292033,0.45714377119379046
294.29,0.2,0.22051601356351874,0.46509485268851064
294.295,0.2,0.22321470116593325,0.43278316167332437
294.3,0.2,0.22535983217140163,0.09324485743701363
294.305,0.2,0.22706188056461862,0.05448299345667729
294.31,0.2,0.22838531583818447,-0.11833233928075348
294.315,0.2,0.22928886894733072,-0.15170651104188998
294.32,0.2,0.2296246373658543,0.16777093802012902
294.325,0.2,0.22920755014479569,0.44948475492273254
294.33,0.2,0.22792966465826692,0.3903485404208997
294.335,0.2,0.22583403061487625,0.42872862955529123
294.34,0.2,0.2231009273353977,0.22384208156849447
294.345,0.2,0.21997356281668545,0.04196423692280837
294.35,0.2,0.21666880411152642,0.08304753948452787
294.355,0.2,0.21331133171658453,-0.24687014151595163
294.36,0.2,0.20990535577289388,0.05130225670589755
294.365,0.2,0.20636120746663403,0.3494722576883962
294.37,0.2,0.2025927572272118,0.4743977579362606
294.375,0.2,0.1986221125534388,0.4171555073478931
294.38,0.2,0.19460484115133453,0.31273048848509066
294.385,0.2,0.19076345229755945,-0.16596351362238712
294.39,0.2,0.18727165033519963,-0.058385084625719195
294.395,0.2,0.18416992210236177,0.0224811875675009
294.4,0.2,0.1813784600241,0.18131032421503024
294.405,0.2,0.17878018295509357,0.3358906120363766
294.41,0.2,0.17631031357762558,0.56206762274267
294.415,0.2,0.17401992742985306,0.4700027079651936
294.42,0.2,0.17208355670481487,0.31161356808131424
294.425,0.2,0.17072932194597548,-0.04609329757387167
294.43,0.2,0.17011907031345877,-0.18354428212785912
294.435,0.2,0.17025786340957438,0.13839113083229834
294.44,0.2,0.1710131578865222,0.38697669012469793
294.445,0.2,0.17222953904474853,0.44717457178504894
294.45,0.2,0.1738358872188591,0.5596783629056523
294.455,0.2,0.17588122510304363,0.464161164253696
294.46,0.2,0.17849888939162475,0.07522750126517633
294.465,0.2,0.18180895028316818,-0.0581943692933208
294.47,0.2,0.1858047838264352,-0.21986559195949412
294.475,0.2,0.19030235813930324,0.10981942844052198
294.48,0.2,0.1949983319593237,0.4441657022299005
294.485,0.2,0.1995970634147887,0.1811398801106296
294.49,0.2,0.2038989286637316,0.41470164392829695
294.495,0.2,0.20781179736124655,0.3741720250737349
294.5,0.2,0.2113330480073292,0.21041491493603748
294.505,0.2,0.2145060462244923,-0.03708260969600649
294.51,0.2,0.21734150643791986,-0.10318370023266123
294.515,0.2,0.21975939363477126,0.11313695069290447
294.52,0.2,0.2216068434350856,0.1608688980048621
294.525,0.2,0.22273329019908306,0.37242063111068546
294.53,0.2,0.22307343322766357,0.6461524731539717
294.535,0.2,0.2227054074812236,0.32991256201219615
294.54,0.2,0.22184034643026745,0.25160465689205946
294.545,0.2,0.220732599454962,0.01771373532345597
294.55,0.2,0.21956922602722595,-0.20613425195237348
294.555,0.2,0.21839767578110478,0.037726954807038755
294.56,0.2,0.2171261592642202,0.0029849163013050406
294.565,0.2,0.2156016736010326,0.5675082364282424
294.57,0.2,0.21372422465152335,0.3565380385042163
294.575,0.2,0.21152460827414024,0.4439542954275384
294.58,0.2,0.20915892271470518,0.3204295603366395
294.585,0.2,0.20683987335682255,-0.03255227102106495
294.59,0.2,0.20474111748935533,-0.05259549044854409
294.595,0.2,0.20292375163651205,0.16031245261349675
294.6,0.2,0.2013405147435671,0.05294342373249142
294.605,0.2,0.19989515701524832,0.30450234463079406
294.61,0.2,0.19850997440244217,0.5553811176199787
294.615,0.2,0.19719912673614864,0.6373799901794354
294.62,0.2,0.1961088473891863,0.21042263609593131
294.625,0.2,0.1954607475399553,0.1228083964383355
294.63,0.2,0.19543001784272956,-0.06867864601070235
294.635,0.2,0.19605843591606653,0.08130738992694517
294.64,0.2,0.19725424034126815,0.2259703542921475
294.645,0.2,0.1988680510714037,0.5606236403078223
294.65,0.2,0.2007965693471445,0.46303099223804106
294.655,0.2,0.20304502218561862,0.507420715952713
294.66,0.2,0.205712849620081,0.2714010292783048
294.665,0.2,0.20891460535111012,-0.15668185709806307
294.67,0.2,0.21266525200699013,-0.19422002048353448
294.675,0.2,0.21679826875026184,-0.04354857830299501
294.68,0.2,0.22098641165742186,0.04936926967816388
294.685,0.2,0.22484793702744155,0.41854028701069285
294.69,0.2,0.22807530965778908,0.5376100647816638
294.695,0.2,0.23053177383231815,0.4694944531263756
294.7,0.2,0.23226720339442306,0.37000342659828545
294.705,0.2,0.23344060442487607,-0.18479741595811594
294.71,0.2,0.23418295350373697,-0.21949849002698846
294.715,0.2,0.2344869611381222,0.05972362175470437
294.72,0.2,0.23421561012163375,0.1318001974843556
294.725,0.2,0.23320473879607997,0.3131873964055671
294.73,0.2,0.23136209003082148,0.4086168271765345
294.735,0.2,0.22871938190381652,0.38455182133252847
294.74,0.2,0.2254331995533186,0.30051657632168993
294.745,0.2,0.22173078597659465,-0.05786360266958565
294.75,0.2,0.21781545476270417,-0.07540355717528023
294.755,0.2,0.21378779319211058,0.03182398721457488
294.76,0.2,0.20964504077509483,0.2144030104152983
294.765,0.2,0.20535987164003297,0.5755713518495476
294.77,0.2,0.20098321173717287,0.48941424573169234
294.775,0.2,0.1967021394757149,0.5401663194293657
294.78,0.2,0.19281489465465898,0.24008955784763092
294.785,0.2,0.18963338649910116,-0.14588147558166797
294.79,0.2,0.18735645643379503,-0.053899156615174054
294.795,0.2,0.18599741207645099,0.10708083679681665
294.8,0.2,0.18542464339380652,0.28902468078991295
294.805,0.2,0.1854647586796716,0.26498450556805897
294.81,0.2,0.18598554849537247,0.5316118549941936
294.815,0.2,0.18693885747575048,0.39053975315959416
294.82,0.2,0.18836152233420972,0.22909242974533903
294.825,0.2,0.1903147432019235,-0.12855995965045997
294.83,0.2,0.19277731197575984,-0.295693934591459
294.835,0.2,0.1955663843721474,0.002884664061498187
294.84,0.2,0.19835887425793325,0.09044763730447995
294.845,0.2,0.2008020300585548,0.37524731830705543
294.85,0.2,0.20263412752685148,0.44515251508971626
294.855,0.2,0.20375663981808897,0.43249327336248494
294.86,0.2,0.20423350178428892,0.209763422619289
294.865,0.2,0.20421584785385155,-0.06502080487207103
294.87,0.2,0.2038283918716753,-0.154595506318284
294.875,0.2,0.20308528635378809,-0.06157669268771043
294.88,0.2,0.20189308020995386,0.25643647681652354
294.885,0.2,0.2001413619828603,0.47462576708028925
294.89,0.2,0.1978158940739082,0.4525456097710478
294.895,0.2,0.19505024032891893,0.34675352079897465
294.9,0.2,0.1920882019918604,0.227251519007022
294.905,0.2,0.18919041649070695,-0.17986225105250708
294.91,0.2,0.1865317210994139,0.018766109637292666
294.915,0.2,0.1841470809415518,-0.024931097488669403
294.92,0.2,0.18195655807367273,0.0994563981232074
294.925,0.2,0.17984284949262064,0.5664008973692741
294.93,0.2,0.17775282792211916,0.5171942522777689
294.935,0.2,0.17577208874654585,0.39910322109503554
294.94,0.2,0.17409694397222025,-0.05187052418387614
294.945,0.2,0.17291440200488636,0.0006235629303318058
294.95,0.2,0.1722871378024469,-0.2715235592353462
294.955,0.2,0.17211381061296557,0.071504078827098
294.96,0.2,0.17216871087139657,-0.027146801614874705
294.965,0.2,0.17218811440249943,0.3564310026717142
294.97,0.2,0.17196976060048208,0.5312940013018481
294.975,0.2,0.17145492667167317,0.388733311060355
294.98,0.2,0.1707405149532748,0.20508587661695363
294.985,0.2,0.16999385791536498,-0.19607823377201375
294.99,0.2,0.16931747638554379,-0.33559332991766855
294.995,0.2,0.1686521236922646,-0.07626440107162505
295.0,0.2,0.16778839858292033,0.007367918402849782
295.005,0.2,0.16646944641411957,0.2449951786877383
295.01,0.2,0.1645078330435918,0.45526346549297775
295.015,0.2,0.16186965493197913,0.45423070310731667
295.02,0.2,0.15869102634792953,0.06497571162277087
295.025,0.2,0.15520186919824194,0.04132592256252107
295.03,0.2,0.15160874526974616,-0.128517851751604
295.035,0.2,0.1480162924703582,-0.16989786634852905
295.04,0.2,0.1444109212661165,0.03748103726513549
295.045,0.2,0.14070797672961258,0.3044358852905888
295.05,0.2,0.13684592521634723,0.316437678420582
295.055,0.2,0.13286448751979923,0.39962615584620603
295.06,0.2,0.1289120979701787,0.03983462147860013
295.065,0.2,0.12517945618068307,-0.03667811059286569
295.07,0.2,0.12180395263637672,-0.12836094769426087
295.075,0.2,0.11880479957416284,-0.27726869951905103
295.08,0.2,0.11607581859482916,0.11450158843938968
295.085,0.2,0.11344773990104623,0.3286630398474646
295.09,0.2,0.11080617800106282,0.5357152404766992
295.095,0.2,0.10818814995133133,0.40254186984208146
295.1,0.2,0.10577904898855162,0.021862172749110398
295.105,0.2,0.10380922856094452,-0.009388635644552362
295.11,0.2,0.10242933467157042,-0.22314630932694224
295.115,0.2,0.10164395415011707,-0.07003165796934142
295.12,0.2,0.10132464336857601,0.09257498757634391
295.125,0.2,0.10128183794742485,0.12066560662498371
295.13,0.2,0.10134913823396974,0.346744017512764
295.135,0.2,0.10144784992603548,0.46870422922263383
295.14,0.2,0.10161206122967407,-0.05597327686882408
295.145,0.2,0.10193233747224265,-0.11731609926365986
295.15,0.2,0.10244963785813396,0.008047280800272727
295.155,0.2,0.1031060258855465,-0.1188912305240878
295.16,0.2,0.10377407681949034,0.20597869660912904
295.165,0.2,0.10432131380064008,0.28964988552781135
295.17,0.2,0.10468053092122638,0.28780771512597386
295.175,0.2,0.10488185482048469,0.17007089289278332
295.18,0.2,0.10502186240427025,0.08037916352121849
295.185,0.2,0.10519374826518305,-0.26151689980220333
295.19,0.2,0.10540669198633189,-0.2960785324215954
295.195,0.2,0.10553742067650149,-0.05405692196642499
295.2,0.2,0.10536293334257933,-0.01362075385410004
295.205,0.2,0.10465611946953353,0.29487266993867456
295.21,0.2,0.103284576123954,0.3870963883773217
295.215,0.2,0.10126726460614058,0.13550039038849307
295.22,0.2,0.0987519492403103,0.07072060305499643
295.225,0.2,0.09592812563471367,-0.09299316041936795
295.23,0.2,0.09293854699088416,-0.2453119589562814
295.235,0.2,0.08982864174641378,-0.05875295543912165
295.24,0.2,0.08655198963839617,-0.03133456000587119
295.245,0.2,0.08303264239969772,0.3261706604081528
295.25,0.2,0.07925003726812964,0.26251233974739163
295.255,0.2,0.07529916726512544,0.43047083820646465
295.26,0.2,0.07139048398954362,0.01896428163055673
295.265,0.2,0.06777383526000165,-0.24923802790145255
295.27,0.2,0.06461793515920446,-0.21416965017465447
295.275,0.2,0.06194158586139371,0.07138637303969866
295.28,0.2,0.05965298017743342,-0.03998209509708746
295.285,0.2,0.0576348626844837,0.22221517050051998
295.29,0.2,0.05581512046580727,0.4408556769162975
295.295,0.2,0.05422289300893558,0.3065560019191249
295.3,0.2,0.05299773029399897,0.07183963464122789
295.305,0.2,0.05231735348567748,-0.0793828801663134
295.31,0.2,0.0522893450518789,-0.3082300593219752
295.315,0.2,0.052879727341678374,-0.06907645405822618
295.32,0.2,0.05392265042118864,0.06317874134765629
295.325,0.2,0.05520504644715525,0.2378496245060365
295.33,0.2,0.05656988938162283,0.45108623686947114
295.335,0.2,0.057982466404100236,0.223718203473612
295.34,0.2,0.05952173934969557,0.028062723559264688
295.345,0.2,0.06129069964684632,-0.2756172221554257
295.35,0.2,0.06330466399842481,-0.2074435182461895
295.355,0.2,0.0654327805664938,-0.34107798695683067
295.36,0.2,0.06741585331930157,-0.021049531941480536
295.365,0.2,0.06895500935881968,0.4418559616619634
295.37,0.2,0.06984591369472598,0.2969451148572613
295.375,0.2,0.07007077118871594,0.3450097426527384
295.38,0.2,0.06978130352307038,0.1182516888762228
295.385,0.2,0.06920278688177092,-0.20701573648939545
295.39,0.2,0.06851004141634008,-0.38183851879117525
295.395,0.2,0.06773210455024607,-0.14376135642279655
295.4,0.2,0.06675476469304073,0.015861845322021246
295.405,0.2,0.06541918257431836,0.28218702281115
295.41,0.2,0.06364209168625834,0.40682352633113833
295.415,0.2,0.061483897371997186,0.11709187178745835
295.42,0.2,0.059117625735910215,-0.1448711545097139
295.425,0.2,0.056715198733879375,-0.2789859621717044
295.43,0.2,0.05434094192659811,-0.24718068391000533
295.435,0.2,0.051925676698543914,-0.11931902679491978
295.44,0.2,0.04931729825434305,-0.03705656820134759
295.445,0.2,0.04636534222965246,0.27981415483730465
295.45,0.2,0.0430091607053282,0.3698583539633409
295.455,0.2,0.03934060279547032,0.3461704576898842
295.46,0.2,0.03558859502056321,-0.24325567882327614
295.465,0.2,0.03200679230745419,-0.1428728671155543
295.47,0.2,0.0287502538484774,-0.1713534517872602
295.475,0.2,0.025834788359748662,-0.2917242228670072
295.48,0.2,0.023165631902467926,0.035766389516842835
295.485,0.2,0.020607835790763397,0.3436405236384863
295.49,0.2,0.01809724718697436,0.48247712309523805
295.495,0.2,0.015727407523483734,0.2739062607315139
295.5,0.2,0.013727760674883318,-0.08849131231036383
295.505,0.2,0.012343088121364656,-0.10641871688307095
295.51,0.2,0.011715403677033923,-0.13960899864122167
295.515,0.2,0.0118479866545572,-0.02675472696809561
295.52,0.2,0.012641209463796349,0.004093496736384174
295.525,0.2,0.013954148821992536,0.18678460215257744
295.53,0.2,0.015660792345974037,0.0640857985456118
295.535,0.2,0.01768019756791592,0.21223845517819667
295.54,0.2,0.01997650931327293,0.022972928678607632
295.545,0.2,0.022527744704268046,-0.28234877779330847
295.55,0.2,0.02526032745657431,-0.28264630597359863
295.555,0.2,0.02799588666331591,-0.16427133522563314
295.56,0.2,0.030477530401250896,0.15864016549744162
295.565,0.2,0.03246384159371336,0.0671157510877534
295.57,0.2,0.03380804816094173,0.12978883900763385
295.575,0.2,0.03447900077199329,0.26665596258098395
295.58,0.2,0.034549231743718004,0.02924496107181336
295.585,0.2,0.03415426534590753,-0.18350797072689973
295.59,0.2,0.03340600789628819,-0.45168856426004156
295.595,0.2,0.032306135385453426,-0.18441413301665457
295.6,0.2,0.03074026729248504,-0.03349868520336223
295.605,0.2,0.028563205711522256,0.14203163743057615
295.61,0.2,0.02570831666059984,0.41307511313011686
295.615,0.2,0.022260225118021493,0.22586888611282346
295.62,0.2,0.01844932264233535,-0.07594253579648277
295.625,0.2,0.014562498404946349,0.03736056256602571
295.63,0.2,0.010841867527394364,-0.24396802126171346
295.635,0.2,0.0074262066244563905,-0.2761745101722064
295.64,0.2,0.004332915428900089,0.007169340747967982
295.645,0.2,0.0014994929534451952,0.16457092901133408
295.65,0.2,-0.0011224274476067944,0.2828422213415592
295.655,0.2,-0.0034918536646420186,0.2349228599363421
295.66,0.2,-0.005475771386737918,-0.036378979677310734
295.665,0.2,-0.006921972719504221,-0.29162729734815585
295.67,0.2,-0.007759280590019335,-0.1429911443876155
295.675,0.2,-0.008047953717628543,-0.27391556327355276
295.68,0.2,-0.007960476573710627,-0.14566933245227243
295.685,0.2,-0.00772509000412288,0.12114006416305699
295.69,0.2,-0.00754211684028545,0.3024759441115284
295.695,0.2,-0.007501025219359253,0.12345192957797121
295.7,0.2,-0.007569646772852657,-0.12382788924002724
295.705,0.2,-0.007675305003561068,-0.29916438931942874
295.71,0.2,-0.007804841574165148,-0.2041344046063124
295.715,0.2,-0.008040485299289982,-0.13501826892454652
295.72,0.2,-0.008521389630523464,-0.03208571778717003
295.725,0.2,-0.009374073904985562,0.19093241200039524
295.73,0.2,-0.010645561148565885,0.21679037001657775
295.735,0.2,-0.012265201403085091,0.1513548041234647
295.74,0.2,-0.01406442725389519,-0.06592749555104929
295.745,0.2,-0.015855433050119157,-0.3159635691893173
295.75,0.2,-0.01752830408421897,-0.31389782455849735
295.755,0.2,-0.019103464629314202,-0.1752032877028283
295.76,0.2,-0.02070167253915713,-0.013760866786219746
295.765,0.2,-0.02245860932873736,0.11930421392877633
295.77,0.2,-0.024436424158934832,0.3821897739611218
295.775,0.2,-0.026566253508392045,0.16498538373593838
295.78,0.2,-0.028654024107080338,0.06153906719024656
295.785,0.2,-0.03046517806564947,-0.3867434715872311
295.79,0.2,-0.03184705787623333,-0.32001390598921686
295.795,0.2,-0.032813174450825135,-0.44469110968285036
295.8,0.2,-0.03354101903983698,-0.11205380631682531
295.805,0.2,-0.03428735952323919,0.10800780443998056
295.81,0.2,-0.03526660125496974,0.15189921351785063
295.815,0.2,-0.03655928348487322,0.31644366610854613
295.82,0.2,-0.038094142879181114,-0.06617098817747953
295.825,0.2,-0.03971149364087489,-0.24669922987361306
295.83,0.2,-0.04127638988937011,-0.3139009582645856
295.835,0.2,-0.04276455076861962,-0.3447148085508234
295.84,0.2,-0.04426501927827512,0.05342025375912844
295.845,0.2,-0.045899960960728306,0.22767410040467562
295.85,0.2,-0.0477161467649197,0.1349329582895712
295.855,0.2,-0.04963505462150893,0.13769007975445968
295.86,0.2,-0.05148810766447724,-0.08148246090558618
295.865,0.2,-0.053100985079620765,-0.4146208388359006
295.87,0.2,-0.05439141028671866,-0.35693846177119193
295.875,0.2,-0.05542874650024464,-0.3845753031134183
295.88,0.2,-0.056416539907039126,-0.24309018637211793
295.885,0.2,-0.05761017257338745,0.22091636327340275
295.89,0.2,-0.05920345518684598,0.03829009026919647
295.895,0.2,-0.06125166013529938,0.04607079540883463
295.9,0.2,-0.06368485287261814,-0.08038234680010607
295.905,0.2,-0.06637607226383192,-0.17619566711223314
295.91,0.2,-0.06921570407244566,-0.4917216794185228
295.915,0.2,-0.07217214457732064,-0.14023335849295743
295.92,0.2,-0.07529732686421803,-0.17248767814222302
295.925,0.2,-0.07865741341336345,0.3228375816965954
295.93,0.2,-0.08223530923411838,0.16179592764269374
295.935,0.2,-0.08588364264953299,-0.06123487816207476
295.94,0.2,-0.08937624621366509,-0.16393828077143088
295.945,0.2,-0.09251453763401724,-0.3680493234103698
295.95,0.2,-0.0952116236710893,-0.42077428115795923
295.955,0.2,-0.09752563643848725,-0.3756195671158978
295.96,0.2,-0.09962896763893477,0.03733594798472409
295.965,0.2,-0.10171291491757922,0.009771486306949281
295.97,0.2,-0.10388596531841765,0.14011885951953926
295.975,0.2,-0.10612870172140323,0.14128933709947328
295.98,0.2,-0.10831524546833135,-0.2677086932480721
295.985,0.2,-0.11029216170970577,-0.26909906828713925
295.99,0.2,-0.11197653836666648,-0.44710113382625116
295.995,0.2,-0.11340483219540362,-0.19778046477813918
296.0,0.2,-0.11470423053193991,-0.1181918895471334
296.005,0.2,-0.11600947779707967,0.21149432377652314
296.01,0.2,-0.11736968151961598,0.19505533304452716
296.015,0.2,-0.11870071082606952,0.02498220302771413
296.02,0.2,-0.11982327638314003,-0.21512467426782134
296.025,0.2,-0.1205603947490113,-0.1846213349574958
296.03,0.2,-0.12082565133871831,-0.5669901359603409
296.035,0.2,-0.12067265139061313,-0.3567417332805607
296.04,0.2,-0.1202918023961673,-0.19753731302273428
296.045,0.2,-0.11993482597843233,0.01076049172420547
296.05,0.2,-0.11980679771636923,0.03439586947761904
296.055,0.2,-0.11999895869370172,0.015312463227580345
296.06,0.2,-0.1204848745350331,0.03559079663648437
296.065,0.2,-0.12116112304716746,-0.29302267506934626
296.07,0.2,-0.12191731851401183,-0.3018124912082054
296.075,0.2,-0.12270980931908532,-0.44348698322685737
296.08,0.2,-0.1235935264144391,-0.20021950825297355
296.085,0.2,-0.12468729564897539,-0.06370010784516282
296.09,0.2,-0.12609462871667398,0.03532647501524329
296.095,0.2,-0.12783266571448418,0.11244960722770286
296.1,0.2,-0.12981488947823164,-0.24049242699459578
296.105,0.2,-0.131906373830271,-0.38716683192528184
296.11,0.2,-0.13401639243641691,-0.3127383190757872
296.115,0.2,-0.13614939882554786,-0.35417277518764967
296.12,0.2,-0.13838913211341178,-0.2624499228840851
296.125,0.2,-0.1408483201710468,-0.013657799816287834
296.13,0.2,-0.1435982912125457,0.14404634802263983
296.135,0.2,-0.14659853905723105,0.13137217092749764
296.14,0.2,-0.1496822758057716,-0.20838350974625852
296.145,0.2,-0.15263030905592753,-0.378821851416031
296.15,0.2,-0.15529047657037828,-0.580849312384443
296.155,0.2,-0.15765969866763288,-0.38230023046958606
296.16,0.2,-0.1598724465280296,-0.1407767623924172
296.165,0.2,-0.16210487482056246,-0.010656079714622686
296.17,0.2,-0.16446889872459972,-0.03841949354290186
296.175,0.2,-0.16696919668963198,-0.10681761371852602
296.18,0.2,-0.16952412782302576,-0.02518386059895003
296.185,0.2,-0.17201030170978543,-0.340666438536544
296.19,0.2,-0.17432559073682005,-0.5998734273408559
296.195,0.2,-0.17646797993871657,-0.4637008407734676
296.2,0.2,-0.17855609300997816,0.0031938295324274446
296.205,0.2,-0.18074075276221696,-0.06603678272350089
296.21,0.2,-0.1830901128800041,0.08099351542067777
296.215,0.2,-0.1855422944664438,0.09199454115633876
296.22,0.2,-0.18792932225880124,-0.3238602413385012
296.225,0.2,-0.19005786491680565,-0.35795815047742324
296.23,0.2,-0.19180929656768483,-0.41443650668733684
296.235,0.2,-0.19319137421429705,-0.47879991329659344
296.24,0.2,-0.19432413417276898,-0.18815678849715956
296.245,0.2,-0.19537971428091958,-0.1949491839489593
296.25,0.2,-0.1965039131163896,-0.004438809812563324
296.255,0.2,-0.197755408028854,0.06752313252601766
296.26,0.2,-0.1990856347676021,-0.21681582588891163
296.265,0.2,-0.20038324121444712,-0.47255724825621054
296.27,0.2,-0.2015760870310303,-0.5907345549587194
296.275,0.2,-0.20270787166757975,-0.23701927335266543
296.28,0.2,-0.20391635443559944,-0.2816900417334899
296.285,0.2,-0.20534500454774818,-0.008347910375300874
296.29,0.2,-0.2070585725590845,0.13445499821620893
296.295,0.2,-0.20899132502244303,0.02118507476357364
296.3,0.2,-0.2109601332380076,-0.39155439155420824
296.305,0.2,-0.21275661781725144,-0.2483830124283371
296.31,0.2,-0.2142421823555363,-0.3564016377338781
296.315,0.2,-0.21537499942677144,-0.2936339581526566
296.32,0.2,-0.21618594157020898,-0.1730189227560551
296.325,0.2,-0.21673716567009338,-0.19850736687954562
296.33,0.2,-0.2170822008585857,-0.09641470032058858
296.335,0.2,-0.21723853344614957,0.008186322664876703
296.34,0.2,-0.2171720363210889,-0.14595839596208232
296.345,0.2,-0.21681802129453248,-0.5293286905826249
296.35,0.2,-0.2161584003639231,-0.5198405594090635
296.355,0.2,-0.21529423269202672,-0.44614972727820046
296.36,0.2,-0.21443368672525567,-0.15548655832143168
296.365,0.2,-0.21379785837290888,0.024439935215856766
296.37,0.2,-0.21350833885054243,0.21033422725629508
296.375,0.2,-0.21351862783801898,0.0850809686254487
296.38,0.2,-0.21362826260710946,-0.1569307564026678
296.385,0.2,-0.21357729194208044,-0.3338150173533005
296.39,0.2,-0.21316765882931352,-0.5213560290214656
296.395,0.2,-0.21234585638346862,-0.42213688150448503
296.4,0.2,-0.21121218709201448,-0.37261594609758886
296.405,0.2,-0.20995467531956682,0.10471911731150935
296.41,0.2,-0.2087375383917733,-0.027261660695206857
296.415,0.2,-0.2076124013517229,0.10611079966965577
296.42,0.2,-0.2065093927721391,-0.20708124223799496
296.425,0.2,-0.2053114779711089,-0.615361761541471
296.43,0.2,-0.20397522376402108,-0.5753639672707662
296.435,0.2,-0.20261126824064898,-0.3899355115645996
296.44,0.2,-0.20144841504965927,-0.13936800259192322
296.445,0.2,-0.20070852983966286,0.21658129521883057
296.45,0.2,-0.20047926033844954,0.10166825687537868
296.455,0.2,-0.20066184748741067,0.050325493167740765
296.46,0.2,-0.2010219046062408,-0.24414513650301425
296.465,0.2,-0.20130007925290008,-0.29637771316837014
296.47,0.2,-0.20131899275601398,-0.5988383157226791
296.475,0.2,-0.2010479998171644,-0.370330802392996
296.48,0.2,-0.2005933702596693,-0.09433600550204627
296.485,0.2,-0.20010536878415194,0.022310986173397142
296.49,0.2,-0.19966328529408095,0.19749871713257056
296.495,0.2,-0.19921295444933107,0.06078116358391072
296.5,0.2,-0.1985829869956246,-0.14406827693642807
296.505,0.2,-0.19756979312246487,-0.367501121206466
296.51,0.2,-0.19604767301012524,-0.5144173036975398
296.515,0.2,-0.19404532522814705,-0.5065524226791482
296.52,0.2,-0.19175170896054125,-0.31894040106541344
296.525,0.2,-0.18943748132989252,0.1969657384638459
296.53,0.2,-0.18731539991128307,0.18969846990956798
296.535,0.2,-0.18543146585798595,0.017698125298726792
296.54,0.2,-0.18367564510566098,-0.17124234470674787
296.545,0.2,-0.1818876357721227,-0.3478513683580433
296.55,0.2,-0.17996965431928477,-0.5105920315589833
296.555,0.2,-0.1779569215261131,-0.5364478555496405
296.56,0.2,-0.17601910223988435,-0.05947764540384923
296.565,0.2,-0.17437401689326315,-0.013364682554318549
296.57,0.2,-0.17316387784892617,0.14905333659444975
296.575,0.2,-0.17238081428491017,0.1553227648422026
296.58,0.2,-0.1718733318942054,-0.17115788303865204
296.585,0.2,-0.17143025732772296,-0.4820281979864616
296.59,0.2,-0.17090339157180073,-0.3194022367750961
296.595,0.2,-0.1702758853054476,-0.33554004399763854
296.6,0.2,-0.1696302211695362,0.0014252541280076192
296.605,0.2,-0.16905505503851487,0.16464287452960286
296.61,0.2,-0.1685621313458693,-0.2078443534943222
296.615,0.2,-0.16807382282069241,0.16255249257561105
296.62,0.2,-0.167463225799276,-0.22522557280546474
296.625,0.2,-0.16660592907618,-0.3911210532763307
296.63,0.2,-0.16545505117133757,-0.6048171333711798
296.635,0.2,-0.16410957477491006,-0.40855309810664214
296.64,0.2,-0.16280309322067027,-0.20912367992378458
296.645,0.2,-0.16180985122559954,-0.08281406143798306
296.65,0.2,-0.16133862615101316,-0.030260948859149928
296.655,0.2,-0.16147422592474803,0.029604940238824002
296.66,0.2,-0.1621818359856554,-0.3617323827521419
296.665,0.2,-0.16336925213891243,-0.2755232530825798
296.67,0.2,-0.16496937272409104,-0.5329240433293732
296.675,0.2,-0.16699108451627842,-0.4038559201307173
296.68,0.2,-0.16951493644481958,-0.1665273204171129
296.685,0.2,-0.17263380951595195,-0.15395106534735167
296.69,0.2,-0.17637555279196615,0.06476020538260263
296.695,0.2,-0.18065899339166097,-0.12749650276873603
296.7,0.2,-0.18530477481087815,-0.1641598967987914
296.705,0.2,-0.19009549605125317,-0.40907552726155794
296.71,0.2,-0.19485713436487612,-0.5157862918496351
296.715,0.2,-0.1995186170524257,-0.3624004409991372
296.72,0.2,-0.20410280667059605,-0.04309611783983777
296.725,0.2,-0.20864719762939044,-0.14519746317567508
296.73,0.2,-0.21312124277391703,0.18842554044194726
296.735,0.2,-0.21738797800068,0.007895371444012061
296.74,0.2,-0.2212138275393235,-0.08015652383873403
296.745,0.2,-0.22433433454584692,-0.4043921107395813
296.75,0.2,-0.22656039246076765,-0.5818883991354774
296.755,0.2,-0.22786591188236519,-0.43191022926845174
296.76,0.2,-0.22838945324980772,-0.12949092799782697
296.765,0.2,-0.22833155765036656,0.20421181552027767
296.77,0.2,-0.2278129533893141,0.23177513407461806
296.775,0.2,-0.22679759357998494,-0.04352611865275803
296.78,0.2,-0.22513443034181266,-0.17574267071712388
296.785,0.2,-0.2226783856524015,-0.5683830779548427
296.79,0.2,-0.21940946717361856,-0.46934285298515044
296.795,0.2,-0.21548218872237,-0.3400648695891744
296.8,0.2,-0.21117632908871267,-0.14906481557855336
296.805,0.2,-0.20678626712849368,0.08042220729425348
296.81,0.2,-0.20251907360950205,-0.01602892354827111
296.815,0.2,-0.1984480194699076,0.13655494952069366
296.82,0.2,-0.19452614122609424,-0.1311382183376129
296.825,0.2,-0.19065259009041496,-0.5232481541624898
296.83,0.2,-0.1867780615681584,-0.3965009639254817
296.835,0.2,-0.18297546956903496,-0.28625089395582237
296.84,0.2,-0.17941565835021667,-0.3013171782325625
296.845,0.2,-0.17628672965778117,0.1495782131789736
296.85,0.2,-0.17370845828642223,-0.02660675840366175
296.855,0.2,-0.17168249099673039,-0.09129500176494725
296.86,0.2,-0.1701159097624613,-0.15281272275426
296.865,0.2,-0.16889342178082142,-0.45188212634874064
296.87,0.2,-0.16795471663827477,-0.5130143022569567
296.875,0.2,-0.1673454942675097,-0.320272254065847
296.88,0.2,-0.16720074357309794,-0.2425200628132006
296.885,0.2,-0.16766658896693645,-0.022203058729293602
296.89,0.2,-0.16881360060416561,0.11128774638199955
296.895,0.2,-0.17057848828027652,0.09798762902858378
296.9,0.2,-0.17276140510396956,-0.12927679855501759
296.905,0.2,-0.17510091348284895,-0.5449394400203146
296.91,0.2,-0.1773998722136152,-0.4971095872779071
296.915,0.2,-0.17960955514499505,-0.2750343315264225
296.92,0.2,-0.1817970326580962,-0.028977924919659503
296.925,0.2,-0.1840340610217142,0.017365067888545214
296.93,0.2,-0.18630257110258427,0.19698486519394903
296.935,0.2,-0.18846045171630693,0.05188483126807459
296.94,0.2,-0.1902671240207447,-0.06874298265599105
296.945,0.2,-0.19146319156400413,-0.4087574506574332
296.95,0.2,-0.1918791198546612,-0.527288336765067
296.955,0.2,-0.1915178009442381,-0.45712160436455457
296.96,0.2,-0.19055582200062945,-0.25278781493579827
296.965,0.2,-0.18925407952592593,0.10865753298802701
296.97,0.2,-0.18782688536692496,0.11830028960442471
296.975,0.2,-0.18635059114459734,0.05950617118174048
296.98,0.2,-0.18476385202144846,-0.05642921998669945
296.985,0.2,-0.18294364766346038,-0.40751403701045846
296.99,0.2,-0.18081120887317798,-0.46426377848021744
296.995,0.2,-0.17841448069183558,-0.4494241386529245
297.0,0.2,-0.17593684029019951,-0.28941443217426566
297.005,0.2,-0.17363199211766323,-0.13888175289670007
297.01,0.2,-0.17172616022569845,0.13464248499791825
297.015,0.2,-0.17032815868675585,0.11800802525566216
297.02,0.2,-0.16939777974425047,-0.2709847967438749
297.025,0.2,-0.1688090615786877,-0.29575991452652184
297.03,0.2,-0.16845838771995933,-0.418880831041686
297.035,0.2,-0.16833236472224364,-0.45732517999413536
297.04,0.2,-0.16851234089793665,-0.220860253893639
297.045,0.2,-0.16912480369198565,-0.10144793292568427
297.05,0.2,-0.17025510916800032,0.17284608084070954
297.055,0.2,-0.17186525211240872,0.20287363363428065
297.06,0.2,-0.17377087078068582,-0.2767390200274421
297.065,0.2,-0.17571905764763796,-0.38781299618159076
297.07,0.2,-0.17752347060206172,-0.561629105190701
297.075,0.2,-0.17914975399974076,-0.3693877790290653
297.08,0.2,-0.18069781543228855,-0.15384735994230916
297.085,0.2,-0.18230645656106095,0.02835475858922036
297.09,0.2,-0.18404904865928828,0.0015711387874447758
297.095,0.2,-0.18588207848936739,0.10009610083602652
297.1,0.2,-0.187657315546686,-0.16764590377964417
297.105,0.2,-0.18918276100028314,-0.2899650050571056
297.11,0.2,-0.1903134868777336,-0.5599680972400258
297.115,0.2,-0.19102601714281392,-0.28051011434464734
297.12,0.2,-0.19141889136993562,-0.20768576820766246
297.125,0.2,-0.19163592925489328,0.03530269926328038
297.13,0.2,-0.19176853639393945,0.15870150696714536
297.135,0.2,-0.19179460309246454,-0.013410854052942324
297.14,0.2,-0.19158906127107128,-0.15136262003786702
297.145,0.2,-0.19100648087453886,-0.5155703059155647
297.15,0.2,-0.18998951711200376,-0.5119189176937465
297.155,0.2,-0.18863740757321612,-0.5162732474509877
297.16,0.2,-0.1871863865960197,-0.08927375158070969
297.165,0.2,-0.18590166046602336,0.11514796701044912
297.17,0.2,-0.18494102021060882,0.23002749516340054
297.175,0.2,-0.18427818446914948,0.05922479928711023
297.18,0.2,-0.18373710322858391,-0.3130264327494427
297.185,0.2,-0.18311481509353694,-0.4358819806890439
297.19,0.2,-0.1823122445452389,-0.5869059661994965
297.195,0.2,-0.18139446700582695,-0.3717710315507803
297.2,0.2,-0.18055617859101616,-0.21982659159794027
297.205,0.2,-0.18002168900092919,0.00020657240612247108
297.21,0.2,-0.17993508450823567,0.16160050200878157
297.215,0.2,-0.18029234901599697,0.0010892170106315095
297.22,0.2,-0.18095273555252886,-0.23183531187008277
297.225,0.2,-0.18172881533567417,-0.4037560967534303
297.23,0.2,-0.18249417445557908,-0.4332406687856368
297.235,0.2,-0.18323578749373118,-0.2729332521535433
297.24,0.2,-0.18402795403409514,-0.1843414286761861
297.245,0.2,-0.1849579138902564,0.04860145771297622
297.25,0.2,-0.18604408286007368,0.22058123415962336
297.255,0.2,-0.18718394410274533,-0.06384660965081866
297.26,0.2,-0.18817215516343574,-0.07184927034087864
297.265,0.2,-0.18878824390083324,-0.5029975888569505
297.27,0.2,-0.18890193635422656,-0.4314995741933185
297.275,0.2,-0.1885366386130536,-0.42474223693189667
297.28,0.2,-0.18785431231890537,-0.24510198059894833
297.285,0.2,-0.18707807488729536,-0.12288193432273614
297.29,0.2,-0.186405245815955,-0.09258143148445372
297.295,0.2,-0.18594558889989976,0.15733531284881824
297.3,0.2,-0.18569402441569519,-0.14880539139518983
297.305,0.2,-0.1855566663253632,-0.29913223815131584
297.31,0.2,-0.18543847959013335,-0.5699992200732358
297.315,0.2,-0.1853335553227509,-0.29257005538388803
297.32,0.2,-0.18533972471309357,-0.28823404210152015
297.325,0.2,-0.185594026099636,-0.020993402138197156
297.33,0.2,-0.18618662988476112,0.026551330538701567
297.335,0.2,-0.1871024735787158,0.03059016967168158
297.34,0.2,-0.18821791858625933,-0.16592585052840195
297.345,0.2,-0.18935974858185137,-0.38936427920859
297.35,0.2,-0.19039906121213865,-0.515547005964129
297.355,0.2,-0.19132138084501,-0.3335098374819886
297.36,0.2,-0.19221830607812102,-0.13673598033161966
297.365,0.2,-0.19320742495560161,-0.06708217776420569
297.37,0.2,-0.19434256505888556,0.18091446278293616
297.375,0.2,-0.1955585594266953,0.0912239031960848
297.38,0.2,-0.19666972913594732,-0.08524634576523775
297.385,0.2,-0.1974383505502887,-0.39995790969492484
297.39,0.2,-0.19769040990094205,-0.5478590556130788
297.395,0.2,-0.1974083767421732,-0.44260870605608293
297.4,0.2,-0.1967373324309155,-0.25082760890807265
297.405,0.2,-0.19589906383180247,0.058729350357666375
297.41,0.2,-0.19506743927778206,0.15245926033911641
297.415,0.2,-0.19428458830805376,-0.1020705633214157
297.42,0.2,-0.19347826132332943,-0.29819758520784945
297.425,0.2,-0.19256251450838546,-0.4911355382696829
297.43,0.2,-0.19154162441744374,-0.576212797250865
297.435,0.2,-0.1905561937403391,-0.45470777122204326
297.44,0.2,-0.18985303626245412,-0.2545241731687517
297.445,0.2,-0.1896946336763235,-0.07098404682424407
297.45,0.2,-0.19025399169633642,0.11016002616986864
297.455,0.2,-0.19154391190748962,0.043441490538656716
297.46,0.2,-0.19341362067928045,-0.10441497849145308
297.465,0.2,-0.19561649463751193,-0.28523806074386476
297.47,0.2,-0.1979083694123971,-0.30751219194267354
297.475,0.2,-0.20012401483955622,-0.5009404606640316
297.48,0.2,-0.20220629400757606,-0.18008676034736285
297.485,0.2,-0.2041756610258122,-0.10382638837034636
297.49,0.2,-0.2060521465255972,0.07646117183030646
297.495,0.2,-0.20778545152627045,0.0016128677942180598
297.5,0.2,-0.20924545899322208,-0.23156566104703732
297.505,0.2,-0.21028372838776235,-0.4391455370511951
297.51,0.2,-0.21083306695332363,-0.6829625810658183
297.515,0.2,-0.2109764668053844,-0.28485224673445647
297.52,0.2,-0.21092239540703073,-0.2536150622202047
297.525,0.2,-0.21090444445087303,-0.10903562018018252
297.53,0.2,-0.21108690613437353,0.03358482559445414
297.535,0.2,-0.21151352756524291,0.06588729691598266
297.54,0.2,-0.21209852107583665,-0.09922257585077686
297.545,0.2,-0.21267285910017336,-0.30271566008255013
297.55,0.2,-0.2130773268877695,-0.505646978427214
297.555,0.2,-0.2132501584090111,-0.38891259454133514
297.56,0.2,-0.21324407193823858,-0.07220288966514254
297.565,0.2,-0.21315469022845068,-0.03276038612995003
297.57,0.2,-0.21302712489866454,-0.003949256670479656
297.575,0.2,-0.21281761921348477,-0.048932596920612526
297.58,0.2,-0.21241742890403956,-0.20731423898570123
297.585,0.2,-0.21171516435444185,-0.47298106109741367
297.59,0.2,-0.21067414786486316,-0.4383334404510314
297.595,0.2,-0.20937958073189236,-0.4427364901117558
297.6,0.2,-0.20801674172576634,-0.1220503355126312
297.605,0.2,-0.20678490955184756,0.07802776234641282
297.61,0.2,-0.2057929689726299,0.09981826289373606
297.615,0.2,-0.20499737150885144,0.22442830737409022
297.62,0.2,-0.2042121088363546,-0.14634478129189443
297.625,0.2,-0.2031986333361995,-0.6429525080952971
297.63,0.2,-0.2018119711445924,-0.4932400817060928
297.635,0.2,-0.20009830836092812,-0.4703493920395513
297.64,0.2,-0.19826294003269218,-0.12614468892967257
297.645,0.2,-0.19655301140903617,-0.07260724268899825
297.65,0.2,-0.19513705303059192,0.29348957680926246
297.655,0.2,-0.19402685562723054,0.05582801199473481
297.66,0.2,-0.19308436113976868,-0.3613129623055646
297.665,0.2,-0.19213435533951465,-0.5152657006769833
297.67,0.2,-0.191103647936768,-0.48504308886992253
297.675,0.2,-0.19007332326078358,-0.36030738043045507
297.68,0.2,-0.18923054828547634,-0.281449610207925
297.685,0.2,-0.1887780210137094,0.019428198707698165
297.69,0.2,-0.18884395916308774,0.01564529689415603
297.695,0.2,-0.18942227885436627,0.10657853419765154
297.7,0.2,-0.19037594134281563,-0.2996854867544086
297.705,0.2,-0.19151570990989733,-0.43831796994398753
297.71,0.2,-0.1927128297187604,-0.5211675014835826
297.715,0.2,-0.1939607342385424,-0.21725338929847582
297.72,0.2,-0.19534004619718834,-0.1917414055431374
297.725,0.2,-0.1969299820203016,0.02569237946155834
297.73,0.2,-0.1987316749765286,0.09698387934854295
297.735,0.2,-0.2006198754977744,0.4056640797158063
297.74,0.2,-0.20233148410089638,-0.21290533532452557
297.745,0.2,-0.20354128120072426,-0.4665088412832111
297.75,0.2,-0.20401667626439274,-0.5479104323231503
297.755,0.2,-0.20372798387547283,-0.4048792172939762
297.76,0.2,-0.20282829777785524,-0.14308561028491468
297.765,0.2,-0.2015420700556727,-0.025767935175516912
297.77,0.2,-0.2000447779735193,0.17591710442537783
297.775,0.2,-0.19839608696501349,-0.14544044769420209
297.78,0.2,-0.19656505483330866,-0.41862282447443755
297.785,0.2,-0.194529866542125,-0.3978436682761385
297.79,0.2,-0.1923640952412913,-0.4890050473211047
297.795,0.2,-0.19025004479992366,-0.3768436040592298
297.8,0.2,-0.18843436239818362,-0.19877445580321831
297.805,0.2,-0.18715428184692223,-0.13167671228632366
297.81,0.2,-0.18656286959724672,0.06187441187098421
297.815,0.2,-0.18668162326082047,0.005149115351780999
297.82,0.2,-0.18740091353391689,-0.19445850226029707
297.825,0.2,-0.18854212267560064,-0.40496538958524975
297.83,0.2,-0.18995276196541083,-0.3846094397611422
297.835,0.2,-0.19157254049337438,-0.5172907813780976
297.84,0.2,-0.1934400497834037,-0.2283445211788539
297.845,0.2,-0.19563577991329922,0.12648589997050927
297.85,0.2,-0.1981758447049288,0.14938356188818916
297.855,0.2,-0.2009316061983363,0.012975361994653822
297.86,0.2,-0.2036473769644384,-0.12257524187548109
297.865,0.2,-0.206035211101397,-0.37381037377442355
297.87,0.2,-0.20788306946778057,-0.5047539561722317
297.875,0.2,-0.209122177172401,-0.22372241915505958
297.88,0.2,-0.20981317709219632,-0.2487227169155145
297.885,0.2,-0.21007027380920254,-0.02811703346661889
297.89,0.2,-0.20997650935036877,0.24726415202663177
297.895,0.2,-0.20952066234963695,-0.08646923918292967
297.9,0.2,-0.20859715770209047,-0.12047079042481428
297.905,0.2,-0.20707892121114757,-0.2674115562187336
297.91,0.2,-0.2049020721634818,-0.4582126632754865
297.915,0.2,-0.20211512618409988,-0.26825873092047237
297.92,0.2,-0.19886813919873647,-0.030489138500714746
297.925,-0.2,-0.19533135792624626,0.15225812612064724
297.93,-0.2,-0.19159425886439746,0.21452712236625437
297.935,-0.2,-0.18761502289129864,0.14030634203260095
297.94,-0.2,-0.18325087742609983,-0.24903053211984774
297.945,-0.2,-0.17835915322547835,-0.36122425145851295
297.95,-0.2,-0.17291393733948535,-0.5704171036574666
297.955,-0.2,-0.16707027636627067,-0.46446093938570654
297.96,-0.2,-0.16114951757383494,-0.40740847051535123
297.965,-0.2,-0.15555583114277985,0.001434688555972917
297.97,-0.2,-0.1506511397217897,0.08649005548220905
297.975,-0.2,-0.14665016779067494,-0.07194023545040377
297.98,-0.2,-0.1436068625456885,-0.2266082675944485
297.985,-0.2,-0.14148987335318974,-0.39080994085896387
297.99,-0.2,-0.14027567484171835,-0.45031916108040276
297.995,-0.2,-0.1399986561273954,-0.29480174596117437
298.0,-0.2,-0.1407359037747908,-0.18701593909224223
298.005,-0.2,-0.14254579821697713,-0.06933942278399635
298.01,-0.2,-0.14540635391601478,0.008131687272459998
298.015,-0.2,-0.14918511005690913,-0.02599653652369173
298.02,-0.2,-0.15365571042401985,-0.28593525056329766
298.025,-0.2,-0.158561510011314,-0.2656045924879754
298.03,-0.2,-0.16369089379594673,-0.46585785010658737
298.035,-0.2,-0.16892642266389404,-0.4696408566835521
298.04,-0.2,-0.17425274292797327,-0.20947175591054007
298.045,-0.2,-0.17970687673569327,-0.03269119640357834
298.05,-0.2,-0.1852818777498956,0.23748112905100333
298.055,-0.2,-0.19084376705430725,0.08759019553620852
298.06,-0.2,-0.19613084208875406,-0.31572308926708176
298.065,-0.2,-0.20085071074118696,-0.26060327217542045
298.07,-0.2,-0.20479686473875364,-0.45815185833289124
298.075,-0.2,-0.20790375001652728,-0.3653279300885046
298.08,-0.2,-0.21024048242739513,-0.39172216565585083
298.085,-0.2,-0.21196114148802064,0.04149507035243936
298.09,-0.2,-0.2132087777400635,0.25531163895945036
298.095,-0.2,-0.21401401763738578,-0.02117946911584636
298.1,-0.2,-0.21427905160653826,-0.14541096950134472
298.105,-0.2,-0.2138650845643869,-0.3578693452921569
298.11,-0.2,-0.2126964262088898,-0.2956143008417546
298.115,-0.2,-0.21081027306157918,-0.40626842380328515
298.12,-0.2,-0.20835159684060278,-0.28533954538569656
298.125,-0.2,-0.2055314195958251,-0.08794222645638253
298.13,-0.2,-0.20255675274709736,0.003907002354279071
298.135,-0.2,-0.19956498762770136,-0.12186353013280819
298.14,-0.2,-0.1966105245723582,-0.1349953840097764
298.145,-0.2,-0.19371026987134507,-0.528988150807366
298.15,-0.2,-0.19092513317748044,-0.669658064388041
298.155,-0.2,-0.18842806863238887,-0.32836252604808447
298.16,-0.2,-0.1864833377955173,-0.1969890275585212
298.165,-0.2,-0.18533444664766036,0.13228312212666907
298.17,-0.2,-0.1850904466170287,-0.020791282046630055
298.175,-0.2,-0.18568717501925866,-0.0085590144764012
298.18,-0.2,-0.18693203710902315,-0.23844422434086743
298.185,-0.2,-0.18858987672576868,-0.25374420589966257
298.19,-0.2,-0.19046550175260538,-0.5321806914924765
298.195,-0.2,-0.19246444182467493,-0.47373384959213327
298.2,-0.2,-0.19460672950370053,-0.1397649834839841
298.205,-0.2,-0.19696296753627518,0.002368876666772636
298.21,-0.2,-0.19954758862952948,0.10807305687820717
298.215,-0.2,-0.20225667899081246,-0.09397223128871982
298.22,-0.2,-0.20489602046156932,-0.3017955653501136
298.225,-0.2,-0.2072693805518051,-0.29613753487236344
298.23,-0.2,-0.20925762610362078,-0.44355789044944505
298.235,-0.2,-0.21084611597123323,-0.2509426187346087
298.24,-0.2,-0.21209960921754506,-0.170846844511385
298.245,-0.2,-0.21309934467633795,0.023603606504681088
298.25,-0.2,-0.21387660085542917,-0.030388457311161243
298.255,-0.2,-0.2143814201497424,0.02404145035577804
298.26,-0.2,-0.21449898571590453,-0.21169211739079496
298.265,-0.2,-0.21410406334962173,-0.2832953554484662
298.27,-0.2,-0.2131300505048245,-0.44943813725920106
298.275,-0.2,-0.21162024900348747,-0.44186046059953055
298.28,-0.2,-0.20973348318338308,-0.2507701798002309
298.285,-0.2,-0.20768892505655615,-0.010476750138351155
298.29,-0.2,-0.20566435235419908,0.23974429136531855
298.295,-0.2,-0.20369957547089768,0.22074538439549748
298.3,-0.2,-0.2016704766196672,-0.10378841890778848
298.305,-0.2,-0.1993683566237938,-0.3977666731599436
298.31,-0.2,-0.1966413311871215,-0.5236421446748449
298.315,-0.2,-0.19349669991188084,-0.36336346532882813
298.32,-0.2,-0.190100353044798,-0.3076045096647657
298.325,-0.2,-0.18669480790689422,-0.009749531492876953
298.33,-0.2,-0.18349134021552627,0.12777644940839006
298.335,-0.2,-0.18058337003184047,0.07822078517171607
298.34,-0.2,-0.17793092817981815,-0.24883143372804456
298.345,-0.2,-0.17543525965805742,-0.3786753600706424
298.35,-0.2,-0.17304472352409248,-0.3859191613934636
298.355,-0.2,-0.1708133340170596,-0.4829131928131817
298.36,-0.2,-0.168890212442416,-0.12351668113807805
298.365,-0.2,-0.16744874005369478,0.06526229821555671
298.37,-0.2,-0.16658210242985974,0.17323329722443936
298.375,-0.2,-0.16622688311813652,0.255600895280201
298.38,-0.2,-0.16616069821854007,-0.061216946429774294
298.385,-0.2,-0.1660829655675022,-0.3880034957899114
298.39,-0.2,-0.16574563440914986,-0.3293020657570654
298.395,-0.2,-0.16504810980725781,-0.43766031508193215
298.4,-0.2,-0.16404169154647885,-0.1549259073549772
298.405,-0.2,-0.16286524948204167,-0.1366744032659705
298.41,-0.2,-0.16165780586298362,0.09474597531897161
298.415,-0.2,-0.16048703215368101,0.06212506266312327
298.42,-0.2,-0.15932322559661155,-0.08009738679603728
298.425,-0.2,-0.15807695465879054,-0.33540791419173543
298.43,-0.2,-0.15668730978520998,-0.5159181936414651
298.435,-0.2,-0.1552047191137002,-0.4345021406792297
298.44,-0.2,-0.15379982959722413,-0.05695871900470034
298.445,-0.2,-0.15267740546581676,0.029214672966706434
298.45,-0.2,-0.1519599726983772,0.15228623426545648
298.455,-0.2,-0.15162681628580557,0.04681177544228426
298.46,-0.2,-0.15153421268009482,-0.14192123111797486
298.465,-0.2,-0.15149621941206376,-0.35144423382411266
298.47,-0.2,-0.15138452880866707,-0.4493925597333018
298.475,-0.2,-0.15119725818357824,-0.47678055355820775
298.48,-0.2,-0.15106507344961895,-0.28676510050915577
298.485,-0.2,-0.15119090329859575,-0.06464774546904985
298.49,-0.2,-0.15174313900201628,0.2650475909659104
298.495,-0.2,-0.15275040098730414,0.15657773410869358
298.5,-0.2,-0.1540657787175369,-0.0029317780415813455
298.505,-0.2,-0.15543889592507645,-0.4607164316473418
298.51,-0.2,-0.15665487435392653,-0.4161986359278159
298.515,-0.2,-0.15764130535620524,-0.44155820058501666
298.52,-0.2,-0.158475400249962,-0.19022587645894257
298.525,-0.2,-0.1593022476541792,0.10306044954382668
298.53,-0.2,-0.16021415835607122,0.29573122236944493
298.535,-0.2,-0.1611571772262607,0.11953816078473631
298.54,-0.2,-0.1619378008912454,-0.3040180704060491
298.545,-0.2,-0.16233718959217844,-0.3367555108789991
298.55,-0.2,-0.16223649216875732,-0.3468923117563809
298.555,-0.2,-0.16166166297307138,-0.37911246455584824
298.56,-0.2,-0.16075425692225143,-0.18853691839243109
298.565,-0.2,-0.15970195889506208,0.09566800083425289
298.57,-0.2,-0.1586424742899634,0.19598454156203216
298.575,-0.2,-0.157587278613819,0.07174396886062684
298.58,-0.2,-0.1564251573764006,-0.12026085138355122
298.585,-0.2,-0.15500603552121084,-0.37562561921897775
298.59,-0.2,-0.1532489357020899,-0.4431448743071249
298.595,-0.2,-0.1512165853031633,-0.6013577944777757
298.6,-0.2,-0.14912642115049662,-0.2816620002819761
298.605,-0.2,-0.1472725041134277,0.34055887123201833
298.61,-0.2,-0.1458746306290301,-0.0035459528255196993
298.615,-0.2,-0.14497858757603896,-0.03558836329328348
298.62,-0.2,-0.14449831538036303,-0.3301128106973902
298.625,-0.2,-0.14433118999253483,-0.39069059686079616
298.63,-0.2,-0.14444772824920754,-0.46388505809936403
298.635,-0.2,-0.1449205833883905,-0.3260363402826663
298.64,-0.2,-0.14588571846057435,-0.007966350350642998
298.645,-0.2,-0.14745448241035544,-0.043514833162842825
298.65,-0.2,-0.14963613805693898,0.050170065692930504
298.655,-0.2,-0.15231253421417146,0.1834561049800627
298.66,-0.2,-0.15525124864851367,-0.054481955890447895
298.665,-0.2,-0.1581572629849915,-0.29217119426221205
298.67,-0.2,-0.1607694465651566,-0.3786128810814997
298.675,-0.2,-0.16295156289285323,-0.4923228316696654
298.68,-0.2,-0.16471727686108745,-0.12212312962004888
298.685,-0.2,-0.1661665175928768,0.13011330109373775
298.69,-0.2,-0.16737209899590533,-0.011946270566766004
298.695,-0.2,-0.1683115845553026,0.03946192040306393
298.7,-0.2,-0.16888513713240072,-0.13878176392488276
298.705,-0.2,-0.168974223872431,-0.17268203518810657
298.71,-0.2,-0.16850401433397846,-0.4608938261285129
298.715,-0.2,-0.167497409187096,-0.341257169506553
298.72,-0.2,-0.1660857042544774,-0.069961543954522
298.725,-0.2,-0.1644406483330544,0.16999797996052796
298.73,-0.2,-0.16267172793655646,-0.028962118822548177
298.735,-0.2,-0.16078264042048138,0.01879014624050597
298.74,-0.2,-0.15870410077963654,-0.0660514611119593
298.745,-0.2,-0.15635229939630657,-0.316665837060139
298.75,-0.2,-0.1536971414053649,-0.5447840962068201
298.755,-0.2,-0.15082901722024006,-0.37306129361670926
298.76,-0.2,-0.14796297641371195,-0.12625217901143732
298.765,-0.2,-0.14535595279691052,-0.07774119775271127
298.77,-0.2,-0.1431989333621119,0.23119284196739387
298.775,-0.2,-0.1415429064265875,0.15224369395141069
298.78,-0.2,-0.14028658203092753,-0.12772111076964165
298.785,-0.2,-0.13924726963796608,-0.3135887141433806
298.79,-0.2,-0.13827837229669834,-0.4240364516689042
298.795,-0.2,-0.13734782728380052,-0.2657213577975659
298.8,-0.2,-0.13653106776165377,-0.15108085794551573
298.805,-0.2,-0.13593533274088837,0.15921188829857774
298.81,-0.2,-0.13559862595293876,0.33003346968509206
298.815,-0.2,-0.1354164805308336,0.12102217225669273
298.82,-0.2,-0.1351559403601858,-0.1527083978213322
298.825,-0.2,-0.13456328466778303,-0.351327386352351
298.83,-0.2,-0.1334874748312946,-0.3567986177108942
298.835,-0.2,-0.13192832455781395,-0.03694823684321391
298.84,-0.2,-0.1299919480564915,-0.2704822952925161
298.845,-0.2,-0.12782138155069064,-0.05633979975579523
298.85,-0.2,-0.1255514011669219,0.058072005886780825
298.855,-0.2,-0.12326830771097817,0.08709638731638927
298.86,-0.2,-0.12098167503347222,-0.05091815292629209
298.865,-0.2,-0.11864781066413901,-0.25055604690512073
298.87,-0.2,-0.1162441315638144,-0.5206669149771126
298.875,-0.2,-0.11385054272277219,-0.4492534717930902
298.88,-0.2,-0.11167051225321992,-0.08833149403063045
298.885,-0.2,-0.10995578689662389,-0.04505184477934329
298.89,-0.2,-0.1088909790596321,0.1621060707074392
298.895,-0.2,-0.10852214891417124,0.039882345912750417
298.9,-0.2,-0.10876139843332032,-0.16428248661464936
298.905,-0.2,-0.10945617265211503,-0.23233108066373984
298.91,-0.2,-0.11048674754497442,-0.6841420592034677
298.915,-0.2,-0.11184647216638634,-0.303821141815389
298.92,-0.2,-0.1136455923352953,-0.07013793063032087
298.925,-0.2,-0.11601695470195235,-0.021776138856926655
298.93,-0.2,-0.11900096289780754,0.29498603431913434
298.935,-0.2,-0.1224777549818071,0.30631004215458474
298.94,-0.2,-0.12616972353217984,-0.34782035891343305
298.945,-0.2,-0.12974776809810096,-0.3496027055821047
298.95,-0.2,-0.132978477595226,-0.2800317343394026
298.955,-0.2,-0.13578388829765936,-0.36708106778220706
298.96,-0.2,-0.1382077739114679,-0.14938837473695812
298.965,-0.2,-0.1403502318931527,-0.028223444901893865
298.97,-0.2,-0.1422886535698099,0.20960815237736966
298.975,-0.2,-0.14400304639457528,0.24198272196513618
298.98,-0.2,-0.14535218925172122,-0.13295434629000508
298.985,-0.2,-0.146139975628243,-0.35258957710840616
298.99,-0.2,-0.14624411113379907,-0.58401995007386
298.995,-0.2,-0.1457155080848318,-0.42774031472095314
299.0,-0.2,-0.14477895439408026,-0.24016922982351394
299.005,-0.2,-0.1437324595007121,0.2128619803654992
299.01,-0.2,-0.14279579380382443,0.364507545422464
299.015,-0.2,-0.1419993851844831,0.0641773112798427
299.02,-0.2,-0.14120541268428094,-0.3623408658410922
299.025,-0.2,-0.140246910958027,-0.2530635210944268
299.03,-0.2,-0.1390603121595321,-0.6061277409731682
299.035,-0.2,-0.13773153803996885,-0.22584841642374462
299.04,-0.2,-0.13645670007008084,-0.11571757186588066
299.045,-0.2,-0.135447712451276,-0.10314519277702472
299.05,-0.2,-0.13484482419196564,0.15620499733851534
299.055,-0.2,-0.13466526873598028,0.2559937401241777
299.06,-0.2,-0.13478460285946875,-0.0739374098161273
299.065,-0.2,-0.134993306106832,-0.5040770749298912
299.07,-0.2,-0.13513287395405513,-0.4910203096660867
299.075,-0.2,-0.13520276150938088,-0.37148944221690844
299.08,-0.2,-0.13534384717198308,-0.03468975992460627
299.085,-0.2,-0.1357230960333534,0.1322480162251174
299.09,-0.2,-0.13641136270314577,0.16998288145653476
299.095,-0.2,-0.13732820614402413,0.11849267449646575
299.1,-0.2,-0.13827557996591056,-0.2572848931141807
299.105,-0.2,-0.13904254001452468,-0.45710324362886473
299.11,-0.2,-0.13952524752026563,-0.4657204168166906
299.115,-0.2,-0.13978481673159193,-0.4056915788737987
299.12,-0.2,-0.1400113238240343,-0.12193089018240544
299.125,-0.2,-0.14042126044517758,0.1178719924410119
299.13,-0.2,-0.14113378473360677,0.3983449155094304
299.135,-0.2,-0.14208235809744701,0.18637863021594536
299.14,-0.2,-0.14302579133687657,-0.17766536867703223
299.145,-0.2,-0.14367184115758247,-0.3959571208028095
299.15,-0.2,-0.1438311056805071,-0.4750042228017367
299.155,-0.2,-0.14349927959782288,-0.4104843634841686
299.16,-0.2,-0.14283515186031653,-0.1126192265702228
299.165,-0.2,-0.14206198748695,0.0040890121601498824
299.17,-0.2,-0.14134844935593252,0.26253169025321343
299.175,-0.2,-0.14073033062160734,0.01270091278640298
299.18,-0.2,-0.14011276976130033,-0.029289276689589583
299.185,-0.2,-0.13934833089005433,-0.395782245132214
299.19,-0.2,-0.13834281843356971,-0.40153883955311687
299.195,-0.2,-0.1371290690024221,-0.42606677608045945
299.2,-0.2,-0.13586274893866163,-0.018184449284924242
299.205,-0.2,-0.13473344824713693,0.11753868744588439
299.21,-0.2,-0.13385031076406445,0.11590396701982772
299.215,-0.2,-0.1331837236462198,0.1611649468015244
299.22,-0.2,-0.13259101512895752,-0.26842475499587026
299.225,-0.2,-0.131907499601225,-0.35786017942232873
299.23,-0.2,-0.13105285628632016,-0.3936757819977175
299.235,-0.2,-0.1300862637665676,-0.49225000855090956
299.24,-0.2,-0.12918158674106378,0.1140466354816293
299.245,-0.2,-0.12852958098731085,0.04374684799586685
299.25,-0.2,-0.12822309782659816,0.16039688564799862
299.255,-0.2,-0.1282071898515063,0.16782193171290696
299.26,-0.2,-0.12830628392853105,-0.12033075124695966
299.265,-0.2,-0.12830534029541643,-0.37042271596651055
299.27,-0.2,-0.12805952819207006,-0.40032110409407734
299.275,-0.2,-0.12756364566392012,-0.24827127857644593
299.28,-0.2,-0.12693116825222242,-0.14294484945483502
299.285,-0.2,-0.12630993954959283,0.11994183901499136
299.29,-0.2,-0.1257926137105554,0.0538510796186628
299.295,-0.2,-0.1253683208173663,0.0997617826639255
299.3,-0.2,-0.12493523373071487,-0.12355246623889703
299.305,-0.2,-0.12436614386428008,-0.4013196129040912
299.31,-0.2,-0.12359622867099705,-0.2960108086098931
299.315,-0.2,-0.12267217649503288,-0.25155051892625263
299.32,-0.2,-0.12172255866344392,-0.025207725630215158
299.325,-0.2,-0.12087989822091148,0.02470176669157903
299.33,-0.2,-0.1202181364269411,-0.14586550584774807
299.335,-0.2,-0.1197392127499419,0.16028588810446068
299.34,-0.2,-0.1193845857025435,-0.10098857487915622
299.345,-0.2,-0.11905173171323484,-0.03973698123268049
299.35,-0.2,-0.11863375353642028,-0.3514505567778521
299.355,-0.2,-0.11807920158356137,-0.3506477528028973
299.36,-0.2,-0.11743163012595176,-0.1817116737782694
299.365,-0.2,-0.11680367148758274,0.07138290235151011
299.37,-0.2,-0.11628934459256261,0.1866998150469313
299.375,-0.2,-0.11588070018515637,0.18370278829347958
299.38,-0.2,-0.1154502418267528,-0.01812733626641415
299.385,-0.2,-0.11481038375432039,-0.24336590576624534
299.39,-0.2,-0.11381990300770292,-0.5415204893281849
299.395,-0.2,-0.1124736905212139,-0.1632160706243712
299.4,-0.2,-0.11089695971832549,0.053309487243392906
299.405,-0.2,-0.1092403822400264,0.10854813155782962
299.41,-0.2,-0.10757455605629324,0.20999092306696582
299.415,-0.2,-0.10585683216238159,0.036208071772297595
299.42,-0.2,-0.10396768959455305,-0.1284095946266297
299.425,-0.2,-0.10179140348908113,-0.3196598863159078
299.43,-0.2,-0.09930578333656942,-0.5396394463555916
299.435,-0.2,-0.09663763001313885,-0.30107175175825573
299.44,-0.2,-0.09404298401788137,-0.1563047940814103
299.445,-0.2,-0.0918123599598586,0.034374517528380846
299.45,-0.2,-0.09016093851715187,0.1525083095371935
299.455,-0.2,-0.08915897033266516,0.19303800783750136
299.46,-0.2,-0.08872503479906159,-0.09835677732888809
299.465,-0.2,-0.08868941555508436,-0.19724465012478315
299.47,-0.2,-0.08889705962872226,-0.4227841411405318
299.475,-0.2,-0.08928539564952123,-0.19301960676566993
299.48,-0.2,-0.08989054182088602,-0.18942859574382548
299.485,-0.2,-0.09078393832507925,0.243602707623574
299.49,-0.2,-0.09197598724176548,0.26514080569337856
299.495,-0.2,-0.09334679102707638,0.09700915425839883
299.5,-0.2,-0.0946661080409378,-0.14576875201874978
299.505,-0.2,-0.09569995549121572,-0.43655670583641065
299.51,-0.2,-0.09633463664313918,-0.5542471258402117
299.515,-0.2,-0.09664598823510719,-0.3878140630383735
299.52,-0.2,-0.09687187243191678,-0.18750819222366993
299.525,-0.2,-0.09730650899568262,-0.06810702888739183
299.53,-0.2,-0.09818458787731135,0.13510402743123412
299.535,-0.2,-0.09960101268789143,0.23657659366738526
299.54,-0.2,-0.1014819474705118,0.013829358233214906
299.545,-0.2,-0.10363386981989488,-0.37870783688273896
299.55,-0.2,-0.10586808677532376,-0.4755158750113961
299.555,-0.2,-0.10811643389417375,-0.36311679085625836
299.56,-0.2,-0.11044897919397512,-0.20360763405349563
299.565,-0.2,-0.11299533085413943,0.0875103215960601
299.57,-0.2,-0.11582927454018295,0.30011097948254467
299.575,-0.2,-0.11887464421716282,0.29733438901539083
299.58,-0.2,-0.12188642567552968,-0.011717423374257685
299.585,-0.2,-0.12453713086530892,-0.3740416736513951
299.59,-0.2,-0.12656601315200655,-0.4299021180092155
299.595,-0.2,-0.127883866808655,-0.20314232534738574
299.6,-0.2,-0.12855462261366238,0.06394282882239882
299.605,-0.2,-0.12868240190646502,0.20221870239550022
299.61,-0.2,-0.12829895065723462,0.2821689072538104
299.615,-0.2,-0.12732030653471252,0.07321957151407063
299.62,-0.2,-0.12558973680623473,-0.17829220841454882
299.625,-0.2,-0.1229798083802463,-0.3176111579015109
299.63,-0.2,-0.11949311563438578,-0.5095792647609504
299.635,-0.2,-0.11530652639369635,-0.24058353300144858
299.64,-0.2,-0.11073007349864719,-0.04620470180007265
299.645,-0.2,-0.10610100069015993,-0.04963165886509255
299.65,-0.2,-0.10168264796998873,0.24277653293347856
299.655,-0.2,-0.09761280883545886,-0.032088332235789274
299.66,-0.2,-0.09391233568833321,-0.09738794105521859
299.665,-0.2,-0.09055515092433297,-0.4092219432391434
299.67,-0.2,-0.08756190819516323,-0.4327339361860959
299.675,-0.2,-0.08504813840130071,-0.06286333803256189
299.68,-0.2,-0.08319142440340539,-0.3811216665905677
299.685,-0.2,-0.08216554713476791,0.013563222470793626
299.69,-0.2,-0.08208216011796422,0.24403435932701606
299.695,-0.2,-0.08292776635181145,0.07867317072025021
299.7,-0.2,-0.0845454445479299,-0.1855194327262328
299.705,-0.2,-0.08671279665716335,-0.2933722375467292
299.71,-0.2,-0.08925097321272953,-0.338834092779428
299.715,-0.2,-0.09208016993139402,-0.29519561725041604
299.72,-0.2,-0.09520625912155793,-0.09379082959479743
299.725,-0.2,-0.09865729472503265,0.10043795129574767
299.73,-0.2,-0.10240419767695039,0.09099791595142953
299.735,-0.2,-0.1063107036662035,0.25936538682857924
299.74,-0.2,-0.1101346120237896,-0.03841257517499422
299.745,-0.2,-0.11358500535744684,-0.23963683043134593
299.75,-0.2,-0.1164282162798644,-0.5355475488372781
299.755,-0.2,-0.1185855257029227,-0.2747294716728134
299.76,-0.2,-0.12014658406453006,-0.24055327077879018
299.765,-0.2,-0.12128958197868861,0.11924340406179681
299.77,-0.2,-0.12216746084717603,0.1304820857325908
299.775,-0.2,-0.12282659332447798,0.13875016074005567
299.78,-0.2,-0.12319862385646982,-0.07671471066673381
299.785,-0.2,-0.12316549719370874,-0.30533653504456687
299.79,-0.2,-0.12265871528711364,-0.4363503262400552
299.795,-0.2,-0.12173626235100979,-0.4152166035685929
299.8,-0.2,-0.12058255425403423,0.05138996094307477
299.805,-0.2,-0.11941474512095182,0.13879823040031658
299.81,-0.2,-0.11836167562983103,0.12837540425017388
299.815,-0.2,-0.11740948185384399,0.17207866297464114
299.82,-0.2,-0.11642900796542656,-0.07563962464373984
299.825,-0.2,-0.11525427942551565,-0.36962504486481074
299.83,-0.2,-0.11378941740825504,-0.48452959055839023
299.835,-0.2,-0.11208723902678988,-0.290784001496377
299.84,-0.2,-0.11032827719522614,0.09148130910238206
299.845,-0.2,-0.10871024080052828,-0.018858087833878934
299.85,-0.2,-0.10734416724547528,0.1873006778968044
299.855,-0.2,-0.10621632440858685,0.1844260928738235
299.86,-0.2,-0.10520186522986054,-0.08594823591809864
299.865,-0.2,-0.10412880626721423,-0.3032693542773339
299.87,-0.2,-0.1028807920248203,-0.3980040532066688
299.875,-0.2,-0.10146728904418699,-0.17218794965942702
299.88,-0.2,-0.10000672331227775,-0.14065846753613903
299.885,-0.2,-0.09864873499747291,0.07670092312212543
299.89,-0.2,-0.09748799132058875,0.31665832316130005
299.895,-0.2,-0.09649597651530063,0.24967081284378623
299.9,-0.2,-0.09550308510304407,0.11202749126213703
299.905,-0.2,-0.09426253422451189,-0.26768459815167217
299.91,-0.2,-0.09257596888169171,-0.48822868558060084
299.915,-0.2,-0.09040787416600068,-0.34420628782086327
299.92,-0.2,-0.08791218903624316,-0.32035016634899477
299.925,-0.2,-0.08535417332368363,0.24089326919388093
299.93,-0.2,-0.08297020405106165,0.28919999974910926
299.935,-0.2,-0.08084894858176576,0.10745917618365856
299.94,-0.2,-0.0789223771097687,-0.05920491484356506
299.945,-0.2,-0.07706038675469223,-0.2715142741268911
299.95,-0.2,-0.075185137433124,-0.449771171073638
299.955,-0.2,-0.07334065746711264,-0.21121360031986366
299.96,-0.2,-0.07168073745287518,-0.07687021022280355
299.965,-0.2,-0.07037995580959999,0.20447297660749544
299.97,-0.2,-0.06952746155249155,0.2409995674872494
299.975,-0.2,-0.0690647080682143,0.2619943824819764
299.98,-0.2,-0.06879372718648973,0.05943369719461976
299.985,-0.2,-0.06845471527973161,-0.29511793870096925
299.99,-0.2,-0.06784704817837886,-0.42603654843584704
299.995,-0.2,-0.06692624906295246,-0.23417382397225428
300.0,-0.2,-0.06580349140313826,-0.07845699916795354
300.005,-0.2,-0.0646531078539629,0.1445430808003766
300.01,-0.2,-0.06360278397602602,0.17810322541043316
300.015,-0.2,-0.06266352360477578,0.3624701862749201
300.02,-0.2,-0.06171851341312725,-0.04449982553621472
300.025,-0.2,-0.060581556098026505,-0.11222659180818614
300.03,-0.2,-0.059107853717418356,-0.5149611503553633
300.035,-0.2,-0.057290762124365235,-0.1891516195536117
300.04,-0.2,-0.0552758216744739,-0.20896464654930097
300.045,-0.2,-0.05328475705136516,0.16416807992540564
300.05,-0.2,-0.0515001611192526,0.3242919538042951
300.055,-0.2,-0.049972804061083155,0.18494109828545005
300.06,-0.2,-0.04860861455949919,0.002285896366156462
300.065,-0.2,-0.04724601579962791,-0.18099829115131533
300.07,-0.2,-0.045764225400324834,-0.33576476556562634
300.075,-0.2,-0.04415745328130985,-0.2575646784537241
300.08,-0.2,-0.04254411751489671,-0.19251111155615325
300.085,-0.2,-0.04110954900423316,0.15576544157821132
300.09,-0.2,-0.04000871792968306,0.19916602367336786
300.095,-0.2,-0.03928583055284761,0.1107736742150093
300.1,-0.2,-0.03886607122051397,0.03026251069546479
300.105,-0.2,-0.03861703741033541,-0.23521847320555903
300.11,-0.2,-0.03843773033401675,-0.3707742576436979
300.115,-0.2,-0.03833679348368793,-0.47296541275251613
300.12,-0.2,-0.03845627252853837,-0.08770572591793946
300.125,-0.2,-0.03900002226016192,0.2924253478651835
300.13,-0.2,-0.04009346853442567,0.2884636093004695
300.135,-0.2,-0.04168412145038885,0.19982302096250104
300.14,-0.2,-0.04356303580364287,-0.13572709748084555
300.145,-0.2,-0.04547949567458868,-0.27681401312326265
300.15,-0.2,-0.04726845326505837,-0.48805562499716293
300.155,-0.2,-0.048922920777600416,-0.2607136875512118
300.16,-0.2,-0.050572732317123455,-0.006307104847172958
300.165,-0.2,-0.0523799127706264,0.1761866332549281
300.17,-0.2,-0.05441521929906423,0.42123672099285625
300.175,-0.2,-0.05658682955701389,0.1317464036507888
300.18,-0.2,-0.058659587168234946,0.09499977025185806
300.185,-0.2,-0.06034641325207594,-0.08310535167634084
300.19,-0.2,-0.06141416053737451,-0.39922014029234026
300.195,-0.2,-0.06176872473103289,-0.31355210665531064
300.2,-0.2,-0.06147845782693627,0.10831566413757689
300.205,-0.2,-0.06070217081156139,-0.0749320060190228
300.21,-0.2,-0.05958473089406462,0.26994549680983054
300.215,-0.2,-0.05819765476274883,0.07059401468469513
300.22,-0.2,-0.056535026083849485,-0.027447469003751924
300.225,-0.2,-0.05456525572863217,-0.34934763328598767
300.23,-0.2,-0.0523136149751276,-0.21212636267437465
300.235,-0.2,-0.04991070346953564,-0.3491729834006599
300.24,-0.2,-0.04757829970672824,-0.11740135077931654
300.245,-0.2,-0.04556865035552327,0.06905154317865003
300.25,-0.2,-0.04407738711918501,0.22944502237010894
300.255,-0.2,-0.043168801637064096,0.16942718133153312
300.26,-0.2,-0.042767039056923264,-0.09635619824618835
300.265,-0.2,-0.04273022493309709,-0.32451849771147856
300.27,-0.2,-0.0429603437173193,-0.3380631215758008
300.275,-0.2,-0.04347173232520648,-0.3238903480182943
300.28,-0.2,-0.0443735659481398,0.1195565699378647
300.285,-0.2,-0.045776875664364745,0.1575104565905087
300.29,-0.2,-0.0476885557459941,0.29622576488675373
300.295,-0.2,-0.04996759438191376,0.0783360572775888
300.3,-0.2,-0.052364614004389486,0.017282511847492937
300.305,-0.2,-0.05461504808940473,-0.3867816032692074
300.31,-0.2,-0.05654599878229131,-0.37726335879449086
300.315,-0.2,-0.05814503153546353,-0.3114335820873068
300.32,-0.2,-0.05954619882008541,-0.15501169002372156
300.325,-0.2,-0.06094600491450831,0.048301225620528146
300.33,-0.2,-0.06249476710318855,0.39685536437588836
300.335,-0.2,-0.06420428131385245,0.17059562133142975
300.34,-0.2,-0.0659305886669657,-0.03141970986290972
300.345,-0.2,-0.06745831449785163,-0.21530063072486244
300.35,-0.2,-0.06862307338480603,-0.38602940419232634
300.355,-0.2,-0.06938948687878001,-0.19910130488725752
300.36,-0.2,-0.06984499212491993,-0.017604023290287943
300.365,-0.2,-0.07011456563753277,0.2950146513713193
300.37,-0.2,-0.07025029424822433,0.2907360826865973
300.375,-0.2,-0.07016971758617548,0.20214883164033395
300.38,-0.2,-0.069684053769756,-0.07511352581885362
300.385,-0.2,-0.06859683474423106,-0.23898292376446598
300.39,-0.2,-0.06680915090411906,-0.27118344662158833
300.395,-0.2,-0.06437406890809325,-0.3467289155677958
300.4,-0.2,-0.0614865342659932,-0.1446266612082347
300.405,-0.2,-0.058421770425925924,-0.012034537066442919
300.41,-0.2,-0.055434765933272186,0.4517126699136328
300.415,-0.2,-0.05265543215042688,0.14071902714608683
300.42,-0.2,-0.05005896133964881,-0.10971094001726298
300.425,-0.2,-0.04755125221252891,-0.2476666065463769
300.43,-0.2,-0.04509074164087451,-0.35182288637650233
300.435,-0.2,-0.04274965522960871,-0.20817410509985912
300.44,-0.2,-0.04069180006873478,-0.014775648309313445
300.445,-0.2,-0.03908816356201579,0.23967340877304444
300.45,-0.2,-0.038016749205057064,0.2765876762733219
300.455,-0.2,-0.0374081718387379,0.15165695085996184
300.46,-0.2,-0.03707865128748574,-0.2089914721314271
300.465,-0.2,-0.03683446324433949,-0.21060836960585672
300.47,-0.2,-0.03657360340565293,-0.33900657334541556
300.475,-0.2,-0.036321854295170174,-0.17165032181196935
300.48,-0.2,-0.036196576187731616,0.025157347452587686
300.485,-0.2,-0.0363196165072155,0.2753078099914244
300.49,-0.2,-0.03672615326881958,0.1050632284878533
300.495,-0.2,-0.037335217082470964,0.05868009122366652
300.5,-0.2,-0.03799266805325847,0.05358143679210274
300.505,-0.2,-0.038540871469636105,-0.3599597161919235
300.51,-0.2,-0.03889163144904175,-0.270037632061046
300.515,-0.2,-0.039076204539158776,-0.20464390192676352
300.52,-0.2,-0.039231154235589455,-0.2087467618989945
300.525,-0.2,-0.03953331680515593,0.13584348628221143
300.53,-0.2,-0.04011691891786321,0.2399214397449393
300.535,-0.2,-0.041004900119898297,0.006401535735618968
300.54,-0.2,-0.0421117304414233,-0.08583683119399127
300.545,-0.2,-0.04332086994867608,-0.2805667649826023
300.55,-0.2,-0.044570870274916186,-0.3423928284159968
300.555,-0.2,-0.04589811495307081,-0.18909128199543263
300.56,-0.2,-0.04741384449278402,0.0037176615525244885
300.565,-0.2,-0.049221698718750644,0.2840773959288928
300.57,-0.2,-0.05132209266948152,0.2800244682093483
300.575,-0.2,-0.05356849256268841,0.09524318487500556
300.58,-0.2,-0.05570779971867716,0.06931187509307113
300.585,-0.2,-0.057472286024592784,-0.2568674098852521
300.59,-0.2,-0.05867906457721245,-0.45753204104950645
300.595,-0.2,-0.05930512328955926,-0.22611266809292851
300.6,-0.2,-0.05948645175197469,-0.13103766983762805
300.605,-0.2,-0.05942772918170884,0.2300114439734745
300.61,-0.2,-0.05928045018833102,0.2858343558357005
300.615,-0.2,-0.05906273044635337,0.13472505850553276
300.62,-0.2,-0.058674834324143194,-0.20989935430561835
300.625,-0.2,-0.05800432759035412,-0.34770129192487353
300.63,-0.2,-0.057032596956455114,-0.13783145485604492
300.635,-0.2,-0.055855451219138826,-0.1629951165509148
300.64,-0.2,-0.054627614909117286,-0.012398965144868317
300.645,-0.2,-0.053495306792573374,0.06768190866682615
300.65,-0.2,-0.052537897032513714,0.38407937204205755
300.655,-0.2,-0.05172104836482103,0.08848761709221341
300.66,-0.2,-0.050905983340082436,-0.11908509101733297
300.665,-0.2,-0.04993776189612192,-0.2588876845836806
300.67,-0.2,-0.048748114949953174,-0.3297470711465528
300.675,-0.2,-0.04740332912918678,-0.33311325637435807
300.68,-0.2,-0.046084705086604796,-0.03130716216737105
300.685,-0.2,-0.04500397668748847,0.3091884914036467
300.69,-0.2,-0.044283520582243184,0.2445316129843225
300.695,-0.2,-0.04388699130985268,0.10776993598285922
300.7,-0.2,-0.043656156958683204,-0.08689256529870293
300.705,-0.2,-0.04341473674261159,-0.2872060313774328
300.71,-0.2,-0.04306609194080105,-0.2656060774844372
300.715,-0.2,-0.04263729619572135,-0.2712389909171014
300.72,-0.2,-0.042255729726112634,0.0028690179786525077
300.725,-0.2,-0.04207376517162304,0.11235500279982513
300.73,-0.2,-0.04218378957151909,0.11748858734506157
300.735,-0.2,-0.04257944975073986,-0.02990047062907783
300.74,-0.2,-0.04318124136435287,-0.0015959475803842132
300.745,-0.2,-0.043894850943432207,-0.33469868183086254
300.75,-0.2,-0.04467529752817086,-0.32434868255693033
300.755,-0.2,-0.04557006206493547,-0.18137029945063377
300.76,-0.2,-0.04670841863744132,-0.30880199864142494
300.765,-0.2,-0.04824198188721098,0.30765292389480414
300.77,-0.2,-0.05025261305649059,0.292651689134364
300.775,-0.2,-0.05266537323889748,0.23808378939317876
300.78,-0.2,-0.05525070060297014,-0.1533519590747648
300.785,-0.2,-0.05773302321703139,-0.23243899019819636
300.79,-0.2,-0.05991719232333418,-0.32596333116362103
300.795,-0.2,-0.06175544681043369,-0.42281513839493534
300.8,-0.2,-0.06334184594484259,-0.021920274838094483
300.805,-0.2,-0.06483132598629247,0.3118528898648953
300.81,-0.2,-0.0663119678943938,0.16257520163472944
300.815,-0.2,-0.06772671111724173,0.27286425729966834
300.82,-0.2,-0.06889061938986395,0.11689883879865262
300.825,-0.2,-0.06955928819205215,-0.03932257991094523
300.83,-0.2,-0.06952010547710201,-0.42908522042730624
300.835,-0.2,-0.0686886989894994,-0.22992912764612283
300.84,-0.2,-0.0671433667303146,-0.006114116650342678
300.845,-0.2,-0.06505708954275147,0.08059941750279755
300.85,-0.2,-0.0625916697320997,0.15996789549834745
300.855,-0.2,-0.05983237873322363,0.23792917619743031
300.86,-0.2,-0.056776196301710866,0.021393622103219212
300.865,-0.2,-0.05337333024862905,-0.2317836033941776
300.87,-0.2,-0.04961279952502284,-0.30159245029830994
300.875,-0.2,-0.045595479292489915,-0.29976270774718267
300.88,-0.2,-0.04153631456657123,-0.017939338773345415
300.885,-0.2,-0.037691889655483604,0.09256656865055567
300.89,-0.2,-0.03425998196335805,0.26251969895395416
300.895,-0.2,-0.031309443880030825,0.21004617184267022
300.9,-0.2,-0.028777225155118435,-0.05370240460560011
300.905,-0.2,-0.026537098068514238,-0.1840298686836133
300.91,-0.2,-0.024498092020892953,-0.2842911385193939
300.915,-0.2,-0.02267179949043746,-0.3570557025988185
300.92,-0.2,-0.02117537030122753,0.07039155501118746
300.925,-0.2,-0.02016188102362848,0.11675440302115864
300.93,-0.2,-0.019716223320321136,0.2803838749185064
300.935,-0.2,-0.01978944161123517,0.236950395092289
300.94,-0.2,-0.020205191131502872,0.024286403673560577
300.945,-0.2,-0.02073282545316681,-0.25610541386233293
300.95,-0.2,-0.02119295338523533,-0.19829881166624505
300.955,-0.2,-0.02152501801210753,-0.18665878535938113
300.96,-0.2,-0.021776373534905115,-0.025467684887664183
300.965,-0.2,-0.022033313712087887,0.270499799436388
300.97,-0.2,-0.022332696061799506,0.23907980405767615
300.975,-0.2,-0.022610323524805288,0.026161688487773366
300.98,-0.2,-0.022733144917459223,-0.08483990230818558
300.985,-0.2,-0.022585665741101407,-0.24354031979652707
300.99,-0.2,-0.022142124228444696,-0.24940939997317174
300.995,-0.2,-0.021491855954520748,-0.2621625488924803
301.0,-0.2,-0.020811526713140256,0.09330537029684606
301.005,-0.2,-0.02028928444439512,0.06696658688557813
301.01,-0.2,-0.020041281418396423,0.22230087571764331
301.015,-0.2,-0.020070503667814165,0.13836044619752585
301.02,-0.2,-0.020279325685104314,0.035008366040683817
301.025,-0.2,-0.020526466556586118,-0.22594158167719658
301.03,-0.2,-0.020711225992980708,-0.3268220810221379
301.035,-0.2,-0.020837085985935547,-0.1119072047778145
301.04,-0.2,-0.021003432405193492,-0.07254649087957121
301.045,-0.2,-0.02133804380246852,0.0520577575869674
301.05,-0.2,-0.0219236819464642,0.28920098496888086
301.055,-0.2,-0.022745631863647288,0.1413917014291676
301.06,-0.2,-0.023691224212442585,-0.2027235852635916
301.065,-0.2,-0.024624409773016546,-0.1547649199688426
301.07,-0.2,-0.025479755133275835,-0.41337159806670754
301.075,-0.2,-0.026300099909765375,0.03220170242175607
301.08,-0.2,-0.027201032111166916,-0.17047064086669209
301.085,-0.2,-0.02829637073786348,0.2789132844407223
301.09,-0.2,-0.02961804817899417,0.4546725960178489
301.095,-0.2,-0.03105109960263011,0.24080337955358425
301.1,-0.2,-0.032339996688799805,0.01716219249221904
301.105,-0.2,-0.03319388479272256,-0.2630571469980621
301.11,-0.2,-0.03342361760691115,-0.42627009397419496
301.115,-0.2,-0.03302546565342286,-0.2148981182534267
301.12,-0.2,-0.03216212306195272,0.04209197024320513
301.125,-0.2,-0.031052575691024167,0.20066809296749882
301.13,-0.2,-0.029849399260757706,0.28645658324931556
301.135,-0.2,-0.02857272157608118,0.30812233480137674
301.14,-0.2,-0.027115831322108035,0.06157441257976324
301.145,-0.2,-0.02531203060079593,-0.06546045320652835
301.15,-0.2,-0.023036428519835686,-0.39972718484008746
301.155,-0.2,-0.020300851351256966,-0.4111514966640861
301.16,-0.2,-0.017284031967508235,0.08758885888420478
301.165,-0.2,-0.014252398463090319,0.10713322184667168
301.17,-0.2,-0.011421559654160817,0.40251507159336464
301.175,-0.2,-0.008862057534805713,0.23207355639608038
301.18,-0.2,-0.006501016109367422,-0.09675777000579355
301.185,-0.2,-0.004214778381451307,-0.23834524865506812
301.19,-0.2,-0.001943218127438076,-0.14897173919864354
301.195,-0.2,0.00026654422050421435,-0.09816525764492579
301.2,-0.2,0.002291020322804164,-0.1889855262062505
301.205,-0.2,0.003980484349852707,0.16375031238215454
301.21,-0.2,0.005220884255988055,0.33591946190393857
301.215,-0.2,0.006001077940026351,0.0509636048107486
301.22,-0.2,0.006427440067357125,0.28979891077345027
301.225,-0.2,0.006676899233389857,-0.09308974018529609
301.23,-0.2,0.006922844045120452,-0.3097828509495829
301.235,-0.2,0.0072527405677376465,-0.12770759829375963
301.24,-0.2,0.00763575908331187,-0.01815783406537349
301.245,-0.2,0.007979582660928184,0.19851748914885334
301.25,-0.2,0.008223595879484494,0.28640254114801716
301.255,-0.2,0.008403944837404613,0.2920758999916708
301.26,-0.2,0.008662921696415577,0.17222379988577857
301.265,-0.2,0.009195407625248887,-0.20026005436682598
301.27,-0.2,0.010149913528735883,-0.22014468122162398
301.275,-0.2,0.011549663409603466,-0.02888034286204169
301.28,-0.2,0.01329780908593713,-0.06759475238352011
301.285,-0.2,0.015247832332215711,0.2635761103094287
301.29,-0.2,0.017288185776865826,0.3764844746691921
301.295,-0.2,0.019409662369474858,0.25841931312013106
301.3,-0.2,0.021714719299511305,0.20476720281090782
301.305,-0.2,0.02435258166515427,-0.2320550363358571
301.31,-0.2,0.027412370852501127,-0.28441412415723233
301.315,-0.2,0.030835267765527266,-0.24184936744171212
301.32,-0.2,0.034411022499445935,0.01841340691943124
301.325,-0.2,0.03786367441231709,0.1367248530981915
301.33,-0.2,0.04097304422117289,0.6147685424845366
301.335,-0.2,0.04367879477785275,0.3480424494460632
301.34,-0.2,0.04610144916105073,0.027319216637527018
301.345,-0.2,0.04844046554440586,-0.21285868245236467
301.35,-0.2,0.05083167967898058,-0.019457047435736508
301.355,-0.2,0.05329025675904099,0.01894848169350008
301.36,-0.2,0.05575152027324075,0.0793027118689796
301.365,-0.2,0.05813901915000222,0.2971713370493169
301.37,-0.2,0.0604293180200893,0.5243141408543491
301.375,-0.2,0.06270386845057932,0.22471373539246983
301.38,-0.2,0.06513598205500666,0.044772262944083374
301.385,-0.2,0.06790049159880089,-0.02648350527802293
301.39,-0.2,0.07108337737506006,-0.07625210780678818
301.395,-0.2,0.07464550019404823,-0.21551760416922075
301.4,-0.2,0.07843260143478215,0.14576117775114067
301.405,-0.2,0.08223123709761533,0.15113013097245565
301.41,-0.2,0.08585714614992548,0.37881874741462546
301.415,-0.2,0.08921897676913215,0.11639548620095308
301.42,-0.2,0.0923132329575352,0.055544459115545425
301.425,-0.2,0.09516408993730309,-0.04603676407851619
301.43,-0.2,0.09775405601502558,-0.3385607158929445
301.435,-0.2,0.0999705842295454,-0.2717295778206242
301.44,-0.2,0.10160126024310098,0.21195962809630636
301.445,-0.2,0.10242025071048289,0.27591556856277594
301.45,-0.2,0.10231630737441681,0.4367176516180965
301.455,-0.2,0.10135810877679002,0.27249004965819734
301.46,-0.2,0.09976268375489442,0.06950716843196486
301.465,-0.2,0.09779359510687942,-0.23246943440182732
301.47,-0.2,0.09564112648028408,-0.2205015647140802
301.475,-0.2,0.09335271558614916,-0.1821885033983924
301.48,-0.2,0.09085427878332566,0.1734467332315316
301.485,-0.2,0.08804616369835813,0.2892915255572189
301.49,-0.2,0.08491087135722492,0.36986827360177754
301.495,-0.2,0.08156447691746785,0.2556752972119965
301.5,-0.2,0.07823272405093121,0.22085393713731194
301.505,-0.2,0.07517482371284756,-0.22920246796625787
301.51,-0.2,0.07258062073400108,-0.2160497639232545
301.515,-0.2,0.07049143158944703,-0.12808381565311328
301.52,-0.2,0.06880057131338486,-0.13061801206538176
301.525,-0.2,0.06732332850513632,0.243065726955903
301.53,-0.2,0.06589562402861865,0.3604821533601549
301.535,-0.2,0.06446515657888327,0.35937107659330203
301.54,-0.2,0.0631207195209772,0.17901912137608672
301.545,-0.2,0.0620314452948839,-0.17440734119105505
301.55,-0.2,0.06133424288462346,-0.13010753164000025
301.555,-0.2,0.06105037611096508,-0.11078197911913634
301.56,-0.2,0.06108236275417748,-0.0637407560164346
301.565,-0.2,0.06126845444117681,0.14795826688471414
301.57,-0.2,0.061452011466478405,0.12982139186871328
301.575,-0.2,0.06154266562358513,0.41418010294668295
301.58,-0.2,0.06155150995593396,0.1233892440046593
301.585,-0.2,0.06157723550613312,0.09477249596379073
301.59,-0.2,0.06173524881003916,-0.27948476477259165
301.595,-0.2,0.06206511273345402,-0.2389687148648451
301.6,-0.2,0.06248373311001321,0.0635197131753287
301.605,-0.2,0.06283526450515194,0.2665175943346475
301.61,-0.2,0.06300507852383874,0.3799696180661756
301.615,-0.2,0.06299860132806737,0.14494554134544804
301.62,-0.2,0.06292646838317581,0.07689558545986858
301.625,-0.2,0.06293304224977296,0.1617227974378999
301.63,-0.2,0.06313716227019187,-0.15545674670071982
301.635,-0.2,0.06359110036707938,-0.17791634674086165
301.64,-0.2,0.06424982541100323,0.02011102342483055
301.645,-0.2,0.06499954672559367,0.37870281198792943
301.65,-0.2,0.06575984782000764,0.4888999894278755
301.655,-0.2,0.06657304931667196,0.19509145694611846
301.66,-0.2,0.06759305564428827,0.15798474902483006
301.665,-0.2,0.06899310589258428,-0.09135197175106985
301.67,-0.2,0.07087062559009158,-0.1659578119878829
301.675,-0.2,0.07319249263915689,-0.14734507308476674
301.68,-0.2,0.07580193270551583,0.15191790886422038
301.685,-0.2,0.07849403298382612,0.26178474431310383
301.69,-0.2,0.08112343834075365,0.5925723113902371
301.695,-0.2,0.0836790476556879,0.15223295736357204
301.7,-0.2,0.08626221192648224,-0.06013346583446974
301.705,-0.2,0.08896791327948157,-0.3331636378180583
301.71,-0.2,0.09175990566042583,-0.3304389240429126
301.715,-0.2,0.09442768106619845,-0.2157198865845436
301.72,-0.2,0.09663717407188847,-0.06937660739412116
301.725,-0.2,0.09804361403639605,0.42481968320112296
301.73,-0.2,0.09843106394781583,0.5646107730908884
301.735,-0.2,0.0978120443897766,0.22173184584351324
301.74,-0.2,0.09640590377771936,0.16835623706255676
301.745,-0.2,0.0945128277515015,-0.17892672114165076
301.75,-0.2,0.09238286367548115,-0.08591937035664027
301.755,-0.2,0.09014919910547838,-0.06767711654442701
301.76,-0.2,0.08783557345774577,-0.06413455926441526
301.765,-0.2,0.08541257731356437,0.4014413544738781
301.77,-0.2,0.08288196278192975,0.3502055737997817
301.775,-0.2,0.0803500657146223,0.3520652972711976
301.78,-0.2,0.07802485857857334,0.00040140466117799534
301.785,-0.2,0.07613483926944609,0.08217942800886108
301.79,-0.2,0.07483639893286531,-0.2813297162241579
301.795,-0.2,0.07415646957075567,-0.07473993772936437
301.8,-0.2,0.07399188121279414,0.08692919101829893
301.805,-0.2,0.07418294669578931,0.43645378757325637
301.81,-0.2,0.07463187621778354,0.5460943968018677
301.815,-0.2,0.07538746221561972,0.4038498627118167
301.82,-0.2,0.076628890239798,0.008362417794920946
301.825,-0.2,0.0785540010828432,-0.0007132881087617282
301.83,-0.2,0.0812576394743937,-0.21213609687959886
301.835,-0.2,0.0846752159906211,-0.07064028332008591
301.84,-0.2,0.08859688328704522,-0.10384073653876581
301.845,-0.2,0.09273569899764496,0.4018555844069317
301.85,-0.2,0.09683376431118262,0.3132556776030549
301.855,-0.2,0.100749315026254,0.24494003287890617
301.86,-0.2,0.10445583138286318,0.006731907861631581
301.865,-0.2,0.10795739207934323,-0.29630790222622294
301.87,-0.2,0.11118792774406165,-0.17463680247903374
301.875,-0.2,0.1139625109495924,-0.2913174682820514
301.88,-0.2,0.11600250736033374,-0.03539327656092815
301.885,-0.2,0.11701493320290804,0.25651921627870133
301.89,-0.2,0.11680853282836613,0.6096450532281306
301.895,-0.2,0.11539967012020366,0.32038830007260244
301.9,-0.2,0.1130196326912318,0.11992566715394495
301.905,-0.2,0.10999893703785182,-0.23157479536632364
301.91,-0.2,0.10661562315068736,-0.1255146505719198
301.915,-0.2,0.10301045162494939,-0.1966963641049675
301.92,-0.2,0.09919997068357525,0.17525530951244683
301.925,-0.2,0.09516379301751444,0.41790947634430203
301.93,-0.2,0.09096151350262537,0.5751709436768406
301.935,-0.2,0.08680321112920832,0.20849957925219176
301.94,-0.2,0.08301549560310452,0.3069193384650522
301.945,-0.2,0.07994022680947044,-0.03221088204760647
301.95,-0.2,0.07783182412493614,-0.23980882793708935
301.955,-0.2,0.07678528959617757,0.08784797572365324
301.96,-0.2,0.07673717150572017,0.037976924103396946
301.965,-0.2,0.07754305717604099,0.32884693544359467
301.97,-0.2,0.07907160637137563,0.4240177462517464
301.975,-0.2,0.08126806450601055,0.2757557403070173
301.98,-0.2,0.08415696859393342,0.18493262984314396
301.985,-0.2,0.08778425926517056,0.03864190882096624
301.99,-0.2,0.09214094145934655,-0.20829407633005273
301.995,-0.2,0.09710747643428964,0.0291177310399012
302.0,-0.2,0.10245288159592164,-0.0011789726623516739
302.005,-0.2,0.10789801963993588,0.352986419353418
302.01,-0.2,0.11320542252218134,0.30270451769066964
302.015,-0.2,0.11824833417576078,0.47885710564114986
302.02,-0.2,0.12301970335523892,-0.07724825343354717
302.025,-0.2,0.12755541282809918,-0.2351091437401955
302.03,-0.2,0.1318174733362722,-0.10894134240211961
302.035,-0.2,0.13564154157248076,-0.17422390100767804
302.04,-0.2,0.13877821888880057,0.08644183643265131
302.045,-0.2,0.14098141924538785,0.3597392781510377
302.05,-0.2,0.1421094656105395,0.399839573571157
302.055,-0.2,0.1421925831585521,0.36409599702515877
302.06,-0.2,0.1414200089289276,0.15772772736051938
302.065,-0.2,0.14005587197559988,-0.04582406627751756
302.07,-0.2,0.13833046445383507,-0.18328189033301506
302.075,-0.2,0.13635958893522881,-0.13650198813975445
302.08,-0.2,0.13413097947411806,3.5881430153095195e-05
302.085,-0.2,0.13156987782405544,0.5187242306823944
302.09,-0.2,0.12866085482093495,0.5211311477167011
302.095,-0.2,0.12554371324614974,0.35094003962101006
302.1,-0.2,0.12250422134131418,0.3728714369727674
302.105,-0.2,0.1198780063887957,-0.1587511489264452
302.11,-0.2,0.11792941382248255,-0.06624771729040135
302.115,-0.2,0.11675947082077967,-0.19138949381403952
302.12,-0.2,0.11629856912167542,0.2484848016107694
302.125,-0.2,0.11639356186180974,0.37363459413311406
302.13,-0.2,0.11692963278687929,0.4636041906860957
302.135,-0.2,0.11790442207948744,0.3846817979795235
302.14,-0.2,0.11941645404549975,0.18295842491080488
302.145,-0.2,0.12158341997153552,-0.18599196630457088
302.15,-0.2,0.12443077383984277,-0.19059941509253037
302.155,-0.2,0.12781960873706955,-0.1080837842930798
302.16,-0.2,0.1314694850902812,0.1252000613314456
302.165,-0.2,0.1350612575467281,0.3894232992756001
302.17,-0.2,0.13835800256683561,0.4400075338749105
302.175,-0.2,0.1412767921815153,0.30750429681207875
302.18,-0.2,0.1438700737062434,0.08885758295731162
302.185,-0.2,0.14623450780364664,-0.09661949257079835
302.19,-0.2,0.14840948414961694,-0.1533318493390736
302.195,-0.2,0.15032555377163573,-0.005647111817224215
302.2,-0.2,0.15183083540674205,0.1972213671222881
302.205,-0.2,0.1527720767150351,0.22322467901740103
302.21,-0.2,0.1530705402145355,0.33787922541518595
302.215,-0.2,0.1527576367955015,0.38912888713657473
302.22,-0.2,0.15196943254206735,0.10941822524608762
302.225,-0.2,0.1508887171726864,-0.13759037802273738
302.23,-0.2,0.14964744379433076,-0.12004120752054873
302.235,-0.2,0.14826065903230112,-0.08944321575772324
302.24,-0.2,0.14664219893298028,0.16472208853529
302.245,-0.2,0.14468701181130156,0.4217867639459364
302.25,-0.2,0.14237766949614156,0.6005555942996021
302.255,-0.2,0.1398603057732492,0.5103502260992452
302.26,-0.2,0.13743297851272201,0.11977255952779069
302.265,-0.2,0.13543595065807193,-0.01858057539511295
302.27,-0.2,0.13411235074212877,-0.16157427888723722
302.275,-0.2,0.1335231854902375,-0.22270898932623956
302.28,-0.2,0.13354094968012448,-0.04460511056435615
302.285,-0.2,0.13391915839294377,0.3989358929683133
302.29,-0.2,0.13442338628020245,0.43825192240771693
302.295,-0.2,0.13493957561444092,0.11754112240591943
302.3,-0.2,0.13546827881783796,0.1003767305844451
302.305,-0.2,0.13603691410602714,-0.06723061231163029
302.31,-0.2,0.1366244035389453,-0.09680957273597411
302.315,-0.2,0.13713337712532042,-0.02615164593005731
302.32,-0.2,0.13740527882786113,0.0028579563548850884
302.325,-0.2,0.13727608336113917,0.48768566844059785
302.33,-0.2,0.13666293119841613,0.3921915998730651
302.335,-0.2,0.13563672495302773,0.5750126643918858
302.34,-0.2,0.13442197904012285,0.13021839162662655
302.345,-0.2,0.1333124057525754,0.06500411972854214
302.35,-0.2,0.13254833795784773,-0.1991129824090276
302.355,-0.2,0.1322242115349314,-0.11851176535260124
302.36,-0.2,0.13227507619644086,0.14483743501198992
302.365,-0.2,0.132553402325782,0.4281488050521608
302.37,-0.2,0.13295347649929248,0.5021228361680559
302.375,-0.2,0.13349423981996253,0.2921160206220525
302.38,-0.2,0.13430355120621487,0.2158289305700651
302.385,-0.2,0.13553181297742992,-0.04225980320957044
302.39,-0.2,0.1372543941295597,-0.22942272519908835
302.395,-0.2,0.13940427322948556,-0.07496450073576655
302.4,-0.2,0.14177753463372583,0.18038409485110518
302.405,-0.2,0.14412577983096844,0.3900228945632776
302.41,-0.2,0.14627454491294223,0.4141894271684687
302.415,-0.2,0.14818858567961427,0.39295651219082894
302.42,-0.2,0.1499607751885776,0.28413188687524027
302.425,-0.2,0.1517414182221589,-0.15402448899073545
302.43,-0.2,0.1536310149164759,-0.15767512859171778
302.435,-0.2,0.15559255605195094,-0.1359332876718935
302.44,-0.2,0.15744809268064372,0.03962710002887823
302.445,-0.2,0.1589590021370791,0.3418128273222945
302.45,-0.2,0.159939853880636,0.42866692410163554
302.455,-0.2,0.16034676991801433,0.4441655717142032
302.46,-0.2,0.16028842028835635,0.12769087360551695
302.465,-0.2,0.15994882713176328,-0.0655736026152881
302.47,-0.2,0.1594696215600474,-0.1916295562116842
302.475,-0.2,0.15887035552323894,-0.033548019138976246
302.48,-0.2,0.15805577286699282,0.09693583176463294
302.485,-0.2,0.15689735641351496,0.4310185126396228
302.49,-0.2,0.15534075458447913,0.51389074331221
302.495,-0.2,0.1534812351507765,0.47596367287644725
302.5,-0.2,0.15155723406870403,0.1639227196301664
302.505,-0.2,0.1498556663830445,-0.06354067112311078
302.51,-0.2,0.14858856844753457,-0.013381882699518177
302.515,-0.2,0.1478228669366913,-0.08985452711563274
302.52,-0.2,0.14749284031215285,0.2226393946572091
302.525,-0.2,0.14747254602455154,0.3126472698926263
302.53,-0.2,0.1476712512138877,0.553635921421907
302.535,-0.2,0.14810277231766364,0.3447221908111806
302.54,-0.2,0.14887813064510425,0.04839716894765539
302.545,-0.2,0.15011524330091136,-0.0799324416893942
302.55,-0.2,0.1518400184891683,0.0946560510767103
302.555,-0.2,0.15395800969534384,-0.13621707679845457
302.56,-0.2,0.1562844878277845,0.1493029338592733
302.565,-0.2,0.15860262726676902,0.41614745553904486
302.57,-0.2,0.16075405831023165,0.5210131846586561
302.575,-0.2,0.16271324739620976,0.26426552354583327
302.58,-0.2,0.16456777385680438,0.041010679823063764
302.585,-0.2,0.16641716545412705,-0.044278624758632534
302.59,-0.2,0.16827946971429572,-0.06801465058267817
302.595,-0.2,0.17006238457062112,-0.04411863643660046
302.6,-0.2,0.1715894914751241,0.03320421952554167
302.605,-0.2,0.1726667801797006,0.5765280615523469
302.61,-0.2,0.1731876913032534,0.5416253290785811
302.615,-0.2,0.17321771748114326,0.38747178039112784
302.62,-0.2,0.1729716388994335,0.10434249564512688
302.625,-0.2,0.172700844519052,0.1354049926183022
302.63,-0.2,0.1725906507324399,-0.01819816654089955
302.635,-0.2,0.17271942329578097,0.09898947967176727
302.64,-0.2,0.17306518643097937,-0.0067066748933929665
302.645,-0.2,0.1735405777933455,0.34681189533744533
302.65,-0.2,0.17406024455758937,0.5620932629137113
302.655,-0.2,0.17462416919826443,0.4163250806534733
302.66,-0.2,0.1753478753266238,0.3068454255710028
302.665,-0.2,0.17639579670025327,-0.19005848673071007
302.67,-0.2,0.17786600458999174,0.09954701926950052
302.675,-0.2,0.17972055945394816,-0.10625137371901335
302.68,-0.2,0.18179994613344305,0.11797971549563196
302.685,-0.2,0.18389135562494105,0.4262151505561875
302.69,-0.2,0.18583043039196817,0.657377304741322
302.695,-0.2,0.18759241017197267,0.2836799952060105
302.7,-0.2,0.18928478556844525,0.13753875768258678
302.705,-0.2,0.19104088317052284,-0.015132530322809219
302.71,-0.2,0.19291473245526078,-0.029383431424025164
302.715,-0.2,0.19484604329119595,0.09713907192844098
302.72,-0.2,0.1966920015959188,0.137819526359696
302.725,-0.2,0.19829514707358176,0.4194351884049888
302.73,-0.2,0.1995615149324934,0.5379849049550225
302.735,-0.2,0.20051982386740164,0.4052297193508091
302.74,-0.2,0.20131846982666995,0.28319077893713357
302.745,-0.2,0.20214817924824688,-0.09129744849628936
302.75,-0.2,0.20313701672922868,0.06480993172802083
302.755,-0.2,0.20428837341805117,-0.03088874015635682
302.76,-0.2,0.2054890759547036,0.015964186350189258
302.765,-0.2,0.20656217704709184,0.3813839309083971
302.77,-0.2,0.20734895731158076,0.41955735941149114
302.775,-0.2,0.2077903551092014,0.3969104373324065
302.78,-0.2,0.2079460099150031,0.23257877796612975
302.785,-0.2,0.2079329344666061,-0.11980981360801948
302.79,-0.2,0.20782636058088091,-0.025927634934841903
302.795,-0.2,0.20759261889310435,-0.07502613664600184
302.8,-0.2,0.20710014995091944,0.20415391973247193
302.805,-0.2,0.20620223297515033,0.6050379382117487
302.81,-0.2,0.2048492135162208,0.43716996646887357
302.815,-0.2,0.20315224560174905,0.48474808507824774
302.82,-0.2,0.20134794301269401,0.14028305013620584
302.825,-0.2,0.19969870101473108,0.10233315655915404
302.83,-0.2,0.19839603565781147,0.040477059109844116
302.835,-0.2,0.19751349287759196,0.03786987586705124
302.84,-0.2,0.19701723336291405,0.22566736277893246
302.845,-0.2,0.19682098790293467,0.39436886657323134
302.85,-0.2,0.1968691263334499,0.6509269237548945
302.855,-0.2,0.19721001660898135,0.4887996590995996
302.86,-0.2,0.19800060707818712,0.1830579207989904
302.865,-0.2,0.1994209835068894,0.07138871153466377
302.87,-0.2,0.20155664239385968,-0.21999844200331953
302.875,-0.2,0.20432460857060145,0.0057688900825556035
302.88,-0.2,0.2074888279519471,0.30833304940283324
302.885,-0.2,0.21076440405703,0.36463775702937173
302.89,-0.2,0.21393652039250036,0.4799310623993963
302.895,-0.2,0.21691184607912276,0.22454959214415904
302.9,-0.2,0.21969240423965394,0.3048966674213328
302.905,-0.2,0.22230855232684954,-0.11835997838729426
302.91,-0.2,0.22473970115676523,-0.16945072928982818
302.915,-0.2,0.22685246062800232,-0.07128378257746204
302.92,-0.2,0.2284162138503464,0.41385191420760314
