t,reference,measured,noisy
117.465,0.2,-9.131939452885447e-06,-0.2923251768815696
117.47,0.2,-8.113225693630406e-05,-0.3784780355344278
117.475,0.2,-0.0003550193613508112,-0.19184379030538656
117.48,0.2,-0.001037243017193187,0.05533784703563539
117.485,0.2,-0.0023142151663453968,0.11405729875150779
117.49,0.2,-0.004262805267553038,0.2603809669526907
117.495,0.2,-0.006817790000476474,0.012350365110819356
117.5,0.2,-0.009807049908139758,-0.0059790031397989295
117.505,0.2,-0.01302348746671092,-0.03575890546342608
117.51,0.2,-0.016287741386581962,-0.2685028446638382
117.515,0.2,-0.01949058359219103,-0.18496822323179213
117.52,0.2,-0.022609590836513635,-0.08414917947463299
117.525,0.2,-0.025675539638578593,0.12912421334628496
117.53,0.2,-0.02869177617875922,0.4770773499054771
117.535,0.2,-0.03155189844994126,0.207007575192675
117.54,0.2,-0.03402148056933159,0.2291187200032677
117.545,0.2,-0.03580857041456708,-0.1740664732647495
117.55,0.2,-0.036677164039648956,-0.2245175874943645
117.555,0.2,-0.03653667180319807,-0.1831605486725034
117.56,0.2,-0.03545269976189712,0.0735395608147041
117.565,0.2,-0.03357308397368119,0.20276155578010235
117.57,0.2,-0.031022744189474434,0.43068928105587495
117.575,0.2,-0.02782499520846175,0.3900168503877355
117.58,0.2,-0.023887411501515587,0.1243804646410993
117.585,0.2,-0.019078150467042483,-0.3647014922398899
117.59,0.2,-0.013365099913532566,-0.3400944785564265
117.595,0.2,-0.006906102262237888,0.018966012622074202
117.6,0.2,-2.240428455972449e-06,0.06452462441433293
117.605,0.2,0.007028992807065906,0.22863205454075747
117.61,0.2,0.013952898188680219,0.3205015099831293
117.615,0.2,0.02066432713410004,0.4127770579959352
117.62,0.2,0.02718512455209536,-0.05823601395318593
117.625,0.2,0.033588818498822594,-0.19807990454751148
117.63,0.2,0.039886091989686234,-0.1560926382626508
117.635,0.2,0.04596477208466597,-0.1957548682912636
117.64,0.2,0.05161158150083751,-0.07828162500761354
117.645,0.2,0.05657854424021894,0.23567893348588143
117.65,0.2,0.06067938906283409,0.49730930804934337
117.655,0.2,0.06388744323193113,0.39809298205550153
117.66,0.2,0.06636386904833738,0.25039925604825536
117.665,0.2,0.06837847102372857,-0.2405920319087112
117.67,0.2,0.0701648026214736,-0.24331549306253586
117.675,0.2,0.07180543127299595,-0.202950994454556
117.68,0.2,0.07322955564339742,0.2201830368531975
117.685,0.2,0.07432102596954837,0.4122254725930009
117.69,0.2,0.07504913454829093,0.3369220763068146
117.695,0.2,0.07552625648124668,0.3769112026901858
117.7,0.2,0.0759716783956031,0.04181160016875858
117.705,0.2,0.07661876956643356,-0.11147905403058052
117.71,0.2,0.07760739161284061,-0.3184446031252891
117.715,0.2,0.07891571649066241,-0.0697424087000332
117.72,0.2,0.08038149124817374,0.1173292252075572
117.725,0.2,0.08180546731234013,0.3793184447030735
117.73,0.2,0.08307460520629441,0.5638431871443582
117.735,0.2,0.08423874298536337,0.3875804798140593
117.74,0.2,0.08549449917908665,0.08828479765489222
117.745,0.2,0.08707390756377734,-0.18665968984613085
117.75,0.2,0.08910446601223732,-0.27985301318658584
117.755,0.2,0.0915332808493325,-0.029573280008608385
117.76,0.2,0.09416061860134461,0.08386119069001141
117.765,0.2,0.09675074274274433,0.41629693666946244
117.77,0.2,0.09915401835930866,0.5601752808133877
117.775,0.2,0.10138443475353479,0.37700884009333796
117.78,0.2,0.10360612216296602,0.15833658857268332
117.785,0.2,0.10603331347428277,0.016129151977373662
117.79,0.2,0.10881254742437119,-0.20881719071399923
117.795,0.2,0.11194702770322244,-0.11238870135576526
117.8,0.2,0.11529530226333583,0.19607121329058966
117.805,0.2,0.11865700624863715,0.4226383071309212
117.81,0.2,0.12189734148256129,0.494441484483145
117.815,0.2,0.1250169857350399,0.2039038064735891
117.82,0.2,0.12812166332010078,0.22906217774764354
117.825,0.2,0.13133450370654934,-0.04860148333725324
117.83,0.2,0.13471202553087944,-0.16573071997321778
117.835,0.2,0.13819712751406318,0.14799914092288977
117.84,0.2,0.14164320600292327,0.1915559820920482
117.845,0.2,0.14490353903397407,0.5173776362702395
117.85,0.2,0.14792373744607135,0.4737721718675669
117.855,0.2,0.1507772957755082,0.2146217716678895
117.86,0.2,0.15362179951450713,0.3006243665192876
117.865,0.2,0.15661440445041727,-0.06733194490382015
117.87,0.2,0.1598341407873295,-0.1113521471047815
117.875,0.2,0.16323095936357504,-0.013666937802189015
117.88,0.2,0.16663824114182993,0.2479892142839303
117.885,0.2,0.16986236773830207,0.4796163733607092
117.89,0.2,0.17279572620722009,0.5657539634412858
117.895,0.2,0.17548096697277554,0.42240164739831293
117.9,0.2,0.17808902140836183,0.27783957394712927
117.905,0.2,0.18083153090209142,0.09860043022323974
117.91,0.2,0.18386009287330657,-0.09823693702306635
117.915,0.2,0.18719703126318385,0.057492858622048754
117.92,0.2,0.1907311356206361,0.12298942618524977
117.925,0.2,0.1942846621676049,0.47194444077146186
117.93,0.2,0.1977117856780867,0.38289650840563777
117.935,0.2,0.2009675575392752,0.49935541100193437
117.94,0.2,0.20410412240499406,-0.010592249212620808
117.945,0.2,0.20719135398279886,-0.026586651547379443
117.95,0.2,0.21022069747378191,0.01583530639173243
117.955,0.2,0.21307333059740174,0.01641860032493099
117.96,0.2,0.2155628649262202,0.26527091231652106
117.965,0.2,0.21751629478793277,0.5365760278798248
117.97,0.2,0.2188604114946181,0.36165307497236776
117.975,0.2,0.21965704963436727,0.359486902720209
117.98,0.2,0.22006188220824996,0.22607304950816115
117.985,0.2,0.22025044987505923,0.07797376634856878
117.99,0.2,0.22034613899409888,-0.12258587483599673
117.995,0.2,0.22036492218403314,0.007527781918837479
118.0,0.2,0.22021237447815212,0.1763297437038773
118.005,0.2,0.21974960647459418,0.34885440811874785
118.01,0.2,0.21889074494203178,0.5931302155845611
118.015,0.2,0.21768063863769702,0.5436944045076754
118.02,0.2,0.21630409098659484,0.10883896650067709
118.025,0.2,0.21499749662750392,-0.0027949444232734377
118.03,0.2,0.21392365381125364,0.04373295584318948
118.035,0.2,0.21310893960551314,-0.10919118331912346
118.04,0.2,0.21246076595475816,0.2983955756758859
118.045,0.2,0.21184031993639904,0.3949059363210236
118.05,0.2,0.21116058656265463,0.4759555241972411
118.055,0.2,0.21045291464503335,0.578228842812921
118.06,0.2,0.20986949605642963,0.29233051151445044
118.065,0.2,0.20962038157936017,0.027211350085603006
118.07,0.2,0.2098638751701015,-0.05515332872195216
118.075,0.2,0.2106153501627468,-0.11464471747576838
118.08,0.2,0.2117425305625234,0.4417772217170713
118.085,0.2,0.21306119181229322,0.4750365020570332
118.09,0.2,0.21446055237180178,0.46305025997971616
118.095,0.2,0.21595168312655272,0.29925767528667924
118.1,0.2,0.2176207934001192,0.22578479351269592
118.105,0.2,0.2195470311388055,-0.053197368915627846
118.11,0.2,0.22173090911652013,0.06301804130260388
118.115,0.2,0.22406594779426833,0.07403190982167164
118.12,0.2,0.22636483337804075,0.05887292762946239
118.125,0.2,0.2284192300376408,0.5483499525210621
118.13,0.2,0.23008712684597074,0.6289288122334379
118.135,0.2,0.23137937295061456,0.5397701855918489
118.14,0.2,0.23246280849144377,0.16885214418452366
118.145,0.2,0.23355770925822394,0.0877504189792688
118.15,0.2,0.23481147005800732,-0.07483568976041916
118.155,0.2,0.23623239452169323,0.09557936565238714
118.16,0.2,0.237709876453945,0.3120847222000048
118.165,0.2,0.23910043826362018,0.43417504742526564
118.17,0.2,0.2403214958560804,0.476754009287027
118.175,0.2,0.24139381809689842,0.35897399102132627
118.18,0.2,0.24241843337907779,0.26864967960218356
118.185,0.2,0.2435053841774985,-0.15601094310869879
118.19,0.2,0.244682045256898,-0.06264888378346653
118.195,0.2,0.24584013950848058,0.10123833514160985
118.2,0.2,0.24677427228757784,0.23334978608873186
118.205,0.2,0.24728142203095516,0.44177166566638604
118.21,0.2,0.24725538460679922,0.5946230971324735
118.215,0.2,0.24673358766702028,0.22893305816417606
118.22,0.2,0.24586420839027745,0.25135535071455584
118.225,0.2,0.24481766086093487,0.1048246378985462
118.23,0.2,0.24370860856595944,-0.09677768012715966
118.235,0.2,0.24254706625505046,-0.09672485350473686
118.24,0.2,0.24122581333758925,0.13371363236922335
118.245,0.2,0.23957797588726557,0.45915209455104794
118.25,0.2,0.23748459511991923,0.32106021573233334
118.255,0.2,0.23494629441700385,0.4178743901842821
118.26,0.2,0.23207816014440957,0.3027154842991058
118.265,0.2,0.22905719718359868,0.07330647199170232
118.27,0.2,0.22604431414879853,-0.1149837995478104
118.275,0.2,0.2231089728244246,0.08125559496850854
118.28,0.2,0.22022202682741315,0.3599861350077327
118.285,0.2,0.21732992843762355,0.267184959147728
118.29,0.2,0.21443054112916088,0.3740255347903466
118.295,0.2,0.21159469095375397,0.3841392760609529
118.3,0.2,0.20895163955025647,0.23497772842393366
118.305,0.2,0.2066439376509905,-0.10373551570205669
118.31,0.2,0.20474818884293067,-0.05100623327159243
118.315,0.2,0.2032170088447924,0.01936801661491
118.32,0.2,0.20189440628287986,0.04829705039612925
118.325,0.2,0.20058884008465536,0.5116308237588933
118.33,0.2,0.19917014151880086,0.4545512433761272
118.335,0.2,0.1976464774527193,0.5208242867727306
118.34,0.2,0.19616088837878196,0.06382136566925181
118.345,0.2,0.19489900780697247,0.04337014480211937
118.35,0.2,0.1939724179251754,-0.19350440972615313
118.355,0.2,0.19335081481216151,-0.030897720466595655
118.36,0.2,0.19287657586135018,0.21761293332233755
118.365,0.2,0.19235734991428935,0.5076969108877516
118.37,0.2,0.19168824079786267,0.5597260675421295
118.375,0.2,0.19092514839857833,0.4793068782560008
118.38,0.2,0.19026336563407908,0.2100111137685071
118.385,0.2,0.18993224395751013,-0.17576568598116163
118.39,0.2,0.19005734163895885,-0.23833599051638743
118.395,0.2,0.19057823521511758,0.11063348955205632
118.4,0.2,0.19129520404765257,0.37219110240732023
118.405,0.2,0.19200443701578182,0.3386651031097749
118.41,0.2,0.19260436278293658,0.5152373160950068
118.415,0.2,0.19312722295044152,0.49954972697564504
118.42,0.2,0.19372006263459943,0.2665927208310639
118.425,0.2,0.19457247477786876,-0.12195914940508043
118.43,0.2,0.1958024636969793,-0.005705631317388812
118.435,0.2,0.19737980287279783,-0.05818185523780449
118.44,0.2,0.19914514805728384,0.3032373322143491
118.445,0.2,0.20090392018285516,0.45214670009276
118.45,0.2,0.20253268576477004,0.4286893782204454
118.455,0.2,0.20402851508184366,0.32022098747854844
118.46,0.2,0.20547836866766342,0.2423898559516966
118.465,0.2,0.20698202994005088,-0.15528927551345278
118.47,0.2,0.20856396809128708,-0.07826607262074274
118.475,0.2,0.21011624072734855,-0.12495335275027629
118.48,0.2,0.21141835049661878,0.26835958867992166
118.485,0.2,0.21223096630617858,0.35051242714261027
118.49,0.2,0.21240768888575554,0.5393318542701755
118.495,0.2,0.21196179305200818,0.44315315734294053
118.5,0.2,0.2110537883651273,0.16236495826422986
118.505,0.2,0.20990364355972252,0.00762791204761477
118.51,0.2,0.20867475798310908,-0.18690845221544852
118.515,0.2,0.20739789956570495,-0.00553161985705266
118.52,0.2,0.20597652569366928,0.10708036111319709
118.525,0.2,0.20426470184537862,0.36254113284567474
118.53,0.2,0.20217426045026285,0.628090840378647
118.535,0.2,0.19975852603702104,0.3932597498628618
118.54,0.2,0.1972183675145563,0.3159793519187456
118.545,0.2,0.19482005164043215,0.02455856143651069
118.55,0.2,0.1927767761452885,-0.20821789246794883
118.555,0.2,0.19115672403581319,-0.001018692940514196
118.56,0.2,0.18987795594470022,0.30351238807594216
118.565,0.2,0.18880748900512279,0.5112154090732564
118.57,0.2,0.18788296976661406,0.35973112947785635
118.575,0.2,0.1871545589169479,0.2887643502127628
118.58,0.2,0.18674080942082474,0.28917471367387604
118.585,0.2,0.18676020760988757,-0.02358695856697088
118.59,0.2,0.18726203768820493,-0.19859409192354638
118.595,0.2,0.18816734056251996,0.04179923604662855
118.6,0.2,0.18927819031568133,0.24539805191163905
118.605,0.2,0.19036671770011285,0.22522508389629803
118.61,0.2,0.19126904820519097,0.5196876197488689
118.615,0.2,0.1919419406183032,0.5385916476325824
118.62,0.2,0.19247486318725296,0.1247440494197757
118.625,0.2,0.19302115924936927,-0.10315882110052811
118.63,0.2,0.19367331921167688,-0.051153141194598094
118.635,0.2,0.1943886976305628,-0.06036782721059441
118.64,0.2,0.19501967927319025,0.4363185954605444
118.645,0.2,0.19542031219733347,0.487825839044957
118.65,0.2,0.19556303596700594,0.6864166598170395
118.655,0.2,0.19559558288605397,0.5846818900458657
118.66,0.2,0.19581106491204303,0.3110786276306513
118.665,0.2,0.1965400467277461,-0.05777037409545808
118.67,0.2,0.19800293491816334,-0.2261614810217789
118.675,0.2,0.20020826774684497,0.07750622150882301
118.68,0.2,0.20296951323504617,0.11276331273627363
118.685,0.2,0.2060158815533936,0.43002749390323125
118.69,0.2,0.2091190232250604,0.6066500393048241
118.695,0.2,0.21217773146130495,0.3099765800208458
118.7,0.2,0.21521718306323132,0.307201505199852
118.705,0.2,0.21830724198718438,-0.08106759691410866
118.71,0.2,0.22146263811861286,-0.007219899493315446
118.715,0.2,0.22458486533319633,-0.022462540884754634
118.72,0.2,0.2274733935655767,0.12543382851462173
118.725,0.2,0.22989682792878782,0.46626379728103656
118.73,0.2,0.23169252675666596,0.4999999924187362
118.735,0.2,0.23283523766481862,0.21626492552657423
118.74,0.2,0.23342022518036898,0.3823041397943123
118.745,0.2,0.2335899344359527,-0.03443989600738197
118.75,0.2,0.23345651001263856,-0.03846157171343817
118.755,0.2,0.23303840255996705,-0.10303979779629073
118.76,0.2,0.23224418267454602,0.11210612593289006
118.765,0.2,0.23093440784758315,0.5701635340334245
118.77,0.2,0.2290386081315628,0.49661626932080066
118.775,0.2,0.2266422911654764,0.4524384107701815
118.78,0.2,0.22397464102857215,0.32646454830914123
118.785,0.2,0.22132546346855295,0.18907557475246906
118.79,0.2,0.21894853892342356,-0.13007054721184835
118.795,0.2,0.21697060015333466,-0.22563718659715745
118.8,0.2,0.21534519746531708,0.23123941126537026
118.805,0.2,0.21392073422717858,0.6661873876619417
118.81,0.2,0.2125975611634894,0.4931088701941733
118.815,0.2,0.21142505948595552,0.30876988576265063
118.82,0.2,0.2105539565107626,0.09071831353098012
118.825,0.2,0.21012053960884472,0.0879512592438529
118.83,0.2,0.21016693071911724,-0.004315681899361282
118.835,0.2,0.21062498329727544,0.11474295132627678
118.84,0.2,0.21134888447050845,0.24368958178942496
118.845,0.2,0.2121850160738221,0.5585505202823166
118.85,0.2,0.21305716442473202,0.5067941562851711
118.855,0.2,0.21401145322470363,0.3275838690655993
118.86,0.2,0.2151748328373983,0.08918445248885042
118.865,0.2,0.21665206152062733,-0.08076852070703822
118.87,0.2,0.2184310809001886,-0.1505299234733897
118.875,0.2,0.22034762915360961,-0.03317587094093391
118.88,0.2,0.22212518811530818,0.1943775204018636
118.885,0.2,0.22347415397887385,0.411231523286165
118.89,0.2,0.22420804592129784,0.6698722811113093
118.895,0.2,0.22431692442642953,0.23958410849628328
118.9,0.2,0.2239414544158791,0.21313355375460893
118.905,0.2,0.22326755664248565,0.0672222186042632
118.91,0.2,0.22242650076836043,-0.13642234342544649
118.915,0.2,0.22144304567907633,0.05793649282484539
118.92,0.2,0.2202405056483347,0.1258755249115186
118.925,0.2,0.21870656367407265,0.42745529167996255
118.93,0.2,0.21679118511296996,0.6487875644699708
118.935,0.2,0.21458660878289162,0.490416131246495
118.94,0.2,0.2123237158634445,0.024582701143251867
118.945,0.2,0.21026073081841284,0.013491340836589438
118.95,0.2,0.2085483842816416,-0.2023194627534631
118.955,0.2,0.2071702407193127,0.053060074001421674
118.96,0.2,0.2059795804828192,0.24113554453125827
118.965,0.2,0.2047958146131614,0.23438217408852613
118.97,0.2,0.20349865751651225,0.5836060451554693
118.975,0.2,0.20208184559599454,0.29041259030634886
118.98,0.2,0.20065191906818108,0.332228148987445
118.985,0.2,0.19935981695682464,-0.24342336209914853
118.99,0.2,0.1982857589765386,-0.2465974717578714
118.995,0.2,0.1973559058470692,0.11935127361210601
119.0,0.2,0.19637497038638982,0.18493737529518858
119.005,0.2,0.19514674090174636,0.4285878785228509
119.01,0.2,0.19357975176032294,0.4830135266078412
119.015,0.2,0.19173111122008757,0.4081574821678685
119.02,0.2,0.1897813921996201,0.15870043465325337
119.025,0.2,0.1879494669554015,0.06910568792836976
119.03,0.2,0.18639223380009987,-0.17213918022767538
119.035,0.2,0.1851442504762981,0.17214826182258397
119.04,0.2,0.18413440792941962,0.19341780138877196
119.045,0.2,0.18327043589620357,0.5578221250163664
119.05,0.2,0.18252976686662709,0.3477414637096144
119.055,0.2,0.18199524103180345,0.4391373336050284
119.06,0.2,0.18182989938984845,0.4005460305325612
119.065,0.2,0.18221704266754757,-0.14252743036585333
119.07,0.2,0.18327393664129749,0.08734152239931983
119.075,0.2,0.18498616917399782,0.10362473646111246
119.08,0.2,0.18722269346096568,0.09225100198345738
119.085,0.2,0.1898073984221092,0.5905873017730969
119.09,0.2,0.19261055481883574,0.5736100311660873
119.095,0.2,0.19562406387578582,0.4193984125316149
119.1,0.2,0.19894864983705404,0.14211833093997162
119.105,0.2,0.20269597618495813,0.12697731614694976
119.11,0.2,0.2068915863835472,-0.1061905704657285
119.115,0.2,0.21142719990833717,-0.04326010270166568
119.12,0.2,0.2160700852524644,0.230502404404635
119.125,0.2,0.22053962989101009,0.43124371760756114
119.13,0.2,0.22461872087101334,0.46062424330439333
119.135,0.2,0.22822944486872024,0.6051222711880704
119.14,0.2,0.2314382167531958,0.21869522164267904
119.145,0.2,0.2343842008741323,-0.06608886204983166
119.15,0.2,0.23715361178208205,-0.1837690254446642
119.155,0.2,0.23968648813395158,0.02094906269983812
119.16,0.2,0.24179005994990624,0.1415147958523074
119.165,0.2,0.2432317314559268,0.2558003507068245
119.17,0.2,0.24383783305180398,0.47965899000279294
119.175,0.2,0.24355485306236913,0.24717938495306585
119.18,0.2,0.24245006622130139,0.23478616328654023
119.185,0.2,0.24064910366667255,-0.10885236028200478
119.19,0.2,0.23824762422813847,-0.09315477605947639
119.195,0.2,0.2352523101886315,-0.013539758744093322
119.2,0.2,0.23159679078428627,0.32840152178535326
119.205,0.2,0.2272305248179769,0.45963840951512436
119.21,0.2,0.22222008558146886,0.6095000307026579
119.215,0.2,0.2167986401379855,0.5200252537125277
119.22,0.2,0.21133375981524444,0.17422387552435314
119.225,0.2,0.206223847578992,0.1642712687222379
119.23,0.2,0.20178221217079612,-0.055863890434286474
119.235,0.2,0.19816366481013256,-0.16316227304890837
119.24,0.2,0.19534469261416845,0.09757345201404749
119.245,0.2,0.19317486960266378,0.4165618634742389
119.25,0.2,0.19149714968381062,0.5216164700050895
119.255,0.2,0.19025557205060617,0.39752999559933777
119.26,0.2,0.18951383771745794,0.38457672405938637
119.265,0.2,0.18939043159866575,-0.09886956425950945
119.27,0.2,0.18994967065075652,-0.19395372241775483
119.275,0.2,0.19111012065427535,0.0600626835937981
119.28,0.2,0.19265351212596868,0.2736197010868233
119.285,0.2,0.19433516403710935,0.48404850911641417
119.29,0.2,0.19599854337096417,0.3747647700869745
119.295,0.2,0.19761873964816767,0.4801076062431632
119.3,0.2,0.19927652133297835,0.21188109974467378
119.305,0.2,0.20109271279568855,0.12267602763040203
119.31,0.2,0.20314412960299805,-0.16222711665382122
119.315,0.2,0.20539081352189983,-0.07254504351565683
119.32,0.2,0.2076604818965145,0.14727780370216864
119.325,0.2,0.20971550724226692,0.35906396253395334
119.33,0.2,0.21136401767459248,0.4557421749727577
119.335,0.2,0.2125412803134712,0.453910408422538
119.34,0.2,0.21331661308616445,0.17351841004122529
119.345,0.2,0.21382696991623948,0.0838825077294962
119.35,0.2,0.2141782936382728,-0.16587913352607409
119.355,0.2,0.21437449559682015,0.07268641123325117
119.36,0.2,0.21432210697671294,0.27671621201308183
119.365,0.2,0.21391314916357906,0.4628754502009471
119.37,0.2,0.213123972445372,0.4768368486257274
119.375,0.2,0.21206206208018222,0.5006382052652739
119.38,0.2,0.21094533441807237,0.26335829645926745
119.385,0.2,0.21003138669552437,0.17585827570968054
119.39,0.2,0.2095235574560338,-0.1668880148525056
119.395,0.2,0.20948878654466874,-0.044099352880241464
119.4,0.2,0.20983727998069301,0.24292184390752633
119.405,0.2,0.21039636536124331,0.4045069121697435
119.41,0.2,0.2110307780724607,0.546445509830869
119.415,0.2,0.21172336046671927,0.4727237395469196
119.42,0.2,0.21256983820873213,0.07939014360459155
119.425,0.2,0.21369652113415236,0.2000133591113729
119.43,0.2,0.21516207264874768,-0.23338793321216608
119.435,0.2,0.21689592545199463,-0.04753049930179925
119.44,0.2,0.21869307497522908,0.10747917765936893
119.445,0.2,0.22028524962966278,0.4314253388577542
119.45,0.2,0.22145338541070778,0.22980905976891375
119.455,0.2,0.2220963339664247,0.4741353658611924
119.46,0.2,0.22222976525726146,0.16141178900513287
119.465,0.2,0.22193765590898298,0.0436626342905288
119.47,0.2,0.22129176081837437,-0.16187265638037462
119.475,0.2,0.22027847920093543,-0.049015709113865956
119.48,0.2,0.21879159283492244,0.2270473044423639
119.485,0.2,0.21670812126694475,0.4517064664675451
119.49,0.2,0.2139993695544762,0.586695593990564
119.495,0.2,0.21080485851375394,0.6062683345391919
119.5,0.2,0.2074172254308407,-0.007540425663404959
119.505,0.2,0.20416385810039966,-0.06537370797035413
119.51,0.2,0.20125373769884458,-0.22990882670784915
119.515,0.2,0.19869620049577427,-0.19314381215169293
119.52,0.2,0.19632650766600077,0.2235204106964656
119.525,0.2,0.19391464041820763,0.32339937114498446
119.53,0.2,0.1912968485459843,0.4206372472064666
119.535,0.2,0.18845129704580943,0.43150864477806844
119.54,0.2,0.18548847558779502,0.06451550172735414
119.545,0.2,0.18257036184309824,-0.02866251696956371
119.55,0.2,0.179809821756257,0.04177574720216756
119.555,0.2,0.17722103577581833,-0.11058685858869649
119.56,0.2,0.17473145800480583,0.16514962485656212
119.565,0.2,0.1722336914293305,0.34687150298848873
119.57,0.2,0.16966750324360874,0.488638268058861
119.575,0.2,0.16708460333617814,0.2796558862987992
119.58,0.2,0.16463272022526637,0.02225075843943075
119.585,0.2,0.1624648515249608,-0.011476924121539611
119.59,0.2,0.1606456221475057,-0.22427314482952274
119.595,0.2,0.15910915560257327,-0.04168702183986492
119.6,0.2,0.15768248008798974,0.1475149343726861
119.605,0.2,0.15616759323280607,0.2966026237530936
119.61,0.2,0.15443604759044516,0.347165499457829
119.615,0.2,0.15247224059387615,0.09811733358274966
119.62,0.2,0.15034029291069892,0.04057114918214942
119.625,0.2,0.1481039873829131,-0.2318487494750375
119.63,0.2,0.14575507187826728,-0.0791840828777455
119.635,0.2,0.14319822806881044,0.08280802059385117
119.64,0.2,0.14029833936754982,-0.05111949058940697
119.645,0.2,0.1369430354881607,0.3341286131140868
119.65,0.2,0.13309665772319004,0.3678379667355449
119.655,0.2,0.1288474138828767,0.3739465877261202
119.66,0.2,0.12440697683065188,0.07847043603170883
119.665,0.2,0.1200338421681329,-0.09638821211685973
119.67,0.2,0.11592258006217668,-0.23781852431559752
119.675,0.2,0.11213085479539484,-0.06863554924092498
119.68,0.2,0.10858703456202337,0.0038976199881645135
119.685,0.2,0.1051656598079443,0.31649203836159523
119.69,0.2,0.1017854187037497,0.36613044785384485
119.695,0.2,0.09847760534718464,0.2874233353290841
119.7,0.2,0.09537824840290635,-0.02548080862573504
119.705,0.2,0.09264332993740781,-0.1115102491849829
119.71,0.2,0.09034481780242858,-0.36600360590412995
119.715,0.2,0.08841368638926271,-0.009951788040828996
119.72,0.2,0.08666537225242503,-0.03904068735555297
119.725,0.2,0.08489232272028856,0.39500679407977013
119.73,0.2,0.08297214736725217,0.41144474311329093
119.735,0.2,0.08093235384256879,0.17064679472122773
119.74,0.2,0.07892292792404822,0.062104154425222276
119.745,0.2,0.07711264045169933,-0.2694484147498999
119.75,0.2,0.07558178386445476,-0.20442950219524988
119.755,0.2,0.07427114282224448,-0.17592413046222752
119.76,0.2,0.07301200574914393,0.12129564920365445
119.765,0.2,0.07162674373033034,0.513115302185047
119.77,0.2,0.07004816702692922,0.28491242399300987
119.775,0.2,0.068369822256699,0.21758706184664026
119.78,0.2,0.06678916309418306,0.04919084768858539
119.785,0.2,0.06550029693466185,-0.25489525422478154
119.79,0.2,0.06459628481255682,-0.2383023482875329
119.795,0.2,0.06401645751793592,-0.24058441869850178
119.8,0.2,0.06355927903070022,-0.24740660983607343
119.805,0.2,0.06295166562715443,0.33478184445541603
119.81,0.2,0.061961718649895185,0.26109633997191795
119.815,0.2,0.06050587638015836,0.3729904188868356
119.82,0.2,0.05867618773388084,0.20543717882595758
119.825,0.2,0.05667647431463693,-0.16343047550196924
119.83,0.2,0.054704732408622066,-0.26572815508677167
119.835,0.2,0.0528476990149952,-0.13565293361634165
119.84,0.2,0.051062712213627015,-0.0006839940256643685
119.845,0.2,0.04924823641566382,0.2194503082980742
119.85,0.2,0.04734427991841201,0.4429015882285829
119.855,0.2,0.04541257985815644,0.39573116818847487
119.86,0.2,0.043644978051736255,-0.09994930425127543
119.865,0.2,0.04227018200242491,-0.11762196171916342
119.87,0.2,0.04142641758301895,-0.2347017515268222
119.875,0.2,0.04109506680724908,-0.32428774513547176
119.88,0.2,0.041102614537484476,-0.24284333703559757
119.885,0.2,0.0411746428226158,0.23616364533555215
119.89,0.2,0.04104877584026723,0.2803642850753297
119.895,0.2,0.04058733246547882,0.13221717804338864
119.9,0.2,0.03979212281523871,-0.0966089277062516
119.905,0.2,0.03872368363227857,-0.12112759751405172
119.91,0.2,0.037410006588121894,-0.34930142795737823
119.915,0.2,0.03579942999551383,-0.10913035212779691
119.92,0.2,0.033778143369761364,0.1198731049090733
119.925,0.2,0.031255409527819494,0.3860925386500339
119.93,0.2,0.028263233627612364,0.29984580935839544
119.935,0.2,0.024993279794388625,0.2986733943718538
119.94,0.2,0.021747008842445004,-0.06986456990002396
119.945,0.2,0.018833107453535114,-0.027880165377001415
119.95,0.2,0.0164744007255469,-0.11712422303686501
119.955,0.2,0.014762785670463774,-0.34125759097448927
119.96,0.2,0.013648248214750644,-0.1473280042664725
119.965,0.2,0.012976083868682218,0.42454570315359136
119.97,0.2,0.0126027273878751,0.3156413946802853
119.975,0.2,0.012508150700449645,0.256590567237461
119.98,0.2,0.012794669390650718,-0.014339978687746911
119.985,0.2,0.01358597181349682,-0.3124626301415465
119.99,0.2,0.01490285843801387,-0.5005219042929392
119.995,0.2,0.01658688361725784,-0.1754670280544821
120.0,0.2,0.018327953893055846,-0.14504934512294418
120.005,0.2,0.019772490812381832,0.05693110264966915
120.01,0.2,0.020637184480513163,0.34027633110980743
120.015,0.2,0.02078890888746414,0.1442923674896291
120.02,0.2,0.020260310601533667,0.056480087474444524
120.025,0.2,0.019183926689324133,-0.1828074954368914
120.03,0.2,0.017691835245246774,-0.21122108569899525
120.035,0.2,0.015848131643713646,-0.13399569567045136
120.04,0.2,0.013646834706736406,-0.011788839525197319
120.045,0.2,0.011063200075400502,0.13870639369074694
120.05,0.2,0.008126713728248068,0.4689577267789177
120.055,0.2,0.00498217728489841,0.14562443893199345
120.06,0.2,0.0018805361100674046,-0.11742982594169887
120.065,0.2,-0.0009270182240628857,-0.3585465187001228
120.07,0.2,-0.0033149046177217813,-0.3278688659138722
120.075,0.2,-0.005335822634980449,-0.3416206526045898
120.08,0.2,-0.007186250195652704,-0.11224102501183036
120.085,0.2,-0.009112534671434497,0.2305645511489523
120.09,0.2,-0.011293173627800279,0.17560193456696668
120.095,0.2,-0.013763343843527322,0.11303568891838928
120.1,0.2,-0.016426375533937998,0.086272254702537
120.105,0.2,-0.019127374223339755,-0.3783448054458303
120.11,0.2,-0.021754604903822576,-0.4019135097730183
120.115,0.2,-0.024318252733136488,-0.12833595643422874
120.12,0.2,-0.026932059270716346,0.030303152786651848
120.125,0.2,-0.02971208480586491,0.14587995628680264
120.13,0.2,-0.03268123273652426,0.36489694900212355
120.135,0.2,-0.03572583080109292,0.13969609925129606
120.14,0.2,-0.038620946851174995,-0.06273668178425619
120.145,0.2,-0.0411202159959942,-0.10985186888840981
120.15,0.2,-0.043050967902778355,-0.2676738402191512
120.155,0.2,-0.04436198733058999,-0.17243009502013962
120.16,0.2,-0.045118582508753974,-0.12765137222772405
120.165,0.2,-0.045449883283507506,0.22068230168150602
120.17,0.2,-0.0454675765483345,0.08069771313281873
120.175,0.2,-0.04520473160749104,0.26840558393462305
120.18,0.2,-0.04461419087418759,-0.17558268423361562
120.185,0.2,-0.04363236539031606,-0.30166444639453677
120.19,0.2,-0.04226981649152622,-0.22098631563545607
120.195,0.2,-0.04065213155260161,-0.21247245525319225
120.2,0.2,-0.038985953231762016,-0.10733131826967493
120.205,0.2,-0.037485872527122224,0.2991922806695598
120.21,0.2,-0.036282961952104426,0.30592454041252914
120.215,0.2,-0.035361180346002406,0.01992068730890384
120.22,0.2,-0.03458914718511847,-0.05990677194661484
120.225,0.2,-0.03383073760273069,-0.5058454386265717
120.23,0.2,-0.03305635144834942,-0.32464868122239937
120.235,0.2,-0.03238806512382158,-0.28504250674071413
120.24,0.2,-0.03204982038314487,0.021530960122057255
120.245,0.2,-0.03225735550649966,0.1605422044692588
120.25,0.2,-0.033106935642504595,0.4875076870067314
120.255,0.2,-0.03450655935150303,0.19655893006254993
120.26,0.2,-0.03619743573339233,-0.08897747414354203
120.265,0.2,-0.0378806319768277,-0.4643859911536815
120.27,0.2,-0.03937121034128527,-0.3170154291358097
120.275,0.2,-0.04066767139946954,-0.26472508253207727
120.28,0.2,-0.04190109451759495,0.10913602873177636
120.285,0.2,-0.04321882175495432,0.10246332094793657
120.29,0.2,-0.04468477618184439,0.1963540938457674
120.295,0.2,-0.04623950791718932,0.2985304631986755
120.3,0.2,-0.0477100231391275,0.0721751560638279
120.305,0.2,-0.04886415627125784,-0.1626934463158955
120.31,0.2,-0.04950536937046805,-0.22059335513298134
120.315,0.2,-0.04955518766480721,-0.2731501437131386
120.32,0.2,-0.04907104406220678,-0.08446177708053779
120.325,0.2,-0.04819785277601878,0.04825655851962832
120.33,0.2,-0.04708597448132423,0.14537631914564014
120.335,0.2,-0.045825127867222676,0.07982700229719883
120.34,0.2,-0.044434761422905845,-0.1271311731816636
120.345,0.2,-0.04291541293126474,-0.29912292660823164
120.35,0.2,-0.041325333666107904,-0.39778232250859324
120.355,0.2,-0.03982680400058114,-0.26108572782433803
120.36,0.2,-0.0386597878453059,0.06372559294544033
120.365,0.2,-0.038052311166370686,-0.021398752877343358
120.37,0.2,-0.03813489107968272,0.1858580850391722
120.375,0.2,-0.03890931160325631,0.03797889861190816
120.38,0.2,-0.0402705834810903,-0.10141838302142209
120.385,0.2,-0.042075392448059294,-0.3896497328345367
120.39,0.2,-0.044229526687091014,-0.24280924234433687
120.395,0.2,-0.04673427299985926,-0.33590740575883093
120.4,0.2,-0.04966830876567617,-0.1330351856095718
120.405,0.2,-0.053122457260091835,0.2508937994337402
120.41,0.2,-0.05710335236774069,0.3022741224405702
120.415,0.2,-0.06145795668653791,0.1902702831984082
120.42,0.2,-0.06589092900267744,-0.08672455475087691
120.425,0.2,-0.07007140609246992,-0.2554617940077485
120.43,0.2,-0.07375671152426107,-0.4144398709133489
120.435,0.2,-0.07686995165488222,-0.4119594738351689
120.44,0.2,-0.07950359713412627,-0.16616217779901782
120.445,0.2,-0.08184285646716237,0.15155048673737262
120.45,0.2,-0.08403728945910545,0.3151987813626359
120.455,0.2,-0.08610224765266196,-0.00181335429073827
120.46,0.2,-0.08792420590410954,0.012142930775058833
120.465,0.2,-0.08935263910387767,-0.3971087055314856
120.47,0.2,-0.09030930279024589,-0.4500385748282012
120.475,0.2,-0.0908577875518253,-0.2626629942364525
120.48,0.2,-0.09118869538004293,-0.16620975885558031
120.485,0.2,-0.09153025543662627,0.08842308952956678
120.49,0.2,-0.09204672786872106,0.15806970997066278
120.495,0.2,-0.09277698043155076,0.04120712335372939
120.5,0.2,-0.09363882995468834,0.04358817765909609
120.505,0.2,-0.09448487176634135,-0.1550123721890639
120.51,0.2,-0.09518312004443957,-0.5579004394600295
120.515,0.2,-0.09570388467378227,-0.29451874867180283
120.52,0.2,-0.0961552977415694,-0.2817279057787253
120.525,0.2,-0.09672694180981743,-8.117432985026152e-05
120.53,0.2,-0.0975854002602809,0.17737102687752215
120.535,0.2,-0.09878510586658634,0.133258564143648
120.54,0.2,-0.10024637423549458,-0.198985068307029
120.545,0.2,-0.10182477666417417,-0.2936457119507385
120.55,0.2,-0.10342091134734867,-0.49210869392999107
120.555,0.2,-0.10505114231066143,-0.3305801225425861
120.56,0.2,-0.10684200401768643,-0.21336793936170256
120.565,0.2,-0.10895449256833303,0.1402511051173646
120.57,0.2,-0.11147955308941158,0.09971413649358984
120.575,0.2,-0.11437057932152339,0.09365916261521365
120.58,0.2,-0.1174621269064642,-0.3264589831430864
120.585,0.2,-0.12055995588429297,-0.1569281369164534
120.59,0.2,-0.12353460109359983,-0.581366876249364
120.595,0.2,-0.12637055995570667,-0.23514021647804212
120.6,0.2,-0.12915266466246172,-0.10305346915112082
120.605,0.2,-0.1319901409899024,-0.03944520333368995
120.61,0.2,-0.13493812471958572,-0.08406828917229395
120.615,0.2,-0.13796883788082318,0.15494226699887428
120.62,0.2,-0.1409773966006694,-0.22273133815512539
120.625,0.2,-0.14382507532753347,-0.40882470203542937
120.63,0.2,-0.14643059347719398,-0.583812775949494
120.635,0.2,-0.14884903620983014,-0.45382954684791044
120.64,0.2,-0.15126725478865727,-0.2321647029176564
120.645,0.2,-0.15391411337443903,0.011718914021294078
120.65,0.2,-0.15693712463744663,0.28161738010654114
120.655,0.2,-0.16032080351605965,-0.235841566611838
120.66,0.2,-0.16391566707207103,-0.26454574692132665
120.665,0.2,-0.16755071317567982,-0.32284445322865274
120.67,0.2,-0.1711240104885127,-0.49774932862706983
120.675,0.2,-0.17463581262117334,-0.4509239493797125
120.68,0.2,-0.17817783892260658,-0.12744419544572227
120.685,0.2,-0.18186271837859522,0.07251239675831406
120.69,0.2,-0.18571494772483052,0.2555283735348616
120.695,0.2,-0.1896041319994727,-0.08360403282479421
120.7,0.2,-0.19328248241563123,-0.27816527336453833
120.705,0.2,-0.19650433608959453,-0.44755512401539166
120.71,0.2,-0.1991344814414696,-0.34628880520022265
120.715,0.2,-0.20118306530253122,-0.5396798759731023
120.72,0.2,-0.20278593703751144,-0.349144289101696
120.725,0.2,-0.2041497258107987,0.01855975201954306
120.73,0.2,-0.20545603313833247,-0.011726763251317607
120.735,0.2,-0.20677022143545384,0.13993177651114055
120.74,0.2,-0.20802326252615244,-0.27030832738398863
120.745,0.2,-0.20908020537018934,-0.38906555539066673
120.75,0.2,-0.2098454497441831,-0.3750040488409087
120.755,0.2,-0.21032361705758626,-0.3430294457052393
120.76,0.2,-0.2106028599106128,-0.16248543571173157
120.765,0.2,-0.21079960146511076,-0.28429794506829387
120.77,0.2,-0.21100574254205404,0.13800906152861886
120.775,0.2,-0.2112452273594011,-0.11637709147237332
120.78,0.2,-0.2114580480146984,-0.14281195388134033
120.785,0.2,-0.2115402058542971,-0.32368457871603024
120.79,0.2,-0.21142037417428783,-0.5782455810261007
120.795,0.2,-0.21112101566304056,-0.22283408178796565
120.8,0.2,-0.21075716075371592,-0.3369522276407567
120.805,0.2,-0.21046905535858954,0.1262811037001437
120.81,0.2,-0.21033129373912046,0.12171623826455864
120.815,0.2,-0.21028645618402592,0.10371031989894891
120.82,0.2,-0.21015331308433055,-0.2772607481027615
120.825,0.2,-0.2097279702653215,-0.591371032527473
120.83,0.2,-0.2089182729145231,-0.5266084789917143
120.835,0.2,-0.20781432608060446,-0.521357926910444
120.84,0.2,-0.2066568851361814,-0.3440926584901265
120.845,0.2,-0.20573480413215556,0.15916582482137825
120.85,0.2,-0.20525441471025882,0.014431802550150266
120.855,0.2,-0.20525625620552398,-0.11646116600067197
120.86,0.2,-0.20564237705003938,-0.20498767360098438
120.865,0.2,-0.20626768442713714,-0.3184585768255076
120.87,0.2,-0.20702376607003725,-0.6077296518295997
120.875,0.2,-0.2079031206647993,-0.5558475214542103
120.88,0.2,-0.20901209110361357,-0.017161784862033708
120.885,0.2,-0.21048132850032686,0.12916919919063946
120.89,0.2,-0.21232440586188142,0.27200782981474037
120.895,0.2,-0.2143660278822446,0.026075064878375097
120.9,0.2,-0.21629148420548194,-0.2344903721408619
120.905,0.2,-0.21777675424458878,-0.4423999346199934
120.91,0.2,-0.21861752969074777,-0.4761228201498558
120.915,0.2,-0.21878591585260723,-0.33965403847181214
120.92,0.2,-0.21839606678758608,-0.17080852248607267
120.925,0.2,-0.21760681645857788,0.17049306242749482
120.93,0.2,-0.21651335669020572,0.047551247292427025
120.935,0.2,-0.21509211725611485,0.02608425811416599
120.94,0.2,-0.21323166896074003,-0.23896564444863067
120.945,0.2,-0.210820261344489,-0.3827346474798729
120.95,0.2,-0.20783800009780207,-0.5472399694406251
120.955,0.2,-0.20440969820682955,-0.39607111999434247
120.96,0.2,-0.20078235446758763,-0.10709531539586674
120.965,0.2,-0.19723566794368272,-0.22779741769895628
120.97,0.2,-0.1939873350352916,0.21461965237211478
120.975,0.2,-0.19113363915301979,-0.04257817855499275
120.98,0.2,-0.18863939481888437,-0.09594168897115965
120.985,0.2,-0.18639615431920345,-0.40995216985077493
120.99,0.2,-0.1843216508791884,-0.44153257275806124
120.995,0.2,-0.18243388940217284,-0.4524717600402695
121.0,0.2,-0.18085228164072964,-0.08170529383571143
121.005,0.2,-0.1797160999015177,0.15817456579603678
121.01,0.2,-0.1790646982588068,0.2867181250451404
121.015,0.2,-0.1787678580583342,-0.02371528947527502
121.02,0.2,-0.1785702959847012,-0.29192431691086274
121.025,0.2,-0.1782198951436806,-0.3568708981725547
121.03,0.2,-0.17757635418106163,-0.3186210161291462
121.035,0.2,-0.17663527122996076,-0.30053071292238165
121.04,0.2,-0.1754918950189707,-0.28154674574839395
121.045,0.2,-0.1742816932716214,0.1440956569808064
121.05,0.2,-0.1730958764776082,0.2416072485272689
121.055,0.2,-0.1719048668193349,-0.045874467534444255
121.06,0.2,-0.17056663677187345,-0.08462397747152176
121.065,0.2,-0.16891387647144748,-0.24413024135816402
121.07,0.2,-0.16684255658725625,-0.4305003055742624
121.075,0.2,-0.16437484392193832,-0.6281390757060917
121.08,0.2,-0.16168667068061113,-0.19412981067482124
121.085,0.2,-0.15905183265302333,0.023496218165521332
121.09,0.2,-0.15671454393130255,0.009182637905455523
121.095,0.2,-0.15479685446604408,-0.03977964616985074
121.1,0.2,-0.1533002639767889,-0.12431315601561405
121.105,0.2,-0.15216957846272613,-0.4807647157945436
121.11,0.2,-0.15137930244090086,-0.44998091529597484
121.115,0.2,-0.15099555695750216,-0.36905552485443704
121.12,0.2,-0.15116395586782075,-0.200209727005173
121.125,0.2,-0.15203430448879363,-0.018269127108070493
121.13,0.2,-0.15367434433690927,0.10158349153121356
121.135,0.2,-0.1560134299903234,0.10317838468932546
121.14,0.2,-0.15884365879604717,-0.12722070117611967
121.145,0.2,-0.16189592162154812,-0.5658048013439712
121.15,0.2,-0.16496163742844397,-0.3364231897351079
121.155,0.2,-0.1679727208784694,-0.5338044716152552
121.16,0.2,-0.17098905366886308,-0.1432864551518979
121.165,0.2,-0.1741203062779031,-0.051995705852438845
121.17,0.2,-0.1774251592469256,0.18193132230797132
121.175,0.2,-0.18083536937395936,0.09630843752388327
121.18,0.2,-0.18415928800285725,-0.4027954911504169
121.185,0.2,-0.18718449901973724,-0.5069861141677552
121.19,0.2,-0.18980652726240066,-0.41513139536245613
121.195,0.2,-0.19207028031711176,-0.29037764500987295
121.2,0.2,-0.19411329064600155,-0.2594200651980596
121.205,0.2,-0.1960852266191325,-0.08129410425079496
121.21,0.2,-0.1980826236198588,0.06288509992691241
121.215,0.2,-0.20009864628462756,0.11106157600633493
121.22,0.2,-0.2020069818448263,-0.08216507893799678
121.225,0.2,-0.20361182002975287,-0.4051370850032345
121.23,0.2,-0.20475557641323008,-0.5320567248605687
121.235,0.2,-0.20541759955122865,-0.5093381216776798
121.24,0.2,-0.20572969899365967,-0.1751965014372016
121.245,0.2,-0.2058956230841575,-0.07628837317614802
121.25,0.2,-0.20607256109379557,0.1865330022106236
121.255,0.2,-0.20628790354564505,0.01683505154574276
121.26,0.2,-0.2064330646395582,-0.08312923751322104
121.265,0.2,-0.20632949298019546,-0.2204654258286985
121.27,0.2,-0.2058206511768706,-0.40985516925783455
121.275,0.2,-0.2048398351334681,-0.23226967498390433
121.28,0.2,-0.20341939450850943,-0.14893989517532946
121.285,0.2,-0.20164142732262436,-0.07790837719275581
121.29,0.2,-0.19957708050966463,-0.0296305286860582
121.295,0.2,-0.197252828228921,-0.0056993195080598975
121.3,0.2,-0.19464834359277744,-0.16151336721464687
121.305,0.2,-0.1917296381770598,-0.3480556704923196
121.31,0.2,-0.18850970549880772,-0.4090735819602413
121.315,0.2,-0.18509665601896955,-0.39441797384715016
121.32,0.2,-0.1816883701598452,-0.16191748780804993
121.325,0.2,-0.17850518541069527,0.07888408414777578
121.33,0.2,-0.17569545559906974,0.04041146539318922
121.335,0.2,-0.17328203261193809,-0.06230577714462704
121.34,0.2,-0.17119063382803917,-0.2783834799721206
121.345,0.2,-0.16933539374804488,-0.4678733430093194
121.35,0.2,-0.16770820910943923,-0.5498705612185226
121.355,0.2,-0.16642033066741704,-0.30221661891611656
121.36,0.2,-0.16566551955351203,-0.23042761311824683
121.365,0.2,-0.1656286484300076,0.02566546128991747
121.37,0.2,-0.16639569209080923,0.07597183317285222
121.375,0.2,-0.16790672259616285,-0.016858744343450624
121.38,0.2,-0.1699797612677138,-0.31838734515219524
121.385,0.2,-0.17240211146872228,-0.4146029159716643
121.39,0.2,-0.17502818091349387,-0.38313567179787406
121.395,0.2,-0.1778076629209991,-0.04880090954883204
121.4,0.2,-0.18073311050709737,-0.21634847485807257
121.405,0.2,-0.18377224418898275,0.05499330636774128
121.41,0.2,-0.1868258034169326,0.2133534845484647
121.415,0.2,-0.1897024285130136,-0.031655080124850035
121.42,0.2,-0.19214258130638437,-0.29563575342068454
121.425,0.2,-0.1939160514476972,-0.45050886690910086
121.43,0.2,-0.19493218599627046,-0.6535284940512572
121.435,0.2,-0.1952915128947551,-0.40793187713462764
121.44,0.2,-0.1952513743253465,-0.3018631825477414
121.445,0.2,-0.1951244889555911,-0.11216920256751334
121.45,0.2,-0.19516666511204575,0.08356214922139046
121.455,0.2,-0.19550520992888584,-0.1767362954944505
121.46,0.2,-0.19614151297940458,-0.2154810198942061
121.465,0.2,-0.19701722292109522,-0.3187974901976208
121.47,0.2,-0.19808532630554337,-0.41087091428727823
121.475,0.2,-0.19935244559582174,-0.4510473843879894
121.48,0.2,-0.20088792084381427,-0.23893034834703192
121.485,0.2,-0.20278683740371795,-0.1035495883479576
121.49,0.2,-0.20508976304048732,0.30770774667301215
121.495,0.2,-0.2077064958994794,-0.1509450896825446
121.5,0.2,-0.21042071795462156,-0.20838389623246834
121.505,0.2,-0.2129897997039683,-0.45933428283801586
121.51,0.2,-0.21525927443562454,-0.5683728918014934
121.515,0.2,-0.2172236613324572,-0.4764110500164936
121.52,0.2,-0.21901215502132138,-0.22174397112068972
121.525,0.2,-0.2208060181618736,-0.16695666424132902
121.53,0.2,-0.22273489387084047,0.1774952849495488
121.535,0.2,-0.22479327833591045,0.256768121104094
121.54,0.2,-0.22681039733300942,-0.23248056028868605
121.545,0.2,-0.2285254120239161,-0.47505638744623896
121.55,0.2,-0.22973851160353012,-0.505374558177391
121.555,0.2,-0.2304112143804375,-0.3985325946873936
121.56,0.2,-0.2306501551554981,-0.20160896668995937
121.565,0.2,-0.2306112216832511,0.11941696071674063
121.57,0.2,-0.23038549840111716,0.12222728800114732
121.575,0.2,-0.2299339086981079,-0.05767884537167467
121.58,0.2,-0.22911096444054624,-0.04719978036373837
121.585,0.2,-0.22775039642372769,-0.5266875531614389
121.59,0.2,-0.2257685038710757,-0.5371507941223523
121.595,0.2,-0.22323391143318197,-0.2431877701622653
121.6,0.2,-0.2203317956044649,0.08894147909221872
121.605,0.2,-0.21723553251061692,0.12240662504735945
121.61,0.2,-0.21399718686756117,0.20063965700087194
121.615,0.2,-0.21053147323890287,-0.13451618901310247
121.62,0.2,-0.20668866223561866,-0.2918356652650809
121.625,0.2,-0.20237100179160536,-0.5625655107108097
121.63,0.2,-0.19762433254742306,-0.37582373005734027
121.635,0.2,-0.1926537844524566,-0.49776226573047483
121.64,0.2,-0.18777054723175274,-0.19586989959021953
121.645,0.2,-0.18330671934435436,-0.15732205790780196
121.65,0.2,-0.17952211375785526,0.21180370429858741
121.655,0.2,-0.1765270884274327,0.019034916746274073
121.66,0.2,-0.17426467189147454,-0.07503192481015541
121.665,0.2,-0.1725758493843711,-0.3702082902347313
121.67,0.2,-0.17131199748815448,-0.5069435510163157
121.675,0.2,-0.17042559767258766,-0.4125781161648723
121.68,0.2,-0.16998456354050334,-0.22535279663578334
121.685,0.2,-0.17010158594652697,0.07282294908460665
121.69,0.2,-0.17082929296148722,0.013493802028896634
121.695,0.2,-0.17209735054697295,0.006349594377319884
121.7,0.2,-0.17372712936385246,-0.14095478999110886
121.705,0.2,-0.17550342455135992,-0.4421532777270477
121.71,0.2,-0.1772656421852693,-0.40742264713360415
121.715,0.2,-0.17897276954166313,-0.5023255453160027
121.72,0.2,-0.18070161674026655,-0.14094419284563436
121.725,0.2,-0.18256843458151584,0.19047505198379538
121.73,0.2,-0.184611798088938,0.058856994479170546
121.735,0.2,-0.1867284083747568,-0.01782037588000722
121.74,0.2,-0.18870867102109187,-0.05419278053509853
121.745,0.2,-0.19031829499911568,-0.28069363695558397
121.75,0.2,-0.19138041936652322,-0.5265916226911975
121.755,0.2,-0.19184223355470081,-0.2263991100229132
121.76,0.2,-0.1917802795573293,-0.26501368113932844
121.765,0.2,-0.19133592511444014,-0.058893355911585885
121.77,0.2,-0.1906400679244006,-0.08703661053434683
121.775,0.2,-0.18977185305518823,-0.12082530719558071
121.78,0.2,-0.188761669919677,-0.24804502288245542
121.785,0.2,-0.1876289784802238,-0.3265069416882622
121.79,0.2,-0.18642945978063638,-0.46926504969305816
121.795,0.2,-0.18528802406827577,-0.4121056900916711
121.8,0.2,-0.18439479959140145,-0.2175873521786401
121.805,0.2,-0.18394328395383247,0.14405033343008872
121.81,0.2,-0.1840261587358827,0.237749693296794
121.815,0.2,-0.1845558337366846,0.1614195494316575
121.82,0.2,-0.18527906569853772,-0.197627085915725
121.825,0.2,-0.1858904866233797,-0.4202336074541852
121.83,0.2,-0.18617901490712968,-0.6351117524005818
121.835,0.2,-0.1861134343690917,-0.16900377117882265
121.84,0.2,-0.18580869134601838,-0.20173886920191725
121.845,0.2,-0.1854084866369124,0.22181419882744965
121.85,0.2,-0.18497125361719005,0.14558582426066796
121.855,0.2,-0.18441985366694388,-0.0011584043621396395
121.86,0.2,-0.18358018044792773,-0.19380868434204518
121.865,0.2,-0.1822816475871224,-0.3845406908565999
121.87,0.2,-0.18044932363223676,-0.2996884813956979
121.875,0.2,-0.17814228382005376,-0.5184986886185822
121.88,0.2,-0.17554286459721424,-0.26587621054100946
121.885,0.2,-0.1729001729866383,0.1017854178325182
121.89,0.2,-0.1704290839968729,-0.04634102766830689
121.895,0.2,-0.16822714490996027,0.1275426962193944
121.9,0.2,-0.1662683471200148,-0.1723205326660329
121.905,0.2,-0.16446618289548978,-0.4522524533065636
121.91,0.2,-0.16277247111183765,-0.4219846149155478
121.915,0.2,-0.1612514121845185,-0.5216898880076274
121.92,0.2,-0.16008000701464628,-0.26291000163186484
121.925,0.2,-0.15947442711078488,0.16250745340285572
121.93,0.2,-0.1595776721901945,-0.1308174515186772
121.935,0.2,-0.1603946693300633,-0.05457682392316275
121.94,0.2,-0.16182024729312203,-0.16756918595040635
121.945,0.2,-0.1637080272584829,-0.39872360955203306
121.95,0.2,-0.165943021925832,-0.528359726327329
121.955,0.2,-0.16850254512360047,-0.4188430641571119
121.96,0.2,-0.17145557247398413,-0.09148640865877813
121.965,0.2,-0.17488707311103868,-0.16382284100493003
121.97,0.2,-0.17880878256188198,0.18561563587614102
121.975,0.2,-0.18310456945295084,0.13229920950866217
121.98,0.2,-0.18752706108042191,-0.22224807914085748
121.985,0.2,-0.19176694118915838,-0.19996682127227433
121.99,0.2,-0.19556363986515318,-0.5519522383321387
121.995,0.2,-0.19878995384553233,-0.4489665879957654
122.0,0.2,-0.20146679863258754,-0.03914725670856292
122.005,0.2,-0.2036850470100117,0.04437069130660755
122.01,0.2,-0.20549299479161287,-0.0709056189130979
122.015,0.2,-0.20684900473647294,0.09509163742087069
122.02,0.2,-0.20764345068319243,-0.17571481413378445
122.025,0.2,-0.2077544564211009,-0.40623330221600973
122.03,0.2,-0.20712835952578448,-0.4293018650689535
122.035,0.2,-0.20584163219118526,-0.44907174700027425
122.04,0.2,-0.20409218817162722,-0.13781766675740215
122.045,0.2,-0.20211523580253055,0.17400882299200174
122.05,0.2,-0.20006301640007837,0.20791776821405134
122.055,0.2,-0.19792744873576967,0.08228466749547929
122.06,0.2,-0.19556802147850955,-0.26881099909855366
122.065,0.2,-0.19282273753522508,-0.2950751915211447
122.07,0.2,-0.18961750985871909,-0.40773880325755224
122.075,0.2,-0.18601804279393788,-0.5583978255007643
122.08,0.2,-0.18222712274532282,-0.22555964715639074
122.085,0.2,-0.17852273730538892,0.012717403926167156
122.09,0.2,-0.17514219041094842,0.13571239340095012
122.095,0.2,-0.1721823689153179,0.14449179066471432
122.1,0.2,-0.1695825988376968,-0.11019921513084943
122.105,0.2,-0.16719799158935994,-0.4446689762381674
122.11,0.2,-0.16492702062683043,-0.6263670717198381
122.115,0.2,-0.16281759157547693,-0.5268298163272507
122.12,0.2,-0.1610767615912422,-0.27156463163018674
122.125,0.2,-0.15997542839072626,0.010750230458141736
122.13,0.2,-0.15971136057806826,0.12385260751237454
122.135,0.2,-0.16031860303522938,-0.07026100005256121
122.14,0.2,-0.16167980870679838,-0.28356760217472593
122.145,0.2,-0.16362125245081055,-0.3746617990335109
122.15,0.2,-0.16601054646993538,-0.4014597677627142
122.155,0.2,-0.16880267444969219,-0.4945489105234741
122.16,0.2,-0.17203334017175873,-0.16491325083298003
122.165,0.2,-0.1757596097967876,0.06729091598135001
122.17,0.2,-0.17996337553694594,0.11758598227559981
122.175,0.2,-0.18448250016737097,0.16402782054123155
122.18,0.2,-0.18902545825507688,-0.31070626524675327
122.185,0.2,-0.19327100619251486,-0.3908482418124353
122.19,0.2,-0.1969904928314106,-0.3781595216103588
122.195,0.2,-0.20010540782904002,-0.38919088995757195
122.2,0.2,-0.20266232314902777,-0.17899782527613173
122.205,0.2,-0.20475586559760453,0.19373906436614272
122.21,0.2,-0.20642634529665818,0.1170675231196746
122.215,0.2,-0.2075927098409607,0.0847864359407611
122.22,0.2,-0.20807460264988958,-0.14835180530032452
122.225,0.2,-0.20768536633992976,-0.4557788833868657
122.23,0.2,-0.20634488318964359,-0.553704969132631
122.235,0.2,-0.20414989880118056,-0.32749831903155857
122.24,0.2,-0.20134655212427774,-0.1632931972513912
122.245,0.2,-0.19822896611801097,-0.15882212389627498
122.25,0.2,-0.19504551853536384,0.030460380678951113
122.255,0.2,-0.1919513639575444,-0.07248088318360432
122.26,0.2,-0.1890084100112856,-0.2676100567775307
122.265,0.2,-0.18624020991235263,-0.5017566171083195
122.27,0.2,-0.18371765544954718,-0.5496322602146279
122.275,0.2,-0.18160970775783775,-0.37283019994497957
122.28,0.2,-0.1801492221679149,-0.04621539643085798
122.285,0.2,-0.17953232483214493,-0.07861617260029433
122.29,0.2,-0.17983057353412307,0.031364193537239946
122.295,0.2,-0.1809706541192844,-0.08575080789189471
122.3,0.2,-0.182774237395666,-0.26313859013394075
122.305,0.2,-0.18503363560853733,-0.3709815840047953
122.31,0.2,-0.18758873125022785,-0.3806196396253051
122.315,0.2,-0.19036895371779766,-0.5068741921721498
122.32,0.2,-0.19339028641712436,-0.15933565503836372
122.325,0.2,-0.19670019348515527,0.04192631586351831
122.33,0.2,-0.2002839963449339,0.099992017159638
122.335,0.2,-0.20399618440883086,0.17027417349945112
122.34,0.2,-0.2075672966187099,-0.2095486147094896
122.345,0.2,-0.21068693837190333,-0.32727035720141795
122.35,0.2,-0.21311286967870163,-0.25870324403328293
122.355,0.2,-0.21473204971680607,-0.4287391508072095
122.36,0.2,-0.21555965176864858,-0.2608792245266832
122.365,0.2,-0.2157013688386269,-0.09231666990855403
122.37,0.2,-0.21528192205529345,0.09900781676725735
122.375,0.2,-0.21436463468338143,0.07756907642837245
122.38,0.2,-0.2129175640587245,-0.07301160271747931
122.385,0.2,-0.2108560465328059,-0.3883153734116825
122.39,0.2,-0.20813882457548794,-0.47514282977839034
122.395,0.2,-0.20484881314505732,-0.37295433359080826
122.4,0.2,-0.20119389157046597,-0.1906498505099663
122.405,0.2,-0.19742888317464435,-0.003733152191883541
122.41,0.2,-0.19375063254273914,0.24282566850200962
122.415,0.2,-0.1902268739045173,-0.1661097602549197
122.42,0.2,-0.18681223210780265,-0.1822056334857703
122.425,0.2,-0.18344360336701823,-0.5486794956561071
122.43,0.2,-0.18014738604870412,-0.6647032768688039
122.435,0.2,-0.17709958985111263,-0.4383664461673234
122.44,0.2,-0.1745936651852208,-0.12904124847598897
122.445,0.2,-0.17292341316285606,-0.11804167237327648
122.45,0.2,-0.17227173426471196,-0.042800918689318235
122.455,0.2,-0.17266904915855605,0.029665669124417364
122.46,0.2,-0.17400219204040784,-0.036271692842730185
122.465,-0.2,-0.17605760039756074,-0.3724533942928254
122.47,-0.2,-0.178607916765555,-0.4553761789319606
122.475,-0.2,-0.18150327644130299,-0.3801665086183198
122.48,-0.2,-0.18469476447587038,-0.1803735102555294
122.485,-0.2,-0.18817381772812325,0.064656883671632
122.49,-0.2,-0.19187891909510557,0.10976969459048135
122.495,-0.2,-0.19563564646426201,0.08735462514006512
122.5,-0.2,-0.19916315692401443,0.026627807353376942
122.505,-0.2,-0.20214016894682568,-0.4006734266537486
122.51,-0.2,-0.20430833591936365,-0.3973816292920975
122.515,-0.2,-0.2055587076555263,-0.3234811345173604
122.52,-0.2,-0.20593809468453442,-0.24852111640323263
122.525,-0.2,-0.20558639508644777,-0.13766575556345892
122.53,-0.2,-0.20465507281455794,0.17282170268051067
122.535,-0.2,-0.2032355307397876,-0.09536090861897313
122.54,-0.2,-0.2013465332461661,-0.3989499117085523
122.545,-0.2,-0.199003914566241,-0.26779178732786235
122.55,-0.2,-0.19629241077769302,-0.3586931101045713
122.555,-0.2,-0.19337423406052165,-0.3580368927659078
122.56,-0.2,-0.1904610017418551,-0.21260997501622242
122.565,-0.2,-0.18776431665775636,0.08842389522060641
122.57,-0.2,-0.1854174324565225,0.1567006445768268
122.575,-0.2,-0.18341211818237485,0.034318994344620005
122.58,-0.2,-0.18161474915361853,-0.26026416232839916
122.585,-0.2,-0.17985769832863222,-0.2398605148316612
122.59,-0.2,-0.1780415236827018,-0.6703548540909975
122.595,-0.2,-0.17619879128354773,-0.2980256083950763
122.6,-0.2,-0.17448607929803545,-0.19110527422954243
122.605,-0.2,-0.17309293117489646,0.09481711997657681
122.61,-0.2,-0.17212770885687156,0.09741597306644943
122.615,-0.2,-0.1715560162464964,0.10158751829919337
122.62,-0.2,-0.17121429354926287,-0.0940174706633555
122.625,-0.2,-0.17088216627017241,-0.26730483938355815
122.63,-0.2,-0.17037757384497315,-0.3908040479649155
122.635,-0.2,-0.16963263668993753,-0.49092638538053796
122.64,-0.2,-0.16871525447528096,-0.17069188950201158
122.645,-0.2,-0.16777596504523803,-0.030722263403826652
122.65,-0.2,-0.16694578562520643,0.09812908378418193
122.655,-0.2,-0.16625703906577027,0.020645972849779294
122.66,-0.2,-0.16563615237805723,-0.1189702155533604
122.665,-0.2,-0.16496681379928696,-0.48434223824044853
122.67,-0.2,-0.16418561781415814,-0.3400143377184499
122.675,-0.2,-0.16334419618677304,-0.47645673583832765
122.68,-0.2,-0.16259530203630237,-0.06994516684451721
122.685,-0.2,-0.16211345569953675,0.03125862111748441
122.69,-0.2,-0.16199157264893377,0.2411126545952825
122.695,-0.2,-0.16217385636609263,0.05219130023810373
122.7,-0.2,-0.16247036688220232,-0.08748972558877147
122.705,-0.2,-0.16264503025357355,-0.34425821928767997
122.71,-0.2,-0.16252872365222587,-0.5369295522753348
122.715,-0.2,-0.16209765260283485,-0.2828989051252364
122.72,-0.2,-0.16146646185305397,-0.18847024959318795
122.725,-0.2,-0.16079743676522232,0.17184306965330717
122.73,-0.2,-0.16018597085595762,0.17556312740145283
122.735,-0.2,-0.15959620734486604,-0.05415981984226992
122.74,-0.2,-0.15889573318350386,-0.30940951687745
122.745,-0.2,-0.15796568246502007,-0.45395114060849834
122.75,-0.2,-0.156799309470784,-0.4112685322598162
122.755,-0.2,-0.15552366028617226,-0.27557204653935474
122.76,-0.2,-0.15434030328875453,-0.0035934491354960296
122.765,-0.2,-0.15342335763755657,0.10507931388440155
122.77,-0.2,-0.15283776338260574,-0.048573720062785375
122.775,-0.2,-0.1525321104571338,-0.11071190284637053
122.78,-0.2,-0.15239370561387686,-0.11260467468352149
122.785,-0.2,-0.15231773481638414,-0.5842785093545496
122.79,-0.2,-0.15227426377705888,-0.3101417604883019
122.795,-0.2,-0.15233765708376512,-0.20159592674404758
122.8,-0.2,-0.15263747951982712,-0.1277930083045225
122.805,-0.2,-0.1532767225742233,-0.010265533338935762
122.81,-0.2,-0.15427188326596175,0.2641166364100688
122.815,-0.2,-0.15551202340712805,0.16220532180762148
122.82,-0.2,-0.1567580528471486,-0.0729448168616346
122.825,-0.2,-0.15771720574893885,-0.261664775980288
122.83,-0.2,-0.15816517715489772,-0.628111680148038
122.835,-0.2,-0.1580482368932833,-0.4078081654836304
122.84,-0.2,-0.157497186393224,-0.13250894053914644
122.845,-0.2,-0.15673364882997398,-0.04676826496038132
122.85,-0.2,-0.15593918724548367,0.25793758959453417
122.855,-0.2,-0.15516534374258614,0.15784835379941797
122.86,-0.2,-0.1543257767972883,-0.3339757105637492
122.865,-0.2,-0.15328849360954797,-0.32633505738881036
122.87,-0.2,-0.15200208316422423,-0.5182203407509152
122.875,-0.2,-0.15056172786224833,-0.5218204815606187
122.88,-0.2,-0.14919882068909654,-0.28036168766983016
122.885,-0.2,-0.1482073145323607,-0.055246142935219344
122.89,-0.2,-0.14782854405833976,0.12567772351730824
122.895,-0.2,-0.14815269206947404,0.16197837603297355
122.9,-0.2,-0.1490902916922587,-0.0361268995392231
122.905,-0.2,-0.1504256759095516,-0.16538123556167417
122.91,-0.2,-0.1519225011268887,-0.4744872961494565
122.915,-0.2,-0.15342580194452873,-0.3229146186196632
122.92,-0.2,-0.15490376586623392,-0.27790622221464156
122.925,-0.2,-0.15640127630914966,0.20579175994234292
122.93,-0.2,-0.15793860462603593,-0.0027902357396529243
122.935,-0.2,-0.15943376898834785,0.27193566858754603
122.94,-0.2,-0.160699344701345,-0.19298806951212064
122.945,-0.2,-0.16151189506399583,-0.28921314616361843
122.95,-0.2,-0.16171581176234642,-0.3758331660414158
122.955,-0.2,-0.16129638213509173,-0.4653674270867385
122.96,-0.2,-0.1603833893016778,-0.17992275562427748
122.965,-0.2,-0.15919017847420353,-0.08211180148226604
122.97,-0.2,-0.15792272408570088,-0.08654095441922383
122.975,-0.2,-0.15671200424120948,0.14673272951526986
122.98,-0.2,-0.15559591659488628,-0.31579127038407484
122.985,-0.2,-0.1545628117577181,-0.4194839997341835
122.99,-0.2,-0.15363700528461127,-0.3410499898808186
122.995,-0.2,-0.15292392999393298,-0.31171111248089123
123.0,-0.2,-0.15257916715300365,-0.1670735700854715
123.005,-0.2,-0.15274153840633256,0.059097818879679145
123.01,-0.2,-0.15346374332079202,0.07402606586685467
123.015,-0.2,-0.1546683116264519,0.12753984406384714
123.02,-0.2,-0.15616211117490636,-0.26416296616534235
123.025,-0.2,-0.1577184718028121,-0.37988482945322194
123.03,-0.2,-0.15918705687893778,-0.5201357065488531
123.035,-0.2,-0.16055630273196875,-0.26259399265487027
123.04,-0.2,-0.16192882504230993,-0.2794587262659384
123.045,-0.2,-0.1634414728451592,0.01071910707963291
123.05,-0.2,-0.16518000215100706,0.07956203453519244
123.055,-0.2,-0.16711411279997126,0.24118020600952358
123.06,-0.2,-0.16907820611728233,-0.11101335210059857
123.065,-0.2,-0.17083319876132924,-0.4511656615990605
123.07,-0.2,-0.17218970344899093,-0.3217481236141184
123.075,-0.2,-0.17309703599755868,-0.46496964355509907
123.08,-0.2,-0.17364145850265636,-0.19277092704604565
123.085,-0.2,-0.17397389792741028,0.13921310467041825
123.09,-0.2,-0.17420178318989035,0.12007792961629288
123.095,-0.2,-0.17431126343346498,0.017263474507275042
123.1,-0.2,-0.17418011258342095,-0.10497661884344114
123.105,-0.2,-0.17365956700215696,-0.388804988475209
123.11,-0.2,-0.17266965082342614,-0.4399045633592575
123.115,-0.2,-0.17126425717321828,-0.46678243794502144
123.12,-0.2,-0.16962631474368053,-0.07040491869915064
123.125,-0.2,-0.16798730086784505,-0.11814300444544612
123.13,-0.2,-0.1665226051971887,0.2239881826750727
123.135,-0.2,-0.1652805027268977,0.07707019460037598
123.14,-0.2,-0.16417642048426098,-0.17479941101284802
123.145,-0.2,-0.16306908421781724,-0.451931468412412
123.15,-0.2,-0.16187638816967218,-0.3717346828922652
123.155,-0.2,-0.16064298075539457,-0.4659408697167556
123.16,-0.2,-0.15952330931573863,-0.09747054885763441
123.165,-0.2,-0.15869775740247838,0.11859602523313993
123.17,-0.2,-0.15826537903528085,0.05864665424371866
123.175,-0.2,-0.15818386754823993,0.12411916017698713
123.18,-0.2,-0.15829540667921801,-0.31169407314093756
123.185,-0.2,-0.15841882579045363,-0.3632046617993469
123.19,-0.2,-0.1584535404936899,-0.4476578987105248
123.195,-0.2,-0.15842893080890827,-0.3421730179587402
123.2,-0.2,-0.1584721026966075,-0.0314392095206773
123.205,-0.2,-0.1587178636662214,0.027623215409659133
123.21,-0.2,-0.15920992232001963,0.3342241706308542
123.215,-0.2,-0.15984453776005625,0.031336763038028154
123.22,-0.2,-0.16039574347876243,-0.19049770092037166
123.225,-0.2,-0.1606242969106117,-0.4583879281035951
123.23,-0.2,-0.16039920254983697,-0.3232460255334538
123.235,-0.2,-0.15974472853030772,-0.3496998749535537
123.24,-0.2,-0.15880511311897333,-0.23927589567613616
123.245,-0.2,-0.15777213514920815,0.015651933376747793
123.25,-0.2,-0.15680247976149136,0.07737974618373628
123.255,-0.2,-0.1559493441440698,0.12741413069505098
123.26,-0.2,-0.1551473410448886,-0.09968332237705788
123.265,-0.2,-0.15427084911559102,-0.4459054474160532
123.27,-0.2,-0.15324350620389535,-0.5216284460427694
123.275,-0.2,-0.15212511685402166,-0.3835207958951284
123.28,-0.2,-0.15110296697526548,-0.1442680932299632
123.285,-0.2,-0.1503931324360344,0.10599308387806486
123.29,-0.2,-0.15012129132742508,0.18145356287343495
123.295,-0.2,-0.15025361838364826,0.10384698443483281
123.3,-0.2,-0.15061215470613562,-0.08280268988726995
123.305,-0.2,-0.15096313495519306,-0.3873372647081589
123.31,-0.2,-0.151134321063674,-0.48581321659908555
123.315,-0.2,-0.15109366966693882,-0.2220597911240296
123.32,-0.2,-0.15093223415454887,-0.12626652984068834
123.325,-0.2,-0.15077455314649466,-0.009506206266993736
123.33,-0.2,-0.15069260725745828,0.12782786340758193
123.335,-0.2,-0.15065589104286542,0.22891478536667884
123.34,-0.2,-0.15052822841281568,-0.3020138203664825
123.345,-0.2,-0.15014062997551775,-0.33525758526534244
123.35,-0.2,-0.14940903552714158,-0.5509144523540321
123.355,-0.2,-0.14840406102483042,-0.34263382651823426
123.36,-0.2,-0.14733207507442564,-0.34327325103631995
123.365,-0.2,-0.14645800563796513,-0.08327735751585377
123.37,-0.2,-0.14600420234389144,0.2824665292971299
123.375,-0.2,-0.14604545082079762,0.3136850774629327
123.38,-0.2,-0.14645533755856968,-0.016019015457510916
123.385,-0.2,-0.14697068903741534,-0.33546732786010247
123.39,-0.2,-0.14734198450012087,-0.3968368888572982
123.395,-0.2,-0.14745521408443757,-0.4461499562127406
123.4,-0.2,-0.14735245779747486,-0.09400780339680592
123.405,-0.2,-0.1471594284631932,-0.03811187683148812
123.41,-0.2,-0.14697959786951323,0.13517874617968315
123.415,-0.2,-0.14682027608956913,0.13796160005498134
123.42,-0.2,-0.14657632994265446,0.0521195773793828
123.425,-0.2,-0.14607379744321136,-0.30973435648643105
123.43,-0.2,-0.1451706317489078,-0.5797035445421034
123.435,-0.2,-0.14386666988594338,-0.44271921733730124
123.44,-0.2,-0.14233182162512742,-0.1492634505090749
123.445,-0.2,-0.14081492801597104,0.10841016901040049
123.45,-0.2,-0.1395073600520329,0.05611237051295674
123.455,-0.2,-0.13846082954223957,0.22999739788888776
123.46,-0.2,-0.13759126989302248,-0.2495457595008011
123.465,-0.2,-0.13675511390944162,-0.255611198482778
123.47,-0.2,-0.13585569027813932,-0.45769286495636224
123.475,-0.2,-0.13491413791624757,-0.4133682381700556
123.48,-0.2,-0.13406761210946136,-0.10621124679250399
123.485,-0.2,-0.1334945075484081,0.060322267760528986
123.49,-0.2,-0.13330507634829494,0.20246561293489995
123.495,-0.2,-0.13347256879762323,-0.02097530977623524
123.5,-0.2,-0.13385340949038263,-0.15745920542124975
123.505,-0.2,-0.13427479295720884,-0.31048601264955034
123.51,-0.2,-0.1346299142351569,-0.5184078209879152
123.515,-0.2,-0.13493962207663981,-0.4517416831932148
123.52,-0.2,-0.13534935699276868,-0.03831328293421851
123.525,-0.2,-0.13603726740478433,0.15593204316709475
123.53,-0.2,-0.13708516340786747,0.16673449881861505
123.535,-0.2,-0.1384169049133137,-0.027601746329891375
123.54,-0.2,-0.1398478881620521,-0.3195123312168787
123.545,-0.2,-0.14119159538771478,-0.12773422427723133
123.55,-0.2,-0.14233432796322756,-0.36024380413469537
123.555,-0.2,-0.14325843211940256,-0.47953139038151066
123.56,-0.2,-0.1440424596091737,-0.0472395722459962
123.565,-0.2,-0.144807900245638,0.20395496985887818
123.57,-0.2,-0.14560525386260095,0.23856363267601816
123.575,-0.2,-0.1463375732800339,0.07060639476569613
123.58,-0.2,-0.14679210248062216,-0.11831289610718694
123.585,-0.2,-0.14674313314338963,-0.2831929641154836
123.59,-0.2,-0.146058034645874,-0.5114171459613698
123.595,-0.2,-0.14476155339028432,-0.3023496806002759
123.6,-0.2,-0.14302330530370777,-0.09626834172232304
123.605,-0.2,-0.14106334069005444,0.1482705367600004
123.61,-0.2,-0.1390369700793888,0.09738358715803525
123.615,-0.2,-0.13697677097704822,0.08106644117065885
123.62,-0.2,-0.13480932418155894,0.029292052138951252
123.625,-0.2,-0.13241491976499628,-0.26036122061119676
123.63,-0.2,-0.1297037262123592,-0.26989134537168236
123.635,-0.2,-0.12668144821087235,-0.3852280614991694
123.64,-0.2,-0.12346727713357003,-0.14738070410073917
123.645,-0.2,-0.120245779053707,0.08831963961825745
123.65,-0.2,-0.11717127686407341,0.21440071314247544
123.655,-0.2,-0.11428471088545294,0.1389666391058832
123.66,-0.2,-0.11150232844485469,0.0028536962494805918
123.665,-0.2,-0.10868565960305643,-0.4422845951826057
123.67,-0.2,-0.10575899093620605,-0.49797467494613296
123.675,-0.2,-0.10280101546111696,-0.3635419317706081
123.68,-0.2,-0.10003568264387304,-0.13176137184583822
123.685,-0.2,-0.09772212224777868,0.28947877689428664
123.69,-0.2,-0.09602133930361326,0.00479354716625327
123.695,-0.2,-0.09493779685795503,0.022417484478704758
123.7,-0.2,-0.09436377407340683,-0.1340005357959618
123.705,-0.2,-0.09416620256107433,-0.36007255302405283
123.71,-0.2,-0.09426953524236618,-0.496410510084588
123.715,-0.2,-0.09471034428136507,-0.2744620860907985
123.72,-0.2,-0.09561664712219313,0.0014283389575412142
123.725,-0.2,-0.09710434048894949,0.2694358870985447
123.73,-0.2,-0.09916798582022815,0.0074553055134565505
123.735,-0.2,-0.10165355978300737,0.1375373260409793
123.74,-0.2,-0.10431356010777332,-0.14469849180804667
123.745,-0.2,-0.10689025286610446,-0.2440667561765626
123.75,-0.2,-0.10920075394414691,-0.5090512119906024
123.755,-0.2,-0.11119792143347236,-0.20083805108512015
123.76,-0.2,-0.11295316162964146,0.0663306460703438
123.765,-0.2,-0.1145572439478537,0.08766829510463366
123.77,-0.2,-0.1160222139248523,0.18571157882917141
123.775,-0.2,-0.11724745605717603,0.2104592129171104
123.78,-0.2,-0.1180375642834653,0.06348359900117681
123.785,-0.2,-0.11815885328422399,-0.19462673336395997
123.79,-0.2,-0.11743671999515959,-0.5300063911453805
123.795,-0.2,-0.11585373758350276,-0.26885785468044376
123.8,-0.2,-0.11356499917728503,-0.03199903558338024
123.805,-0.2,-0.11081246351314482,-0.17565327552810744
123.81,-0.2,-0.10782510845976878,0.1842784845005793
123.815,-0.2,-0.10475620665698225,0.1759390609013442
123.82,-0.2,-0.10165996934249791,-0.29756368849322895
123.825,-0.2,-0.09853795806377223,-0.12306491299622366
123.83,-0.2,-0.09542168559960094,-0.32968497976869265
123.835,-0.2,-0.09240935997854202,-0.16428893522493662
123.84,-0.2,-0.08965265553282734,-0.28867086434389777
123.845,-0.2,-0.08732586657177215,-0.05606601402982776
123.85,-0.2,-0.0855750515303093,0.25616113501501464
123.855,-0.2,-0.08444606987070345,0.1324073896960714
123.86,-0.2,-0.08385424683590807,-0.2325648023866082
123.865,-0.2,-0.08365388435894668,-0.2771570416087076
123.87,-0.2,-0.08374782186942664,-0.36651477685358363
123.875,-0.2,-0.08413643042936217,-0.12271801197548221
123.88,-0.2,-0.084881393710476,0.008334333983095896
123.885,-0.2,-0.08602528396005345,0.1072575356260681
123.89,-0.2,-0.08752155319784509,0.2802211148631442
123.895,-0.2,-0.0892061652913883,0.08121715324985734
123.9,-0.2,-0.09082521231457062,-0.03669340460600137
123.905,-0.2,-0.09211865927425433,-0.35448821647583256
123.91,-0.2,-0.09292357213679167,-0.3896909079125775
123.915,-0.2,-0.09323788242831704,-0.31214327001238434
123.92,-0.2,-0.09320036153971745,0.005427560970164252
123.925,-0.2,-0.09300074965338863,-0.11417920641064139
123.93,-0.2,-0.09279130061923531,0.11455891870300965
123.935,-0.2,-0.09264080568223311,0.1346689502962428
123.94,-0.2,-0.0925224261950544,-0.022900771416843352
123.945,-0.2,-0.09234847604429733,-0.3407504593740356
123.95,-0.2,-0.09205382481779206,-0.24751765245680038
123.955,-0.2,-0.09166169797604629,-0.2825302417345201
123.96,-0.2,-0.09127692443305031,-0.027594913844425806
123.965,-0.2,-0.09102048846194381,0.10871191808590305
123.97,-0.2,-0.09094877361431403,0.2119341339183115
123.975,-0.2,-0.09100188134164623,0.1854973998896413
123.98,-0.2,-0.0910160129045458,-0.177638953784265
123.985,-0.2,-0.09080790608958687,-0.34756336333494686
123.99,-0.2,-0.0902842138444597,-0.3379115230352221
123.995,-0.2,-0.08949382228901383,-0.24139088167931155
124.0,-0.2,-0.08859284784304929,-0.0788645768500098
124.005,-0.2,-0.08775418174072354,0.2793656087426255
124.01,-0.2,-0.08706159773891088,0.32258558774034474
124.015,-0.2,-0.08644483590417874,0.09346441270204409
124.02,-0.2,-0.0857109373894138,-0.04916496965835176
124.025,-0.2,-0.08465108479600017,-0.2891701952178513
124.03,-0.2,-0.08315076297399197,-0.4227490382374863
124.035,-0.2,-0.08125115621290416,-0.25929526458708796
124.04,-0.2,-0.07913433581845915,-0.1700262571932125
124.045,-0.2,-0.07703622996231452,0.24200111805573132
124.05,-0.2,-0.0751315428707947,0.17910190724200967
124.055,-0.2,-0.0734550734654336,0.23594681539927098
124.06,-0.2,-0.07190151021674768,0.06184654440376297
124.065,-0.2,-0.07029715893642786,-0.3146838190537028
124.07,-0.2,-0.06851552198036455,-0.4909638773365469
124.075,-0.2,-0.06657654026792435,-0.237218883694096
124.08,-0.2,-0.06464246128453167,0.06709464247349604
124.085,-0.2,-0.06290833507446593,0.07149581665207261
124.09,-0.2,-0.06148503179213359,0.3523310035845365
124.095,-0.2,-0.06034639262358657,0.04600754612761222
124.1,-0.2,-0.059353184480426376,-0.022681615043858017
124.105,-0.2,-0.05834421844867371,-0.4655592121658021
124.11,-0.2,-0.057246473047927515,-0.27043633996216304
124.115,-0.2,-0.05612906967784169,-0.29989537852523407
124.12,-0.2,-0.05516922413900798,-0.07701390613596829
124.125,-0.2,-0.054570470267758533,-0.0702886811901765
124.13,-0.2,-0.05448434453041049,0.20738869471014493
124.135,-0.2,-0.054949243394300726,0.27064543322702983
124.14,-0.2,-0.05586188577998368,0.010936186451322334
124.145,-0.2,-0.057024926622384266,-0.35457048746145464
124.15,-0.2,-0.05826937761194188,-0.43975160639258914
124.155,-0.2,-0.05955970904105418,-0.289478405008838
124.16,-0.2,-0.06099350615470541,-0.04462288943973492
124.165,-0.2,-0.06270743374137519,0.09303255041445314
124.17,-0.2,-0.0647690816956764,0.21633961330537083
124.175,-0.2,-0.06711673145373598,0.1804047953701718
124.18,-0.2,-0.06956670874805687,-0.03221278352548143
124.185,-0.2,-0.07188947672123398,-0.3999530084319935
124.19,-0.2,-0.07392625233194923,-0.3991154476193838
124.195,-0.2,-0.0756732600826465,-0.4008650560364131
124.2,-0.2,-0.07727830627070391,-0.22555610879601673
124.205,-0.2,-0.07895958053005762,0.11449016613555169
124.21,-0.2,-0.08088653752740732,0.262709730205006
124.215,-0.2,-0.08308271107410964,0.1222059167616109
124.22,-0.2,-0.08541789947299608,-0.06760944814556274
124.225,-0.2,-0.08769102917400005,-0.1936427919388647
124.23,-0.2,-0.08973792894970388,-0.42491882807306747
124.235,-0.2,-0.09150933292521002,-0.3737026863610514
124.24,-0.2,-0.09308475056549569,-0.03759306140042128
124.245,-0.2,-0.0946017738002428,0.0939512445916872
124.25,-0.2,-0.09614297821126172,0.27550940696675263
124.255,-0.2,-0.09766386363163793,0.06210073227162856
124.26,-0.2,-0.099012693946975,-0.22687154053400616
124.265,-0.2,-0.10003035251092621,-0.35101647781656986
124.27,-0.2,-0.1006560569080246,-0.35561833176118485
124.275,-0.2,-0.10096157931210405,-0.1649985264464865
124.28,-0.2,-0.10110008358775416,0.019293697208831187
124.285,-0.2,-0.10121525867362267,0.032591947717254835
124.29,-0.2,-0.10136221544629179,0.45527205226358874
124.295,-0.2,-0.10145590908957194,0.23865474097057954
124.3,-0.2,-0.1012799854531768,-0.2510054171885998
124.305,-0.2,-0.10059737382195465,-0.300255401031221
124.31,-0.2,-0.09929309774519418,-0.43906206835560385
124.315,-0.2,-0.09743771495126406,-0.3457516160339244
124.32,-0.2,-0.09525870717606369,-0.26459787687937875
124.325,-0.2,-0.09305422139945535,0.1663164608373957
124.33,-0.2,-0.09106909060204063,0.3492075612814384
124.335,-0.2,-0.08938494993040896,0.17461821086175244
124.34,-0.2,-0.08790476618346432,0.008547215227219712
124.345,-0.2,-0.08644646996227633,-0.3374131588809587
124.35,-0.2,-0.08487656920836222,-0.4049124151885051
124.355,-0.2,-0.08319816686252791,-0.23121698595731743
124.36,-0.2,-0.08154077558077792,-0.07107630864394246
124.365,-0.2,-0.08006814495904922,0.2009543605537929
124.37,-0.2,-0.07887330507939319,0.1520001808420579
124.375,-0.2,-0.07792036433878538,0.2836527184208938
124.38,-0.2,-0.07705752765973754,-0.19396677247771998
124.385,-0.2,-0.07609541325915449,-0.09927824084744621
124.39,-0.2,-0.07490732907156478,-0.4603833431969805
124.395,-0.2,-0.07349229546244367,-0.16002741506985996
124.4,-0.2,-0.07196741530562463,-0.1265004102403534
124.405,-0.2,-0.0704955382370158,0.13697496908908907
124.41,-0.2,-0.06919283785391805,0.17825722166820926
124.415,-0.2,-0.06807240768034567,0.04385960616508518
124.42,-0.2,-0.06705712021414655,-0.10814077613532933
124.425,-0.2,-0.06605185841996958,-0.3108967540382243
124.43,-0.2,-0.0650302362271437,-0.4621057094947634
124.435,-0.2,-0.06408716430944236,-0.24715220092169632
124.44,-0.2,-0.0634145469962718,0.030861833491022575
124.445,-0.2,-0.06320447695313063,0.033302144055636584
124.45,-0.2,-0.06354869863224437,0.3514599379076989
124.455,-0.2,-0.06438435925343729,0.22155652515326546
124.46,-0.2,-0.06550436015849953,-0.12450706246070595
124.465,-0.2,-0.06665131199234937,-0.3456037231119779
124.47,-0.2,-0.06764604294921613,-0.24428001294296098
124.475,-0.2,-0.06845187515923885,-0.3154072891972914
124.48,-0.2,-0.0691518793781012,-0.10688025314921015
124.485,-0.2,-0.06987354879949867,0.26350627773300295
124.49,-0.2,-0.07068476792582108,0.28280071552466973
124.495,-0.2,-0.07151308692929996,0.2709451135870383
124.5,-0.2,-0.07214731057643005,0.10869455095273717
124.505,-0.2,-0.07232458139597045,-0.43206580682141055
124.51,-0.2,-0.07186971955669809,-0.5125498721948825
124.515,-0.2,-0.07080967127668536,-0.3651983427651066
124.52,-0.2,-0.06936683764867009,-0.001303991567967136
124.525,-0.2,-0.06782838479881093,0.2528240640907991
124.53,-0.2,-0.06639122640596987,0.25884526256866164
124.535,-0.2,-0.06508264093719236,0.20992131346769294
124.54,-0.2,-0.06378390605378427,-0.0054479682021850995
124.545,-0.2,-0.06232132659367749,-0.20231418096411946
124.55,-0.2,-0.06057534140831944,-0.4069959267237866
124.555,-0.2,-0.05855806402660539,-0.21544219734537337
124.56,-0.2,-0.056413178894541616,-0.09304710912323425
124.565,-0.2,-0.054336205717686915,0.18406791655343563
124.57,-0.2,-0.05246251838357873,0.41477913334192873
124.575,-0.2,-0.050786968697810776,0.06752819263950037
124.58,-0.2,-0.049176679994743,-0.06419529529695021
124.585,-0.2,-0.04746980919499937,-0.15152484888386797
124.59,-0.2,-0.04557279284097615,-0.26600843621761194
124.595,-0.2,-0.04350303179176666,-0.24047425630206304
124.6,-0.2,-0.0413799342010521,-0.04492357163983111
124.605,-0.2,-0.039361193084784724,0.3032773334382844
124.61,-0.2,-0.03753961269902742,0.31748045811983483
124.615,-0.2,-0.03586931812746854,0.21272894743798734
124.62,-0.2,-0.03419067836939894,-0.2592783287219005
124.625,-0.2,-0.03234245886544162,-0.14977777666148243
124.63,-0.2,-0.030269149498158437,-0.3620636403828591
124.635,-0.2,-0.028054713369262033,-0.19315930622361116
124.64,-0.2,-0.025888854595326017,-0.08979646501711554
124.645,-0.2,-0.02399184349835674,0.11666648840321861
124.65,-0.2,-0.02251976697039823,0.41569944941253967
124.655,-0.2,-0.021486616696775384,0.17767789406631013
124.66,-0.2,-0.02076458512305884,-0.19241415516464144
124.665,-0.2,-0.0201904269220743,-0.3618875669955951
124.67,-0.2,-0.019698770666401716,-0.38375010426580886
124.675,-0.2,-0.01937659758728922,-0.23756862374261736
124.68,-0.2,-0.01941595900911363,0.00886474038674509
124.685,-0.2,-0.020005001417798603,0.26759925496979997
124.69,-0.2,-0.021214647278109414,0.3228214140449052
124.695,-0.2,-0.022937276504641852,0.32325257723465883
124.7,-0.2,-0.024915750135352306,-0.22599833749325257
124.705,-0.2,-0.026862027667326215,-0.2560256536528077
124.71,-0.2,-0.028597130610977534,-0.4683858199851596
124.715,-0.2,-0.03011812728651907,-0.16574418246876205
124.72,-0.2,-0.03155357475750713,0.12968010839893768
124.725,-0.2,-0.0330452021736408,0.11162141390571904
124.73,-0.2,-0.03464032709530725,0.38220867204219383
124.735,-0.2,-0.03624749756959033,0.21250907444179817
124.74,-0.2,-0.037656726009998635,0.05535722643378829
124.745,-0.2,-0.03862333578150011,-0.3038170034629014
124.75,-0.2,-0.03898367108092283,-0.24185043953399551
124.755,-0.2,-0.03872621395692214,-0.2009337768330978
124.76,-0.2,-0.037970882756092936,0.061242649617413256
124.765,-0.2,-0.036882690231469714,0.11132482246422665
124.77,-0.2,-0.03558375968870177,0.19959200481074424
124.775,-0.2,-0.03410063980144756,0.4249620803758058
124.78,-0.2,-0.032356803917108545,-0.18302591589443767
124.785,-0.2,-0.030237027948062777,-0.20318095612106263
124.79,-0.2,-0.027700467162904724,-0.2992347492478966
124.795,-0.2,-0.024842644510860993,-0.14461533167864588
124.8,-0.2,-0.021863878369964083,-0.03132914063096404
124.805,-0.2,-0.018989985623153342,0.061276533305079345
124.81,-0.2,-0.016388703282451296,0.4391920824489227
124.815,-0.2,-0.014099886575804967,0.24978426308821622
124.82,-0.2,-0.012016356836833391,0.12453929898462042
124.825,-0.2,-0.009954036617276861,-0.2962640536896869
124.83,-0.2,-0.007778804333763595,-0.30250895459322
124.835,-0.2,-0.005498323830570816,-0.19883235007580582
124.84,-0.2,-0.0032544191901164705,-0.006205944359513384
124.845,-0.2,-0.001233830535143954,0.18835466907492374
124.85,-0.2,0.0004357296882799631,0.27688925593933045
124.855,-0.2,0.0017491329399723235,0.22592040543384556
124.86,-0.2,0.002826237273688353,0.24844446501358425
124.865,-0.2,0.003855343275706724,-0.3387376579042355
124.87,-0.2,0.004990813347990938,-0.15267013744384894
124.875,-0.2,0.006263586008539433,-0.2778340386229647
124.88,-0.2,0.007576204526344105,0.061041770311074314
124.885,-0.2,0.008778097671427959,0.1524411415765212
124.89,-0.2,0.009764503005972912,0.3402623455109023
124.895,-0.2,0.01054318266261399,0.184141208081397
124.9,-0.2,0.011226744964264028,-0.0779628684550894
124.905,-0.2,0.011951899941577504,-0.16778898739073383
124.91,-0.2,0.012779099855195548,-0.44548738130075083
124.915,-0.2,0.013625814930015603,-0.3853059239131488
124.92,-0.2,0.01426336382360707,-0.13555561893511026
124.925,-0.2,0.014398268711586837,0.21496808519011582
124.93,-0.2,0.013808464681941688,0.27882930330033096
124.935,-0.2,0.01243981713967699,0.06882256207658027
124.94,-0.2,0.010390751051162739,-0.1355762443536862
124.945,-0.2,0.007808564245053561,-0.33522668841652103
124.95,-0.2,0.004772311132290387,-0.6239019270922626
124.955,-0.2,0.001223653651265795,-0.19090874013019452
124.96,-0.2,-0.002997667526230434,0.15949953474454628
124.965,-0.2,-0.008016693771497269,0.2359878920391965
124.97,-0.2,-0.013793857284725805,0.36665668468378043
124.975,-0.2,-0.020087184918592172,0.3366658097858132
124.98,-0.2,-0.02649934070564488,-0.0324179959951052
124.985,-0.2,-0.03258276102023849,0.029382312679120476
124.99,-0.2,-0.037955964673904705,-0.279746057331706
124.995,-0.2,-0.042378868085432925,-0.1466891814184649
125.0,-0.2,-0.04577034114882658,-0.12373456219139657
125.005,-0.2,-0.04816784406188979,0.1101509201560874
125.01,-0.2,-0.04964088459598098,0.4366762003115668
125.015,-0.2,-0.050195956066835044,0.2623516462419514
125.02,-0.2,-0.04974014363844955,0.09353625258771094
125.025,-0.2,-0.04814688196129076,-0.30496479576915114
125.03,-0.2,-0.04538297271543815,-0.4575980820999199
125.035,-0.2,-0.04160387453384608,-0.25852223775379235
125.04,-0.2,-0.03714078318694988,-0.007239639747482464
125.045,-0.2,-0.032386981431582564,0.09778279128652531
125.05,-0.2,-0.027672115712920702,0.21171013334320563
125.055,-0.2,-0.023193467723630075,0.18825658679699525
125.06,-0.2,-0.01901856547356618,-0.1262324606827364
125.065,-0.2,-0.015155599871646148,-0.29218418023905124
125.07,-0.2,-0.011652695228015939,-0.3323327413448858
125.075,-0.2,-0.00865314719638151,-0.22757103208153395
125.08,-0.2,-0.006369968191538704,-0.014974139953435404
125.085,-0.2,-0.005001173582014044,0.20697582178041435
125.09,-0.2,-0.004637370897927827,0.16643150213010754
125.095,-0.2,-0.005218014071105562,0.16725957875863082
125.1,-0.2,-0.006552852182986546,0.13167236061728033
125.105,-0.2,-0.008390169841850119,-0.3898850138647143
125.11,-0.2,-0.010523574100191488,-0.4394869811318319
125.115,-0.2,-0.012890922034096891,-0.3046640093783828
125.12,-0.2,-0.015582175376835167,-0.1990717427742417
125.125,-0.2,-0.018750648004976764,0.1788050687613742
125.13,-0.2,-0.022490247740951753,0.301571490443416
125.135,-0.2,-0.026744477940800353,0.14213692633709035
125.14,-0.2,-0.031306732308429196,-0.03979192875401743
125.145,-0.2,-0.035904455114697836,-0.01931919624654216
125.15,-0.2,-0.04029342900692505,-0.31699856608669447
125.155,-0.2,-0.04432383388435164,-0.2924262093560643
125.16,-0.2,-0.047967413581246336,-0.05589481131643115
125.165,-0.2,-0.05126937392381993,0.3462659597840121
125.17,-0.2,-0.05424023958645281,0.1255713048845841
125.175,-0.2,-0.056790495744375745,0.10423753149852998
125.18,-0.2,-0.058759760195682305,0.06428744313764206
125.185,-0.2,-0.05998786397082826,-0.23106947855000903
125.19,-0.2,-0.06039132351107702,-0.45566333795587316
125.195,-0.2,-0.060032014938915856,-0.2565604042553409
125.2,-0.2,-0.059116907172227784,0.02389688438544009
125.205,-0.2,-0.05789984460202586,0.20293708218687406
125.21,-0.2,-0.056558701566410345,0.22582850450836767
125.215,-0.2,-0.0551373208142498,0.09968217075711876
125.22,-0.2,-0.05357149602243396,0.03600461447957212
125.225,-0.2,-0.05176751216698675,-0.37695319047625153
125.23,-0.2,-0.04970049473204146,-0.4080774952409721
125.235,-0.2,-0.047491600538890684,-0.488097962261249
125.24,-0.2,-0.045404587155800064,0.08749268856151532
125.245,-0.2,-0.043739363984331814,0.1263115156154884
125.25,-0.2,-0.0426907318878612,0.2981654046063127
125.255,-0.2,-0.04227472269541557,0.10498359911961415
125.26,-0.2,-0.042355026557350385,0.013604910077836346
125.265,-0.2,-0.042734879408771784,-0.327723187738886
125.27,-0.2,-0.04327047106023844,-0.46302871413414115
125.275,-0.2,-0.043955886215296,-0.35376383259525407
125.28,-0.2,-0.04492265432977064,-0.031488445896444645
125.285,-0.2,-0.04634131287253051,0.2154879161482309
125.29,-0.2,-0.0482943485649041,0.1484651578311123
125.295,-0.2,-0.05071819857768488,0.0065744578810877086
125.3,-0.2,-0.053440412699796415,0.027895417172725145
125.305,-0.2,-0.05625986256278903,-0.3372391962514728
125.31,-0.2,-0.059028003853331776,-0.3130099615942096
125.315,-0.2,-0.06170888251053877,-0.37313920849254884
125.32,-0.2,-0.06437982170395763,-0.02165995871032513
125.325,-0.2,-0.06715810440097914,0.1253368599442331
125.33,-0.2,-0.07009387975544645,0.32669854594001413
125.335,-0.2,-0.07309737012509218,0.15728525464411675
125.34,-0.2,-0.07594943445059292,-0.019606199043659574
125.345,-0.2,-0.07839681163210141,-0.45337181932476583
125.35,-0.2,-0.08028567014889397,-0.4990376753295459
125.355,-0.2,-0.08165239903812929,-0.38655589280795494
125.36,-0.2,-0.08270402773824363,-0.042969491232977455
125.365,-0.2,-0.08369560421047237,0.2399274387261221
125.37,-0.2,-0.08478953498787438,0.09587975656770406
125.375,-0.2,-0.08599030192822048,0.19616170412374653
125.38,-0.2,-0.08718031982642249,-0.3152985387641863
125.385,-0.2,-0.08821978278639106,-0.22904539921562658
125.39,-0.2,-0.0890460903897599,-0.3936770621508616
125.395,-0.2,-0.08971676163721713,-0.34349271271099435
125.4,-0.2,-0.09039024965358713,-0.1631539421218815
125.405,-0.2,-0.09125262418744771,0.3037522863800389
125.41,-0.2,-0.09240271390259396,0.2488353050056001
125.415,-0.2,-0.09377349740098832,0.05722094319366189
125.42,-0.2,-0.09516200898989038,-0.0006177675704913121
125.425,-0.2,-0.09633840653309031,-0.49618457601235777
125.43,-0.2,-0.0971694514900582,-0.49612678959708806
125.435,-0.2,-0.09770213761002353,-0.4691038946908055
125.44,-0.2,-0.09814532075628088,0.0745711934818435
125.445,-0.2,-0.09874375521341797,0.100066361964298
125.45,-0.2,-0.09963656585817707,0.21368954962937883
125.455,-0.2,-0.10080282900505987,-0.0911515595364703
125.46,-0.2,-0.10211250832924026,-0.14658559073480748
125.465,-0.2,-0.103424471704048,-0.3226591655517493
125.47,-0.2,-0.10466427936050382,-0.27842221334583794
125.475,-0.2,-0.10585510830132153,-0.4287099026909419
125.48,-0.2,-0.10710963164357658,-0.1813742404436259
125.485,-0.2,-0.1085783657606718,0.14783481031773016
125.49,-0.2,-0.11034820685428423,0.35358672826498533
125.495,-0.2,-0.11235199342175485,0.01336302024892827
125.5,-0.2,-0.11438076509077216,-0.10571303483248543
125.505,-0.2,-0.11619583680554861,-0.40231983909122
125.51,-0.2,-0.11765167081313932,-0.4381488048724742
125.515,-0.2,-0.11875641041814397,-0.2721442433904719
125.52,-0.2,-0.11964351559087467,-0.11250736104656248
125.525,-0.2,-0.1204798165959707,0.04684162248891471
125.53,-0.2,-0.12136450432382924,0.349188958985814
125.535,-0.2,-0.12225704726419458,0.18372611087826365
125.54,-0.2,-0.12297115790146664,0.002921552931919924
125.545,-0.2,-0.12325786987461211,-0.3162867538968458
125.55,-0.2,-0.12293393943922717,-0.4093075721030453
125.555,-0.2,-0.1219745610126407,-0.3714478932001909
125.56,-0.2,-0.1205151660792991,-0.048286397463482594
125.565,-0.2,-0.11876216746267065,0.11830089268801502
125.57,-0.2,-0.11687293876070466,0.20285733986870402
125.575,-0.2,-0.11488461646345445,0.07963557061978747
125.58,-0.2,-0.11273278787651553,-0.2461938281772883
125.585,-0.2,-0.11034957351935984,-0.5434180072304698
125.59,-0.2,-0.10777604447256207,-0.3153571254221856
125.595,-0.2,-0.10519426545481646,-0.21550403776462815
125.6,-0.2,-0.10285971745590117,-0.1616181733761638
125.605,-0.2,-0.10101005682784076,-0.018312383497140802
125.61,-0.2,-0.09979791161552942,0.2154520821693452
125.615,-0.2,-0.09924126738147063,0.15339790810546816
125.62,-0.2,-0.09921429820117543,-0.07425081574624048
125.625,-0.2,-0.09951318326004002,-0.29526961164129356
125.63,-0.2,-0.09996553206181928,-0.3544890264559518
125.635,-0.2,-0.10050896166030708,-0.36022576188086297
125.64,-0.2,-0.10119357897946377,-0.038074595612264325
125.645,-0.2,-0.10211342201983399,-0.003610710901930478
125.65,-0.2,-0.10331575427419723,0.16845132129651902
125.655,-0.2,-0.10474501755951462,0.10120889684001788
125.66,-0.2,-0.10624112140724336,0.07779283206939447
125.665,-0.2,-0.1075904462861493,-0.3604661654647289
125.67,-0.2,-0.10862220844345513,-0.4179553392679762
125.675,-0.2,-0.10930093538227995,-0.40188461381418794
125.68,-0.2,-0.1097443109572472,-0.22464010552796926
125.685,-0.2,-0.11015021111684803,0.12855009561405895
125.69,-0.2,-0.11067812722342264,0.1675188523216709
125.695,-0.2,-0.11136005728328036,0.06335771463309892
125.7,-0.2,-0.11209645617628247,0.04523953081725436
125.705,-0.2,-0.11272769478814408,-0.4531874992786773
125.71,-0.2,-0.11314017507737975,-0.3736325600030521
125.715,-0.2,-0.11334519007175428,-0.26132771831807744
125.72,-0.2,-0.11346736528340265,-0.12828599397574394
125.725,-0.2,-0.11365911795020853,0.12112075473868017
125.73,-0.2,-0.11400397817241908,0.25400953070003884
125.735,-0.2,-0.1144519302432784,0.17698342487802185
125.74,-0.2,-0.1148258759487549,-0.13805668747007968
125.745,-0.2,-0.11491049195345825,-0.28937781098602455
125.75,-0.2,-0.11456862618223797,-0.41352916592792843
125.755,-0.2,-0.11380937830499224,-0.2972112682112302
125.76,-0.2,-0.11277407992012399,-0.1287354984730138
125.765,-0.2,-0.11165202275885756,0.21007757516894848
125.77,-0.2,-0.11056796668853208,0.23236873362053567
125.775,-0.2,-0.10951615646236434,-0.12319920379816837
125.78,-0.2,-0.10839238160989101,0.04399774256783848
125.785,-0.2,-0.10708467934097075,-0.5080865200738943
125.79,-0.2,-0.10556143189762456,-0.33970807204592507
125.795,-0.2,-0.10392327104325945,-0.39824173350394104
125.8,-0.2,-0.10238560837797528,-0.15507218522599975
125.805,-0.2,-0.10119427256289995,0.1158473584410152
125.81,-0.2,-0.1005170292630099,0.20464464483888445
125.815,-0.2,-0.10036773643570143,0.11332765649828326
125.82,-0.2,-0.10061372266194751,-0.11517638924255258
125.825,-0.2,-0.10106355473438036,-0.33488238585223784
125.83,-0.2,-0.1015746217531279,-0.27846865944162913
125.835,-0.2,-0.1021178846406135,-0.5067633706115169
125.84,-0.2,-0.10278184705925635,-0.13333180409718237
125.845,-0.2,-0.1037127219245361,0.15927442612749626
125.85,-0.2,-0.1049962382219947,0.380352353697941
125.855,-0.2,-0.10656328528902768,-0.13899612651196946
125.86,-0.2,-0.10821944754075659,-0.1591376214379925
125.865,-0.2,-0.1097692245439907,-0.4084693374806398
125.87,-0.2,-0.11112371701930122,-0.46103125626439784
125.875,-0.2,-0.11233930953352476,-0.3311273871769245
125.88,-0.2,-0.11358520057566408,-0.14780369128014137
125.885,-0.2,-0.11504939135832798,0.21206115660205754
125.89,-0.2,-0.11683010911719667,0.009479986966016152
125.895,-0.2,-0.11888014550688907,0.23582875137653014
125.9,-0.2,-0.12102792910886213,-0.18437147723489777
125.905,-0.2,-0.12305959026699605,-0.3985283191105404
125.91,-0.2,-0.12482703838463041,-0.28557540227057276
125.915,-0.2,-0.12631016233826428,-0.3529878772055335
125.92,-0.2,-0.12759304273181576,-0.014249898437473096
125.925,-0.2,-0.1287777364193057,0.28808897289786034
125.93,-0.2,-0.12988118170764468,0.10255266250776396
125.935,-0.2,-0.13078752615581532,0.15478145823548256
125.94,-0.2,-0.13129507988296393,-0.28389027372410636
125.945,-0.2,-0.13122375994614888,-0.4052815939735202
125.95,-0.2,-0.13052329240597704,-0.4876129164783575
125.955,-0.2,-0.129320014714781,-0.3531672018306158
125.96,-0.2,-0.1278786204349419,-0.2713374666892881
125.965,-0.2,-0.12650712212389964,0.1270589108849746
125.97,-0.2,-0.1254423836110676,0.14781395605824665
125.975,-0.2,-0.12476931920380578,0.014474957096120608
125.98,-0.2,-0.12443055136443652,-0.1857468225442626
125.985,-0.2,-0.12431539361465478,-0.3384104917273112
125.99,-0.2,-0.12435883392912413,-0.4310836634724528
125.995,-0.2,-0.12459308167837535,-0.25803505589341896
126.0,-0.2,-0.12512702476924567,-0.09285860488633096
126.005,-0.2,-0.12607133846520133,-0.008150579534901808
126.01,-0.2,-0.1274607034953077,0.1852973504286905
126.015,-0.2,-0.12921237444000389,0.010108429360879079
126.02,-0.2,-0.13113832595897848,-0.02226913880540786
126.025,-0.2,-0.13301537694017768,-0.49240234444196523
126.03,-0.2,-0.13469693067716035,-0.6615990054142884
126.035,-0.2,-0.13620085795990317,-0.17189208118987848
126.04,-0.2,-0.13768282684621755,-0.139964448019145
126.045,-0.2,-0.1393171717903733,-0.07397578846557862
126.05,-0.2,-0.14120171934834527,0.09935023125801282
126.055,-0.2,-0.14332224864172832,0.059596020606308385
126.06,-0.2,-0.1455531396522711,0.007475229715196263
126.065,-0.2,-0.1476980572755944,-0.20738988622619572
126.07,-0.2,-0.14956756203779564,-0.37556615265135534
126.075,-0.2,-0.15105548138859995,-0.2516811992506007
126.08,-0.2,-0.15215507928948935,0.04985969642353197
126.085,-0.2,-0.15289522982779957,0.05180512297091591
126.09,-0.2,-0.15325451750901925,0.29085627045546225
126.095,-0.2,-0.1531120389641763,0.24419786863643161
126.1,-0.2,-0.15225361056780087,-0.05927156885803876
126.105,-0.2,-0.15045397598271457,-0.5109387871826865
126.11,-0.2,-0.1476136069447844,-0.4633073297916704
126.115,-0.2,-0.14384515190816557,-0.29465250048160146
126.12,-0.2,-0.13943038190005738,0.002098806482939669
126.125,-0.2,-0.13468838945092335,0.10489615018608228
126.13,-0.2,-0.12985415290842048,0.1694808774664031
126.135,-0.2,-0.12503048686605095,-0.004187994113875285
126.14,-0.2,-0.12021651531285908,-0.03003138218920437
126.145,-0.2,-0.11537886883197968,-0.3299101635698817
126.15,-0.2,-0.1105340284758448,-0.4779337354963508
126.155,-0.2,-0.10580591474539452,-0.14575066269683248
126.16,-0.2,-0.10140935566390363,-0.20202384088414016
126.165,-0.2,-0.09756931853111062,0.06750426461269846
126.17,-0.2,-0.09443551405972753,0.2251522847596564
126.175,-0.2,-0.09202705936439512,0.015980749538075267
126.18,-0.2,-0.09023667098452538,-0.022803661622765065
126.185,-0.2,-0.08890058727733559,-0.2900027557922888
126.19,-0.2,-0.08789092902020415,-0.408181725373111
126.195,-0.2,-0.08718388770730662,-0.33717109245976284
126.2,-0.2,-0.08685923568236754,0.07375799109212142
126.205,-0.2,-0.08701385412821996,0.1384085782669881
126.21,-0.2,-0.0876518586336073,0.25740042224995485
126.215,-0.2,-0.08863884679455945,0.004668812807335346
126.22,-0.2,-0.08974893461378683,-0.20266634193576177
126.225,-0.2,-0.09076554761474874,-0.2157916234031783
126.23,-0.2,-0.09156472813525598,-0.33699066206994466
126.235,-0.2,-0.09214744091665157,-0.4252871927449999
126.24,-0.2,-0.09262823520746889,-0.027021216294304026
126.245,-0.2,-0.0931667196855606,0.15538208368683465
126.25,-0.2,-0.09385743250847409,0.194871463073842
126.255,-0.2,-0.09466080060146063,0.10405966335151913
126.26,-0.2,-0.09542779835483037,-0.198805582954951
126.265,-0.2,-0.09599512423851779,-0.3420566639829564
126.27,-0.2,-0.09628827669496309,-0.39325271286173197
126.275,-0.2,-0.09637291311817969,-0.4099665201288062
126.28,-0.2,-0.09643324694847269,-0.06636369048379975
126.285,-0.2,-0.0966816185393224,0.24530373438078545
126.29,-0.2,-0.09723897137690145,0.08516849189048681
126.295,-0.2,-0.09807213820833942,0.1538846759779406
126.3,-0.2,-0.09902468198448655,-0.08842517833068889
126.305,-0.2,-0.09990250690905798,-0.33300266075493296
126.31,-0.2,-0.10057178949241778,-0.3358836863048215
126.315,-0.2,-0.1010239385358519,-0.3663013805910752
126.32,-0.2,-0.10136992696725179,-0.11138156888742035
126.325,-0.2,-0.10176982752920392,0.0635407141323526
126.33,-0.2,-0.10233294826148241,0.2731976688128125
126.335,-0.2,-0.10303572501815614,0.29464362105974873
126.34,-0.2,-0.10370609482868674,-0.06719839495371288
126.345,-0.2,-0.10410277693308825,-0.3427538259634214
126.35,-0.2,-0.10404893708498554,-0.33315373031449635
126.355,-0.2,-0.10352610111775587,-0.5126615646447394
126.36,-0.2,-0.10268112402634376,-0.15569590344834916
126.365,-0.2,-0.10175201780212777,0.10997406709348947
126.37,-0.2,-0.10094373692062494,0.14763330956617682
126.375,-0.2,-0.10033878936153756,-0.07085959366129238
126.38,-0.2,-0.09990729428599601,-0.056259088729385266
126.385,-0.2,-0.09957845885524669,-0.2699250125045454
126.39,-0.2,-0.09931370283013183,-0.43913975684690865
126.395,-0.2,-0.09916546494978633,-0.48166552036462684
126.4,-0.2,-0.09929020770419189,0.009835845386045594
126.405,-0.2,-0.0998695941523233,0.1949998383149728
126.41,-0.2,-0.10097954662701199,0.26377404242167907
126.415,-0.2,-0.10251233818663837,0.28071817418721656
126.42,-0.2,-0.10420219183181478,-0.17621109715508249
126.425,-0.2,-0.1057362276305226,-0.2704333666736098
126.43,-0.2,-0.1068875199307343,-0.3745724418692749
126.435,-0.2,-0.10758751695516217,-0.2782446171116598
126.44,-0.2,-0.10791002644532156,-0.156670917965835
126.445,-0.2,-0.10799635854994848,0.08596510227627843
126.45,-0.2,-0.10796594957142998,0.001316903104495698
126.455,-0.2,-0.10786334320478483,0.015827165492746292
126.46,-0.2,-0.10766241397980696,-0.026728070568910495
126.465,-0.2,-0.10730283553853837,-0.17056614863270192
126.47,-0.2,-0.10674003326290352,-0.3725444094527925
126.475,-0.2,-0.10599625126874729,-0.1980821617643311
126.48,-0.2,-0.10517581810037888,-0.26482542578157237
126.485,-0.2,-0.1044301715627676,-0.0435060029074881
126.49,-0.2,-0.10389392614310239,0.19244271430060284
126.495,-0.2,-0.10361330014740225,0.16216590968377473
126.5,-0.2,-0.10351412405933659,-0.1287439032545798
126.505,-0.2,-0.10346044875966437,-0.41543355715807245
126.51,-0.2,-0.10336775120788247,-0.32318963637148396
126.515,-0.2,-0.10327460477338676,-0.44009185905494536
126.52,-0.2,-0.10333096632053711,-0.11986365929227713
126.525,-0.2,-0.10372535172589976,-0.0021304887269304323
126.53,-0.2,-0.10458461183403726,0.2904673007002745
126.535,-0.2,-0.10589148504013073,0.1604760432842975
126.54,-0.2,-0.10747455154230114,-0.08686005298541911
126.545,-0.2,-0.10908584773344164,-0.16496320296329767
126.55,-0.2,-0.1105102477907664,-0.3339483017950245
126.555,-0.2,-0.11164262507562274,-0.42298921707017634
126.56,-0.2,-0.11250811586668936,-0.05500053430541678
126.565,-0.2,-0.11320873994494965,0.06535891252859946
126.57,-0.2,-0.1138219722473507,0.13634952398521952
126.575,-0.2,-0.11432384406935396,0.3245743320692621
126.58,-0.2,-0.11458321704305335,-0.35645302744179047
126.585,-0.2,-0.11444703548746374,-0.4098042422355899
126.59,-0.2,-0.11387142636649046,-0.4750889041513354
126.595,-0.2,-0.11298280395451077,-0.2816426312359065
126.6,-0.2,-0.11202404879856603,-0.053971091500055655
126.605,-0.2,-0.11124007775015776,0.12347157446239106
126.61,-0.2,-0.11077096437881448,0.19803105431071766
126.615,-0.2,-0.11060614602814862,-0.034561046281539276
126.62,-0.2,-0.11061895918320802,-0.020880852181364512
126.625,-0.2,-0.11064291027970087,-0.12590110613704103
126.63,-0.2,-0.11053677882872232,-0.2433096945231044
126.635,-0.2,-0.1102254240493288,-0.2166718886426484
126.64,-0.2,-0.10970478889636225,0.1271181768210169
126.645,-0.2,-0.10898580573876067,0.2646340329283217
126.65,-0.2,-0.10801147193136652,0.19378386790483232
126.655,-0.2,-0.10663218139880198,-0.029294447267101162
126.66,-0.2,-0.104666876590354,-0.1299858711931282
126.665,-0.2,-0.10199544866369248,-0.3070954709476134
126.67,-0.2,-0.09862542889702504,-0.3548650305987928
126.675,-0.2,-0.09471249020945863,-0.2958396115439248
126.68,-0.2,-0.09052813904852447,-0.12571918678608215
126.685,-0.2,-0.08637576797694949,0.21550098433608328
126.69,-0.2,-0.08248403563946244,0.13802178750032051
126.695,-0.2,-0.07894372305173473,0.010195659277276434
126.7,-0.2,-0.07572742241757464,0.0885534316370579
126.705,-0.2,-0.07275644789212798,-0.3285763986546432
126.71,-0.2,-0.06998505934687564,-0.5344037297825974
126.715,-0.2,-0.06748790669794341,-0.4588642961791506
126.72,-0.2,-0.06547969678304198,-0.04793975759214099
126.725,-0.2,-0.06422291338228582,0.002183952772050607
126.73,-0.2,-0.0638953343839356,0.2519200099918467
126.735,-0.2,-0.06450451093606265,0.28789335082713957
126.74,-0.2,-0.06588046910042394,-0.15518010092662898
126.745,-0.2,-0.0677585868195596,-0.24561327155149287
126.75,-0.2,-0.06991290673401318,-0.47054317273257
126.755,-0.2,-0.07224918686283142,-0.3210826418716427
126.76,-0.2,-0.0748021946239335,0.014433562452333779
126.765,-0.2,-0.07764301783505032,0.1739013973559783
126.77,-0.2,-0.08075686948996444,0.4046771395384484
126.775,-0.2,-0.08396692798733017,0.31036841645403124
126.78,-0.2,-0.08695183569812047,-0.190224866408105
126.785,-0.2,-0.0893627796695328,-0.21641076925434122
126.79,-0.2,-0.09095914247819772,-0.17758403399647543
126.795,-0.2,-0.09166252533135372,-0.29730477599222016
126.8,-0.2,-0.09153592948128769,-0.1548157675486364
126.805,-0.2,-0.09072920580869917,0.16347368841137988
126.81,-0.2,-0.08939297747371934,0.16498266223038682
126.815,-0.2,-0.08760390565606109,0.02323585103578954
126.82,-0.2,-0.08537014679582083,-0.22910233793801693
126.825,-0.2,-0.08270786900031042,-0.274211733917208
126.83,-0.2,-0.0797212296017517,-0.5449430832025928
126.835,-0.2,-0.07663598810559483,-0.15333528476491048
126.84,-0.2,-0.07375794077349357,-0.039434670518529474
126.845,-0.2,-0.07136818605812792,0.13090065974031337
126.85,-0.2,-0.06961916356362982,0.3964563837157974
126.855,-0.2,-0.06848167558817739,0.09978339662650682
126.86,-0.2,-0.0677733061274345,-0.12614364200180278
126.865,-0.2,-0.06726773448784493,-0.23773666331999133
126.87,-0.2,-0.06681170504068701,-0.3571729029483206
126.875,-0.2,-0.06638145861108698,-0.2904077392055123
126.88,-0.2,-0.06606523418321922,0.04452041512753312
126.885,-0.2,-0.06598360298297401,0.028642047038555773
126.89,-0.2,-0.06619759153080522,0.21923020477883104
126.895,-0.2,-0.06665820906248497,0.1995432298753183
126.9,-0.2,-0.06721266327645481,-0.11584920734911347
126.905,-0.2,-0.06766713375543863,-0.08681290856401089
126.91,-0.2,-0.06787505895297129,-0.38519074379113466
126.915,-0.2,-0.0677943472859179,-0.06277231878287443
126.92,-0.2,-0.0674768745405134,0.007197964978047158
126.925,-0.2,-0.06699303784618355,0.3150120684939504
126.93,-0.2,-0.06633933076904297,0.33432008363198595
126.935,-0.2,-0.06539362507747976,0.0967812269446647
126.94,-0.2,-0.06396120216867535,-0.2219800935619593
126.945,-0.2,-0.06188923629782417,-0.23899727197696852
126.95,-0.2,-0.05916053849228278,-0.269612662060941
126.955,-0.2,-0.05591141634257494,-0.3240076618715164
126.96,-0.2,-0.05238760593149705,0.11729974670680737
126.965,-0.2,-0.04885786780047086,0.017171964604631273
126.97,-0.2,-0.04552180919368224,0.21930614591612319
126.975,-0.2,-0.042463397410456474,0.12462413263825675
126.98,-0.2,-0.039662850182876006,-0.07844227964359875
126.985,-0.2,-0.03705187333908395,-0.03393917104327199
126.99,-0.2,-0.034579414539804516,-0.2619905105416762
126.995,-0.2,-0.032257385604821956,-0.2483089204330925
127.0,-0.2,-0.030174323273438965,-0.05137138791319094
127.005,-0.2,-0.028454333604513868,0.2236610368184138
127.01,-0.2,-0.02716940272044911,0.21731549391177551
127.015,-0.2,-0.02627711977998114,0.10910468221276214
127.02,-0.2,-0.025642717739161294,-0.1840661562634775
127.025,-0.2,-0.025126555025830243,-0.18977960062805696
127.03,-0.2,-0.024664822908589863,-0.23046980865534106
127.035,-0.2,-0.024297508121690937,-0.339172099800405
127.04,-0.2,-0.024156581566209288,-0.18665892101142623
127.045,-0.2,-0.02441945216245081,0.19293856787876684
127.05,-0.2,-0.025223736328394704,-0.0008767206806052363
127.055,-0.2,-0.02660026274404531,0.13504577354063182
127.06,-0.2,-0.028478969563057812,-0.18245826503787513
127.065,-0.2,-0.030748038251090057,-0.14659319476322505
127.07,-0.2,-0.03331752803573048,-0.2226356543668606
127.075,-0.2,-0.036150375049196444,-0.15691303770009882
127.08,-0.2,-0.039246865628286165,0.10314596731969844
127.085,-0.2,-0.042589899122016626,0.1702220202484543
127.09,-0.2,-0.04608020741291209,0.336523075160797
127.095,-0.2,-0.049505094758844605,0.16383600343013394
127.1,-0.2,-0.05256671706408619,0.05070709447242697
127.105,-0.2,-0.05496173479727145,-0.16296698737757623
127.11,-0.2,-0.05647795001246011,-0.3802012636210481
127.115,-0.2,-0.057062725863412586,-0.14090748104629172
127.12,-0.2,-0.05681505219574178,0.03851850966173471
127.125,-0.2,-0.05589397720777139,0.26907274134293274
127.13,-0.2,-0.05440940689288347,0.23013708239158046
127.135,-0.2,-0.05237268171757737,0.09358515428873877
127.14,-0.2,-0.04972713823764506,0.0035492528326510134
127.145,-0.2,-0.046419178749633444,-0.12108135793675881
127.15,-0.2,-0.04246098654773416,-0.20810008990292703
127.155,-0.2,-0.037967832129826004,-0.3190739311607451
127.16,-0.2,-0.033168614638874994,-0.24834256032299834
127.165,-0.2,-0.028374495763090233,0.0626494489565649
127.17,-0.2,-0.023893397142102882,0.2030507132482768
127.175,-0.2,-0.019929181378592453,0.2189063354585005
127.18,-0.2,-0.016538227892616903,0.021329521439903458
127.185,-0.2,-0.013679122366512066,-0.3618636511023629
127.19,-0.2,-0.011324494562122454,-0.3734517223216204
127.195,-0.2,-0.009549282928787097,-0.26177670018003785
127.2,-0.2,-0.008523369126826847,-0.048580808570755744
127.205,-0.2,-0.008425798162676156,0.05586739716239672
127.21,-0.2,-0.009353380187435662,0.14811399746229986
127.215,-0.2,-0.011269211166748148,0.2508917797139977
127.22,-0.2,-0.013996037798967428,0.10956675604511446
127.225,-0.2,-0.01726242089041021,-0.25634624042411897
127.23,-0.2,-0.02080217865976087,-0.2377224904345333
127.235,-0.2,-0.024448638683442065,-0.29926189570673806
127.24,-0.2,-0.028155517257367597,-0.03999016518204933
127.245,-0.2,-0.031934148481853455,0.3161464753705807
127.25,-0.2,-0.035749932943406816,0.1548197414315816
127.255,-0.2,-0.03945166927969976,0.44709541089249927
127.26,-0.2,-0.042774881926826214,-0.00280218744547423
127.265,-0.2,-0.04541383501485705,-0.15957060552308866
127.27,-0.2,-0.04713479853292343,-0.2570578539861127
127.275,-0.2,-0.04786145834603916,-0.2422421004964565
127.28,-0.2,-0.04767898185316448,-0.07256386924477168
127.285,-0.2,-0.04676891961201679,0.10116036135282373
127.29,-0.2,-0.045311975204167,0.3176982574827631
127.295,-0.2,-0.04340644259636014,0.1196869685074348
127.3,-0.2,-0.04105475090404003,0.005650023977612009
127.305,-0.2,-0.03822585837564653,-0.20923705339734322
127.31,-0.2,-0.03494243485199367,-0.29076569860087115
127.315,-0.2,-0.031338436359582805,-0.3247770711546273
127.32,-0.2,-0.027657123008427896,-0.003970129530362111
127.325,-0.2,-0.024178399548196963,0.17688630204437872
127.33,-0.2,-0.02111650592455063,0.04881864132533023
127.335,-0.2,-0.018565362769741578,0.1839617598504834
127.34,-0.2,-0.016513582395441744,-0.09705477489079223
127.345,-0.2,-0.014907069430673056,-0.38848718014305783
127.35,-0.2,-0.01373978748583032,-0.36693704071482025
127.355,-0.2,-0.01311380175645843,-0.2345060127358328
127.36,-0.2,-0.013207283332509421,0.07389039067824867
127.365,-0.2,-0.014172476271340719,0.1444689939751269
127.37,-0.2,-0.016033758585835185,0.45366981894359915
127.375,-0.2,-0.018634746725121935,0.19581030456455792
127.38,-0.2,-0.021662610416526163,0.051965782180315584
127.385,-0.2,-0.02475129533986899,-0.2538074729895206
127.39,-0.2,-0.02760651119969386,-0.1754750733072131
127.395,-0.2,-0.030076095960258793,-0.22279389165849614
127.4,-0.2,-0.032141783722276496,-0.03300427421527727
127.405,-0.2,-0.03385586733972219,0.17306993557341627
127.41,-0.2,-0.0352530916459932,0.3318107134162461
127.415,-0.2,-0.036279300433857346,0.20643247160591374
127.42,-0.2,-0.03678524863578765,0.08735437393254437
127.425,-0.2,-0.03659429586098624,-0.23407848779376883
127.43,-0.2,-0.03560488788781078,-0.3317052505973688
127.435,-0.2,-0.03386672976072132,-0.232917446404794
127.44,-0.2,-0.03157458431424777,0.040640753066676694
127.445,-0.2,-0.028977772302310238,0.16767730783948034
127.45,-0.2,-0.02626860614258083,0.3024954136081539
127.455,-0.2,-0.02352375961086774,-0.028837007859486563
127.46,-0.2,-0.020730618178923976,0.003158126545622586
