t,reference,measured,noisy
24.605,0.2,0.24669045356249325,0.24669045356249325
24.61,0.2,0.3581118104196353,0.3581118104196353
24.615,0.2,0.1639201030879775,0.1639201030879775
24.62,0.2,-0.027560290529946175,-0.027560290529946175
24.625,0.2,-0.1907677346061271,-0.1907677346061271
24.63,0.2,-0.2336936627623738,-0.2336936627623738
24.635,0.2,-0.219336402328628,-0.219336402328628
24.64,0.2,0.13791669542820464,0.13791669542820464
24.645,0.2,0.40237875466884,0.40237875466884
24.65,0.2,0.28956269528348066,0.28956269528348066
24.655,0.2,0.3929967311095049,0.3929967311095049
24.66,0.2,-0.139581827372292,-0.139581827372292
24.665,0.2,-0.16535313069720986,-0.16535313069720986
24.67,0.2,-0.31785143727784376,-0.31785143727784376
24.675,0.2,-0.34886693044297684,-0.34886693044297684
24.68,0.2,0.09399295827138077,0.09399295827138077
24.685,0.2,0.2989909013076441,0.2989909013076441
24.69,0.2,0.4768889439763967,0.4768889439763967
24.695,0.2,0.14756245847578567,0.14756245847578567
24.7,0.2,0.038188284008019824,0.038188284008019824
24.705,0.2,-0.36122147128540694,-0.36122147128540694
24.71,0.2,-0.2992851264668091,-0.2992851264668091
24.715,0.2,-0.24368656879154316,-0.24368656879154316
24.72,0.2,0.033633667793813334,0.033633667793813334
24.725,0.2,0.2589910243807559,0.2589910243807559
24.73,0.2,0.5023628956040043,0.5023628956040043
24.735,0.2,0.20721000381874558,0.20721000381874558
24.74,0.2,0.05506304070112991,0.05506304070112991
24.745,0.2,-0.1132682344311704,-0.1132682344311704
24.75,0.2,-0.2777184878133684,-0.2777184878133684
24.755,0.2,-0.13038374124491497,-0.13038374124491497
24.76,0.2,0.06071070752879616,0.06071070752879616
24.765,0.2,0.27315390075641105,0.27315390075641105
24.77,0.2,0.47855733659445326,0.47855733659445326
24.775,0.2,0.249622054312651,0.249622054312651
24.78,0.2,-0.0027658614544924867,-0.0027658614544924867
24.785,0.2,-0.17955474998210652,-0.17955474998210652
24.79,0.2,-0.312107934161864,-0.312107934161864
24.795,0.2,-0.1518326079310066,-0.1518326079310066
24.8,0.2,0.4174042298915408,0.4174042298915408
24.805,0.2,0.4472698177558644,0.4472698177558644
24.81,0.2,0.3749067384224082,0.3749067384224082
24.815,0.2,0.3224942278903958,0.3224942278903958
24.82,0.2,0.03101632978091977,0.03101632978091977
24.825,0.2,-0.1835408365927743,-0.1835408365927743
24.83,0.2,-0.31357173919671366,-0.31357173919671366
24.835,0.2,-0.25566584618433363,-0.25566584618433363
24.84,0.2,0.19112131036783978,0.19112131036783978
24.845,0.2,0.4082988659509744,0.4082988659509744
24.85,0.2,0.40626004329960064,0.40626004329960064
24.855,0.2,0.32608207278725243,0.32608207278725243
24.86,0.2,-0.041706492000137804,-0.041706492000137804
24.865,0.2,-0.19403657171036087,-0.19403657171036087
24.87,0.2,-0.45631490967541916,-0.45631490967541916
24.875,0.2,-0.21720008309348812,-0.21720008309348812
24.88,0.2,0.0928121150537308,0.0928121150537308
24.885,0.2,0.36206746212408614,0.36206746212408614
24.89,0.2,0.5395446249875068,0.5395446249875068
24.895,0.2,0.4219443621148554,0.4219443621148554
24.9,0.2,0.03276001234551087,0.03276001234551087
24.905,0.2,-0.21077091741197915,-0.21077091741197915
24.91,0.2,-0.34884756147638263,-0.34884756147638263
24.915,0.2,-0.1693297254212428,-0.1693297254212428
24.92,0.2,0.04449939961301436,0.04449939961301436
24.925,0.2,0.46260273495883264,0.46260273495883264
24.93,0.2,0.44977579977820353,0.44977579977820353
24.935,0.2,0.49811192311763575,0.49811192311763575
24.94,0.2,0.0895209303472051,0.0895209303472051
24.945,0.2,-0.17093655051997098,-0.17093655051997098
24.95,0.2,-0.24190785986547472,-0.24190785986547472
24.955,0.2,-0.27029232710875745,-0.27029232710875745
24.96,0.2,-0.10368310514431577,-0.10368310514431577
24.965,0.2,0.25234572360064267,0.25234572360064267
24.97,0.2,0.4179893622012179,0.4179893622012179
24.975,0.2,0.43243645028540567,0.43243645028540567
24.98,0.2,0.019042264285310292,0.019042264285310292
24.985,0.2,-0.2252762555544841,-0.2252762555544841
24.99,0.2,-0.19838925523164574,-0.19838925523164574
24.995,0.2,-0.1520309792301115,-0.1520309792301115
25.0,0.2,-0.0862645940445943,-0.0862645940445943
25.005,0.2,0.251976442646861,0.251976442646861
25.01,0.2,0.6056574787967336,0.6056574787967336
25.015,0.2,0.3061381610408149,0.3061381610408149
25.02,0.2,0.006154195723583181,0.006154195723583181
25.025,0.2,-0.32772771025073233,-0.32772771025073233
25.03,0.2,-0.37984619480992754,-0.37984619480992754
25.035,0.2,-0.03243435746016063,-0.03243435746016063
25.04,0.2,-0.011301608222863496,-0.011301608222863496
25.045,0.2,0.27976710237469377,0.27976710237469377
25.05,0.2,0.3373176451507885,0.3373176451507885
25.055,0.2,0.2500189089396784,0.2500189089396784
25.06,0.2,-0.014514116609474957,-0.014514116609474957
25.065,0.2,-0.2857279214665497,-0.2857279214665497
25.07,0.2,-0.34965466095353626,-0.34965466095353626
25.075,0.2,-0.07021842101809603,-0.07021842101809603
25.08,0.2,0.10007021899331128,0.10007021899331128
25.085,0.2,0.3084041036747384,0.3084041036747384
25.09,0.2,0.4959432338740096,0.4959432338740096
25.095,0.2,0.21688743660404522,0.21688743660404522
25.1,0.2,0.13467693424171284,0.13467693424171284
25.105,0.2,-0.2629261765984799,-0.2629261765984799
25.11,0.2,-0.36718972003507033,-0.36718972003507033
25.115,0.2,-0.1990929748623244,-0.1990929748623244
25.12,0.2,0.2934838487413151,0.2934838487413151
25.125,0.2,0.4686584661894692,0.4686584661894692
25.13,0.2,0.5199018150531556,0.5199018150531556
25.135,0.2,0.3140044127336106,0.3140044127336106
25.14,0.2,0.06669984820552533,0.06669984820552533
25.145,0.2,-0.1386870340893125,-0.1386870340893125
25.15,0.2,-0.33312888472561886,-0.33312888472561886
25.155,0.2,-0.019654145939128564,-0.019654145939128564
25.16,0.2,-0.0706912200012223,-0.0706912200012223
25.165,0.2,0.3395243598801043,0.3395243598801043
25.17,0.2,0.467490759909751,0.467490759909751
25.175,0.2,0.4936043512283942,0.4936043512283942
25.18,0.2,0.13690325538514111,0.13690325538514111
25.185,0.2,-0.1943504071922888,-0.1943504071922888
25.19,0.2,-0.27943965791014314,-0.27943965791014314
25.195,0.2,-0.19462845640618667,-0.19462845640618667
25.2,0.2,0.22627979672037807,0.22627979672037807
25.205,0.2,0.23722898208394033,0.23722898208394033
25.21,0.2,0.3297839809715146,0.3297839809715146
25.215,0.2,0.33015426939102654,0.33015426939102654
25.22,0.2,0.10539592658208115,0.10539592658208115
25.225,0.2,-0.150849647966583,-0.150849647966583
25.23,0.2,-0.24088858774992014,-0.24088858774992014
25.235,0.2,-0.08453145890569619,-0.08453145890569619
25.24,0.2,0.3745606719971283,0.3745606719971283
25.245,0.2,0.4168640026503125,0.4168640026503125
25.25,0.2,0.5902834950505921,0.5902834950505921
25.255,0.2,0.2486492977654296,0.2486492977654296
25.26,0.2,0.12257340388512852,0.12257340388512852
25.265,0.2,-0.17940071371658622,-0.17940071371658622
25.27,0.2,-0.22270659584336072,-0.22270659584336072
25.275,0.2,-0.018402044151105884,-0.018402044151105884
25.28,0.2,0.22094207311825526,0.22094207311825526
25.285,0.2,0.445191648194178,0.445191648194178
25.29,0.2,0.5890058332593826,0.5890058332593826
25.295,0.2,0.38369042776149814,0.38369042776149814
25.3,0.2,0.019991043304303624,0.019991043304303624
25.305,0.2,-0.2080308524899456,-0.2080308524899456
25.31,0.2,-0.2922396668477306,-0.2922396668477306
25.315,0.2,-0.10764124793225752,-0.10764124793225752
25.32,0.2,0.27407179933261644,0.27407179933261644
25.325,0.2,0.42300155745341056,0.42300155745341056
25.33,0.2,0.37471325860023574,0.37471325860023574
25.335,0.2,0.3987402954855819,0.3987402954855819
25.34,0.2,0.2352080353870262,0.2352080353870262
25.345,0.2,0.020918200840995604,0.020918200840995604
25.35,0.2,-0.5021173266875487,-0.5021173266875487
25.355,0.2,-0.19741474960732694,-0.19741474960732694
25.36,0.2,0.2775971651292253,0.2775971651292253
25.365,0.2,0.5864577734446788,0.5864577734446788
25.37,0.2,0.5554606382472465,0.5554606382472465
25.375,0.2,0.5905776939580069,0.5905776939580069
25.38,0.2,0.10915053018182083,0.10915053018182083
25.385,0.2,-0.10531637550421347,-0.10531637550421347
25.39,0.2,-0.24065521695158745,-0.24065521695158745
25.395,0.2,0.08181940087746467,0.08181940087746467
25.4,0.2,0.3450119115590892,0.3450119115590892
25.405,0.2,0.5154823841221121,0.5154823841221121
25.41,0.2,0.6226303972508856,0.6226303972508856
25.415,0.2,0.5216713154077948,0.5216713154077948
25.42,0.2,0.07587066177158143,0.07587066177158143
25.425,0.2,0.1090334762981768,0.1090334762981768
25.43,0.2,-0.3138118953661668,-0.3138118953661668
25.435,0.2,-0.138606318447648,-0.138606318447648
25.44,0.2,0.23353315826828674,0.23353315826828674
25.445,0.2,0.4395873647401679,0.4395873647401679
25.45,0.2,0.3342824623093275,0.3342824623093275
25.455,0.2,0.4256024591518007,0.4256024591518007
25.46,0.2,0.05921931935132352,0.05921931935132352
25.465,0.2,-0.15456480652286958,-0.15456480652286958
25.47,0.2,-0.1894810162533674,-0.1894810162533674
25.475,0.2,-0.1341674335681482,-0.1341674335681482
25.48,0.2,0.17778866877714986,0.17778866877714986
25.485,0.2,0.5152545139332695,0.5152545139332695
25.49,0.2,0.47554300704997055,0.47554300704997055
25.495,0.2,0.4222740357809994,0.4222740357809994
25.5,0.2,0.29744638992456274,0.29744638992456274
25.505,0.2,-0.013095999403870545,-0.013095999403870545
25.51,0.2,-0.09765336189134013,-0.09765336189134013
25.515,0.2,0.19599439447696268,0.19599439447696268
25.52,0.2,0.10205071422339777,0.10205071422339777
25.525,0.2,0.5466607206503027,0.5466607206503027
25.53,0.2,0.3835015259093365,0.3835015259093365
25.535,0.2,0.5214962029178241,0.5214962029178241
25.54,0.2,0.14098191272114186,0.14098191272114186
25.545,0.2,0.017937574601437176,0.017937574601437176
25.55,0.2,-0.38228914367754774,-0.38228914367754774
25.555,0.2,-0.06535706261234889,-0.06535706261234889
25.56,0.2,0.36803719756352943,0.36803719756352943
25.565,0.2,0.4863173733196111,0.4863173733196111
25.57,0.2,0.5516741344547712,0.5516741344547712
25.575,0.2,0.5805622377747967,0.5805622377747967
25.58,0.2,0.2547554346378563,0.2547554346378563
25.585,0.2,0.006559579426297285,0.006559579426297285
25.59,0.2,-0.34491786885931647,-0.34491786885931647
25.595,0.2,0.11163811524836453,0.11163811524836453
25.6,0.2,0.144948588875584,0.144948588875584
25.605,0.2,0.549857385900923,0.549857385900923
25.61,0.2,0.5921318346606588,0.5921318346606588
25.615,0.2,0.4664278520616158,0.4664278520616158
25.62,0.2,0.13162698566445757,0.13162698566445757
25.625,0.2,-0.015081524799218482,-0.015081524799218482
25.63,0.2,-0.2589052788274321,-0.2589052788274321
25.635,0.2,-0.0002651264466284643,-0.0002651264466284643
25.64,0.2,0.39496588377521025,0.39496588377521025
25.645,0.2,0.7290707323240763,0.7290707323240763
25.65,0.2,0.6500569308894136,0.6500569308894136
25.655,0.2,0.4888743284707107,0.4888743284707107
25.66,0.2,0.21370484771891657,0.21370484771891657
25.665,0.2,-0.05017507581566457,-0.05017507581566457
25.67,0.2,-0.2672131296211583,-0.2672131296211583
25.675,0.2,-0.09493029293446564,-0.09493029293446564
25.68,0.2,0.13962996787227733,0.13962996787227733
25.685,0.2,0.5774604839870061,0.5774604839870061
25.69,0.2,0.7804954710320111,0.7804954710320111
25.695,0.2,0.44713396851592174,0.44713396851592174
25.7,0.2,0.38011601269496864,0.38011601269496864
25.705,0.2,-0.0387603643198243,-0.0387603643198243
25.71,0.2,-0.16095050366035552,-0.16095050366035552
25.715,0.2,0.10736278132694829,0.10736278132694829
25.72,0.2,0.1769164496494637,0.1769164496494637
25.725,0.2,0.3955268128963175,0.3955268128963175
25.73,0.2,0.5774305077095031,0.5774305077095031
25.735,0.2,0.4991747399500199,0.4991747399500199
25.74,0.2,0.1412313406776728,0.1412313406776728
25.745,0.2,0.08735807415281015,0.08735807415281015
25.75,0.2,-0.14245291498197418,-0.14245291498197418
25.755,0.2,-0.09383053518586845,-0.09383053518586845
25.76,0.2,0.36782063278438304,0.36782063278438304
25.765,0.2,0.653979200616873,0.653979200616873
25.77,0.2,0.8350184299341893,0.8350184299341893
25.775,0.2,0.32248944759304654,0.32248944759304654
25.78,0.2,0.1242201648851132,0.1242201648851132
25.785,0.2,-0.08985259349990374,-0.08985259349990374
25.79,0.2,-0.05851408877038096,-0.05851408877038096
25.795,0.2,0.04622277806195071,0.04622277806195071
25.8,0.2,0.33850341297243386,0.33850341297243386
25.805,0.2,0.6187390142106916,0.6187390142106916
25.81,0.2,0.6380476037276623,0.6380476037276623
25.815,0.2,0.45683098598401234,0.45683098598401234
25.82,0.2,-0.03434278625336293,-0.03434278625336293
25.825,0.2,0.06368906413070288,0.06368906413070288
25.83,0.2,-0.07395060069305856,-0.07395060069305856
25.835,0.2,-0.08260544106254174,-0.08260544106254174
25.84,0.2,0.11124846802436275,0.11124846802436275
25.845,0.2,0.460966163885718,0.460966163885718
25.85,0.2,0.5159233320454089,0.5159233320454089
25.855,0.2,0.4621334121904817,0.4621334121904817
25.86,0.2,0.24401644017523702,0.24401644017523702
25.865,0.2,0.004478157610133343,0.004478157610133343
25.87,0.2,0.04368347345854692,0.04368347345854692
25.875,0.2,-0.04732421660733641,-0.04732421660733641
25.88,0.2,0.35171515428890665,0.35171515428890665
25.885,0.2,0.3686730697692616,0.3686730697692616
25.89,0.2,0.532405524940036,0.532405524940036
25.895,0.2,0.4415797544189762,0.4415797544189762
25.9,0.2,0.3219248989547808,0.3219248989547808
25.905,0.2,-0.17404410646321528,-0.17404410646321528
25.91,0.2,-0.0686873000087885,-0.0686873000087885
25.915,0.2,-0.02957837623899469,-0.02957837623899469
25.92,0.2,0.2127236452949459,0.2127236452949459
25.925,0.2,0.5989046763550975,0.5989046763550975
25.93,0.2,0.5313229610652652,0.5313229610652652
25.935,0.2,0.5724902985029693,0.5724902985029693
25.94,0.2,0.12129880071516021,0.12129880071516021
25.945,0.2,-0.16358177559401418,-0.16358177559401418
25.95,0.2,-0.17625219173414194,-0.17625219173414194
25.955,0.2,-0.16929389871170242,-0.16929389871170242
25.96,0.2,0.13732742003631637,0.13732742003631637
25.965,0.2,0.6721655166003473,0.6721655166003473
25.97,0.2,0.5630649934108469,0.5630649934108469
25.975,0.2,0.5199733952222264,0.5199733952222264
25.98,0.2,0.15397015718603208,0.15397015718603208
25.985,0.2,0.06168407270232565,0.06168407270232565
25.99,0.2,-0.3010892100847671,-0.3010892100847671
25.995,0.2,-0.053965987971748744,-0.053965987971748744
26.0,0.2,0.2764287850034231,0.2764287850034231
26.005,0.2,0.4969405640282413,0.4969405640282413
26.01,0.2,0.5428013409461026,0.5428013409461026
26.015,0.2,0.579044629330301,0.579044629330301
26.02,0.2,0.17458236381445075,0.17458236381445075
26.025,0.2,-0.06450866993297634,-0.06450866993297634
26.03,0.2,-0.2595045622753381,-0.2595045622753381
26.035,0.2,-0.12285685830637799,-0.12285685830637799
26.04,0.2,0.40880591910431385,0.40880591910431385
26.045,0.2,0.5645775580475882,0.5645775580475882
26.05,0.2,0.7273375643452505,0.7273375643452505
26.055,0.2,0.39342132989588463,0.39342132989588463
26.06,0.2,0.006797061584614766,0.006797061584614766
26.065,0.2,-0.21392911198168,-0.21392911198168
26.07,0.2,0.02398345633474472,0.02398345633474472
26.075,0.2,-0.11272945443455332,-0.11272945443455332
26.08,0.2,0.3065095796226465,0.3065095796226465
26.085,0.2,0.3535946349817398,0.3535946349817398
26.09,0.2,0.5013395938411329,0.5013395938411329
26.095,0.2,0.33526487456984627,0.33526487456984627
26.1,0.2,0.04565195780854453,0.04565195780854453
26.105,0.2,0.03197439700176706,0.03197439700176706
26.11,0.2,-0.2831331827535869,-0.2831331827535869
26.115,0.2,-0.1597210087064006,-0.1597210087064006
26.12,0.2,0.34514456073354904,0.34514456073354904
26.125,0.2,0.5461722704210055,0.5461722704210055
26.13,0.2,0.4701714609921545,0.4701714609921545
26.135,0.2,0.4227549989954545,0.4227549989954545
26.14,0.2,0.03185504611523668,0.03185504611523668
26.145,0.2,-0.07217056826916136,-0.07217056826916136
26.15,0.2,-0.22414825234540584,-0.22414825234540584
26.155,0.2,-0.16086775220659946,-0.16086775220659946
26.16,0.2,0.22651960753068648,0.22651960753068648
26.165,0.2,0.46772726277369403,0.46772726277369403
26.17,0.2,0.566720247633808,0.566720247633808
26.175,0.2,0.5843323765030956,0.5843323765030956
26.18,0.2,0.21442413751630213,0.21442413751630213
26.185,0.2,-0.027341892962953765,-0.027341892962953765
26.19,0.2,-0.1052477272275178,-0.1052477272275178
26.195,0.2,0.20025906885785041,0.20025906885785041
26.2,0.2,0.17790333585678209,0.17790333585678209
26.205,0.2,0.34530235722881736,0.34530235722881736
26.21,0.2,0.6520921277003172,0.6520921277003172
26.215,0.2,0.3794730400000642,0.3794730400000642
26.22,0.2,0.10499599225395985,0.10499599225395985
26.225,0.2,0.10104238127870516,0.10104238127870516
26.23,0.2,-0.10281982424620284,-0.10281982424620284
26.235,0.2,0.1391502054451794,0.1391502054451794
26.24,0.2,0.27440641849459535,0.27440641849459535
26.245,0.2,0.6272039236079063,0.6272039236079063
26.25,0.2,0.40787387230143524,0.40787387230143524
26.255,0.2,0.35319359920570775,0.35319359920570775
26.26,0.2,0.15397394315034968,0.15397394315034968
26.265,0.2,-0.07946956718971919,-0.07946956718971919
26.27,0.2,-0.05668764514546584,-0.05668764514546584
26.275,0.2,-0.04023804219702381,-0.04023804219702381
26.28,0.2,0.10039483900661689,0.10039483900661689
26.285,0.2,0.5218338146110199,0.5218338146110199
26.29,0.2,0.6037970281098363,0.6037970281098363
26.295,0.2,0.5331418173128923,0.5331418173128923
26.3,0.2,0.056663771936452334,0.056663771936452334
26.305,0.2,-0.10368226858966181,-0.10368226858966181
26.31,0.2,-0.28736523209921416,-0.28736523209921416
26.315,0.2,-0.14795194901470915,-0.14795194901470915
26.32,0.2,0.31790508898489883,0.31790508898489883
26.325,0.2,0.44599036579014145,0.44599036579014145
26.33,0.2,0.6048254386932053,0.6048254386932053
26.335,0.2,0.39836067639157335,0.39836067639157335
26.34,0.2,0.2657455860014861,0.2657455860014861
26.345,0.2,-0.06590742350402126,-0.06590742350402126
26.35,0.2,-0.21544366601211712,-0.21544366601211712
26.355,0.2,-0.21196827930695558,-0.21196827930695558
26.36,0.2,0.12102280107732147,0.12102280107732147
26.365,0.2,0.5807897614950888,0.5807897614950888
26.37,0.2,0.43564353252961496,0.43564353252961496
26.375,0.2,0.5805024470085417,0.5805024470085417
26.38,0.2,0.1385269330354997,0.1385269330354997
26.385,0.2,-0.010049828553406415,-0.010049828553406415
26.39,0.2,-0.11571932915831082,-0.11571932915831082
26.395,0.2,-0.10182118743088338,-0.10182118743088338
26.4,0.2,0.3016351871737809,0.3016351871737809
26.405,0.2,0.44009830062925986,0.44009830062925986
26.41,0.2,0.4347267254272715,0.4347267254272715
26.415,0.2,0.5676161955431932,0.5676161955431932
26.42,0.2,0.1401767138257679,0.1401767138257679
26.425,0.2,-0.012597242448345328,-0.012597242448345328
26.43,0.2,-0.12974528317084083,-0.12974528317084083
26.435,0.2,5.313023035757869e-05,5.313023035757869e-05
26.44,0.2,0.22121671450516608,0.22121671450516608
26.445,0.2,0.6606020752312177,0.6606020752312177
26.45,0.2,0.48231946458522357,0.48231946458522357
26.455,0.2,0.42081775680562505,0.42081775680562505
26.46,0.2,-0.0004318024555910738,-0.0004318024555910738
26.465,0.2,-0.044835022970408964,-0.044835022970408964
26.47,0.2,-0.07180275847231042,-0.07180275847231042
26.475,0.2,0.003684647386449025,0.003684647386449025
26.48,0.2,0.2249350030621469,0.2249350030621469
26.485,0.2,0.5370328915452182,0.5370328915452182
26.49,0.2,0.5732104360770276,0.5732104360770276
26.495,0.2,0.41182493414951366,0.41182493414951366
26.5,0.2,0.17895766630480675,0.17895766630480675
26.505,0.2,-0.15264344413223474,-0.15264344413223474
26.51,0.2,-0.11603357845064063,-0.11603357845064063
26.515,0.2,-0.02110484822550701,-0.02110484822550701
26.52,0.2,0.03230830842557353,0.03230830842557353
26.525,0.2,0.5261551253547861,0.5261551253547861
26.53,0.2,0.5501822967958313,0.5501822967958313
26.535,0.2,0.43714208542029837,0.43714208542029837
26.54,0.2,0.15435910643956585,0.15435910643956585
26.545,0.2,-0.0915332620144719,-0.0915332620144719
26.55,0.2,-0.12957023179890642,-0.12957023179890642
26.555,0.2,-0.02653997084813557,-0.02653997084813557
26.56,0.2,0.21294882755017697,0.21294882755017697
26.565,0.2,0.48583090055508416,0.48583090055508416
26.57,0.2,0.6866559492835433,0.6866559492835433
26.575,0.2,0.43711825090196876,0.43711825090196876
26.58,0.2,0.07000210715187946,0.07000210715187946
26.585,0.2,-0.15431263914275498,-0.15431263914275498
26.59,0.2,-0.06226826611689598,-0.06226826611689598
26.595,0.2,0.006195499214624714,0.006195499214624714
26.6,0.2,0.198443518794768,0.198443518794768
26.605,0.2,0.49835979357860444,0.49835979357860444
26.61,0.2,0.46271626099685614,0.46271626099685614
26.615,0.2,0.2882624304795795,0.2882624304795795
26.62,0.2,0.1784134968196399,0.1784134968196399
26.625,0.2,-0.026079645840457105,-0.026079645840457105
26.63,0.2,-0.17033114314098918,-0.17033114314098918
26.635,0.2,0.018394047083078846,0.018394047083078846
26.64,0.2,0.29947117418236685,0.29947117418236685
26.645,0.2,0.47972501606856827,0.47972501606856827
26.65,0.2,0.5207570394070923,0.5207570394070923
26.655,0.2,0.34594474493503324,0.34594474493503324
26.66,0.2,0.09325523682960815,0.09325523682960815
26.665,0.2,0.07852423213088398,0.07852423213088398
26.67,0.2,-0.16352479677186504,-0.16352479677186504
26.675,0.2,-0.06655205097674247,-0.06655205097674247
26.68,0.2,0.29812984564547484,0.29812984564547484
26.685,0.2,0.5338318707276515,0.5338318707276515
26.69,0.2,0.4636488107531179,0.4636488107531179
26.695,0.2,0.3629350519352321,0.3629350519352321
26.7,0.2,0.07089818178437206,0.07089818178437206
26.705,0.2,-0.04921750640883748,-0.04921750640883748
26.71,0.2,-0.19609682971899992,-0.19609682971899992
26.715,0.2,0.01957191678925864,0.01957191678925864
26.72,0.2,0.020966109740119504,0.020966109740119504
26.725,0.2,0.2035982046773639,0.2035982046773639
26.73,0.2,0.8646046592345931,0.8646046592345931
26.735,0.2,0.3913388671479546,0.3913388671479546
26.74,0.2,0.1443514945526358,0.1443514945526358
26.745,0.2,0.010187304883384096,0.010187304883384096
26.75,0.2,-0.22293718927299638,-0.22293718927299638
26.755,0.2,-0.08711228898692298,-0.08711228898692298
26.76,0.2,0.14700740409438387,0.14700740409438387
26.765,0.2,0.26731375668594914,0.26731375668594914
26.77,0.2,0.3844449364083791,0.3844449364083791
26.775,0.2,0.4968939720082697,0.4968939720082697
26.78,0.2,0.0744824946194207,0.0744824946194207
26.785,0.2,-0.16991369595551822,-0.16991369595551822
26.79,0.2,-0.3576021248245077,-0.3576021248245077
26.795,0.2,-0.09798692480159682,-0.09798692480159682
26.8,0.2,0.17001875549679416,0.17001875549679416
26.805,0.2,0.5161495414949464,0.5161495414949464
26.81,0.2,0.500573352351547,0.500573352351547
26.815,0.2,0.44489243164599024,0.44489243164599024
26.82,0.2,0.11440938442792174,0.11440938442792174
26.825,0.2,-0.2124477861012976,-0.2124477861012976
26.83,0.2,-0.2874640479732972,-0.2874640479732972
26.835,0.2,-0.10547122037288498,-0.10547122037288498
26.84,0.2,0.19337594232587993,0.19337594232587993
26.845,0.2,0.4468465140138378,0.4468465140138378
26.85,0.2,0.48146949759831853,0.48146949759831853
26.855,0.2,0.4815958523643049,0.4815958523643049
26.86,0.2,0.01631401814448838,0.01631401814448838
26.865,0.2,-0.11588582920776486,-0.11588582920776486
26.87,0.2,-0.45747805627652016,-0.45747805627652016
26.875,0.2,-0.0684948124966291,-0.0684948124966291
26.88,0.2,0.23457108309757557,0.23457108309757557
26.885,0.2,0.5121729399141625,0.5121729399141625
26.89,0.2,0.4759564915369233,0.4759564915369233
26.895,0.2,0.4718427677279314,0.4718427677279314
26.9,0.2,0.23709493375170732,0.23709493375170732
26.905,0.2,-0.03683250612783805,-0.03683250612783805
26.91,0.2,-0.2199962339128563,-0.2199962339128563
26.915,0.2,-0.09887385382050942,-0.09887385382050942
26.92,0.2,0.07707898365274203,0.07707898365274203
26.925,0.2,0.3016712994265114,0.3016712994265114
26.93,0.2,0.5848449995842724,0.5848449995842724
26.935,0.2,0.4389116867677,0.4389116867677
26.94,0.2,0.1426478966771455,0.1426478966771455
26.945,0.2,0.02465130954056402,0.02465130954056402
26.95,0.2,-0.192786928140979,-0.192786928140979
26.955,0.2,0.014021810190327694,0.014021810190327694
26.96,0.2,0.1863685832308102,0.1863685832308102
26.965,0.2,0.39490908267232144,0.39490908267232144
26.97,0.2,0.38688649192308416,0.38688649192308416
26.975,0.2,0.3838331199428431,0.3838331199428431
26.98,0.2,0.0054005403553537,0.0054005403553537
26.985,0.2,0.025794748262661996,0.025794748262661996
26.99,0.2,-0.01940354396312216,-0.01940354396312216
26.995,0.2,-0.04779421423474245,-0.04779421423474245
27.0,0.2,0.20424071149490441,0.20424071149490441
27.005,0.2,0.6833383192871734,0.6833383192871734
27.01,0.2,0.3391838086208905,0.3391838086208905
27.015,0.2,0.5362036468341737,0.5362036468341737
27.02,0.2,0.09262422822309611,0.09262422822309611
27.025,0.2,-0.17678463067919326,-0.17678463067919326
27.03,0.2,-0.1405353252287834,-0.1405353252287834
27.035,0.2,-0.015357103496511051,-0.015357103496511051
27.04,0.2,-0.08198558957417132,-0.08198558957417132
27.045,0.2,0.326010688089322,0.326010688089322
27.05,0.2,0.549982456322631,0.549982456322631
27.055,0.2,0.3572909463941435,0.3572909463941435
27.06,0.2,0.037882146530456004,0.037882146530456004
27.065,0.2,-0.14305939244552257,-0.14305939244552257
27.07,0.2,0.008233187866067082,0.008233187866067082
27.075,0.2,-0.16404045465884493,-0.16404045465884493
27.08,0.2,0.10110525918831911,0.10110525918831911
27.085,0.2,0.471202725325692,0.471202725325692
27.09,0.2,0.5736614399509439,0.5736614399509439
27.095,0.2,0.4353497221721295,0.4353497221721295
27.1,0.2,0.1854568213725855,0.1854568213725855
27.105,0.2,-0.237429552232614,-0.237429552232614
27.11,0.2,-0.19123005266515292,-0.19123005266515292
27.115,0.2,-0.20171390507472914,-0.20171390507472914
27.12,0.2,-0.008699459182506919,-0.008699459182506919
27.125,0.2,0.48819016410966304,0.48819016410966304
27.13,0.2,0.667927711442377,0.667927711442377
27.135,0.2,0.38937817343360676,0.38937817343360676
27.14,0.2,0.07409431541764744,0.07409431541764744
27.145,0.2,-0.021666458992809043,-0.021666458992809043
27.15,0.2,-0.269103243273155,-0.269103243273155
27.155,0.2,-0.1670559304822431,-0.1670559304822431
27.16,0.2,0.169400090124253,0.169400090124253
27.165,0.2,0.22447428114218826,0.22447428114218826
27.17,0.2,0.6367899565907573,0.6367899565907573
27.175,0.2,0.2513636876410986,0.2513636876410986
27.18,0.2,0.07079327902290197,0.07079327902290197
27.185,0.2,-0.32843911695087813,-0.32843911695087813
27.19,0.2,-0.3262182174144358,-0.3262182174144358
27.195,0.2,-0.10850147826387592,-0.10850147826387592
27.2,0.2,0.14201969836336306,0.14201969836336306
27.205,0.2,0.3628720222547699,0.3628720222547699
27.21,0.2,0.41089153063897754,0.41089153063897754
27.215,0.2,0.29998299845523085,0.29998299845523085
27.22,0.2,-0.0479281580871533,-0.0479281580871533
27.225,0.2,-0.13885811385445168,-0.13885811385445168
27.23,0.2,-0.02242106488539919,-0.02242106488539919
27.235,0.2,-0.16702809406857766,-0.16702809406857766
27.24,0.2,0.14149754238577614,0.14149754238577614
27.245,0.2,0.35849850208001743,0.35849850208001743
27.25,0.2,0.5255172980843097,0.5255172980843097
27.255,0.2,0.2983647702475582,0.2983647702475582
27.26,0.2,0.11333766529415268,0.11333766529415268
27.265,0.2,-0.27472616051153104,-0.27472616051153104
27.27,0.2,-0.10805896604515378,-0.10805896604515378
27.275,0.2,-0.13682191720534914,-0.13682191720534914
27.28,0.2,0.07514127638159894,0.07514127638159894
27.285,0.2,0.45786532609065184,0.45786532609065184
27.29,0.2,0.6696894390118318,0.6696894390118318
27.295,0.2,0.41055392906043453,0.41055392906043453
27.3,0.2,0.13600834812082366,0.13600834812082366
27.305,0.2,-0.1805533445210893,-0.1805533445210893
27.31,0.2,-0.4291512155939004,-0.4291512155939004
27.315,0.2,-0.15337289754511693,-0.15337289754511693
27.32,0.2,-0.04638921958479447,-0.04638921958479447
27.325,0.2,0.35767094175778785,0.35767094175778785
27.33,0.2,0.5005913246484618,0.5005913246484618
27.335,0.2,0.3990555328701541,0.3990555328701541
27.34,0.2,0.30524791927727224,0.30524791927727224
27.345,0.2,0.012568607387741196,0.012568607387741196
27.35,0.2,-0.17463572165475655,-0.17463572165475655
27.355,0.2,-0.1387921889917441,-0.1387921889917441
27.36,0.2,-0.0845671992921145,-0.0845671992921145
27.365,0.2,0.28606195998082135,0.28606195998082135
27.37,0.2,0.36718241232405047,0.36718241232405047
27.375,0.2,0.3310353525896179,0.3310353525896179
27.38,0.2,0.11341779959835595,0.11341779959835595
27.385,0.2,-0.157083772729578,-0.157083772729578
27.39,0.2,-0.06540092786945445,-0.06540092786945445
27.395,0.2,-0.051139950073102874,-0.051139950073102874
27.4,0.2,-0.021474875768103543,-0.021474875768103543
27.405,0.2,0.4707657700128346,0.4707657700128346
27.41,0.2,0.5167225812738137,0.5167225812738137
27.415,0.2,0.3918993091835582,0.3918993091835582
27.42,0.2,0.07980814918531938,0.07980814918531938
27.425,0.2,-0.27639260161229184,-0.27639260161229184
27.43,0.2,-0.17180707014166557,-0.17180707014166557
27.435,0.2,-0.16065940690283936,-0.16065940690283936
27.44,0.2,0.1255852905939435,0.1255852905939435
27.445,0.2,0.48564264209064634,0.48564264209064634
27.45,0.2,0.2853949064702703,0.2853949064702703
27.455,0.2,0.5284776406871339,0.5284776406871339
27.46,0.2,0.2360888200337693,0.2360888200337693
27.465,0.2,-0.0688879163711518,-0.0688879163711518
27.47,0.2,-0.13158050392744366,-0.13158050392744366
27.475,0.2,0.02444237910426371,0.02444237910426371
27.48,0.2,0.18475745595309204,0.18475745595309204
27.485,0.2,0.3315231032820063,0.3315231032820063
27.49,0.2,0.41848088341310774,0.41848088341310774
27.495,0.2,0.2972898583032636,0.2972898583032636
27.5,0.2,0.09791021699608396,0.09791021699608396
27.505,0.2,-0.07032319248316957,-0.07032319248316957
27.51,0.2,-0.16934493419450555,-0.16934493419450555
27.515,0.2,-0.038953582556437064,-0.038953582556437064
27.52,0.2,0.1804839536478393,0.1804839536478393
27.525,0.2,0.2710510514204445,0.2710510514204445
27.53,0.2,0.7767030502674757,0.7767030502674757
27.535,0.2,0.4983850470117208,0.4983850470117208
27.54,0.2,0.11892701538268033,0.11892701538268033
27.545,0.2,-0.16068296245643443,-0.16068296245643443
27.55,0.2,-0.3713747483205971,-0.3713747483205971
27.555,0.2,-0.09003980113366677,-0.09003980113366677
27.56,0.2,0.07588681321062045,0.07588681321062045
27.565,0.2,0.5287618837814372,0.5287618837814372
27.57,0.2,0.5120100262506823,0.5120100262506823
27.575,0.2,0.3530465336572386,0.3530465336572386
27.58,0.2,0.32961331504269564,0.32961331504269564
27.585,0.2,-0.12418641144832954,-0.12418641144832954
27.59,0.2,-0.3511826814010581,-0.3511826814010581
27.595,0.2,-0.12624617976980468,-0.12624617976980468
27.6,0.2,0.14488180274357532,0.14488180274357532
27.605,0.2,0.3945938626657175,0.3945938626657175
27.61,0.2,0.5502049292399261,0.5502049292399261
27.615,0.2,0.3720673137339179,0.3720673137339179
27.62,0.2,0.22516943617542845,0.22516943617542845
27.625,0.2,0.08785122418671451,0.08785122418671451
27.63,0.2,-0.19270179917937927,-0.19270179917937927
27.635,0.2,0.017588714448517784,0.017588714448517784
27.64,0.2,0.3022755395213199,0.3022755395213199
27.645,0.2,0.4692967813888698,0.4692967813888698
27.65,0.2,0.5594713502902235,0.5594713502902235
27.655,0.2,0.4033036220280294,0.4033036220280294
27.66,0.2,0.25829598182345037,0.25829598182345037
27.665,0.2,-0.24801786350210198,-0.24801786350210198
27.67,0.2,-0.35275443826988845,-0.35275443826988845
27.675,0.2,-0.04563067065880288,-0.04563067065880288
27.68,0.2,0.24041876037721505,0.24041876037721505
27.685,0.2,0.47848689523076876,0.47848689523076876
27.69,0.2,0.6464421849970464,0.6464421849970464
27.695,0.2,0.3837096073822691,0.3837096073822691
27.7,0.2,0.4231875236035195,0.4231875236035195
27.705,0.2,0.02702914123207542,0.02702914123207542
27.71,0.2,-0.1435085881184744,-0.1435085881184744
27.715,0.2,-0.20212122475349253,-0.20212122475349253
27.72,0.2,0.2176529482572406,0.2176529482572406
27.725,0.2,0.45112528238135485,0.45112528238135485
27.73,0.2,0.406123155952035,0.406123155952035
27.735,0.2,0.581732201352989,0.581732201352989
27.74,0.2,0.3029137950111319,0.3029137950111319
27.745,0.2,0.05088763058761024,0.05088763058761024
27.75,0.2,-0.21307011145106702,-0.21307011145106702
27.755,0.2,-0.0018117889915743503,-0.0018117889915743503
27.76,0.2,0.2837488631479196,0.2837488631479196
27.765,0.2,0.5482101290359291,0.5482101290359291
27.77,0.2,0.5973873592988539,0.5973873592988539
27.775,0.2,0.503461354405914,0.503461354405914
27.78,0.2,0.1501017167802084,0.1501017167802084
27.785,0.2,-0.1155121369642031,-0.1155121369642031
27.79,0.2,-0.24470656074662722,-0.24470656074662722
27.795,0.2,0.058402351135950575,0.058402351135950575
27.8,0.2,0.19563454394592794,0.19563454394592794
27.805,0.2,0.5690439688668194,0.5690439688668194
27.81,0.2,0.6407843240387741,0.6407843240387741
27.815,0.2,0.4876226001037108,0.4876226001037108
27.82,0.2,0.1787996766946554,0.1787996766946554
27.825,0.2,-0.03818085226271559,-0.03818085226271559
27.83,0.2,-0.14956039571640145,-0.14956039571640145
27.835,0.2,0.005184168662634617,0.005184168662634617
27.84,0.2,0.17096724146975398,0.17096724146975398
27.845,0.2,0.45060134646216055,0.45060134646216055
27.85,0.2,0.6659134015234455,0.6659134015234455
27.855,0.2,0.6598945327350199,0.6598945327350199
27.86,0.2,0.006716942617553734,0.006716942617553734
27.865,0.2,-0.18393757039834155,-0.18393757039834155
27.87,0.2,-0.12313478270246,-0.12313478270246
27.875,0.2,-0.0753278540901002,-0.0753278540901002
27.88,0.2,0.2821894454606668,0.2821894454606668
27.885,0.2,0.6230900663523746,0.6230900663523746
27.89,0.2,0.5227460592790508,0.5227460592790508
27.895,0.2,0.6223731454660459,0.6223731454660459
27.9,0.2,0.1787843081332854,0.1787843081332854
27.905,0.2,-0.14397002323705083,-0.14397002323705083
27.91,0.2,-0.08748544621680439,-0.08748544621680439
27.915,0.2,-0.026863540625821466,-0.026863540625821466
27.92,0.2,0.15216128032615373,0.15216128032615373
27.925,0.2,0.4799199564349738,0.4799199564349738
27.93,0.2,0.43314466126541173,0.43314466126541173
27.935,0.2,0.44423296736522455,0.44423296736522455
27.94,0.2,0.19245485597386777,0.19245485597386777
27.945,0.2,-0.06005845873287566,-0.06005845873287566
27.95,0.2,-0.29412164535191887,-0.29412164535191887
27.955,0.2,-0.08871142697925671,-0.08871142697925671
27.96,0.2,0.28787347211121556,0.28787347211121556
27.965,0.2,0.5398428213612422,0.5398428213612422
27.97,0.2,0.6729971103048238,0.6729971103048238
27.975,0.2,0.45054016553582943,0.45054016553582943
27.98,0.2,0.33751064660579355,0.33751064660579355
27.985,0.2,-0.10915214886411212,-0.10915214886411212
27.99,0.2,-0.16184413599488964,-0.16184413599488964
27.995,0.2,-0.02662181875530175,-0.02662181875530175
28.0,0.2,0.16564674751430603,0.16564674751430603
28.005,0.2,0.6170130987210997,0.6170130987210997
28.01,0.2,0.5974402267513153,0.5974402267513153
28.015,0.2,0.6172716562511072,0.6172716562511072
28.02,0.2,0.3194141282469146,0.3194141282469146
28.025,0.2,-0.014464487481175473,-0.014464487481175473
28.03,0.2,-0.03678645679648018,-0.03678645679648018
28.035,0.2,-0.100379990987454,-0.100379990987454
28.04,0.2,0.3485586715247986,0.3485586715247986
28.045,0.2,0.5124109746512017,0.5124109746512017
28.05,0.2,0.6180310002775226,0.6180310002775226
28.055,0.2,0.5578160126659558,0.5578160126659558
28.06,0.2,0.2299066245162159,0.2299066245162159
28.065,0.2,0.06044340446581081,0.06044340446581081
28.07,0.2,-0.2061326047352115,-0.2061326047352115
28.075,0.2,0.06755630584706976,0.06755630584706976
28.08,0.2,0.2002414948290204,0.2002414948290204
28.085,0.2,0.6267603744114563,0.6267603744114563
28.09,0.2,0.6301145333394033,0.6301145333394033
28.095,0.2,0.634705456103245,0.634705456103245
28.1,0.2,0.07931470936325982,0.07931470936325982
28.105,0.2,-0.17294306080495517,-0.17294306080495517
28.11,0.2,-0.030820297239235767,-0.030820297239235767
28.115,0.2,-0.07193799351090564,-0.07193799351090564
28.12,0.2,0.13993377773022847,0.13993377773022847
28.125,0.2,0.5194689752029333,0.5194689752029333
28.13,0.2,0.7540322758414404,0.7540322758414404
28.135,0.2,0.4786111250475487,0.4786111250475487
28.14,0.2,0.18141397812255036,0.18141397812255036
28.145,0.2,-0.09095989971406768,-0.09095989971406768
28.15,0.2,-0.2243217814842836,-0.2243217814842836
28.155,0.2,-0.10773441101693534,-0.10773441101693534
28.16,0.2,0.17602689962902388,0.17602689962902388
28.165,0.2,0.5121698622574211,0.5121698622574211
28.17,0.2,0.45280272384327247,0.45280272384327247
28.175,0.2,0.47032829282064925,0.47032829282064925
28.18,0.2,0.09117684422966238,0.09117684422966238
28.185,0.2,-0.24462163952784485,-0.24462163952784485
28.19,0.2,-0.05900871158225414,-0.05900871158225414
28.195,0.2,0.05229749634038233,0.05229749634038233
28.2,0.2,0.2802901528707431,0.2802901528707431
28.205,0.2,0.25756955802933595,0.25756955802933595
28.21,0.2,0.6691160644025649,0.6691160644025649
28.215,0.2,0.44852138780213335,0.44852138780213335
28.22,0.2,0.22513773695638165,0.22513773695638165
28.225,0.2,0.028031358582142785,0.028031358582142785
28.23,0.2,-0.2601767505715754,-0.2601767505715754
28.235,0.2,-0.006313383984828773,-0.006313383984828773
28.24,0.2,0.14544099039587088,0.14544099039587088
28.245,0.2,0.4189231952641161,0.4189231952641161
28.25,0.2,0.5348914630871934,0.5348914630871934
28.255,0.2,0.5165124263295626,0.5165124263295626
28.26,0.2,0.11245391071776759,0.11245391071776759
28.265,0.2,-0.1819310476072476,-0.1819310476072476
28.27,0.2,-0.0680038656906039,-0.0680038656906039
28.275,0.2,-0.1777428154357877,-0.1777428154357877
28.28,0.2,0.1287264712076061,0.1287264712076061
28.285,0.2,0.5427405920687584,0.5427405920687584
28.29,0.2,0.7661130745473094,0.7661130745473094
28.295,0.2,0.5023885532120598,0.5023885532120598
28.3,0.2,0.1259578365483495,0.1259578365483495
28.305,0.2,-0.21634027136313072,-0.21634027136313072
28.31,0.2,-0.1618259293494423,-0.1618259293494423
28.315,0.2,0.1450693112763269,0.1450693112763269
28.32,0.2,0.08836106348593542,0.08836106348593542
28.325,0.2,0.4262345802459143,0.4262345802459143
28.33,0.2,0.6868111513742889,0.6868111513742889
28.335,0.2,0.3479194609109632,0.3479194609109632
28.34,0.2,0.19836312941031747,0.19836312941031747
28.345,0.2,-0.08510358036864432,-0.08510358036864432
28.35,0.2,-0.09989836513400076,-0.09989836513400076
28.355,0.2,0.2012896506158317,0.2012896506158317
28.36,0.2,0.1179360560648283,0.1179360560648283
28.365,0.2,0.53756466763374,0.53756466763374
28.37,0.2,0.5656908196309753,0.5656908196309753
28.375,0.2,0.4712734829455268,0.4712734829455268
28.38,0.2,0.3291382879776893,0.3291382879776893
28.385,0.2,0.11207149082000484,0.11207149082000484
28.39,0.2,-0.19872094402558593,-0.19872094402558593
28.395,0.2,-0.08778891765019743,-0.08778891765019743
28.4,0.2,0.46015495880230317,0.46015495880230317
28.405,0.2,0.5575489015504063,0.5575489015504063
28.41,0.2,0.6266998536464957,0.6266998536464957
28.415,0.2,0.5934292169040345,0.5934292169040345
28.42,0.2,0.17887740816413583,0.17887740816413583
28.425,0.2,-0.13477209029266105,-0.13477209029266105
28.43,0.2,-0.2357781334652645,-0.2357781334652645
28.435,0.2,0.014393692327725327,0.014393692327725327
28.44,0.2,0.34596752152185883,0.34596752152185883
28.445,0.2,0.566019102090047,0.566019102090047
28.45,0.2,0.5716965837162069,0.5716965837162069
28.455,0.2,0.6022234913835562,0.6022234913835562
28.46,0.2,0.25478709061942906,0.25478709061942906
28.465,0.2,0.16894006748785298,0.16894006748785298
28.47,0.2,-0.3029910182749074,-0.3029910182749074
28.475,0.2,-0.040846394841550004,-0.040846394841550004
28.48,0.2,0.055368432329818806,0.055368432329818806
28.485,0.2,0.4941029460304388,0.4941029460304388
28.49,0.2,0.5582928670952038,0.5582928670952038
28.495,0.2,0.6375609747660144,0.6375609747660144
28.5,0.2,0.14124314221545314,0.14124314221545314
28.505,0.2,0.11699700651362238,0.11699700651362238
28.51,0.2,-0.29232944250016235,-0.29232944250016235
28.515,0.2,0.023159614454961897,0.023159614454961897
28.52,0.2,0.1713536096563913,0.1713536096563913
28.525,0.2,0.4561841193955007,0.4561841193955007
28.53,0.2,0.6913065039059689,0.6913065039059689
28.535,0.2,0.37096553298035284,0.37096553298035284
28.54,0.2,0.08890191565150034,0.08890191565150034
28.545,0.2,-0.13226763990142443,-0.13226763990142443
28.55,0.2,-0.10688175332037536,-0.10688175332037536
28.555,0.2,0.0756373144271294,0.0756373144271294
28.56,0.2,0.2803513162599383,0.2803513162599383
28.565,0.2,0.601290196497716,0.601290196497716
28.57,0.2,0.5616342257616685,0.5616342257616685
28.575,0.2,0.4941217974306876,0.4941217974306876
28.58,0.2,0.22721948890826033,0.22721948890826033
28.585,0.2,-0.06678613106469974,-0.06678613106469974
28.59,0.2,-0.18058115989784038,-0.18058115989784038
28.595,0.2,0.07942757706061643,0.07942757706061643
28.6,0.2,0.22163976167650284,0.22163976167650284
28.605,0.2,0.44398278767480504,0.44398278767480504
28.61,0.2,0.6417121760841665,0.6417121760841665
28.615,0.2,0.5074312524221908,0.5074312524221908
28.62,0.2,0.21704223259768915,0.21704223259768915
28.625,0.2,-0.15131858399766834,-0.15131858399766834
28.63,0.2,-0.14373497163120846,-0.14373497163120846
28.635,0.2,-0.024203484463025025,-0.024203484463025025
28.64,0.2,0.36380118611283696,0.36380118611283696
28.645,0.2,0.42468842324419126,0.42468842324419126
28.65,0.2,0.7051589287066417,0.7051589287066417
28.655,0.2,0.5510933127058906,0.5510933127058906
28.66,0.2,0.03196160024971639,0.03196160024971639
28.665,0.2,0.018249568998488036,0.018249568998488036
28.67,0.2,-0.08206104503150843,-0.08206104503150843
28.675,0.2,0.07393565553420708,0.07393565553420708
28.68,0.2,0.3525990485378671,0.3525990485378671
28.685,0.2,0.4015781917641775,0.4015781917641775
28.69,0.2,0.5496665063659811,0.5496665063659811
28.695,0.2,0.5266521333108638,0.5266521333108638
28.7,0.2,0.2621653400438355,0.2621653400438355
28.705,0.2,-0.19944176400327346,-0.19944176400327346
28.71,0.2,-0.3227668337392823,-0.3227668337392823
28.715,0.2,0.19354956841950982,0.19354956841950982
28.72,0.2,0.3329858793950856,0.3329858793950856
28.725,0.2,0.6424877381806127,0.6424877381806127
28.73,0.2,0.4761306016079896,0.4761306016079896
28.735,0.2,0.6609938540181999,0.6609938540181999
28.74,0.2,0.28333121279271456,0.28333121279271456
28.745,0.2,0.08828688453068148,0.08828688453068148
28.75,0.2,0.07519295152972796,0.07519295152972796
28.755,0.2,0.01290508330679823,0.01290508330679823
28.76,0.2,0.3672674648639072,0.3672674648639072
28.765,0.2,0.6186829486547734,0.6186829486547734
28.77,0.2,0.6279031785015544,0.6279031785015544
28.775,0.2,0.467671212285884,0.467671212285884
28.78,0.2,0.1617859457477856,0.1617859457477856
28.785,0.2,-0.11483933193914134,-0.11483933193914134
28.79,0.2,-0.22079556263971592,-0.22079556263971592
28.795,0.2,-0.00843190285576259,-0.00843190285576259
28.8,0.2,0.26612386869232235,0.26612386869232235
28.805,0.2,0.5944969287614074,0.5944969287614074
28.81,0.2,0.5903284573284865,0.5903284573284865
28.815,0.2,0.4120987597225513,0.4120987597225513
28.82,0.2,0.30250197028733666,0.30250197028733666
28.825,0.2,0.03567228252422702,0.03567228252422702
28.83,0.2,-0.0027954466262100214,-0.0027954466262100214
28.835,0.2,-0.10303244959906452,-0.10303244959906452
28.84,0.2,0.1981734732559294,0.1981734732559294
28.845,0.2,0.5137275205152122,0.5137275205152122
28.85,0.2,0.46939872322377674,0.46939872322377674
28.855,0.2,0.6384307622047168,0.6384307622047168
28.86,0.2,0.25558233980137135,0.25558233980137135
28.865,0.2,-0.10470170739210033,-0.10470170739210033
28.87,0.2,-0.26550115591712625,-0.26550115591712625
28.875,0.2,-0.12722878437993512,-0.12722878437993512
28.88,0.2,0.3430891284431562,0.3430891284431562
28.885,0.2,0.6147675252138103,0.6147675252138103
28.89,0.2,0.6630309791319632,0.6630309791319632
28.895,0.2,0.6706633051579958,0.6706633051579958
28.9,0.2,0.1772720643994847,0.1772720643994847
28.905,0.2,-0.09472188996382888,-0.09472188996382888
28.91,0.2,-0.15286152311056356,-0.15286152311056356
28.915,0.2,-0.004978555830151965,-0.004978555830151965
28.92,0.2,0.23440507141590922,0.23440507141590922
28.925,0.2,0.5456061208024754,0.5456061208024754
28.93,0.2,0.6479128135350054,0.6479128135350054
28.935,0.2,0.4724591953262602,0.4724591953262602
28.94,0.2,0.37977631086741,0.37977631086741
28.945,0.2,-0.08408584459582151,-0.08408584459582151
28.95,0.2,-0.030561583922696867,-0.030561583922696867
28.955,0.2,-0.23305454793823566,-0.23305454793823566
28.96,0.2,0.3316773619288025,0.3316773619288025
28.965,0.2,0.5526730368791938,0.5526730368791938
28.97,0.2,0.6179771255081518,0.6179771255081518
28.975,0.2,0.6455148889072646,0.6455148889072646
28.98,0.2,0.18048924395834212,0.18048924395834212
28.985,0.2,0.031724710174182685,0.031724710174182685
28.99,0.2,-0.27563658056109563,-0.27563658056109563
28.995,0.2,0.03497961955757385,0.03497961955757385
29.0,0.2,0.21926065412345952,0.21926065412345952
29.005,0.2,0.41124718529582904,0.41124718529582904
29.01,0.2,0.7950794642680893,0.7950794642680893
29.015,0.2,0.44609032045772173,0.44609032045772173
29.02,0.2,0.340293980703313,0.340293980703313
29.025,0.2,-0.011031935866090012,-0.011031935866090012
29.03,0.2,-0.0333377214924364,-0.0333377214924364
29.035,0.2,0.01926758158542442,0.01926758158542442
29.04,0.2,0.31904079102011434,0.31904079102011434
29.045,0.2,0.6214051875593798,0.6214051875593798
29.05,0.2,0.5058027512167095,0.5058027512167095
29.055,0.2,0.6217840953871746,0.6217840953871746
29.06,0.2,0.14550421129264252,0.14550421129264252
29.065,0.2,-0.22119817637873074,-0.22119817637873074
29.07,0.2,-0.12155892490146404,-0.12155892490146404
29.075,0.2,-0.07960954831932558,-0.07960954831932558
29.08,0.2,0.22451274484225314,0.22451274484225314
29.085,0.2,0.47648626949963313,0.47648626949963313
29.09,0.2,0.5585043653062702,0.5585043653062702
29.095,0.2,0.47285070889564146,0.47285070889564146
29.1,0.2,0.27124553182529887,0.27124553182529887
29.105,0.2,0.09538494740541707,0.09538494740541707
29.11,0.2,-0.18617572961937226,-0.18617572961937226
29.115,0.2,-0.0935920623929934,-0.0935920623929934
29.12,0.2,0.21201406191089855,0.21201406191089855
29.125,0.2,0.41062731485520154,0.41062731485520154
29.13,0.2,0.5780420353500478,0.5780420353500478
29.135,0.2,0.36567351839813866,0.36567351839813866
29.14,0.2,0.17548999525963527,0.17548999525963527
29.145,0.2,-0.00928268293609464,-0.00928268293609464
29.15,0.2,-0.1634320867126855,-0.1634320867126855
29.155,0.2,0.1185841340386003,0.1185841340386003
29.16,0.2,0.26586275912720786,0.26586275912720786
29.165,0.2,0.3956328397550587,0.3956328397550587
29.17,0.2,0.8490493457040769,0.8490493457040769
29.175,0.2,0.4939988571895282,0.4939988571895282
29.18,0.2,0.11225090715421869,0.11225090715421869
29.185,0.2,-0.013710789537165008,-0.013710789537165008
29.19,0.2,-0.16708675548882249,-0.16708675548882249
29.195,0.2,-0.06708081627074697,-0.06708081627074697
29.2,0.2,0.3792388616993693,0.3792388616993693
29.205,0.2,0.6270452365922269,0.6270452365922269
29.21,0.2,0.49015550577945455,0.49015550577945455
29.215,0.2,0.5636985799945504,0.5636985799945504
29.22,0.2,0.23606148772386565,0.23606148772386565
29.225,0.2,-0.02063594507207903,-0.02063594507207903
29.23,0.2,-0.2521134883714311,-0.2521134883714311
29.235,0.2,-0.02363096568028465,-0.02363096568028465
29.24,0.2,0.36111717921198144,0.36111717921198144
29.245,0.2,0.44031687108950057,0.44031687108950057
29.25,0.2,0.6656509092652562,0.6656509092652562
29.255,0.2,0.4135702545740262,0.4135702545740262
29.26,0.2,0.055416433858677366,0.055416433858677366
29.265,0.2,0.19425280827128394,0.19425280827128394
29.27,0.2,-0.06195233171498546,-0.06195233171498546
29.275,0.2,0.08407920733678788,0.08407920733678788
29.28,0.2,0.3926059419077559,0.3926059419077559
29.285,0.2,0.5434093667122062,0.5434093667122062
29.29,0.2,0.628075418221579,0.628075418221579
29.295,0.2,0.44293177253332605,0.44293177253332605
29.3,0.2,0.2104731484818215,0.2104731484818215
29.305,0.2,0.032868499608701265,0.032868499608701265
29.31,0.2,-0.1761929508414068,-0.1761929508414068
29.315,0.2,0.08058394593728106,0.08058394593728106
29.32,0.2,0.462384951510039,0.462384951510039
29.325,0.2,0.5460620928755044,0.5460620928755044
29.33,0.2,0.49754302501881825,0.49754302501881825
29.335,0.2,0.5557455588548834,0.5557455588548834
29.34,0.2,0.30523008801895196,0.30523008801895196
29.345,0.2,-0.020941225631877364,-0.020941225631877364
29.35,0.2,0.023988081619067014,0.023988081619067014
29.355,0.2,0.12189064550838923,0.12189064550838923
29.36,0.2,0.42300427714945443,0.42300427714945443
29.365,0.2,0.5740588878165839,0.5740588878165839
29.37,0.2,0.5913998898044937,0.5913998898044937
29.375,0.2,0.6035896748240381,0.6035896748240381
29.38,0.2,0.29362423912781044,0.29362423912781044
29.385,0.2,0.2004359811500506,0.2004359811500506
29.39,0.2,-0.11826691392087557,-0.11826691392087557
29.395,0.2,0.1217793761835451,0.1217793761835451
29.4,0.2,0.2067098899552935,0.2067098899552935
29.405,0.2,0.5857129002635971,0.5857129002635971
29.41,0.2,0.7002402231345892,0.7002402231345892
29.415,0.2,0.5053166611530403,0.5053166611530403
29.42,0.2,0.30287100000509276,0.30287100000509276
29.425,0.2,-0.05542836097501189,-0.05542836097501189
29.43,0.2,-0.15312889741477342,-0.15312889741477342
29.435,0.2,0.0666965209127639,0.0666965209127639
29.44,0.2,0.47787305793077905,0.47787305793077905
29.445,0.2,0.5967766989492791,0.5967766989492791
29.45,0.2,0.6458029097672043,0.6458029097672043
29.455,0.2,0.4477959140145539,0.4477959140145539
29.46,0.2,0.19453956300831637,0.19453956300831637
29.465,0.2,-0.030281944252839765,-0.030281944252839765
29.47,0.2,-0.08376437085657912,-0.08376437085657912
29.475,0.2,-0.01450506326902392,-0.01450506326902392
29.48,0.2,0.1958731762623143,0.1958731762623143
29.485,0.2,0.5019139799122077,0.5019139799122077
29.49,0.2,0.7497738740699346,0.7497738740699346
29.495,0.2,0.5453039877517192,0.5453039877517192
29.5,0.2,0.206857059566682,0.206857059566682
29.505,0.2,-0.04443864305444953,-0.04443864305444953
29.51,0.2,-0.048979664412786006,-0.048979664412786006
29.515,0.2,-0.10920947741165557,-0.10920947741165557
29.52,0.2,0.1355910680847342,0.1355910680847342
29.525,0.2,0.49416750083185634,0.49416750083185634
29.53,0.2,0.5417717423986659,0.5417717423986659
29.535,0.2,0.3320958943867345,0.3320958943867345
29.54,0.2,0.2487864248469394,0.2487864248469394
29.545,0.2,0.007879636166019846,0.007879636166019846
29.55,0.2,-0.15631468091057468,-0.15631468091057468
29.555,0.2,-0.161587014059959,-0.161587014059959
29.56,0.2,0.24594753157660285,0.24594753157660285
29.565,0.2,0.4930665265370811,0.4930665265370811
29.57,0.2,0.5636519574124225,0.5636519574124225
29.575,0.2,0.5078051781569757,0.5078051781569757
29.58,0.2,0.2879954321067061,0.2879954321067061
29.585,0.2,-0.19983031098274184,-0.19983031098274184
29.59,0.2,-0.0472042446503079,-0.0472042446503079
29.595,0.2,-0.0014748500115062055,-0.0014748500115062055
29.6,0.2,0.1624017454059277,0.1624017454059277
29.605,-0.2,0.4214922402085186,0.4214922402085186
29.61,-0.2,0.657922853134045,0.657922853134045
29.615,-0.2,0.3980876208671572,0.3980876208671572
29.62,-0.2,0.15566609588602554,0.15566609588602554
29.625,-0.2,-0.1638136390362214,-0.1638136390362214
29.63,-0.2,-0.08902340756777077,-0.08902340756777077
29.635,-0.2,-0.0930815037256271,-0.0930815037256271
29.64,-0.2,0.20973272003901602,0.20973272003901602
29.645,-0.2,0.3651667059024505,0.3651667059024505
29.65,-0.2,0.503115563287492,0.503115563287492
29.655,-0.2,0.4122725330917154,0.4122725330917154
29.66,-0.2,0.18518220641964056,0.18518220641964056
29.665,-0.2,-0.10615704743787865,-0.10615704743787865
29.67,-0.2,0.016566739260326424,0.016566739260326424
29.675,-0.2,0.0065302809379098326,0.0065302809379098326
29.68,-0.2,0.23129644476468553,0.23129644476468553
29.685,-0.2,0.5594583186676678,0.5594583186676678
29.69,-0.2,0.7622453036679367,0.7622453036679367
29.695,-0.2,0.35291821887207503,0.35291821887207503
29.7,-0.2,-0.02598052555829755,-0.02598052555829755
29.705,-0.2,-0.08535814327949538,-0.08535814327949538
29.71,-0.2,0.07834734219496542,0.07834734219496542
29.715,-0.2,0.0623775519343719,0.0623775519343719
29.72,-0.2,0.20137849564903101,0.20137849564903101
29.725,-0.2,0.5679686643176561,0.5679686643176561
29.73,-0.2,0.693796275889435,0.693796275889435
29.735,-0.2,0.5316931127673212,0.5316931127673212
29.74,-0.2,0.19701709870356945,0.19701709870356945
29.745,-0.2,0.06548406497653209,0.06548406497653209
29.75,-0.2,-0.1412017595777203,-0.1412017595777203
29.755,-0.2,0.042350680467916846,0.042350680467916846
29.76,-0.2,0.14608419619888663,0.14608419619888663
29.765,-0.2,0.43428772365943324,0.43428772365943324
29.77,-0.2,0.5121664062477921,0.5121664062477921
29.775,-0.2,0.646935140815427,0.646935140815427
29.78,-0.2,0.2266931648592297,0.2266931648592297
29.785,-0.2,-0.1542420861345586,-0.1542420861345586
29.79,-0.2,-0.13291246325172235,-0.13291246325172235
29.795,-0.2,-0.16217678761542853,-0.16217678761542853
29.8,-0.2,0.240754825635575,0.240754825635575
29.805,-0.2,0.5284606910612695,0.5284606910612695
29.81,-0.2,0.44325779743100385,0.44325779743100385
29.815,-0.2,0.4824951666052416,0.4824951666052416
29.82,-0.2,0.045264809553149016,0.045264809553149016
29.825,-0.2,-0.0364809737267616,-0.0364809737267616
29.83,-0.2,-0.18919314938627585,-0.18919314938627585
29.835,-0.2,0.0676334385768471,0.0676334385768471
29.84,-0.2,0.16715896099952327,0.16715896099952327
29.845,-0.2,0.4048514058407244,0.4048514058407244
29.85,-0.2,0.8002937873527036,0.8002937873527036
29.855,-0.2,0.4850569695155266,0.4850569695155266
29.86,-0.2,0.0610737935138847,0.0610737935138847
29.865,-0.2,-0.1343198927368324,-0.1343198927368324
29.87,-0.2,-0.029850222284350858,-0.029850222284350858
29.875,-0.2,-0.09833517017869821,-0.09833517017869821
29.88,-0.2,0.18870848132115603,0.18870848132115603
29.885,-0.2,0.4925605287991698,0.4925605287991698
29.89,-0.2,0.6663454278376093,0.6663454278376093
29.895,-0.2,0.5315713680109327,0.5315713680109327
29.9,-0.2,0.31999363568776745,0.31999363568776745
29.905,-0.2,0.036182252755377356,0.036182252755377356
29.91,-0.2,-0.41215427301532753,-0.41215427301532753
29.915,-0.2,0.031358475856067033,0.031358475856067033
29.92,-0.2,0.13895315041415707,0.13895315041415707
29.925,-0.2,0.3023651197254997,0.3023651197254997
29.93,-0.2,0.5608232362174328,0.5608232362174328
29.935,-0.2,0.3932197262593671,0.3932197262593671
29.94,-0.2,0.3147007145642835,0.3147007145642835
29.945,-0.2,0.162710293210703,0.162710293210703
29.95,-0.2,-0.028309183527392104,-0.028309183527392104
29.955,-0.2,0.047130390943066966,0.047130390943066966
29.96,-0.2,0.21749569993642895,0.21749569993642895
29.965,-0.2,0.5499184478469394,0.5499184478469394
29.97,-0.2,0.5923322434922718,0.5923322434922718
29.975,-0.2,0.3745298814203587,0.3745298814203587
29.98,-0.2,0.12909840762860214,0.12909840762860214
29.985,-0.2,-0.13142347263683601,-0.13142347263683601
29.99,-0.2,-0.10237283331777014,-0.10237283331777014
29.995,-0.2,0.09053138400992106,0.09053138400992106
30.0,-0.2,0.13292527787191322,0.13292527787191322
30.005,-0.2,0.5389382601834918,0.5389382601834918
30.01,-0.2,0.6187119954985729,0.6187119954985729
30.015,-0.2,0.33495475213200887,0.33495475213200887
30.02,-0.2,0.32806842255067814,0.32806842255067814
30.025,-0.2,-0.08441898989388488,-0.08441898989388488
30.03,-0.2,-0.3090888160632944,-0.3090888160632944
30.035,-0.2,0.12511412893645882,0.12511412893645882
30.04,-0.2,0.2518942241737027,0.2518942241737027
30.045,-0.2,0.48010592692384735,0.48010592692384735
30.05,-0.2,0.6048315200378145,0.6048315200378145
30.055,-0.2,0.36656702658425594,0.36656702658425594
30.06,-0.2,0.21447821409430545,0.21447821409430545
30.065,-0.2,0.06506062791688033,0.06506062791688033
30.07,-0.2,-0.09866158727934585,-0.09866158727934585
30.075,-0.2,-0.11174608026596536,-0.11174608026596536
30.08,-0.2,0.13418735749408356,0.13418735749408356
30.085,-0.2,0.6049644605629596,0.6049644605629596
30.09,-0.2,0.6798397251861548,0.6798397251861548
30.095,-0.2,0.2927665361685765,0.2927665361685765
30.1,-0.2,0.2872419830770545,0.2872419830770545
30.105,-0.2,0.021310514736299885,0.021310514736299885
30.11,-0.2,-0.1324020189437775,-0.1324020189437775
30.115,-0.2,0.004259913917790757,0.004259913917790757
30.12,-0.2,0.25813976046744747,0.25813976046744747
30.125,-0.2,0.5685531984136386,0.5685531984136386
30.13,-0.2,0.3852447246794235,0.3852447246794235
30.135,-0.2,0.559623547145512,0.559623547145512
30.14,-0.2,0.25978442302583415,0.25978442302583415
30.145,-0.2,-0.019458429931844726,-0.019458429931844726
30.15,-0.2,-0.2262526690274466,-0.2262526690274466
30.155,-0.2,-0.11383668963694588,-0.11383668963694588
30.16,-0.2,0.2953853981502208,0.2953853981502208
30.165,-0.2,0.5311970233195883,0.5311970233195883
30.17,-0.2,0.5258352140435869,0.5258352140435869
30.175,-0.2,0.448442693099234,0.448442693099234
30.18,-0.2,0.3644304957539579,0.3644304957539579
30.185,-0.2,-0.15377656443632817,-0.15377656443632817
30.19,-0.2,-0.21234077805832752,-0.21234077805832752
30.195,-0.2,-0.09008032338462547,-0.09008032338462547
30.2,-0.2,0.34466438890390744,0.34466438890390744
30.205,-0.2,0.3969662489172008,0.3969662489172008
30.21,-0.2,0.5692421264966445,0.5692421264966445
30.215,-0.2,0.6364238748919041,0.6364238748919041
30.22,-0.2,0.3113193670555191,0.3113193670555191
30.225,-0.2,-0.11764349857026601,-0.11764349857026601
30.23,-0.2,0.03327530190218442,0.03327530190218442
30.235,-0.2,-0.11755669225518864,-0.11755669225518864
30.24,-0.2,0.2522000595339504,0.2522000595339504
30.245,-0.2,0.6745010313999522,0.6745010313999522
30.25,-0.2,0.6634618942957488,0.6634618942957488
30.255,-0.2,0.6115067353854102,0.6115067353854102
30.26,-0.2,0.2185832290443554,0.2185832290443554
30.265,-0.2,0.15105731081502666,0.15105731081502666
30.27,-0.2,-0.2656557758468362,-0.2656557758468362
30.275,-0.2,0.15331296139214204,0.15331296139214204
30.28,-0.2,0.2046033078424437,0.2046033078424437
30.285,-0.2,0.7181182915570875,0.7181182915570875
30.29,-0.2,0.548013327980476,0.548013327980476
30.295,-0.2,0.5478824670505357,0.5478824670505357
30.3,-0.2,0.21574545773768183,0.21574545773768183
30.305,-0.2,-0.016340444076210766,-0.016340444076210766
30.31,-0.2,0.012965569252594927,0.012965569252594927
30.315,-0.2,-0.008599990204694298,-0.008599990204694298
30.32,-0.2,0.13687202893448225,0.13687202893448225
30.325,-0.2,0.48062053667196714,0.48062053667196714
30.33,-0.2,0.669979411503306,0.669979411503306
30.335,-0.2,0.5102638252303097,0.5102638252303097
30.34,-0.2,0.26609656563918516,0.26609656563918516
30.345,-0.2,-0.10977860887958202,-0.10977860887958202
30.35,-0.2,-0.22252033391888343,-0.22252033391888343
30.355,-0.2,-0.11476963470533054,-0.11476963470533054
30.36,-0.2,0.3683778358460841,0.3683778358460841
30.365,-0.2,0.4679092097946016,0.4679092097946016
30.37,-0.2,0.6648841225419573,0.6648841225419573
30.375,-0.2,0.4478853129164425,0.4478853129164425
30.38,-0.2,0.135924356712109,0.135924356712109
30.385,-0.2,-0.030505107138693238,-0.030505107138693238
30.39,-0.2,-0.2118042247677882,-0.2118042247677882
30.395,-0.2,-0.09893024626662443,-0.09893024626662443
30.4,-0.2,0.21035874324600662,0.21035874324600662
30.405,-0.2,0.5597881575243805,0.5597881575243805
30.41,-0.2,0.8243544052701913,0.8243544052701913
30.415,-0.2,0.41682771181827905,0.41682771181827905
30.42,-0.2,0.23456203014234872,0.23456203014234872
30.425,-0.2,-0.08796674434464112,-0.08796674434464112
30.43,-0.2,-0.17294230226288645,-0.17294230226288645
30.435,-0.2,0.03254815696919451,0.03254815696919451
30.44,-0.2,0.12729764637013233,0.12729764637013233
30.445,-0.2,0.41941043280090373,0.41941043280090373
30.45,-0.2,0.6780585972947163,0.6780585972947163
30.455,-0.2,0.48402938948855667,0.48402938948855667
30.46,-0.2,0.15414352424037017,0.15414352424037017
30.465,-0.2,-0.03453518013341102,-0.03453518013341102
30.47,-0.2,-0.11426937507789287,-0.11426937507789287
30.475,-0.2,-0.10169399732348781,-0.10169399732348781
30.48,-0.2,0.13319607688834564,0.13319607688834564
30.485,-0.2,0.356926530975651,0.356926530975651
30.49,-0.2,0.6426261602016325,0.6426261602016325
30.495,-0.2,0.4353842482333824,0.4353842482333824
30.5,-0.2,0.3439007911161631,0.3439007911161631
30.505,-0.2,0.03858190891698436,0.03858190891698436
30.51,-0.2,-0.10823552834171127,-0.10823552834171127
30.515,-0.2,0.013509884028338873,0.013509884028338873
30.52,-0.2,0.24163288929232646,0.24163288929232646
30.525,-0.2,0.5545825677789916,0.5545825677789916
30.53,-0.2,0.6382321976358054,0.6382321976358054
30.535,-0.2,0.47147258641232187,0.47147258641232187
30.54,-0.2,0.17947740697356868,0.17947740697356868
30.545,-0.2,-0.06603378795406303,-0.06603378795406303
30.55,-0.2,-0.17267264732111265,-0.17267264732111265
30.555,-0.2,-0.010832098187248647,-0.010832098187248647
30.56,-0.2,0.22636555405902628,0.22636555405902628
30.565,-0.2,0.5026833625804108,0.5026833625804108
30.57,-0.2,0.6613739993707818,0.6613739993707818
30.575,-0.2,0.42174526295327935,0.42174526295327935
30.58,-0.2,0.12967889042941044,0.12967889042941044
30.585,-0.2,0.005166902913292207,0.005166902913292207
30.59,-0.2,-0.2206727892833236,-0.2206727892833236
30.595,-0.2,0.012990401498239795,0.012990401498239795
30.6,-0.2,0.10963385249608998,0.10963385249608998
30.605,-0.2,0.36868191993243027,0.36868191993243027
30.61,-0.2,0.6247152227236963,0.6247152227236963
30.615,-0.2,0.42686501482078265,0.42686501482078265
30.62,-0.2,0.1315967375362608,0.1315967375362608
30.625,-0.2,0.10815997520929463,0.10815997520929463
30.63,-0.2,-0.22967140161717037,-0.22967140161717037
30.635,-0.2,-0.02160652600041677,-0.02160652600041677
30.64,-0.2,0.31837689113381973,0.31837689113381973
30.645,-0.2,0.43166289489604465,0.43166289489604465
30.65,-0.2,0.6197653656550188,0.6197653656550188
30.655,-0.2,0.3421440121533825,0.3421440121533825
30.66,-0.2,0.06271041312809675,0.06271041312809675
30.665,-0.2,0.05044421519242759,0.05044421519242759
30.67,-0.2,-0.11252165891158647,-0.11252165891158647
30.675,-0.2,0.11941453036632615,0.11941453036632615
30.68,-0.2,0.24054345544920133,0.24054345544920133
30.685,-0.2,0.43820003830937704,0.43820003830937704
30.69,-0.2,0.6323258496582943,0.6323258496582943
30.695,-0.2,0.37950832471773144,0.37950832471773144
30.7,-0.2,0.06253185663463318,0.06253185663463318
30.705,-0.2,-0.07669302002052965,-0.07669302002052965
30.71,-0.2,-0.2889696410800589,-0.2889696410800589
30.715,-0.2,0.024378237567729368,0.024378237567729368
30.72,-0.2,0.2462018540761454,0.2462018540761454
30.725,-0.2,0.5823966297601586,0.5823966297601586
30.73,-0.2,0.5885121208331108,0.5885121208331108
30.735,-0.2,0.48737528872911795,0.48737528872911795
30.74,-0.2,0.12816093562318137,0.12816093562318137
30.745,-0.2,-0.028143986638612346,-0.028143986638612346
30.75,-0.2,-0.1667830036744004,-0.1667830036744004
30.755,-0.2,-0.05650518854491117,-0.05650518854491117
30.76,-0.2,0.2014228526195093,0.2014228526195093
30.765,-0.2,0.5045140948445123,0.5045140948445123
30.77,-0.2,0.5874000085656496,0.5874000085656496
30.775,-0.2,0.6108275771954766,0.6108275771954766
30.78,-0.2,0.3312545451365111,0.3312545451365111
30.785,-0.2,-0.04261187339828578,-0.04261187339828578
30.79,-0.2,-0.23564969098545607,-0.23564969098545607
30.795,-0.2,-0.17219870564111078,-0.17219870564111078
30.8,-0.2,0.17000947445377265,0.17000947445377265
30.805,-0.2,0.6064315256924651,0.6064315256924651
30.81,-0.2,0.6299016991058767,0.6299016991058767
30.815,-0.2,0.29243254211872893,0.29243254211872893
30.82,-0.2,0.12900726594498846,0.12900726594498846
30.825,-0.2,-0.05034693487114951,-0.05034693487114951
30.83,-0.2,-0.1026702330175232,-0.1026702330175232
30.835,-0.2,0.1517969827230801,0.1517969827230801
30.84,-0.2,0.24806181113781395,0.24806181113781395
30.845,-0.2,0.16559664374761535,0.16559664374761535
30.85,-0.2,0.6766201149364848,0.6766201149364848
30.855,-0.2,0.47190725265259514,0.47190725265259514
30.86,-0.2,0.08470810927553236,0.08470810927553236
30.865,-0.2,-0.0756567044732159,-0.0756567044732159
30.87,-0.2,0.19774206214056678,0.19774206214056678
30.875,-0.2,-0.04808465609471463,-0.04808465609471463
30.88,-0.2,0.27639188398821873,0.27639188398821873
30.885,-0.2,0.36860896697810186,0.36860896697810186
30.89,-0.2,0.5375444645859918,0.5375444645859918
30.895,-0.2,0.29420077876057427,0.29420077876057427
30.9,-0.2,0.1745423937805975,0.1745423937805975
30.905,-0.2,-0.16058843233748454,-0.16058843233748454
30.91,-0.2,0.016380487910303804,0.016380487910303804
30.915,-0.2,-0.2574594282350773,-0.2574594282350773
30.92,-0.2,0.23063987841900802,0.23063987841900802
30.925,-0.2,0.4654516950738226,0.4654516950738226
30.93,-0.2,0.5486733320350544,0.5486733320350544
30.935,-0.2,0.3392340037100935,0.3392340037100935
30.94,-0.2,0.11518092160007623,0.11518092160007623
30.945,-0.2,-0.23278523507665777,-0.23278523507665777
30.95,-0.2,-0.2045265139126011,-0.2045265139126011
30.955,-0.2,-0.04271331416317871,-0.04271331416317871
30.96,-0.2,0.10557978908869668,0.10557978908869668
30.965,-0.2,0.6363893279016364,0.6363893279016364
30.97,-0.2,0.5349308670111319,0.5349308670111319
30.975,-0.2,0.3597454904520628,0.3597454904520628
30.98,-0.2,0.2904377386604017,0.2904377386604017
30.985,-0.2,-0.031077897047211256,-0.031077897047211256
30.99,-0.2,-0.15477617533065566,-0.15477617533065566
30.995,-0.2,-0.0888212202844449,-0.0888212202844449
31.0,-0.2,0.0825514459387987,0.0825514459387987
31.005,-0.2,0.4701039500186059,0.4701039500186059
31.01,-0.2,0.4476943029471499,0.4476943029471499
31.015,-0.2,0.5861462034164482,0.5861462034164482
31.02,-0.2,0.15302128477389154,0.15302128477389154
31.025,-0.2,-0.07323011259411277,-0.07323011259411277
31.03,-0.2,-0.3783410335341626,-0.3783410335341626
31.035,-0.2,0.03584014050764753,0.03584014050764753
31.04,-0.2,0.27306752850767124,0.27306752850767124
31.045,-0.2,0.38835991586885704,0.38835991586885704
31.05,-0.2,0.4291003659585081,0.4291003659585081
31.055,-0.2,0.32311325337667,0.32311325337667
31.06,-0.2,0.047386331661874545,0.047386331661874545
31.065,-0.2,-0.16753916922741235,-0.16753916922741235
31.07,-0.2,-0.3090705126411176,-0.3090705126411176
31.075,-0.2,-0.1541499363531642,-0.1541499363531642
31.08,-0.2,0.2834890845406152,0.2834890845406152
31.085,-0.2,0.5281762018863332,0.5281762018863332
31.09,-0.2,0.653174292623304,0.653174292623304
31.095,-0.2,0.3722053982816934,0.3722053982816934
31.1,-0.2,0.0788682704470843,0.0788682704470843
31.105,-0.2,-0.1914274995946662,-0.1914274995946662
31.11,-0.2,-0.4652065351870917,-0.4652065351870917
31.115,-0.2,0.025076674758250192,0.025076674758250192
31.12,-0.2,0.25822496889800983,0.25822496889800983
31.125,-0.2,0.46747421075895546,0.46747421075895546
31.13,-0.2,0.4231535374779331,0.4231535374779331
31.135,-0.2,0.2913569788412386,0.2913569788412386
31.14,-0.2,0.19277706838677539,0.19277706838677539
31.145,-0.2,-0.08301749253991969,-0.08301749253991969
31.15,-0.2,-0.0019919993733175656,-0.0019919993733175656
31.155,-0.2,0.14225934131907858,0.14225934131907858
31.16,-0.2,0.2291823925168726,0.2291823925168726
31.165,-0.2,0.6738221298944543,0.6738221298944543
31.17,-0.2,0.4854167353571126,0.4854167353571126
31.175,-0.2,0.4973756827246484,0.4973756827246484
31.18,-0.2,0.1960214686296321,0.1960214686296321
31.185,-0.2,-0.1390703879923465,-0.1390703879923465
31.19,-0.2,0.019595549297036163,0.019595549297036163
31.195,-0.2,-0.09497923631221394,-0.09497923631221394
31.2,-0.2,0.2572010062786305,0.2572010062786305
31.205,-0.2,0.47360686444802336,0.47360686444802336
31.21,-0.2,0.5571664922683803,0.5571664922683803
31.215,-0.2,0.4459181114360977,0.4459181114360977
31.22,-0.2,0.4080085222569833,0.4080085222569833
31.225,-0.2,0.03524208665767882,0.03524208665767882
31.23,-0.2,-0.2139337027017881,-0.2139337027017881
31.235,-0.2,-0.09034705562559597,-0.09034705562559597
31.24,-0.2,0.22487050056647534,0.22487050056647534
31.245,-0.2,0.42888345563109076,0.42888345563109076
31.25,-0.2,0.7108780539819843,0.7108780539819843
31.255,-0.2,0.3585875638047933,0.3585875638047933
31.26,-0.2,0.25303919668708563,0.25303919668708563
31.265,-0.2,0.12283087955349434,0.12283087955349434
31.27,-0.2,-0.08728092860702383,-0.08728092860702383
31.275,-0.2,-0.09551430165171337,-0.09551430165171337
31.28,-0.2,0.2418445346472966,0.2418445346472966
31.285,-0.2,0.5403591041381305,0.5403591041381305
31.29,-0.2,0.5419721599846026,0.5419721599846026
31.295,-0.2,0.3649544812837514,0.3649544812837514
31.3,-0.2,0.2650755277807552,0.2650755277807552
31.305,-0.2,-0.19982671035137164,-0.19982671035137164
31.31,-0.2,-0.24713002586527688,-0.24713002586527688
31.315,-0.2,-0.06727939506942984,-0.06727939506942984
31.32,-0.2,0.1750913127797672,0.1750913127797672
31.325,-0.2,0.3594403483577643,0.3594403483577643
31.33,-0.2,0.4236871943264183,0.4236871943264183
31.335,-0.2,0.368335316716095,0.368335316716095
31.34,-0.2,0.20054462605813783,0.20054462605813783
31.345,-0.2,-0.2596615774997098,-0.2596615774997098
31.35,-0.2,-0.23677665786706825,-0.23677665786706825
31.355,-0.2,-0.015332929442305458,-0.015332929442305458
31.36,-0.2,0.405611983317149,0.405611983317149
31.365,-0.2,0.44321762911854673,0.44321762911854673
31.37,-0.2,0.5652679743096773,0.5652679743096773
31.375,-0.2,0.37511602581953696,0.37511602581953696
31.38,-0.2,0.16391319512678387,0.16391319512678387
31.385,-0.2,-0.29230463901033393,-0.29230463901033393
31.39,-0.2,-0.021756025577340438,-0.021756025577340438
31.395,-0.2,0.01049558988459584,0.01049558988459584
31.4,-0.2,0.26146463419930865,0.26146463419930865
31.405,-0.2,0.5886238358923114,0.5886238358923114
31.41,-0.2,0.6160364950357066,0.6160364950357066
31.415,-0.2,0.5263153807291796,0.5263153807291796
31.42,-0.2,0.1416609758747393,0.1416609758747393
31.425,-0.2,-0.1001814186951079,-0.1001814186951079
31.43,-0.2,-0.13787996823085769,-0.13787996823085769
31.435,-0.2,-0.007350701448984375,-0.007350701448984375
31.44,-0.2,0.3031544929809258,0.3031544929809258
31.445,-0.2,0.5965206089451305,0.5965206089451305
31.45,-0.2,0.4137392927666643,0.4137392927666643
31.455,-0.2,0.4813602562419603,0.4813602562419603
31.46,-0.2,0.16020114642636082,0.16020114642636082
31.465,-0.2,0.05555977477574339,0.05555977477574339
31.47,-0.2,-0.19361425833974621,-0.19361425833974621
31.475,-0.2,0.0698662069487388,0.0698662069487388
31.48,-0.2,0.20120992606389698,0.20120992606389698
31.485,-0.2,0.5315845861465532,0.5315845861465532
31.49,-0.2,0.5470347635205963,0.5470347635205963
31.495,-0.2,0.4719142923147701,0.4719142923147701
31.5,-0.2,0.20924289775970847,0.20924289775970847
31.505,-0.2,-0.19524998238447713,-0.19524998238447713
31.51,-0.2,-0.14745600710687293,-0.14745600710687293
31.515,-0.2,-0.1370608350062681,-0.1370608350062681
31.52,-0.2,0.2748842234029336,0.2748842234029336
31.525,-0.2,0.526814716654675,0.526814716654675
31.53,-0.2,0.45909274985303505,0.45909274985303505
31.535,-0.2,0.4618078605950403,0.4618078605950403
31.54,-0.2,0.171304846281306,0.171304846281306
31.545,-0.2,-0.0041601396324991505,-0.0041601396324991505
31.55,-0.2,-0.06993652828462202,-0.06993652828462202
31.555,-0.2,0.1173033206370245,0.1173033206370245
31.56,-0.2,0.19360025269865566,0.19360025269865566
31.565,-0.2,0.5199995916143079,0.5199995916143079
31.57,-0.2,0.5522199572513941,0.5522199572513941
31.575,-0.2,0.28935315280000373,0.28935315280000373
31.58,-0.2,0.10195002048977644,0.10195002048977644
31.585,-0.2,-0.10794840613657539,-0.10794840613657539
31.59,-0.2,-0.19531299683554676,-0.19531299683554676
31.595,-0.2,0.07937914756773863,0.07937914756773863
31.6,-0.2,0.2977662261379147,0.2977662261379147
31.605,-0.2,0.5162393668650562,0.5162393668650562
31.61,-0.2,0.6972018621935407,0.6972018621935407
31.615,-0.2,0.3256738563081987,0.3256738563081987
31.62,-0.2,0.1769715719650682,0.1769715719650682
31.625,-0.2,-0.27322360863413264,-0.27322360863413264
31.63,-0.2,-0.1795062227941739,-0.1795062227941739
31.635,-0.2,0.06911754762644506,0.06911754762644506
31.64,-0.2,0.42270637852537213,0.42270637852537213
31.645,-0.2,0.4480192525884663,0.4480192525884663
31.65,-0.2,0.5747047431871171,0.5747047431871171
31.655,-0.2,0.3442733202828232,0.3442733202828232
31.66,-0.2,0.13378844516167598,0.13378844516167598
31.665,-0.2,-0.1366692549684944,-0.1366692549684944
31.67,-0.2,-0.15340252312401048,-0.15340252312401048
31.675,-0.2,-0.004246634808153099,-0.004246634808153099
31.68,-0.2,0.2964006089837769,0.2964006089837769
31.685,-0.2,0.4362796339964968,0.4362796339964968
31.69,-0.2,0.5447499411392182,0.5447499411392182
31.695,-0.2,0.45766923837503437,0.45766923837503437
31.7,-0.2,0.21867176292179333,0.21867176292179333
31.705,-0.2,-0.07386551198131065,-0.07386551198131065
31.71,-0.2,-0.08042215110014246,-0.08042215110014246
31.715,-0.2,0.11713430971746594,0.11713430971746594
31.72,-0.2,0.3658380028736943,0.3658380028736943
31.725,-0.2,0.3391924093519505,0.3391924093519505
31.73,-0.2,0.5540555422669106,0.5540555422669106
31.735,-0.2,0.5048198051022764,0.5048198051022764
31.74,-0.2,0.19213698959280984,0.19213698959280984
31.745,-0.2,0.11588027938306963,0.11588027938306963
31.75,-0.2,-0.04196301977675575,-0.04196301977675575
31.755,-0.2,0.03687154120879299,0.03687154120879299
31.76,-0.2,0.22859674130913551,0.22859674130913551
31.765,-0.2,0.4456749065510015,0.4456749065510015
31.77,-0.2,0.5619977266032076,0.5619977266032076
31.775,-0.2,0.45737619897095816,0.45737619897095816
31.78,-0.2,0.2564289029166657,0.2564289029166657
31.785,-0.2,0.017887808558381284,0.017887808558381284
31.79,-0.2,-0.17838012700123623,-0.17838012700123623
31.795,-0.2,-0.07022912231680975,-0.07022912231680975
31.8,-0.2,0.2046836864902436,0.2046836864902436
31.805,-0.2,0.4396590813365989,0.4396590813365989
31.81,-0.2,0.66425359783156,0.66425359783156
31.815,-0.2,0.4445925692324406,0.4445925692324406
31.82,-0.2,0.2944360614501215,0.2944360614501215
31.825,-0.2,0.0890310103220108,0.0890310103220108
31.83,-0.2,-0.2186861763010115,-0.2186861763010115
31.835,-0.2,-0.08206217789776624,-0.08206217789776624
31.84,-0.2,0.20456871579330138,0.20456871579330138
31.845,-0.2,0.505996557885592,0.505996557885592
31.85,-0.2,0.5121070993946193,0.5121070993946193
31.855,-0.2,0.5639518789157044,0.5639518789157044
31.86,-0.2,0.1910835732406319,0.1910835732406319
31.865,-0.2,-0.07201078304501002,-0.07201078304501002
31.87,-0.2,-0.0908568806397263,-0.0908568806397263
31.875,-0.2,-0.03839733153300876,-0.03839733153300876
31.88,-0.2,0.2649664376040878,0.2649664376040878
31.885,-0.2,0.5675529157977859,0.5675529157977859
31.89,-0.2,0.6954929610097724,0.6954929610097724
31.895,-0.2,0.40831077337666255,0.40831077337666255
31.9,-0.2,0.304927482856035,0.304927482856035
31.905,-0.2,0.011857130375682451,0.011857130375682451
31.91,-0.2,-0.34346895291101837,-0.34346895291101837
31.915,-0.2,-0.06543992652027597,-0.06543992652027597
31.92,-0.2,0.047341132908021166,0.047341132908021166
31.925,-0.2,0.36478502004326596,0.36478502004326596
31.93,-0.2,0.6137894488837539,0.6137894488837539
31.935,-0.2,0.43459290409155577,0.43459290409155577
31.94,-0.2,0.2623015217062501,0.2623015217062501
31.945,-0.2,0.06343695796283996,0.06343695796283996
31.95,-0.2,-0.0216162271947066,-0.0216162271947066
31.955,-0.2,-0.03899722888343096,-0.03899722888343096
31.96,-0.2,0.04322211703938292,0.04322211703938292
31.965,-0.2,0.3558770702431414,0.3558770702431414
31.97,-0.2,0.5035331178827576,0.5035331178827576
31.975,-0.2,0.5465008487793426,0.5465008487793426
31.98,-0.2,0.14574507008149096,0.14574507008149096
31.985,-0.2,0.041324105895328866,0.041324105895328866
31.99,-0.2,-0.21887824644217235,-0.21887824644217235
31.995,-0.2,-0.04714801108860726,-0.04714801108860726
32.0,-0.2,0.28948657219842966,0.28948657219842966
32.005,-0.2,0.4487217566052363,0.4487217566052363
32.009999999,-0.2,0.6823747626668106,0.6823747626668106
32.015,-0.2,0.5310712499699116,0.5310712499699116
32.02,-0.2,0.1290707290049614,0.1290707290049614
32.025,-0.2,0.12844100074160342,0.12844100074160342
32.03,-0.2,-0.3521228333325428,-0.3521228333325428
32.034999999,-0.2,-0.1360628835863477,-0.1360628835863477
32.04,-0.2,0.12410290852681678,0.12410290852681678
32.045,-0.2,0.4172822166072223,0.4172822166072223
32.049999999,-0.2,0.4638020980690914,0.4638020980690914
32.055,-0.2,0.4284676393173368,0.4284676393173368
32.06,-0.2,0.029521911528731903,0.029521911528731903
32.064999999,-0.2,-0.017588229308435795,-0.017588229308435795
32.07,-0.2,-0.03459637619560341,-0.03459637619560341
32.075,-0.2,-0.012806984992262065,-0.012806984992262065
32.08,-0.2,0.23105598546081235,0.23105598546081235
32.085,-0.2,0.44029104586514084,0.44029104586514084
32.09,-0.2,0.5528812863957653,0.5528812863957653
32.095,-0.2,0.306984454971033,0.306984454971033
32.1,-0.2,0.2798846763926077,0.2798846763926077
32.104999999,-0.2,0.030058601076189795,0.030058601076189795
32.11,-0.2,-0.1955840107424487,-0.1955840107424487
32.115,-0.2,0.039211074526247114,0.039211074526247114
32.119999999,-0.2,0.32945521368188246,0.32945521368188246
32.125,-0.2,0.3659495756806308,0.3659495756806308
32.13,-0.2,0.4482756571249002,0.4482756571249002
32.134999999,-0.2,0.5746931895331255,0.5746931895331255
32.14,-0.2,0.24500920160395792,0.24500920160395792
32.145,-0.2,0.036156266081393273,0.036156266081393273
32.15,-0.2,-0.2240278592101131,-0.2240278592101131
32.155,-0.2,-0.0013905198685690914,-0.0013905198685690914
32.159999999,-0.2,0.27047750658791553,0.27047750658791553
32.165,-0.2,0.5409348059791955,0.5409348059791955
32.17,-0.2,0.5436944353074525,0.5436944353074525
32.174999999,-0.2,0.5264248730576959,0.5264248730576959
32.18,-0.2,0.21245302992892062,0.21245302992892062
32.185,-0.2,-0.11130398644733458,-0.11130398644733458
32.189999999,-0.2,-0.3267780779762417,-0.3267780779762417
32.195,-0.2,0.06827725538457804,0.06827725538457804
32.2,-0.2,0.2787642612272745,0.2787642612272745
32.205,-0.2,0.3124391364455874,0.3124391364455874
32.21,-0.2,0.5368815201663172,0.5368815201663172
32.215,-0.2,0.50920080698059,0.50920080698059
32.22,-0.2,0.19178608989822885,0.19178608989822885
32.225,-0.2,-0.1622361765752916,-0.1622361765752916
32.229999999,-0.2,-0.1096217120663244,-0.1096217120663244
32.235,-0.2,-0.1113858873563704,-0.1113858873563704
32.24,-0.2,0.2732387232452493,0.2732387232452493
32.244999999,-0.2,0.4485721567618035,0.4485721567618035
32.25,-0.2,0.5343526627416197,0.5343526627416197
32.255,-0.2,0.4332513936999812,0.4332513936999812
32.259999999,-0.2,0.27217620863129977,0.27217620863129977
32.265,-0.2,-0.05466494082076026,-0.05466494082076026
32.27,-0.2,0.026127745070854497,0.026127745070854497
32.275,-0.2,0.1011105624867755,0.1011105624867755
32.28,-0.2,0.1423718967842179,0.1423718967842179
32.284999999,-0.2,0.4837529036827787,0.4837529036827787
32.29,-0.2,0.6205452501266854,0.6205452501266854
32.295,-0.2,0.5794657661642617,0.5794657661642617
32.299999999,-0.2,0.14520840101263555,0.14520840101263555
32.305,-0.2,-0.05905639989487893,-0.05905639989487893
32.31,-0.2,-0.07341134178233302,-0.07341134178233302
32.314999999,-0.2,-0.06475476339254922,-0.06475476339254922
32.32,-0.2,0.3475334283024762,0.3475334283024762
32.325,-0.2,0.6592374474183659,0.6592374474183659
32.33,-0.2,0.6527618920909269,0.6527618920909269
32.335,-0.2,0.5280402150306931,0.5280402150306931
32.34,-0.2,0.18935110139607064,0.18935110139607064
32.345,-0.2,-0.13327670954727067,-0.13327670954727067
32.35,-0.2,-0.1629154714038342,-0.1629154714038342
32.354999999,-0.2,-0.0375965760852613,-0.0375965760852613
32.36,-0.2,0.19578019831631116,0.19578019831631116
32.365,-0.2,0.336318672885358,0.336318672885358
32.369999999,-0.2,0.5865219443962302,0.5865219443962302
32.375,-0.2,0.4828325078061371,0.4828325078061371
32.38,-0.2,0.13201258704799246,0.13201258704799246
32.384999999,-0.2,0.029459088872360234,0.029459088872360234
32.39,-0.2,-0.12456413161029475,-0.12456413161029475
32.395,-0.2,0.10004190628192097,0.10004190628192097
32.4,-0.2,0.21721857834942437,0.21721857834942437
32.405,-0.2,0.4772526386045313,0.4772526386045313
32.409999999,-0.2,0.5235595075862003,0.5235595075862003
32.415,-0.2,0.42812477100361224,0.42812477100361224
32.42,-0.2,0.08555971257112902,0.08555971257112902
32.424999999,-0.2,-0.13623680807507818,-0.13623680807507818
32.43,-0.2,-0.03646450849679912,-0.03646450849679912
32.435,-0.2,0.050137694413530415,0.050137694413530415
32.439999999,-0.2,0.23286010051395817,0.23286010051395817
32.445,-0.2,0.4704973510866639,0.4704973510866639
32.45,-0.2,0.7682766890930661,0.7682766890930661
32.455,-0.2,0.46740109166989424,0.46740109166989424
32.46,-0.2,0.2500844824994992,0.2500844824994992
32.465,-0.2,-0.25315189516195924,-0.25315189516195924
32.47,-0.2,-0.29549748318637237,-0.29549748318637237
32.475,-0.2,-0.04780962035188187,-0.04780962035188187
32.479999999,-0.2,0.07812640661657655,0.07812640661657655
32.485,-0.2,0.2827698174615807,0.2827698174615807
32.49,-0.2,0.5097524185421783,0.5097524185421783
32.494999999,-0.2,0.3854534700863844,0.3854534700863844
32.5,-0.2,0.3224901976898283,0.3224901976898283
32.505,-0.2,0.03210346824162062,0.03210346824162062
32.509999999,-0.2,-0.15794702512669023,-0.15794702512669023
32.515,-0.2,-0.13099197402823687,-0.13099197402823687
32.52,-0.2,0.23504270804328456,0.23504270804328456
32.525,-0.2,0.35472653082805927,0.35472653082805927
32.53,-0.2,0.6016367617696198,0.6016367617696198
32.534999999,-0.2,0.6269165277657324,0.6269165277657324
32.54,-0.2,0.22910722188671515,0.22910722188671515
32.545,-0.2,0.01675699279962982,0.01675699279962982
32.549999999,-0.2,-0.24736521198308692,-0.24736521198308692
32.555,-0.2,-0.017008347331926892,-0.017008347331926892
32.56,-0.2,0.34319352043887374,0.34319352043887374
32.564999999,-0.2,0.40601557952214284,0.40601557952214284
32.57,-0.2,0.6180805689069232,0.6180805689069232
32.575,-0.2,0.4739244737237742,0.4739244737237742
32.58,-0.2,0.2363827631668257,0.2363827631668257
32.585,-0.2,-0.14854388891589113,-0.14854388891589113
32.59,-0.2,-0.18478805062875756,-0.18478805062875756
32.595,-0.2,0.14021591679317205,0.14021591679317205
32.6,-0.2,0.18917361547965672,0.18917361547965672
32.604999999,-0.2,0.5242000225124008,0.5242000225124008
32.61,-0.2,0.5299432533770299,0.5299432533770299
32.615,-0.2,0.36554666132694447,0.36554666132694447
32.619999999,-0.2,0.24642267607285043,0.24642267607285043
32.625,-0.2,0.08771814835326328,0.08771814835326328
32.63,-0.2,-0.2656014643086014,-0.2656014643086014
32.634999999,-0.2,0.017620643966725014,0.017620643966725014
32.64,-0.2,0.25889191234658104,0.25889191234658104
32.645,-0.2,0.6049044870704708,0.6049044870704708
32.65,-0.2,0.6510513132210852,0.6510513132210852
32.655,-0.2,0.44744497466376926,0.44744497466376926
32.659999999,-0.2,0.20671170906697078,0.20671170906697078
32.665,-0.2,0.03643872493177493,0.03643872493177493
32.67,-0.2,-0.025219609549085198,-0.025219609549085198
32.674999999,-0.2,0.05578741204027504,0.05578741204027504
32.68,-0.2,0.11159612445955343,0.11159612445955343
32.685,-0.2,0.3388045743108373,0.3388045743108373
32.689999999,-0.2,0.522532893526164,0.522532893526164
32.695,-0.2,0.5072644193729553,0.5072644193729553
32.7,-0.2,0.07258570249509923,0.07258570249509923
32.705,-0.2,-0.13552865407046227,-0.13552865407046227
32.71,-0.2,-0.04829537269703442,-0.04829537269703442
32.715,-0.2,0.000673217579187313,0.000673217579187313
32.72,-0.2,0.36886761623826614,0.36886761623826614
32.725,-0.2,0.560545688900481,0.560545688900481
32.729999999,-0.2,0.49482977606520295,0.49482977606520295
32.735,-0.2,0.4386248522600358,0.4386248522600358
32.74,-0.2,0.22676660096190185,0.22676660096190185
32.744999999,-0.2,-0.07569108176398262,-0.07569108176398262
32.75,-0.2,-0.16025225970036863,-0.16025225970036863
32.755,-0.2,-0.0039878660698047935,-0.0039878660698047935
32.759999999,-0.2,0.2554515470085721,0.2554515470085721
32.765,-0.2,0.4153895893848811,0.4153895893848811
32.77,-0.2,0.6433522985290411,0.6433522985290411
32.775,-0.2,0.6108912644051722,0.6108912644051722
32.78,-0.2,0.2300121653436383,0.2300121653436383
32.784999999,-0.2,0.05959337384856739,0.05959337384856739
32.79,-0.2,-0.21046077480488956,-0.21046077480488956
32.795,-0.2,-0.20176067507705114,-0.20176067507705114
32.799999999,-0.2,0.3670832608236754,0.3670832608236754
32.805,-0.2,0.5804204203684814,0.5804204203684814
32.81,-0.2,0.5964375497019055,0.5964375497019055
32.814999999,-0.2,0.45651184334583317,0.45651184334583317
32.82,-0.2,0.24992251722489256,0.24992251722489256
32.825,-0.2,-0.007969194645906938,-0.007969194645906938
32.83,-0.2,-0.09249186351701104,-0.09249186351701104
32.835,-0.2,0.24401343268271655,0.24401343268271655
32.84,-0.2,0.17576828446177645,0.17576828446177645
32.845,-0.2,0.7221010607514543,0.7221010607514543
32.85,-0.2,0.5641785267404911,0.5641785267404911
32.854999999,-0.2,0.22568757611203244,0.22568757611203244
32.86,-0.2,0.1984550601548917,0.1984550601548917
32.865,-0.2,0.04404221174473802,0.04404221174473802
32.869999999,-0.2,-0.08079453290769395,-0.08079453290769395
32.875,-0.2,0.007352904206226678,0.007352904206226678
32.88,-0.2,0.3928624114934005,0.3928624114934005
32.884999999,-0.2,0.6321590633405978,0.6321590633405978
32.89,-0.2,0.5633770020397145,0.5633770020397145
32.895,-0.2,0.2746404949355904,0.2746404949355904
32.9,-0.2,0.0698868397287798,0.0698868397287798
32.905,-0.2,-0.20474124600741678,-0.20474124600741678
32.909999999,-0.2,0.021526638773155804,0.021526638773155804
32.915,-0.2,0.08181980831580193,0.08181980831580193
32.92,-0.2,0.21436213939407123,0.21436213939407123
32.924999999,-0.2,0.47226710680399303,0.47226710680399303
32.93,-0.2,0.6329296309406784,0.6329296309406784
32.935,-0.2,0.49553542593651106,0.49553542593651106
32.939999999,-0.2,0.06061046555754686,0.06061046555754686
32.945,-0.2,-0.07180164016331725,-0.07180164016331725
32.95,-0.2,-0.37352246398394895,-0.37352246398394895
32.955,-0.2,0.04940888826271503,0.04940888826271503
32.96,-0.2,0.22317182361678692,0.22317182361678692
32.965,-0.2,0.46039393654415367,0.46039393654415367
32.97,-0.2,0.611607429992497,0.611607429992497
32.975,-0.2,0.5811939890384965,0.5811939890384965
32.979999999,-0.2,0.06219875664161609,0.06219875664161609
32.985,-0.2,-0.1478833386435856,-0.1478833386435856
32.99,-0.2,-0.05406056634715996,-0.05406056634715996
32.994999999,-0.2,0.15645511536226106,0.15645511536226106
33.0,-0.2,0.06929775081274928,0.06929775081274928
33.005,-0.2,0.39983699583511895,0.39983699583511895
33.009999999,-0.2,0.5115569459007882,0.5115569459007882
33.015,-0.2,0.33235599093253615,0.33235599093253615
33.02,-0.2,0.08846694574801273,0.08846694574801273
33.025,-0.2,-0.11980272152743263,-0.11980272152743263
33.03,-0.2,-0.0033860959682795178,-0.0033860959682795178
33.034999999,-0.2,0.015172625201312018,0.015172625201312018
33.04,-0.2,0.2511374552173327,0.2511374552173327
33.045,-0.2,0.3793281289942729,0.3793281289942729
33.049999999,-0.2,0.652242645149512,0.652242645149512
33.055,-0.2,0.4342498057787397,0.4342498057787397
33.06,-0.2,0.0251382212474337,0.0251382212474337
33.064999999,-0.2,-0.0729371949671803,-0.0729371949671803
33.07,-0.2,-0.04514826701633265,-0.04514826701633265
33.075,-0.2,-0.019161052093710156,-0.019161052093710156
33.08,-0.2,0.21377400841458546,0.21377400841458546
33.085,-0.2,0.5543571831400828,0.5543571831400828
33.09,-0.2,0.6530645405673632,0.6530645405673632
33.095,-0.2,0.37486543509948556,0.37486543509948556
33.1,-0.2,0.23245854916097056,0.23245854916097056
33.104999999,-0.2,-0.09036382063651668,-0.09036382063651668
33.11,-0.2,-0.20593860806814693,-0.20593860806814693
33.115,-0.2,0.05238461964815795,0.05238461964815795
33.119999999,-0.2,0.08193246722338837,0.08193246722338837
33.125,-0.2,0.5022289850395162,0.5022289850395162
33.13,-0.2,0.5141227168758159,0.5141227168758159
33.134999999,-0.2,0.4464895241425407,0.4464895241425407
33.14,-0.2,0.04744955746349297,0.04744955746349297
33.145,-0.2,-0.12920932600526425,-0.12920932600526425
33.15,-0.2,-0.2920637337938515,-0.2920637337938515
33.155,-0.2,0.14306269227949645,0.14306269227949645
33.159999999,-0.2,0.21655552230533195,0.21655552230533195
33.165,-0.2,0.4612504233537533,0.4612504233537533
33.17,-0.2,0.5272533220320015,0.5272533220320015
33.174999999,-0.2,0.42734699324436726,0.42734699324436726
33.18,-0.2,0.12427415167259015,0.12427415167259015
33.185,-0.2,-0.013547916491866902,-0.013547916491866902
33.189999999,-0.2,-0.2736616204176985,-0.2736616204176985
33.195,-0.2,-0.07493866304842034,-0.07493866304842034
33.2,-0.2,0.06719471062483062,0.06719471062483062
33.205,-0.2,0.5474086081679932,0.5474086081679932
33.21,-0.2,0.6155676183739169,0.6155676183739169
33.215,-0.2,0.45229434622187165,0.45229434622187165
33.22,-0.2,0.14138882541252848,0.14138882541252848
33.225,-0.2,-0.04294548119025143,-0.04294548119025143
33.229999999,-0.2,-0.293721120596845,-0.293721120596845
33.235,-0.2,-0.033052084907285346,-0.033052084907285346
33.24,-0.2,0.16091957287055791,0.16091957287055791
33.244999999,-0.2,0.2959209064981152,0.2959209064981152
33.25,-0.2,0.4827109303320051,0.4827109303320051
33.255,-0.2,0.42057818162112964,0.42057818162112964
33.259999999,-0.2,0.20376126176719508,0.20376126176719508
33.265,-0.2,-0.25399062699933334,-0.25399062699933334
33.27,-0.2,-0.2983254697346239,-0.2983254697346239
33.275,-0.2,-0.025955739788556816,-0.025955739788556816
33.28,-0.2,0.08372446329111402,0.08372446329111402
33.284999999,-0.2,0.43584546555372894,0.43584546555372894
33.29,-0.2,0.44945013797642996,0.44945013797642996
33.295,-0.2,0.42733204010126585,0.42733204010126585
33.299999999,-0.2,0.4350570334850337,0.4350570334850337
33.305,-0.2,-0.043743951899071876,-0.043743951899071876
33.31,-0.2,-0.2775695384612524,-0.2775695384612524
33.314999999,-0.2,-0.08743441143787928,-0.08743441143787928
33.32,-0.2,0.2954403080809905,0.2954403080809905
33.325,-0.2,0.5051128299240615,0.5051128299240615
33.33,-0.2,0.6076747575613121,0.6076747575613121
33.335,-0.2,0.4924681984978662,0.4924681984978662
33.34,-0.2,0.30361291128643253,0.30361291128643253
33.345,-0.2,0.1065747926469516,0.1065747926469516
33.35,-0.2,-0.22663192738658566,-0.22663192738658566
33.354999999,-0.2,0.1746365110331363,0.1746365110331363
33.36,-0.2,0.2910711614050917,0.2910711614050917
33.365,-0.2,0.5159498989650091,0.5159498989650091
33.369999999,-0.2,0.5573377832006018,0.5573377832006018
33.375,-0.2,0.29191416001818615,0.29191416001818615
33.38,-0.2,0.2173428345624307,0.2173428345624307
33.384999999,-0.2,-0.07879877585359348,-0.07879877585359348
33.39,-0.2,-0.2403466377629814,-0.2403466377629814
33.395,-0.2,0.0838973183622281,0.0838973183622281
33.4,-0.2,0.26460233136044353,0.26460233136044353
33.405,-0.2,0.5515775260216611,0.5515775260216611
33.409999999,-0.2,0.431727433997121,0.431727433997121
33.415,-0.2,0.21346726495235274,0.21346726495235274
33.42,-0.2,0.17539935217397082,0.17539935217397082
33.424999999,-0.2,-0.19608909694694532,-0.19608909694694532
33.43,-0.2,-0.03487188169455613,-0.03487188169455613
33.435,-0.2,0.03503980838951367,0.03503980838951367
33.439999999,-0.2,0.2591962982211894,0.2591962982211894
33.445,-0.2,0.397150719727478,0.397150719727478
33.45,-0.2,0.6373925291118131,0.6373925291118131
33.455,-0.2,0.5755648591794129,0.5755648591794129
33.46,-0.2,0.17989218022550155,0.17989218022550155
33.465,-0.2,-0.05629898480197059,-0.05629898480197059
33.47,-0.2,-0.253258592459512,-0.253258592459512
33.475,-0.2,-0.09343302974634646,-0.09343302974634646
33.479999999,-0.2,0.24603646950197183,0.24603646950197183
33.485,-0.2,0.3721968324895196,0.3721968324895196
33.49,-0.2,0.4131989569544494,0.4131989569544494
33.494999999,-0.2,0.5458757325222401,0.5458757325222401
33.5,-0.2,0.21818778079974316,0.21818778079974316
33.505,-0.2,-0.22873559301277138,-0.22873559301277138
33.509999999,-0.2,-0.28140319503948996,-0.28140319503948996
33.515,-0.2,-0.04999113569076581,-0.04999113569076581
33.52,-0.2,0.20664597643241467,0.20664597643241467
33.525,-0.2,0.5483082092092859,0.5483082092092859
33.53,-0.2,0.6099458468131067,0.6099458468131067
33.534999999,-0.2,0.47324852334182055,0.47324852334182055
33.54,-0.2,0.21459837955907232,0.21459837955907232
33.545,-0.2,-0.097479473277794,-0.097479473277794
33.549999999,-0.2,-0.16135862805509713,-0.16135862805509713
33.555,-0.2,-0.019534337110760105,-0.019534337110760105
33.56,-0.2,0.2527166858278113,0.2527166858278113
33.564999999,-0.2,0.46083360979490107,0.46083360979490107
33.57,-0.2,0.670141031515306,0.670141031515306
33.575,-0.2,0.5482976072792318,0.5482976072792318
33.58,-0.2,0.25695407897248945,0.25695407897248945
33.585,-0.2,-0.046121121334755114,-0.046121121334755114
33.59,-0.2,-0.03813638202698294,-0.03813638202698294
33.595,-0.2,-0.14158830438813863,-0.14158830438813863
33.6,-0.2,0.22813019170405205,0.22813019170405205
33.604999999,-0.2,0.5462613093057239,0.5462613093057239
33.61,-0.2,0.4946920035754879,0.4946920035754879
33.615,-0.2,0.4190948813861514,0.4190948813861514
33.619999999,-0.2,0.28605798708004115,0.28605798708004115
33.625,-0.2,-0.08973553070400159,-0.08973553070400159
33.63,-0.2,-0.2747940379464804,-0.2747940379464804
33.634999999,-0.2,0.036122615867394486,0.036122615867394486
33.64,-0.2,0.17350518716325367,0.17350518716325367
33.645,-0.2,0.3324605340864535,0.3324605340864535
33.65,-0.2,0.6891496880566447,0.6891496880566447
33.655,-0.2,0.36989132902919775,0.36989132902919775
33.659999999,-0.2,0.21566640714780727,0.21566640714780727
33.665,-0.2,-0.012333688233978367,-0.012333688233978367
33.67,-0.2,-0.21572191407187885,-0.21572191407187885
33.674999999,-0.2,-0.12915721213512266,-0.12915721213512266
33.68,-0.2,0.18525760124924284,0.18525760124924284
33.685,-0.2,0.614205067564143,0.614205067564143
33.689999999,-0.2,0.5679781870397643,0.5679781870397643
33.695,-0.2,0.5625927455059261,0.5625927455059261
33.7,-0.2,0.19508016292031372,0.19508016292031372
33.705,-0.2,-0.09150517535774672,-0.09150517535774672
33.71,-0.2,-0.22023430250019962,-0.22023430250019962
33.715,-0.2,0.09473505454778969,0.09473505454778969
33.72,-0.2,0.31611366780056804,0.31611366780056804
33.725,-0.2,0.4612769116746805,0.4612769116746805
33.729999999,-0.2,0.545273179663582,0.545273179663582
33.735,-0.2,0.5319810452960703,0.5319810452960703
33.74,-0.2,0.16246517575517058,0.16246517575517058
33.744999999,-0.2,-0.18383884990137805,-0.18383884990137805
33.75,-0.2,-0.10340748198191539,-0.10340748198191539
33.755,-0.2,0.09389010052349922,0.09389010052349922
33.759999999,-0.2,0.3003543179017229,0.3003543179017229
33.765,-0.2,0.6263756246420266,0.6263756246420266
33.77,-0.2,0.49016112318891114,0.49016112318891114
33.775,-0.2,0.5536894099007572,0.5536894099007572
33.78,-0.2,0.3519706150847402,0.3519706150847402
33.784999999,-0.2,-0.09236602860172174,-0.09236602860172174
33.79,-0.2,-0.28808794185382214,-0.28808794185382214
33.795,-0.2,-0.021167157380975278,-0.021167157380975278
33.799999999,-0.2,0.240359839875555,0.240359839875555
33.805,-0.2,0.5967271220947308,0.5967271220947308
33.81,-0.2,0.6048125302380764,0.6048125302380764
33.814999999,-0.2,0.47568403875052856,0.47568403875052856
33.82,-0.2,0.32630002889318227,0.32630002889318227
33.825,-0.2,-0.019848370443203603,-0.019848370443203603
33.83,-0.2,-0.017791364135320467,-0.017791364135320467
33.835,-0.2,-0.038637004010887495,-0.038637004010887495
33.84,-0.2,0.40711215283098456,0.40711215283098456
33.845,-0.2,0.5133609981873674,0.5133609981873674
33.85,-0.2,0.678795453564429,0.678795453564429
33.854999999,-0.2,0.5027980715801252,0.5027980715801252
33.86,-0.2,0.2636236306759991,0.2636236306759991
33.865,-0.2,-0.062238365935948704,-0.062238365935948704
33.869999999,-0.2,-0.14064399022068758,-0.14064399022068758
33.875,-0.2,0.03407130560563059,0.03407130560563059
33.88,-0.2,0.20714655680455085,0.20714655680455085
33.884999999,-0.2,0.5154162429599083,0.5154162429599083
33.89,-0.2,0.6329713317337465,0.6329713317337465
33.895,-0.2,0.6036555649012147,0.6036555649012147
33.9,-0.2,0.13727129380136321,0.13727129380136321
33.905,-0.2,0.07826936355457198,0.07826936355457198
33.909999999,-0.2,-0.2170199725394346,-0.2170199725394346
33.915,-0.2,-0.01288613256650167,-0.01288613256650167
33.92,-0.2,0.1937058206288551,0.1937058206288551
33.924999999,-0.2,0.5715770845728368,0.5715770845728368
33.93,-0.2,0.6847738148195038,0.6847738148195038
33.935,-0.2,0.5812889975970241,0.5812889975970241
33.939999999,-0.2,0.13036887019787474,0.13036887019787474
33.945,-0.2,-0.099636500792983,-0.099636500792983
33.95,-0.2,-0.16970743193497656,-0.16970743193497656
33.955,-0.2,-0.07815013419487307,-0.07815013419487307
33.96,-0.2,0.16923666219422745,0.16923666219422745
33.965,-0.2,0.6036931434525431,0.6036931434525431
33.97,-0.2,0.49820949803623904,0.49820949803623904
33.975,-0.2,0.6530173533143793,0.6530173533143793
33.979999999,-0.2,0.0721245362255428,0.0721245362255428
33.985,-0.2,-0.25339316553011,-0.25339316553011
33.99,-0.2,0.006022408900922982,0.006022408900922982
33.994999999,-0.2,0.03013388262109333,0.03013388262109333
34.0,-0.2,0.3860592050595253,0.3860592050595253
34.005,-0.2,0.49131244298647436,0.49131244298647436
34.009999999,-0.2,0.48631691362922946,0.48631691362922946
34.015,-0.2,0.48182174394978106,0.48182174394978106
34.02,-0.2,0.35529090856805984,0.35529090856805984
34.025,-0.2,-0.012127635311917344,-0.012127635311917344
34.03,-0.2,-0.20555342979347452,-0.20555342979347452
34.034999999,-0.2,-0.12878385823754634,-0.12878385823754634
34.04,-0.2,0.21077420195999014,0.21077420195999014
34.045,-0.2,0.5186355546494239,0.5186355546494239
34.049999999,-0.2,0.6116916226713011,0.6116916226713011
34.055,-0.2,0.4975247262179705,0.4975247262179705
34.06,-0.2,0.2619794675939807,0.2619794675939807
34.064999999,-0.2,-0.09991704563068268,-0.09991704563068268
34.07,-0.2,-0.06491804744231057,-0.06491804744231057
34.075,-0.2,-0.01076903309670577,-0.01076903309670577
34.08,-0.2,0.3223080205518334,0.3223080205518334
34.085,-0.2,0.486363902645837,0.486363902645837
34.09,-0.2,0.5895160480232033,0.5895160480232033
34.095,-0.2,0.5640646937453759,0.5640646937453759
34.1,-0.2,0.21605514649289811,0.21605514649289811
34.104999999,-0.2,0.005000167037311286,0.005000167037311286
34.11,-0.2,-0.18433055903472567,-0.18433055903472567
34.115,-0.2,0.06169894725016234,0.06169894725016234
34.119999999,-0.2,0.2282320806725068,0.2282320806725068
34.125,-0.2,0.477147047804365,0.477147047804365
34.13,-0.2,0.546155414150519,0.546155414150519
34.134999999,-0.2,0.5562403844095887,0.5562403844095887
34.14,-0.2,0.5760917023063457,0.5760917023063457
34.145,-0.2,-0.01977336889941517,-0.01977336889941517
34.15,-0.2,-0.02422892439054619,-0.02422892439054619
34.155,-0.2,0.033922051193612496,0.033922051193612496
34.159999999,-0.2,0.11470933006222334,0.11470933006222334
34.165,-0.2,0.5826622480271917,0.5826622480271917
34.17,-0.2,0.8291584957168944,0.8291584957168944
34.174999999,-0.2,0.5969627113661206,0.5969627113661206
34.18,-0.2,0.49582359612462945,0.49582359612462945
34.185,-0.2,0.24359139945401623,0.24359139945401623
34.189999999,-0.2,0.02278399829841271,0.02278399829841271
34.195,-0.2,-0.0369162939320317,-0.0369162939320317
34.2,-0.2,0.18058869884067413,0.18058869884067413
34.205,-0.2,0.4808228777287769,0.4808228777287769
34.21,-0.2,0.5828342335707815,0.5828342335707815
34.215,-0.2,0.35321899398037426,0.35321899398037426
34.22,-0.2,0.30547516845991557,0.30547516845991557
34.225,-0.2,0.023092472079856284,0.023092472079856284
34.229999999,-0.2,-0.18125932364179448,-0.18125932364179448
34.235,-0.2,0.15777912651704917,0.15777912651704917
34.24,-0.2,0.27662836017048337,0.27662836017048337
34.244999999,-0.2,0.5625095006628129,0.5625095006628129
34.25,-0.2,0.5551502081348288,0.5551502081348288
34.255,-0.2,0.595067831046314,0.595067831046314
34.259999999,-0.2,0.27377187724494545,0.27377187724494545
34.265,-0.2,-0.06633197977215088,-0.06633197977215088
34.27,-0.2,0.12823030062671803,0.12823030062671803
34.275,-0.2,0.07796497729513635,0.07796497729513635
34.28,-0.2,0.3839746278445636,0.3839746278445636
34.284999999,-0.2,0.5700200967006781,0.5700200967006781
34.29,-0.2,0.490835793686593,0.490835793686593
34.295,-0.2,0.554746368185812,0.554746368185812
34.299999999,-0.2,0.1549018241000581,0.1549018241000581
34.305,-0.2,-0.05865129782702465,-0.05865129782702465
34.31,-0.2,-0.06190229135954614,-0.06190229135954614
34.314999999,-0.2,0.13104188895663765,0.13104188895663765
34.32,-0.2,0.38959442807552824,0.38959442807552824
34.325,-0.2,0.45035962233866583,0.45035962233866583
34.33,-0.2,0.4310241574297503,0.4310241574297503
34.335,-0.2,0.5244743017345118,0.5244743017345118
34.34,-0.2,0.3687510199775306,0.3687510199775306
34.345,-0.2,-0.03584303182890519,-0.03584303182890519
34.35,-0.2,-0.07336498025000454,-0.07336498025000454
34.354999999,-0.2,0.06439673371089559,0.06439673371089559
34.36,-0.2,0.2965527644423098,0.2965527644423098
34.365,-0.2,0.5401363148150459,0.5401363148150459
34.37,-0.2,0.7352542711888688,0.7352542711888688
34.375,-0.2,0.6546658588744511,0.6546658588744511
34.38,-0.2,0.16753639164829703,0.16753639164829703
34.385,-0.2,0.020970212919255674,0.020970212919255674
34.39,-0.2,-0.20884643956643656,-0.20884643956643656
34.395,-0.2,-0.0379441422530121,-0.0379441422530121
34.4,-0.2,0.3612668078540336,0.3612668078540336
34.405,-0.2,0.4966429025967156,0.4966429025967156
34.41,-0.2,0.7406523664048876,0.7406523664048876
34.415,-0.2,0.3289106245730701,0.3289106245730701
34.42,-0.2,0.31997419063965793,0.31997419063965793
34.425,-0.2,-0.16933525758703186,-0.16933525758703186
34.43,-0.2,-0.10390990599325235,-0.10390990599325235
34.435,-0.2,0.055320850489196646,0.055320850489196646
34.44,-0.2,0.3371522810708803,0.3371522810708803
34.445,-0.2,0.6069476400793758,0.6069476400793758
34.45,-0.2,0.5285342969861786,0.5285342969861786
34.455,-0.2,0.5374677337117568,0.5374677337117568
34.46,-0.2,0.1734863052717178,0.1734863052717178
34.465,-0.2,-0.040155046001451866,-0.040155046001451866
34.47,-0.2,-0.08386579449899548,-0.08386579449899548
34.475,-0.2,0.02033125165140298,0.02033125165140298
34.48,-0.2,0.24254621758218864,0.24254621758218864
34.485,-0.2,0.5212480793537835,0.5212480793537835
34.49,-0.2,0.5331610664746078,0.5331610664746078
34.495,-0.2,0.4896689970003899,0.4896689970003899
34.5,-0.2,0.25164601892346367,0.25164601892346367
34.505,-0.2,-0.027059762021286272,-0.027059762021286272
34.51,-0.2,-0.18529948839189836,-0.18529948839189836
34.515,-0.2,-0.09013880198194382,-0.09013880198194382
34.52,-0.2,0.17958898485263405,0.17958898485263405
34.525,-0.2,0.5402809027229892,0.5402809027229892
34.53,-0.2,0.6362150268295603,0.6362150268295603
34.535,-0.2,0.5229487051114701,0.5229487051114701
34.54,-0.2,0.19340226134892846,0.19340226134892846
34.545,-0.2,-0.0969617797504079,-0.0969617797504079
34.55,-0.2,-0.2423100530742727,-0.2423100530742727
34.555,-0.2,-0.10264566397090304,-0.10264566397090304
34.56,-0.2,0.32883822247490624,0.32883822247490624
34.565,-0.2,0.6059613945118786,0.6059613945118786
34.57,-0.2,0.46069953028260624,0.46069953028260624
34.575,-0.2,0.5205017252727476,0.5205017252727476
34.58,-0.2,0.2860160694165788,0.2860160694165788
34.585,-0.2,-0.022115365656037826,-0.022115365656037826
34.59,-0.2,-0.2683857969741226,-0.2683857969741226
34.595,-0.2,-0.01859102308798801,-0.01859102308798801
34.6,-0.2,0.2678485368080723,0.2678485368080723
