t,reference,measured,noisy
231.0,0.2,0.003419276724866366,0.003419276724866366
231.005,0.2,0.20652559045081095,0.20652559045081095
231.01,0.2,0.2620901432925147,0.2620901432925147
231.015,0.2,0.060693683983959995,0.060693683983959995
231.02,0.2,-0.14924638840649612,-0.14924638840649612
231.025,0.2,-0.24213309420467638,-0.24213309420467638
231.03,0.2,-0.19011872315855916,-0.19011872315855916
231.035,0.2,-0.24951103750422426,-0.24951103750422426
231.04,0.2,0.14679296582364115,0.14679296582364115
231.045,0.2,0.32210794859137454,0.32210794859137454
231.05,0.2,0.49662015432775175,0.49662015432775175
231.055,0.2,0.33924521551843967,0.33924521551843967
231.06,0.2,0.11888679962096946,0.11888679962096946
231.065,0.2,-0.45204347864354855,-0.45204347864354855
231.07,0.2,-0.3646619200980833,-0.3646619200980833
231.075,0.2,-0.35492369140969904,-0.35492369140969904
231.08,0.2,0.24630870286247464,0.24630870286247464
231.085,0.2,0.23272327033323312,0.23272327033323312
231.09,0.2,0.42840675897139197,0.42840675897139197
231.095,0.2,0.26551709445118127,0.26551709445118127
231.1,0.2,-0.007528517656876885,-0.007528517656876885
231.105,0.2,-0.23462111336308744,-0.23462111336308744
231.11,0.2,-0.3626776560124718,-0.3626776560124718
231.115,0.2,-0.10721533387265869,-0.10721533387265869
231.12,0.2,0.034238029899480535,0.034238029899480535
231.125,0.2,0.3735267028515615,0.3735267028515615
231.13,0.2,0.3138351688401899,0.3138351688401899
231.135,0.2,0.25331555670940337,0.25331555670940337
231.14,0.2,-0.10719464147023676,-0.10719464147023676
231.145,0.2,-0.10741483034044477,-0.10741483034044477
231.15,0.2,-0.2264194273984524,-0.2264194273984524
231.155,0.2,-0.06496421319637784,-0.06496421319637784
231.16,0.2,0.11996147661658896,0.11996147661658896
231.165,0.2,0.5240361691022908,0.5240361691022908
231.17,0.2,0.39643834452424176,0.39643834452424176
231.175,0.2,0.26606571296945397,0.26606571296945397
231.18,0.2,0.1437486287119849,0.1437486287119849
231.185,0.2,-0.07949400518583971,-0.07949400518583971
231.19,0.2,-0.3943665725177502,-0.3943665725177502
231.195,0.2,-0.20642254689607833,-0.20642254689607833
231.2,0.2,0.2421954603936768,0.2421954603936768
231.205,0.2,0.4100629033929431,0.4100629033929431
231.21,0.2,0.323629744768099,0.323629744768099
231.215,0.2,0.25750697347081497,0.25750697347081497
231.22,0.2,-0.07148090378381848,-0.07148090378381848
231.225,0.2,0.13838011089802527,0.13838011089802527
231.23,0.2,-0.3188739312248635,-0.3188739312248635
231.235,0.2,-0.04370578291465618,-0.04370578291465618
231.24,0.2,0.19011799288818973,0.19011799288818973
231.245,0.2,0.3210943504900102,0.3210943504900102
231.25,0.2,0.5781983738409203,0.5781983738409203
231.255,0.2,0.5523615225180085,0.5523615225180085
231.26,0.2,0.12591156364039674,0.12591156364039674
231.265,0.2,-0.13445424884321552,-0.13445424884321552
231.27,0.2,-0.03092612220093885,-0.03092612220093885
231.275,0.2,-0.04486659228446366,-0.04486659228446366
231.28,0.2,0.23541116481063612,0.23541116481063612
231.285,0.2,0.4987720286033631,0.4987720286033631
231.29,0.2,0.528271152655207,0.528271152655207
231.295,0.2,0.48259877055834977,0.48259877055834977
231.3,0.2,0.15559172022780918,0.15559172022780918
231.305,0.2,-0.2690082043349987,-0.2690082043349987
231.31,0.2,-0.20988872209377424,-0.20988872209377424
231.315,0.2,-0.09220780837539155,-0.09220780837539155
231.32,0.2,0.15877470441528257,0.15877470441528257
231.325,0.2,0.4935187914683813,0.4935187914683813
231.33,0.2,0.636819992747773,0.636819992747773
231.335,0.2,0.5039724854447089,0.5039724854447089
231.34,0.2,0.2526963490398019,0.2526963490398019
231.345,0.2,-0.2965147297166499,-0.2965147297166499
231.35,0.2,-0.14756425048406316,-0.14756425048406316
231.355,0.2,0.0615630930345851,0.0615630930345851
231.36,0.2,0.2429427217977354,0.2429427217977354
231.365,0.2,0.4428957892950931,0.4428957892950931
231.37,0.2,0.49257285137463513,0.49257285137463513
231.375,0.2,0.29041770736088085,0.29041770736088085
231.38,0.2,0.23255357320946582,0.23255357320946582
231.385,0.2,0.043506277396641355,0.043506277396641355
231.39,0.2,-0.0369355870462416,-0.0369355870462416
231.395,0.2,0.10979585805550149,0.10979585805550149
231.4,0.2,0.2948420135333841,0.2948420135333841
231.405,0.2,0.38081564203425666,0.38081564203425666
231.41,0.2,0.5773431741888911,0.5773431741888911
231.415,0.2,0.48475082861276064,0.48475082861276064
231.42,0.2,0.18991566116460865,0.18991566116460865
231.425,0.2,-0.12829899191985472,-0.12829899191985472
231.43,0.2,-0.07661030559829313,-0.07661030559829313
231.435,0.2,0.0020825774586552756,0.0020825774586552756
231.44,0.2,0.3478149417922622,0.3478149417922622
231.445,0.2,0.502063381483328,0.502063381483328
231.45,0.2,0.4707102443901552,0.4707102443901552
231.455,0.2,0.43846891613057765,0.43846891613057765
231.46,0.2,0.16457681292013768,0.16457681292013768
231.465,0.2,0.1946656437927088,0.1946656437927088
231.47,0.2,-0.11841404574946993,-0.11841404574946993
231.475,0.2,-0.11104373816242462,-0.11104373816242462
231.48,0.2,0.2185221623335785,0.2185221623335785
231.485,0.2,0.3960499988395393,0.3960499988395393
231.49,0.2,0.5157927160683775,0.5157927160683775
231.495,0.2,0.5101332539773609,0.5101332539773609
231.5,0.2,0.2664599146168522,0.2664599146168522
231.505,0.2,-0.08765428580381043,-0.08765428580381043
231.51,0.2,-0.21260002108727571,-0.21260002108727571
231.515,0.2,-0.16037116777205032,-0.16037116777205032
231.52,0.2,0.1381617959155527,0.1381617959155527
231.525,0.2,0.3267274384039792,0.3267274384039792
231.53,0.2,0.5041310259903686,0.5041310259903686
231.535,0.2,0.37475096520525303,0.37475096520525303
231.54,0.2,0.22855437266646653,0.22855437266646653
231.545,0.2,-0.05112367893653085,-0.05112367893653085
231.55,0.2,-0.2700142128748003,-0.2700142128748003
231.555,0.2,-0.22223830447000825,-0.22223830447000825
231.56,0.2,0.4719482641949825,0.4719482641949825
231.565,0.2,0.3776253593218331,0.3776253593218331
231.57,0.2,0.5261198219446828,0.5261198219446828
231.575,0.2,0.23033068325666622,0.23033068325666622
231.58,0.2,0.2483678748311684,0.2483678748311684
231.585,0.2,-0.3602545429950994,-0.3602545429950994
231.59,0.2,-0.1273658696558289,-0.1273658696558289
231.595,0.2,0.06021297948336586,0.06021297948336586
231.6,0.2,0.42110999749650424,0.42110999749650424
231.605,0.2,0.46321599199382013,0.46321599199382013
231.61,0.2,0.4296304045348743,0.4296304045348743
231.615,0.2,0.5595792047947474,0.5595792047947474
231.62,0.2,0.2043238597718286,0.2043238597718286
231.625,0.2,-0.06154325227117802,-0.06154325227117802
231.63,0.2,-0.2795681561296693,-0.2795681561296693
231.635,0.2,0.01090013475300973,0.01090013475300973
231.64,0.2,0.4572547774735737,0.4572547774735737
231.645,0.2,0.5133695260944294,0.5133695260944294
231.65,0.2,0.6354235232646095,0.6354235232646095
231.655,0.2,0.38307561914213345,0.38307561914213345
231.66,0.2,0.05590638180247054,0.05590638180247054
231.665,0.2,0.037599593138133616,0.037599593138133616
231.67,0.2,-0.13636377369448924,-0.13636377369448924
231.675,0.2,-0.13393446947303794,-0.13393446947303794
231.68,0.2,0.3844318096965327,0.3844318096965327
231.685,0.2,0.5541423611191583,0.5541423611191583
231.69,0.2,0.48648090420554774,0.48648090420554774
231.695,0.2,0.4307817053399649,0.4307817053399649
231.7,0.2,0.0419539300294903,0.0419539300294903
231.705,0.2,-0.35178508404072184,-0.35178508404072184
231.71,0.2,-0.2604547498766221,-0.2604547498766221
231.715,0.2,-0.1350989738719275,-0.1350989738719275
231.72,0.2,0.03818042615239542,0.03818042615239542
231.725,0.2,0.6253230819124171,0.6253230819124171
231.73,0.2,0.8189451584420064,0.8189451584420064
231.735,0.2,0.3885483066279047,0.3885483066279047
231.74,0.2,0.06236270670066152,0.06236270670066152
231.745,0.2,-0.07471926008129574,-0.07471926008129574
231.75,0.2,-0.16152222192273585,-0.16152222192273585
231.755,0.2,-0.10070628665537544,-0.10070628665537544
231.76,0.2,0.13674780599758404,0.13674780599758404
231.765,0.2,0.7234962966122841,0.7234962966122841
231.77,0.2,0.45327914109511946,0.45327914109511946
231.775,0.2,0.3543947307773459,0.3543947307773459
231.78,0.2,0.08216912309209816,0.08216912309209816
231.785,0.2,-0.1127248562192059,-0.1127248562192059
231.79,0.2,-0.29295399806434574,-0.29295399806434574
231.795,0.2,-0.1518734399870349,-0.1518734399870349
231.8,0.2,0.20158863050234754,0.20158863050234754
231.805,0.2,0.4385502192979432,0.4385502192979432
231.81,0.2,0.6615342290872007,0.6615342290872007
231.815,0.2,0.4461966315640296,0.4461966315640296
231.82,0.2,0.17979131725243047,0.17979131725243047
231.825,0.2,-0.14829555676204553,-0.14829555676204553
231.83,0.2,-0.21134025336332093,-0.21134025336332093
231.835,0.2,-0.2842704093662093,-0.2842704093662093
231.84,0.2,0.36571440416511075,0.36571440416511075
231.845,0.2,0.3995606627545084,0.3995606627545084
231.85,0.2,0.5038803510894689,0.5038803510894689
231.855,0.2,0.40120699216190764,0.40120699216190764
231.86,0.2,0.40032684940337815,0.40032684940337815
231.865,0.2,-0.07696421627261818,-0.07696421627261818
231.87,0.2,-0.1550392533655951,-0.1550392533655951
231.875,0.2,-0.1887136968436,-0.1887136968436
231.88,0.2,-0.023953889805046008,-0.023953889805046008
231.885,0.2,0.5522195517547775,0.5522195517547775
231.89,0.2,0.6188424973826476,0.6188424973826476
231.895,0.2,0.5547525218885057,0.5547525218885057
231.9,0.2,0.26480924712124637,0.26480924712124637
231.905,0.2,-0.07848404391883998,-0.07848404391883998
231.91,0.2,-0.1024413492323178,-0.1024413492323178
231.915,0.2,-0.09249242585745482,-0.09249242585745482
231.92,0.2,0.08514714740191394,0.08514714740191394
231.925,0.2,0.439268751944567,0.439268751944567
231.93,0.2,0.6666819278596658,0.6666819278596658
231.935,0.2,0.4019205924090739,0.4019205924090739
231.94,0.2,0.137865447136547,0.137865447136547
231.945,0.2,-0.026051391588465908,-0.026051391588465908
231.95,0.2,-0.21198069566334668,-0.21198069566334668
231.955,0.2,-0.23130770548610852,-0.23130770548610852
231.96,0.2,0.25747039080457107,0.25747039080457107
231.965,0.2,0.3915839024203929,0.3915839024203929
231.97,0.2,0.47988142239443066,0.47988142239443066
231.975,0.2,0.5910907330582664,0.5910907330582664
231.98,0.2,0.11923386369217627,0.11923386369217627
231.985,0.2,0.01875853699975419,0.01875853699975419
231.99,0.2,-0.3067099863037533,-0.3067099863037533
231.995,0.2,-0.07382146146393913,-0.07382146146393913
232.0,0.2,0.22023423752690358,0.22023423752690358
232.005,0.2,0.3461199135424759,0.3461199135424759
232.01,0.2,0.6040295383612702,0.6040295383612702
232.015,0.2,0.5741405261685124,0.5741405261685124
232.02,0.2,0.2259407333070974,0.2259407333070974
232.025,0.2,-0.12458731531442506,-0.12458731531442506
232.03,0.2,-0.2362394378356307,-0.2362394378356307
232.035,0.2,-0.056614501313778993,-0.056614501313778993
232.04,0.2,0.11605836595667907,0.11605836595667907
232.045,0.2,0.5219752970475187,0.5219752970475187
232.05,0.2,0.6273052900339736,0.6273052900339736
232.055,0.2,0.32979097735671026,0.32979097735671026
232.06,0.2,0.2419799833649158,0.2419799833649158
232.065,0.2,-0.1478929251877168,-0.1478929251877168
232.07,0.2,-0.1693598060349935,-0.1693598060349935
232.075,0.2,-0.04534951682923223,-0.04534951682923223
232.08,0.2,0.1197599491801212,0.1197599491801212
232.085,0.2,0.4786496995273887,0.4786496995273887
232.09,0.2,0.5644062201217324,0.5644062201217324
232.095,0.2,0.40596482437920517,0.40596482437920517
232.1,0.2,0.06395936442146868,0.06395936442146868
232.105,0.2,-0.17556846225852601,-0.17556846225852601
232.11,0.2,-0.03946418037908933,-0.03946418037908933
232.115,0.2,-0.046967813539076725,-0.046967813539076725
232.12,0.2,0.18535364701770174,0.18535364701770174
232.125,0.2,0.42213832477838154,0.42213832477838154
232.13,0.2,0.6078641737858153,0.6078641737858153
232.135,0.2,0.48746065191385074,0.48746065191385074
232.14,0.2,0.02741843165963366,0.02741843165963366
232.145,0.2,-0.05117127180390939,-0.05117127180390939
232.15,0.2,-0.035405156888688005,-0.035405156888688005
232.155,0.2,-0.046549153472433866,-0.046549153472433866
232.16,0.2,0.3337679437959634,0.3337679437959634
232.165,0.2,0.43937879098833466,0.43937879098833466
232.17,0.2,0.42423468340412185,0.42423468340412185
232.175,0.2,0.6994495504902494,0.6994495504902494
232.18,0.2,0.20534553905716613,0.20534553905716613
232.185,0.2,-0.05657070413178717,-0.05657070413178717
232.19,0.2,-0.2176119352865793,-0.2176119352865793
232.195,0.2,-0.1050263947234518,-0.1050263947234518
232.2,0.2,0.1375561356714879,0.1375561356714879
232.205,0.2,0.3919480605991112,0.3919480605991112
232.21,0.2,0.6852060822095569,0.6852060822095569
232.215,0.2,0.48256461976996384,0.48256461976996384
232.22,0.2,0.3838085663160042,0.3838085663160042
232.225,0.2,-0.05177359154858773,-0.05177359154858773
232.23,0.2,-0.17596816032726612,-0.17596816032726612
232.235,0.2,-0.03275835979997502,-0.03275835979997502
232.24,0.2,0.104806316084826,0.104806316084826
232.245,0.2,0.43911904990212797,0.43911904990212797
232.25,0.2,0.5435669233470094,0.5435669233470094
232.255,0.2,0.5247485285012118,0.5247485285012118
232.26,0.2,0.3131034180156761,0.3131034180156761
232.265,0.2,-0.010013309023940226,-0.010013309023940226
232.27,0.2,-0.11353397266858448,-0.11353397266858448
232.275,0.2,-0.02723962509422692,-0.02723962509422692
232.28,0.2,0.18372463564130742,0.18372463564130742
232.285,0.2,0.389220705030175,0.389220705030175
232.29,0.2,0.6754319173633635,0.6754319173633635
232.295,0.2,0.3199035361898587,0.3199035361898587
232.3,0.2,0.23934716324128313,0.23934716324128313
232.305,0.2,0.056667165058625624,0.056667165058625624
232.31,0.2,-0.16979931430644313,-0.16979931430644313
232.315,0.2,-0.215793789763258,-0.215793789763258
232.32,0.2,0.2597970626137268,0.2597970626137268
232.325,0.2,0.5350654453601016,0.5350654453601016
232.33,0.2,0.6319706747310432,0.6319706747310432
232.335,0.2,0.42563007340832276,0.42563007340832276
232.34,0.2,0.16094862421994896,0.16094862421994896
232.345,0.2,-0.08497057282019575,-0.08497057282019575
232.35,0.2,-0.3574962420460769,-0.3574962420460769
232.355,0.2,0.04395399946558215,0.04395399946558215
232.36,0.2,0.17257074770967196,0.17257074770967196
232.365,0.2,0.47429826851928353,0.47429826851928353
232.37,0.2,0.3058296747836901,0.3058296747836901
232.375,0.2,0.5601658030306063,0.5601658030306063
232.38,0.2,0.020594558757623477,0.020594558757623477
232.385,0.2,-0.05962455929475749,-0.05962455929475749
232.39,0.2,-0.13483583628585563,-0.13483583628585563
232.395,0.2,0.01281242124819365,0.01281242124819365
232.4,0.2,0.4990458255102346,0.4990458255102346
232.405,0.2,0.4441860930031167,0.4441860930031167
232.41,0.2,0.3978806575583341,0.3978806575583341
232.415,0.2,0.4193540682215334,0.4193540682215334
232.42,0.2,0.14268980638133236,0.14268980638133236
232.425,0.2,-0.15629610236451683,-0.15629610236451683
232.43,0.2,-0.306859164254262,-0.306859164254262
232.435,0.2,-0.07714215849048195,-0.07714215849048195
232.44,0.2,0.2572864180694088,0.2572864180694088
232.445,0.2,0.5611707924312659,0.5611707924312659
232.45,0.2,0.5955664504150382,0.5955664504150382
232.455,0.2,0.4964422431928087,0.4964422431928087
232.46,0.2,0.07671216996990961,0.07671216996990961
232.465,0.2,0.050629854536485774,0.050629854536485774
232.47,0.2,-0.1647406414195455,-0.1647406414195455
232.475,0.2,-0.03615638420413263,-0.03615638420413263
232.48,0.2,0.07981015530920504,0.07981015530920504
232.485,0.2,0.5332405869797365,0.5332405869797365
232.49,0.2,0.7568744392497684,0.7568744392497684
232.495,0.2,0.4975852821183185,0.4975852821183185
232.5,0.2,0.08959817144048159,0.08959817144048159
232.505,0.2,0.07059963025537136,0.07059963025537136
232.51,0.2,-0.18652800148536644,-0.18652800148536644
232.515,0.2,0.0008536215481949883,0.0008536215481949883
232.52,0.2,0.3004920172821135,0.3004920172821135
232.525,0.2,0.4011302931254756,0.4011302931254756
232.53,0.2,0.5150955763034316,0.5150955763034316
232.535,0.2,0.2392771445138107,0.2392771445138107
232.54,0.2,0.07916871372683316,0.07916871372683316
232.545,0.2,-0.05700739048519075,-0.05700739048519075
232.55,0.2,-0.1268337156661533,-0.1268337156661533
232.555,0.2,0.0743472718523109,0.0743472718523109
232.56,0.2,0.2661042547179902,0.2661042547179902
232.565,0.2,0.41833173918565664,0.41833173918565664
232.57,0.2,0.6669963457377434,0.6669963457377434
232.575,0.2,0.38697421084829414,0.38697421084829414
232.58,0.2,0.055734229217684034,0.055734229217684034
232.585,0.2,-0.1920040308132035,-0.1920040308132035
232.59,0.2,-0.11007223751816168,-0.11007223751816168
232.595,0.2,-0.07377648312732506,-0.07377648312732506
232.6,0.2,0.17546545031589628,0.17546545031589628
232.605,0.2,0.19680114642892205,0.19680114642892205
232.61,0.2,0.7587760455505559,0.7587760455505559
232.615,0.2,0.3719839464445458,0.3719839464445458
232.62,0.2,0.27648726683210717,0.27648726683210717
232.625,0.2,-0.03328026785651188,-0.03328026785651188
232.63,0.2,-0.2527706128182289,-0.2527706128182289
232.635,0.2,-0.20295411779082734,-0.20295411779082734
232.64,0.2,0.05112417342890613,0.05112417342890613
232.645,0.2,0.39706957713542945,0.39706957713542945
232.65,0.2,0.5132241893400538,0.5132241893400538
232.655,0.2,0.6166661761916467,0.6166661761916467
232.66,0.2,0.2056543566830657,0.2056543566830657
232.665,0.2,0.04458462824461214,0.04458462824461214
232.67,0.2,-0.13194712090010774,-0.13194712090010774
232.675,0.2,-0.23459570607890495,-0.23459570607890495
232.68,0.2,0.071651527160018,0.071651527160018
232.685,0.2,0.4493785460675069,0.4493785460675069
232.69,0.2,0.476290891401344,0.476290891401344
232.695,0.2,0.4446380487427544,0.4446380487427544
232.7,0.2,0.20138005948970886,0.20138005948970886
232.705,0.2,-0.13467685762650528,-0.13467685762650528
232.71,0.2,-0.15264030960179928,-0.15264030960179928
232.715,0.2,-0.059933110205399584,-0.059933110205399584
232.72,0.2,0.006839839951505278,0.006839839951505278
232.725,0.2,0.4817202135724161,0.4817202135724161
232.73,0.2,0.48598095324969315,0.48598095324969315
232.735,0.2,0.5179847371513115,0.5179847371513115
232.74,0.2,0.10870068158774263,0.10870068158774263
232.745,0.2,-0.0843789630546583,-0.0843789630546583
232.75,0.2,-0.14914719087279676,-0.14914719087279676
232.755,0.2,-0.17080635632054517,-0.17080635632054517
232.76,0.2,0.031057665062275155,0.031057665062275155
232.765,0.2,0.5465787497948852,0.5465787497948852
232.77,0.2,0.5166985173062139,0.5166985173062139
232.775,0.2,0.24940153322519495,0.24940153322519495
232.78,0.2,0.09463333110005237,0.09463333110005237
232.785,0.2,-0.004080947024174941,-0.004080947024174941
232.79,0.2,-0.24845749724305305,-0.24845749724305305
232.795,0.2,-0.04620054799386536,-0.04620054799386536
232.8,0.2,0.04187384474100554,0.04187384474100554
232.805,0.2,0.31130712754216894,0.31130712754216894
232.81,0.2,0.4656837378500119,0.4656837378500119
232.815,0.2,0.2691271349044077,0.2691271349044077
232.82,0.2,0.10857771135302773,0.10857771135302773
232.825,0.2,-0.18495873894723408,-0.18495873894723408
232.83,0.2,-0.3128465425629876,-0.3128465425629876
232.835,0.2,-0.16675413054158283,-0.16675413054158283
232.84,0.2,0.07269263173878976,0.07269263173878976
232.845,0.2,0.32434462797392805,0.32434462797392805
232.85,0.2,0.5010110445803387,0.5010110445803387
232.855,0.2,0.44665807386892886,0.44665807386892886
232.86,0.2,-0.010729982251787146,-0.010729982251787146
232.865,0.2,-0.10477267942197285,-0.10477267942197285
232.87,0.2,-0.2758753804903613,-0.2758753804903613
232.875,0.2,-0.04412992290765008,-0.04412992290765008
232.88,0.2,0.08357395634874126,0.08357395634874126
232.885,0.2,0.38795705120743057,0.38795705120743057
232.89,0.2,0.6190628252633384,0.6190628252633384
232.895,0.2,0.44542161307425454,0.44542161307425454
232.9,0.2,-0.19291904474834043,-0.19291904474834043
232.905,0.2,-0.05027301936544065,-0.05027301936544065
232.91,0.2,-0.22642038984002286,-0.22642038984002286
232.915,0.2,0.08147032016077518,0.08147032016077518
232.92,0.2,0.26191546881078637,0.26191546881078637
232.925,0.2,0.5045130038695339,0.5045130038695339
232.93,0.2,0.4409275012667553,0.4409275012667553
232.935,0.2,0.48098060201394366,0.48098060201394366
232.94,0.2,0.1706036401148221,0.1706036401148221
232.945,0.2,-0.20548834902242416,-0.20548834902242416
232.95,0.2,-0.28998462661552327,-0.28998462661552327
232.955,0.2,0.02619715151594175,0.02619715151594175
232.96,0.2,0.3412526403567685,0.3412526403567685
232.965,0.2,0.48137194121918603,0.48137194121918603
232.97,0.2,0.4653689672247158,0.4653689672247158
232.975,0.2,0.3895303747546637,0.3895303747546637
232.98,0.2,0.19721938340767411,0.19721938340767411
232.985,0.2,0.06890523120322528,0.06890523120322528
232.99,0.2,-0.0517255459627832,-0.0517255459627832
232.995,0.2,-0.005224802694207192,-0.005224802694207192
233.0,0.2,0.22836530977795222,0.22836530977795222
233.005,0.2,0.5669300544069958,0.5669300544069958
233.01,0.2,0.4213708095446637,0.4213708095446637
233.015,0.2,0.40645202932393626,0.40645202932393626
233.02,0.2,0.06337984902222632,0.06337984902222632
233.025,0.2,-0.15473403793261084,-0.15473403793261084
233.03,0.2,-0.1601168037763141,-0.1601168037763141
233.035,0.2,-0.02684027142718639,-0.02684027142718639
233.04,0.2,0.25598807974867904,0.25598807974867904
233.045,0.2,0.2837066993040369,0.2837066993040369
233.05,0.2,0.5023918224682645,0.5023918224682645
233.055,0.2,0.3391026593550484,0.3391026593550484
233.06,0.2,0.185525531482119,0.185525531482119
233.065,0.2,0.10647046878337309,0.10647046878337309
233.07,0.2,-0.08108444952219895,-0.08108444952219895
233.075,0.2,-0.24839195213497597,-0.24839195213497597
233.08,0.2,0.21629841088325436,0.21629841088325436
233.085,0.2,0.5857802163067924,0.5857802163067924
233.09,0.2,0.4013729573322859,0.4013729573322859
233.095,0.2,0.4372797127981394,0.4372797127981394
233.1,0.2,0.1032286666139958,0.1032286666139958
233.105,0.2,0.0433476992088673,0.0433476992088673
233.11,0.2,-0.25516884351185376,-0.25516884351185376
233.115,0.2,0.08393577685596526,0.08393577685596526
233.12,0.2,0.30089148309359187,0.30089148309359187
233.125,0.2,0.55226249273577,0.55226249273577
233.13,0.2,0.5954212404450195,0.5954212404450195
233.135,0.2,0.549572555590732,0.549572555590732
233.14,0.2,0.2644157460973269,0.2644157460973269
233.145,0.2,-0.03901426113688569,-0.03901426113688569
233.15,0.2,-0.2676740620812387,-0.2676740620812387
233.155,0.2,-0.045727746413564155,-0.045727746413564155
233.16,0.2,0.49824101035703994,0.49824101035703994
233.165,0.2,0.46033225853596754,0.46033225853596754
233.17,0.2,0.4486311135294566,0.4486311135294566
233.175,0.2,0.5537956365691271,0.5537956365691271
233.18,0.2,0.13345775722472386,0.13345775722472386
233.185,0.2,0.06566897212253331,0.06566897212253331
233.19,0.2,-0.11973470196871844,-0.11973470196871844
233.195,0.2,0.1403106363559097,0.1403106363559097
233.2,0.2,0.2124441601974737,0.2124441601974737
233.205,0.2,0.5225926107127178,0.5225926107127178
233.21,0.2,0.5228905181622082,0.5228905181622082
233.215,0.2,0.44367930545951484,0.44367930545951484
233.22,0.2,0.1678135484626183,0.1678135484626183
233.225,0.2,-0.20315070138774438,-0.20315070138774438
233.23,0.2,-0.1317690608506675,-0.1317690608506675
233.235,0.2,0.1286531889494398,0.1286531889494398
233.24,0.2,0.3809455503710472,0.3809455503710472
233.245,0.2,0.48291639585140866,0.48291639585140866
233.25,0.2,0.5653708992010432,0.5653708992010432
233.255,0.2,0.3902872774181973,0.3902872774181973
233.26,0.2,0.2807492831801765,0.2807492831801765
233.265,0.2,-0.11579795040743505,-0.11579795040743505
233.27,0.2,-0.1119658432540656,-0.1119658432540656
233.275,0.2,0.027069800773689593,0.027069800773689593
233.28,0.2,0.29342630305898054,0.29342630305898054
233.285,0.2,0.6498382775599422,0.6498382775599422
233.29,0.2,0.5222507393800206,0.5222507393800206
233.295,0.2,0.4255768459254109,0.4255768459254109
233.3,0.2,0.26522286894726893,0.26522286894726893
233.305,0.2,-0.15416246357398417,-0.15416246357398417
233.31,0.2,-0.11044231217408054,-0.11044231217408054
233.315,0.2,0.055694032886974804,0.055694032886974804
233.32,0.2,0.188770019620905,0.188770019620905
233.325,0.2,0.5775625356073608,0.5775625356073608
233.33,0.2,0.5021719814505378,0.5021719814505378
233.335,0.2,0.45177236392001385,0.45177236392001385
233.34,0.2,0.13602249808796613,0.13602249808796613
233.345,0.2,0.005035972712806536,0.005035972712806536
233.35,0.2,0.05162147042069887,0.05162147042069887
233.355,0.2,0.058525165011003646,0.058525165011003646
233.36,0.2,0.2020657169010326,0.2020657169010326
233.365,0.2,0.5509074066911951,0.5509074066911951
233.37,0.2,0.5544534193485289,0.5544534193485289
233.375,0.2,0.5213158888988186,0.5213158888988186
233.38,0.2,0.2735978712117765,0.2735978712117765
233.385,0.2,0.11147283308664327,0.11147283308664327
233.39,0.2,-0.02628282408355545,-0.02628282408355545
233.395,0.2,-0.08898792666509356,-0.08898792666509356
233.4,0.2,0.23601432922313004,0.23601432922313004
233.405,0.2,0.5105998300330846,0.5105998300330846
233.41,0.2,0.6001407009023081,0.6001407009023081
233.415,0.2,0.45464545471443685,0.45464545471443685
233.42,0.2,0.1311324094066984,0.1311324094066984
233.425,0.2,-0.07356668768095767,-0.07356668768095767
233.43,0.2,0.05479779286847486,0.05479779286847486
233.435,0.2,0.06212990904032667,0.06212990904032667
233.44,0.2,0.011890838617756444,0.011890838617756444
233.445,0.2,0.5266855090232752,0.5266855090232752
233.45,0.2,0.5082473294255376,0.5082473294255376
233.455,0.2,0.4045538894248336,0.4045538894248336
233.46,0.2,0.16642832129397583,0.16642832129397583
233.465,0.2,-0.0766837553649299,-0.0766837553649299
233.47,0.2,-0.14123085223198653,-0.14123085223198653
233.475,0.2,0.04273927443037223,0.04273927443037223
233.48,0.2,0.2363655855768031,0.2363655855768031
233.485,0.2,0.40564466541383637,0.40564466541383637
233.49,0.2,0.6485014913970296,0.6485014913970296
233.495,0.2,0.5156510907094825,0.5156510907094825
233.5,0.2,0.25667862793795737,0.25667862793795737
233.505,0.2,-0.09130395848277506,-0.09130395848277506
233.51,0.2,-0.21285051005691277,-0.21285051005691277
233.515,0.2,0.1304735313352919,0.1304735313352919
233.52,0.2,0.19681430175852452,0.19681430175852452
233.525,0.2,0.4826254402006777,0.4826254402006777
233.53,0.2,0.6703646726635035,0.6703646726635035
233.535,0.2,0.5118579509092402,0.5118579509092402
233.54,0.2,0.17387113673472476,0.17387113673472476
233.545,0.2,-0.09456959220849159,-0.09456959220849159
233.55,0.2,-0.2633421081182753,-0.2633421081182753
233.555,0.2,0.010784747660149278,0.010784747660149278
233.56,0.2,0.13438501381135748,0.13438501381135748
233.565,0.2,0.43082042104115714,0.43082042104115714
233.57,0.2,0.6293358842308824,0.6293358842308824
233.575,0.2,0.5781564210929117,0.5781564210929117
233.58,0.2,0.26193331864784064,0.26193331864784064
233.585,0.2,-0.06090606114430126,-0.06090606114430126
233.59,0.2,-0.09696169215681408,-0.09696169215681408
233.595,0.2,-0.053005080431849955,-0.053005080431849955
233.6,0.2,0.2355820852681171,0.2355820852681171
233.605,0.2,0.4574432299338864,0.4574432299338864
233.61,0.2,0.6620211164550003,0.6620211164550003
233.615,0.2,0.449004370911366,0.449004370911366
233.62,0.2,0.18576515315097897,0.18576515315097897
233.625,0.2,-0.0419785307821117,-0.0419785307821117
233.63,0.2,-0.19029478969755476,-0.19029478969755476
233.635,0.2,0.07919110756271733,0.07919110756271733
233.64,0.2,0.11243294054449425,0.11243294054449425
233.645,0.2,0.5459995763789068,0.5459995763789068
233.65,0.2,0.560105883695232,0.560105883695232
233.655,0.2,0.320058053235206,0.320058053235206
233.66,0.2,0.09362041821163611,0.09362041821163611
233.665,0.2,0.08919622244216893,0.08919622244216893
233.67,0.2,-0.1685458077162474,-0.1685458077162474
233.675,0.2,-0.02920767999292119,-0.02920767999292119
233.68,0.2,0.3030334124644738,0.3030334124644738
233.685,0.2,0.5118483495167477,0.5118483495167477
233.69,0.2,0.646395057886555,0.646395057886555
233.695,0.2,0.3861957136730808,0.3861957136730808
233.7,0.2,0.45142722365538607,0.45142722365538607
233.705,0.2,-0.05175411715029667,-0.05175411715029667
233.71,0.2,-0.05880728760257092,-0.05880728760257092
233.715,0.2,0.12167698078693034,0.12167698078693034
233.72,0.2,0.19878782072827283,0.19878782072827283
233.725,0.2,0.4851816581019238,0.4851816581019238
233.73,0.2,0.7036978875738855,0.7036978875738855
233.735,0.2,0.5122707363191246,0.5122707363191246
233.74,0.2,0.1361645954665816,0.1361645954665816
233.745,0.2,-0.001984452595226816,-0.001984452595226816
233.75,0.2,-0.07565547394620126,-0.07565547394620126
233.755,0.2,0.0374391866315468,0.0374391866315468
233.76,0.2,0.2535960125063496,0.2535960125063496
233.765,0.2,0.2574394817815137,0.2574394817815137
233.77,0.2,0.626042395057684,0.626042395057684
233.775,0.2,0.6132859623365928,0.6132859623365928
233.78,0.2,0.18849309025640495,0.18849309025640495
233.785,0.2,0.1460077951041483,0.1460077951041483
233.79,0.2,-0.22177221592687354,-0.22177221592687354
233.795,0.2,0.11412538356298876,0.11412538356298876
233.8,0.2,0.1454421043774657,0.1454421043774657
233.805,0.2,0.5328803563425648,0.5328803563425648
233.81,0.2,0.6144319720939486,0.6144319720939486
233.815,0.2,0.292426089370743,0.292426089370743
233.82,0.2,0.23034980262042343,0.23034980262042343
233.825,0.2,0.09174534545928686,0.09174534545928686
233.83,0.2,-0.09057007941139943,-0.09057007941139943
233.835,0.2,0.17392384826985835,0.17392384826985835
233.84,0.2,0.2844410644718125,0.2844410644718125
233.845,0.2,0.4274527216634116,0.4274527216634116
233.85,0.2,0.6499017932063016,0.6499017932063016
233.855,0.2,0.5142271812351151,0.5142271812351151
233.86,0.2,0.15735157920640258,0.15735157920640258
233.865,0.2,0.057541183301783136,0.057541183301783136
233.87,0.2,-0.17011214628792248,-0.17011214628792248
233.875,0.2,0.06796328000070653,0.06796328000070653
233.88,0.2,0.33939184899411157,0.33939184899411157
233.885,0.2,0.6284775442526292,0.6284775442526292
233.89,0.2,0.6714823388082866,0.6714823388082866
233.895,0.2,0.20807510839220666,0.20807510839220666
233.9,0.2,0.3995353354723344,0.3995353354723344
233.905,0.2,-0.17868027529565172,-0.17868027529565172
233.91,0.2,-0.03761028502999693,-0.03761028502999693
233.915,0.2,-0.08538015850270868,-0.08538015850270868
233.92,0.2,0.2748646693604767,0.2748646693604767
233.925,0.2,0.5327844801672968,0.5327844801672968
233.93,0.2,0.7512105309155483,0.7512105309155483
233.935,0.2,0.6006646231760773,0.6006646231760773
233.94,0.2,0.3137361976873657,0.3137361976873657
233.945,0.2,0.02500808848214795,0.02500808848214795
233.95,0.2,-0.22969119358470358,-0.22969119358470358
233.955,0.2,-0.00595583193818231,-0.00595583193818231
233.96,0.2,0.29845817063472846,0.29845817063472846
233.965,0.2,0.49268053621418206,0.49268053621418206
233.97,0.2,0.6265377264151726,0.6265377264151726
233.975,0.2,0.5096578833421321,0.5096578833421321
233.98,0.2,0.2800897671895404,0.2800897671895404
233.985,0.2,0.017777349697468414,0.017777349697468414
233.99,0.2,-0.08632795652431897,-0.08632795652431897
233.995,0.2,-0.14085951011089384,-0.14085951011089384
234.0,0.2,0.3500038804840294,0.3500038804840294
234.005,0.2,0.6039356963872216,0.6039356963872216
234.01,0.2,0.5754616903282571,0.5754616903282571
234.015,0.2,0.4775966748160071,0.4775966748160071
234.02,0.2,0.34656266890254694,0.34656266890254694
234.025,0.2,-0.10236956807184595,-0.10236956807184595
234.03,0.2,-0.2858981430216415,-0.2858981430216415
234.035,0.2,0.1344693897950242,0.1344693897950242
234.04,0.2,0.04660393502998772,0.04660393502998772
234.045,0.2,0.5603239113468357,0.5603239113468357
234.05,0.2,0.6832481236001473,0.6832481236001473
234.055,0.2,0.584293055231689,0.584293055231689
234.06,0.2,0.385058394412483,0.385058394412483
234.065,0.2,0.1229098113850734,0.1229098113850734
234.07,0.2,-0.10011807231236401,-0.10011807231236401
234.075,0.2,-0.09417108357121416,-0.09417108357121416
234.08,0.2,0.1072030564512832,0.1072030564512832
234.085,0.2,0.40555375767777563,0.40555375767777563
234.09,0.2,0.7282389264393367,0.7282389264393367
234.095,0.2,0.4697089522544325,0.4697089522544325
234.1,0.2,0.19949710032484033,0.19949710032484033
234.105,0.2,-0.26743560784676834,-0.26743560784676834
234.11,0.2,-0.06410418106952766,-0.06410418106952766
234.115,0.2,-0.08094983628604718,-0.08094983628604718
234.12,0.2,0.2260802239219059,0.2260802239219059
234.125,0.2,0.7246139934090706,0.7246139934090706
234.13,0.2,0.5408862084389725,0.5408862084389725
234.135,0.2,0.5208342371693577,0.5208342371693577
234.14,0.2,0.05507607541915016,0.05507607541915016
234.145,0.2,0.06877648086834015,0.06877648086834015
234.15,0.2,-0.1141246567366478,-0.1141246567366478
234.155,0.2,-0.03882307470969126,-0.03882307470969126
234.16,0.2,0.366376102099008,0.366376102099008
234.165,0.2,0.6616076866936613,0.6616076866936613
234.17,0.2,0.7445736596819886,0.7445736596819886
234.175,0.2,0.47835201973242064,0.47835201973242064
234.18,0.2,0.16998489974073078,0.16998489974073078
234.185,0.2,-0.06786797686756289,-0.06786797686756289
234.19,0.2,-0.13381427442992522,-0.13381427442992522
234.195,0.2,-0.08683085266224622,-0.08683085266224622
234.2,0.2,0.1753324766195738,0.1753324766195738
234.205,0.2,0.36740352814934446,0.36740352814934446
234.21,0.2,0.5794661539939094,0.5794661539939094
234.215,0.2,0.5979567313805675,0.5979567313805675
234.22,0.2,0.16228473783815028,0.16228473783815028
234.225,0.2,-0.21194291549379968,-0.21194291549379968
234.23,0.2,-0.09668382624688501,-0.09668382624688501
234.235,0.2,-0.10506598715803722,-0.10506598715803722
234.24,0.2,0.4089103781217855,0.4089103781217855
234.245,0.2,0.451764745849507,0.451764745849507
234.25,0.2,0.7459232192742681,0.7459232192742681
234.255,0.2,0.43581815875261376,0.43581815875261376
234.26,0.2,0.29490717232874464,0.29490717232874464
234.265,0.2,-0.1195359254400513,-0.1195359254400513
234.27,0.2,-0.1569391865140636,-0.1569391865140636
234.275,0.2,-0.00037888349666024765,-0.00037888349666024765
234.28,0.2,0.28579364467528334,0.28579364467528334
234.285,0.2,0.4920594482603241,0.4920594482603241
234.29,0.2,0.7034478808421635,0.7034478808421635
234.295,0.2,0.41000729165278293,0.41000729165278293
234.3,0.2,0.4159453494029267,0.4159453494029267
234.305,0.2,-0.019459983419336316,-0.019459983419336316
234.31,0.2,-0.23207685538053763,-0.23207685538053763
234.315,0.2,-0.02455721901324429,-0.02455721901324429
234.32,0.2,0.2814476646265503,0.2814476646265503
234.325,0.2,0.5154906286750662,0.5154906286750662
234.33,0.2,0.7952238997031498,0.7952238997031498
234.335,0.2,0.539860402254941,0.539860402254941
234.34,0.2,0.2704095687022394,0.2704095687022394
234.345,0.2,-0.1579213484625733,-0.1579213484625733
234.35,0.2,-0.15500195505112355,-0.15500195505112355
234.355,0.2,-0.11891100880849167,-0.11891100880849167
234.36,0.2,0.38463040057866926,0.38463040057866926
234.365,0.2,0.5361218047360872,0.5361218047360872
234.37,0.2,0.7192047003501314,0.7192047003501314
234.375,0.2,0.44311874471786694,0.44311874471786694
234.38,0.2,0.2361870121767109,0.2361870121767109
234.385,0.2,-0.10328272146456051,-0.10328272146456051
234.39,0.2,0.058458311023046716,0.058458311023046716
234.395,0.2,-0.006332546516474403,-0.006332546516474403
234.4,0.2,0.3921999474436394,0.3921999474436394
234.405,0.2,0.5991232490181023,0.5991232490181023
234.41,0.2,0.604572752152526,0.604572752152526
234.415,0.2,0.3809864640887077,0.3809864640887077
234.42,0.2,0.3493933081169026,0.3493933081169026
234.425,0.2,-0.144752674136999,-0.144752674136999
234.43,0.2,-0.26551380569030947,-0.26551380569030947
234.435,0.2,0.10375179208894184,0.10375179208894184
234.44,0.2,0.147456235279048,0.147456235279048
234.445,0.2,0.4283496844415647,0.4283496844415647
234.45,0.2,0.354665610499927,0.354665610499927
234.455,0.2,0.5550929900342612,0.5550929900342612
234.46,0.2,0.2876907850534095,0.2876907850534095
234.465,0.2,0.004655915698463298,0.004655915698463298
234.47,0.2,0.12378014846170074,0.12378014846170074
234.475,0.2,-0.15900036367347176,-0.15900036367347176
234.48,0.2,0.20128022179982302,0.20128022179982302
234.485,0.2,0.4434445781976885,0.4434445781976885
234.49,0.2,0.6771791746701753,0.6771791746701753
234.495,0.2,0.4411841820864471,0.4411841820864471
234.5,0.2,0.3036298865063657,0.3036298865063657
234.505,0.2,0.024718891219636663,0.024718891219636663
234.51,0.2,-0.14487874769901454,-0.14487874769901454
234.515,0.2,-0.08667236539916627,-0.08667236539916627
234.52,0.2,0.21178727553015464,0.21178727553015464
234.525,0.2,0.2531161300185884,0.2531161300185884
234.53,0.2,0.7960163835924052,0.7960163835924052
234.535,0.2,0.4772737058761371,0.4772737058761371
234.54,0.2,0.027790286941906772,0.027790286941906772
234.545,0.2,0.08561089526114596,0.08561089526114596
234.55,0.2,-0.07304648582305015,-0.07304648582305015
234.555,0.2,-0.1265114005067692,-0.1265114005067692
234.56,0.2,0.19921236749521004,0.19921236749521004
234.565,0.2,0.5251788594159936,0.5251788594159936
234.57,0.2,0.5865155549298033,0.5865155549298033
234.575,0.2,0.5454937781220643,0.5454937781220643
234.58,0.2,0.19783103469148716,0.19783103469148716
234.585,0.2,-0.09322202874720231,-0.09322202874720231
234.59,0.2,-0.032531019883201534,-0.032531019883201534
234.595,0.2,-0.03158075813615234,-0.03158075813615234
234.6,0.2,0.07007042112047032,0.07007042112047032
234.605,0.2,0.3978255610297079,0.3978255610297079
234.61,0.2,0.5009507794642932,0.5009507794642932
234.615,0.2,0.425713573287428,0.425713573287428
234.62,0.2,0.052529786027134956,0.052529786027134956
234.625,0.2,-0.09529650047122752,-0.09529650047122752
234.63,0.2,-0.08228370180990119,-0.08228370180990119
234.635,0.2,-0.06798081849272991,-0.06798081849272991
234.64,0.2,0.14401824879762487,0.14401824879762487
234.645,0.2,0.5917299672975761,0.5917299672975761
234.65,0.2,0.4742709761266142,0.4742709761266142
234.655,0.2,0.551695385147434,0.551695385147434
234.66,0.2,0.10214445860915201,0.10214445860915201
234.665,0.2,-0.1187879665826655,-0.1187879665826655
234.67,0.2,-0.17315069086469193,-0.17315069086469193
234.675,0.2,-0.06293709797340347,-0.06293709797340347
234.68,0.2,0.2270961162036192,0.2270961162036192
234.685,0.2,0.5310429336790036,0.5310429336790036
234.69,0.2,0.794012635572464,0.794012635572464
234.695,0.2,0.5368087154603399,0.5368087154603399
234.7,0.2,0.07287132904108795,0.07287132904108795
234.705,0.2,0.01565154938669673,0.01565154938669673
234.71,0.2,-0.08387474585316476,-0.08387474585316476
234.715,0.2,-0.22507758811053882,-0.22507758811053882
234.72,0.2,0.2315550382544614,0.2315550382544614
234.725,0.2,0.37015182163506194,0.37015182163506194
234.73,0.2,0.7234729135987243,0.7234729135987243
234.735,0.2,0.43329032432796866,0.43329032432796866
234.74,0.2,0.15303093090866043,0.15303093090866043
234.745,0.2,-0.1462063600068805,-0.1462063600068805
234.75,0.2,-0.21252734179862517,-0.21252734179862517
234.755,0.2,-0.07187867525660033,-0.07187867525660033
234.76,0.2,0.2340357927647656,0.2340357927647656
234.765,0.2,0.7088930992374117,0.7088930992374117
234.77,0.2,0.7134680724139539,0.7134680724139539
234.775,0.2,0.5546940815807174,0.5546940815807174
234.78,0.2,0.12987881666743523,0.12987881666743523
234.785,0.2,-0.20613686850158636,-0.20613686850158636
234.79,0.2,-0.1326252665719,-0.1326252665719
234.795,0.2,-0.09482337559753254,-0.09482337559753254
234.8,0.2,0.2943619786212519,0.2943619786212519
234.805,0.2,0.5574866347282722,0.5574866347282722
234.81,0.2,0.4875055074378982,0.4875055074378982
234.815,0.2,0.3822671281324764,0.3822671281324764
234.82,0.2,0.25858040340363725,0.25858040340363725
234.825,0.2,-0.12733421026790426,-0.12733421026790426
234.83,0.2,-0.2876502724769207,-0.2876502724769207
234.835,0.2,-0.15567390225458277,-0.15567390225458277
234.84,0.2,0.08415234967374063,0.08415234967374063
234.845,0.2,0.4249266748383099,0.4249266748383099
234.85,0.2,0.6984684166734677,0.6984684166734677
234.855,0.2,0.4874632325503327,0.4874632325503327
234.86,0.2,0.21984112006094506,0.21984112006094506
234.865,0.2,0.009226908518218599,0.009226908518218599
234.87,0.2,-0.1047538192013552,-0.1047538192013552
234.875,0.2,0.05308427673322516,0.05308427673322516
234.88,0.2,0.2640943909462947,0.2640943909462947
234.885,0.2,0.43670120505518223,0.43670120505518223
234.89,0.2,0.6460693053442477,0.6460693053442477
234.895,0.2,0.5307990664901358,0.5307990664901358
234.9,0.2,0.5008911027700486,0.5008911027700486
234.905,0.2,0.010199388292589207,0.010199388292589207
234.91,0.2,-0.2336599060456284,-0.2336599060456284
234.915,0.2,0.030111916707362803,0.030111916707362803
234.92,0.2,0.12561336705638992,0.12561336705638992
234.925,0.2,0.4056199437573498,0.4056199437573498
234.93,0.2,0.5498187909903667,0.5498187909903667
234.935,0.2,0.6049204320954833,0.6049204320954833
234.94,0.2,0.2980843453297989,0.2980843453297989
234.945,0.2,-0.03736503665320977,-0.03736503665320977
234.95,0.2,-0.1510815204853337,-0.1510815204853337
234.955,0.2,0.1436509796102371,0.1436509796102371
234.96,0.2,0.25485676638660054,0.25485676638660054
234.965,0.2,0.5138702712993901,0.5138702712993901
234.97,0.2,0.5395371785787371,0.5395371785787371
234.975,0.2,0.39085657071201735,0.39085657071201735
234.98,0.2,0.2443795902807604,0.2443795902807604
234.985,0.2,-0.1207576748457247,-0.1207576748457247
234.99,0.2,0.0568608875773218,0.0568608875773218
234.995,0.2,0.15391557009145448,0.15391557009145448
235.0,0.2,0.2223387272770744,0.2223387272770744
235.005,0.2,0.6883099696384788,0.6883099696384788
235.01,0.2,0.6447114166671284,0.6447114166671284
235.015,0.2,0.4254951158608836,0.4254951158608836
235.02,0.2,0.22251990254597387,0.22251990254597387
235.025,0.2,0.029180599491686506,0.029180599491686506
235.03,0.2,-0.12283782911151106,-0.12283782911151106
235.035,0.2,0.075132215972393,0.075132215972393
235.04,0.2,0.33721585597893133,0.33721585597893133
235.045,0.2,0.5396048572257737,0.5396048572257737
235.05,0.2,0.7135558565068926,0.7135558565068926
235.055,0.2,0.38699424967924745,0.38699424967924745
235.06,0.2,0.1586327600503643,0.1586327600503643
235.065,0.2,-0.017357907979458548,-0.017357907979458548
235.07,0.2,-0.13570896072669494,-0.13570896072669494
235.075,0.2,0.03460376856996976,0.03460376856996976
235.08,0.2,0.2951554596919081,0.2951554596919081
235.085,0.2,0.6345869637903789,0.6345869637903789
235.09,0.2,0.5828028604396118,0.5828028604396118
235.095,0.2,0.6055958101943639,0.6055958101943639
235.1,0.2,0.421156842172955,0.421156842172955
235.105,0.2,0.059404704127443766,0.059404704127443766
235.11,0.2,-0.06024558456970347,-0.06024558456970347
235.115,0.2,-0.11330479455604668,-0.11330479455604668
235.12,0.2,0.2626275102998209,0.2626275102998209
235.125,0.2,0.4287723437716846,0.4287723437716846
235.13,0.2,0.7632481242157123,0.7632481242157123
235.135,0.2,0.6057586531661256,0.6057586531661256
235.14,0.2,0.14374186784336054,0.14374186784336054
235.145,0.2,0.03876119824557958,0.03876119824557958
235.15,0.2,-0.15527233059461945,-0.15527233059461945
235.155,0.2,-0.02884850948887635,-0.02884850948887635
235.16,0.2,0.10860367567793897,0.10860367567793897
235.165,0.2,0.47865730992640726,0.47865730992640726
235.17,0.2,0.7548102904033368,0.7548102904033368
235.175,0.2,0.39589675188002127,0.39589675188002127
235.18,0.2,0.3159480164684706,0.3159480164684706
235.185,0.2,-0.0038234018190238424,-0.0038234018190238424
235.19,0.2,-0.15603860657936303,-0.15603860657936303
235.195,0.2,0.010158132170770974,0.010158132170770974
235.2,0.2,0.19564442998258522,0.19564442998258522
235.205,0.2,0.5018364961658032,0.5018364961658032
235.21,0.2,0.7215552085102296,0.7215552085102296
235.215,0.2,0.34732895425289234,0.34732895425289234
235.22,0.2,0.29968429652738326,0.29968429652738326
235.225,0.2,-0.02409520792780108,-0.02409520792780108
235.23,0.2,-0.07098751768927639,-0.07098751768927639
235.235,0.2,-0.024629157501676952,-0.024629157501676952
235.24,0.2,0.30003249974359675,0.30003249974359675
235.245,0.2,0.45913138969625644,0.45913138969625644
235.25,0.2,0.5759655818590523,0.5759655818590523
235.255,0.2,0.49645071323279855,0.49645071323279855
235.26,0.2,0.2544939779027945,0.2544939779027945
235.265,0.2,-0.01108500090727347,-0.01108500090727347
235.27,0.2,-0.009431577570885585,-0.009431577570885585
235.275,0.2,0.1662519330990935,0.1662519330990935
235.28,0.2,0.14336191714235783,0.14336191714235783
235.285,0.2,0.4507496851052609,0.4507496851052609
235.29,0.2,0.4978916173237081,0.4978916173237081
235.295,0.2,0.2921360329358759,0.2921360329358759
235.3,0.2,0.31992743789166794,0.31992743789166794
235.305,0.2,-0.09291813638738328,-0.09291813638738328
235.31,0.2,-0.030624135189018936,-0.030624135189018936
235.315,0.2,0.05609589354989686,0.05609589354989686
235.32,0.2,0.3683566780682938,0.3683566780682938
235.325,0.2,0.6255665039562105,0.6255665039562105
235.33,0.2,0.5685571931295584,0.5685571931295584
235.335,0.2,0.5266251948871238,0.5266251948871238
235.34,0.2,0.042241955447079066,0.042241955447079066
235.345,0.2,-0.0026131738876185723,-0.0026131738876185723
235.35,0.2,-0.024572182909700674,-0.024572182909700674
235.355,0.2,-0.06684009579461274,-0.06684009579461274
235.36,0.2,0.2591548821220144,0.2591548821220144
235.365,0.2,0.49110991191739023,0.49110991191739023
235.37,0.2,0.5745585815010911,0.5745585815010911
235.375,0.2,0.5131481559631946,0.5131481559631946
235.38,0.2,0.16986893470082362,0.16986893470082362
235.385,0.2,0.06078590786276458,0.06078590786276458
235.39,0.2,-0.1734900548038013,-0.1734900548038013
235.395,0.2,0.17829791472930867,0.17829791472930867
235.4,0.2,0.3971234255902466,0.3971234255902466
235.405,0.2,0.5848373734712586,0.5848373734712586
235.41,0.2,0.43968363970390856,0.43968363970390856
235.415,0.2,0.3998422735654191,0.3998422735654191
235.42,0.2,0.1649681833381792,0.1649681833381792
235.425,0.2,0.04506906429796152,0.04506906429796152
235.43,0.2,0.1476644809050172,0.1476644809050172
235.435,0.2,-0.1093929920888164,-0.1093929920888164
235.44,0.2,0.3901321934382724,0.3901321934382724
235.445,0.2,0.7190799568855077,0.7190799568855077
235.45,0.2,0.6345543456974437,0.6345543456974437
235.455,0.2,0.49945668460213855,0.49945668460213855
235.46,0.2,0.42917879698150596,0.42917879698150596
235.465,0.2,-0.08059475807080653,-0.08059475807080653
235.47,0.2,-0.04898058842169779,-0.04898058842169779
235.475,0.2,0.07853434215443522,0.07853434215443522
235.48,0.2,0.43736052978762874,0.43736052978762874
235.485,0.2,0.5720043801964502,0.5720043801964502
235.49,0.2,0.5888182871158623,0.5888182871158623
235.495,0.2,0.48954516550606364,0.48954516550606364
235.5,0.2,0.14707117944973336,0.14707117944973336
235.505,0.2,0.08090851753589914,0.08090851753589914
235.51,0.2,0.0349116769154971,0.0349116769154971
235.515,0.2,0.0063881593595684905,0.0063881593595684905
235.52,0.2,0.18603244917679065,0.18603244917679065
235.525,0.2,0.622482635412462,0.622482635412462
235.53,0.2,0.7087613396896686,0.7087613396896686
235.535,0.2,0.5395057787371408,0.5395057787371408
235.54,0.2,0.304565023571201,0.304565023571201
235.545,0.2,0.19507559395943058,0.19507559395943058
235.55,0.2,-0.08001386964274068,-0.08001386964274068
235.555,0.2,-0.2226423317037087,-0.2226423317037087
235.56,0.2,0.2609917899236177,0.2609917899236177
235.565,0.2,0.6420693467281738,0.6420693467281738
235.57,0.2,0.6709253117270174,0.6709253117270174
235.575,0.2,0.491774166137996,0.491774166137996
235.58,0.2,0.4582188319170354,0.4582188319170354
235.585,0.2,-0.11025790029562338,-0.11025790029562338
235.59,0.2,-0.07097574100788978,-0.07097574100788978
235.595,0.2,0.048092661128128544,0.048092661128128544
235.6,0.2,0.31633006105812905,0.31633006105812905
235.605,0.2,0.3283262070083697,0.3283262070083697
235.61,0.2,0.7054332348692347,0.7054332348692347
235.615,0.2,0.6608439191300578,0.6608439191300578
235.62,0.2,0.34322156664798426,0.34322156664798426
235.625,0.2,0.04330494857066458,0.04330494857066458
235.63,0.2,-0.14485103432190552,-0.14485103432190552
235.635,0.2,0.04357603085160624,0.04357603085160624
235.64,0.2,0.22516832216247126,0.22516832216247126
235.645,0.2,0.4424345178778372,0.4424345178778372
235.65,0.2,0.4316484372896891,0.4316484372896891
235.655,0.2,0.7056767954926009,0.7056767954926009
235.66,0.2,0.34125083566682574,0.34125083566682574
235.665,0.2,0.029718389038083673,0.029718389038083673
235.67,0.2,-0.1744117600800391,-0.1744117600800391
235.675,0.2,0.07817581390877784,0.07817581390877784
235.68,0.2,0.43052815663605826,0.43052815663605826
235.685,0.2,0.4776554733079911,0.4776554733079911
235.69,0.2,0.7594654195169056,0.7594654195169056
235.695,0.2,0.47792174489493516,0.47792174489493516
235.7,0.2,0.10058589831695589,0.10058589831695589
235.705,0.2,-0.0784596494366508,-0.0784596494366508
235.71,0.2,-0.09222608171964496,-0.09222608171964496
235.715,0.2,0.12424034879243723,0.12424034879243723
235.72,0.2,0.28501398755166113,0.28501398755166113
235.725,0.2,0.4719947172032305,0.4719947172032305
235.73,0.2,0.5953659041555832,0.5953659041555832
235.735,0.2,0.6286851175143736,0.6286851175143736
235.74,0.2,0.29953674224788474,0.29953674224788474
235.745,0.2,0.015799048542481653,0.015799048542481653
235.75,0.2,-0.04211588317105063,-0.04211588317105063
235.755,0.2,0.0020403430188126737,0.0020403430188126737
235.76,0.2,0.2372304348107017,0.2372304348107017
235.765,0.2,0.5397093744053888,0.5397093744053888
235.77,0.2,0.7872862374067702,0.7872862374067702
235.775,0.2,0.4809174969557935,0.4809174969557935
235.78,0.2,0.34750433555156846,0.34750433555156846
235.785,0.2,-0.16855734353624185,-0.16855734353624185
235.79,0.2,-0.13916113037283395,-0.13916113037283395
235.795,0.2,-0.053066446522539716,-0.053066446522539716
235.8,0.2,0.37521815760680416,0.37521815760680416
235.805,0.2,0.5069511720526425,0.5069511720526425
235.81,0.2,0.6398139995883987,0.6398139995883987
235.815,0.2,0.39100506089482556,0.39100506089482556
235.82,0.2,0.2721651811065116,0.2721651811065116
235.825,0.2,0.020587859082297925,0.020587859082297925
235.83,0.2,0.10180763986492458,0.10180763986492458
235.835,0.2,-0.06981556053632076,-0.06981556053632076
235.84,0.2,0.27681164700519484,0.27681164700519484
235.845,0.2,0.5139588376394132,0.5139588376394132
235.85,0.2,0.5243887033212473,0.5243887033212473
235.855,0.2,0.49867184775790063,0.49867184775790063
235.86,0.2,0.33681324380215266,0.33681324380215266
235.865,0.2,-0.11041020538835918,-0.11041020538835918
235.87,0.2,-0.08446265727938626,-0.08446265727938626
235.875,0.2,0.10461218926721955,0.10461218926721955
235.88,0.2,0.2625223738640174,0.2625223738640174
235.885,0.2,0.3629858312284816,0.3629858312284816
235.89,0.2,0.717315681477342,0.717315681477342
235.895,0.2,0.3120822919761531,0.3120822919761531
235.9,0.2,0.15050306125231147,0.15050306125231147
235.905,0.2,0.16706361229982353,0.16706361229982353
235.91,0.2,0.040822218282086126,0.040822218282086126
235.915,0.2,-0.022231571921078247,-0.022231571921078247
235.92,0.2,0.35287020627246224,0.35287020627246224
235.925,0.2,0.547775708051806,0.547775708051806
235.93,0.2,0.8028673276848115,0.8028673276848115
235.935,0.2,0.4424924707818035,0.4424924707818035
235.94,0.2,0.1650497365526805,0.1650497365526805
235.945,0.2,-0.0028994519280130804,-0.0028994519280130804
235.95,0.2,-0.028393963322872945,-0.028393963322872945
235.955,0.2,-0.06249288087508298,-0.06249288087508298
235.96,0.2,0.15405652506506812,0.15405652506506812
235.965,0.2,0.44159306664495734,0.44159306664495734
235.97,0.2,0.4619547436885736,0.4619547436885736
235.975,0.2,0.5129277774636348,0.5129277774636348
235.98,0.2,0.2644336677643624,0.2644336677643624
235.985,0.2,-0.05074404748290741,-0.05074404748290741
235.99,0.2,-0.12429271839246947,-0.12429271839246947
235.995,0.2,-0.0324824157673742,-0.0324824157673742
236.0,-0.2,0.4017670852351731,0.4017670852351731
236.005,-0.2,0.5492828079122333,0.5492828079122333
236.01,-0.2,0.5598472584948919,0.5598472584948919
236.015,-0.2,0.48292089386666415,0.48292089386666415
236.02,-0.2,0.1123151319952919,0.1123151319952919
236.025,-0.2,-0.0638129603657819,-0.0638129603657819
236.03,-0.2,-0.34367204829380005,-0.34367204829380005
236.035,-0.2,0.09210213990293198,0.09210213990293198
236.04,-0.2,0.22964712646650803,0.22964712646650803
236.045,-0.2,0.5951232384979788,0.5951232384979788
236.05,-0.2,0.5088420830066789,0.5088420830066789
236.055,-0.2,0.38556104381459766,0.38556104381459766
236.06,-0.2,0.2071631604031388,0.2071631604031388
236.065,-0.2,-0.19341440878275667,-0.19341440878275667
236.07,-0.2,-0.22997243915592566,-0.22997243915592566
236.075,-0.2,-0.06951550686607272,-0.06951550686607272
236.08,-0.2,0.41874184754804283,0.41874184754804283
236.085,-0.2,0.5643553996579043,0.5643553996579043
236.09,-0.2,0.7379170216373391,0.7379170216373391
236.095,-0.2,0.5294876397834981,0.5294876397834981
236.1,-0.2,0.17684559529242272,0.17684559529242272
236.105,-0.2,-0.21955466216670483,-0.21955466216670483
236.11,-0.2,-0.2628063288372404,-0.2628063288372404
236.115,-0.2,-0.22424943554109905,-0.22424943554109905
236.12,-0.2,0.2146930346111689,0.2146930346111689
236.125,-0.2,0.5719051204760016,0.5719051204760016
236.13,-0.2,0.523005013976024,0.523005013976024
236.135,-0.2,0.4706223004637589,0.4706223004637589
236.14,-0.2,0.23611512021467146,0.23611512021467146
236.145,-0.2,0.01167691117201318,0.01167691117201318
236.15,-0.2,-0.29511612715255986,-0.29511612715255986
236.155,-0.2,-0.052605293303488176,-0.052605293303488176
236.16,-0.2,0.13869739114969615,0.13869739114969615
236.165,-0.2,0.4043685562045515,0.4043685562045515
236.17,-0.2,0.6144562205063556,0.6144562205063556
236.175,-0.2,0.39543267395477766,0.39543267395477766
236.18,-0.2,0.21978163744758544,0.21978163744758544
236.185,-0.2,-0.09444606049513238,-0.09444606049513238
236.19,-0.2,-0.30765823397113823,-0.30765823397113823
236.195,-0.2,-0.0003710056160794173,-0.0003710056160794173
236.2,-0.2,0.14224383370378846,0.14224383370378846
236.205,-0.2,0.5776887042255522,0.5776887042255522
236.21,-0.2,0.6161549619425019,0.6161549619425019
236.215,-0.2,0.32441462979048646,0.32441462979048646
236.22,-0.2,0.3527984018715655,0.3527984018715655
236.225,-0.2,-0.1801835131521169,-0.1801835131521169
236.23,-0.2,-0.10909601072226964,-0.10909601072226964
236.235,-0.2,0.03694763254795286,0.03694763254795286
236.24,-0.2,0.08746451987170956,0.08746451987170956
236.245,-0.2,0.4591251014169879,0.4591251014169879
236.25,-0.2,0.616059020520523,0.616059020520523
236.255,-0.2,0.21566810258949265,0.21566810258949265
236.26,-0.2,0.3269556119895888,0.3269556119895888
236.265,-0.2,-0.14827871674079307,-0.14827871674079307
236.27,-0.2,-0.18198763632952591,-0.18198763632952591
236.275,-0.2,-0.1336932795733361,-0.1336932795733361
236.28,-0.2,0.251972556966014,0.251972556966014
236.285,-0.2,0.3371460452313439,0.3371460452313439
236.29,-0.2,0.42227039542403455,0.42227039542403455
236.295,-0.2,0.3720092261954163,0.3720092261954163
236.3,-0.2,0.285742603696166,0.285742603696166
236.305,-0.2,-0.21420371332479823,-0.21420371332479823
236.31,-0.2,-0.20409198641741064,-0.20409198641741064
236.315,-0.2,-0.1539323811633428,-0.1539323811633428
236.32,-0.2,0.4211790774536437,0.4211790774536437
236.325,-0.2,0.24429657945521552,0.24429657945521552
236.33,-0.2,0.581019786890192,0.581019786890192
236.335,-0.2,0.5647416087796273,0.5647416087796273
236.34,-0.2,0.2888941898583239,0.2888941898583239
236.345,-0.2,-0.17363280453160246,-0.17363280453160246
236.35,-0.2,-0.14951154171142686,-0.14951154171142686
236.355,-0.2,-0.0179327634459897,-0.0179327634459897
236.36,-0.2,0.303654011508221,0.303654011508221
236.365,-0.2,0.4268850496285458,0.4268850496285458
236.37,-0.2,0.49545270784514545,0.49545270784514545
236.375,-0.2,0.45915330576063806,0.45915330576063806
236.38,-0.2,0.12259954366669448,0.12259954366669448
236.385,-0.2,-0.1507921136188664,-0.1507921136188664
236.39,-0.2,-0.08915755988231264,-0.08915755988231264
236.395,-0.2,0.012453816177390734,0.012453816177390734
236.4,-0.2,0.2780339813611402,0.2780339813611402
236.405,-0.2,0.44870168354980355,0.44870168354980355
236.41,-0.2,0.4553936919172937,0.4553936919172937
236.415,-0.2,0.5088011478179011,0.5088011478179011
236.42,-0.2,0.11235577782291653,0.11235577782291653
236.425,-0.2,-0.21967028395868354,-0.21967028395868354
236.43,-0.2,-0.19411217219335164,-0.19411217219335164
236.435,-0.2,-0.08155939626497487,-0.08155939626497487
236.44,-0.2,0.20632589722053704,0.20632589722053704
236.445,-0.2,0.5809742841227992,0.5809742841227992
236.45,-0.2,0.6691445747573673,0.6691445747573673
236.455,-0.2,0.46840592703006256,0.46840592703006256
236.46,-0.2,0.3434721634507925,0.3434721634507925
236.465,-0.2,0.08044517808796467,0.08044517808796467
236.47,-0.2,0.07082037776190936,0.07082037776190936
236.475,-0.2,-0.1404082579856274,-0.1404082579856274
236.48,-0.2,0.24134967042519112,0.24134967042519112
236.485,-0.2,0.5365958326632907,0.5365958326632907
236.49,-0.2,0.5453415645262966,0.5453415645262966
236.495,-0.2,0.5693289269509376,0.5693289269509376
236.5,-0.2,0.2820882053282916,0.2820882053282916
236.505,-0.2,0.09980346818107713,0.09980346818107713
236.51,-0.2,-0.3009577557558082,-0.3009577557558082
236.515,-0.2,-0.09065892902411249,-0.09065892902411249
236.52,-0.2,0.3520714490053939,0.3520714490053939
236.525,-0.2,0.46355298497034536,0.46355298497034536
236.53,-0.2,0.6677839128185787,0.6677839128185787
236.535,-0.2,0.5884349763539761,0.5884349763539761
236.54,-0.2,0.34725292247948053,0.34725292247948053
236.545,-0.2,-0.12221774683652559,-0.12221774683652559
236.55,-0.2,-0.10906549813859573,-0.10906549813859573
236.555,-0.2,-0.055517369486056,-0.055517369486056
236.56,-0.2,0.3315250836853881,0.3315250836853881
236.565,-0.2,0.6156315562691832,0.6156315562691832
236.57,-0.2,0.6738014160915318,0.6738014160915318
236.575,-0.2,0.4301604660196857,0.4301604660196857
236.58,-0.2,0.3129754135716917,0.3129754135716917
236.585,-0.2,0.05958597194233063,0.05958597194233063
236.59,-0.2,-0.23529286110085043,-0.23529286110085043
236.595,-0.2,-0.03463559979281165,-0.03463559979281165
236.6,-0.2,0.15091507238393576,0.15091507238393576
236.605,-0.2,0.5122214263824835,0.5122214263824835
236.61,-0.2,0.5992671676188907,0.5992671676188907
236.615,-0.2,0.35857455726466314,0.35857455726466314
236.62,-0.2,0.18314381553395317,0.18314381553395317
236.625,-0.2,0.03614680451585131,0.03614680451585131
236.63,-0.2,-0.17345304075069634,-0.17345304075069634
236.635,-0.2,0.04733950697995519,0.04733950697995519
236.64,-0.2,0.21387778632625604,0.21387778632625604
236.645,-0.2,0.5543453391672534,0.5543453391672534
236.65,-0.2,0.49041330377084225,0.49041330377084225
236.655,-0.2,0.2753506500974912,0.2753506500974912
236.66,-0.2,0.33556551432384313,0.33556551432384313
236.665,-0.2,0.10455273753315178,0.10455273753315178
236.67,-0.2,-0.2864463719780259,-0.2864463719780259
236.675,-0.2,-0.19216563434400963,-0.19216563434400963
236.68,-0.2,0.16554752194813854,0.16554752194813854
236.685,-0.2,0.5039980811721742,0.5039980811721742
236.69,-0.2,0.5170900133358902,0.5170900133358902
236.695,-0.2,0.398272905021573,0.398272905021573
236.7,-0.2,0.09263869285354967,0.09263869285354967
236.705,-0.2,-0.10176931297852554,-0.10176931297852554
236.71,-0.2,-0.2598011757752035,-0.2598011757752035
236.715,-0.2,-0.15999034813139196,-0.15999034813139196
236.72,-0.2,0.30465252551140626,0.30465252551140626
236.725,-0.2,0.5035843044918364,0.5035843044918364
236.73,-0.2,0.5059698634654163,0.5059698634654163
236.735,-0.2,0.4858994423344066,0.4858994423344066
236.74,-0.2,0.27576726453692896,0.27576726453692896
236.745,-0.2,-0.2029536471837854,-0.2029536471837854
236.75,-0.2,-0.25099585254203743,-0.25099585254203743
236.755,-0.2,-0.03774951135852411,-0.03774951135852411
236.76,-0.2,0.3727637589090341,0.3727637589090341
236.765,-0.2,0.41587520101956965,0.41587520101956965
236.77,-0.2,0.666114448060406,0.666114448060406
236.775,-0.2,0.41000049299365116,0.41000049299365116
236.78,-0.2,0.2593285668579205,0.2593285668579205
236.785,-0.2,-0.2102894282885274,-0.2102894282885274
236.79,-0.2,-0.04239271905361239,-0.04239271905361239
236.795,-0.2,-0.009374223871033554,-0.009374223871033554
236.8,-0.2,0.30686131649076337,0.30686131649076337
236.805,-0.2,0.7035929456511067,0.7035929456511067
236.81,-0.2,0.6359457817361236,0.6359457817361236
236.815,-0.2,0.461801375966394,0.461801375966394
236.82,-0.2,0.278486314012718,0.278486314012718
236.825,-0.2,0.021247278626509436,0.021247278626509436
236.83,-0.2,-0.08322074042643289,-0.08322074042643289
236.835,-0.2,-0.22846389824490582,-0.22846389824490582
236.84,-0.2,0.2103796913554088,0.2103796913554088
236.845,-0.2,0.6275884494814634,0.6275884494814634
236.85,-0.2,0.5353532999863975,0.5353532999863975
236.855,-0.2,0.5895096157260569,0.5895096157260569
236.86,-0.2,0.23518859523806523,0.23518859523806523
236.865,-0.2,-0.032112317670209764,-0.032112317670209764
236.87,-0.2,-0.13945935512886604,-0.13945935512886604
236.875,-0.2,-0.1010646847272112,-0.1010646847272112
236.88,-0.2,0.09977241100892634,0.09977241100892634
236.885,-0.2,0.5151550366090926,0.5151550366090926
236.89,-0.2,0.4995132500530132,0.4995132500530132
236.895,-0.2,0.5150976111539165,0.5150976111539165
236.9,-0.2,0.16015922099708524,0.16015922099708524
236.905,-0.2,0.05445398051300762,0.05445398051300762
236.91,-0.2,-0.3822013049391644,-0.3822013049391644
236.915,-0.2,-0.04522592581453426,-0.04522592581453426
236.92,-0.2,0.19180857843939328,0.19180857843939328
236.925,-0.2,0.4499635244124962,0.4499635244124962
236.93,-0.2,0.3415313880554414,0.3415313880554414
236.935,-0.2,0.5543073572475252,0.5543073572475252
236.94,-0.2,0.011954518168546951,0.011954518168546951
236.945,-0.2,-0.06442764950959698,-0.06442764950959698
236.95,-0.2,-0.08515476475017232,-0.08515476475017232
236.955,-0.2,0.08165865877416251,0.08165865877416251
236.96,-0.2,0.2832325335718443,0.2832325335718443
236.965,-0.2,0.27522830884910654,0.27522830884910654
236.97,-0.2,0.6702640283625504,0.6702640283625504
236.975,-0.2,0.41668126192598515,0.41668126192598515
236.98,-0.2,0.12881521312939762,0.12881521312939762
236.985,-0.2,-0.02227332866862268,-0.02227332866862268
236.99,-0.2,-0.2058460366663693,-0.2058460366663693
236.995,-0.2,-0.006910115114763679,-0.006910115114763679
237.0,-0.2,0.3115691685239732,0.3115691685239732
237.005,-0.2,0.7181086831317053,0.7181086831317053
237.01,-0.2,0.6212089251327725,0.6212089251327725
237.015,-0.2,0.5578025685894691,0.5578025685894691
237.02,-0.2,0.05980165908504567,0.05980165908504567
237.025,-0.2,-0.16557476267762117,-0.16557476267762117
237.03,-0.2,-0.3495666707556532,-0.3495666707556532
237.035,-0.2,0.0199890458508492,0.0199890458508492
237.04,-0.2,0.29102987657437496,0.29102987657437496
237.045,-0.2,0.5871192445236276,0.5871192445236276
237.05,-0.2,0.5830539073980818,0.5830539073980818
237.055,-0.2,0.34937085683908164,0.34937085683908164
237.06,-0.2,0.20581360238794363,0.20581360238794363
237.065,-0.2,0.12536179651722987,0.12536179651722987
237.07,-0.2,-0.17635747516420203,-0.17635747516420203
237.075,-0.2,0.021938140915127413,0.021938140915127413
237.08,-0.2,0.2596046990630316,0.2596046990630316
237.085,-0.2,0.5688905797348038,0.5688905797348038
237.09,-0.2,0.5999577300999933,0.5999577300999933
237.095,-0.2,0.4903802537202282,0.4903802537202282
237.1,-0.2,0.17446517983764667,0.17446517983764667
237.105,-0.2,0.06331406094597536,0.06331406094597536
237.11,-0.2,-0.14457112804826375,-0.14457112804826375
237.115,-0.2,0.004032834716334022,0.004032834716334022
237.12,-0.2,0.274294077680693,0.274294077680693
237.125,-0.2,0.5336422584132453,0.5336422584132453
237.13,-0.2,0.6631992957595731,0.6631992957595731
237.135,-0.2,0.44985349166898053,0.44985349166898053
237.14,-0.2,0.4185349002257802,0.4185349002257802
237.145,-0.2,-0.16029420132244498,-0.16029420132244498
237.15,-0.2,-0.14273734900412904,-0.14273734900412904
237.155,-0.2,-0.20507955157651103,-0.20507955157651103
237.16,-0.2,0.17753964060616306,0.17753964060616306
237.165,-0.2,0.6167930573278527,0.6167930573278527
237.17,-0.2,0.5809754734508568,0.5809754734508568
237.175,-0.2,0.717997514173901,0.717997514173901
237.18,-0.2,0.07493650537710639,0.07493650537710639
237.185,-0.2,-0.054215994685857985,-0.054215994685857985
237.19,-0.2,-0.02208919837030282,-0.02208919837030282
237.195,-0.2,0.05141941927061377,0.05141941927061377
237.2,-0.2,0.23253312548231628,0.23253312548231628
237.205,-0.2,0.5712478130833237,0.5712478130833237
237.21,-0.2,0.6274491264920029,0.6274491264920029
237.215,-0.2,0.49416720831006866,0.49416720831006866
237.22,-0.2,0.15268611132391666,0.15268611132391666
237.225,-0.2,0.08053532204152256,0.08053532204152256
237.23,-0.2,-0.20659305112063334,-0.20659305112063334
237.235,-0.2,0.13593020945374162,0.13593020945374162
237.24,-0.2,0.4196124445013474,0.4196124445013474
237.245,-0.2,0.6936449192558144,0.6936449192558144
237.25,-0.2,0.5424901570459822,0.5424901570459822
237.255,-0.2,0.4669464484324129,0.4669464484324129
237.26,-0.2,0.24801993199117095,0.24801993199117095
237.265,-0.2,0.01892723716700051,0.01892723716700051
237.27,-0.2,0.051936579552954526,0.051936579552954526
237.275,-0.2,0.13290272994760555,0.13290272994760555
237.28,-0.2,0.4652502271949789,0.4652502271949789
237.285,-0.2,0.5295814964515627,0.5295814964515627
237.29,-0.2,0.7436773171758995,0.7436773171758995
237.295,-0.2,0.5224491275654016,0.5224491275654016
237.3,-0.2,0.3294854432167575,0.3294854432167575
237.305,-0.2,0.04806662836409778,0.04806662836409778
237.31,-0.2,-0.10216671752247673,-0.10216671752247673
237.315,-0.2,0.21601613861367888,0.21601613861367888
237.32,-0.2,0.20871187110762204,0.20871187110762204
237.325,-0.2,0.6912383723189535,0.6912383723189535
237.33,-0.2,0.5501298184907858,0.5501298184907858
237.335,-0.2,0.3367786155199639,0.3367786155199639
237.34,-0.2,0.34673613944803283,0.34673613944803283
237.345,-0.2,-0.035442719636332276,-0.035442719636332276
237.35,-0.2,0.11321012701184008,0.11321012701184008
237.355,-0.2,0.20977750162262299,0.20977750162262299
237.36,-0.2,0.3024125740155786,0.3024125740155786
237.365,-0.2,0.5467352004770198,0.5467352004770198
237.37,-0.2,0.6667028656259348,0.6667028656259348
237.375,-0.2,0.46350256214522073,0.46350256214522073
237.38,-0.2,0.23491072825411682,0.23491072825411682
237.385,-0.2,0.03702119518750592,0.03702119518750592
237.39,-0.2,-0.22234740082954643,-0.22234740082954643
237.395,-0.2,-0.015038102038566481,-0.015038102038566481
237.4,-0.2,0.34870506779205823,0.34870506779205823
237.405,-0.2,0.5474247278017034,0.5474247278017034
237.41,-0.2,0.5996024308086775,0.5996024308086775
237.415,-0.2,0.5443989410998935,0.5443989410998935
237.42,-0.2,0.3416168357556076,0.3416168357556076
237.425,-0.2,0.09722223334065883,0.09722223334065883
237.43,-0.2,-0.0005807890903136437,-0.0005807890903136437
237.435,-0.2,-0.047434362090130106,-0.047434362090130106
237.44,-0.2,0.43326741744550423,0.43326741744550423
237.445,-0.2,0.5722656896830075,0.5722656896830075
237.45,-0.2,0.5757127202568653,0.5757127202568653
237.455,-0.2,0.40980270661035745,0.40980270661035745
237.46,-0.2,0.21606443843464113,0.21606443843464113
237.465,-0.2,-0.05614106281688869,-0.05614106281688869
237.47,-0.2,-0.022169318266464066,-0.022169318266464066
237.475,-0.2,-0.06485267153352553,-0.06485267153352553
237.48,-0.2,0.3346579356019147,0.3346579356019147
237.485,-0.2,0.4692169659357329,0.4692169659357329
237.49,-0.2,0.5961942583073533,0.5961942583073533
237.495,-0.2,0.4866289896716891,0.4866289896716891
237.5,-0.2,0.26241858806271756,0.26241858806271756
237.505,-0.2,-0.07827458661087275,-0.07827458661087275
237.51,-0.2,-0.21592399080932406,-0.21592399080932406
237.515,-0.2,0.03767628233130869,0.03767628233130869
237.52,-0.2,0.291844423339956,0.291844423339956
237.525,-0.2,0.5968580985832569,0.5968580985832569
237.53,-0.2,0.6107776589328493,0.6107776589328493
237.535,-0.2,0.3485951978538099,0.3485951978538099
237.54,-0.2,0.3620727512028264,0.3620727512028264
237.545,-0.2,0.09064994054415093,0.09064994054415093
237.55,-0.2,-0.11702930981790872,-0.11702930981790872
237.555,-0.2,0.01398579623358514,0.01398579623358514
237.56,-0.2,0.26148778582790555,0.26148778582790555
237.565,-0.2,0.5836748231528472,0.5836748231528472
237.57,-0.2,0.7025948504214472,0.7025948504214472
237.575,-0.2,0.5150737488922886,0.5150737488922886
237.58,-0.2,0.12215829973921785,0.12215829973921785
237.585,-0.2,-0.0323859004203172,-0.0323859004203172
237.59,-0.2,-0.2145372930226792,-0.2145372930226792
237.595,-0.2,-0.17506581905463892,-0.17506581905463892
237.6,-0.2,0.22210925958316347,0.22210925958316347
237.605,-0.2,0.5622491938269196,0.5622491938269196
237.61,-0.2,0.5672959883963044,0.5672959883963044
237.615,-0.2,0.4427546470376219,0.4427546470376219
237.62,-0.2,0.21030860800692686,0.21030860800692686
237.625,-0.2,0.05152005280372478,0.05152005280372478
237.63,-0.2,-0.280468054422182,-0.280468054422182
237.635,-0.2,-0.0752098175194216,-0.0752098175194216
237.64,-0.2,0.2353247091600046,0.2353247091600046
237.645,-0.2,0.39520602370368857,0.39520602370368857
237.65,-0.2,0.4221145024178192,0.4221145024178192
237.655,-0.2,0.45361106024218645,0.45361106024218645
237.66,-0.2,0.4077488998315783,0.4077488998315783
237.665,-0.2,-0.02380238923207234,-0.02380238923207234
237.67,-0.2,-0.14299218297465988,-0.14299218297465988
237.675,-0.2,-0.013050642448283627,-0.013050642448283627
237.68,-0.2,0.22301674120291423,0.22301674120291423
237.685,-0.2,0.6032910302085741,0.6032910302085741
237.69,-0.2,0.5966179312265494,0.5966179312265494
237.695,-0.2,0.47493466331944306,0.47493466331944306
237.7,-0.2,0.3803874200790417,0.3803874200790417
237.705,-0.2,-0.0970785699262913,-0.0970785699262913
237.71,-0.2,-0.21290115042504917,-0.21290115042504917
237.715,-0.2,-0.07043534896529756,-0.07043534896529756
237.72,-0.2,0.2874809060515429,0.2874809060515429
237.725,-0.2,0.357836107308611,0.357836107308611
237.73,-0.2,0.6510351011465559,0.6510351011465559
237.735,-0.2,0.4162107223502691,0.4162107223502691
237.74,-0.2,0.2533732625216377,0.2533732625216377
237.745,-0.2,0.046728714598771655,0.046728714598771655
237.75,-0.2,-0.23395141761119778,-0.23395141761119778
237.755,-0.2,-0.035355885539600757,-0.035355885539600757
237.76,-0.2,0.3044575712152011,0.3044575712152011
237.765,-0.2,0.5569992137953141,0.5569992137953141
237.77,-0.2,0.6941515164554725,0.6941515164554725
237.775,-0.2,0.48374600005090346,0.48374600005090346
237.78,-0.2,0.10562313282568464,0.10562313282568464
237.785,-0.2,-0.2130492924170911,-0.2130492924170911
237.79,-0.2,0.12341664254586962,0.12341664254586962
237.795,-0.2,0.11228173777620125,0.11228173777620125
237.8,-0.2,0.30930005300481855,0.30930005300481855
237.805,-0.2,0.6110311793187253,0.6110311793187253
237.81,-0.2,0.6975092509316103,0.6975092509316103
237.815,-0.2,0.5021045374328817,0.5021045374328817
237.82,-0.2,0.21986896592002592,0.21986896592002592
237.825,-0.2,0.01511567002255701,0.01511567002255701
237.83,-0.2,-0.18525327684505616,-0.18525327684505616
237.835,-0.2,0.109176500622847,0.109176500622847
237.84,-0.2,0.28375420529439155,0.28375420529439155
237.845,-0.2,0.3666812854753536,0.3666812854753536
237.85,-0.2,0.6322534669097392,0.6322534669097392
237.855,-0.2,0.5486732487861489,0.5486732487861489
237.86,-0.2,0.45884987592812476,0.45884987592812476
237.865,-0.2,-0.20474794752818234,-0.20474794752818234
237.87,-0.2,-0.14910973843007697,-0.14910973843007697
237.875,-0.2,-0.018059006831078347,-0.018059006831078347
237.88,-0.2,0.3243331288844206,0.3243331288844206
237.885,-0.2,0.5909659307750332,0.5909659307750332
237.89,-0.2,0.7250626502361903,0.7250626502361903
237.895,-0.2,0.48473660985525197,0.48473660985525197
237.9,-0.2,0.43046847876053573,0.43046847876053573
237.905,-0.2,0.1333928889879944,0.1333928889879944
237.91,-0.2,-0.07046199209487473,-0.07046199209487473
237.915,-0.2,0.18730386913943042,0.18730386913943042
237.92,-0.2,0.3191021936048154,0.3191021936048154
237.925,-0.2,0.5899533251555394,0.5899533251555394
237.93,-0.2,0.7436168006950763,0.7436168006950763
237.935,-0.2,0.4291689002023249,0.4291689002023249
237.94,-0.2,0.4616323085220186,0.4616323085220186
237.945,-0.2,0.18053211440759742,0.18053211440759742
237.95,-0.2,-0.1889610319284891,-0.1889610319284891
237.955,-0.2,0.1856480948058941,0.1856480948058941
237.96,-0.2,0.2944461034511047,0.2944461034511047
237.965,-0.2,0.5378385378063745,0.5378385378063745
237.97,-0.2,0.5226492253379753,0.5226492253379753
237.975,-0.2,0.5963742318723038,0.5963742318723038
237.98,-0.2,0.4107040945437116,0.4107040945437116
237.985,-0.2,0.11367131167605055,0.11367131167605055
237.99,-0.2,-0.06092331725611812,-0.06092331725611812
237.995,-0.2,0.1336397659465136,0.1336397659465136
238.0,-0.2,0.5117930167626679,0.5117930167626679
238.005,-0.2,0.5580368866050084,0.5580368866050084
238.01,-0.2,0.7856136185755607,0.7856136185755607
238.015,-0.2,0.5924208102020581,0.5924208102020581
238.02,-0.2,0.2923489319458535,0.2923489319458535
238.025,-0.2,-0.11817629854966333,-0.11817629854966333
238.03,-0.2,-0.04308255810085053,-0.04308255810085053
238.035,-0.2,0.22863210681109486,0.22863210681109486
238.04,-0.2,0.34211093102178675,0.34211093102178675
238.045,-0.2,0.6843151825520342,0.6843151825520342
238.05,-0.2,0.6610045256523545,0.6610045256523545
238.055,-0.2,0.6736253275389512,0.6736253275389512
238.06,-0.2,0.3391237483478427,0.3391237483478427
238.065,-0.2,0.09620221175510402,0.09620221175510402
238.07,-0.2,0.002364836228777173,0.002364836228777173
238.075,-0.2,0.017452272280684064,0.017452272280684064
238.08,-0.2,0.49436778462579944,0.49436778462579944
238.085,-0.2,0.5811576789035974,0.5811576789035974
238.09,-0.2,0.7864442415705793,0.7864442415705793
238.095,-0.2,0.7443283971220032,0.7443283971220032
238.1,-0.2,0.3052743646378689,0.3052743646378689
238.105,-0.2,0.16504597865826243,0.16504597865826243
238.11,-0.2,-0.031086470851161542,-0.031086470851161542
238.115,-0.2,-0.003472203490486797,-0.003472203490486797
238.12,-0.2,0.3257894799062664,0.3257894799062664
238.125,-0.2,0.5232652748744971,0.5232652748744971
238.13,-0.2,0.502326581249624,0.502326581249624
238.135,-0.2,0.4358733168692738,0.4358733168692738
238.14,-0.2,0.30044694452264387,0.30044694452264387
238.145,-0.2,0.13005422519551252,0.13005422519551252
238.15,-0.2,-0.1332947891251151,-0.1332947891251151
238.155,-0.2,-0.020066939372753057,-0.020066939372753057
238.16,-0.2,0.3984501986518624,0.3984501986518624
238.165,-0.2,0.679084205333475,0.679084205333475
238.17,-0.2,0.7472327842828699,0.7472327842828699
238.175,-0.2,0.4607404838636069,0.4607404838636069
238.18,-0.2,0.18109249716515186,0.18109249716515186
238.185,-0.2,0.1277315221236715,0.1277315221236715
238.19,-0.2,-0.15723330205571442,-0.15723330205571442
238.195,-0.2,0.19105081684150518,0.19105081684150518
238.2,-0.2,0.2363999282213623,0.2363999282213623
238.205,-0.2,0.6217426584120049,0.6217426584120049
238.21,-0.2,0.608311529261778,0.608311529261778
238.215,-0.2,0.5998737700278438,0.5998737700278438
238.22,-0.2,0.27387181392207327,0.27387181392207327
238.225,-0.2,0.09596566638807386,0.09596566638807386
238.23,-0.2,0.06991372715784486,0.06991372715784486
238.235,-0.2,0.12931009165667848,0.12931009165667848
238.24,-0.2,0.3183121882398991,0.3183121882398991
238.245,-0.2,0.36644584891137333,0.36644584891137333
238.25,-0.2,0.7214191485659931,0.7214191485659931
238.255,-0.2,0.5011050305731534,0.5011050305731534
238.26,-0.2,0.33381832576280446,0.33381832576280446
238.265,-0.2,0.007879953915439324,0.007879953915439324
238.27,-0.2,0.09183829219817866,0.09183829219817866
238.275,-0.2,0.06762350096585149,0.06762350096585149
238.28,-0.2,0.2848009278182746,0.2848009278182746
238.285,-0.2,0.5813069284291974,0.5813069284291974
238.29,-0.2,0.4216503583174522,0.4216503583174522
238.295,-0.2,0.49689970740851946,0.49689970740851946
238.3,-0.2,0.23468254827612553,0.23468254827612553
238.305,-0.2,-0.04377283751493469,-0.04377283751493469
238.31,-0.2,-0.05818471475576056,-0.05818471475576056
238.315,-0.2,0.20584136342292406,0.20584136342292406
238.32,-0.2,0.19067193980940353,0.19067193980940353
238.325,-0.2,0.4784607028482733,0.4784607028482733
238.33,-0.2,0.7228598975323394,0.7228598975323394
238.335,-0.2,0.35146112568340626,0.35146112568340626
238.34,-0.2,0.26580273851647396,0.26580273851647396
238.345,-0.2,0.006843980447527348,0.006843980447527348
238.35,-0.2,-0.12839083476573487,-0.12839083476573487
238.355,-0.2,0.03382906166767292,0.03382906166767292
238.36,-0.2,0.18320368252708102,0.18320368252708102
238.365,-0.2,0.5891953398811726,0.5891953398811726
238.37,-0.2,0.6385682966082186,0.6385682966082186
238.375,-0.2,0.41461184984804933,0.41461184984804933
238.38,-0.2,0.0955684990865207,0.0955684990865207
238.385,-0.2,-0.004474047540029481,-0.004474047540029481
238.39,-0.2,-0.016652579542565743,-0.016652579542565743
238.395,-0.2,0.06655483749484639,0.06655483749484639
238.4,-0.2,0.06162932713287378,0.06162932713287378
238.405,-0.2,0.4960409462020317,0.4960409462020317
238.41,-0.2,0.5752845786530436,0.5752845786530436
238.415,-0.2,0.4705759742202915,0.4705759742202915
238.42,-0.2,0.28414634837333397,0.28414634837333397
238.425,-0.2,-0.04338377379453678,-0.04338377379453678
238.43,-0.2,-0.223611720579531,-0.223611720579531
238.435,-0.2,-0.002277326100537748,-0.002277326100537748
238.44,-0.2,0.18951294316877682,0.18951294316877682
238.445,-0.2,0.3647512154769087,0.3647512154769087
238.45,-0.2,0.6072362723209558,0.6072362723209558
238.455,-0.2,0.44173373169526947,0.44173373169526947
238.46,-0.2,0.22855079644077725,0.22855079644077725
238.465,-0.2,-0.19432176367766774,-0.19432176367766774
238.47,-0.2,-0.2067310268467012,-0.2067310268467012
238.475,-0.2,-0.07078038496222534,-0.07078038496222534
238.48,-0.2,0.10439718394665165,0.10439718394665165
238.485,-0.2,0.45863668312352157,0.45863668312352157
238.49,-0.2,0.46425690203662784,0.46425690203662784
238.495,-0.2,0.4839776844261503,0.4839776844261503
238.5,-0.2,0.25412302538813847,0.25412302538813847
238.505,-0.2,-0.16689699556471843,-0.16689699556471843
238.51,-0.2,-0.28176514749607384,-0.28176514749607384
238.515,-0.2,-0.10687295469726407,-0.10687295469726407
238.52,-0.2,0.36360711199558793,0.36360711199558793
238.525,-0.2,0.40194175543171623,0.40194175543171623
238.53,-0.2,0.6343622390514635,0.6343622390514635
238.535,-0.2,0.38922600139473224,0.38922600139473224
238.54,-0.2,0.22707482365094744,0.22707482365094744
238.545,-0.2,-0.12069564627430263,-0.12069564627430263
238.55,-0.2,-0.24230241664456503,-0.24230241664456503
238.555,-0.2,-0.04668421370576834,-0.04668421370576834
238.56,-0.2,0.13242265429204209,0.13242265429204209
238.565,-0.2,0.49720547026591383,0.49720547026591383
238.57,-0.2,0.6356885062477013,0.6356885062477013
238.575,-0.2,0.3734794379845318,0.3734794379845318
238.58,-0.2,0.16078726235607682,0.16078726235607682
238.585,-0.2,-0.00937580690914086,-0.00937580690914086
238.59,-0.2,-0.17592914579156407,-0.17592914579156407
238.595,-0.2,0.028343269513072394,0.028343269513072394
238.6,-0.2,0.10167537171940674,0.10167537171940674
238.605,-0.2,0.39507189478751503,0.39507189478751503
238.61,-0.2,0.517880036503477,0.517880036503477
238.615,-0.2,0.4082236283512804,0.4082236283512804
238.62,-0.2,-0.02615497373974654,-0.02615497373974654
238.625,-0.2,0.016443294423627464,0.016443294423627464
238.63,-0.2,-0.15261351637789883,-0.15261351637789883
238.635,-0.2,0.08980109348054247,0.08980109348054247
238.64,-0.2,0.25415783303651174,0.25415783303651174
238.645,-0.2,0.35058217519504586,0.35058217519504586
238.65,-0.2,0.5924523073946776,0.5924523073946776
238.655,-0.2,0.45471967859064466,0.45471967859064466
238.66,-0.2,0.15386791494288662,0.15386791494288662
238.665,-0.2,-0.1232590954415243,-0.1232590954415243
238.67,-0.2,-0.1764941085416416,-0.1764941085416416
238.675,-0.2,0.034085359162083405,0.034085359162083405
238.68,-0.2,0.2710455717668632,0.2710455717668632
238.685,-0.2,0.4488943939004222,0.4488943939004222
238.69,-0.2,0.5302815836832298,0.5302815836832298
238.695,-0.2,0.4375480164525941,0.4375480164525941
238.7,-0.2,0.17450176596432268,0.17450176596432268
238.705,-0.2,-0.2833650371284972,-0.2833650371284972
238.71,-0.2,-0.2071552200402839,-0.2071552200402839
238.715,-0.2,-0.06444016866110158,-0.06444016866110158
238.72,-0.2,0.2470560190110081,0.2470560190110081
238.725,-0.2,0.6188229979211256,0.6188229979211256
238.73,-0.2,0.6301494772437154,0.6301494772437154
238.735,-0.2,0.3096374913838522,0.3096374913838522
238.74,-0.2,0.1451767213504054,0.1451767213504054
238.745,-0.2,-0.2254697119307692,-0.2254697119307692
238.75,-0.2,-0.07522901040546925,-0.07522901040546925
238.755,-0.2,-0.13878667295523608,-0.13878667295523608
238.76,-0.2,0.1482073986978502,0.1482073986978502
238.765,-0.2,0.6537217210849741,0.6537217210849741
238.77,-0.2,0.5961238638283405,0.5961238638283405
238.775,-0.2,0.5474600250223115,0.5474600250223115
238.78,-0.2,0.09488083746589503,0.09488083746589503
238.785,-0.2,-0.0911258932861124,-0.0911258932861124
238.79,-0.2,-0.23159258252162557,-0.23159258252162557
238.795,-0.2,-0.10049772855065078,-0.10049772855065078
238.8,-0.2,0.16116622845743026,0.16116622845743026
238.805,-0.2,0.34136266636394613,0.34136266636394613
238.81,-0.2,0.45709508370437835,0.45709508370437835
238.815,-0.2,0.465564985779801,0.465564985779801
238.82,-0.2,0.19805887863678806,0.19805887863678806
238.825,-0.2,0.07070870286265223,0.07070870286265223
238.83,-0.2,-0.3312962913352731,-0.3312962913352731
238.835,-0.2,-0.09556819568159744,-0.09556819568159744
238.84,-0.2,0.06698857019762378,0.06698857019762378
238.845,-0.2,0.43173051805821144,0.43173051805821144
238.85,-0.2,0.5969455334355619,0.5969455334355619
238.855,-0.2,0.30164010135900543,0.30164010135900543
238.86,-0.2,0.0376031000838809,0.0376031000838809
238.865,-0.2,-0.05924426213395671,-0.05924426213395671
238.87,-0.2,-0.2992335842009991,-0.2992335842009991
238.875,-0.2,-0.12481877140428657,-0.12481877140428657
238.88,-0.2,0.15659970924173977,0.15659970924173977
238.885,-0.2,0.5438731200061282,0.5438731200061282
238.89,-0.2,0.31222038203255864,0.31222038203255864
238.895,-0.2,0.2627334275757798,0.2627334275757798
238.9,-0.2,0.010275918534069228,0.010275918534069228
238.905,-0.2,-0.33222538059837325,-0.33222538059837325
238.91,-0.2,-0.2584708856188095,-0.2584708856188095
238.915,-0.2,0.011618330930922363,0.011618330930922363
238.92,-0.2,0.07483698678536325,0.07483698678536325
238.925,-0.2,0.5562526254274442,0.5562526254274442
238.93,-0.2,0.38337003581011947,0.38337003581011947
238.935,-0.2,0.24519551855659846,0.24519551855659846
238.94,-0.2,0.1921530188249599,0.1921530188249599
238.945,-0.2,-0.380066743519347,-0.380066743519347
238.95,-0.2,-0.27554669048807073,-0.27554669048807073
238.955,-0.2,-0.08486478521827877,-0.08486478521827877
238.96,-0.2,0.15457517354905287,0.15457517354905287
238.965,-0.2,0.4938897805393401,0.4938897805393401
238.97,-0.2,0.5716315516644945,0.5716315516644945
238.975,-0.2,0.4419609001078246,0.4419609001078246
238.98,-0.2,0.20540896158062885,0.20540896158062885
238.985,-0.2,-0.11263499140363538,-0.11263499140363538
238.99,-0.2,-0.19958466714616865,-0.19958466714616865
238.995,-0.2,-0.08694256031284277,-0.08694256031284277
239.0,-0.2,-0.10028408260618402,-0.10028408260618402
239.005,-0.2,0.44846481769954,0.44846481769954
239.01,-0.2,0.4442208988721112,0.4442208988721112
239.015,-0.2,0.5503394347892903,0.5503394347892903
239.02,-0.2,0.02827271566862355,0.02827271566862355
239.025,-0.2,-0.29918483748833546,-0.29918483748833546
239.03,-0.2,-0.19432193881985163,-0.19432193881985163
239.035,-0.2,-0.21121105282390573,-0.21121105282390573
239.04,-0.2,-0.03085144276090425,-0.03085144276090425
239.045,-0.2,0.30104055829073145,0.30104055829073145
239.05,-0.2,0.566633746842574,0.566633746842574
239.055,-0.2,0.2593013107579824,0.2593013107579824
239.06,-0.2,0.012581188178776487,0.012581188178776487
239.065,-0.2,-0.1547579157022508,-0.1547579157022508
239.07,-0.2,-0.35270485916052563,-0.35270485916052563
239.075,-0.2,-0.1916907510694033,-0.1916907510694033
239.08,-0.2,0.01896609159721365,0.01896609159721365
239.085,-0.2,0.5002803731685581,0.5002803731685581
239.09,-0.2,0.3189880697512026,0.3189880697512026
239.095,-0.2,0.3824184330536986,0.3824184330536986
239.1,-0.2,0.011880029328818313,0.011880029328818313
239.105,-0.2,-0.21932639112215804,-0.21932639112215804
239.11,-0.2,-0.10534584269841316,-0.10534584269841316
239.115,-0.2,-0.3017905195760795,-0.3017905195760795
239.12,-0.2,0.16216827782769655,0.16216827782769655
239.125,-0.2,0.4449053689616546,0.4449053689616546
239.13,-0.2,0.28429455174733786,0.28429455174733786
239.135,-0.2,0.40707536566105407,0.40707536566105407
239.14,-0.2,0.05297917260452675,0.05297917260452675
239.145,-0.2,-0.22660522834792568,-0.22660522834792568
239.15,-0.2,-0.12174218918939908,-0.12174218918939908
239.155,-0.2,-0.0683604591903143,-0.0683604591903143
239.16,-0.2,0.11607542656309351,0.11607542656309351
239.165,-0.2,0.42526476844419536,0.42526476844419536
239.17,-0.2,0.5625371215274517,0.5625371215274517
239.175,-0.2,0.38274973384489397,0.38274973384489397
239.18,-0.2,0.1550953297470522,0.1550953297470522
239.185,-0.2,0.04913946279947068,0.04913946279947068
239.19,-0.2,-0.16280716468852313,-0.16280716468852313
239.195,-0.2,0.1124699706754945,0.1124699706754945
239.2,-0.2,0.25017485870432304,0.25017485870432304
239.205,-0.2,0.32766094000681034,0.32766094000681034
239.21,-0.2,0.44754585515904355,0.44754585515904355
239.215,-0.2,0.44087992606905835,0.44087992606905835
239.22,-0.2,-0.0897332208663251,-0.0897332208663251
239.225,-0.2,-0.11488552785127298,-0.11488552785127298
239.23,-0.2,-0.2008388569310204,-0.2008388569310204
239.235,-0.2,0.09040230297129556,0.09040230297129556
239.24,-0.2,0.30855527383860126,0.30855527383860126
239.245,-0.2,0.5610879357468408,0.5610879357468408
239.25,-0.2,0.5606968385464477,0.5606968385464477
239.255,-0.2,0.48204400481141557,0.48204400481141557
239.26,-0.2,0.1282270068159117,0.1282270068159117
239.265,-0.2,0.04702697053280899,0.04702697053280899
239.27,-0.2,-0.11708492213190873,-0.11708492213190873
239.275,-0.2,0.04059676014486315,0.04059676014486315
239.28,-0.2,0.36655322303853666,0.36655322303853666
239.285,-0.2,0.4688042286655465,0.4688042286655465
239.29,-0.2,0.6130200068348051,0.6130200068348051
239.295,-0.2,0.5678950576273534,0.5678950576273534
239.3,-0.2,0.1549148481594092,0.1549148481594092
239.305,-0.2,-0.011352060414633557,-0.011352060414633557
239.31,-0.2,0.04271042736126593,0.04271042736126593
239.315,-0.2,0.14960588854650478,0.14960588854650478
239.32,-0.2,0.22690702926123463,0.22690702926123463
239.325,-0.2,0.3680310977196598,0.3680310977196598
239.33,-0.2,0.47023744465855016,0.47023744465855016
239.335,-0.2,0.5744444165777566,0.5744444165777566
239.34,-0.2,0.12852674714572682,0.12852674714572682
239.345,-0.2,-0.029153177970264947,-0.029153177970264947
239.35,-0.2,-0.06869874159379966,-0.06869874159379966
239.355,-0.2,0.1690366785813194,0.1690366785813194
239.36,-0.2,0.23131845150655056,0.23131845150655056
239.365,-0.2,0.615360746294249,0.615360746294249
239.37,-0.2,0.7146695510057601,0.7146695510057601
239.375,-0.2,0.46583805506046266,0.46583805506046266
239.38,-0.2,0.3842875578451425,0.3842875578451425
239.385,-0.2,0.2141514269968496,0.2141514269968496
239.39,-0.2,-0.16640913657791767,-0.16640913657791767
239.395,-0.2,0.12126014371335087,0.12126014371335087
239.4,-0.2,0.2909886201767865,0.2909886201767865
239.405,-0.2,0.5715173870820809,0.5715173870820809
239.41,-0.2,0.858868433427955,0.858868433427955
239.415,-0.2,0.5454399290589669,0.5454399290589669
239.42,-0.2,0.13962963766992256,0.13962963766992256
239.425,-0.2,-0.08627103514227887,-0.08627103514227887
239.43,-0.2,-0.012260530831656458,-0.012260530831656458
239.435,-0.2,0.16111365934435756,0.16111365934435756
239.44,-0.2,0.3658151094477795,0.3658151094477795
239.445,-0.2,0.6261218915635836,0.6261218915635836
239.45,-0.2,0.7706591123116943,0.7706591123116943
239.455,-0.2,0.5721023672713818,0.5721023672713818
239.46,-0.2,0.31470250672833244,0.31470250672833244
239.465,-0.2,-0.07801271409355104,-0.07801271409355104
239.47,-0.2,-0.02900289865856851,-0.02900289865856851
239.475,-0.2,-0.02571525708395693,-0.02571525708395693
239.48,-0.2,0.2721333600933894,0.2721333600933894
239.485,-0.2,0.4816131201844234,0.4816131201844234
239.49,-0.2,0.5426114305860645,0.5426114305860645
239.495,-0.2,0.6285412678471747,0.6285412678471747
239.5,-0.2,0.2813851445871777,0.2813851445871777
239.505,-0.2,0.05802880079827779,0.05802880079827779
239.51,-0.2,-0.1556515878821818,-0.1556515878821818
239.515,-0.2,-0.029039031850110586,-0.029039031850110586
239.52,-0.2,0.16916597922741358,0.16916597922741358
239.525,-0.2,0.5992003603283442,0.5992003603283442
239.53,-0.2,0.8129806273727779,0.8129806273727779
239.535,-0.2,0.5967151907233534,0.5967151907233534
239.54,-0.2,0.35164150083774265,0.35164150083774265
239.545,-0.2,-0.012083079682361279,-0.012083079682361279
239.55,-0.2,-0.18993366401381553,-0.18993366401381553
239.555,-0.2,-0.031999713780662,-0.031999713780662
239.56,-0.2,0.1559030591938342,0.1559030591938342
239.565,-0.2,0.7307840832651277,0.7307840832651277
239.57,-0.2,0.5175222809529697,0.5175222809529697
239.575,-0.2,0.47368570256852094,0.47368570256852094
239.58,-0.2,0.12623656391310836,0.12623656391310836
239.585,-0.2,0.06387205152231624,0.06387205152231624
239.59,-0.2,-0.1884746906314843,-0.1884746906314843
239.595,-0.2,-0.06233181787083172,-0.06233181787083172
239.6,-0.2,0.2657934270030751,0.2657934270030751
239.605,-0.2,0.509184842966555,0.509184842966555
239.61,-0.2,0.5186846535110364,0.5186846535110364
239.615,-0.2,0.4495128131084896,0.4495128131084896
239.62,-0.2,0.22762427536465696,0.22762427536465696
239.625,-0.2,-0.05937565101724869,-0.05937565101724869
239.63,-0.2,-0.04394681241002782,-0.04394681241002782
239.635,-0.2,-0.12037754111012128,-0.12037754111012128
239.64,-0.2,0.1689734754186653,0.1689734754186653
239.645,-0.2,0.5971516079590282,0.5971516079590282
239.65,-0.2,0.7273502400977723,0.7273502400977723
239.655,-0.2,0.3438263419280094,0.3438263419280094
239.66,-0.2,0.12393426523513826,0.12393426523513826
239.665,-0.2,-0.11505347481826139,-0.11505347481826139
239.67,-0.2,-0.2440828300800444,-0.2440828300800444
239.675,-0.2,0.014750278545592285,0.014750278545592285
239.68,-0.2,0.1907827108765124,0.1907827108765124
239.685,-0.2,0.4675254377932086,0.4675254377932086
239.69,-0.2,0.63329908290212,0.63329908290212
239.695,-0.2,0.3746746905546311,0.3746746905546311
239.7,-0.2,0.3301830574395106,0.3301830574395106
239.705,-0.2,-0.13177745599982083,-0.13177745599982083
239.71,-0.2,-0.08438388815389904,-0.08438388815389904
239.715,-0.2,0.01462159239211086,0.01462159239211086
239.72,-0.2,0.1760191264596306,0.1760191264596306
239.725,-0.2,0.5133858948935133,0.5133858948935133
239.73,-0.2,0.5674370253803578,0.5674370253803578
239.735,-0.2,0.3011187139657774,0.3011187139657774
239.74,-0.2,0.1360989432383659,0.1360989432383659
239.745,-0.2,-0.114881039657381,-0.114881039657381
239.75,-0.2,-0.20537082757630246,-0.20537082757630246
239.755,-0.2,-0.041295461993845324,-0.041295461993845324
239.76,-0.2,0.3209723836426145,0.3209723836426145
239.765,-0.2,0.5994866548253539,0.5994866548253539
239.77,-0.2,0.49862637506762986,0.49862637506762986
239.775,-0.2,0.42354473337945925,0.42354473337945925
239.78,-0.2,0.3392471407839408,0.3392471407839408
239.785,-0.2,-0.09632328521953193,-0.09632328521953193
239.79,-0.2,-0.24142911464517755,-0.24142911464517755
239.795,-0.2,0.13031022918319435,0.13031022918319435
239.8,-0.2,0.1795009950399466,0.1795009950399466
239.805,-0.2,0.39405612236040055,0.39405612236040055
239.81,-0.2,0.5559533000430543,0.5559533000430543
239.815,-0.2,0.4267776589537557,0.4267776589537557
239.82,-0.2,0.359386254188235,0.359386254188235
239.825,-0.2,-0.0961291342316497,-0.0961291342316497
239.83,-0.2,-0.2257747744238769,-0.2257747744238769
239.835,-0.2,-0.010412564911331109,-0.010412564911331109
239.84,-0.2,0.275209881475248,0.275209881475248
239.845,-0.2,0.5330805475223646,0.5330805475223646
239.85,-0.2,0.6509512107539075,0.6509512107539075
239.855,-0.2,0.5049976075775529,0.5049976075775529
239.86,-0.2,0.31774361628972614,0.31774361628972614
239.865,-0.2,-0.06623613111404314,-0.06623613111404314
239.87,-0.2,-0.11694621440637233,-0.11694621440637233
239.875,-0.2,0.0566336631695555,0.0566336631695555
239.88,-0.2,0.26847812596781073,0.26847812596781073
239.885,-0.2,0.521951193479429,0.521951193479429
239.89,-0.2,0.648205655643683,0.648205655643683
239.895,-0.2,0.4244909380400909,0.4244909380400909
239.9,-0.2,0.3339619398368424,0.3339619398368424
239.905,-0.2,-0.19699414926986883,-0.19699414926986883
239.91,-0.2,-0.33974205129434165,-0.33974205129434165
239.915,-0.2,0.06834967216150996,0.06834967216150996
239.92,-0.2,0.402805952834839,0.402805952834839
239.925,-0.2,0.6527364078456762,0.6527364078456762
239.93,-0.2,0.7419892730651085,0.7419892730651085
239.935,-0.2,0.4505605265030252,0.4505605265030252
239.94,-0.2,0.2748401066699581,0.2748401066699581
239.945,-0.2,-0.07492810052244014,-0.07492810052244014
239.95,-0.2,-0.08011446771863522,-0.08011446771863522
239.955,-0.2,0.0489703164590854,0.0489703164590854
239.96,-0.2,0.3441457451933525,0.3441457451933525
239.965,-0.2,0.478422226831847,0.478422226831847
239.97,-0.2,0.5916054362821259,0.5916054362821259
239.975,-0.2,0.555593163531604,0.555593163531604
239.98,-0.2,0.2612109865581547,0.2612109865581547
239.985,-0.2,-0.1299375581541264,-0.1299375581541264
239.99,-0.2,-0.005874515981178302,-0.005874515981178302
239.995,-0.2,-0.012914967440156543,-0.012914967440156543
240.0,-0.2,0.47586839546549026,0.47586839546549026
240.005,-0.2,0.4330029930378984,0.4330029930378984
240.01,-0.2,0.63153772226293,0.63153772226293
240.015,-0.2,0.43374274897936255,0.43374274897936255
240.02,-0.2,0.25209328410151366,0.25209328410151366
240.025,-0.2,-0.22874883176828267,-0.22874883176828267
240.03,-0.2,-0.3498110264801624,-0.3498110264801624
240.035,-0.2,0.0317926416756257,0.0317926416756257
240.04,-0.2,0.08649080421264,0.08649080421264
240.045,-0.2,0.6206359418929454,0.6206359418929454
240.05,-0.2,0.6031501143303281,0.6031501143303281
240.055,-0.2,0.39481458408554615,0.39481458408554615
240.06,-0.2,0.28347718657625787,0.28347718657625787
240.065,-0.2,0.03113323737340115,0.03113323737340115
240.07,-0.2,-0.047311192310772326,-0.047311192310772326
240.075,-0.2,-0.0016160423964957926,-0.0016160423964957926
240.08,-0.2,0.3171636723929876,0.3171636723929876
240.085,-0.2,0.4247951278290386,0.4247951278290386
240.09,-0.2,0.7389104571843803,0.7389104571843803
240.095,-0.2,0.5468177407511254,0.5468177407511254
240.1,-0.2,0.2832640876907422,0.2832640876907422
240.105,-0.2,-0.03657618334888094,-0.03657618334888094
240.11,-0.2,-0.05123327352639062,-0.05123327352639062
240.115,-0.2,0.029080875167666442,0.029080875167666442
240.12,-0.2,0.21140548578861143,0.21140548578861143
240.125,-0.2,0.595645567729947,0.595645567729947
240.13,-0.2,0.4644022428772925,0.4644022428772925
240.135,-0.2,0.38127384842268747,0.38127384842268747
240.14,-0.2,0.2141324117464232,0.2141324117464232
240.145,-0.2,0.030504494230847848,0.030504494230847848
240.15,-0.2,-0.08792163585211184,-0.08792163585211184
240.155,-0.2,-0.027680869205899555,-0.027680869205899555
240.16,-0.2,0.23552087223579993,0.23552087223579993
240.165,-0.2,0.326143810818794,0.326143810818794
240.17,-0.2,0.44715043801852616,0.44715043801852616
240.175,-0.2,0.4101178851648801,0.4101178851648801
240.18,-0.2,0.2138427899920027,0.2138427899920027
240.185,-0.2,-0.15420551340045469,-0.15420551340045469
240.19,-0.2,-0.22070379592056313,-0.22070379592056313
240.195,-0.2,-0.047397159359357996,-0.047397159359357996
240.2,-0.2,0.11288642439497183,0.11288642439497183
240.205,-0.2,0.5110096370497273,0.5110096370497273
240.21,-0.2,0.556564627257276,0.556564627257276
240.215,-0.2,0.26698754979817435,0.26698754979817435
240.22,-0.2,-0.009598717685800395,-0.009598717685800395
240.225,-0.2,-0.09103652677307272,-0.09103652677307272
240.23,-0.2,-0.3264119841131037,-0.3264119841131037
240.235,-0.2,0.037491172293686384,0.037491172293686384
240.24,-0.2,0.1261153485142658,0.1261153485142658
240.245,-0.2,0.4491259954910531,0.4491259954910531
240.25,-0.2,0.6388935081657842,0.6388935081657842
240.255,-0.2,0.3310820581200876,0.3310820581200876
240.26,-0.2,0.025213739922682193,0.025213739922682193
240.265,-0.2,-0.0088356135377754,-0.0088356135377754
240.27,-0.2,-0.10614516636431189,-0.10614516636431189
240.275,-0.2,0.014429485634799594,0.014429485634799594
240.28,-0.2,0.2579735430930228,0.2579735430930228
240.285,-0.2,0.31267679758220357,0.31267679758220357
240.29,-0.2,0.5080256634022442,0.5080256634022442
240.295,-0.2,0.32808795896903326,0.32808795896903326
240.3,-0.2,0.079122654845308,0.079122654845308
240.305,-0.2,-0.10413479044285172,-0.10413479044285172
240.31,-0.2,-0.2123965451718806,-0.2123965451718806
240.315,-0.2,-0.195892189395358,-0.195892189395358
240.32,-0.2,0.2449124728636333,0.2449124728636333
240.325,-0.2,0.4888695287866126,0.4888695287866126
240.33,-0.2,0.546650998551189,0.546650998551189
240.335,-0.2,0.2796451575711525,0.2796451575711525
240.34,-0.2,0.21905675494660512,0.21905675494660512
240.345,-0.2,0.022104741954357104,0.022104741954357104
240.35,-0.2,-0.29425102911960305,-0.29425102911960305
240.355,-0.2,-0.058828455359085804,-0.058828455359085804
240.36,-0.2,0.13474072313891602,0.13474072313891602
240.365,-0.2,0.36021001214396653,0.36021001214396653
240.37,-0.2,0.4932147533670002,0.4932147533670002
240.375,-0.2,0.17368872793141177,0.17368872793141177
240.38,-0.2,-0.028929122876164975,-0.028929122876164975
240.385,-0.2,-0.1357686025313841,-0.1357686025313841
240.39,-0.2,0.04936325796712726,0.04936325796712726
240.395,-0.2,-0.20512962615736732,-0.20512962615736732
240.4,-0.2,0.45430490565794324,0.45430490565794324
240.405,-0.2,0.37625776369020786,0.37625776369020786
240.41,-0.2,0.40046764004375024,0.40046764004375024
240.415,-0.2,0.3969216687534019,0.3969216687534019
240.42,-0.2,-0.030742960565285027,-0.030742960565285027
240.425,-0.2,-0.2863148951896317,-0.2863148951896317
240.43,-0.2,-0.26997916864969496,-0.26997916864969496
240.435,-0.2,-0.04621797899222938,-0.04621797899222938
240.44,-0.2,0.18303424685730268,0.18303424685730268
240.445,-0.2,0.5599355072616037,0.5599355072616037
240.45,-0.2,0.5057777831750793,0.5057777831750793
240.455,-0.2,0.4695735673204457,0.4695735673204457
240.46,-0.2,0.15827966875445576,0.15827966875445576
240.465,-0.2,-0.013611481469075593,-0.013611481469075593
240.47,-0.2,-0.21852221901405194,-0.21852221901405194
240.475,-0.2,-0.012015854180508781,-0.012015854180508781
240.48,-0.2,0.21437938499905898,0.21437938499905898
240.485,-0.2,0.5430734239546875,0.5430734239546875
240.49,-0.2,0.556833645089914,0.556833645089914
240.495,-0.2,0.32002781248997475,0.32002781248997475
240.5,-0.2,0.01322444761538813,0.01322444761538813
240.505,-0.2,-0.020380820312019987,-0.020380820312019987
240.51,-0.2,-0.30166106523493313,-0.30166106523493313
240.515,-0.2,-0.1930797036480468,-0.1930797036480468
240.52,-0.2,0.2684215149908077,0.2684215149908077
240.525,-0.2,0.5829808292087655,0.5829808292087655
240.53,-0.2,0.3069066627819686,0.3069066627819686
240.535,-0.2,0.4441939531957868,0.4441939531957868
240.54,-0.2,0.26507958966735,0.26507958966735
240.545,-0.2,0.03632479285055498,0.03632479285055498
240.55,-0.2,-0.11974400255609738,-0.11974400255609738
240.555,-0.2,-0.13263130191398617,-0.13263130191398617
240.56,-0.2,0.2196245845857483,0.2196245845857483
240.565,-0.2,0.5782745500184006,0.5782745500184006
240.57,-0.2,0.4703746575477465,0.4703746575477465
240.575,-0.2,0.5959136670106364,0.5959136670106364
240.58,-0.2,0.20457398358747364,0.20457398358747364
240.585,-0.2,-0.03071476735112312,-0.03071476735112312
240.59,-0.2,0.0765352437497101,0.0765352437497101
240.595,-0.2,-0.05479707791011803,-0.05479707791011803
240.6,-0.2,0.44983933767243184,0.44983933767243184
240.605,-0.2,0.32251763533541783,0.32251763533541783
240.61,-0.2,0.5698426486957764,0.5698426486957764
240.615,-0.2,0.2689288867027374,0.2689288867027374
240.62,-0.2,0.18990585554960132,0.18990585554960132
240.625,-0.2,-0.13751660940228347,-0.13751660940228347
240.63,-0.2,-0.2576160078783413,-0.2576160078783413
240.635,-0.2,0.21125502601558221,0.21125502601558221
240.64,-0.2,0.22902781310628817,0.22902781310628817
240.645,-0.2,0.5364095155270335,0.5364095155270335
240.65,-0.2,0.4559851962132124,0.4559851962132124
240.655,-0.2,0.285947680784307,0.285947680784307
240.66,-0.2,0.07880964385488062,0.07880964385488062
240.665,-0.2,-0.12361424747883948,-0.12361424747883948
240.67,-0.2,-0.22655741033966664,-0.22655741033966664
240.675,-0.2,-0.21823273846767188,-0.21823273846767188
240.68,-0.2,0.23536298992465798,0.23536298992465798
240.685,-0.2,0.45807453431176776,0.45807453431176776
240.69,-0.2,0.5446952370510976,0.5446952370510976
240.695,-0.2,0.34182367330511426,0.34182367330511426
240.7,-0.2,0.27274239333844685,0.27274239333844685
240.705,-0.2,-0.26428000779338523,-0.26428000779338523
240.71,-0.2,-0.2643224763544227,-0.2643224763544227
240.715,-0.2,-0.06265786167522204,-0.06265786167522204
240.72,-0.2,0.23692795140021783,0.23692795140021783
240.725,-0.2,0.4386829656303454,0.4386829656303454
240.73,-0.2,0.656456833657288,0.656456833657288
240.735,-0.2,0.38369903829097224,0.38369903829097224
240.74,-0.2,0.21569123563326908,0.21569123563326908
240.745,-0.2,-0.13475307293857472,-0.13475307293857472
240.75,-0.2,0.007588473675936097,0.007588473675936097
240.755,-0.2,0.0985515624427713,0.0985515624427713
240.76,-0.2,0.13354686214360445,0.13354686214360445
240.765,-0.2,0.42055480215115726,0.42055480215115726
240.77,-0.2,0.49946452718378,0.49946452718378
240.775,-0.2,0.23896218827570986,0.23896218827570986
240.78,-0.2,0.25374366276034765,0.25374366276034765
240.785,-0.2,-0.080987938974244,-0.080987938974244
240.79,-0.2,-0.18251016602364353,-0.18251016602364353
240.795,-0.2,0.08023699251244748,0.08023699251244748
240.8,-0.2,0.2752066322340874,0.2752066322340874
240.805,-0.2,0.5079928486331167,0.5079928486331167
240.81,-0.2,0.5762695574191347,0.5762695574191347
240.815,-0.2,0.29473754990706313,0.29473754990706313
240.82,-0.2,0.25246090941207544,0.25246090941207544
240.825,-0.2,-0.0552250948942988,-0.0552250948942988
240.83,-0.2,-0.23736672044555324,-0.23736672044555324
240.835,-0.2,0.09914390037447923,0.09914390037447923
240.84,-0.2,0.2716633294775849,0.2716633294775849
240.845,-0.2,0.5413188213144757,0.5413188213144757
240.85,-0.2,0.4945927488084053,0.4945927488084053
240.855,-0.2,0.39654090413651516,0.39654090413651516
240.86,-0.2,0.1758177566798523,0.1758177566798523
240.865,-0.2,-0.13837676185338665,-0.13837676185338665
240.87,-0.2,-0.15487150694016955,-0.15487150694016955
240.875,-0.2,-0.01113868260906843,-0.01113868260906843
240.88,-0.2,0.2904220077276394,0.2904220077276394
240.885,-0.2,0.6436615524246879,0.6436615524246879
240.89,-0.2,0.6245051813872144,0.6245051813872144
240.895,-0.2,0.5760296760652434,0.5760296760652434
240.9,-0.2,0.21842835416354967,0.21842835416354967
240.905,-0.2,-0.035032560262331314,-0.035032560262331314
240.91,-0.2,-0.3391772674415118,-0.3391772674415118
240.915,-0.2,-0.03938851664637543,-0.03938851664637543
240.92,-0.2,0.3487367503427435,0.3487367503427435
240.925,-0.2,0.4870532337266767,0.4870532337266767
240.93,-0.2,0.585185774387374,0.585185774387374
240.935,-0.2,0.34689458219446434,0.34689458219446434
240.94,-0.2,-0.05790301227629069,-0.05790301227629069
240.945,-0.2,-0.08726343940332805,-0.08726343940332805
240.95,-0.2,-0.20142911698768518,-0.20142911698768518
240.955,-0.2,-0.06934341150811055,-0.06934341150811055
240.96,-0.2,0.2832776369268485,0.2832776369268485
240.965,-0.2,0.5942461139640106,0.5942461139640106
240.97,-0.2,0.5041832758031868,0.5041832758031868
240.975,-0.2,0.48803970359634796,0.48803970359634796
240.98,-0.2,0.2895421958387153,0.2895421958387153
240.985,-0.2,0.10703270092013792,0.10703270092013792
240.99,-0.2,-0.15556602392919874,-0.15556602392919874
240.995,-0.2,-0.17653610489216168,-0.17653610489216168
