t,reference,measured,noisy
261.954999999,0.2,-0.2128147456639843,-0.2128147456639843
261.959999999,0.2,-0.13206636828457236,-0.13206636828457236
261.964999999,0.2,0.12143767590801786,0.12143767590801786
261.97,0.2,0.2655597333579437,0.2655597333579437
261.975,0.2,0.28876481294968115,0.28876481294968115
261.98,0.2,-0.02476615092751635,-0.02476615092751635
261.985,0.2,-0.1168210748323765,-0.1168210748323765
261.99,0.2,-0.28265445762004293,-0.28265445762004293
261.995,0.2,-0.12772743993582047,-0.12772743993582047
262.0,0.2,-0.06441951186515005,-0.06441951186515005
262.005,0.2,0.25661781006409745,0.25661781006409745
262.01,0.2,0.2775798307192662,0.2775798307192662
262.015,0.2,0.3417148373554356,0.3417148373554356
262.019999999,0.2,-0.04488314526034028,-0.04488314526034028
262.024999999,0.2,-0.32741335052592274,-0.32741335052592274
262.029999999,0.2,-0.35477623675223285,-0.35477623675223285
262.035,0.2,-0.25680680191084443,-0.25680680191084443
262.04,0.2,-0.06478155640069118,-0.06478155640069118
262.045,0.2,0.5631486233779885,0.5631486233779885
262.05,0.2,0.38046225774299086,0.38046225774299086
262.055,0.2,0.29178583561730465,0.29178583561730465
262.06,0.2,-0.011849909107000465,-0.011849909107000465
262.065,0.2,-0.22278732009717991,-0.22278732009717991
262.07,0.2,-0.45380107010202025,-0.45380107010202025
262.075,0.2,-0.20596009488377634,-0.20596009488377634
262.079999999,0.2,0.02730403238171134,0.02730403238171134
262.084999999,0.2,0.22564701395168446,0.22564701395168446
262.089999999,0.2,0.46569918630942897,0.46569918630942897
262.095,0.2,0.1964024139330881,0.1964024139330881
262.1,0.2,-0.11300633959410437,-0.11300633959410437
262.105,0.2,-0.25179641949219195,-0.25179641949219195
262.11,0.2,-0.422613953970291,-0.422613953970291
262.115,0.2,-0.3006947981780699,-0.3006947981780699
262.12,0.2,-0.08281404696055633,-0.08281404696055633
262.125,0.2,0.3906394646381339,0.3906394646381339
262.13,0.2,0.32528331542965927,0.32528331542965927
262.135,0.2,0.3317335873098684,0.3317335873098684
262.14,0.2,0.022088795263878525,0.022088795263878525
262.144999999,0.2,-0.1822644601687648,-0.1822644601687648
262.149999999,0.2,-0.4898732936064423,-0.4898732936064423
262.154999999,0.2,-0.10700109749305681,-0.10700109749305681
262.16,0.2,0.22923493874485135,0.22923493874485135
262.165,0.2,0.2790276172223733,0.2790276172223733
262.17,0.2,0.20109504887791402,0.20109504887791402
262.175,0.2,0.4869522805013775,0.4869522805013775
262.18,0.2,-0.13730789166714039,-0.13730789166714039
262.185,0.2,-0.18544114812511228,-0.18544114812511228
262.19,0.2,-0.2152590849023207,-0.2152590849023207
262.195,0.2,-0.15584684300813667,-0.15584684300813667
262.2,0.2,0.24432190602295714,0.24432190602295714
262.204999999,0.2,0.3191266172380354,0.3191266172380354
262.209999999,0.2,0.44345986367908985,0.44345986367908985
262.214999999,0.2,0.041313140146818916,0.041313140146818916
262.22,0.2,0.06513261933952447,0.06513261933952447
262.225,0.2,-0.24390036283086378,-0.24390036283086378
262.23,0.2,-0.15166154503083035,-0.15166154503083035
262.235,0.2,-0.13252281297179197,-0.13252281297179197
262.24,0.2,0.12983174902186867,0.12983174902186867
262.245,0.2,0.2058680372960638,0.2058680372960638
262.25,0.2,0.43916458759582755,0.43916458759582755
262.255,0.2,0.33062185338869443,0.33062185338869443
262.26,0.2,0.1364425341107975,0.1364425341107975
262.265,0.2,-0.1568447649789344,-0.1568447649789344
262.269999999,0.2,-0.4281101818503349,-0.4281101818503349
262.274999999,0.2,-0.269177603739702,-0.269177603739702
262.279999999,0.2,0.043628184831987084,0.043628184831987084
262.285,0.2,0.3911177810613797,0.3911177810613797
262.29,0.2,0.5026723876707848,0.5026723876707848
262.295,0.2,0.3731343470563085,0.3731343470563085
262.3,0.2,0.27287090601355246,0.27287090601355246
262.305,0.2,-0.06818403430490418,-0.06818403430490418
262.31,0.2,-0.271210189621459,-0.271210189621459
262.315,0.2,-0.09537633631207262,-0.09537633631207262
262.32,0.2,0.08875653825195623,0.08875653825195623
262.325,0.2,0.36298092845783814,0.36298092845783814
262.329999999,0.2,0.45331795650950546,0.45331795650950546
262.334999999,0.2,0.55422922297674,0.55422922297674
262.339999999,0.2,0.336100866211696,0.336100866211696
262.345,0.2,0.16410245777284974,0.16410245777284974
262.35,0.2,-0.3054283617553034,-0.3054283617553034
262.355,0.2,-0.04801177220709673,-0.04801177220709673
262.36,0.2,0.07662638816079978,0.07662638816079978
262.365,0.2,0.37536960825245885,0.37536960825245885
262.37,0.2,0.5747764567411235,0.5747764567411235
262.375,0.2,0.29565550774170524,0.29565550774170524
262.38,0.2,0.2646665775771457,0.2646665775771457
262.385,0.2,-0.12904583985349682,-0.12904583985349682
262.39,0.2,-0.2655856021244926,-0.2655856021244926
262.394999999,0.2,0.013136450206235065,0.013136450206235065
262.399999999,0.2,0.1905935173216103,0.1905935173216103
262.404999999,0.2,0.39400924984340463,0.39400924984340463
262.41,0.2,0.571542440376206,0.571542440376206
262.415,0.2,0.4442498996929187,0.4442498996929187
262.42,0.2,0.18539803686188075,0.18539803686188075
262.425,0.2,-0.19296333856554548,-0.19296333856554548
262.43,0.2,-0.3266391469472994,-0.3266391469472994
262.435,0.2,0.1325888767727513,0.1325888767727513
262.44,0.2,0.26507067339845675,0.26507067339845675
262.445,0.2,0.46313418820829405,0.46313418820829405
262.45,0.2,0.5364889947743636,0.5364889947743636
262.454999999,0.2,0.30536923149238304,0.30536923149238304
262.459999999,0.2,0.38370846724612906,0.38370846724612906
262.464999999,0.2,-0.17526342437139555,-0.17526342437139555
262.47,0.2,-0.15192730460463455,-0.15192730460463455
262.475,0.2,-0.07244074155617315,-0.07244074155617315
262.48,0.2,0.5130227041111242,0.5130227041111242
262.485,0.2,0.5829482941993231,0.5829482941993231
262.49,0.2,0.5257340190152657,0.5257340190152657
262.495,0.2,0.37330463451071866,0.37330463451071866
262.5,0.2,0.20647616708783584,0.20647616708783584
262.505,0.2,-0.12235816829387018,-0.12235816829387018
262.51,0.2,-0.25669890985652666,-0.25669890985652666
262.515,0.2,0.07785829579944546,0.07785829579944546
262.519999999,0.2,0.26963051935760185,0.26963051935760185
262.524999999,0.2,0.6088098168752678,0.6088098168752678
262.529999999,0.2,0.59834105812896,0.59834105812896
262.535,0.2,0.6551135872586091,0.6551135872586091
262.54,0.2,0.1396881306888087,0.1396881306888087
262.545,0.2,-0.04460202603404154,-0.04460202603404154
262.55,0.2,-0.23150694107546566,-0.23150694107546566
262.555,0.2,-0.0757379638146484,-0.0757379638146484
262.56,0.2,0.30954618345536966,0.30954618345536966
262.565,0.2,0.5114022496577277,0.5114022496577277
262.57,0.2,0.784301972110188,0.784301972110188
262.575,0.2,0.4960868454346204,0.4960868454346204
262.579999999,0.2,0.31629558032343125,0.31629558032343125
262.584999999,0.2,-0.08699448152800862,-0.08699448152800862
262.589999999,0.2,-0.08459740439614906,-0.08459740439614906
262.595,0.2,-0.15903622222829603,-0.15903622222829603
262.6,0.2,0.11185014967765228,0.11185014967765228
262.605,0.2,0.5163563680701571,0.5163563680701571
262.61,0.2,0.7944191781384741,0.7944191781384741
262.615,0.2,0.6188860534850615,0.6188860534850615
262.62,0.2,0.058671540812975126,0.058671540812975126
262.625,0.2,-0.15181845761588422,-0.15181845761588422
262.63,0.2,-0.189163331213161,-0.189163331213161
262.635,0.2,-0.17396295925383284,-0.17396295925383284
262.64,0.2,0.23066756326484414,0.23066756326484414
262.644999999,0.2,0.3471890620385933,0.3471890620385933
262.649999999,0.2,0.6706331846552133,0.6706331846552133
262.654999999,0.2,0.3828205303617019,0.3828205303617019
262.66,0.2,-0.0022998521167603703,-0.0022998521167603703
262.665,0.2,0.002597281513551694,0.002597281513551694
262.67,0.2,-0.024057203610272776,-0.024057203610272776
262.675,0.2,-0.12853031568668763,-0.12853031568668763
262.68,0.2,0.23639308754771687,0.23639308754771687
262.685,0.2,0.37000393780450885,0.37000393780450885
262.69,0.2,0.7305398688436833,0.7305398688436833
262.695,0.2,0.49159504370373197,0.49159504370373197
262.7,0.2,0.28621778354739863,0.28621778354739863
262.704999999,0.2,-0.002723835786405296,-0.002723835786405296
262.709999999,0.2,-0.14099628582683324,-0.14099628582683324
262.714999999,0.2,-0.15224037344105135,-0.15224037344105135
262.72,0.2,0.08138155560309208,0.08138155560309208
262.725,0.2,0.6718721014957106,0.6718721014957106
262.73,0.2,0.43331260775418456,0.43331260775418456
262.735,0.2,0.506468751773275,0.506468751773275
262.74,0.2,0.26376527540036965,0.26376527540036965
262.745,0.2,-0.09637068009653388,-0.09637068009653388
262.75,0.2,-0.057919954410953156,-0.057919954410953156
262.755,0.2,-0.13825660177751856,-0.13825660177751856
262.76,0.2,0.33391485040560787,0.33391485040560787
262.765,0.2,0.4812283914038304,0.4812283914038304
262.769999999,0.2,0.5611777591056912,0.5611777591056912
262.774999999,0.2,0.40886562026297846,0.40886562026297846
262.779999999,0.2,0.29197907662817946,0.29197907662817946
262.785,0.2,-0.12072305113752563,-0.12072305113752563
262.79,0.2,-0.12046539218270921,-0.12046539218270921
262.795,0.2,0.056948341266445573,0.056948341266445573
262.8,0.2,0.16914483374807174,0.16914483374807174
262.805,0.2,0.5153023602711706,0.5153023602711706
262.81,0.2,0.6329111636842795,0.6329111636842795
262.815,0.2,0.44207273252156365,0.44207273252156365
262.82,0.2,0.16885724757021145,0.16885724757021145
262.825,0.2,-0.07665500983993971,-0.07665500983993971
262.829999999,0.2,-0.20449671780800144,-0.20449671780800144
262.834999999,0.2,-0.00242951904987004,-0.00242951904987004
262.839999999,0.2,0.3147644816402812,0.3147644816402812
262.845,0.2,0.45915587334893915,0.45915587334893915
262.85,0.2,0.714846234715335,0.714846234715335
262.855,0.2,0.503449480227009,0.503449480227009
262.86,0.2,0.08920027903328265,0.08920027903328265
262.865,0.2,0.085505608105719,0.085505608105719
262.87,0.2,-0.07961844202597201,-0.07961844202597201
262.875,0.2,-0.0930873461810431,-0.0930873461810431
262.88,0.2,0.22231706454980663,0.22231706454980663
262.885,0.2,0.5041501181710953,0.5041501181710953
262.89,0.2,0.5314147400514861,0.5314147400514861
262.894999999,0.2,0.4594990505843675,0.4594990505843675
262.899999999,0.2,0.09129466494093849,0.09129466494093849
262.904999999,0.2,-0.15062093677733285,-0.15062093677733285
262.91,0.2,-0.09858820633244911,-0.09858820633244911
262.915,0.2,0.07274972325885105,0.07274972325885105
262.92,0.2,0.20668579018499963,0.20668579018499963
262.925,0.2,0.39595842206258114,0.39595842206258114
262.93,0.2,0.6436854284717166,0.6436854284717166
262.935,0.2,0.44030337085939164,0.44030337085939164
262.94,0.2,0.1676847060248059,0.1676847060248059
262.945,0.2,-0.04724045842329473,-0.04724045842329473
262.95,0.2,-0.33542032556465384,-0.33542032556465384
262.954999999,0.2,0.14708034190968464,0.14708034190968464
262.959999999,0.2,0.18622297242806984,0.18622297242806984
262.964999999,0.2,0.4712106520574612,0.4712106520574612
262.97,0.2,0.4573501826663232,0.4573501826663232
262.975,0.2,0.5941434366234842,0.5941434366234842
262.98,0.2,0.3055977001260604,0.3055977001260604
262.985,0.2,-0.08161776512751587,-0.08161776512751587
262.99,0.2,-0.18687166734684657,-0.18687166734684657
262.995,0.2,0.031011456007109806,0.031011456007109806
263.0,0.2,0.2692236433443124,0.2692236433443124
263.005,0.2,0.6170207880130635,0.6170207880130635
263.01,0.2,0.6241529794512902,0.6241529794512902
263.015,0.2,0.42023290246891576,0.42023290246891576
263.019999999,0.2,0.32273541760362984,0.32273541760362984
263.024999999,0.2,-0.051783693719285775,-0.051783693719285775
263.029999999,0.2,-0.07549932883653326,-0.07549932883653326
263.035,0.2,-0.005740396068629618,-0.005740396068629618
263.04,0.2,0.1956671065240253,0.1956671065240253
263.045,0.2,0.6278632839572603,0.6278632839572603
263.05,0.2,0.6734962612501517,0.6734962612501517
263.055,0.2,0.6603410450476558,0.6603410450476558
263.06,0.2,0.24519101409908303,0.24519101409908303
263.065,0.2,-0.001140340716936035,-0.001140340716936035
263.07,0.2,-0.13782008014987646,-0.13782008014987646
263.075,0.2,-0.07709710511306991,-0.07709710511306991
263.079999999,0.2,0.21620611236318973,0.21620611236318973
263.084999999,0.2,0.5578194990341777,0.5578194990341777
263.089999999,0.2,0.5596109808532479,0.5596109808532479
263.095,0.2,0.45351435095043896,0.45351435095043896
263.1,0.2,0.3442774237356533,0.3442774237356533
263.105,0.2,0.11048681635396806,0.11048681635396806
263.11,0.2,-0.4070181215558488,-0.4070181215558488
263.115,0.2,0.15929437536967683,0.15929437536967683
263.12,0.2,0.15060488323775015,0.15060488323775015
263.125,0.2,0.39080076957606585,0.39080076957606585
263.13,0.2,0.5727259536546319,0.5727259536546319
263.135,0.2,0.7167901064614111,0.7167901064614111
263.14,0.2,0.4494621793313104,0.4494621793313104
263.144999999,0.2,-0.011486302208027214,-0.011486302208027214
263.149999999,0.2,-0.07872232237684704,-0.07872232237684704
263.154999999,0.2,-0.07695623571713775,-0.07695623571713775
263.16,0.2,0.17753355136134416,0.17753355136134416
263.165,0.2,0.5760172942019681,0.5760172942019681
263.17,0.2,0.6556184607491826,0.6556184607491826
263.175,0.2,0.5371803667797456,0.5371803667797456
263.18,0.2,0.19018223904940734,0.19018223904940734
263.185,0.2,-0.0029091776414199508,-0.0029091776414199508
263.19,0.2,-0.08981082659243877,-0.08981082659243877
263.195,0.2,0.08644701762891877,0.08644701762891877
263.2,0.2,0.28690630802710787,0.28690630802710787
263.204999999,0.2,0.4018424445995489,0.4018424445995489
263.209999999,0.2,0.5201747191013711,0.5201747191013711
263.214999999,0.2,0.4556787602687183,0.4556787602687183
263.22,0.2,0.18426821893336592,0.18426821893336592
263.225,0.2,0.0879268503510035,0.0879268503510035
263.23,0.2,-0.14315412707689337,-0.14315412707689337
263.235,0.2,0.0043646616937671155,0.0043646616937671155
263.24,0.2,0.45273097321869177,0.45273097321869177
263.245,0.2,0.6544301097198789,0.6544301097198789
263.25,0.2,0.7302430888354872,0.7302430888354872
263.255,0.2,0.6114255501194499,0.6114255501194499
263.26,0.2,0.1642593537538631,0.1642593537538631
263.265,0.2,-0.12008021966818566,-0.12008021966818566
263.269999999,0.2,-0.07109698553791341,-0.07109698553791341
263.274999999,0.2,-0.018350457248880448,-0.018350457248880448
263.279999999,0.2,0.4709868417023985,0.4709868417023985
263.285,0.2,0.5124488480189742,0.5124488480189742
263.29,0.2,0.6589680754138444,0.6589680754138444
263.295,0.2,0.3116926616348624,0.3116926616348624
263.3,0.2,0.10360708904508988,0.10360708904508988
263.305,0.2,0.012180711622168612,0.012180711622168612
263.31,0.2,-0.22308680378476534,-0.22308680378476534
263.315,0.2,0.04765327689887277,0.04765327689887277
263.32,0.2,0.449630066499321,0.449630066499321
263.325,0.2,0.2614394045198075,0.2614394045198075
263.329999999,0.2,0.43647780454852386,0.43647780454852386
263.334999999,0.2,0.3053521120226569,0.3053521120226569
263.339999999,0.2,0.1973908070569637,0.1973908070569637
263.345,0.2,0.019504995835088315,0.019504995835088315
263.35,0.2,-0.20343889680005034,-0.20343889680005034
263.355,0.2,-0.1634431615659408,-0.1634431615659408
263.36,0.2,0.17236855424564243,0.17236855424564243
263.365,0.2,0.31828254129654376,0.31828254129654376
263.37,0.2,0.6383479339591716,0.6383479339591716
263.375,0.2,0.3927281979877826,0.3927281979877826
263.38,0.2,0.013422944964334133,0.013422944964334133
263.385,0.2,-0.31861182645917085,-0.31861182645917085
263.39,0.2,-0.26345250305419754,-0.26345250305419754
263.394999999,0.2,-0.049087359394713564,-0.049087359394713564
263.399999999,0.2,0.21960655451919106,0.21960655451919106
263.404999999,0.2,0.5315869292419672,0.5315869292419672
263.41,0.2,0.5761945050317305,0.5761945050317305
263.415,0.2,0.34613834587349107,0.34613834587349107
263.42,0.2,0.13310954181194878,0.13310954181194878
263.425,0.2,-0.1308660320171065,-0.1308660320171065
263.43,0.2,-0.34720360699280384,-0.34720360699280384
263.435,0.2,-0.02039685997089987,-0.02039685997089987
263.44,0.2,0.3452951572708568,0.3452951572708568
263.445,0.2,0.3850730622883729,0.3850730622883729
263.45,0.2,0.4450193715538299,0.4450193715538299
263.454999999,0.2,0.32466217455389185,0.32466217455389185
263.459999999,0.2,0.09021894380265207,0.09021894380265207
263.464999999,0.2,-0.20362253955436782,-0.20362253955436782
263.47,0.2,-0.12774866993350134,-0.12774866993350134
263.475,0.2,-0.18660691995893644,-0.18660691995893644
263.48,0.2,0.22983625846662578,0.22983625846662578
263.485,0.2,0.6257844035000117,0.6257844035000117
263.49,0.2,0.4310019841764979,0.4310019841764979
263.495,0.2,0.41131270622606453,0.41131270622606453
263.5,0.2,0.1426668581039531,0.1426668581039531
263.505,0.2,-0.11234185026555409,-0.11234185026555409
263.51,0.2,-0.15073030609467708,-0.15073030609467708
263.515,0.2,-0.11533070059306272,-0.11533070059306272
263.519999999,0.2,0.11660397019794776,0.11660397019794776
263.524999999,0.2,0.6119647440403909,0.6119647440403909
263.529999999,0.2,0.512869139199529,0.512869139199529
263.535,0.2,0.5119898316230945,0.5119898316230945
263.54,0.2,0.08455381429637525,0.08455381429637525
263.545,0.2,-0.11501753508721196,-0.11501753508721196
263.55,0.2,-0.13966656198682031,-0.13966656198682031
263.555,0.2,-0.048041447860237674,-0.048041447860237674
263.56,0.2,0.16811610846378872,0.16811610846378872
263.565,0.2,0.40367163431170294,0.40367163431170294
263.57,0.2,0.6133879280446076,0.6133879280446076
263.575,0.2,0.28733832197425724,0.28733832197425724
263.579999999,0.2,0.19090461313005055,0.19090461313005055
263.584999999,0.2,-0.20470807565599355,-0.20470807565599355
263.589999999,0.2,-0.3175247600732725,-0.3175247600732725
263.595,0.2,-0.1213442775198246,-0.1213442775198246
263.6,0.2,0.32981192511979435,0.32981192511979435
263.605,0.2,0.3556795246074563,0.3556795246074563
263.61,0.2,0.592790741595502,0.592790741595502
263.615,0.2,0.3678896763256937,0.3678896763256937
263.62,0.2,0.09043927680959485,0.09043927680959485
263.625,0.2,-0.01695634444922378,-0.01695634444922378
263.63,0.2,-0.2971072179829577,-0.2971072179829577
263.635,0.2,0.00411118473831501,0.00411118473831501
263.64,0.2,0.09446756926935458,0.09446756926935458
263.644999999,0.2,0.6096346511634079,0.6096346511634079
263.649999999,0.2,0.53340493715665,0.53340493715665
263.654999999,0.2,0.3847005017887868,0.3847005017887868
263.66,0.2,0.08770687340213174,0.08770687340213174
263.665,0.2,-0.17447151269545855,-0.17447151269545855
263.67,0.2,-0.17356032894937387,-0.17356032894937387
263.675,0.2,-0.08940836703425326,-0.08940836703425326
263.68,0.2,0.29308557116907125,0.29308557116907125
263.685,0.2,0.6108773251331029,0.6108773251331029
263.69,0.2,0.5160993066385526,0.5160993066385526
263.695,0.2,0.2763952786280413,0.2763952786280413
263.7,0.2,0.18443970201402135,0.18443970201402135
263.704999999,0.2,0.03498304349223352,0.03498304349223352
263.709999999,0.2,-0.3793926944588545,-0.3793926944588545
263.714999999,0.2,-0.07015235255620933,-0.07015235255620933
263.72,0.2,0.062361782880332936,0.062361782880332936
263.725,0.2,0.42053942435104247,0.42053942435104247
263.73,0.2,0.39362540914374533,0.39362540914374533
263.735,0.2,0.40988026235770014,0.40988026235770014
263.74,0.2,0.15238427966670193,0.15238427966670193
263.745,0.2,-0.19942313003859968,-0.19942313003859968
263.75,0.2,-0.3155529094973753,-0.3155529094973753
263.755,0.2,-0.03374258228081908,-0.03374258228081908
263.76,0.2,0.14362480045030515,0.14362480045030515
263.765,0.2,0.34059384733851183,0.34059384733851183
263.769999999,0.2,0.5043840654742912,0.5043840654742912
263.774999999,0.2,0.15354810751939452,0.15354810751939452
263.779999999,0.2,0.2664924849179595,0.2664924849179595
263.785,0.2,-0.07957752122565884,-0.07957752122565884
263.79,0.2,-0.279905745103359,-0.279905745103359
263.795,0.2,-0.1559328064486507,-0.1559328064486507
263.8,0.2,0.20951292659503326,0.20951292659503326
263.805,0.2,0.4211322819573576,0.4211322819573576
263.81,0.2,0.5294279393209418,0.5294279393209418
263.815,0.2,0.26242696098491725,0.26242696098491725
263.82,0.2,0.233637415539378,0.233637415539378
263.825,0.2,-0.25857999015901206,-0.25857999015901206
263.829999999,0.2,0.04159289323814708,0.04159289323814708
263.834999999,0.2,-0.17043810863749176,-0.17043810863749176
263.839999999,0.2,0.08984190796064292,0.08984190796064292
263.845,0.2,0.28857898232302903,0.28857898232302903
263.85,0.2,0.5293290683324413,0.5293290683324413
263.855,0.2,0.4200279219687746,0.4200279219687746
263.86,0.2,0.29038498512652544,0.29038498512652544
263.865,0.2,-0.24766504170238424,-0.24766504170238424
263.87,0.2,-0.07764157036971825,-0.07764157036971825
263.875,0.2,-0.10080654814485852,-0.10080654814485852
263.88,0.2,0.30918357942262387,0.30918357942262387
263.885,0.2,0.28706834241588186,0.28706834241588186
263.89,0.2,0.4933763896547148,0.4933763896547148
263.894999999,0.2,0.5041947124831997,0.5041947124831997
263.899999999,0.2,0.09379345011815263,0.09379345011815263
263.904999999,0.2,-0.21542917112036447,-0.21542917112036447
263.91,0.2,-0.10585147520530995,-0.10585147520530995
263.915,0.2,-0.05551085956328036,-0.05551085956328036
263.92,0.2,0.10794962173947822,0.10794962173947822
263.925,0.2,0.556432775187207,0.556432775187207
263.93,0.2,0.5037702643585661,0.5037702643585661
263.935,0.2,0.48634599543341445,0.48634599543341445
263.94,0.2,0.06003345876632904,0.06003345876632904
263.945,0.2,0.02691414712538774,0.02691414712538774
263.95,0.2,-0.36140009183145905,-0.36140009183145905
263.954999999,0.2,-0.10953980772772634,-0.10953980772772634
263.959999999,0.2,0.20587380182076997,0.20587380182076997
263.964999999,0.2,0.5094338304336326,0.5094338304336326
263.97,0.2,0.4829582725643996,0.4829582725643996
263.975,0.2,0.4395716542818154,0.4395716542818154
263.98,0.2,0.18280501427932425,0.18280501427932425
263.985,0.2,0.0037299530807716474,0.0037299530807716474
263.99,0.2,-0.3283878402624279,-0.3283878402624279
263.995,0.2,-0.13530688678232955,-0.13530688678232955
264.0,0.2,0.18905367989774932,0.18905367989774932
264.005,0.2,0.4421321650117502,0.4421321650117502
264.01,0.2,0.6068515053088139,0.6068515053088139
264.015,0.2,0.24379552545848737,0.24379552545848737
264.019999999,0.2,0.24667951534688737,0.24667951534688737
264.024999999,0.2,-0.06503200261034744,-0.06503200261034744
264.029999999,0.2,-0.1933516237219492,-0.1933516237219492
264.035,0.2,-0.09479755347387211,-0.09479755347387211
264.04,0.2,0.12072572042527424,0.12072572042527424
264.045,0.2,0.3203386842224357,0.3203386842224357
264.05,0.2,0.49794294421377866,0.49794294421377866
264.055,0.2,0.6115019307624369,0.6115019307624369
264.06,0.2,0.1347036127791718,0.1347036127791718
264.065,0.2,0.0034592386536234088,0.0034592386536234088
264.07,0.2,-0.250229473187206,-0.250229473187206
264.075,0.2,-0.028512760556955924,-0.028512760556955924
264.079999999,0.2,0.06073874451207592,0.06073874451207592
264.084999999,0.2,0.5503475349086707,0.5503475349086707
264.089999999,0.2,0.4804451936210872,0.4804451936210872
264.095,0.2,0.3912691607789928,0.3912691607789928
264.1,0.2,0.025350096859870774,0.025350096859870774
264.105,0.2,-0.2692932569869602,-0.2692932569869602
264.11,0.2,-0.22207740767342296,-0.22207740767342296
264.115,0.2,-0.03662615490304863,-0.03662615490304863
264.12,0.2,0.28766542494351105,0.28766542494351105
264.125,0.2,0.540040480710347,0.540040480710347
264.13,0.2,0.6010496564674292,0.6010496564674292
264.135,0.2,0.6234972384912028,0.6234972384912028
264.14,0.2,0.08336426083040052,0.08336426083040052
264.144999999,0.2,-0.0993533125559013,-0.0993533125559013
264.149999999,0.2,-0.13382539651311978,-0.13382539651311978
264.154999999,0.2,-0.12061205210902295,-0.12061205210902295
264.16,0.2,0.12762895656614653,0.12762895656614653
264.165,0.2,0.5931535436404948,0.5931535436404948
264.17,0.2,0.6018731204019374,0.6018731204019374
264.175,0.2,0.4120111349450305,0.4120111349450305
264.18,0.2,0.1177819676027674,0.1177819676027674
264.185,0.2,-0.23697453961114986,-0.23697453961114986
264.19,0.2,-0.17976145200876492,-0.17976145200876492
264.195,0.2,-0.10888858339884842,-0.10888858339884842
264.2,0.2,0.03177084751750356,0.03177084751750356
264.204999999,0.2,0.39905916004403397,0.39905916004403397
264.209999999,0.2,0.6009793856001979,0.6009793856001979
264.214999999,0.2,0.3212018059559013,0.3212018059559013
264.22,0.2,0.17458552084577295,0.17458552084577295
264.225,0.2,-0.19633091564816416,-0.19633091564816416
264.23,0.2,-0.23259104312312195,-0.23259104312312195
264.235,0.2,-0.21976792007394425,-0.21976792007394425
264.24,0.2,0.18741444249203484,0.18741444249203484
264.245,0.2,0.4398381478237015,0.4398381478237015
264.25,0.2,0.5176916328892031,0.5176916328892031
264.255,0.2,0.32712990444903917,0.32712990444903917
264.26,0.2,0.10868617118111831,0.10868617118111831
264.265,0.2,-0.12702981250693593,-0.12702981250693593
264.269999999,0.2,-0.24930076394348052,-0.24930076394348052
264.274999999,0.2,-0.03387773519884166,-0.03387773519884166
264.279999999,0.2,0.11613104513015698,0.11613104513015698
264.285,0.2,0.2755606135081881,0.2755606135081881
264.29,0.2,0.512191006695109,0.512191006695109
264.295,0.2,0.308363773323818,0.308363773323818
264.3,0.2,0.3233936250191984,0.3233936250191984
264.305,0.2,-0.1024202054937465,-0.1024202054937465
264.31,0.2,-0.23394470908384885,-0.23394470908384885
264.315,0.2,-0.1426567601059279,-0.1426567601059279
264.32,0.2,0.23951287795034382,0.23951287795034382
264.325,0.2,0.42223472114885907,0.42223472114885907
264.329999999,0.2,0.659658791066749,0.659658791066749
264.334999999,0.2,0.26494647318439957,0.26494647318439957
264.339999999,0.2,0.2198439376429979,0.2198439376429979
264.345,0.2,-0.049483168143901524,-0.049483168143901524
264.35,0.2,-0.07798962964841805,-0.07798962964841805
264.355,0.2,0.10262412819407313,0.10262412819407313
264.36,0.2,-0.011013773984711789,-0.011013773984711789
264.365,0.2,0.5313223903210407,0.5313223903210407
264.37,0.2,0.4963441392048469,0.4963441392048469
264.375,0.2,0.4912994708063596,0.4912994708063596
264.38,0.2,0.12188898237369641,0.12188898237369641
264.385,0.2,0.045321789033022586,0.045321789033022586
264.39,0.2,-0.29639576243070054,-0.29639576243070054
264.394999999,0.2,-0.22490614738734505,-0.22490614738734505
264.399999999,0.2,-0.03546193117543811,-0.03546193117543811
264.404999999,0.2,0.3710366186210371,0.3710366186210371
264.41,0.2,0.38326218759790254,0.38326218759790254
264.415,0.2,0.36710260071480766,0.36710260071480766
264.42,0.2,0.13921106904674302,0.13921106904674302
264.425,0.2,-0.08375788575336168,-0.08375788575336168
264.43,0.2,-0.12945826992592752,-0.12945826992592752
264.435,0.2,-0.230078629542125,-0.230078629542125
264.44,0.2,0.07971190070727419,0.07971190070727419
264.445,0.2,0.49531548878958853,0.49531548878958853
264.45,0.2,0.5361521242723025,0.5361521242723025
264.454999999,0.2,0.4753045868693058,0.4753045868693058
264.459999999,0.2,0.12661310238840992,0.12661310238840992
264.464999999,0.2,-0.08205503835517072,-0.08205503835517072
264.47,0.2,-0.26640958148172866,-0.26640958148172866
264.475,0.2,-0.21760261286221422,-0.21760261286221422
264.48,0.2,0.05861642901122245,0.05861642901122245
264.485,0.2,0.390908603556327,0.390908603556327
264.49,0.2,0.6136507266820843,0.6136507266820843
264.495,0.2,0.42609671998686016,0.42609671998686016
264.5,0.2,0.23656445019218436,0.23656445019218436
264.505,0.2,-0.15405569017490695,-0.15405569017490695
264.51,0.2,-0.2818854149712874,-0.2818854149712874
264.515,0.2,-0.0638699973148463,-0.0638699973148463
264.519999999,0.2,0.05381449111515406,0.05381449111515406
264.524999999,0.2,0.3821818535193004,0.3821818535193004
264.529999999,0.2,0.41655479125187056,0.41655479125187056
264.535,0.2,0.43416283398011724,0.43416283398011724
264.54,0.2,0.27310717959929487,0.27310717959929487
264.545,0.2,-0.2575755563611979,-0.2575755563611979
264.55,0.2,-0.1502443143390206,-0.1502443143390206
264.555,0.2,0.03912357290365122,0.03912357290365122
264.56,0.2,0.2507110308271683,0.2507110308271683
264.565,0.2,0.5394641768147634,0.5394641768147634
264.57,0.2,0.4759331147158788,0.4759331147158788
264.575,0.2,0.5991152301213091,0.5991152301213091
264.579999999,0.2,0.09540999075947033,0.09540999075947033
264.584999999,0.2,-0.08602397967313917,-0.08602397967313917
264.589999999,0.2,-0.205028525993708,-0.205028525993708
264.595,0.2,0.029305287150627787,0.029305287150627787
264.6,0.2,0.15266869984588863,0.15266869984588863
264.605,0.2,0.49462719989729054,0.49462719989729054
264.61,0.2,0.4832581797714945,0.4832581797714945
264.615,0.2,0.3366054714341669,0.3366054714341669
264.62,0.2,0.1562684997249989,0.1562684997249989
264.625,0.2,-0.011884831533477996,-0.011884831533477996
264.63,0.2,-0.13452061025911716,-0.13452061025911716
264.635,0.2,-0.023035790739260358,-0.023035790739260358
264.64,0.2,0.12701316135308108,0.12701316135308108
264.644999999,0.2,0.6800915158726538,0.6800915158726538
264.649999999,0.2,0.3483744467780633,0.3483744467780633
264.654999999,0.2,0.40643847587896353,0.40643847587896353
264.66,0.2,0.3027095002118272,0.3027095002118272
264.665,0.2,-0.1972789569084722,-0.1972789569084722
264.67,0.2,-0.2580220945154602,-0.2580220945154602
264.675,0.2,-0.059213218670293215,-0.059213218670293215
264.68,0.2,0.22133971875879963,0.22133971875879963
264.685,0.2,0.48761187085154917,0.48761187085154917
264.69,0.2,0.516740715081254,0.516740715081254
264.695,0.2,0.38723310481033457,0.38723310481033457
264.7,0.2,0.35195993704597045,0.35195993704597045
264.704999999,0.2,-0.11199688572155304,-0.11199688572155304
264.709999999,0.2,-0.08486155215285032,-0.08486155215285032
264.714999999,0.2,0.12150892362967944,0.12150892362967944
264.72,0.2,0.15747048416318016,0.15747048416318016
264.725,0.2,0.5611316613607124,0.5611316613607124
264.73,0.2,0.39857040589208614,0.39857040589208614
264.735,0.2,0.5163750105800365,0.5163750105800365
264.74,0.2,0.1442645644645511,0.1442645644645511
264.745,0.2,-0.008577588413081547,-0.008577588413081547
264.75,0.2,-0.042908581899118795,-0.042908581899118795
264.755,0.2,0.1208888426608411,0.1208888426608411
264.76,0.2,0.4910210868478656,0.4910210868478656
264.765,0.2,0.28639515969346974,0.28639515969346974
264.769999999,0.2,0.6456664987321058,0.6456664987321058
264.774999999,0.2,0.5550180213474332,0.5550180213474332
264.779999999,0.2,0.1751624092353987,0.1751624092353987
264.785,0.2,0.06153747387077614,0.06153747387077614
264.79,0.2,-0.1292720371140579,-0.1292720371140579
264.795,0.2,-0.021204332068431336,-0.021204332068431336
264.8,0.2,0.3467348372371897,0.3467348372371897
264.805,0.2,0.6874744052107465,0.6874744052107465
264.81,0.2,0.5731004285502522,0.5731004285502522
264.815,0.2,0.4788304085222217,0.4788304085222217
264.82,0.2,0.2561831944428419,0.2561831944428419
264.825,0.2,-0.18652744587117484,-0.18652744587117484
264.829999999,0.2,-0.07609895242522154,-0.07609895242522154
264.834999999,0.2,-0.08293500254689312,-0.08293500254689312
264.839999999,0.2,0.14973733970888325,0.14973733970888325
264.845,0.2,0.6823335429648542,0.6823335429648542
264.85,0.2,0.6831061432524039,0.6831061432524039
264.855,0.2,0.5177453666257588,0.5177453666257588
264.86,0.2,0.28320535718725476,0.28320535718725476
264.865,0.2,-0.009235512924391988,-0.009235512924391988
264.87,0.2,-0.03136317496769331,-0.03136317496769331
264.875,0.2,-0.04197887456529749,-0.04197887456529749
264.88,0.2,0.28780133290122967,0.28780133290122967
264.885,0.2,0.3020565405209371,0.3020565405209371
264.89,0.2,0.5151732482755057,0.5151732482755057
264.894999999,0.2,0.3012797290794387,0.3012797290794387
264.899999999,0.2,0.04926378205958781,0.04926378205958781
264.904999999,0.2,-0.013913803578561,-0.013913803578561
264.91,0.2,-0.1668582486570795,-0.1668582486570795
264.915,0.2,-0.09825601004212677,-0.09825601004212677
264.92,0.2,0.2729849978660039,0.2729849978660039
264.925,0.2,0.3986210573376575,0.3986210573376575
264.93,0.2,0.6143191547592756,0.6143191547592756
264.935,0.2,0.46341778438730863,0.46341778438730863
264.94,0.2,-0.005857315142302727,-0.005857315142302727
264.945,0.2,-0.20086399775409278,-0.20086399775409278
264.95,0.2,-0.22203409899186377,-0.22203409899186377
264.954999999,0.2,-0.10563361855321748,-0.10563361855321748
264.959999999,0.2,-0.11598233195888571,-0.11598233195888571
264.964999999,0.2,0.36631909864610535,0.36631909864610535
264.97,0.2,0.5761685673185778,0.5761685673185778
264.975,0.2,0.36460557553876743,0.36460557553876743
264.98,0.2,0.09158795190856894,0.09158795190856894
264.985,0.2,-0.22095819379288884,-0.22095819379288884
264.99,0.2,-0.43178844877256506,-0.43178844877256506
264.995,0.2,-0.2437384776314822,-0.2437384776314822
265.0,0.2,-0.040875161404517635,-0.040875161404517635
265.005,0.2,0.1889657390242495,0.1889657390242495
265.01,0.2,0.4258627439372255,0.4258627439372255
265.015,0.2,0.38675540892925675,0.38675540892925675
265.019999999,0.2,0.14625976449565573,0.14625976449565573
265.024999999,0.2,-0.25417109496999785,-0.25417109496999785
265.029999999,0.2,-0.3685412829913087,-0.3685412829913087
265.035,0.2,-0.21654078689624418,-0.21654078689624418
265.04,0.2,-0.06661560412109116,-0.06661560412109116
265.045,0.2,0.29863290063531656,0.29863290063531656
265.05,0.2,0.6808615052917241,0.6808615052917241
265.055,0.2,0.5269698655058926,0.5269698655058926
265.06,0.2,0.08896970072191994,0.08896970072191994
265.065,0.2,-0.11495533561467366,-0.11495533561467366
265.07,0.2,-0.1740223008523055,-0.1740223008523055
265.075,0.2,-0.3194474555870942,-0.3194474555870942
265.079999999,0.2,-0.17484216493487126,-0.17484216493487126
265.084999999,0.2,0.2242967570405533,0.2242967570405533
265.089999999,0.2,0.5356670244848193,0.5356670244848193
265.095,0.2,0.6304229804822423,0.6304229804822423
265.1,0.2,0.07556874829202731,0.07556874829202731
265.105,0.2,-0.15303422898040966,-0.15303422898040966
265.11,0.2,-0.42706669109030937,-0.42706669109030937
265.115,0.2,-0.13381292002016076,-0.13381292002016076
265.12,0.2,0.20280779646265898,0.20280779646265898
265.125,0.2,0.3946125945619726,0.3946125945619726
265.13,0.2,0.3825076444907497,0.3825076444907497
265.135,0.2,0.17927724129076786,0.17927724129076786
265.14,0.2,0.06641666655347897,0.06641666655347897
265.144999999,0.2,-0.028232562058647104,-0.028232562058647104
265.149999999,0.2,-0.41414805267643284,-0.41414805267643284
265.154999999,0.2,-0.23706143862573315,-0.23706143862573315
265.16,0.2,0.07919313748988334,0.07919313748988334
265.165,0.2,0.25116292138008106,0.25116292138008106
265.17,0.2,0.4065963720397841,0.4065963720397841
265.175,0.2,0.38479484388804364,0.38479484388804364
265.18,0.2,0.05099609357660574,0.05099609357660574
265.185,0.2,-0.22422541412014774,-0.22422541412014774
265.19,0.2,-0.30823646827457063,-0.30823646827457063
265.195,0.2,0.07292491100166026,0.07292491100166026
265.2,0.2,0.1992667430534859,0.1992667430534859
265.204999999,0.2,0.5017754981084332,0.5017754981084332
265.209999999,0.2,0.4455668460072879,0.4455668460072879
265.214999999,0.2,0.09215274636657322,0.09215274636657322
265.22,0.2,0.2085196132285827,0.2085196132285827
265.225,0.2,-0.0804289642760252,-0.0804289642760252
265.23,0.2,0.037508222922429696,0.037508222922429696
265.235,0.2,-0.05903335435310198,-0.05903335435310198
265.24,0.2,0.114947912430759,0.114947912430759
265.245,0.2,0.4514256606173022,0.4514256606173022
265.25,0.2,0.4446336557511114,0.4446336557511114
265.255,0.2,0.27808306565034374,0.27808306565034374
265.26,0.2,0.08757286275432767,0.08757286275432767
265.265,0.2,-0.14150754081603822,-0.14150754081603822
265.269999999,0.2,-0.26013584621351105,-0.26013584621351105
265.274999999,0.2,-0.025389924388584256,-0.025389924388584256
265.279999999,0.2,0.19432077831482744,0.19432077831482744
265.285,0.2,0.4702955361019073,0.4702955361019073
265.29,0.2,0.5024708914621044,0.5024708914621044
265.295,0.2,0.38360639246939626,0.38360639246939626
265.3,0.2,0.0842684653026978,0.0842684653026978
265.305,0.2,-0.12337316962386258,-0.12337316962386258
265.31,0.2,-0.1886119165142275,-0.1886119165142275
265.315,0.2,-0.08833064160428994,-0.08833064160428994
265.32,0.2,0.1559189187133326,0.1559189187133326
265.325,0.2,0.3759233259971232,0.3759233259971232
265.329999999,0.2,0.501932638272373,0.501932638272373
265.334999999,0.2,0.39245575127697746,0.39245575127697746
265.339999999,0.2,0.3015644401166051,0.3015644401166051
265.345,0.2,-0.17602203345850495,-0.17602203345850495
265.35,0.2,-0.16108301638560907,-0.16108301638560907
265.355,0.2,0.024880691511816808,0.024880691511816808
265.36,0.2,-0.0063626535270133455,-0.0063626535270133455
265.365,0.2,0.4505954886858402,0.4505954886858402
265.37,0.2,0.537052720823471,0.537052720823471
265.375,0.2,0.513519394035569,0.513519394035569
265.38,0.2,0.18461611227793157,0.18461611227793157
265.385,0.2,-0.1789254777107403,-0.1789254777107403
265.39,0.2,-0.30250163666118224,-0.30250163666118224
265.394999999,0.2,-0.21263058290276754,-0.21263058290276754
265.399999999,0.2,0.12480543196767263,0.12480543196767263
265.404999999,0.2,0.4797125805440219,0.4797125805440219
265.41,0.2,0.6160234158054552,0.6160234158054552
265.415,0.2,0.40848498157105007,0.40848498157105007
265.42,0.2,0.14772452574007824,0.14772452574007824
265.425,0.2,-0.18230653746150294,-0.18230653746150294
265.43,0.2,-0.3331064687373533,-0.3331064687373533
265.435,0.2,0.09439640427277302,0.09439640427277302
265.44,0.2,0.2599738745448986,0.2599738745448986
265.445,0.2,0.4553114049875528,0.4553114049875528
265.45,0.2,0.5112187013619959,0.5112187013619959
265.454999999,0.2,0.30357993489719187,0.30357993489719187
265.459999999,0.2,0.2914315629348427,0.2914315629348427
265.464999999,0.2,-0.0707729164525715,-0.0707729164525715
265.47,0.2,-0.3218019437867015,-0.3218019437867015
265.475,0.2,-0.03279263564276362,-0.03279263564276362
265.48,0.2,0.2928492114704733,0.2928492114704733
265.485,0.2,0.42053636035762776,0.42053636035762776
265.49,0.2,0.6697724511121104,0.6697724511121104
265.495,0.2,0.3537247489970367,0.3537247489970367
265.5,0.2,0.144617058518536,0.144617058518536
265.505,0.2,-0.05795987426884586,-0.05795987426884586
265.51,0.2,-0.1975049496409747,-0.1975049496409747
265.515,0.2,-0.055419304243503,-0.055419304243503
265.519999999,0.2,0.20935643119098207,0.20935643119098207
265.524999999,0.2,0.49309210294656025,0.49309210294656025
265.529999999,0.2,0.6482026627599413,0.6482026627599413
265.535,0.2,0.2843038959455527,0.2843038959455527
265.54,0.2,0.09519489748204513,0.09519489748204513
265.545,0.2,-0.17231612630100446,-0.17231612630100446
265.55,0.2,-0.21011375434486634,-0.21011375434486634
265.555,0.2,-0.07024443833087304,-0.07024443833087304
265.56,0.2,0.25055208212262714,0.25055208212262714
265.565,0.2,0.22366653989140345,0.22366653989140345
265.57,0.2,0.35524913550397497,0.35524913550397497
265.575,0.2,0.5321378983980775,0.5321378983980775
265.579999999,0.2,0.05770999037708946,0.05770999037708946
265.584999999,0.2,-0.17959758955300353,-0.17959758955300353
265.589999999,0.2,-0.20404102574551555,-0.20404102574551555
265.595,0.2,-0.03270736851777599,-0.03270736851777599
265.6,0.2,0.17937161607854102,0.17937161607854102
265.605,0.2,0.3653643132945925,0.3653643132945925
265.61,0.2,0.600993845315562,0.600993845315562
265.615,0.2,0.4427053151766648,0.4427053151766648
265.62,0.2,0.16724711103234743,0.16724711103234743
265.625,0.2,-0.3573775681234843,-0.3573775681234843
265.63,0.2,-0.17834576786397804,-0.17834576786397804
265.635,0.2,-0.028791935860897754,-0.028791935860897754
265.64,0.2,0.11434103755376468,0.11434103755376468
265.644999999,0.2,0.43274506172041116,0.43274506172041116
265.649999999,0.2,0.6434830962455184,0.6434830962455184
265.654999999,0.2,0.4745339325594758,0.4745339325594758
265.66,0.2,0.33957494472272737,0.33957494472272737
265.665,0.2,-0.11737665666103186,-0.11737665666103186
265.67,0.2,-0.28763206021768517,-0.28763206021768517
265.675,0.2,-0.03481289793985162,-0.03481289793985162
265.68,0.2,0.25404664471094063,0.25404664471094063
265.685,0.2,0.5516695188244904,0.5516695188244904
265.69,0.2,0.6074125135237914,0.6074125135237914
265.695,0.2,0.5534438606132761,0.5534438606132761
265.7,0.2,0.2793529960427076,0.2793529960427076
265.704999999,0.2,-0.05748315389739405,-0.05748315389739405
265.709999999,0.2,-0.18081607980184627,-0.18081607980184627
265.714999999,0.2,-0.19162666161136802,-0.19162666161136802
265.72,0.2,0.13239947799821655,0.13239947799821655
265.725,0.2,0.6648756635678189,0.6648756635678189
265.73,0.2,0.5584926275854715,0.5584926275854715
265.735,0.2,0.3865524539566153,0.3865524539566153
265.74,0.2,0.24301632144422106,0.24301632144422106
265.745,0.2,-0.012324586953570964,-0.012324586953570964
265.75,0.2,-0.00834222772476112,-0.00834222772476112
265.755,0.2,0.050036969546444765,0.050036969546444765
265.76,0.2,0.04178663462671445,0.04178663462671445
265.765,0.2,0.542426246280362,0.542426246280362
265.769999999,0.2,0.4340957767857229,0.4340957767857229
265.774999999,0.2,0.3856212580327001,0.3856212580327001
265.779999999,0.2,0.3431884879618937,0.3431884879618937
265.785,0.2,-0.0277084660858321,-0.0277084660858321
265.79,0.2,-0.14646267819969108,-0.14646267819969108
265.795,0.2,0.020005239986484513,0.020005239986484513
265.8,0.2,0.0561450612781309,0.0561450612781309
265.805,0.2,0.5236896646342686,0.5236896646342686
265.81,0.2,0.4496053101016643,0.4496053101016643
265.815,0.2,0.41791447764894935,0.41791447764894935
265.82,0.2,0.14434991043324047,0.14434991043324047
265.825,0.2,-0.1028794657530821,-0.1028794657530821
265.829999999,0.2,-0.2030346835234295,-0.2030346835234295
265.834999999,0.2,0.015831725176517805,0.015831725176517805
265.839999999,0.2,0.2597330315786105,0.2597330315786105
265.845,0.2,0.5185828645819999,0.5185828645819999
265.85,0.2,0.9068353202146824,0.9068353202146824
265.855,0.2,0.48962817964835764,0.48962817964835764
265.86,0.2,0.24417558212083137,0.24417558212083137
265.865,0.2,0.13053333445887752,0.13053333445887752
265.87,0.2,-0.191251728482509,-0.191251728482509
265.875,0.2,-0.20395866258625167,-0.20395866258625167
265.88,0.2,0.381171763463816,0.381171763463816
265.885,0.2,0.45066679870975584,0.45066679870975584
265.89,0.2,0.5488916264107481,0.5488916264107481
265.894999999,0.2,0.480833141850866,0.480833141850866
265.899999999,0.2,0.2702492613181795,0.2702492613181795
265.904999999,0.2,0.02877548445694074,0.02877548445694074
265.91,0.2,-0.189695805864682,-0.189695805864682
265.915,0.2,-0.1322259475279259,-0.1322259475279259
265.92,0.2,0.3383617611925153,0.3383617611925153
265.925,0.2,0.39624154169118125,0.39624154169118125
265.93,0.2,0.7513716622328531,0.7513716622328531
265.935,0.2,0.5288603132344241,0.5288603132344241
265.94,0.2,0.13511584643541574,0.13511584643541574
265.945,0.2,0.07954354163129992,0.07954354163129992
265.95,0.2,-0.15861134655550135,-0.15861134655550135
265.954999999,0.2,0.05223073784068044,0.05223073784068044
265.959999999,0.2,0.2509501018744125,0.2509501018744125
265.964999999,0.2,0.6328994950249873,0.6328994950249873
265.97,0.2,0.7341989297279243,0.7341989297279243
265.975,0.2,0.438834852050709,0.438834852050709
265.98,0.2,0.30773465422148827,0.30773465422148827
265.985,0.2,-0.11368684133861624,-0.11368684133861624
265.99,0.2,-0.22649346922802582,-0.22649346922802582
265.995,0.2,-0.01177306459927086,-0.01177306459927086
266.0,0.2,0.35400477014782483,0.35400477014782483
266.005,0.2,0.5221178378842853,0.5221178378842853
266.01,0.2,0.6465211959852742,0.6465211959852742
266.015,0.2,0.4524846437392718,0.4524846437392718
266.019999999,0.2,0.3075701250274778,0.3075701250274778
266.024999999,0.2,-0.13518741866739295,-0.13518741866739295
266.029999999,0.2,-0.04524549157860541,-0.04524549157860541
266.035,0.2,-0.020598839131099646,-0.020598839131099646
266.04,0.2,0.35010988100258716,0.35010988100258716
266.045,0.2,0.41867209029021946,0.41867209029021946
266.05,0.2,0.6724076987571678,0.6724076987571678
266.055,0.2,0.45967407819955697,0.45967407819955697
266.06,0.2,0.23515879233450745,0.23515879233450745
266.065,0.2,0.1028575692550171,0.1028575692550171
266.07,0.2,0.014230020619138889,0.014230020619138889
266.075,0.2,-0.1381489172361904,-0.1381489172361904
266.079999999,0.2,0.23477155310036085,0.23477155310036085
266.084999999,0.2,0.5459018020830417,0.5459018020830417
266.089999999,0.2,0.43048457791382855,0.43048457791382855
266.095,0.2,0.5568849771640071,0.5568849771640071
266.1,0.2,0.26076111197459945,0.26076111197459945
266.105,0.2,0.021266217125687985,0.021266217125687985
266.11,0.2,-0.20483341217381967,-0.20483341217381967
266.115,0.2,0.04184470683412648,0.04184470683412648
266.12,0.2,0.16535486406388367,0.16535486406388367
266.125,0.2,0.5761344863858051,0.5761344863858051
266.13,0.2,0.5891647309819493,0.5891647309819493
266.135,0.2,0.4409642257855978,0.4409642257855978
266.14,0.2,0.06790136994322865,0.06790136994322865
266.144999999,0.2,-0.048601406220703275,-0.048601406220703275
266.149999999,0.2,-0.16250049642129527,-0.16250049642129527
266.154999999,0.2,-0.005758297530220689,-0.005758297530220689
266.16,0.2,0.16358631846549487,0.16358631846549487
266.165,0.2,0.493071423148329,0.493071423148329
266.17,0.2,0.6231299218182124,0.6231299218182124
266.175,0.2,0.43391043491944853,0.43391043491944853
266.18,0.2,0.0924761291707172,0.0924761291707172
266.185,0.2,-0.18967934882113247,-0.18967934882113247
266.19,0.2,-0.20965013642748287,-0.20965013642748287
266.195,0.2,-0.06683618636284881,-0.06683618636284881
266.2,0.2,0.08655709810257264,0.08655709810257264
266.204999999,0.2,0.5106442815293772,0.5106442815293772
266.209999999,0.2,0.5770189759560573,0.5770189759560573
266.214999999,0.2,0.6276823309676345,0.6276823309676345
266.22,0.2,0.12680647388790142,0.12680647388790142
266.225,0.2,-0.06287570132663459,-0.06287570132663459
266.23,0.2,-0.011631834358828558,-0.011631834358828558
266.235,0.2,-0.028418091729973477,-0.028418091729973477
266.24,0.2,0.22264640150233944,0.22264640150233944
266.245,0.2,0.5694073954625984,0.5694073954625984
266.25,0.2,0.6775002203289573,0.6775002203289573
266.255,0.2,0.4065584476501834,0.4065584476501834
266.26,0.2,0.10247429367781202,0.10247429367781202
266.265,0.2,0.008193842838272777,0.008193842838272777
266.269999999,0.2,-0.09500804128142785,-0.09500804128142785
266.274999999,0.2,-0.10296653016433042,-0.10296653016433042
266.279999999,0.2,0.4233682554872884,0.4233682554872884
266.285,0.2,0.6527006807067359,0.6527006807067359
266.29,0.2,0.4372162796860721,0.4372162796860721
266.295,0.2,0.36338446966350046,0.36338446966350046
266.3,0.2,0.06521410574842343,0.06521410574842343
266.305,0.2,-0.04798927930641343,-0.04798927930641343
266.31,0.2,-0.1367830091202036,-0.1367830091202036
266.315,0.2,0.03285133530281337,0.03285133530281337
266.32,0.2,0.16723729799399653,0.16723729799399653
266.325,0.2,0.5194672610140334,0.5194672610140334
266.329999999,0.2,0.504887397532208,0.504887397532208
266.334999999,0.2,0.5603819792714677,0.5603819792714677
266.339999999,0.2,0.18667816500310333,0.18667816500310333
266.345,0.2,0.09487616663880874,0.09487616663880874
266.35,0.2,-0.23620775705995706,-0.23620775705995706
266.355,0.2,-0.030551276074172854,-0.030551276074172854
266.36,0.2,0.3231824789778738,0.3231824789778738
266.365,0.2,0.4285730314879324,0.4285730314879324
266.37,0.2,0.6549354505483667,0.6549354505483667
266.375,0.2,0.470814591290713,0.470814591290713
266.38,0.2,0.14103502338068935,0.14103502338068935
266.385,0.2,0.04484428421171073,0.04484428421171073
266.39,0.2,-0.2644157408741883,-0.2644157408741883
266.394999999,0.2,-0.15035811470786545,-0.15035811470786545
266.399999999,0.2,0.18370836390844208,0.18370836390844208
266.404999999,0.2,0.5999754679323217,0.5999754679323217
266.41,0.2,0.5524561207504896,0.5524561207504896
266.415,0.2,0.5464427828922559,0.5464427828922559
266.42,0.2,0.2505455459670638,0.2505455459670638
266.425,0.2,-0.1372552095433467,-0.1372552095433467
266.43,0.2,-0.17993758841462376,-0.17993758841462376
266.435,0.2,-0.06303961216679688,-0.06303961216679688
266.44,0.2,0.2838218191553896,0.2838218191553896
266.445,0.2,0.32041206201793493,0.32041206201793493
266.45,0.2,0.43779618805370835,0.43779618805370835
266.454999999,0.2,0.343011913222721,0.343011913222721
266.459999999,0.2,0.25630812261268676,0.25630812261268676
266.464999999,0.2,0.06888820114320734,0.06888820114320734
266.47,0.2,-0.2106235070841621,-0.2106235070841621
266.475,0.2,-0.037481376282783106,-0.037481376282783106
266.48,0.2,0.27846569405490335,0.27846569405490335
266.485,0.2,0.2971077720913546,0.2971077720913546
266.49,0.2,0.36623277369802676,0.36623277369802676
266.495,0.2,0.36163953445315056,0.36163953445315056
266.5,0.2,0.2379794034850677,0.2379794034850677
266.505,0.2,-0.10905438070512617,-0.10905438070512617
266.51,0.2,-0.14553048388047773,-0.14553048388047773
266.515,0.2,-0.046871820230661956,-0.046871820230661956
266.519999999,0.2,0.2250901848739211,0.2250901848739211
266.524999999,0.2,0.5305730110792278,0.5305730110792278
266.529999999,0.2,0.6255565819561738,0.6255565819561738
266.535,0.2,0.5770821225007516,0.5770821225007516
266.54,0.2,0.028553923456799468,0.028553923456799468
266.545,0.2,0.10903282949553748,0.10903282949553748
266.55,0.2,-0.4095800190893334,-0.4095800190893334
266.555,0.2,-0.015889170930407225,-0.015889170930407225
266.56,0.2,0.1844560849226873,0.1844560849226873
266.565,0.2,0.44448367235403163,0.44448367235403163
266.57,0.2,0.6900050017258423,0.6900050017258423
266.575,0.2,0.5399213492302926,0.5399213492302926
266.579999999,0.2,0.24339124367371634,0.24339124367371634
266.584999999,0.2,-0.16127400595022365,-0.16127400595022365
266.589999999,0.2,-0.41597342655051606,-0.41597342655051606
266.595,0.2,-0.02229911107433652,-0.02229911107433652
266.6,0.2,0.3073162809032616,0.3073162809032616
266.605,0.2,0.35122008126255977,0.35122008126255977
266.61,0.2,0.49158156968778843,0.49158156968778843
266.615,0.2,0.5383228387408039,0.5383228387408039
266.62,0.2,0.2469845968047731,0.2469845968047731
266.625,0.2,-0.22670602270889392,-0.22670602270889392
266.63,0.2,-0.23871554598732242,-0.23871554598732242
266.635,0.2,0.035842839082980166,0.035842839082980166
266.64,0.2,0.2338543348828908,0.2338543348828908
266.644999999,0.2,0.4708339329516895,0.4708339329516895
266.649999999,0.2,0.5466827020002286,0.5466827020002286
266.654999999,0.2,0.36151385170374006,0.36151385170374006
266.66,0.2,0.07143818568296181,0.07143818568296181
266.665,0.2,-0.0020486797527640432,-0.0020486797527640432
266.67,0.2,-0.14767826250751892,-0.14767826250751892
266.675,0.2,-0.017546444443264565,-0.017546444443264565
266.68,0.2,0.07835516229017053,0.07835516229017053
266.685,0.2,0.42298798906882357,0.42298798906882357
266.69,0.2,0.6356030008593136,0.6356030008593136
266.695,0.2,0.4086574995780607,0.4086574995780607
266.7,0.2,-0.03136079159002672,-0.03136079159002672
266.704999999,0.2,0.013780199270028354,0.013780199270028354
266.709999999,0.2,-0.10592153284271004,-0.10592153284271004
266.714999999,0.2,0.09850441960451545,0.09850441960451545
266.72,0.2,0.33991558877712225,0.33991558877712225
266.725,0.2,0.715353642553547,0.715353642553547
266.73,0.2,0.5122937594243495,0.5122937594243495
266.735,0.2,0.5021717736920016,0.5021717736920016
266.74,0.2,0.1435477333719066,0.1435477333719066
266.745,0.2,-0.12226382369502926,-0.12226382369502926
266.75,0.2,0.07350201253879762,0.07350201253879762
266.755,0.2,-0.14394862901811814,-0.14394862901811814
266.76,0.2,0.25395082103814137,0.25395082103814137
266.765,0.2,0.6468983291871394,0.6468983291871394
266.769999999,0.2,0.4973262024129133,0.4973262024129133
266.774999999,0.2,0.5021559212801191,0.5021559212801191
266.779999999,0.2,0.29596082453643563,0.29596082453643563
266.785,0.2,-0.15454785862982767,-0.15454785862982767
266.79,0.2,-0.2634872100138699,-0.2634872100138699
266.795,0.2,-0.2044184555687648,-0.2044184555687648
266.8,0.2,0.28504150135680756,0.28504150135680756
266.805,0.2,0.46938175147137357,0.46938175147137357
266.81,0.2,0.46010946910768746,0.46010946910768746
266.815,0.2,0.434817619393759,0.434817619393759
266.82,0.2,0.1562433798454803,0.1562433798454803
266.825,0.2,-0.007577021236534726,-0.007577021236534726
266.829999999,0.2,-0.10418428668216961,-0.10418428668216961
266.834999999,0.2,-0.021041504028720452,-0.021041504028720452
266.839999999,0.2,0.16070664696139964,0.16070664696139964
266.845,0.2,0.5310330160577411,0.5310330160577411
266.85,0.2,0.5353983147581372,0.5353983147581372
266.855,0.2,0.6779721863421708,0.6779721863421708
266.86,0.2,0.2599480840529229,0.2599480840529229
266.865,0.2,-0.11881297451781592,-0.11881297451781592
266.87,0.2,-0.13633894654033837,-0.13633894654033837
266.875,0.2,-0.087695420635574,-0.087695420635574
266.88,0.2,0.25198099091490345,0.25198099091490345
266.885,0.2,0.6297746324689607,0.6297746324689607
266.89,0.2,0.5279416044309402,0.5279416044309402
266.894999999,0.2,0.6316189646681075,0.6316189646681075
266.899999999,0.2,-0.019286878151249937,-0.019286878151249937
266.904999999,0.2,0.14749970776993893,0.14749970776993893
266.91,0.2,-0.16380924485816786,-0.16380924485816786
266.915,0.2,0.1094330967964113,0.1094330967964113
266.92,0.2,0.20687951737313678,0.20687951737313678
266.925,0.2,0.671974372257323,0.671974372257323
266.93,0.2,0.5766279969142499,0.5766279969142499
266.935,0.2,0.4520153263481835,0.4520153263481835
266.94,0.2,0.27152224673949726,0.27152224673949726
266.945,0.2,-0.02357108548678273,-0.02357108548678273
266.95,0.2,0.03120199207534735,0.03120199207534735
266.954999999,-0.2,0.023477926633956904,0.023477926633956904
266.959999999,-0.2,0.5465362731913106,0.5465362731913106
266.964999999,-0.2,0.6813743521028656,0.6813743521028656
266.97,-0.2,0.670550727189519,0.670550727189519
266.975,-0.2,0.5887957283488203,0.5887957283488203
266.98,-0.2,0.2040188636173719,0.2040188636173719
266.985,-0.2,0.056549281985547636,0.056549281985547636
266.99,-0.2,-0.09721222567613277,-0.09721222567613277
266.995,-0.2,0.16191187588966016,0.16191187588966016
267.0,-0.2,0.1923766536293373,0.1923766536293373
267.005,-0.2,0.4774648663281413,0.4774648663281413
267.01,-0.2,0.6794636795335188,0.6794636795335188
267.015,-0.2,0.4834485943620714,0.4834485943620714
267.019999999,-0.2,0.2191047138833746,0.2191047138833746
267.024999999,-0.2,0.058253179534103305,0.058253179534103305
267.029999999,-0.2,-0.16702527393158711,-0.16702527393158711
267.035,-0.2,0.18138123138721293,0.18138123138721293
267.04,-0.2,0.28047366188935097,0.28047366188935097
267.045,-0.2,0.643151163626644,0.643151163626644
267.05,-0.2,0.7092073446008139,0.7092073446008139
267.055,-0.2,0.5762237272714585,0.5762237272714585
267.06,-0.2,0.051323325432232614,0.051323325432232614
267.065,-0.2,-0.02655796058151911,-0.02655796058151911
267.07,-0.2,0.07185910971318824,0.07185910971318824
267.075,-0.2,-0.025297594227341402,-0.025297594227341402
267.079999999,-0.2,0.20473802874383262,0.20473802874383262
267.084999999,-0.2,0.47160654124367135,0.47160654124367135
267.089999999,-0.2,0.5923581162924406,0.5923581162924406
267.095,-0.2,0.3685446304804457,0.3685446304804457
267.1,-0.2,0.2568339808315757,0.2568339808315757
267.105,-0.2,0.04615642226468489,0.04615642226468489
267.11,-0.2,-0.2084483038933913,-0.2084483038933913
267.115,-0.2,0.015222285703826412,0.015222285703826412
267.12,-0.2,0.1621977692380329,0.1621977692380329
267.125,-0.2,0.37139987469403846,0.37139987469403846
267.13,-0.2,0.6523351328419094,0.6523351328419094
267.135,-0.2,0.5627770724857555,0.5627770724857555
267.14,-0.2,0.21239928607476705,0.21239928607476705
267.144999999,-0.2,0.0729861664019189,0.0729861664019189
267.149999999,-0.2,-0.13192545098289915,-0.13192545098289915
267.154999999,-0.2,-0.021762040054916026,-0.021762040054916026
267.16,-0.2,0.1519736455283633,0.1519736455283633
267.165,-0.2,0.3599655100765887,0.3599655100765887
267.17,-0.2,0.6826343554315226,0.6826343554315226
267.175,-0.2,0.5185703836601587,0.5185703836601587
267.18,-0.2,0.38631355360500574,0.38631355360500574
267.185,-0.2,0.05493532339830551,0.05493532339830551
267.19,-0.2,-0.295829425923963,-0.295829425923963
267.195,-0.2,-0.14503569004935563,-0.14503569004935563
267.2,-0.2,0.11977713367960845,0.11977713367960845
267.204999999,-0.2,0.7302386062930182,0.7302386062930182
267.209999999,-0.2,0.5499804298193186,0.5499804298193186
267.214999999,-0.2,0.3315123610531211,0.3315123610531211
267.22,-0.2,0.21671256222768825,0.21671256222768825
267.225,-0.2,0.052075899727275554,0.052075899727275554
267.23,-0.2,-0.08460024740502045,-0.08460024740502045
267.235,-0.2,0.015937159673043134,0.015937159673043134
267.24,-0.2,0.21104217531518318,0.21104217531518318
267.245,-0.2,0.4151850361826078,0.4151850361826078
267.25,-0.2,0.7430657438575936,0.7430657438575936
267.255,-0.2,0.4454838130209375,0.4454838130209375
267.26,-0.2,0.3011499306405388,0.3011499306405388
267.265,-0.2,-0.11368207380710255,-0.11368207380710255
267.269999999,-0.2,-0.24680098334794215,-0.24680098334794215
267.274999999,-0.2,0.09365630736788236,0.09365630736788236
267.279999999,-0.2,0.1665337837827432,0.1665337837827432
267.285,-0.2,0.48971140389942397,0.48971140389942397
267.29,-0.2,0.8131909020541237,0.8131909020541237
267.295,-0.2,0.3870391181214758,0.3870391181214758
267.3,-0.2,0.1483822240422712,0.1483822240422712
267.305,-0.2,0.022306855806018558,0.022306855806018558
267.31,-0.2,-0.18614195418774837,-0.18614195418774837
267.315,-0.2,-0.05680907835778536,-0.05680907835778536
267.32,-0.2,0.4026690393485809,0.4026690393485809
267.325,-0.2,0.34668054855710095,0.34668054855710095
267.329999999,-0.2,0.6496292290254154,0.6496292290254154
267.334999999,-0.2,0.4271472839375439,0.4271472839375439
267.339999999,-0.2,0.09300589002843972,0.09300589002843972
267.345,-0.2,-0.11817004226516578,-0.11817004226516578
267.35,-0.2,0.018100577146964197,0.018100577146964197
267.355,-0.2,-0.029801584556471132,-0.029801584556471132
267.36,-0.2,0.12316150247638569,0.12316150247638569
267.365,-0.2,0.5603003271514738,0.5603003271514738
267.37,-0.2,0.43927173291840094,0.43927173291840094
267.375,-0.2,0.5433709901589343,0.5433709901589343
267.38,-0.2,0.24978706278846144,0.24978706278846144
267.385,-0.2,-0.11560375911690982,-0.11560375911690982
267.39,-0.2,-0.1899273397778393,-0.1899273397778393
267.394999999,-0.2,-0.11116401446012114,-0.11116401446012114
267.399999999,-0.2,0.28885129280979016,0.28885129280979016
267.404999999,-0.2,0.5748813300799549,0.5748813300799549
267.41,-0.2,0.45198910482135857,0.45198910482135857
267.415,-0.2,0.35257453017297846,0.35257453017297846
267.42,-0.2,0.09282915105705533,0.09282915105705533
267.425,-0.2,-0.19864683947818412,-0.19864683947818412
267.43,-0.2,-0.0943552154520172,-0.0943552154520172
267.435,-0.2,-0.005776367079557108,-0.005776367079557108
267.44,-0.2,0.30629971048957805,0.30629971048957805
267.445,-0.2,0.3875166493370872,0.3875166493370872
267.45,-0.2,0.5048757726654348,0.5048757726654348
267.454999999,-0.2,0.47047220380954424,0.47047220380954424
267.459999999,-0.2,0.008496744311743437,0.008496744311743437
267.464999999,-0.2,-0.23672276590850494,-0.23672276590850494
267.47,-0.2,-0.14356677694840372,-0.14356677694840372
267.475,-0.2,-0.10636007817451704,-0.10636007817451704
267.48,-0.2,0.17168428553156181,0.17168428553156181
267.485,-0.2,0.6020339524480639,0.6020339524480639
267.49,-0.2,0.5389364834264443,0.5389364834264443
267.495,-0.2,0.492443304816287,0.492443304816287
267.5,-0.2,0.20683715622897697,0.20683715622897697
267.505,-0.2,-0.07668262120556943,-0.07668262120556943
267.51,-0.2,-0.17574201063487777,-0.17574201063487777
267.515,-0.2,0.126160443472656,0.126160443472656
267.519999999,-0.2,0.1144327541226322,0.1144327541226322
267.524999999,-0.2,0.3485795196631415,0.3485795196631415
267.529999999,-0.2,0.6405670408134956,0.6405670408134956
267.535,-0.2,0.636382314699215,0.636382314699215
267.54,-0.2,0.16563552102406257,0.16563552102406257
267.545,-0.2,-0.0659002446348317,-0.0659002446348317
267.55,-0.2,-0.17182372382726632,-0.17182372382726632
267.555,-0.2,-0.15250220865599962,-0.15250220865599962
267.56,-0.2,0.08803673229363279,0.08803673229363279
267.565,-0.2,0.4561115902768431,0.4561115902768431
267.57,-0.2,0.6367306023474795,0.6367306023474795
267.575,-0.2,0.3664463217534866,0.3664463217534866
267.579999999,-0.2,0.1255620679039,0.1255620679039
267.584999999,-0.2,-0.23888211045045288,-0.23888211045045288
267.589999999,-0.2,-0.31064451804396354,-0.31064451804396354
267.595,-0.2,-0.21114012191144502,-0.21114012191144502
267.6,-0.2,0.2352689160813532,0.2352689160813532
267.605,-0.2,0.26633924438082535,0.26633924438082535
267.61,-0.2,0.6517988442127038,0.6517988442127038
267.615,-0.2,0.38802396228619257,0.38802396228619257
267.62,-0.2,0.2998541327545511,0.2998541327545511
267.625,-0.2,-0.019671381326178114,-0.019671381326178114
267.63,-0.2,-0.0830856712046281,-0.0830856712046281
267.635,-0.2,-0.028804728843972484,-0.028804728843972484
267.64,-0.2,0.2669999728569699,0.2669999728569699
267.644999999,-0.2,0.5158063093866992,0.5158063093866992
267.649999999,-0.2,0.3668679656171766,0.3668679656171766
267.654999999,-0.2,0.542556443702269,0.542556443702269
267.66,-0.2,0.2920100237107844,0.2920100237107844
267.665,-0.2,0.05380658066773858,0.05380658066773858
267.67,-0.2,-0.13260981417534431,-0.13260981417534431
267.675,-0.2,-0.0357781567874877,-0.0357781567874877
267.68,-0.2,-0.06562380093823522,-0.06562380093823522
267.685,-0.2,0.5829572135873855,0.5829572135873855
267.69,-0.2,0.5155290628666241,0.5155290628666241
267.695,-0.2,0.4138297714760013,0.4138297714760013
267.7,-0.2,0.11661874022955054,0.11661874022955054
267.704999999,-0.2,0.10361271171835512,0.10361271171835512
267.709999999,-0.2,-0.1302691068562853,-0.1302691068562853
267.714999999,-0.2,-0.028669679323499828,-0.028669679323499828
267.72,-0.2,0.07162838664921627,0.07162838664921627
267.725,-0.2,0.5222774490065973,0.5222774490065973
267.73,-0.2,0.4953465594122759,0.4953465594122759
267.735,-0.2,0.4013803484116369,0.4013803484116369
267.74,-0.2,0.16061487181940465,0.16061487181940465
267.745,-0.2,-0.2625080734486462,-0.2625080734486462
267.75,-0.2,-0.4030494067254441,-0.4030494067254441
267.755,-0.2,-0.10087099618265961,-0.10087099618265961
267.76,-0.2,0.30550317833759477,0.30550317833759477
267.765,-0.2,0.7053048299781051,0.7053048299781051
267.769999999,-0.2,0.5582350267596403,0.5582350267596403
267.774999999,-0.2,0.3864404684407078,0.3864404684407078
267.779999999,-0.2,0.2009538624571512,0.2009538624571512
267.785,-0.2,-0.08392090879967379,-0.08392090879967379
267.79,-0.2,-0.12216548662777756,-0.12216548662777756
267.795,-0.2,-0.019130450159567873,-0.019130450159567873
267.8,-0.2,0.009655281811123073,0.009655281811123073
267.805,-0.2,0.39889870411337736,0.39889870411337736
267.81,-0.2,0.5607213916137955,0.5607213916137955
267.815,-0.2,0.1325710246092553,0.1325710246092553
267.82,-0.2,0.083862700783305,0.083862700783305
267.825,-0.2,0.11067375380820882,0.11067375380820882
267.829999999,-0.2,-0.13262505921387846,-0.13262505921387846
267.834999999,-0.2,-0.1781256613011459,-0.1781256613011459
267.839999999,-0.2,0.0734201943855311,0.0734201943855311
267.845,-0.2,0.41364854455626454,0.41364854455626454
267.85,-0.2,0.6365850274952196,0.6365850274952196
267.855,-0.2,0.30348611239430945,0.30348611239430945
267.86,-0.2,-0.061092260655731784,-0.061092260655731784
267.865,-0.2,0.06528454317045092,0.06528454317045092
267.87,-0.2,-0.1562070702059159,-0.1562070702059159
267.875,-0.2,0.08513887349424795,0.08513887349424795
267.88,-0.2,0.10251907066439439,0.10251907066439439
267.885,-0.2,0.45151376073484095,0.45151376073484095
267.89,-0.2,0.4873388079789063,0.4873388079789063
267.894999999,-0.2,0.4301875146225259,0.4301875146225259
267.899999999,-0.2,0.043856743979515625,0.043856743979515625
267.904999999,-0.2,-0.01966085594216821,-0.01966085594216821
267.91,-0.2,-0.23599690641703558,-0.23599690641703558
267.915,-0.2,-0.16685039908993465,-0.16685039908993465
267.92,-0.2,0.2925838727110758,0.2925838727110758
267.925,-0.2,0.4239632686807976,0.4239632686807976
267.93,-0.2,0.648761517002915,0.648761517002915
267.935,-0.2,0.3825066830400824,0.3825066830400824
267.94,-0.2,0.02495817693236363,0.02495817693236363
267.945,-0.2,-0.06739598385056352,-0.06739598385056352
267.95,-0.2,-0.30028246571081885,-0.30028246571081885
267.954999999,-0.2,0.014566518349393723,0.014566518349393723
267.959999999,-0.2,0.33510066292155494,0.33510066292155494
267.964999999,-0.2,0.5000560586350702,0.5000560586350702
267.97,-0.2,0.6699482601959474,0.6699482601959474
267.975,-0.2,0.40646331021464677,0.40646331021464677
267.98,-0.2,0.04568378078772213,0.04568378078772213
267.985,-0.2,-0.0949089115415002,-0.0949089115415002
267.99,-0.2,0.02382465559536598,0.02382465559536598
267.995,-0.2,-0.19024125664738561,-0.19024125664738561
268.0,-0.2,0.2971071037459935,0.2971071037459935
268.005,-0.2,0.5412971906495541,0.5412971906495541
268.01,-0.2,0.5078075710724107,0.5078075710724107
268.015,-0.2,0.5735664351154632,0.5735664351154632
268.019999999,-0.2,0.09331691267098763,0.09331691267098763
268.024999999,-0.2,0.06316435688597047,0.06316435688597047
268.029999999,-0.2,-0.10148500660880691,-0.10148500660880691
268.035,-0.2,-0.00041694680653107247,-0.00041694680653107247
268.04,-0.2,0.12558910934347006,0.12558910934347006
268.045,-0.2,0.2683103989079739,0.2683103989079739
268.05,-0.2,0.67076019598803,0.67076019598803
268.055,-0.2,0.4989303691365498,0.4989303691365498
268.06,-0.2,0.13618466081761796,0.13618466081761796
268.065,-0.2,-0.1835145134893302,-0.1835145134893302
268.07,-0.2,-0.17126282103456011,-0.17126282103456011
268.075,-0.2,-0.14607080222075577,-0.14607080222075577
268.079999999,-0.2,0.19408114161770937,0.19408114161770937
268.084999999,-0.2,0.5238531997974377,0.5238531997974377
268.089999999,-0.2,0.43655784935010006,0.43655784935010006
268.095,-0.2,0.29210705464459075,0.29210705464459075
268.1,-0.2,0.1193318553312592,0.1193318553312592
268.105,-0.2,-0.1987215818161226,-0.1987215818161226
268.11,-0.2,-0.23728666588373654,-0.23728666588373654
268.115,-0.2,0.008169908308266569,0.008169908308266569
268.12,-0.2,0.20244110442654337,0.20244110442654337
268.125,-0.2,0.3472692189904242,0.3472692189904242
268.13,-0.2,0.3975501463250519,0.3975501463250519
268.135,-0.2,0.4477321904895354,0.4477321904895354
268.14,-0.2,0.1760263312845777,0.1760263312845777
268.144999999,-0.2,-0.14958779123774207,-0.14958779123774207
268.149999999,-0.2,-0.24537216407367488,-0.24537216407367488
268.154999999,-0.2,-0.143622696522837,-0.143622696522837
268.16,-0.2,0.10761335713011652,0.10761335713011652
268.165,-0.2,0.44514446355664844,0.44514446355664844
268.17,-0.2,0.6982050660643077,0.6982050660643077
268.175,-0.2,0.46993744850327335,0.46993744850327335
268.18,-0.2,0.3090425527489059,0.3090425527489059
268.185,-0.2,-0.14255402439410478,-0.14255402439410478
268.19,-0.2,-0.17539321657122764,-0.17539321657122764
268.195,-0.2,0.05181232320098034,0.05181232320098034
268.2,-0.2,0.07914271375215572,0.07914271375215572
268.204999999,-0.2,0.4105582303942735,0.4105582303942735
268.209999999,-0.2,0.5978216483045116,0.5978216483045116
268.214999999,-0.2,0.6840601022865763,0.6840601022865763
268.22,-0.2,0.19137903761975378,0.19137903761975378
268.225,-0.2,-0.017748186008510664,-0.017748186008510664
268.23,-0.2,-0.08745112482244595,-0.08745112482244595
268.235,-0.2,0.07227610165181099,0.07227610165181099
268.24,-0.2,0.18888605530766978,0.18888605530766978
268.245,-0.2,0.4881106932121611,0.4881106932121611
268.25,-0.2,0.5209501509990511,0.5209501509990511
268.255,-0.2,0.3886784429742793,0.3886784429742793
268.26,-0.2,0.23458935142956644,0.23458935142956644
268.265,-0.2,-0.26358942629108917,-0.26358942629108917
268.269999999,-0.2,-0.19792187684929205,-0.19792187684929205
268.274999999,-0.2,0.009678967455348589,0.009678967455348589
268.279999999,-0.2,0.14458236077925124,0.14458236077925124
268.285,-0.2,0.5448433908293315,0.5448433908293315
268.29,-0.2,0.4545064964486695,0.4545064964486695
268.295,-0.2,0.48138691803930167,0.48138691803930167
268.3,-0.2,0.16253556344702175,0.16253556344702175
268.305,-0.2,-0.1384043381538236,-0.1384043381538236
268.31,-0.2,-0.1642688072276734,-0.1642688072276734
268.315,-0.2,0.0388671808483262,0.0388671808483262
268.32,-0.2,0.3177007979906975,0.3177007979906975
268.325,-0.2,0.4499353301643436,0.4499353301643436
268.329999999,-0.2,0.535700701417405,0.535700701417405
268.334999999,-0.2,0.4156881118777197,0.4156881118777197
268.339999999,-0.2,0.2371439554449956,0.2371439554449956
268.345,-0.2,-0.13277211273405348,-0.13277211273405348
268.35,-0.2,-0.09647307059721308,-0.09647307059721308
268.355,-0.2,-0.09184895722403597,-0.09184895722403597
268.36,-0.2,0.3751134201672905,0.3751134201672905
268.365,-0.2,0.692141915323101,0.692141915323101
268.37,-0.2,0.6936189836356468,0.6936189836356468
268.375,-0.2,0.3292308671347245,0.3292308671347245
268.38,-0.2,0.07369981581795018,0.07369981581795018
268.385,-0.2,-0.20127170714752005,-0.20127170714752005
268.39,-0.2,-0.06189979182930362,-0.06189979182930362
268.394999999,-0.2,-0.004095066163360176,-0.004095066163360176
268.399999999,-0.2,0.2465624021930579,0.2465624021930579
268.404999999,-0.2,0.5340399006756203,0.5340399006756203
268.41,-0.2,0.3000952854712442,0.3000952854712442
268.415,-0.2,0.4183024690302245,0.4183024690302245
268.42,-0.2,-0.07642502056502934,-0.07642502056502934
268.425,-0.2,-0.1054355894382136,-0.1054355894382136
268.43,-0.2,-0.05653448599215821,-0.05653448599215821
268.435,-0.2,0.0896037437219708,0.0896037437219708
268.44,-0.2,-0.007457175237213481,-0.007457175237213481
268.445,-0.2,0.36792963707042886,0.36792963707042886
268.45,-0.2,0.6215444854251897,0.6215444854251897
268.454999999,-0.2,0.3234266525003852,0.3234266525003852
268.459999999,-0.2,0.18076599190792447,0.18076599190792447
268.464999999,-0.2,-0.06033044889031178,-0.06033044889031178
268.47,-0.2,-0.1764743368592935,-0.1764743368592935
268.475,-0.2,-0.22522145156078271,-0.22522145156078271
268.48,-0.2,0.14702209578032285,0.14702209578032285
268.485,-0.2,0.4299944148796862,0.4299944148796862
268.49,-0.2,0.4772048154007409,0.4772048154007409
268.495,-0.2,0.4311814853374082,0.4311814853374082
268.5,-0.2,0.10932851494116533,0.10932851494116533
268.505,-0.2,-0.030573758748779878,-0.030573758748779878
268.51,-0.2,-0.29650855888690736,-0.29650855888690736
268.515,-0.2,-0.15792306274363438,-0.15792306274363438
268.519999999,-0.2,0.09851409088695433,0.09851409088695433
268.524999999,-0.2,0.3966438456821536,0.3966438456821536
268.529999999,-0.2,0.7950882758043732,0.7950882758043732
268.535,-0.2,0.4457164537089352,0.4457164537089352
268.54,-0.2,0.024767247711190155,0.024767247711190155
268.545,-0.2,-0.09278781041228999,-0.09278781041228999
268.55,-0.2,-0.24033167252910587,-0.24033167252910587
268.555,-0.2,-0.07683934073205413,-0.07683934073205413
268.56,-0.2,0.34373371060200075,0.34373371060200075
268.565,-0.2,0.3963299368491505,0.3963299368491505
268.57,-0.2,0.406282005134221,0.406282005134221
268.575,-0.2,0.21045754494633342,0.21045754494633342
268.579999999,-0.2,0.00101439236658879,0.00101439236658879
268.584999999,-0.2,-0.14495761972230128,-0.14495761972230128
268.589999999,-0.2,-0.19746529573808425,-0.19746529573808425
268.595,-0.2,-0.13611916020149267,-0.13611916020149267
268.6,-0.2,0.14808060890412764,0.14808060890412764
268.605,-0.2,0.5486597112393303,0.5486597112393303
268.61,-0.2,0.3724022332781758,0.3724022332781758
268.615,-0.2,0.3048787190461607,0.3048787190461607
268.62,-0.2,0.06151478656359447,0.06151478656359447
268.625,-0.2,-0.09807376813993689,-0.09807376813993689
268.63,-0.2,-0.3561484006903921,-0.3561484006903921
268.635,-0.2,-0.1715896782125504,-0.1715896782125504
268.64,-0.2,0.4108445057976152,0.4108445057976152
268.644999999,-0.2,0.3668970291296051,0.3668970291296051
268.649999999,-0.2,0.47399104103109657,0.47399104103109657
268.654999999,-0.2,0.380155867764256,0.380155867764256
268.66,-0.2,0.1318639227191528,0.1318639227191528
268.665,-0.2,-0.00905432154759181,-0.00905432154759181
268.67,-0.2,-0.26568088483222024,-0.26568088483222024
268.675,-0.2,-0.1259317222981741,-0.1259317222981741
268.68,-0.2,0.04500783279280171,0.04500783279280171
268.685,-0.2,0.31285746558952354,0.31285746558952354
268.69,-0.2,0.4663679267578741,0.4663679267578741
268.695,-0.2,0.44814947954472373,0.44814947954472373
268.7,-0.2,0.1377188813732582,0.1377188813732582
268.704999999,-0.2,-0.1796788247227913,-0.1796788247227913
268.709999999,-0.2,-0.4400397663333602,-0.4400397663333602
268.714999999,-0.2,-0.09544338924762014,-0.09544338924762014
268.72,-0.2,0.031876859364845314,0.031876859364845314
268.725,-0.2,0.4911358880234162,0.4911358880234162
268.73,-0.2,0.5539947339653188,0.5539947339653188
268.735,-0.2,0.5256379829103603,0.5256379829103603
268.74,-0.2,0.021188563796606524,0.021188563796606524
268.745,-0.2,-0.2779700708615768,-0.2779700708615768
268.75,-0.2,-0.39060715758929904,-0.39060715758929904
268.755,-0.2,-0.1425180740265525,-0.1425180740265525
268.76,-0.2,0.11393182790566808,0.11393182790566808
268.765,-0.2,0.3893883090623726,0.3893883090623726
268.769999999,-0.2,0.5534931897818108,0.5534931897818108
268.774999999,-0.2,0.41749988431008905,0.41749988431008905
268.779999999,-0.2,0.18552543884725953,0.18552543884725953
268.785,-0.2,-0.24226851692773824,-0.24226851692773824
268.79,-0.2,-0.11518090388625615,-0.11518090388625615
268.795,-0.2,-0.20729979990734795,-0.20729979990734795
268.8,-0.2,0.23601823531583382,0.23601823531583382
268.805,-0.2,0.23295792075491767,0.23295792075491767
268.81,-0.2,0.3228411815054973,0.3228411815054973
268.815,-0.2,0.3980574483995137,0.3980574483995137
268.82,-0.2,0.06089311687090225,0.06089311687090225
268.825,-0.2,-0.1138405689574394,-0.1138405689574394
268.829999999,-0.2,-0.17377015505379778,-0.17377015505379778
268.834999999,-0.2,-0.1353102607564735,-0.1353102607564735
268.839999999,-0.2,0.271251025756575,0.271251025756575
268.845,-0.2,0.4080020618621165,0.4080020618621165
268.85,-0.2,0.3646626642226267,0.3646626642226267
268.855,-0.2,0.30158572995547966,0.30158572995547966
268.86,-0.2,0.09360763764274155,0.09360763764274155
268.865,-0.2,-0.06800947606873133,-0.06800947606873133
268.87,-0.2,-0.3120119151030952,-0.3120119151030952
268.875,-0.2,-0.03151229731201449,-0.03151229731201449
268.88,-0.2,-0.09541325581516469,-0.09541325581516469
268.885,-0.2,0.4612614658702705,0.4612614658702705
268.89,-0.2,0.7404129918102018,0.7404129918102018
268.894999999,-0.2,0.36055665557307354,0.36055665557307354
268.899999999,-0.2,0.01733660538912947,0.01733660538912947
268.904999999,-0.2,-0.13351548864693127,-0.13351548864693127
268.91,-0.2,-0.05765888466707819,-0.05765888466707819
268.915,-0.2,-0.052924643185339265,-0.052924643185339265
268.92,-0.2,0.05971631876501594,0.05971631876501594
268.925,-0.2,0.19949286452532164,0.19949286452532164
268.93,-0.2,0.5680656671031171,0.5680656671031171
268.935,-0.2,0.6045259853376619,0.6045259853376619
268.94,-0.2,0.13843045253309086,0.13843045253309086
268.945,-0.2,-0.17074430265227875,-0.17074430265227875
268.95,-0.2,-0.3983348075170675,-0.3983348075170675
268.954999999,-0.2,-0.16299431746316606,-0.16299431746316606
268.959999999,-0.2,0.1986595177159279,0.1986595177159279
268.964999999,-0.2,0.44334012831104397,0.44334012831104397
268.97,-0.2,0.32459899737502695,0.32459899737502695
268.975,-0.2,0.3618125043199622,0.3618125043199622
268.98,-0.2,0.13740186980041222,0.13740186980041222
268.985,-0.2,-0.2190102306457587,-0.2190102306457587
268.99,-0.2,-0.10407761635604096,-0.10407761635604096
268.995,-0.2,0.15509420511998376,0.15509420511998376
269.0,-0.2,0.33907691308096966,0.33907691308096966
269.005,-0.2,0.5272394932923169,0.5272394932923169
269.01,-0.2,0.6629278524812428,0.6629278524812428
269.015,-0.2,0.37671189495808083,0.37671189495808083
269.019999999,-0.2,0.23677394482751346,0.23677394482751346
269.024999999,-0.2,-0.02220264942039745,-0.02220264942039745
269.029999999,-0.2,-0.08931795052877745,-0.08931795052877745
269.035,-0.2,-0.013593410403011229,-0.013593410403011229
269.04,-0.2,0.08566441523482837,0.08566441523482837
269.045,-0.2,0.2684256797474879,0.2684256797474879
269.05,-0.2,0.5344504274890729,0.5344504274890729
269.055,-0.2,0.3694021138025224,0.3694021138025224
269.06,-0.2,0.24323764029887363,0.24323764029887363
269.065,-0.2,0.021323883364169252,0.021323883364169252
269.07,-0.2,-0.22893791006989853,-0.22893791006989853
269.075,-0.2,-0.1175033366559256,-0.1175033366559256
269.079999999,-0.2,0.14116639026027145,0.14116639026027145
269.084999999,-0.2,0.48979370270220735,0.48979370270220735
269.089999999,-0.2,0.6469485724248546,0.6469485724248546
269.095,-0.2,0.44706221838197074,0.44706221838197074
269.1,-0.2,0.1396514609297745,0.1396514609297745
269.105,-0.2,0.12875616807704376,0.12875616807704376
269.11,-0.2,0.0029121035371814374,0.0029121035371814374
269.115,-0.2,0.1389258598869873,0.1389258598869873
269.12,-0.2,0.3430639258537217,0.3430639258537217
269.125,-0.2,0.4336340061988343,0.4336340061988343
269.13,-0.2,0.6485204683275598,0.6485204683275598
269.135,-0.2,0.3160793730646927,0.3160793730646927
269.14,-0.2,0.0013715477931779962,0.0013715477931779962
269.144999999,-0.2,-0.09080331788058604,-0.09080331788058604
269.149999999,-0.2,-0.0689647236349091,-0.0689647236349091
269.154999999,-0.2,0.1417058874014639,0.1417058874014639
269.16,-0.2,0.29695749035956864,0.29695749035956864
269.165,-0.2,0.37765658095459537,0.37765658095459537
269.17,-0.2,0.5046741275483457,0.5046741275483457
269.175,-0.2,0.4798622312321644,0.4798622312321644
269.18,-0.2,0.20514342844946207,0.20514342844946207
269.185,-0.2,-0.05821622554784666,-0.05821622554784666
269.19,-0.2,-0.0117016015817092,-0.0117016015817092
269.195,-0.2,-0.017486206477158307,-0.017486206477158307
269.2,-0.2,0.3077357396083823,0.3077357396083823
269.204999999,-0.2,0.6244847425166865,0.6244847425166865
269.209999999,-0.2,0.8694539705236823,0.8694539705236823
269.214999999,-0.2,0.47744612847645207,0.47744612847645207
269.22,-0.2,0.048306077146927584,0.048306077146927584
269.225,-0.2,0.10461755654834062,0.10461755654834062
269.23,-0.2,0.007043171645680302,0.007043171645680302
269.235,-0.2,-0.036789418096619425,-0.036789418096619425
269.24,-0.2,0.29277899829433857,0.29277899829433857
269.245,-0.2,0.5805462496516587,0.5805462496516587
269.25,-0.2,0.6946189049725703,0.6946189049725703
269.255,-0.2,0.518307391107245,0.518307391107245
269.26,-0.2,0.2616764413660317,0.2616764413660317
269.265,-0.2,0.11403739978010224,0.11403739978010224
269.269999999,-0.2,-0.2186074979404461,-0.2186074979404461
269.274999999,-0.2,-0.015496576435056966,-0.015496576435056966
269.279999999,-0.2,0.23699598746906267,0.23699598746906267
269.285,-0.2,0.47082028249456115,0.47082028249456115
269.29,-0.2,0.5359195931871672,0.5359195931871672
269.295,-0.2,0.3811293255671563,0.3811293255671563
269.3,-0.2,-0.01890059240338135,-0.01890059240338135
269.305,-0.2,0.02078855135371223,0.02078855135371223
269.31,-0.2,-0.024469919573756174,-0.024469919573756174
269.315,-0.2,0.04285516944841036,0.04285516944841036
269.32,-0.2,0.15283581624925408,0.15283581624925408
269.325,-0.2,0.5797831812263816,0.5797831812263816
269.329999999,-0.2,0.5848511516452627,0.5848511516452627
269.334999999,-0.2,0.4428547759838836,0.4428547759838836
269.339999999,-0.2,-0.04609788313283181,-0.04609788313283181
269.345,-0.2,0.037526143324902575,0.037526143324902575
269.35,-0.2,-0.17419287139580364,-0.17419287139580364
269.355,-0.2,0.0005565924639616138,0.0005565924639616138
269.36,-0.2,0.31978885390565726,0.31978885390565726
269.365,-0.2,0.46209822517451343,0.46209822517451343
269.37,-0.2,0.4810831912816061,0.4810831912816061
269.375,-0.2,0.44678773886868217,0.44678773886868217
269.38,-0.2,0.23715944642225442,0.23715944642225442
269.385,-0.2,-0.06935076637839774,-0.06935076637839774
269.39,-0.2,-0.162255015444766,-0.162255015444766
269.394999999,-0.2,-0.031835818004515515,-0.031835818004515515
269.399999999,-0.2,0.03010737074257197,0.03010737074257197
269.404999999,-0.2,0.5948438482226174,0.5948438482226174
269.41,-0.2,0.6930354835838661,0.6930354835838661
269.415,-0.2,0.559117274354698,0.559117274354698
269.42,-0.2,0.28368213783720536,0.28368213783720536
269.425,-0.2,-0.044301731992926766,-0.044301731992926766
269.43,-0.2,-0.27881243011181056,-0.27881243011181056
269.435,-0.2,-0.1319588195980482,-0.1319588195980482
269.44,-0.2,0.11060856953873194,0.11060856953873194
269.445,-0.2,0.4886983059585242,0.4886983059585242
269.45,-0.2,0.48137319202238665,0.48137319202238665
269.454999999,-0.2,0.4079698496459652,0.4079698496459652
269.459999999,-0.2,0.22621125531215583,0.22621125531215583
269.464999999,-0.2,-0.04336859655516785,-0.04336859655516785
269.47,-0.2,-0.40685444939179416,-0.40685444939179416
269.475,-0.2,-0.034992687464695596,-0.034992687464695596
269.48,-0.2,0.1937251819751884,0.1937251819751884
269.485,-0.2,0.5076770515466278,0.5076770515466278
269.49,-0.2,0.358931187250066,0.358931187250066
269.495,-0.2,0.2945558983201021,0.2945558983201021
269.5,-0.2,0.29618158635082825,0.29618158635082825
269.505,-0.2,-0.09877404842230271,-0.09877404842230271
269.51,-0.2,-0.035708456432136576,-0.035708456432136576
269.515,-0.2,-0.19695443091029682,-0.19695443091029682
269.519999999,-0.2,0.27303366864057166,0.27303366864057166
269.524999999,-0.2,0.614647027715397,0.614647027715397
269.529999999,-0.2,0.6370364665045091,0.6370364665045091
269.535,-0.2,0.4757879277884203,0.4757879277884203
269.54,-0.2,0.24938251163082198,0.24938251163082198
269.545,-0.2,-0.21536129401817228,-0.21536129401817228
269.55,-0.2,-0.027522907308427824,-0.027522907308427824
269.555,-0.2,-0.08157315160013923,-0.08157315160013923
269.56,-0.2,0.24195300523390922,0.24195300523390922
269.565,-0.2,0.2399676170408988,0.2399676170408988
269.57,-0.2,0.40538295089878984,0.40538295089878984
269.575,-0.2,0.3814166293770347,0.3814166293770347
269.579999999,-0.2,0.3171841238346042,0.3171841238346042
269.584999999,-0.2,-0.023945237520602736,-0.023945237520602736
269.589999999,-0.2,-0.2513542253413641,-0.2513542253413641
269.595,-0.2,-0.03148040317184411,-0.03148040317184411
269.6,-0.2,0.08659782880335687,0.08659782880335687
269.605,-0.2,0.5015994962164343,0.5015994962164343
269.61,-0.2,0.4886648862087207,0.4886648862087207
269.615,-0.2,0.4819296941660985,0.4819296941660985
269.62,-0.2,0.16227643667331107,0.16227643667331107
269.625,-0.2,0.01801764066581435,0.01801764066581435
269.63,-0.2,-0.17545559739393712,-0.17545559739393712
269.635,-0.2,-0.14716099562657703,-0.14716099562657703
269.64,-0.2,0.12589937800664613,0.12589937800664613
269.644999999,-0.2,0.4400537770259987,0.4400537770259987
269.649999999,-0.2,0.6153905169500953,0.6153905169500953
269.654999999,-0.2,0.7146597008613353,0.7146597008613353
269.66,-0.2,0.07833497016864964,0.07833497016864964
269.665,-0.2,-0.023302485029252792,-0.023302485029252792
269.67,-0.2,-0.1072601938570007,-0.1072601938570007
269.675,-0.2,-0.002316621447442775,-0.002316621447442775
269.68,-0.2,0.3208431572967877,0.3208431572967877
269.685,-0.2,0.4661656973782998,0.4661656973782998
269.69,-0.2,0.617086983318407,0.617086983318407
269.695,-0.2,0.4051548722405253,0.4051548722405253
269.7,-0.2,0.03237780730407938,0.03237780730407938
269.704999999,-0.2,-0.21892571372039474,-0.21892571372039474
269.709999999,-0.2,-0.21445491599359467,-0.21445491599359467
269.714999999,-0.2,-0.21358772718561353,-0.21358772718561353
269.72,-0.2,0.28161108034557447,0.28161108034557447
269.725,-0.2,0.6187464433501542,0.6187464433501542
269.73,-0.2,0.5204006294713712,0.5204006294713712
269.735,-0.2,0.4236144175991527,0.4236144175991527
269.74,-0.2,0.11850778598111535,0.11850778598111535
269.745,-0.2,-0.07105386764410307,-0.07105386764410307
269.75,-0.2,-0.22239165370590075,-0.22239165370590075
269.755,-0.2,0.012208386338534584,0.012208386338534584
269.76,-0.2,0.15201033244345452,0.15201033244345452
269.765,-0.2,0.39899033094816155,0.39899033094816155
269.769999999,-0.2,0.6143541348558198,0.6143541348558198
269.774999999,-0.2,0.5341412779910225,0.5341412779910225
269.779999999,-0.2,0.22432258104094627,0.22432258104094627
269.785,-0.2,-0.11189431003963121,-0.11189431003963121
269.79,-0.2,0.021007099966559917,0.021007099966559917
269.795,-0.2,-0.09207764071200819,-0.09207764071200819
269.8,-0.2,0.12538366971686699,0.12538366971686699
269.805,-0.2,0.5953907534378432,0.5953907534378432
269.81,-0.2,0.5041970965733114,0.5041970965733114
269.815,-0.2,0.5232055653696183,0.5232055653696183
269.82,-0.2,0.17903793880862492,0.17903793880862492
269.825,-0.2,0.036892016362254004,0.036892016362254004
269.829999999,-0.2,-0.1370791871989497,-0.1370791871989497
269.834999999,-0.2,-0.016092331752807894,-0.016092331752807894
269.839999999,-0.2,0.4278842297769368,0.4278842297769368
269.845,-0.2,0.45988232496365217,0.45988232496365217
269.85,-0.2,0.3853290450523541,0.3853290450523541
269.855,-0.2,0.3344715090950077,0.3344715090950077
269.86,-0.2,0.1527088078088597,0.1527088078088597
269.865,-0.2,-0.3545224406033525,-0.3545224406033525
269.87,-0.2,-0.30820802694465255,-0.30820802694465255
269.875,-0.2,0.030526819392174956,0.030526819392174956
269.88,-0.2,0.24498147684737895,0.24498147684737895
269.885,-0.2,0.421321611171091,0.421321611171091
269.89,-0.2,0.4614791735898656,0.4614791735898656
269.894999999,-0.2,0.17642834490328896,0.17642834490328896
269.899999999,-0.2,0.40049135601518193,0.40049135601518193
269.904999999,-0.2,-0.06963572422111,-0.06963572422111
269.91,-0.2,-0.23739862814632692,-0.23739862814632692
269.915,-0.2,0.10718562095010256,0.10718562095010256
269.92,-0.2,0.2785480162921806,0.2785480162921806
269.925,-0.2,0.5183536001457396,0.5183536001457396
269.93,-0.2,0.4457287775430557,0.4457287775430557
269.935,-0.2,0.5762116407660817,0.5762116407660817
269.94,-0.2,0.19432951115779684,0.19432951115779684
269.945,-0.2,-0.09032681861064548,-0.09032681861064548
269.95,-0.2,-0.19370597300092854,-0.19370597300092854
269.954999999,-0.2,-0.021370195730563007,-0.021370195730563007
269.959999999,-0.2,0.4174398850244199,0.4174398850244199
269.964999999,-0.2,0.5777395175493956,0.5777395175493956
269.97,-0.2,0.7418957628175553,0.7418957628175553
269.975,-0.2,0.512524924254354,0.512524924254354
269.98,-0.2,0.4096492646538147,0.4096492646538147
269.985,-0.2,-0.11836097998788453,-0.11836097998788453
269.99,-0.2,-0.13182067736498254,-0.13182067736498254
269.995,-0.2,0.016191111622386622,0.016191111622386622
270.0,-0.2,0.2608436016911432,0.2608436016911432
270.005,-0.2,0.6143552740701319,0.6143552740701319
270.01,-0.2,0.6675986665952418,0.6675986665952418
270.015,-0.2,0.44880346626085893,0.44880346626085893
270.019999999,-0.2,0.15805443498317046,0.15805443498317046
270.024999999,-0.2,0.05657442363025482,0.05657442363025482
270.029999999,-0.2,-0.14728526241597736,-0.14728526241597736
270.035,-0.2,0.05930983467009843,0.05930983467009843
270.04,-0.2,0.25253148872779785,0.25253148872779785
270.045,-0.2,0.7223134694843582,0.7223134694843582
270.05,-0.2,0.7412908788016448,0.7412908788016448
270.055,-0.2,0.488907894618076,0.488907894618076
270.06,-0.2,0.3510285335754151,0.3510285335754151
270.065,-0.2,-0.07227937907113263,-0.07227937907113263
270.07,-0.2,-0.2625385618467634,-0.2625385618467634
270.075,-0.2,0.1084959649500667,0.1084959649500667
270.079999999,-0.2,0.41980550585642507,0.41980550585642507
270.084999999,-0.2,0.48500518725415626,0.48500518725415626
270.089999999,-0.2,0.6213804528926326,0.6213804528926326
270.095,-0.2,0.417015895484931,0.417015895484931
270.1,-0.2,0.1677754311807983,0.1677754311807983
270.105,-0.2,-0.08995399124532119,-0.08995399124532119
270.11,-0.2,-0.004353972900274478,-0.004353972900274478
270.115,-0.2,0.10431170525635211,0.10431170525635211
270.12,-0.2,0.36806505516959076,0.36806505516959076
270.125,-0.2,0.5144831753219214,0.5144831753219214
270.13,-0.2,0.7476086064734886,0.7476086064734886
270.135,-0.2,0.6063714981277986,0.6063714981277986
270.14,-0.2,0.10269270821096055,0.10269270821096055
270.144999999,-0.2,-0.023092737485327426,-0.023092737485327426
270.149999999,-0.2,-0.1532010778421166,-0.1532010778421166
270.154999999,-0.2,-0.0579969796414677,-0.0579969796414677
270.16,-0.2,0.19760387737949336,0.19760387737949336
270.165,-0.2,0.6628636533816948,0.6628636533816948
270.17,-0.2,0.7281744514663449,0.7281744514663449
270.175,-0.2,0.48839841608127044,0.48839841608127044
270.18,-0.2,0.1876439043640547,0.1876439043640547
270.185,-0.2,0.046794813958703954,0.046794813958703954
270.19,-0.2,-0.04562642275831846,-0.04562642275831846
270.195,-0.2,-0.15700596393349134,-0.15700596393349134
270.2,-0.2,0.2622262168833487,0.2622262168833487
270.204999999,-0.2,0.6050216689829313,0.6050216689829313
270.209999999,-0.2,0.5110553991062108,0.5110553991062108
270.214999999,-0.2,0.4318756617045713,0.4318756617045713
270.22,-0.2,0.42328298660370794,0.42328298660370794
270.225,-0.2,0.14337798241177013,0.14337798241177013
270.23,-0.2,-0.11517679373589121,-0.11517679373589121
270.235,-0.2,-0.22078720366741,-0.22078720366741
270.24,-0.2,0.2076092851055758,0.2076092851055758
270.245,-0.2,0.506869485632633,0.506869485632633
270.25,-0.2,0.586039736607304,0.586039736607304
270.255,-0.2,0.40377051283244003,0.40377051283244003
270.26,-0.2,0.20276170138301253,0.20276170138301253
270.265,-0.2,0.048255606631859974,0.048255606631859974
270.269999999,-0.2,-0.07213051406894896,-0.07213051406894896
270.274999999,-0.2,-0.007931374433191344,-0.007931374433191344
270.279999999,-0.2,0.28953822955012504,0.28953822955012504
270.285,-0.2,0.39105438963418226,0.39105438963418226
270.29,-0.2,0.3863019763287212,0.3863019763287212
270.295,-0.2,0.5500608177721527,0.5500608177721527
270.3,-0.2,0.05248929544428099,0.05248929544428099
270.305,-0.2,0.10340227888638034,0.10340227888638034
270.31,-0.2,-0.16592693202081826,-0.16592693202081826
270.315,-0.2,0.05427928065839972,0.05427928065839972
270.32,-0.2,0.28400660832995417,0.28400660832995417
270.325,-0.2,0.7057903920000455,0.7057903920000455
270.329999999,-0.2,0.7135051087844753,0.7135051087844753
270.334999999,-0.2,0.44509163868320045,0.44509163868320045
270.339999999,-0.2,0.2025407345674405,0.2025407345674405
270.345,-0.2,-0.3079796595809918,-0.3079796595809918
270.35,-0.2,-0.1198776813146244,-0.1198776813146244
270.355,-0.2,0.18425163532991914,0.18425163532991914
270.36,-0.2,0.2754055100376226,0.2754055100376226
270.365,-0.2,0.6372088345049487,0.6372088345049487
270.37,-0.2,0.6224934706802026,0.6224934706802026
270.375,-0.2,0.4334782492755444,0.4334782492755444
270.38,-0.2,0.3007313269446341,0.3007313269446341
270.385,-0.2,0.1274777566956496,0.1274777566956496
270.39,-0.2,-0.1776420665780979,-0.1776420665780979
270.394999999,-0.2,-0.03154440405778007,-0.03154440405778007
270.399999999,-0.2,0.2726628121250698,0.2726628121250698
270.404999999,-0.2,0.5103876849618887,0.5103876849618887
270.41,-0.2,0.6548335349395837,0.6548335349395837
270.415,-0.2,0.44511315258982864,0.44511315258982864
270.42,-0.2,0.3683690657701649,0.3683690657701649
270.425,-0.2,0.019601401503994587,0.019601401503994587
270.43,-0.2,-0.046296753668040105,-0.046296753668040105
270.435,-0.2,-0.02914086104961504,-0.02914086104961504
270.44,-0.2,0.261592351146134,0.261592351146134
270.445,-0.2,0.7329751449846212,0.7329751449846212
270.45,-0.2,0.6580383396123444,0.6580383396123444
270.454999999,-0.2,0.5502131090491523,0.5502131090491523
270.459999999,-0.2,0.233369856094642,0.233369856094642
270.464999999,-0.2,-0.014531754276533831,-0.014531754276533831
270.47,-0.2,-0.12492830623949976,-0.12492830623949976
270.475,-0.2,-0.05425109898281907,-0.05425109898281907
270.48,-0.2,0.4040849730604915,0.4040849730604915
270.485,-0.2,0.5113608543450952,0.5113608543450952
270.49,-0.2,0.5801611172905083,0.5801611172905083
270.495,-0.2,0.47256659270394724,0.47256659270394724
270.5,-0.2,0.13037291687469443,0.13037291687469443
270.505,-0.2,0.009873298415058969,0.009873298415058969
270.51,-0.2,-0.14353587374248197,-0.14353587374248197
270.515,-0.2,0.049107614806280876,0.049107614806280876
270.519999999,-0.2,0.2523884319397388,0.2523884319397388
270.524999999,-0.2,0.5673136135507372,0.5673136135507372
270.529999999,-0.2,0.5680877216250019,0.5680877216250019
270.535,-0.2,0.42994724712236826,0.42994724712236826
270.54,-0.2,0.3495388048145891,0.3495388048145891
270.545,-0.2,-0.15588084269943148,-0.15588084269943148
270.55,-0.2,-0.03787230388876622,-0.03787230388876622
270.555,-0.2,-0.12202451105712084,-0.12202451105712084
270.56,-0.2,0.24447110297471097,0.24447110297471097
270.565,-0.2,0.6628691675858936,0.6628691675858936
270.57,-0.2,0.5724642867846692,0.5724642867846692
270.575,-0.2,0.3263155297960333,0.3263155297960333
270.579999999,-0.2,0.3163621310529418,0.3163621310529418
270.584999999,-0.2,-0.013469633984753081,-0.013469633984753081
270.589999999,-0.2,-0.019275621951384922,-0.019275621951384922
270.595,-0.2,0.060614865292358724,0.060614865292358724
270.6,-0.2,0.1726533415538354,0.1726533415538354
270.605,-0.2,0.5091264456215993,0.5091264456215993
270.61,-0.2,0.4704168139146282,0.4704168139146282
270.615,-0.2,0.5717316517827478,0.5717316517827478
270.62,-0.2,0.3350649746292439,0.3350649746292439
270.625,-0.2,-0.0076341561710663725,-0.0076341561710663725
270.63,-0.2,-0.16448009125131316,-0.16448009125131316
270.635,-0.2,0.17288316905996431,0.17288316905996431
270.64,-0.2,0.23801492600032215,0.23801492600032215
270.644999999,-0.2,0.4545999287409751,0.4545999287409751
270.649999999,-0.2,0.629200862509734,0.629200862509734
270.654999999,-0.2,0.5534436885957301,0.5534436885957301
270.66,-0.2,0.1857580105829287,0.1857580105829287
270.665,-0.2,0.15225771903030078,0.15225771903030078
270.67,-0.2,-0.03201851728625141,-0.03201851728625141
270.675,-0.2,-0.2588841482524152,-0.2588841482524152
270.68,-0.2,0.3716232527239041,0.3716232527239041
270.685,-0.2,0.6926137506669444,0.6926137506669444
270.69,-0.2,0.603102767622154,0.603102767622154
270.695,-0.2,0.4693485912058601,0.4693485912058601
270.7,-0.2,0.17655356658525562,0.17655356658525562
270.704999999,-0.2,0.19206333848303853,0.19206333848303853
270.709999999,-0.2,-0.15311943031636038,-0.15311943031636038
270.714999999,-0.2,-0.014880417835454122,-0.014880417835454122
270.72,-0.2,0.2777841327637019,0.2777841327637019
270.725,-0.2,0.4488664523998081,0.4488664523998081
270.73,-0.2,0.6865383364119468,0.6865383364119468
270.735,-0.2,0.44666157306787513,0.44666157306787513
270.74,-0.2,0.33995671207533096,0.33995671207533096
270.745,-0.2,-0.0724440169880467,-0.0724440169880467
270.75,-0.2,-0.023877206747900892,-0.023877206747900892
270.755,-0.2,-0.17914079834818755,-0.17914079834818755
270.76,-0.2,0.16555500077951724,0.16555500077951724
270.765,-0.2,0.6551874030440481,0.6551874030440481
270.769999999,-0.2,0.6538094395354157,0.6538094395354157
270.774999999,-0.2,0.6198521800907777,0.6198521800907777
270.779999999,-0.2,0.2911548878065785,0.2911548878065785
270.785,-0.2,-0.07253364406250082,-0.07253364406250082
270.79,-0.2,0.00026140266446517124,0.00026140266446517124
270.795,-0.2,-0.003948355349904236,-0.003948355349904236
270.8,-0.2,0.12597523707359926,0.12597523707359926
270.805,-0.2,0.6468940701144271,0.6468940701144271
270.81,-0.2,0.5893333350109695,0.5893333350109695
270.815,-0.2,0.6847090927132222,0.6847090927132222
270.82,-0.2,0.17022414497497423,0.17022414497497423
270.825,-0.2,0.09880465748981199,0.09880465748981199
270.829999999,-0.2,-0.17527854304846996,-0.17527854304846996
270.834999999,-0.2,0.005740677181212635,0.005740677181212635
270.839999999,-0.2,0.2388044601262342,0.2388044601262342
270.845,-0.2,0.4908030155014093,0.4908030155014093
270.85,-0.2,0.5894643991616737,0.5894643991616737
270.855,-0.2,0.5529303746166447,0.5529303746166447
270.86,-0.2,0.19366392122713802,0.19366392122713802
270.865,-0.2,-0.12143075970443622,-0.12143075970443622
270.87,-0.2,-0.06577963155240327,-0.06577963155240327
270.875,-0.2,0.05333559938649984,0.05333559938649984
270.88,-0.2,0.15632967649673657,0.15632967649673657
270.885,-0.2,0.36352968941185904,0.36352968941185904
270.89,-0.2,0.671847205242836,0.671847205242836
270.894999999,-0.2,0.49346927119023115,0.49346927119023115
270.899999999,-0.2,0.18671812918094507,0.18671812918094507
270.904999999,-0.2,-0.08503670811310535,-0.08503670811310535
270.91,-0.2,-0.15818075903249573,-0.15818075903249573
270.915,-0.2,-0.035071174136275474,-0.035071174136275474
270.92,-0.2,0.18027395446865527,0.18027395446865527
270.925,-0.2,0.3886215673506667,0.3886215673506667
270.93,-0.2,0.47188543916503045,0.47188543916503045
270.935,-0.2,0.5849346461048996,0.5849346461048996
270.94,-0.2,0.10283040031021916,0.10283040031021916
270.945,-0.2,-0.0557511156018168,-0.0557511156018168
270.95,-0.2,-0.07890741129332444,-0.07890741129332444
270.954999999,-0.2,0.14557781778965,0.14557781778965
270.959999999,-0.2,0.40859407523126734,0.40859407523126734
270.964999999,-0.2,0.5255546207312554,0.5255546207312554
270.97,-0.2,0.6194249924897306,0.6194249924897306
270.975,-0.2,0.27517855230798194,0.27517855230798194
270.98,-0.2,0.3181918951424125,0.3181918951424125
270.985,-0.2,-0.041938928869644135,-0.041938928869644135
270.99,-0.2,-0.04432801143202955,-0.04432801143202955
270.995,-0.2,0.25941380853476115,0.25941380853476115
271.0,-0.2,0.37070826891624065,0.37070826891624065
271.005,-0.2,0.44998771697361084,0.44998771697361084
271.01,-0.2,0.7056134764576923,0.7056134764576923
271.015,-0.2,0.43348524848224534,0.43348524848224534
271.019999999,-0.2,0.12725419610206573,0.12725419610206573
271.024999999,-0.2,0.0858397524167573,0.0858397524167573
271.029999999,-0.2,0.02621927567161024,0.02621927567161024
271.035,-0.2,-0.021271188354209145,-0.021271188354209145
271.04,-0.2,0.3676204720738512,0.3676204720738512
271.045,-0.2,0.31108556366478235,0.31108556366478235
271.05,-0.2,0.571310698970545,0.571310698970545
271.055,-0.2,0.3510997173206176,0.3510997173206176
271.06,-0.2,0.3459461266184858,0.3459461266184858
271.065,-0.2,-0.10794975731908299,-0.10794975731908299
271.07,-0.2,-0.21047153734473148,-0.21047153734473148
271.075,-0.2,0.05566264148446469,0.05566264148446469
271.079999999,-0.2,0.32542109431361554,0.32542109431361554
271.084999999,-0.2,0.5351755834243695,0.5351755834243695
271.089999999,-0.2,0.627671901640856,0.627671901640856
271.095,-0.2,0.390246362653512,0.390246362653512
271.1,-0.2,0.2708994908325348,0.2708994908325348
271.105,-0.2,-0.011973232513461201,-0.011973232513461201
271.11,-0.2,-0.2564532200923024,-0.2564532200923024
271.115,-0.2,0.19296296681522998,0.19296296681522998
271.12,-0.2,0.18878241089134606,0.18878241089134606
271.125,-0.2,0.6122172654688158,0.6122172654688158
271.13,-0.2,0.6694736197484122,0.6694736197484122
271.135,-0.2,0.5490693250471576,0.5490693250471576
271.14,-0.2,0.25300054448557174,0.25300054448557174
271.144999999,-0.2,-0.12332983079704946,-0.12332983079704946
271.149999999,-0.2,-0.03577608828305523,-0.03577608828305523
271.154999999,-0.2,-0.0898904072201475,-0.0898904072201475
271.16,-0.2,0.2807346310533757,0.2807346310533757
271.165,-0.2,0.447763637265471,0.447763637265471
271.17,-0.2,0.5426448444461508,0.5426448444461508
271.175,-0.2,0.5187558610188684,0.5187558610188684
271.18,-0.2,0.20123307897092613,0.20123307897092613
271.185,-0.2,0.029687640892697098,0.029687640892697098
271.19,-0.2,-0.11908823113671489,-0.11908823113671489
271.195,-0.2,0.028997465527686013,0.028997465527686013
271.2,-0.2,0.19627095345264775,0.19627095345264775
271.204999999,-0.2,0.4661498933482155,0.4661498933482155
271.209999999,-0.2,0.836175561929124,0.836175561929124
271.214999999,-0.2,0.4114408385194001,0.4114408385194001
271.22,-0.2,0.2953320392555359,0.2953320392555359
271.225,-0.2,-0.0011656344070896107,-0.0011656344070896107
271.23,-0.2,-0.14470616780541293,-0.14470616780541293
271.235,-0.2,-0.005653499654798642,-0.005653499654798642
271.24,-0.2,0.3589650488074847,0.3589650488074847
271.245,-0.2,0.4832211839407468,0.4832211839407468
271.25,-0.2,0.7095039449120039,0.7095039449120039
271.255,-0.2,0.4065098118510484,0.4065098118510484
271.26,-0.2,0.27122254633462667,0.27122254633462667
271.265,-0.2,-0.12284995712088136,-0.12284995712088136
271.269999999,-0.2,-0.17945947850843874,-0.17945947850843874
271.274999999,-0.2,0.14183050859538246,0.14183050859538246
271.279999999,-0.2,0.3289615122187825,0.3289615122187825
271.285,-0.2,0.45585615826133535,0.45585615826133535
271.29,-0.2,0.5898136598606962,0.5898136598606962
271.295,-0.2,0.5441341074622653,0.5441341074622653
271.3,-0.2,0.18350910192460676,0.18350910192460676
271.305,-0.2,0.014416345040346334,0.014416345040346334
271.31,-0.2,-0.1003810070011668,-0.1003810070011668
271.315,-0.2,0.06635753564948291,0.06635753564948291
271.32,-0.2,0.30786700363934344,0.30786700363934344
271.325,-0.2,0.4423343479427473,0.4423343479427473
271.329999999,-0.2,0.6150408869422284,0.6150408869422284
271.334999999,-0.2,0.5223680428056261,0.5223680428056261
271.339999999,-0.2,0.2951274633931686,0.2951274633931686
271.345,-0.2,0.023771036793506305,0.023771036793506305
271.35,-0.2,-0.011933818711130223,-0.011933818711130223
271.355,-0.2,-0.03482305423657777,-0.03482305423657777
271.36,-0.2,0.3324542473105778,0.3324542473105778
271.365,-0.2,0.6069300135095068,0.6069300135095068
271.37,-0.2,0.7236832807212571,0.7236832807212571
271.375,-0.2,0.5713382917644987,0.5713382917644987
271.38,-0.2,-0.04592562248491269,-0.04592562248491269
271.385,-0.2,-0.1101612034860794,-0.1101612034860794
271.39,-0.2,-0.1563575754911783,-0.1563575754911783
271.394999999,-0.2,-0.10606629411156701,-0.10606629411156701
271.399999999,-0.2,0.21347637801962704,0.21347637801962704
271.404999999,-0.2,0.5902131478816242,0.5902131478816242
271.41,-0.2,0.6260042081537269,0.6260042081537269
271.415,-0.2,0.5873134851413591,0.5873134851413591
271.42,-0.2,0.2679015691529976,0.2679015691529976
271.425,-0.2,-0.01183795762446034,-0.01183795762446034
271.43,-0.2,-0.055021342370479995,-0.055021342370479995
271.435,-0.2,-0.14998835174318265,-0.14998835174318265
271.44,-0.2,0.2082742102498651,0.2082742102498651
271.445,-0.2,0.40610273274267505,0.40610273274267505
271.45,-0.2,0.8058049840632066,0.8058049840632066
271.454999999,-0.2,0.4586261756620565,0.4586261756620565
271.459999999,-0.2,0.21426291895400776,0.21426291895400776
271.464999999,-0.2,-0.19790315995801688,-0.19790315995801688
271.47,-0.2,-0.25504553115022005,-0.25504553115022005
271.475,-0.2,-0.0774924169264515,-0.0774924169264515
271.48,-0.2,0.19988310352519686,0.19988310352519686
271.485,-0.2,0.48353857345848916,0.48353857345848916
271.49,-0.2,0.6807798881538982,0.6807798881538982
271.495,-0.2,0.34350402095594873,0.34350402095594873
271.5,-0.2,0.28114809905268306,0.28114809905268306
271.505,-0.2,-0.1152427113282433,-0.1152427113282433
271.51,-0.2,-0.2150313932254489,-0.2150313932254489
271.515,-0.2,-0.03801284467788961,-0.03801284467788961
271.519999999,-0.2,0.24366263382694395,0.24366263382694395
271.524999999,-0.2,0.4781750536365284,0.4781750536365284
271.529999999,-0.2,0.6249259496451862,0.6249259496451862
271.535,-0.2,0.5804457850397501,0.5804457850397501
271.54,-0.2,-0.044254484291816665,-0.044254484291816665
271.545,-0.2,0.08560989105195052,0.08560989105195052
271.55,-0.2,-0.014575202312753194,-0.014575202312753194
271.555,-0.2,-0.18334325354900283,-0.18334325354900283
271.56,-0.2,0.44936508636755756,0.44936508636755756
271.565,-0.2,0.5330409428927082,0.5330409428927082
271.57,-0.2,0.4606642062740206,0.4606642062740206
271.575,-0.2,0.4910550221008265,0.4910550221008265
271.579999999,-0.2,0.19103080272577935,0.19103080272577935
271.584999999,-0.2,-0.08955950048317962,-0.08955950048317962
271.589999999,-0.2,-0.4714481071126798,-0.4714481071126798
271.595,-0.2,0.06420769129362118,0.06420769129362118
271.6,-0.2,0.1901082998074655,0.1901082998074655
271.605,-0.2,0.5762456698898288,0.5762456698898288
271.61,-0.2,0.6778156642606608,0.6778156642606608
271.615,-0.2,0.44304044675790205,0.44304044675790205
271.62,-0.2,0.233005964164711,0.233005964164711
271.625,-0.2,-0.22618846727214387,-0.22618846727214387
271.63,-0.2,-0.14315507265521135,-0.14315507265521135
271.635,-0.2,-0.1585147056531019,-0.1585147056531019
271.64,-0.2,0.22209886095458017,0.22209886095458017
271.644999999,-0.2,0.3977006820819349,0.3977006820819349
271.649999999,-0.2,0.5075013583001691,0.5075013583001691
271.654999999,-0.2,0.5022846030126211,0.5022846030126211
271.66,-0.2,0.12997994993730724,0.12997994993730724
271.665,-0.2,-0.025250635227061738,-0.025250635227061738
271.67,-0.2,-0.35773739379916064,-0.35773739379916064
271.675,-0.2,0.06284853056329748,0.06284853056329748
271.68,-0.2,0.2354721893522184,0.2354721893522184
271.685,-0.2,0.4438337545560149,0.4438337545560149
271.69,-0.2,0.6060226385501276,0.6060226385501276
271.695,-0.2,0.47835971946734307,0.47835971946734307
271.7,-0.2,0.15320646428166035,0.15320646428166035
271.704999999,-0.2,-0.12095153772154565,-0.12095153772154565
271.709999999,-0.2,-0.23604016679709006,-0.23604016679709006
271.714999999,-0.2,0.0315765097927546,0.0315765097927546
271.72,-0.2,0.14629160765862548,0.14629160765862548
271.725,-0.2,0.6235215692130784,0.6235215692130784
271.73,-0.2,0.5700847349068363,0.5700847349068363
271.735,-0.2,0.4610230251463601,0.4610230251463601
271.74,-0.2,0.3079496706409039,0.3079496706409039
271.745,-0.2,-0.15569769600956684,-0.15569769600956684
271.75,-0.2,-0.05725567193623196,-0.05725567193623196
271.755,-0.2,0.06640606129753976,0.06640606129753976
271.76,-0.2,0.09307244630620559,0.09307244630620559
271.765,-0.2,0.610347636974007,0.610347636974007
271.769999999,-0.2,0.5602661642690794,0.5602661642690794
271.774999999,-0.2,0.36311658781976713,0.36311658781976713
271.779999999,-0.2,0.4052074335008637,0.4052074335008637
271.785,-0.2,0.10868607378055442,0.10868607378055442
271.79,-0.2,0.05592151537441331,0.05592151537441331
271.795,-0.2,-0.08992740137009889,-0.08992740137009889
271.8,-0.2,0.12895086537294637,0.12895086537294637
271.805,-0.2,0.38318342894187807,0.38318342894187807
271.81,-0.2,0.45775878320258734,0.45775878320258734
271.815,-0.2,0.4246592086659477,0.4246592086659477
271.82,-0.2,0.33029949354940336,0.33029949354940336
271.825,-0.2,0.06800786190059746,0.06800786190059746
271.829999999,-0.2,-0.21252078447017256,-0.21252078447017256
271.834999999,-0.2,0.010373726892902106,0.010373726892902106
271.839999999,-0.2,0.10184216319974498,0.10184216319974498
271.845,-0.2,0.36329849853067014,0.36329849853067014
271.85,-0.2,0.6878110915790774,0.6878110915790774
271.855,-0.2,0.3385812930917831,0.3385812930917831
271.86,-0.2,0.28416774399065536,0.28416774399065536
271.865,-0.2,-0.10642948691801928,-0.10642948691801928
271.87,-0.2,-0.044031584750512456,-0.044031584750512456
271.875,-0.2,-0.13914562149635307,-0.13914562149635307
271.88,-0.2,0.12205794496364698,0.12205794496364698
271.885,-0.2,0.5277507537305834,0.5277507537305834
271.89,-0.2,0.6109261072632121,0.6109261072632121
271.894999999,-0.2,0.3150834066995769,0.3150834066995769
271.899999999,-0.2,0.07147433955872612,0.07147433955872612
271.904999999,-0.2,-0.18928039245863265,-0.18928039245863265
271.91,-0.2,-0.17611900694757313,-0.17611900694757313
271.915,-0.2,-0.06774267920435754,-0.06774267920435754
271.92,-0.2,0.24461573252038746,0.24461573252038746
271.925,-0.2,0.4547913725525237,0.4547913725525237
271.93,-0.2,0.341228860521232,0.341228860521232
271.935,-0.2,0.3917574094586937,0.3917574094586937
271.94,-0.2,0.078212907166718,0.078212907166718
271.945,-0.2,0.016850279625938658,0.016850279625938658
271.95,-0.2,-0.23498702403100605,-0.23498702403100605
