t,reference,measured,noisy
241.31,0.2,-9.264878368429443e-06,-0.29658072327468155
241.315,0.2,-7.711988860916388e-05,-0.21773847825992093
241.32,0.2,-0.00031587464106186066,-0.03790985670701416
241.325,0.2,-0.0008675791688422631,0.060693683982885965
241.33,0.2,-0.0018326279731193178,0.1507536115936966
241.335,0.2,-0.0032179194247177034,0.18213097450605553
241.34,0.2,-0.004927462470895837,0.10988127684032489
241.345,0.2,-0.006800471738557376,-0.2664110375040621
241.35,0.2,-0.008693414525189628,-0.20710703417501353
241.355,0.2,-0.010552600457075787,-0.17545612012090084
241.36,0.2,-0.012410732771014404,0.1511201543295125
241.365,0.2,-0.014306298650930306,0.34494521551918933
241.37,0.2,-0.016182572675159605,0.47518679962026894
241.375,0.2,-0.01784057666236424,0.07902059006718334
241.38,0.2,-0.018992645503938373,0.042038079901693955
241.385,0.2,-0.019381551523812848,-0.2982236914098172
241.39,0.2,-0.018879798148428703,-0.04839129713746965
241.395,0.2,-0.017516850103801513,-0.23764079837749877
241.4,0.2,-0.01544355108345215,0.039706758972259476
241.405,0.2,-0.012863563142103351,0.1888170944522112
241.41,0.2,-0.00995044723358342,0.2641714823437121
241.415,0.2,-0.006786140324281348,0.21084295534918793
241.42,0.2,-0.0033631455297251094,-0.0405776560118013
241.425,0.2,0.0003508417919003159,-0.13451533387305706
241.43,0.2,0.004328687160566669,-0.3422619701017533
241.435,0.2,0.008430327390039944,-0.1690373658607139
241.44,0.2,0.012412274910368412,-0.09706483115983576
241.445,0.2,0.015998858749898034,0.1928155567091701
241.45,0.2,0.01897690654117603,0.18530535852945906
241.455,0.2,0.021264919007800163,0.3558492383718306
241.46,0.2,0.022928938863935468,0.11048057260092853
241.465,0.2,0.024136515338733473,-0.06496421319705643
241.47,0.2,0.025062696956003595,-0.22603852338375163
241.475,0.2,0.025806986734038872,0.013072100390015384
241.48,0.2,0.02638367322089287,0.0192383445233228
241.485,0.2,0.026777581206627463,0.24216571297104442
241.49,0.2,0.027017276703065075,0.4727486287129703
241.495,0.2,0.027236385207694027,0.40857006352643566
241.5,0.2,0.027678561235887623,-0.04736657251747607
241.505,0.2,0.028604386108072054,-0.20762254689549375
241.51,0.2,0.030161316302540236,-0.10780453960577058
241.515,0.2,0.032330123547058415,-0.10330116532087577
241.52,0.2,0.03496213339083965,-0.08187025523153033
241.525,0.2,0.03784656227625381,0.17400697347114222
241.53,0.2,0.04078208038099732,0.19561909621627366
241.535,0.2,0.04365035560077725,0.5808441796103005
241.54,0.2,0.046461627771545465,0.002526068776303847
241.545,0.2,0.04931810769498824,-0.07050578291435182
241.55,0.2,0.05230227822355433,-0.1848820071125472
241.555,0.2,0.05538676335835056,-0.20796971822226518
241.56,0.2,0.05843173117724023,0.1902983738403977
241.565,0.2,0.061268717082927214,0.48446152251707253
241.57,0.2,0.06382305870197533,0.37841156363959566
241.575,0.2,0.06617636322741079,0.29420981986751643
241.58,0.2,0.06852700910663258,0.270973877798939
241.585,0.2,0.07110282115045218,-0.08696659228443954
241.59,0.2,0.07406830275607322,-0.15358883518920763
241.595,0.2,0.0774526364024198,-0.06329204010891228
241.6,0.2,0.08114642491429647,0.08557115265597393
241.605,0.2,0.08497657941015015,0.383898770557694
241.61,0.2,0.08881123952012888,0.40969172022829764
241.615,0.2,0.09262532205262267,0.1620558643772767
241.62,0.2,0.09647832799810847,0.10081127790699683
241.625,0.2,0.10043115338102193,-0.1253078083756477
241.63,0.2,0.10446604593319432,-0.2210252955836679
241.635,0.2,0.10844698404214143,-0.05744527724235071
241.64,0.2,0.11214728863889016,0.20361999274764675
241.645,0.2,0.11534612733211624,0.41577248544433343
241.65,0.2,0.117939284599799,0.5177963490393972
241.655,0.2,0.11998871865502131,0.146849338994082
241.66,0.2,0.1216742966394358,0.1823357495154183
241.665,0.2,0.1231946553559597,0.0544630930340487
241.67,0.2,0.12469086281390766,-0.11015727820250464
241.675,0.2,0.12620525937648652,-0.0826682794156388
241.68,0.2,0.1276739776223519,0.08347285137579846
241.685,0.2,0.12897214992874456,0.22101770736078558
241.69,0.2,0.12999908993143433,0.5158535732103506
241.695,0.2,0.1307616954812323,0.48917034610891674
241.7,0.2,0.13140723925755401,0.2813644129541331
241.705,0.2,0.132171379763604,0.09329585805468482
241.71,0.2,0.13327008591366593,-0.06985798646596278
241.715,0.2,0.13480482844968505,-0.1279484266780188
241.72,0.2,0.13673301245921335,0.20624317418916122
241.725,0.2,0.1389274403938568,0.4485508286129457
241.73,0.2,0.14129223317147427,0.5048156611646003
241.735,0.2,0.14384302230736212,0.33306507679087716
241.74,0.2,0.14669245691083,0.237789694400792
241.745,0.2,0.14996876130728395,-0.02401742254244161
241.75,0.2,0.1537268228411309,-0.026885058208374196
241.755,0.2,0.1578964283902542,-0.04530068722894744
241.76,0.2,0.16228796106658985,0.04431024438953199
241.765,0.2,0.166650162532644,0.361868916131043
241.77,0.2,0.17076176913628183,0.43877681292141885
241.775,0.2,0.17452186774882864,0.6447297125049841
241.78,0.2,0.1779857384646247,0.20778595425050844
241.785,0.2,0.1813020989665272,-0.1328437381622583
241.79,0.2,0.18457451180991843,-0.15237783766616464
241.795,0.2,0.18775433259015367,-0.14581406987427956
241.8,0.2,0.19064302605488942,0.10339271606904389
241.805,0.2,0.19298620931109375,0.44003325397810644
241.81,0.2,0.19460407507918384,0.5362599146172401
241.815,0.2,0.19548366500345815,0.35720978290846495
241.82,0.2,0.19576701172317512,0.12339997891359587
241.825,0.2,0.19564516508839114,-0.1578711677706208
241.83,0.2,0.19523255977302986,-0.20853820408548004
241.835,0.2,0.19449448000975963,-0.1935366303082962
241.84,0.2,0.19326170752123692,0.10403102599014186
241.845,0.2,0.1913228169841399,0.31605096520473536
241.85,0.2,0.18854755429681913,0.5203543726659613
241.855,0.2,0.1849754920865811,0.4152403897757445
241.86,0.2,0.18081489561341418,0.08618578712478173
241.865,0.2,0.1763414091036907,-0.19983830447040243
241.87,0.2,0.1717687884489572,0.14724826419484302
241.875,0.2,0.16719614122790574,-0.1134387093904423
241.88,0.2,0.16263741205292154,0.16001982194356276
241.885,0.2,0.15807233640527624,0.19993068325642882
241.89,0.2,0.15350760896416904,0.5674678748319527
241.895,0.2,0.14903548807185246,0.132509525717176
241.9,0.2,0.14483197249106378,0.24213413034464634
241.905,0.2,0.1410914263020579,0.0798129794842349
241.91,0.2,0.1379637336190741,0.09000999749725794
241.915,0.2,0.13552417992988836,-0.009648076716911773
241.92,0.2,0.13376532865198662,0.09203040453504377
241.925,0.2,0.13262550276875298,0.5504792047947903
241.93,0.2,0.13207081207731744,0.5437238597717197
241.935,0.2,0.13217485256505532,0.4307208164395539
241.94,0.2,0.13310622498354685,0.0669318438695164
241.945,0.2,0.13502360744818326,0.006800134753598516
241.95,0.2,0.1379730822346813,0.10195477747522061
241.955,0.2,0.1418614659616227,-0.01739454261784598
241.96,0.2,0.14649153765259393,0.2215235232660686
241.965,0.2,0.15162222763754607,0.31487561914245654
241.97,0.2,0.1570378088423907,0.33770638180146834
241.975,0.2,0.16259979700045135,0.49376366184886555
241.98,0.2,0.16825957353558083,0.1950362263055897
241.985,0.2,0.1740145472067171,-0.1511344694742729
241.99,0.2,0.17981545579292194,0.018431809696890095
241.995,0.2,0.18550615246301916,0.026878292408426305
242.0,0.2,0.19085019154558114,0.0958809042061136
242.005,0.2,0.19560309537576323,0.3913817053405683
242.01,0.2,0.1995882190851672,0.3538539300297777
242.015,0.2,0.20274216133959072,0.13657898467155355
242.02,0.2,0.20508957609955952,0.10624525012216732
242.025,0.2,0.2066700782522726,-0.1165989738734427
242.03,0.2,0.20746848485406497,-0.2920195738485367
242.035,0.2,0.20737858688367009,0.12045901320014174
242.04,0.2,0.2062474650995541,0.4373451584416791
242.045,0.2,0.2039953999111313,0.3579483066272448
242.05,0.2,0.20070256161364147,0.38276270670223844
242.055,0.2,0.1966015912080407,0.42144480863097966
242.06,0.2,0.1920232574331779,0.24027777807694672
242.065,0.2,0.18732498661929867,-0.020706286655627418
242.07,0.2,0.18279747174879485,-0.13295219400245492
242.075,0.2,0.17859771959604495,0.27963222790000875
242.08,0.2,0.17477100666250334,0.12977914109608166
242.085,0.2,0.17132882540703323,0.37959473077850975
242.09,0.2,0.16831183504000863,0.45686912309278194
242.095,0.2,0.16582556013637137,0.4355392124930695
242.1,0.2,0.16403766391430896,0.13244600193623007
242.105,0.2,0.16311062663668116,-0.0763734399860237
242.11,0.2,0.16310361664292183,-0.07361136949898098
242.115,0.2,0.1639209328896595,-0.010313849414332207
242.12,0.2,0.1653473051110316,0.3374342290872696
242.125,0.2,0.16714984333059163,0.4651966315639302
242.13,0.2,0.16918701005312953,0.548291317252221
242.135,0.2,0.17145913995260081,0.39446851195022986
242.14,0.2,0.17407504295643475,0.2094597466381481
242.145,0.2,0.1771536097998955,-0.21327040936702177
242.15,0.2,0.18071278934604762,0.08671440416467546
242.155,0.2,0.18462285308932774,-0.05370340595776701
242.16,0.2,0.1886466012715389,0.15828035108864477
242.165,0.2,0.19251977941589535,0.3899069921605451
242.17,0.2,0.19604802765894697,0.7395268494044582
242.175,0.2,0.19919663262090173,0.43689985243965723
242.18,0.2,0.2020974304901131,0.23776074663458438
242.185,0.2,0.2049419317328196,-0.14581369684314932
242.19,0.2,0.20782989931776794,-0.32945388980458806
242.195,0.2,0.21067540285649367,0.07325548304250218
242.2,0.2,0.21324033552133304,0.22364249738311293
242.205,0.2,0.21526914623089757,0.4710525218889668
242.21,0.2,0.2166200784497718,0.5319092471214332
242.215,0.2,0.21732073873101257,0.36368002479343536
242.22,0.2,0.21753695518400695,0.2678586507687549
242.225,0.2,0.21748184710904997,-0.022592425857284326
242.23,0.2,0.21730944395132454,-0.19435285259673485
242.235,0.2,0.2170380989802333,-0.013795316767708394
242.24,0.2,0.21655738328377905,0.318381927859238
242.245,0.2,0.21572746905758491,0.3863205924098153
242.25,0.2,0.21449190445548566,0.4726654471358406
242.255,0.2,0.2129280195940267,0.48491267712226604
242.26,0.2,0.2112275476202069,0.19061930433643645
242.265,0.2,0.2096150119186051,-0.1599077054862183
242.27,0.2,0.20823180915458495,-0.021129609195367313
242.275,0.2,0.20706786688967324,-0.06338016629033902
242.28,0.2,0.20598622667777108,0.13748142239529232
242.285,0.2,0.20481217384950862,0.5856907330577447
242.29,0.2,0.2034475249729814,0.4638338636927595
242.295,0.2,0.2019482589943851,0.5378226057120297
242.3,0.2,0.20050545866737787,0.09109001369474029
242.305,0.2,0.19934084651465167,-0.02482146146432916
242.31,0.2,0.1985859394453941,-0.0807657624721416
242.315,0.2,0.19821728936860367,-0.13094415516979951
242.32,0.2,0.1980739941716101,0.24642953836123863
242.325,0.2,0.19794971999840746,0.5599405261682708
242.33,0.2,0.1977232785521962,0.5617407333067873
242.335,0.2,0.1974377903729974,0.3855767533963068
242.34,0.2,0.1972651406402717,0.1530605621637561
242.345,0.2,0.19739340040071393,-0.012414501314449244
242.35,0.2,0.19791498637194727,-0.18974163404365565
242.355,0.2,0.1987690741608459,0.042111228335243285
242.36,0.2,0.19976874064197295,0.2590052900352315
242.365,0.2,0.20069838138529544,0.2967909773582924
242.37,0.2,0.20141447366530987,0.5592799833658954
242.375,0.2,0.2018994104527554,0.3436711435245586
242.38,0.2,0.20225145893250634,0.21344019396528655
242.385,0.2,0.20261088418637022,0.002250483171360687
242.39,0.2,0.2030611376912394,-0.18234005082150312
242.395,0.2,0.2035621248383232,0.014085630815113243
242.4,0.2,0.20395981275778388,0.22300622012209714
242.405,0.2,0.2040738078065314,0.3928648243795241
242.41,0.2,0.20379953988292998,0.40125936442155496
242.415,0.2,0.2031557722021182,0.33639560645374933
242.42,0.2,0.20226689693463715,0.35733581962208394
242.425,0.2,0.20130762054590942,0.01143218645969252
242.43,0.2,0.20042487718990895,-0.10594635298302932
242.435,0.2,0.19966053607742107,-0.043125743933893866
242.44,0.2,0.19893620980264032,0.25726417378528665
242.445,0.2,0.1981299390755782,0.48706065191290643
242.45,0.2,0.19718560896023868,0.37711843165882664
242.455,0.2,0.19616777843198402,0.472892796908366
242.46,0.2,0.19524398981767593,0.3649948431111957
242.465,0.2,0.19462564954637646,0.0075508465275985585
242.47,0.2,0.1944820314734882,0.037967943796125614
242.475,0.2,0.19486400800562848,-0.030885277723940733
242.48,0.2,0.19568861673565344,0.07153468340270017
242.485,0.2,0.19679774348882217,0.6966495504911288
242.49,0.2,0.19807610240150297,0.5525455390576487
242.495,0.2,0.19954943069147457,0.46569336458048827
242.5,0.2,0.20136753470798632,0.17918806471419763
242.505,0.2,0.2036911860583602,-0.057826394722156144
242.51,0.2,0.20657085827724503,-0.16494386432745672
242.515,0.2,0.20988100241515475,-0.08541600811316417
242.52,0.2,0.2133465231143219,0.3217060822094248
242.525,0.2,0.21665728309906526,0.45576461976958005
242.53,0.2,0.21960712851264105,0.7074085663155936
242.535,0.2,0.2221753605979642,0.4464904771621442
242.54,0.2,0.2245038069161359,0.20633183967222127
242.545,0.2,0.2267841343948,0.010241640199496891
242.55,0.2,0.229126965247916,-0.20139368391540813
242.555,0.2,0.23148400735983587,-0.040545018810147396
242.56,0.2,0.23365783361151835,0.14996692334816675
242.565,0.2,0.2353959328256167,0.44574852850110824
242.57,0.2,0.2365187372507692,0.5857034180143723
242.575,0.2,0.2370080543527833,0.4368507596883352
242.58,0.2,0.23700284916778158,0.2365660273317961
242.585,0.2,0.23670751044456842,-0.0004396250950352296
242.59,0.2,0.2362732278405559,-0.13877536435803353
242.595,0.2,0.23571692041771286,-0.10964336368055698
242.6,0.2,0.23492076774722123,0.28453191736362776
242.605,0.2,0.2337168518146584,0.2617035361900354
242.61,0.2,0.2319974783681281,0.5305471632412688
242.615,0.2,0.2297859816082577,0.5223312337693575
242.62,0.2,0.22724432328072494,0.18630068569264788
242.625,0.2,0.22459715655340443,-0.1943937897643466
242.63,0.2,0.2219989925379386,-0.0687029373869037
242.635,0.2,0.21945466787921183,0.054501376647826186
242.64,0.2,0.2168583541508469,0.2832706747304141
242.645,0.2,0.21409893864462634,0.41183007340877975
242.65,0.2,0.21115257825208208,0.4962486242212243
242.655,0.2,0.20812260230184504,0.42429349589207965
242.66,0.2,0.20520981867619764,0.02950375795390736
242.665,0.2,0.20262065892018213,0.08565399946575675
242.67,0.2,0.2004703800767385,-0.13602925229006532
242.675,0.2,0.1987391666933447,-0.008965800192991924
242.68,0.2,0.1972839160256994,-0.061070325215649396
242.685,0.2,0.19589760873768858,0.5340658030313435
242.69,0.2,0.19441206944294914,0.34399455875800555
242.695,0.2,0.19278514055399895,0.42603950941751795
242.7,0.2,0.1911039286025869,0.22416416371502185
242.705,0.2,0.18951594723299384,0.03551242124654458
242.71,0.2,0.1881467944280552,0.1843458255092077
242.715,0.2,0.18705228466425183,-0.02837797570915871
242.72,0.2,0.18621038384055594,0.04218065755810152
242.725,0.2,0.18554058624290196,0.41385406822100745
242.73,0.2,0.18496784799216726,0.48648980638082123
242.735,0.2,0.18450187106399316,0.3522679663477586
242.74,0.2,0.18424385977182592,0.06594083574532586
242.745,0.2,0.18430361938428164,-0.054042158490867846
242.75,0.2,0.1847033687989777,-0.06951358193072488
242.755,0.2,0.18534261730188611,0.060106723718990535
242.76,0.2,0.1860380034227252,0.21326645041391223
242.765,0.2,0.18660778062812855,0.4590422431925629
242.77,0.2,0.18695673115483813,0.389312169970688
242.775,0.2,0.18711992080243228,0.5377939232487612
242.78,0.2,0.18724842476192577,0.20365935858093562
242.785,0.2,0.1875389712475977,-0.01065638420325531
242.79,0.2,0.1881240274264083,-0.24448984469003535
242.795,0.2,0.18898448582940847,0.03497651826746115
242.8,0.2,0.1899638594147804,0.37357443924993194
242.805,0.2,0.1908849490502996,0.464585282118353
242.81,0.2,0.19166898279856054,0.4068981714403667
242.815,0.2,0.19237398917629484,0.5623636989676467
242.82,0.2,0.19316452979529872,0.20307199851382515
242.825,0.2,0.1942395420311756,0.0628536215487921
242.83,0.2,0.1957362682515506,0.012792017281583537
242.835,0.2,0.19766323759931226,-0.06013377558679977
242.84,0.2,0.19989870748142458,0.16969557630270202
242.845,0.2,0.20224549536762482,0.2378771445141255
242.85,0.2,0.2045137886195301,0.4201687137258251
242.855,0.2,0.20659346443870355,0.4519566782255412
242.86,0.2,0.2084823825322521,0.2509662843339315
242.865,0.2,0.21025182492826883,0.10354727185262773
242.87,0.2,0.21196581454603694,-0.054195745281646515
242.875,0.2,0.2136078085114341,-0.04473232952507531
242.88,0.2,0.2150679329370675,0.35069634573830333
242.885,0.2,0.2162111297536167,0.4146742108473456
242.89,0.2,0.21697529324934084,0.4341342292179656
242.895,0.2,0.21741423966050202,0.33216003789752846
242.9,0.2,0.21766660516443392,0.2646277624806335
242.905,0.2,0.21788684876023745,-0.04307648312728844
242.91,0.2,0.21816365973396176,-0.14303454968284723
242.915,0.2,0.2184492941948436,-0.29336292228335337
242.92,0.2,0.21855191321030748,0.39647604555022264
242.925,0.2,0.218232709674262,0.35828394644542105
242.93,0.2,0.2173512882854921,0.6132872668314955
242.935,0.2,0.21594845963768586,0.47888380085422
242.94,0.2,0.21422451605684428,0.14102938718145958
242.945,0.2,0.21243020809192442,-0.143654117791071
242.95,0.2,0.21072460370939966,-0.22567582657112695
242.955,0.2,0.2090911483019875,-0.05399449157530242
242.96,0.2,0.2073649178294707,0.1633241893410101
242.965,0.2,0.20534862459556283,0.5958661761928021
242.97,0.2,0.20295138172746735,0.5349543566837435
242.975,0.2,0.20026937030185202,0.5499486969568875
242.98,0.2,0.19756282067124084,0.2751528791004739
242.985,0.2,0.19514638829968517,-0.15219570607942887
242.99,0.2,0.19324301084484738,-0.19594847284130462
242.995,0.2,0.19188413509646718,0.005414477355231498
243.0,0.2,0.19092762422069842,0.13379089140140704
243.005,0.2,0.19016717589807522,0.43403804874264673
243.01,0.2,0.1894548952281409,0.5402800594894934
243.015,0.2,0.1887780226789357,0.37818721108731357
243.02,0.2,0.18825167356478156,0.2565596903974929
243.025,0.2,0.18803697350889934,0.017866889793796248
243.03,0.2,0.18823435117675194,-0.26546016004892414
243.035,0.2,0.18880314150588845,0.03515614486014074
243.04,0.2,0.1895627148384163,0.14038095324886293
243.045,0.2,0.1902875623150913,0.5057847371514841
243.05,0.2,0.19082922450201495,0.44650068158881684
243.055,0.2,0.1911842075083052,0.4290851056576171
243.06,0.2,0.1914773737483078,0.27155280912738855
243.065,0.2,0.19188138179128605,-0.06730635632008616
243.07,0.2,0.19250777839934197,-0.21514233493726098
243.075,0.2,0.19332675484161874,0.1265146810826098
243.08,0.2,0.19418485698662422,0.2010985173066732
243.085,0.2,0.19490235391725905,0.27040153322564775
243.09,0.2,0.1953613277100383,0.4658333311002333
243.095,0.2,0.19555406721049426,0.5417831216881004
243.1,0.2,0.195594676659817,0.19464250275802553
243.105,0.2,0.195665264241446,0.0679994520078569
243.11,0.2,0.19590746133659678,-0.1934261552598202
243.115,0.2,0.19633128043775597,-0.08815694117010643
243.12,0.2,0.1968034205599619,0.19178373784957803
243.125,0.2,0.19712573089206137,0.3208271349035973
243.13,0.2,0.1971503762119327,0.5079777113523155
243.135,0.2,0.19685665851556097,0.38060532976349787
243.14,0.2,0.1963484401371739,0.13285345743680144
243.145,0.2,0.1957741014288323,-0.05375413054168428
243.15,0.2,0.19521942807931733,-0.16410736826114278
243.155,0.2,0.19464230648524808,-0.07591944073834735
243.16,0.2,0.19388755684356937,0.2203110445811945
243.165,0.2,0.19277925597576037,0.49075807386839876
243.17,0.2,0.19123600813251104,0.38347001774879014
243.175,0.2,0.18932810988287882,0.46389138929030255
243.18,0.2,0.18724964007416722,0.1755246195103209
243.185,0.2,0.18523720235705612,0.06717007709196819
243.19,0.2,0.1834728786388371,-0.155026043650298
243.195,0.2,0.18201220346594324,-0.024407017503301404
243.2,0.2,0.1807845378990596,0.32286282526330096
243.205,0.2,0.17968119831743973,0.49882161307400463
243.21,0.2,0.17866236825875648,0.21038095525134365
243.215,0.2,0.17779030615069039,0.5165910493452912
243.22,0.2,0.17719764010886926,0.20967961015936984
243.225,0.2,0.17704065491654455,0.1777703201601132
243.23,0.2,0.17744028216507138,0.008015468810457532
243.235,0.2,0.17842768858760838,0.07364893515880193
243.24,0.2,0.17993196540308823,0.12912750126800737
243.245,0.2,0.1818235248418082,0.517980602013974
243.25,0.2,0.18400145349848976,0.5576036401157958
243.255,0.2,0.18646651410069237,0.32107571968985127
243.26,0.2,0.18930409923199393,0.0824153733847626
243.265,0.2,0.19258790478033952,0.05429715151654298
243.27,0.2,0.19629631538656284,0.019652640357332912
243.275,0.2,0.2002928988581307,-0.014092127493089439
243.28,0.2,0.20435116528645142,0.08596896722507469
243.285,0.2,0.20820642117266613,0.3525303747549743
243.29,0.2,0.21163720840513217,0.5108193834077545
243.295,0.2,0.21454915852512563,0.5507692999155007
243.3,0.2,0.21700410695538036,0.2986744540362132
243.305,0.2,0.21916041942146314,-0.0037248026954296853
243.31,0.2,0.22115271036392356,-0.11933469022277296
243.315,0.2,0.2229954680034167,0.05556598569472043
243.32,0.2,0.22457686655094863,0.039670809544129326
243.325,0.2,0.22572703015347692,0.3687520293229837
243.33,0.2,0.22630804433818374,0.3763798490235963
243.335,0.2,0.22628107710234732,0.33383003077966455
243.34,0.2,0.2257130725479966,0.2079831962235755
243.345,0.2,0.22472233328481578,0.0012597285728543142
243.35,0.2,0.22340077142675574,-0.0643119202511529
243.355,0.2,0.22175153124057068,-0.20975736940823844
243.36,0.2,0.21967256122377926,0.13309182246901968
243.365,0.2,0.217009843068259,0.3197026593559195
243.37,0.2,0.2136642941095688,0.5163255314825957
243.375,0.2,0.2096875546809709,0.6130345374956485
243.38,0.2,0.20530800393284018,0.30211555047858385
243.385,0.2,0.200855507978293,-0.205491952133672
243.39,0.2,0.19660897764767804,-0.08140158911786716
243.395,0.2,0.1926868454644282,0.122816147594517
243.4,0.2,0.18906659332922848,0.06127295733214791
243.405,0.2,0.18567470520275678,0.42297971279774726
243.41,0.2,0.18247170583387892,0.42632866661357927
243.415,0.2,0.17951384393491704,0.5402117679211427
243.42,0.2,0.17696184982060356,0.12313115648763948
243.425,0.2,0.1750142208602965,0.1193357768554455
243.43,0.2,0.1738093676903971,-0.014308516906636412
243.435,0.2,0.17336807713234295,0.06149842402349465
243.44,0.2,0.17360197189226106,0.2211212404439883
243.445,0.2,0.17437744305149727,0.5235725555906201
243.45,0.2,0.17560998615073792,0.5880157460960171
243.455,0.2,0.17733132617594832,0.4377498075753897
243.46,0.2,0.1796679417524904,0.06462593791914775
243.465,0.2,0.1827338458470709,-0.0575277464128207
243.47,0.2,0.1865242516644557,0.13634101035770488
243.475,0.2,0.19089175996576782,-0.07573181017476438
243.48,0.2,0.19558354073526246,0.03023111352971497
243.485,0.2,0.20029642055078722,0.4816956365692955
243.49,0.2,0.20476467341086593,0.41175775722470365
243.495,0.2,0.20885022403540812,0.5201330408332652
243.5,0.2,0.2125601218760726,0.21346529803037848
243.505,0.2,0.2159828498564788,0.12511063635637293
243.51,0.2,0.21918984917804085,-0.15175583980096813
243.515,0.2,0.22215489055677112,-0.014671457999557614
243.52,0.2,0.2247374003472778,0.10339051816375601
243.525,0.2,0.22674339461428158,0.37497930545996355
243.53,0.2,0.2280264687246346,0.450113548461705
243.535,0.2,0.22855879416319547,0.23221336732453102
243.54,0.2,0.22842135245270162,0.17833093914932263
243.545,0.2,0.2277355741116373,0.11365318894962276
243.55,0.2,0.22660034669012158,0.016745550371315754
243.555,0.2,0.22505730284513117,-0.05314767285932328
243.56,0.2,0.2230812122558556,0.1553708992016979
243.565,0.2,0.2206128169696855,0.3305872774189263
243.57,0.2,0.21763596591330434,0.5715492831805526
243.575,0.2,0.21424879218906173,0.32756611830484034
243.58,0.2,0.2106624089423173,0.18693415674463498
243.585,0.2,0.2071181569022083,-0.023930199227951112
243.59,0.2,0.2037848983281634,-0.10757369694204037
243.595,0.2,0.200703691422499,0.09637420884766675
243.6,0.2,0.19780722966418876,0.10915073937978217
243.605,0.2,0.19499123819245942,0.3560768459248766
243.61,0.2,0.192196520439131,0.5453228689489347
243.615,0.2,0.18946907847626088,0.3000016051382912
243.62,0.2,0.18695611004111304,0.22085768782551324
243.625,0.2,0.18483198742442378,0.04709403288659725
243.63,0.2,0.18320771726713952,-0.1703299803792227
243.635,0.2,0.18207154033659134,0.048498466895085385
243.64,0.2,0.18129187976940503,0.10117198144940594
243.645,0.2,0.18068797556562277,0.39237236392130326
243.65,0.2,0.18012500179051344,0.42612249808873864
243.655,0.2,0.1795806314089941,0.46150004142508194
243.66,0.2,0.1791552025900897,0.3885214704211859
243.665,0.2,0.17902379548493988,0.06272516501188931
243.67,0.2,0.17934207166531385,-0.1439342831003847
243.675,0.2,0.18014956368914894,0.029843337978919658
243.68,0.2,0.18134587002692268,0.1533534193486867
243.685,0.2,0.1827625800524879,0.46931588889884485
243.69,0.2,0.1842757939513179,0.5715978712116558
243.695,0.2,0.18589049663905366,0.5705369017989186
243.7,0.2,0.18774946430697173,0.3107171759178248
243.705,0.2,0.1900523280219281,-0.08548792666603161
243.71,0.2,0.19292246397992752,-0.124585670777394
243.715,0.2,0.1963097028746821,-0.04346423867919075
243.72,0.2,0.19999753232702894,0.14864070090157255
243.725,0.2,0.20369693239577305,0.33914545471319985
243.73,0.2,0.20715701452033874,0.3595324094056845
243.735,0.2,0.21023243777813133,0.3285973810313177
243.74,0.2,0.21288902391036435,0.34509779286856557
243.745,0.2,0.21516497885235847,0.017329909040651792
243.75,0.2,0.21709233061428324,-0.3804091613818744
243.755,0.2,0.2185992962208877,-0.03947855968745681
243.76,0.2,0.21948337682677652,0.06654732942609165
243.765,0.2,0.21949789946485815,0.3132538894254203
243.77,0.2,0.218474164235865,0.42792832129425146
243.775,0.2,0.21639666618294875,0.3465803133473455
243.78,0.2,0.21340236256971634,0.1916691477668146
243.785,0.2,0.2097126639514305,0.06973927443041714
243.79,0.2,0.20554217452402007,-0.08473441442193455
243.795,0.2,0.20102866457121144,-0.08971940329843908
243.8,0.2,0.19621637397867137,0.2651014913966905
243.805,0.2,0.1911160445758755,0.4687510907103494
243.81,0.2,0.18580962255906733,0.5587786279373398
243.815,0.2,0.1805128791612768,0.36926011022795685
243.82,0.2,0.1755405411473095,0.1116494899427816
243.825,0.2,0.1712023331097168,0.11117353133505656
243.83,0.2,0.16770357069937505,-0.17618569824150265
243.835,0.2,0.1650914348585466,-0.06943862851005415
243.84,0.2,0.16326027393973627,0.22876467266445394
243.845,0.2,0.16203167117920197,0.405657950908844
243.85,0.2,0.1612690588927399,0.41287113673539677
243.855,0.2,0.1609400026975738,0.2883944765037838
243.86,0.2,0.16108771412625986,-0.015842108119870496
243.865,0.2,0.1617422126148027,-0.07431525234036634
243.87,0.2,0.16283172814498173,-0.30331498618777647
243.875,0.2,0.1641399889456034,-0.1836436476711183
243.88,0.2,0.16533165835219232,0.1309358842309396
243.885,0.2,0.16605510665313844,0.42695642109279563
243.89,0.2,0.16607882843904792,0.46013331864761936
243.895,0.2,0.1653694819478101,0.31145800756643066
243.9,0.2,0.1640632526369729,0.16573830784248392
243.905,0.2,0.16236358010321267,-0.11980508043264582
243.91,0.2,0.1604267737832518,-0.1801179147323064
243.915,0.2,0.1582881670498009,-0.13142083877838898
243.92,0.2,0.1558677302948982,0.1871211164541643
243.925,0.2,0.15305407122031486,0.3165043709130737
243.93,0.2,0.14980945787885985,0.4019651531520473
243.935,0.2,0.14622699830126623,0.3479855379301637
243.94,0.2,0.1425120780583156,0.08430521030263648
243.945,0.2,0.13890348851010498,0.01279110756318469
243.95,0.2,0.13557524824455866,-0.30556705945503604
243.955,0.2,0.1325668220920974,-0.04816449233336858
243.96,0.2,0.12978417394839672,0.0781058836956855
243.965,0.2,0.12707569007121927,0.18005805323565047
243.97,0.2,0.12432460115530324,0.3006204182118112
243.975,0.2,0.12150926550911664,0.45226029115444427
243.98,0.2,0.11872076032114716,0.07145419228483707
243.985,0.2,0.11611331402847232,-0.1186076799942775
243.99,0.2,0.11379984179232057,-0.13916658753634611
243.995,0.2,0.11177797747995295,-0.08721571919552758
244.0,0.2,0.10994329337679273,0.18449505788611537
244.005,0.2,0.10816750644985118,0.26089571367226205
244.01,0.2,0.10639413609864795,0.6620272236546678
244.015,0.2,0.1047085229974272,0.33100995156352214
244.02,0.2,0.10333226773489165,0.19529271239722396
244.025,0.2,0.10252931690230838,0.023076980786837148
244.03,0.2,0.10248613082366262,-0.25071217927165385
244.035,0.2,0.10322952696711646,-0.13738241061035156
244.04,0.2,0.1046185203649601,0.1572978875725525
244.045,0.2,0.10642612726282588,0.2645707363201296
244.05,0.2,0.10845231050314506,0.23696459546715298
244.055,0.2,0.11058293061625626,0.2603796161170486
244.06,0.2,0.11278090511931307,0.0749445260544869
244.065,0.2,0.11503560748392812,-0.13436081336728314
244.07,0.2,0.11729005389163581,-0.2679039874926838
244.075,0.2,0.11937545287351593,-0.4373245869292182
244.08,0.2,0.12099719519440233,0.04974239505764059
244.085,0.2,0.1218155928726393,0.3861859623363347
244.09,0.2,0.12159471579449974,0.31339309025608314
244.095,0.2,0.12030469749119417,0.44757186381488023
244.1,0.2,0.11810869587990305,-0.029372215927474965
244.105,0.2,0.11526307331123734,-0.006974616436121378
244.11,0.2,0.1119944576845424,-0.3032578956228573
244.115,0.2,0.10841845790642872,-0.08818371236971054
244.12,0.2,0.10453917176475365,0.10973197209519486
244.125,0.2,0.10031979980986562,0.11862608937076502
244.13,0.2,0.09576797567076917,0.3929498026192084
244.135,0.2,0.09099299817972883,0.4070094141715622
244.14,0.2,0.08621946841653252,0.09982992058889238
244.145,0.2,0.08173301934405193,0.03572384826892447
244.15,0.2,0.07777836701212333,-0.20645893552761724
244.155,0.2,0.07447468461564731,-0.21031134704732035
244.16,0.2,0.07179450892437665,0.1498017932066545
244.165,0.2,0.06962938050533012,0.3403271812354174
244.17,0.2,0.0679039357234143,0.32195157920647705
244.175,0.2,0.0666465504445999,0.35950525201251504
244.18,0.2,0.06597409316253097,-0.015912146288920265
244.185,0.2,0.06601090340214452,-0.11723672000050764
244.19,0.2,0.06679117303151516,-0.19930815100660768
244.195,0.2,0.06820938398728975,-0.08878652445964609
244.2,0.2,0.07004751975830606,0.06868233880774635
244.205,0.2,0.07204631569605092,-0.04672489160721077
244.21,0.2,0.07397696252935285,0.49323533547369847
244.215,0.2,0.07570139958220902,0.08198379341662368
244.22,0.2,0.07719202378621215,0.09018971496989851
244.225,0.2,0.0784728307997787,-0.3040801585026596
244.23,0.2,0.07951956290714324,-0.29293533063934935
244.235,0.2,0.08019861994921564,-0.16167958854497844
244.24,0.2,0.08029544142835403,0.18551053091629763
244.245,0.2,0.07962221861825979,0.3434646231769401
244.25,0.2,0.0781310126994289,0.4083361976878366
244.255,0.2,0.07595853530114507,0.29567215719442336
244.26,0.2,0.07337866395851113,-0.07049119358391492
244.265,0.2,0.07068556328050694,-0.18235583193841345
244.27,0.2,0.0680739122203839,-0.22684182936638717
244.275,0.2,0.0655852954686413,-0.20618353249809332
244.28,0.2,0.0631337951556774,0.036837726415028624
244.285,0.2,0.06058749800136177,0.2556578833417317
244.29,0.2,0.05787238842101069,0.374889767189118
244.295,0.2,0.05504444219868915,0.28514141841128726
244.3,0.2,0.05228356404975768,0.061672043475180155
244.305,0.2,0.04980556835195012,-0.33565951011140527
244.31,0.2,0.04774039440241022,-0.19699611951619306
244.315,0.2,0.04606496738691228,-0.11932837232505387
244.32,0.2,0.04463582420152573,-0.03293830967277995
244.325,0.2,0.04327570189983659,0.21149667481434348
244.33,0.2,0.041864122757419665,0.4279626689034141
244.335,0.2,0.04040463914566776,0.15139450064042947
244.34,0.2,0.0390135815782622,-0.15539814302124916
244.345,0.2,0.03782129663613833,-0.08723061020422401
244.35,0.2,0.03686748622430239,-0.5267960649693415
244.355,0.2,0.03604920521046151,-0.18944015736389624
244.36,0.2,0.03514078220873744,0.038148123600399715
244.365,0.2,0.03389716093320846,0.2714930552318491
244.37,0.2,0.03218449626524891,0.420858394412457
244.375,0.2,0.030054083179388093,0.3189738800973487
244.38,0.2,0.027722588933205793,0.002081927686738776
244.385,0.2,0.02546294620735708,-0.2953710835707426
244.39,0.2,0.023458931905004823,-0.44469694354933553
244.395,0.2,0.021708937525078183,-0.32141031103449974
244.4,0.2,0.020040598763211934,0.08863892643869586
244.405,0.2,0.018228022612638693,0.1492089522548728
244.41,0.2,0.016124146901859374,0.22749710032392104
244.415,0.2,0.01371411449380232,-0.06587153913603641
244.42,0.2,0.01107704868832684,0.042195818930468365
244.425,0.2,0.00831194526261216,-0.2963498362858559
244.43,0.2,0.00546927403074137,-0.3408197760778196
244.435,0.2,0.002511478863949649,-0.01835007530166133
244.44,0.2,-0.0006617050387127161,-0.08861379156037866
244.445,0.2,-0.004136661077273263,0.23623423716853492
244.45,0.2,-0.007918217435924814,0.11847607541952046
244.455,0.2,-0.01189921273482161,0.305940549579072
244.46,0.2,-0.01587131511745072,0.004675343262058644
244.465,0.2,-0.019586095652280745,-0.26052307470978026
244.47,0.2,-0.0228530492109141,-0.20792389789982432
244.475,0.2,-0.025605613339540208,-0.09195638201861409
244.48,0.2,-0.02787835918284041,0.1065736596817442
244.485,0.2,-0.02972592391680692,0.18705201973342148
244.49,0.2,-0.031150507214441826,0.22488489974020784
244.495,0.2,-0.03207584245120557,0.157696091843169
244.5,0.2,-0.03237301056554379,-0.032414274430325546
244.505,0.2,-0.03192998666868072,-0.3387308526626155
244.51,0.2,-0.0307431739228591,-0.42936752338054807
244.515,0.2,-0.028981607223338417,-0.4140605405629309
244.52,0.2,-0.026972259559116404,-0.08793384600504556
244.525,0.2,-0.025094440251147213,0.2751567313818486
244.53,0.2,-0.023634555886108275,0.18838473783891693
244.535,0.2,-0.022704097696043,-0.012078846781524266
244.54,0.2,-0.02227337711233935,-0.010283826246392125
244.545,0.2,-0.022265003813205744,-0.35616598715868675
244.55,0.2,-0.022637180459935336,-0.19088962187962594
244.555,0.2,-0.023425535257424513,-0.3204993228627684
244.56,0.2,-0.02472665763617793,0.08922321927441985
244.565,0.2,-0.026628785347180276,0.12421815875263162
244.57,0.2,-0.029126536222688116,0.3347071723286181
244.575,0.2,-0.03207435412445143,0.09622814327222402
244.58,0.2,-0.03521633660670709,-0.06193918651486028
244.585,0.2,-0.03828005309666835,-0.25467888349759
244.59,0.2,-0.04107785921308226,-0.3190063553252348
244.595,0.2,-0.04356163024708358,-0.28890462045195126
244.6,0.2,-0.04580738594584696,0.03164788084142217
244.605,0.2,-0.04793638466860719,0.07090729165153756
244.61,0.2,-0.050014055202025565,0.4246453494040897
244.615,0.2,-0.05197957020933472,0.16200408529293908
244.62,0.2,-0.053654308376198896,-0.17327685538044107
244.625,0.2,-0.0548445828519588,-0.31095721901291085
244.63,0.2,-0.05546575109991012,-0.35735233537307465
244.635,0.2,-0.05559483136795868,-0.2943734400372091
244.64,0.2,-0.05543174819172643,0.07532389970151522
244.645,0.2,-0.055197621403593786,0.1316604022555195
244.65,0.2,-0.055028712786499276,0.21040956870250924
244.655,0.2,-0.054935164917112186,-0.04515727975029793
244.66,0.2,-0.05484420056856848,-0.15120195505013376
244.665,0.2,-0.05469165733987279,-0.448411008806895
244.67,0.2,-0.05450551825804366,-0.2953695994222453
244.675,0.2,-0.05443195100177659,-0.31894226397618813
244.68,0.2,-0.05469042694034208,-0.017195299650213575
244.685,0.2,-0.055486670046399254,0.054618744717182116
244.69,0.2,-0.05692748839605293,0.19788701217608742
244.695,0.2,-0.05897822557570519,0.0334813472461714
244.7,0.2,-0.061480907476999525,0.07465831102274695
244.705,0.2,-0.06421976454492277,-0.33993254651670146
244.71,0.2,-0.06701014809699844,-0.2911000525563819
244.715,0.2,-0.06976866836746642,-0.2535408196941731
244.72,0.2,-0.07251597747273297,-0.1237272478465294
244.725,0.2,-0.07531875466132865,0.0015864640883030412
244.73,0.2,-0.07821191139237699,0.31879330811538586
244.735,0.2,-0.08113436973763279,-0.0016886054247236132
244.74,0.2,-0.08393221744750361,-0.24661380569189884
244.745,0.2,-0.08644612145462718,-0.22844820791156545
244.75,0.2,-0.08860788318319908,-0.5371437647200801
244.755,0.2,-0.0904879031425762,-0.41851438426916726
244.76,0.2,-0.09229224500240872,-0.37593438950002167
244.765,0.2,-0.09429743761418848,0.14359299003413684
244.77,0.2,-0.09672561389360379,0.2235907850531824
244.775,0.2,-0.09963134682564925,0.1003199844091952
244.78,0.2,-0.10288343959661311,0.10398014846100462
244.785,0.2,-0.1062471601956515,-0.5046003636742593
244.79,0.2,-0.10951955678546284,-0.48731977820059463
244.795,0.2,-0.11264383147568673,-0.4078194905145868
244.8,0.2,-0.11571553739615814,-0.06872082532848371
244.805,0.2,-0.11888032709263983,0.03228418208660303
244.81,0.2,-0.12221240718932806,0.23192988650742813
244.815,0.2,-0.12564587302729333,0.11078295993191206
244.82,0.2,-0.12898688387893817,-0.16707874769881742
244.825,0.2,-0.13200636657393766,-0.4429723653986906
244.83,0.2,-0.13456489737134084,-0.4964127244693698
244.835,0.2,-0.1366950416092547,-0.6334479386936869
244.84,0.2,-0.13859347345908712,0.018816383592852925
244.845,0.2,-0.1405127236685819,0.034973705876573294
244.85,0.2,-0.14262256958587374,-0.06830971305792405
244.855,0.2,-0.1449498283371661,0.16137496397342133
244.86,0.2,-0.14739863967424643,-0.1089464858241426
244.865,0.2,-0.1498107343557909,-0.4848114005081173
244.87,0.2,-0.1520682455252509,-0.49298763250560396
244.875,0.2,-0.15418121191712966,-0.3427852092962817
244.88,0.2,-0.15627658622057733,-0.1672844450706421
244.885,0.2,-0.15850277079920655,0.1395937781212373
244.89,0.2,-0.16092102059645808,0.13443103469294593
244.895,0.2,-0.16344828879338008,0.017242039965073088
244.9,0.2,-0.1658827251509078,-0.04053101988340074
244.905,0.2,-0.16798726897043842,-0.3827807581362372
244.91,0.2,-0.1695946061873105,-0.6314295788794504
244.915,0.2,-0.17069893429132676,-0.47853850768256745
244.92,0.2,-0.17147066880804265,-0.2645492205370456
244.925,0.2,-0.17216626991739326,0.0008135732884246606
244.93,0.2,-0.17299895373259663,-0.022570213972299524
244.935,0.2,-0.1740587774733167,0.0035675682410478554
244.94,0.2,-0.17530998273565826,-0.08348370180920717
244.945,0.2,-0.17664397888887365,-0.3961808184915515
244.95,0.2,-0.17796680187529834,-0.5343817512014026
244.955,0.2,-0.17927712408071514,-0.26123410141469927
244.96,0.2,-0.18066820219937985,-0.2635290238734351
244.965,0.2,-0.18225139328458756,0.16389538514716745
244.97,0.2,-0.18406084651487037,0.06434445860882433
244.975,0.2,-0.18600016799907632,0.017776102129609877
244.98,0.2,-0.18786728980718317,-0.1568506908652875
244.985,0.2,-0.18943987732470352,-0.3937370979740488
244.99,0.2,-0.1905712533191949,-0.4538038837966979
244.995,0.2,-0.19124856048115346,-0.32802113503327185
245.0,0.2,-0.1915703781714288,0.053612635571521544
245.005,0.2,-0.19164634987196005,0.13900871546035354
245.01,0.2,-0.19149572589905162,0.02507132903986703
245.015,0.2,-0.19102138370505864,0.1418156180989721
245.02,0.2,-0.19004911731222654,-0.0766747458528671
245.025,0.2,-0.18840160792970115,-0.5669775881099209
245.03,0.2,-0.18600493980383984,-0.4602449617449625
245.035,0.2,-0.1829689255273129,-0.49581224707567
245.04,0.2,-0.17956261098454038,-0.03232708640092849
245.045,0.2,-0.17609657938240825,0.027690324328262655
245.05,0.2,-0.17279551702180668,0.09783093090872912
245.055,0.2,-0.16973999696998782,-0.026742291296148607
245.06,0.2,-0.1668956405030844,-0.21172734179961705
245.065,0.2,-0.16419614711994296,-0.4184786752562627
245.07,0.2,-0.16163382035049517,-0.46196420723594783
245.075,0.2,-0.15930233539699903,-0.16147096947486367
245.08,0.2,-0.15735440339816117,-0.04403192758440941
245.085,0.2,-0.1559051923533237,0.13649408158129156
245.09,0.2,-0.1549558829793002,0.06247881666661065
245.095,0.2,-0.15438489016594367,-0.09627279978931097
245.1,0.2,-0.15400340722271785,-0.14282526657199862
245.105,0.2,-0.15363776836205745,-0.4484233755974752
245.11,0.2,-0.15320350510444924,-0.4085380213785682
245.115,0.2,-0.15274182129655361,-0.31957743398245964
245.12,0.2,-0.15239467835752107,-0.2753944925613583
245.125,0.2,-0.15233578073016146,-0.03583287186666911
245.13,0.2,-0.15268870985491223,0.19098040340410222
245.135,0.2,-0.15345745278038164,-0.020270141555628916
245.14,0.2,-0.15452418120094707,-0.3017502724761261
245.145,0.2,-0.15574076759353575,-0.5169739022563491
245.15,0.2,-0.15704924052117933,-0.6268476503273692
245.155,0.2,-0.1585442642344726,-0.45473739387396545
245.16,0.2,-0.16043576507128748,-0.05913158332668206
245.165,0.2,-0.16292742934408086,0.06066323254992396
245.17,0.2,-0.16608987292513505,0.14324112006269957
245.175,0.2,-0.16980763505598664,0.10699097723049401
245.18,0.2,-0.17381167466456424,-0.1091538192018502
245.185,0.2,-0.17776940649089726,-0.27851572326727797
245.19,0.2,-0.18139407628831986,-0.4175056090539218
245.195,0.2,-0.18452604235722725,-0.41926286365709314
245.2,0.2,-0.18714687832680743,-0.10243069465679541
245.205,0.2,-0.1893122947914254,0.11399906649155071
245.21,0.2,-0.19103414719858616,0.43379110277090993
245.215,0.2,-0.1921873315107794,0.10246345700486462
245.22,0.2,-0.19252421667435546,-0.2743599060452302
245.225,0.2,-0.1918030683491713,-0.3504880832918771
245.23,0.2,-0.18992989349220088,-0.6052866329429334
245.235,0.2,-0.18702498066789897,-0.5014441249549256
245.24,0.2,-0.1834017280088105,-0.28668120900938676
245.245,0.2,-0.179465546120294,0.06502043209563507
245.25,0.2,-0.17557035295814186,0.10808434532976696
245.255,0.2,-0.1719182099774904,-0.05310096794093437
245.26,0.2,-0.1685649945235139,-0.25428152048404223
245.265,0.2,-0.16550508573492306,-0.2775490203908265
245.27,0.2,-0.1627585078245521,-0.5144432336140123
245.275,0.2,-0.16042138332531639,-0.4289937974128852
245.28,0.2,-0.1586705478210319,-0.2885628214219095
245.285,0.2,-0.1577119134496733,-0.09604342928909412
245.29,0.2,-0.1576915479442558,0.10847959027983527
245.295,0.2,-0.1586236795450772,-0.09939360613344927
245.3,0.2,-0.16038366607601517,-0.04053911242267633
245.305,0.2,-0.16276266835215286,-0.266984429908346
245.31,0.2,-0.16554920221052952,-0.5478612727226453
245.315,0.2,-0.1686062689423914,-0.24015409907225316
245.32,0.2,-0.17188938344882315,-0.15088858333222868
245.325,0.2,-0.175384263445533,-0.024004884139947523
245.33,0.2,-0.17902732038687913,0.1232199025463383
245.335,0.2,-0.18266195566266438,0.07614466820396187
245.34,0.2,-0.18604671895333424,-0.20383782911279874
245.345,0.2,-0.18892532450505983,-0.33276778402768764
245.35,0.2,-0.19112343959259281,-0.42098414401989515
245.355,0.2,-0.19260720380070323,-0.38755921148495825
245.36,0.2,-0.1934707476418372,-0.08704414349335778
245.365,0.2,-0.1938620017658783,-0.06840575031976003
245.37,0.2,-0.1938945779704057,0.05283276004983552
245.375,0.2,-0.19359792006898546,0.039206160731273365
245.38,0.2,-0.19292166696608015,-0.21480896072708938
245.385,0.2,-0.19179326787898393,-0.3936962314303912
245.39,0.2,-0.19020491593649685,-0.48244454030820794
245.395,0.2,-0.18826774408127064,-0.301277104920353
245.4,0.2,-0.18618980941298482,-0.2152971395593489
245.405,0.2,-0.18419246366864384,0.15479581019409325
245.41,0.2,-0.18240445206837258,0.3206568421737158
245.415,0.2,-0.18078348303040392,0.12976877283971916
245.42,0.2,-0.17912773066236057,-0.11914558456920468
245.425,0.2,-0.1771907680580812,-0.5149047945566879
245.43,0.2,-0.17482972388144838,-0.4884724896994019
245.435,0.2,-0.17209233620529188,-0.49609172494059084
245.44,0.2,-0.16919404327420962,-0.0766518757841417
245.445,0.2,-0.16640325929604496,0.08315865316613531
245.45,0.2,-0.16391166093312878,-0.028358132156771937
245.455,0.2,-0.16177613179357608,0.04142526695631149
245.46,0.2,-0.15994703754699396,-0.25137233059541025
245.465,0.2,-0.15834457074089,-0.45144850948979776
245.47,0.2,-0.15695440407410155,-0.6633963243225733
245.475,0.2,-0.15589789530515216,-0.4684067587858681
245.48,0.2,-0.1554135281742124,-0.07198970959741041
245.485,0.2,-0.15574469115974088,-0.08200324811814548
245.49,0.2,-0.1570164317494251,0.18874801646962766
245.495,0.2,-0.15917618304272063,0.04394066689325156
245.5,0.2,-0.16201301839040405,-0.20493860657926058
245.505,0.2,-0.1652476667461499,-0.3624418678288872
245.51,0.2,-0.16865006446989686,-0.5265555700170339
245.515,0.2,-0.1721160994970509,-0.3900275725480156
245.52,0.2,-0.17566054189212701,-0.05974479148922804
245.525,0.2,-0.17933360585095023,-0.10457104574653761
245.53,0.2,-0.18312522341475776,0.1976842965276471
245.535,0.2,-0.1869129711783961,0.04786886078447429
245.54,0.2,-0.19046838833415136,-0.11258751768828071
245.545,0.2,-0.19352840957418574,-0.40252915750161544
245.55,0.2,-0.19590284394524496,-0.42836750025731196
245.555,0.2,-0.19754863097904368,-0.42813267901601904
245.56,0.2,-0.1985665816148241,-0.1915344181412986
245.565,0.2,-0.19912567499132303,0.056050713232105406
245.57,0.2,-0.19935454590405072,0.16339397790216517
245.575,0.2,-0.19926264132584157,0.07217906780500194
245.58,0.2,-0.19873906144762524,-0.04923157757117949
245.585,0.2,-0.19762044943573312,-0.22144806690112528
245.59,0.2,-0.19578846446527987,-0.5947380828576576
245.595,0.2,-0.1932615907519115,-0.4624143836070145
245.6,0.2,-0.19022809036590638,-0.2971083826775359
245.605,0.2,-0.1869843343307131,-0.16086396706453704
245.61,0.2,-0.18381768409995136,0.2171274378923282
245.615,0.2,-0.18090259332728736,-0.04905406767510786
245.62,0.2,-0.17826903546276315,-0.1129241351884196
245.625,0.2,-0.17586220857178325,-0.3517041064490586
245.63,0.2,-0.1736385117485115,-0.3885433219308284
245.635,0.2,-0.17162631679236093,-0.27249756475452136
245.64,0.2,-0.16992122202336266,-0.20074280687039597
245.645,0.2,-0.1686281834386248,0.0811251948869912
245.65,0.2,-0.16779113044633556,-0.052558044553153965
245.655,0.2,-0.1673550656867781,0.06765089482311333
245.66,0.2,-0.1671774987500615,-0.08787218291039092
245.665,0.2,-0.16708229911336217,-0.47954009579384854
245.67,0.2,-0.16694986051053687,-0.5029451178783975
245.675,0.2,-0.16679637198035277,-0.44455415679488514
245.68,0.2,-0.16677189969403217,-0.24494141849757392
245.685,0.2,-0.16707480297891958,0.0430481559633422
245.69,0.2,-0.16783967883799034,0.05016893469969735
245.695,0.2,-0.16906243727202622,0.11564997657503995
245.7,0.2,-0.17060212085977647,-0.2280900548035983
245.705,0.2,-0.17225323294712686,-0.2119020852717508
245.71,0.2,-0.17383723487090347,-0.3427765744092719
245.715,0.2,-0.17525867831879602,-0.33182669523947333
245.72,0.2,-0.17651662516367894,-0.35691636029564955
245.725,0.2,-0.17768076282138381,-0.047257726434153005
245.73,0.2,-0.1788283958184149,0.06666818333834251
245.735,0.2,-0.17996609778728911,0.09323313300869344
245.74,0.2,-0.18099150051736604,0.046664480903930605
245.745,0.2,-0.18173291886430906,-0.5604929920901561
245.75,0.2,-0.1820587223517813,-0.4098678065625358
245.755,0.2,-0.18196987796970496,-0.23188411182676769
245.76,0.2,-0.18158364027128854,-0.1777456543030077
245.765,0.2,-0.18104257003926919,0.03695668460130319
245.77,0.2,-0.18042595804967954,0.3039787969829588
245.775,0.2,-0.17969195131644042,-0.047930689358531134
245.78,0.2,-0.17869053435789634,-0.1359805884218911
245.785,0.2,-0.17725615168298917,-0.3584656578456413
245.79,0.2,-0.17530745258613342,-0.34953947021228615
245.795,0.2,-0.17289308614125098,-0.39175968851736864
245.8,0.2,-0.17018021918450368,-0.2795817128832995
245.805,0.2,-0.16740024792032643,-0.058654834492948046
245.81,0.2,-0.16477014737428192,-0.05072882054970701
245.815,0.2,-0.16242489086357206,0.057772586248174496
245.82,0.2,-0.16039427295948147,-0.10748832308380299
245.825,0.2,-0.15863920651431798,-0.4854118406392448
245.83,0.2,-0.15714590016313354,-0.6551675508244138
245.835,0.2,-0.1560177440522919,-0.3830814332998135
245.84,0.2,-0.1554702351699587,-0.16573866031038656
245.845,0.2,-0.1557242067838376,0.01340577873686603
245.85,0.2,-0.1568878724228917,0.12906502357086747
245.855,0.2,-0.15889433408331805,0.19463966267170596
245.86,0.2,-0.16150986855309704,-0.17511386964333037
245.865,0.2,-0.16442761013850918,-0.6383423317043457
245.87,0.2,-0.16741951707844827,-0.5043082100766935
245.875,0.2,-0.17043030730577372,-0.2969947219841015
245.88,0.2,-0.17353514063308642,-0.15467468827393088
245.885,0.2,-0.1768245516992382,0.006074166136458009
245.89,0.2,-0.18030369094967325,0.31841883191799136
245.895,0.2,-0.18383642519350843,-0.07529383158334799
245.9,0.2,-0.18716779543850212,-0.14137574100758624
245.905,0.2,-0.19002519148499566,-0.3545073388712453
245.91,0.2,-0.19222530603695223,-0.43666993894128897
245.915,0.2,-0.19373592090276237,-0.6022378617023622
245.92,0.2,-0.19468214780359674,-0.143066765130424
245.925,0.2,-0.1952715800431731,0.11974391913034349
245.93,0.2,-0.19565885116156526,0.15162156664804705
245.935,0.2,-0.1958532920421236,0.026069017282939953
245.94,0.2,-0.19574045499283718,-0.26935103432289154
245.945,0.2,-0.1951860355584468,-0.39952396914804783
245.95,0.2,-0.19414603418554732,-0.5497316778360535
245.955,0.2,-0.19272615125722795,-0.5067295508344382
245.96,0.2,-0.19117347973714308,-0.4126515627108629
245.965,0.2,-0.18979857970987288,0.19727679549316682
245.97,0.2,-0.1888391306969214,0.1829508356659953
245.975,0.2,-0.18834493920990747,0.045882457748815594
245.98,0.2,-0.1881848386317669,-0.2597117600801319
245.985,0.2,-0.18816264879012706,-0.3353241860911565
245.99,0.2,-0.18813498403687454,-0.33257184336375606
245.995,0.2,-0.188063075187894,-0.4588085954027409
246.0,0.2,-0.18800260413726036,-0.07263458048235677
246.005,0.2,-0.1880439834935898,-0.02017825510576205
246.01,0.2,-0.18823155868652292,-0.047214101682585025
246.015,0.2,-0.1885244855174541,-0.05469558072437543
246.02,0.2,-0.18881899810965586,-0.19842608172102727
246.025,0.2,-0.1890014566869004,-0.3315596512077773
246.03,0.2,-0.18901109882976627,-0.5204860124494427
246.035,0.2,-0.1888937472342976,-0.5038693515090448
246.04,0.2,-0.18881065977139558,-0.25533409584457245
246.045,0.2,-0.18897055273468144,0.12778511751395655
246.05,0.2,-0.18950678511919594,0.14873674224745062
246.055,0.2,-0.19038869590258933,0.026663117254757063
246.06,0.2,-0.19143696391476742,-0.15071588317153975
246.065,0.2,-0.1924229022272099,-0.43585965698168216
246.07,0.2,-0.1931870037874108,-0.550469565189509
246.075,0.2,-0.19371710242291312,-0.42295469430688654
246.08,0.2,-0.19413635880476193,-0.057013762592095896
246.085,0.2,-0.19460269420511372,-0.01808250304279984
246.09,0.2,-0.19519363787018973,0.19860433555242382
246.095,0.2,-0.1958536826372459,-0.14239327482396646
246.1,0.2,-0.19642991128592505,-0.21786113037242988
246.105,0.2,-0.19676779932323485,-0.46186644652177133
246.11,0.2,-0.196801514196601,-0.38348184239469607
246.115,0.2,-0.1965880925017437,-0.42861289665963287
246.12,0.2,-0.19628066187332455,-0.18868600041136058
246.125,0.2,-0.19606078820670989,-0.10819493910503106
246.13,0.2,-0.19605745960891227,0.1230651811064738
246.135,0.2,-0.1962845936795616,0.045851927794573304
246.14,0.2,-0.1966269722450033,0.006707639866221943
246.145,0.2,-0.19689442258226272,-0.5149155605373761
246.15,0.2,-0.1969349240245432,-0.5180883529954121
246.155,0.2,-0.19673626860763618,-0.4355052310728622
246.16,0.2,-0.19643371752409028,-0.2862112966794052
246.165,0.2,-0.19622507054677288,0.032771847756780895
246.17,0.2,-0.196252321317584,0.2161132438034044
246.175,0.2,-0.19651428401612403,-0.06664613667608378
246.18,0.2,-0.19687209482033485,-0.15276265727937852
246.185,0.2,-0.19713922356906716,-0.30108781073257257
246.19,0.2,-0.19718050257455919,-0.49287762613569636
246.195,0.2,-0.1969789979723471,-0.5663782374837938
246.2,0.2,-0.19665128785096486,-0.10768431852420371
246.205,0.2,-0.19638336137059725,-0.18001770802314299
246.21,0.2,-0.19632715737755807,0.008603061252669991
246.215,0.2,-0.19652988439184568,0.18872768101209889
246.22,0.2,-0.19690853653859444,-0.05337778171701288
246.225,0.2,-0.19728500132934895,-0.44433157191960715
246.23,0.2,-0.19749439309171266,-0.4139297937263583
246.235,0.2,-0.19748500563431381,-0.36248836066046947
246.24,0.2,-0.19731701216308126,0.03826732768455532
246.245,0.2,-0.1970718432159499,0.007092470781244208
246.25,0.2,-0.1967600921340708,0.06364973655214581
246.255,0.2,-0.19629229627385067,0.0690646167827188
246.26,0.2,-0.1955045896578596,-0.0772939633232615
246.265,0.2,-0.19422048505621686,-0.46119288087543564
246.27,0.2,-0.19234823318521227,-0.594543474935042
246.275,0.2,-0.1899669438713576,-0.48107100206577447
246.28,0.2,-0.187327892469785,-0.3372452563103931
246.285,0.2,-0.1847604581069314,0.061627777463355855
246.29,0.2,-0.18253513267699661,0.1634336677629345
246.295,0.2,-0.18075962904608525,0.022720021229367993
246.3,0.2,-0.17937405966831768,-0.16219271839414762
246.305,0.2,-0.17824087710334263,-0.4060824157680071
246.31,-0.2,-0.1772554701079093,-0.32133291476404374
246.315,-0.2,-0.1764046470727486,-0.3475812607984987
246.32,-0.2,-0.1757557839147467,-0.221952741504968
246.325,-0.2,-0.17540205579653484,0.04182089386666538
246.33,-0.2,-0.17539031735582514,0.021715131995153555
246.335,-0.2,-0.17566922163022672,0.02105110834494999
246.34,-0.2,-0.17610278490811182,-0.381472048294585
246.345,-0.2,-0.1765483085604328,-0.29479786009798115
246.35,-0.2,-0.17693955291318134,-0.5069528735339984
246.355,-0.2,-0.17732013148011097,-0.31634083021429665
246.36,-0.2,-0.17782014239998298,-0.2811579169918915
246.365,-0.2,-0.17859400437628067,-0.05503895618512089
246.37,-0.2,-0.1797422915469121,0.11696316040429
246.375,-0.2,-0.18125326838254002,-0.1277503400704813
246.38,-0.2,-0.18301207522345742,-0.29337243915581734
246.385,-0.2,-0.1848835222786196,-0.46571550686572266
246.39,-0.2,-0.18679937606067756,-0.32745815245157034
246.395,-0.2,-0.1887828533402974,-0.34540866905437106
246.4,-0.2,-0.1909081760906437,-0.03688297836212437
246.405,-0.2,-0.19322518644400022,0.09518763978405986
246.41,-0.2,-0.19568534938667517,0.09244559529268072
246.415,-0.2,-0.19812025183238308,-0.12979059345442945
246.42,-0.2,-0.20029927731327019,-0.2966063288362389
246.425,-0.2,-0.2020348701256201,-0.6069494355425726
246.43,-0.2,-0.2032779342403919,-0.5183069653897339
246.435,-0.2,-0.20414675717205782,-0.33565894823627374
246.44,-0.2,-0.20486773108361767,-0.26449498602433275
246.445,-0.2,-0.2056713675775843,0.02772230046305748
246.45,-0.2,-0.20669584460074306,0.14281512021403625
246.455,-0.2,-0.20792473483786117,0.09234097988428859
246.46,-0.2,-0.20919718475711543,-0.3309161271528479
246.465,-0.2,-0.21030794864982894,-0.42850529330369863
246.47,-0.2,-0.21113558684437342,-0.5872026088503133
246.475,-0.2,-0.21171364679003957,-0.49599551250772383
246.48,-0.2,-0.2122114657599131,-0.16914377949489443
246.485,-0.2,-0.21283891877107347,-0.04726732604410011
246.49,-0.2,-0.21372942091628117,0.1269816374482398
246.495,-0.2,-0.21487058564933798,-0.01278199178285696
246.5,-0.2,-0.2161212170712741,-0.33975823397053306
246.505,-0.2,-0.21730483673819403,-0.3701710056150267
246.51,-0.2,-0.21831656105212685,-0.5776561662953279
246.515,-0.2,-0.2191752473297637,-0.3142753644867232
246.52,-0.2,-0.21999636812463405,-0.1555450380574585
246.525,-0.2,-0.22090802847694782,-0.10818537020965448
246.53,-0.2,-0.22196330409865206,0.27019840187132665
246.535,-0.2,-0.22308746826716594,-0.09021944443984155
246.54,-0.2,-0.22408961566443686,-0.140196010722954
246.545,-0.2,-0.2247457194907603,-0.332652367452818
246.55,-0.2,-0.2249026986033659,-0.6318354801286964
246.555,-0.2,-0.2245525373870258,-0.41753896729528744
246.56,-0.2,-0.2238347753818058,-0.15554097948033074
246.565,-0.2,-0.222954091299117,-0.240631897410368
246.57,-0.2,-0.22207644952819128,0.22055561198845666
246.575,-0.2,-0.22126022364580528,-0.08541464803006114
246.58,-0.2,-0.2204472038330139,-0.22548763632931706
246.585,-0.2,-0.2195345367254121,-0.5009932795728439
246.59,-0.2,-0.2184810721600141,-0.4651274430334987
246.595,-0.2,-0.21736692647833983,-0.5240180234793881
246.6,-0.2,-0.21638148498004525,-0.3193296045755295
246.605,-0.2,-0.21575510306439394,-0.055390773804164045
246.61,-0.2,-0.21565449171003023,0.20854260369632346
246.615,-0.2,-0.2160932494221501,-0.11653964461406631
246.62,-0.2,-0.216933373843974,-0.22689198641849131
246.625,-0.2,-0.21798446989538497,-0.5216323811631307
246.63,-0.2,-0.219114454334629,-0.2962209225471586
246.635,-0.2,-0.2202991246995951,-0.6417674892570598
246.64,-0.2,-0.22161339116342962,-0.18808021311026535
246.645,-0.2,-0.22317068331321346,0.1248416087803271
246.65,-0.2,-0.22500960461166575,0.1990941898575881
246.655,-0.2,-0.2270086869272709,-0.08866873581932704
246.66,-0.2,-0.22891779092629427,-0.1862115417116143
246.665,-0.2,-0.23047093479688593,-0.39093276344605793
246.67,-0.2,-0.23148878360994682,-0.40264598849168803
246.675,-0.2,-0.23192738555588802,-0.4539790190821862
246.68,-0.2,-0.23187155128774287,-0.28144729215402237
246.685,-0.2,-0.23147659100967827,0.011953305761618158
246.69,-0.2,-0.23087467295421005,0.025199543667248248
246.695,-0.2,-0.23010243528281182,-0.07372804490659106
246.7,-0.2,-0.22910223309011338,-0.13435755988160689
246.705,-0.2,-0.22778297554506144,-0.38224618382450115
246.71,-0.2,-0.22609738732120985,-0.4666660186400583
246.715,-0.2,-0.22410179825062937,-0.4700623851624718
246.72,-0.2,-0.22196620972823528,-0.34550630808276733
246.725,-0.2,-0.21991790180190152,0.0567011478176179
246.73,-0.2,-0.2181386045587649,0.01055577782257705
246.735,-0.2,-0.216686708337468,-0.14810621524640816
246.74,-0.2,-0.21551064064321443,-0.24761217219393541
246.745,-0.2,-0.2145302397857378,-0.47665939626560355
246.75,-0.2,-0.21372102582816072,-0.5382741027797683
246.755,-0.2,-0.21315783248003933,-0.33708978458947614
246.76,-0.2,-0.21298659233083428,-0.13265542524358687
246.765,-0.2,-0.21333483329762984,0.017505927030059737
246.77,-0.2,-0.21421803316663462,0.24287216345174265
246.775,-0.2,-0.2154863815486681,0.15460924680024007
246.78,-0.2,-0.21683409168051582,0.030520377762218803
246.785,-0.2,-0.2178868853411217,-0.5184082579849929
246.79,-0.2,-0.21834600195718246,-0.48625032957422104
246.795,-0.2,-0.21809993481044115,-0.36586823605052815
246.8,-0.2,-0.21722222025198706,-0.2578584354733681
246.805,-0.2,-0.21587592106207443,0.08832892695121503
246.81,-0.2,-0.21419567786269805,0.15108820532834846
246.815,-0.2,-0.2122022931772333,0.1415675368933525
246.82,-0.2,-0.20980191950601915,-0.36885775575460555
246.825,-0.2,-0.2068859020149002,-0.4913589290237582
246.83,-0.2,-0.20345561149212127,-0.3984285509953078
246.835,-0.2,-0.19966837813070298,-0.46081108374193
246.84,-0.2,-0.19579109593100863,-0.1432160871819792
246.845,-0.2,-0.19210462793591843,0.1190349763529902
246.85,-0.2,-0.18879039494100044,0.2279529224786442
246.855,-0.2,-0.1858595568941346,-0.06675367812579366
246.86,-0.2,-0.1831852168697383,-0.17426549813868264
246.865,-0.2,-0.18061261700997233,-0.469417369485982
246.87,-0.2,-0.17806834571272603,-0.4314749163144203
246.875,-0.2,-0.17560850718699222,-0.3207325124415487
246.88,-0.2,-0.17338622336824774,-0.1584985839077365
246.885,-0.2,-0.1715689134936814,-0.06933953398101991
246.89,-0.2,-0.17025647441928274,0.16437541357214486
246.895,-0.2,-0.16942706254310408,0.08605004065460602
246.9,-0.2,-0.16893891153006463,-0.3285928611022269
246.905,-0.2,-0.1686164805429504,-0.4706355997930179
246.91,-0.2,-0.16837517684503886,-0.6342849276149795
246.915,-0.2,-0.16829089612826859,-0.43814264232824846
246.92,-0.2,-0.16856991599558485,-0.2212328323812709
246.925,-0.2,-0.16944656105193845,-0.1239254427342188
246.93,-0.2,-0.1710757580274309,0.050743815533513176
246.935,-0.2,-0.1734688851140288,0.0783108732265832
246.94,-0.2,-0.1764889022528056,-0.23435304075117958
246.945,-0.2,-0.17991530252644844,-0.34296049302053133
246.95,-0.2,-0.18355068815207415,-0.5263222136739487
246.955,-0.2,-0.18729815105548867,-0.3442187295434786
246.96,-0.2,-0.19116366971394405,-0.2724866962280297
246.965,-0.2,-0.19519750886744477,-0.14774934990265393
246.97,-0.2,-0.19941383360395928,0.2622655143246927
246.975,-0.2,-0.203711321105157,0.1930168062454272
246.98,-0.2,-0.20784611227925234,-0.32734637197761596
246.985,-0.2,-0.21152536842512729,-0.5707656343447765
246.99,-0.2,-0.21456808803943656,-0.563552478051173
246.995,-0.2,-0.21698845370226574,-0.36896598754010124
247.0,-0.2,-0.21894966538637411,-0.23710998666387512
247.005,-0.2,-0.2206533635815831,-0.04152709497829183
247.01,-0.2,-0.22223985920165001,-0.003861307146493992
247.015,-0.2,-0.22373653560373577,-0.024705244266250155
247.02,-0.2,-0.22506956343055012,-0.2968011757760831
247.025,-0.2,-0.22613793419778744,-0.5345903481324389
247.03,-0.2,-0.22690928483230577,-0.4203474744891949
247.035,-0.2,-0.22746490778092315,-0.393579764220439
247.04,-0.2,-0.22796693406998383,-0.2625301365352421
247.045,-0.2,-0.22858226466810672,0.06459944233482201
247.05,-0.2,-0.22939221033524287,0.20426726453817484
247.055,-0.2,-0.23032763866879627,-0.09948957847150999
247.06,-0.2,-0.2311948546208597,-0.2700958525420238
247.065,-0.2,-0.23178510820206139,-0.40664951135830796
247.07,-0.2,-0.23197583710032374,-0.34603624109067377
247.075,-0.2,-0.23176553474815487,-0.47728886769270573
247.08,-0.2,-0.23125251621019613,-0.1186855519389628
247.085,-0.2,-0.23057148640188027,-0.03849950700565316
247.09,-0.2,-0.2298052210358355,0.16082856685827318
247.095,-0.2,-0.22892631556399995,-0.13452535957625203
247.1,-0.2,-0.22781428278206317,-0.0879927190527055
247.105,-0.2,-0.22632914277051167,-0.4044742238695541
247.11,-0.2,-0.22439329162503094,-0.43803868351023406
247.115,-0.2,-0.22203986018397093,-0.21167112306116864
247.12,-0.2,-0.21939204082367642,-0.1561542182641385
247.125,-0.2,-0.21658785084759996,0.010801375965826423
247.13,-0.2,-0.21370506769888933,0.17778631401217748
247.135,-0.2,-0.21071494416683134,0.09511134733878485
247.14,-0.2,-0.20748585231789116,-0.13252074042681555
247.145,-0.2,-0.20386327587994293,-0.6265638982452502
247.15,-0.2,-0.1997991655437959,-0.5372203086446954
247.155,-0.2,-0.19542951540861403,-0.29377561923081197
247.16,-0.2,-0.191029037783069,-0.2709467000147579
247.165,-0.2,-0.1868924237192694,0.12500961572576957
247.17,-0.2,-0.18322162108429751,0.12128859523881426
247.175,-0.2,-0.1800608568540325,0.028551751042065626
247.18,-0.2,-0.17731345930083006,-0.1906593551283555
247.185,-0.2,-0.17483586525967784,-0.4859646847262923
247.19,-0.2,-0.17255613989400012,-0.6320275889902847
247.195,-0.2,-0.17055035815884834,-0.38740903210163946
247.2,-0.2,-0.16902393738451918,-0.28268674994685256
247.205,-0.2,-0.1682089353551016,0.08009761115390951
247.21,-0.2,-0.16824393435459206,0.078659220996941
247.215,-0.2,-0.16909910342679596,0.15041804922373953
247.22,-0.2,-0.17058753940915852,-0.3865013049399434
247.225,-0.2,-0.17246684064340354,-0.3766259258138956
247.23,-0.2,-0.17456350503189408,-0.4870914215611073
247.235,-0.2,-0.17683235825211893,-0.4011005442997792
247.24,-0.2,-0.17933905569608274,-0.3943686119431348
247.245,-0.2,-0.18219457808433148,0.1600073572477985
247.25,-0.2,-0.1854567788477499,-0.0323454818324905
247.255,-0.2,-0.18905327740179548,0.06523641920267842
247.26,-0.2,-0.19278443320367455,-0.07595476475005809
247.265,-0.2,-0.19638786547022904,-0.2522413412254791
247.27,-0.2,-0.19962279053030835,-0.400867466427763
247.275,-0.2,-0.20235140152809403,-0.5784357598616254
247.28,-0.2,-0.20457628597729163,-0.06933597163691899
247.285,-0.2,-0.20638660868910325,0.023481261926538627
247.29,-0.2,-0.20784343345956424,0.08261521312964976
247.295,-0.2,-0.20890451239974414,0.07899074004365268
247.3,-0.2,-0.20943659790277333,-0.25164603666754465
247.305,-0.2,-0.20929452598148413,-0.38591011511622897
247.31,-0.2,-0.20841791392507508,-0.40403083147692365
247.315,-0.2,-0.20687435666687418,-0.1741553855805701
247.32,-0.2,-0.2048189903381498,-0.15279107486759025
247.325,-0.2,-0.20241191668657516,0.12620256858875933
247.33,-0.2,-0.19974771170048902,-0.023098340913412674
247.335,-0.2,-0.19683287008531905,-0.07621069396534576
247.34,-0.2,-0.19362732932976215,-0.3886666707559353
247.345,-0.2,-0.19012491860065217,-0.3678109541493529
247.35,-0.2,-0.18641609900876466,-0.4457701234256287
247.355,-0.2,-0.18269566091289355,-0.32224482418864775
247.36,-0.2,-0.17921963575396532,-0.2084460926009913
247.365,-0.2,-0.17623585889049276,-0.08962914315980437
247.37,-0.2,-0.17391256737448624,0.11961360238859209
247.375,-0.2,-0.17228092388638555,0.2119258652295052
247.38,-0.2,-0.17121882968574423,-0.21635747516359094
247.385,-0.2,-0.17051744401456684,-0.3601618590838115
247.39,-0.2,-0.1700050893547662,-0.4687953009382616
247.395,-0.2,-0.16963097413179892,-0.31347348897747157
247.4,-0.2,-0.16945394533815616,-0.146342269899973
247.405,-0.2,-0.16956133177263952,0.07798025372007895
247.41,-0.2,-0.16997527314529567,0.10216517983740186
247.415,-0.2,-0.17059790794030288,0.16427812965825073
247.42,-0.2,-0.17122095055621991,-0.16427112804675942
247.425,-0.2,-0.17160141848100555,-0.35356716528442855
247.43,-0.2,-0.17156999891120933,-0.432505922319707
247.435,-0.2,-0.17110224303281218,-0.3471218102990301
247.44,-0.2,-0.17030520046221506,-0.09690070424128651
247.445,-0.2,-0.16933354426903147,0.033653491667568015
247.45,-0.2,-0.16828395344857694,0.3521349002246422
247.455,-0.2,-0.16712395381589223,-0.05273013261016961
247.46,-0.2,-0.16570910711923445,-0.15993734900391426
247.465,-0.2,-0.16389083809379276,-0.5635795515760105
247.47,-0.2,-0.16164167902426727,-0.5305603593933437
247.475,-0.2,-0.15911000099747455,-0.2648710113828792
247.48,-0.2,-0.1565674702982001,-0.21642452654871314
247.485,-0.2,-0.1542897057350836,0.23579751417431227
247.49,-0.2,-0.15244540931591327,-0.0560634946227421
247.495,-0.2,-0.15105487408181265,-0.009451925973582617
247.5,-0.2,-0.1500287375631613,-0.07488919837137764
247.505,-0.2,-0.14923800185939026,-0.3247805807291658
247.51,-0.2,-0.14858631966937297,-0.4913668745162972
247.515,-0.2,-0.14807369014815072,-0.32561625562895163
247.52,-0.2,-0.14780144812384738,-0.1496508735084603
247.525,-0.2,-0.14789852028314757,0.06926720831076019
247.53,-0.2,-0.1484246510927111,0.07968611132317499
247.535,-0.2,-0.14931361966862006,0.17909939075225448
247.54,-0.2,-0.15038206423847933,-0.22339305112081492
247.545,-0.2,-0.1514021356616842,-0.2130697905463183
247.55,-0.2,-0.1521946085178267,-0.27848755549855575
247.555,-0.2,-0.15267580910328887,-0.17801914945491748
247.56,-0.2,-0.15284510138887608,-0.2123098429531914
247.565,-0.2,-0.15274406240444743,0.060946448433384676
247.57,-0.2,-0.1523994002763382,0.19171993199171883
247.575,-0.2,-0.15176440499309246,0.11119130587927589
247.58,-0.2,-0.15070538703578165,-0.004163420448516614
247.585,-0.2,-0.14905654973100302,-0.2732972700527346
247.59,-0.2,-0.14670880142865234,-0.29144977280621387
247.595,-0.2,-0.14367727339057343,-0.39618257226071274
247.6,-0.2,-0.1401083436715242,-0.05362268282416752
247.605,-0.2,-0.13621535932903706,0.07484912756511018
247.61,-0.2,-0.13217515045218103,0.2323854432164122
247.615,-0.2,-0.1280525466475105,0.10973069707637317
247.62,-0.2,-0.12380469218436267,-0.17956671752305467
247.625,-0.2,-0.11935957903203216,-0.20898386138694156
247.63,-0.2,-0.11471369560338117,-0.5636881288926774
247.635,-0.2,-0.1099931506229953,-0.2523256963933219
247.64,-0.2,-0.10544554674601707,-0.2688701815101743
247.645,-0.2,-0.10136854767073927,-0.1320213844785038
247.65,-0.2,-0.09801883644768189,0.23203613944897705
247.655,-0.2,-0.09553320324288321,0.015821349075943125
247.66,-0.2,-0.09389529958199357,0.06261012701215539
247.665,-0.2,-0.09297419552416927,-0.15402249837673418
247.67,-0.2,-0.09260821126156744,-0.4067874259860104
247.675,-0.2,-0.09269142901997436,-0.30092886823525544
247.68,-0.2,-0.0932100547943622,-0.046697134373735634
247.685,-0.2,-0.09419142816283792,0.07910256214548977
247.69,-0.2,-0.09561181806185315,0.19961072825416784
247.695,-0.2,-0.09733891429920233,0.1488852638997813
247.7,-0.2,-0.09914589968154343,-0.2368474008283379
247.705,-0.2,-0.1007990744549922,-0.3599381020397474
247.71,-0.2,-0.10216554040227258,-0.3455949322086376
247.715,-0.2,-0.10325956010681579,-0.31603934091057195
247.72,-0.2,-0.10420905056643943,-0.13629756919188626
247.725,-0.2,-0.10517451457858745,0.1569989410988994
247.73,-0.2,-0.10624797865445575,0.30311683575476533
247.735,-0.2,-0.10737430166415439,0.23248630205293422
247.74,-0.2,-0.10834944110825837,0.011919210909605321
247.745,-0.2,-0.10891036709150533,-0.3852343620900478
247.75,-0.2,-0.10886616241446898,-0.25563258255429827
247.755,-0.2,-0.1081800169471277,-0.2919983790292678
247.76,-0.2,-0.10695828418631849,-0.17928727974240893
247.765,-0.2,-0.1053837377825926,-0.008997293388812957
247.77,-0.2,-0.10363471810191356,0.14636443843508845
247.775,-0.2,-0.10181607781151163,0.04762300589538668
247.78,-0.2,-0.0999397306426477,-0.03966931826565186
247.785,-0.2,-0.09797353681577282,-0.43245267153372347
247.79,-0.2,-0.09593128522967899,-0.38244206439699463
247.795,-0.2,-0.09393993221599391,-0.40274710277654246
247.8,-0.2,-0.09223047759109364,-0.1368057416928142
247.805,-0.2,-0.09105558421066733,0.10522898967125545
247.81,-0.2,-0.0905791778675521,0.23281858806227168
247.815,-0.2,-0.09080172489130243,0.06828948209985919
247.82,-0.2,-0.09157579916227329,-0.18722399080980143
247.825,-0.2,-0.09270300465076099,-0.281023717667626
247.83,-0.2,-0.09403983695035403,-0.37465557666024285
247.835,-0.2,-0.09554853088265737,-0.24580597012747504
247.84,-0.2,-0.09727865063876985,-0.10852234106602865
247.845,-0.2,-0.0993024676860541,-0.021904802146343563
247.85,-0.2,-0.10163819118515814,0.3426727512014873
247.855,-0.2,-0.10418346170484005,0.24571400925642634
247.86,-0.2,-0.1066987155398944,-0.08462930981967565
247.865,-0.2,-0.10888563591455144,-0.2921142037671733
247.87,-0.2,-0.11051960737561288,-0.3956122141714001
247.875,-0.2,-0.11153391288276397,-0.22958924555788468
247.88,-0.2,-0.11200268982126531,0.007094850421676055
247.885,-0.2,-0.11204737012070129,0.13567374889241546
247.89,-0.2,-0.11173959817898367,0.09075829973916832
247.895,-0.2,-0.11106241865188303,0.10957816829041471
247.9,-0.2,-0.10993628951426089,-0.18583729302355292
247.905,-0.2,-0.10829366337230915,-0.4827658190556776
247.91,-0.2,-0.10617427540442262,-0.4368907404174318
247.915,-0.2,-0.10377227357959388,-0.2717148748853556
247.92,-0.2,-0.10138832874389525,-0.15210401160435993
247.925,-0.2,-0.0993258425671014,0.07345464703802894
247.93,-0.2,-0.0977924751957435,0.19140860800816686
247.935,-0.2,-0.09683791893143782,0.20788412151600016
247.94,-0.2,-0.0963576212802747,-0.23526805442216248
247.945,-0.2,-0.0961826815958487,-0.3659098175191971
247.95,-0.2,-0.09620502380261714,-0.4031752908396974
247.955,-0.2,-0.09644674960420534,-0.4151580450085869
247.96,-0.2,-0.09704706116228508,-0.2681854975815555
247.965,-0.2,-0.09819153078177069,0.10781106024287378
247.97,-0.2,-0.09999818404327009,0.4134488998319251
247.975,-0.2,-0.10240787300734747,0.15726167948020303
247.98,-0.2,-0.10517237775964436,-0.07669218297374711
247.985,-0.2,-0.10796396982095,-0.28645064244988283
247.99,-0.2,-0.11051797319075679,-0.4001832587980773
247.995,-0.2,-0.1127136602173432,-0.1954730385037012
248.0,-0.2,-0.11456216668716088,-0.11948206877371863
248.005,-0.2,-0.11613004378045202,0.07163466331886728
248.01,-0.2,-0.1174495793974708,0.32558742007849517
248.015,-0.2,-0.11845554701280299,0.02248549878752755
248.02,-0.2,-0.11899523672881877,-0.20060115042542598
248.025,-0.2,-0.11892409629628216,-0.3890353489656336
248.03,-0.2,-0.11821229311648632,-0.38321909394855547
248.035,-0.2,-0.11698858405693824,-0.4889279614036644
248.04,-0.2,-0.11551365488556853,-0.10196489885460533
248.045,-0.2,-0.1140952309741119,-0.012089277650026486
248.05,-0.2,-0.11297597127815473,0.17337326252238083
248.055,-0.2,-0.11225381272486133,0.140392783311047
248.06,-0.2,-0.11187983423045007,-0.24865141761068135
248.065,-0.2,-0.1117413302946074,-0.3805558855386736
248.07,-0.2,-0.11177665395304666,-0.382542428784004
248.075,-0.2,-0.11203251633280377,-0.2947648549154179
248.08,-0.2,-0.11263225216007325,-0.02664848354439911
248.085,-0.2,-0.11368914637021175,0.11004600005088812
248.09,-0.2,-0.11522097889146453,0.0827231328255345
248.095,-0.2,-0.11712261865950427,-0.06088522370481572
248.1,-0.2,-0.11920128657244174,0.1556166425450965
248.105,-0.2,-0.12122636345449396,-0.20151826222315178
248.11,-0.2,-0.12298415017094388,-0.35429994699567624
248.115,-0.2,-0.1243467479740436,-0.22713288939354997
248.12,-0.2,-0.12529819089670577,-0.026290749069154573
248.125,-0.2,-0.12587701116973002,0.12730453743314665
248.13,-0.2,-0.12608829282942957,0.1829689659189826
248.135,-0.2,-0.12585443084850578,0.12307973873328897
248.14,-0.2,-0.12503359551415408,-0.20935327684493607
248.145,-0.2,-0.12349792595275197,-0.25212349937678624
248.15,-0.2,-0.12122239168023428,-0.4288457947052099
248.155,-0.2,-0.1183350576747411,-0.5208827832353784
248.16,-0.2,-0.11511174192793817,-0.1368465330897361
248.165,-0.2,-0.11189695461371925,0.127573248786694
248.17,-0.2,-0.10896377533481158,0.38774987592837096
248.175,-0.2,-0.10640788332651463,-0.11218387881745044
248.18,-0.2,-0.10417008336135715,-0.1749097384312464
248.185,-0.2,-0.10215792106888183,-0.3723590068309919
248.19,-0.2,-0.10035287888684268,-0.3711668711164704
248.195,-0.2,-0.09884328634440952,-0.2757981379372422
248.2,-0.2,-0.09778866066719552,-0.056337349764178236
248.205,-0.2,-0.09734073199265648,0.017936609856077285
248.21,-0.2,-0.09756000273684125,0.3165684787598888
248.215,-0.2,-0.09835934685414958,0.19685695770026979
248.22,-0.2,-0.09950699292197156,-0.111961992095151
248.225,-0.2,-0.10071065776494208,-0.18329613086076338
248.23,-0.2,-0.10173507553816023,-0.3995978063951824
248.235,-0.2,-0.10247849131604869,-0.2974107435551925
248.24,-0.2,-0.10297439018939518,-0.03988319930400258
248.245,-0.2,-0.10332303577857903,-0.02973109979656953
248.25,-0.2,-0.10359592490567034,0.3528323085226611
248.255,-0.2,-0.10375972445410596,0.24039618311987282
248.26,-0.2,-0.1036626130737627,-0.24136103192787212
248.265,-0.2,-0.1031178454129544,-0.1944519051945799
248.27,-0.2,-0.10202550396423597,-0.4361538965501826
248.275,-0.2,-0.10043694931179765,-0.3491255309059009
248.28,-0.2,-0.098545982219319,-0.25945077466199684
248.285,-0.2,-0.0966206228236731,0.1294742318721462
248.29,-0.2,-0.09488805326731013,0.2937040945434609
248.295,-0.2,-0.09342960960593591,0.16653538038986943
248.3,-0.2,-0.09216563756581991,-0.11172331725679072
248.305,-0.2,-0.0909439670125659,-0.2396602340542407
248.31,-0.2,-0.08965249921750024,-0.21020698323772619
248.315,-0.2,-0.0882771683169713,-0.33662718210726683
248.32,-0.2,-0.08689582776806037,-0.007286381425304689
248.325,-0.2,-0.08562144414140903,0.1325208102006372
248.33,-0.2,-0.08451679155671796,0.1841489319468924
248.335,-0.2,-0.08354404272162172,-0.05231222983738791
248.34,-0.2,-0.08259427201945933,-0.10268255810062987
248.345,-0.2,-0.08156098321116939,-0.17946789318839623
248.35,-0.2,-0.08040169060926734,-0.41448906897771415
248.355,-0.2,-0.07917290241675962,-0.24774888616024116
248.36,-0.2,-0.0780256972610775,-0.15389547434722137
248.365,-0.2,-0.07714138618645988,0.21022532753935413
248.37,-0.2,-0.07663082676261275,0.22702374834798847
248.375,-0.2,-0.07646317578225964,0.1579662804673794
248.38,-0.2,-0.07647655540541537,-0.048535163770108955
248.385,-0.2,-0.0764663436331222,-0.36094772771908723
248.39,-0.2,-0.07629490601170864,-0.23273221537499103
248.395,-0.2,-0.07595253664883807,-0.32020638980867794
248.4,-0.2,-0.07553878712892755,0.0025442415701102533
248.405,-0.2,-0.07518011002730848,0.31102839712114283
248.41,-0.2,-0.07492297363607875,0.2225743646371214
248.415,-0.2,-0.07467164597509043,0.25851004736899436
248.42,-0.2,-0.07421580913861046,-0.05948647085133727
248.425,-0.2,-0.07332914320813398,-0.3816722034905384
248.43,-0.2,-0.07189196055582663,-0.40081052009363083
248.435,-0.2,-0.06996870622646047,-0.37689879383623476
248.44,-0.2,-0.06779428554581582,-0.2815734187495554
248.445,-0.2,-0.06569158875297397,0.0025733168686937202
248.45,-0.2,-0.06395888866090532,0.2170469445210031
248.455,-0.2,-0.06276387928750832,0.22151829390778788
248.46,-0.2,-0.0621054573287196,-0.14699478912658037
248.465,-0.2,-0.06188314254042853,-0.36426693937308485
248.47,-0.2,-0.06202057215064024,-0.2939498013471416
248.475,-0.2,-0.06253350024683331,-0.17207986337725686
248.48,-0.2,-0.06349816797555914,0.0402327842827971
248.485,-0.2,-0.06496888381742799,0.09484048386485061
248.49,-0.2,-0.06691091679432636,0.1666924971648006
248.495,-0.2,-0.06917474776363129,0.2887955908344034
248.5,-0.2,-0.0715112982111989,-0.11623330205628647
248.505,-0.2,-0.07363698700201975,-0.11674918315910693
248.51,-0.2,-0.0753323614751012,-0.4214000717789313
248.515,-0.2,-0.07651550006842807,-0.20642141030027034
248.52,-0.2,-0.07724387025007314,-0.09508847073700515
248.525,-0.2,-0.07764005253679412,0.24517377002782423
248.53,-0.2,-0.07778282565235048,0.2665718139230116
248.535,-0.2,-0.07763243617587333,0.24092973510034926
248.54,-0.2,-0.07703333669529727,0.09201372715816604
248.545,-0.2,-0.07578548974565635,-0.1725899083426704
248.55,-0.2,-0.07374661956794497,-0.33478781176168404
248.555,-0.2,-0.07092241367047158,-0.4616182198009021
248.56,-0.2,-0.06749322115919823,0.0048191485663166
248.565,-0.2,-0.06373991437954718,0.133305030573414
248.57,-0.2,-0.05990788617243044,0.3162183257628496
248.575,-0.2,-0.056109564065203364,0.1486440226277147
248.58,-0.2,-0.05232099289695042,0.10333829219721029
248.585,-0.2,-0.04845246238771661,-0.25177649903532107
248.59,-0.2,-0.044450923809710136,-0.3727990721824153
248.595,-0.2,-0.04038283637153866,-0.24915714028307806
248.6,-0.2,-0.03644657845099231,-0.2948496416831174
248.605,-0.2,-0.03291174509412027,0.12279970740751697
248.61,-0.2,-0.030018116846456007,0.2142825482774602
248.615,-0.2,-0.027881848995712,0.1136912311973407
248.62,-0.2,-0.026473187530615193,-0.007284714755835697
248.625,-0.2,-0.025674115614922628,-0.07195863657698534
248.63,-0.2,-0.02536314662613065,-0.43262806019039324
248.635,-0.2,-0.02549236429483454,-0.31030336586400203
248.64,-0.2,-0.026115144433316324,0.05075989753087652
248.645,-0.2,-0.02732400093293218,0.03266112568422749
248.65,-0.2,-0.029148430238388482,0.2999027385169154
248.655,-0.2,-0.03149284060940942,0.19550804915980272
248.66,-0.2,-0.03414150571432239,-0.05669083476491677
248.665,-0.2,-0.036832626600190384,-0.2168709383309732
248.67,-0.2,-0.03936742081295734,-0.4167963174740052
248.675,-0.2,-0.041683583999285186,-0.16226872883110277
248.68,-0.2,-0.04384163797713983,0.023968296608045333
248.685,-0.2,-0.0459351964932373,0.13831184984760736
248.69,-0.2,-0.04799751584488271,0.16766849908606896
248.695,-0.2,-0.0499604670135745,0.2347900211722459
248.7,-0.2,-0.05166310470107426,0.10104742045696277
248.705,-0.2,-0.05289944827304082,-0.15424516250562348
248.71,-0.2,-0.053508843420766464,-0.5101706728673192
248.715,-0.2,-0.05347460619569918,-0.2526231225102437
248.72,-0.2,-0.05294594680990758,-0.051315421348022916
248.725,-0.2,-0.05214791145370986,0.19197597422012974
248.73,-0.2,-0.05124940003653285,0.35544634837198896
248.735,-0.2,-0.05027847014616941,0.18408029491773856
248.74,-0.2,-0.04913219743993908,-0.10681172057910925
248.745,-0.2,-0.04767297350938938,-0.20567732610128786
248.75,-0.2,-0.04584043738324944,-0.36408705683052295
248.755,-0.2,-0.0437131834479325,-0.3629128532338232
248.76,-0.2,-0.04150037421989153,-0.017163727678821204
248.765,-0.2,-0.03946014281221352,0.15053373169538797
248.77,-0.2,-0.03778072786406141,0.2883507964407218
248.775,-0.2,-0.0365056319796665,0.041742305033064156
248.78,-0.2,-0.03555439839030701,-0.090031026847569
248.785,-0.2,-0.03481405264331627,-0.29048038496171225
248.79,-0.2,-0.034237785168032435,-0.4634028160539377
248.795,-0.2,-0.03390238068656262,-0.2818273855887538
248.8,-0.2,-0.0339949283611442,-0.15934309796185964
248.805,-0.2,-0.03472731944549577,0.20307768442654905
248.81,-0.2,-0.036219427603414844,0.32492302538718987
248.815,-0.2,-0.0384191875355604,0.07966707314755696
248.82,-0.2,-0.04112282718646617,-0.13896514749604838
248.825,-0.2,-0.0440855637170825,-0.29487295469703123
248.83,-0.2,-0.047131343124079315,-0.1736928880041082
248.835,-0.2,-0.05019224104761267,-0.3091223132790156
248.84,-0.2,-0.053284718308255034,0.029962239052082874
248.845,-0.2,-0.05644821000028787,0.12132600139541122
248.85,-0.2,-0.059665023202797096,0.3078748236512884
248.855,-0.2,-0.06280561595852181,0.13256842243797273
248.86,-0.2,-0.06564628363719371,-0.1114024166458292
248.865,-0.2,-0.06795842609510679,-0.26828421370735916
248.87,-0.2,-0.06961484676593074,-0.4417773457089436
248.875,-0.2,-0.07064915054191812,-0.24885859844636152
248.88,-0.2,-0.07123134113011714,0.007288506247427502
248.885,-0.2,-0.07157012084765295,0.08207943798394762
248.89,-0.2,-0.07180777559068914,0.21648726235770727
248.895,-0.2,-0.07196503985908577,0.21948826180313455
248.9,-0.2,-0.07194720115970292,-0.06402914579193497
248.905,-0.2,-0.07161046572399697,-0.19845673048725532
248.91,-0.2,-0.0708645480714488,-0.4765246282806857
248.915,-0.2,-0.06975549894286039,-0.3533921739247603
248.92,-0.2,-0.06847498993152318,-0.11161996349769002
248.925,-0.2,-0.06727926997164403,0.11722362835251995
248.93,-0.2,-0.06637272321428388,0.03254502626099068
248.935,-0.2,-0.06583742666687742,0.23960736313590283
248.94,-0.2,-0.0656292312167289,-0.047713516377376516
248.945,-0.2,-0.06562394963943642,-0.13429890651852197
248.95,-0.2,-0.06569803428109534,-0.3190421669626875
248.955,-0.2,-0.06580687555068851,-0.3956818935172295
248.96,-0.2,-0.06601348797401907,-0.034447692605199906
248.965,-0.2,-0.06643564495013195,0.17851967859062096
248.97,-0.2,-0.0671373462649232,0.22856791494273068
248.975,-0.2,-0.06805532898588708,0.10070497327075109
248.98,-0.2,-0.06901867036522644,-0.09299410854022608
248.985,-0.2,-0.06983453895323419,-0.21901464083880473
248.99,-0.2,-0.07037882256297846,-0.3312544282336256
248.995,-0.2,-0.07064860648708297,-0.3274696748118532
249.0,-0.2,-0.07075974258232261,-0.13071841631754094
249.005,-0.2,-0.07088518211549755,0.12424801645130716
249.01,-0.2,-0.07115591665211007,0.21070176596327347
249.015,-0.2,-0.07159109546210049,-0.0791009684162218
249.02,-0.2,-0.07211652766454381,-0.12885522004015793
249.025,-0.2,-0.07264792866054263,-0.32634016866072657
249.03,-0.2,-0.07316821274185617,-0.36514398098858747
249.035,-0.2,-0.07375675231296366,-0.1677410707896063
249.04,-0.2,-0.07455560299612922,-0.035750522755765686
249.045,-0.2,-0.075693845188361,-0.01046250861561096
249.05,-0.2,-0.07722320993875544,0.17487672135064575
249.055,-0.2,-0.0790925544995398,-0.02180564321849382
249.06,-0.2,-0.0811637481626107,0.012570989593367152
249.065,-0.2,-0.08326858263199917,-0.39108667295514127
249.07,-0.2,-0.08529328706849441,-0.4544926013008522
249.075,-0.2,-0.08724162799701043,-0.10264234762730134
249.08,-0.2,-0.08920953843680439,-0.02507613617203401
249.085,-0.2,-0.09128262962940756,0.2614600250231285
249.09,-0.2,-0.09344317032832046,0.15748083746524216
249.095,-0.2,-0.09554331859407031,0.14423817542461956
249.1,-0.2,-0.09734907263595848,-0.11699258252189594
249.105,-0.2,-0.09863176801858146,-0.33139772855083627
249.11,-0.2,-0.09926804531223056,-0.4214337715425617
249.115,-0.2,-0.09930146612672613,-0.41730140234678575
249.12,-0.2,-0.09893222385860523,-0.18670491629470654
249.125,-0.2,-0.09843197522068838,0.16736498578089826
249.13,-0.2,-0.09801569143139398,0.24795887863742477
249.135,-0.2,-0.09773953533805209,0.2937727715749276
249.14,-0.2,-0.09749386176367764,-0.23009629133465023
249.145,-0.2,-0.09710527080890041,-0.3397681956820632
249.15,-0.2,-0.09648018913203332,-0.5276114298036577
249.155,-0.2,-0.09568831347035123,-0.337133550654064
249.16,-0.2,-0.09493764716989454,-0.062254466564416126
249.165,-0.2,-0.09446996999889343,-0.020359898641160473
249.17,-0.2,-0.09445445633277574,0.06370310008362434
249.175,-0.2,-0.09493654268989972,0.14161980657831869
249.18,-0.2,-0.09584385480211655,-0.1982335842016658
249.185,-0.2,-0.09704766441191909,-0.35101877140503257
249.19,-0.2,-0.0984598806097594,-0.4189002907586485
249.195,-0.2,-0.10009286516220686,-0.19369094870614711
249.2,-0.2,-0.10203946313731171,-0.2875796179683126
249.205,-0.2,-0.10440981682614948,0.012933427577437581
249.21,-0.2,-0.10726486674589529,0.11057591853510224
249.215,-0.2,-0.11056515298896889,-0.05646131188609786
249.22,-0.2,-0.11417154432254008,-0.10447088561858293
249.225,-0.2,-0.11790192063331778,-0.18528166906856042
249.23,-0.2,-0.12160057387370962,-0.4731630132141318
249.235,-0.2,-0.125190109009715,-0.15141144328483114
249.24,-0.2,-0.12867577204246938,-0.19242996418946226
249.245,-0.2,-0.13209311953622083,0.016395518556993102
249.25,-0.2,-0.13543550571959437,0.3107530188250997
249.255,-0.2,-0.1386001767946498,-0.11740267480707167
249.26,-0.2,-0.14140188680322133,-0.156846690486951
249.265,-0.2,-0.14366071203150624,-0.30646478521804177
249.27,-0.2,-0.14528900392096888,-0.4203248264517317
249.275,-0.2,-0.14632511377753885,-0.2425742881729353
249.28,-0.2,-0.1469056219702298,-0.05126844833598036
249.285,-0.2,-0.1471824329738993,0.13666090010695592
249.29,-0.2,-0.14722852613542292,0.24710896157987544
249.295,-0.2,-0.14698766385924503,0.10112907730864
249.3,-0.2,-0.14629865515160537,-0.11098466714633848
249.305,-0.2,-0.1449866962111014,-0.349942560312886
249.31,-0.2,-0.14298063125744598,-0.7146840826060754
249.315,-0.2,-0.14039890762683435,-0.34379925101273534
249.32,-0.2,-0.1375391115115225,-0.24267910112707414
249.325,-0.2,-0.13475904540074377,0.1960394347887019
249.33,-0.2,-0.13233059908332925,0.024172715669159683
249.335,-0.2,-0.13036929017384918,-0.12822076877606012
249.34,-0.2,-0.12886900906352666,-0.09432193881912823
249.345,-0.2,-0.12778251184729741,-0.4098110528242292
249.35,-0.2,-0.127098378895467,-0.5772514427599024
249.355,-0.2,-0.12690246733448388,-0.41712351042000045
249.36,-0.2,-0.1273736105802859,-0.03396625315750472
249.365,-0.2,-0.1286869110092397,0.004601310757674351
249.37,-0.2,-0.13090168343570158,0.1101811881784194
249.375,-0.2,-0.13391490919652607,0.11890615300848115
249.38,-0.2,-0.13748655634694953,-0.17950485916109182
249.385,-0.2,-0.1413216900009011,-0.3467907510684636
249.39,-0.2,-0.1451809453245874,-0.48543390840307404
249.395,-0.2,-0.14895132190748345,-0.17778369554217371
249.4,-0.2,-0.1526294614067451,-0.23991193024758656
249.405,-0.2,-0.15624395118756187,0.1601184330536707
249.41,-0.2,-0.15976964232676538,0.13758002932756802
249.415,-0.2,-0.16307417227657098,0.07803767759011733
249.42,-0.2,-0.1659266808443307,0.0686541573019139
249.425,-0.2,-0.168067654089638,-0.4722905195769635
249.43,-0.2,-0.16931396519146388,-0.3617317221716979
249.435,-0.2,-0.16963871546247752,-0.25675869974907733
249.44,-0.2,-0.16916295775895196,-0.3064054482523444
249.445,-0.2,-0.16807971065864163,0.15307536566130642
249.45,-0.2,-0.1665579879711233,0.145879172604566
249.455,-0.2,-0.16466519262626012,0.03685884036280625
249.46,-0.2,-0.16236056956517966,0.016257810809638423
249.465,-0.2,-0.15955746964148243,-0.2798604591914785
249.47,-0.2,-0.15620964473400192,-0.4463245734375905
249.475,-0.2,-0.15238463061255125,-0.31149930026808004
249.48,-0.2,-0.14827100752133857,-0.06696287847312382
249.485,-0.2,-0.14409893463713458,0.09154973384542667
249.49,-0.2,-0.14003256355670524,0.21549532974838098
249.495,-0.2,-0.13610096734018212,0.27600353151174606
249.5,-0.2,-0.13219519036706032,-0.06790716468859238
249.505,-0.2,-0.1281370141556821,-0.13923002932440653
249.51,-0.2,-0.1237855578997664,-0.34802514129546774
249.515,-0.2,-0.11912176502672991,-0.4412031287070085
249.52,-0.2,-0.11427676776623799,-0.2164541448402424
249.525,-0.2,-0.1094841250848909,0.10887992606987129
249.53,-0.2,-0.1049731903914908,-0.0731332208658895
249.535,-0.2,-0.10088855159182344,0.04607854086100238
249.54,-0.2,-0.09728659665241012,-0.18223885693019642
249.545,-0.2,-0.09417969121813745,-0.22439769702888573
249.55,-0.2,-0.09159057053512118,-0.3465447261624791
249.555,-0.2,-0.08959000906029277,-0.26377613296543456
249.56,-0.2,-0.08829353543838288,-0.14020316145373143
249.565,-0.2,-0.08781103755891201,0.1347440048109653
249.57,-0.2,-0.0881713539279004,0.13532700681545407
249.575,-0.2,-0.08926890316982627,0.21289103924508437
249.58,-0.2,-0.09087095441136184,-0.08888492213237432
249.585,-0.2,-0.09269108276587898,-0.2717032398555984
249.59,-0.2,-0.09449363173442739,-0.2931467769616505
249.595,-0.2,-0.09616557223873605,-0.36315984004672885
249.6,-0.2,-0.09771957034726529,-0.1014799931662674
249.605,-0.2,-0.09923022773934416,0.20379505762563982
249.61,-0.2,-0.10073214082989644,0.1407148481602411
249.615,-0.2,-0.10215038818358686,0.14761200829764182
249.62,-0.2,-0.10330922020843646,0.07301042736169355
249.625,-0.2,-0.10399291387070596,-0.17149411145269358
249.63,-0.2,-0.1040308274538041,-0.44549297073805927
249.635,-0.2,-0.10338856207282514,-0.47993297099107224
249.64,-0.2,-0.10221159013627762,-0.2602625553412327
249.645,-0.2,-0.1007667263534556,0.1911444165778668
249.65,-0.2,-0.09930502768386486,0.09402674714566553
249.655,-0.2,-0.09795295881927599,0.08911089074201042
249.66,-0.2,-0.09670655766389674,-0.0717987415946616
249.665,-0.2,-0.09549725409812274,-0.15976332141815916
249.67,-0.2,-0.09427202577580214,-0.4418815484940329
249.675,-0.2,-0.09305776240195407,-0.23130332241802642
249.68,-0.2,-0.09196886623036887,-0.012730448994915974
249.685,-0.2,-0.09113795882487805,0.08823805506085315
249.69,-0.2,-0.09062000359856981,0.35838755784418797
249.695,-0.2,-0.09032667486140321,0.34161549570758154
249.7,-0.2,-0.09002651836957473,-0.16170913657788638
249.705,-0.2,-0.0894387005734838,-0.19843985628640798
249.71,-0.2,-0.08836861139493957,-0.37741137982290374
249.715,-0.2,-0.08678504794611931,-0.2696466816286511
249.72,-0.2,-0.08480017686654709,0.12046843342856847
249.725,-0.2,-0.08257217877355755,0.1345399290596376
249.73,-0.2,-0.08020145319022073,0.07902963767025761
249.735,-0.2,-0.07769991246175183,0.019393033568453025
249.74,-0.2,-0.07502749119150078,-0.02166053083291472
249.745,-0.2,-0.07214256252648121,-0.17608634065568152
249.75,-0.2,-0.06904893769346225,-0.31988489055320035
249.755,-0.2,-0.06583464485166884,-0.2321421771486918
249.76,-0.2,-0.06266865009847433,0.03335911231141453
249.765,-0.2,-0.05973220796012654,0.18610236727078916
249.77,-0.2,-0.05712433061427059,0.28110250672777426
249.775,-0.2,-0.05481265484733519,0.048651354618724385
249.78,-0.2,-0.05266523574286179,-0.038202898658933566
249.785,-0.2,-0.05054075972979365,-0.3746152570842763
249.79,-0.2,-0.04838769082865273,-0.4235666399066972
249.795,-0.2,-0.0463047537888765,-0.3852509485278519
249.8,-0.2,-0.0445278081361298,-0.20258856941292563
249.805,-0.2,-0.04333976292450416,0.2349412678484058
249.81,-0.2,-0.04293999921098353,0.2404851445879091
249.815,-0.2,-0.04334834542179968,0.19399286951055317
249.82,-0.2,-0.044411915136337535,-0.11755158788165365
249.825,-0.2,-0.045907074412097786,-0.31563903184916675
249.83,-0.2,-0.04766715412806094,-0.4651340207739626
249.835,-0.2,-0.04965931934509018,-0.20876370838393118
249.84,-0.2,-0.05195885326450848,0.12458062737289444
249.845,-0.2,-0.054635263051827365,0.2585151907233215
249.85,-0.2,-0.05763556207444706,0.36384150083758077
249.855,-0.2,-0.06074293006403208,0.17528098902991407
249.86,-0.2,-0.06362911087597639,-0.10693366401457693
249.865,-0.2,-0.06597222668434305,-0.2793997137815419
249.87,-0.2,-0.06757843363663728,-0.44289694080664876
249.875,-0.2,-0.06843781091391427,-0.04547998544714768
249.88,-0.2,-0.06868331708509728,-0.1589777190478068
249.885,-0.2,-0.06849539004974137,0.12228570256722576
249.89,-0.2,-0.0680192702893563,0.12233656391423606
249.895,-0.2,-0.0673155317870228,0.23183612023459166
249.9,-0.2,-0.06635263685065561,-0.12427469063135246
249.905,-0.2,-0.06506411237548941,-0.32923181787044836
249.91,-0.2,-0.06344719792820051,-0.3516065729965146
249.915,-0.2,-0.06162512208090986,-0.2846792257457205
249.92,-0.2,-0.059827657899136515,-0.1548153464884507
249.925,-0.2,-0.05831270492560147,0.12421281310901812
249.93,-0.2,-0.05726771512108931,0.2529242753648914
249.935,-0.2,-0.05673487192185841,0.14208841769502667
249.94,-0.2,-0.056607514971735946,0.04165318759099726
249.945,-0.2,-0.05670555223088395,-0.3711775411100181
249.95,-0.2,-0.05689218211544658,-0.4301265245800312
249.955,-0.2,-0.05716018187851556,-0.17451246075324717
249.96,-0.2,-0.05761399609344463,0.07445024009739203
249.965,-0.2,-0.05836613609880384,0.03442634192727474
249.97,-0.2,-0.05944858785617452,0.1656342652344795
249.975,-0.2,-0.06078876513086251,0.10161059389247054
249.98,-0.2,-0.06223492393346344,-0.13868283008030885
249.985,-0.2,-0.06362047509427979,-0.21694972145458485
249.99,-0.2,-0.06484374359745126,-0.39081728912347363
249.995,-0.2,-0.0659181245623768,-0.2739386309175233
250.0,-0.2,-0.06695901321727359,0.02429908290302931
250.005,-0.2,-0.06810412968446007,0.10567469055417662
250.01,-0.2,-0.06941090149412713,0.41038305743795866
250.015,-0.2,-0.07079293662551528,0.11248661271245455
250.02,-0.2,-0.07203609018471951,0.028016111844546915
250.025,-0.2,-0.07288923197563416,-0.21417840760834655
250.03,-0.2,-0.07317536445362506,-0.40368087353946225
250.035,-0.2,-0.07286614874947832,-0.23697817381876207
250.04,-0.2,-0.07208107037224526,-0.07796297461962619
250.045,-0.2,-0.07101235338908905,-0.022281286034396774
250.05,-0.2,-0.06983328946331382,0.1614989432381035
250.055,-0.2,-0.06863873160391705,0.08458302905335094
250.06,-0.2,-0.06743579213117401,-0.12257082757696328
250.065,-0.2,-0.0661945772185494,-0.29429546199458295
250.07,-0.2,-0.06492728818812474,-0.28192761635776786
250.075,-0.2,-0.06372904033626592,-0.15487741388692147
250.08,-0.2,-0.06275233448384981,-0.11637362493106451
250.085,-0.2,-0.06214354466984181,0.14674473338110874
250.09,-0.2,-0.061968215116866954,0.41354714078496796
250.095,-0.2,-0.06214742450773482,0.15384078349274347
250.1,-0.2,-0.06246545869841948,-0.11352911464494514
250.105,-0.2,-0.06266848695361352,-0.09028977081628006
250.11,-0.2,-0.06257537651612752,-0.3896990049617254
250.115,-0.2,-0.06214060314417135,-0.34820794635187485
250.12,-0.2,-0.06146283577099382,-0.0940466999565333
250.125,-0.2,-0.06072326972762681,0.09957765895414197
250.13,-0.2,-0.06007039189343011,0.38248625418836896
250.135,-0.2,-0.05952578336956347,0.07913493448062567
250.14,-0.2,-0.058985556293150034,-0.17377477442275124
250.145,-0.2,-0.05832015177414715,-0.2848125649126293
250.15,-0.2,-0.05748506308783623,-0.3487901185255307
250.155,-0.2,-0.056563949144459225,-0.26098352118991075
250.16,-0.2,-0.05573682942305782,-0.03354878924657333
250.165,-0.2,-0.055196546470478995,0.1467976075766759
250.17,-0.2,-0.05505070059752737,0.3103436162911496
250.175,-0.2,-0.05526150903892464,0.10132793759823225
250.18,-0.2,-0.05566512863791288,-0.056746214406536266
250.185,-0.2,-0.056060935835155125,-0.21676633683047947
250.19,-0.2,-0.05631173788432939,-0.35392187403207476
250.195,-0.2,-0.05640328436896145,-0.27561287523284633
250.2,-0.2,-0.056438304540669657,-0.03519434435769103
250.205,-0.2,-0.056564766436961296,0.07639093804103768
250.21,-0.2,-0.05687761633908818,0.3362619398373727
250.215,-0.2,-0.05735415026103386,-0.02093008055759346
250.22,-0.2,-0.057876077561745086,-0.2765420512936123
250.225,-0.2,-0.058329384023273624,-0.20125032783726177
250.23,-0.2,-0.05868610756613053,-0.21669404716415325
250.235,-0.2,-0.059006111925329854,-0.13552766086659915
250.24,-0.2,-0.05938869537039962,0.06808927306502405
250.245,-0.2,-0.0599098865371584,0.10666052650270878
250.25,-0.2,-0.06056591905803473,0.2808401066695952
250.255,-0.2,-0.06124763711030587,0.1008359681882918
250.26,-0.2,-0.06176546173307822,-0.03471446771919551
250.265,-0.2,-0.0619244479521347,-0.2559296835415101
250.27,-0.2,-0.061613301422040245,-0.3110542548069294
250.275,-0.2,-0.06085918837474555,-0.34414184188042835
250.28,-0.2,-0.05982190817061819,-0.10159456371666897
250.285,-0.2,-0.05872150248143405,0.20989316353156787
250.29,-0.2,-0.05772444625149735,0.2651109865568985
250.295,-0.2,-0.056862829719429436,0.04702651055814895
250.3,-0.2,-0.056047423565191115,0.04422548401915464
250.305,-0.2,-0.05515009472471485,-0.3108149674410322
250.31,-0.2,-0.05409239414815265,-0.17153160453389832
250.315,-0.2,-0.05289875042362498,-0.3877610756728335
250.32,-0.2,-0.05169734798010885,-0.0712622777367581
250.325,-0.2,-0.050667372237953714,0.08204274897960666
250.33,-0.2,-0.049948256363243425,0.25139328410154704
250.335,-0.2,-0.04956879020651835,-0.05358476305755075
250.34,-0.2,-0.049464954017426205,-0.29541102648111894
250.345,-0.2,-0.04957364991991539,-0.2622073583239868
250.35,-0.2,-0.04991795984900404,-0.5562091957880382
250.355,-0.2,-0.050633289133974566,-0.18602812681933
250.36,-0.2,-0.051926103682967316,-0.07024988566807053
250.365,-0.2,-0.05397889091540809,0.06981458408607051
250.37,-0.2,-0.0568556749601788,0.30927718657539804
250.375,-0.2,-0.0604501404825331,0.23139730608567655
250.38,-0.2,-0.06449179702071538,0.0547888076891643
250.385,-0.2,-0.06862433810907528,-0.22041604239638854
250.39,-0.2,-0.07252566501043307,-0.2519363276067973
250.395,-0.2,-0.07599919263116167,-0.3168689408816933
250.4,-0.2,-0.07898654648220793,0.10911045718508852
250.405,-0.2,-0.08149420727893306,0.24831774075193008
250.41,-0.2,-0.08348296916803354,0.3319640876911719
250.415,-0.2,-0.08480583239346025,0.18338788536339443
250.42,-0.2,-0.08523510899533224,0.03896672647443922
250.425,-0.2,-0.08455076825264014,-0.23351912483405002
250.43,-0.2,-0.08264358816993653,-0.40439451421246303
250.435,-0.2,-0.07958404703008752,-0.19741850098232838
250.44,-0.2,-0.07561309511675066,-0.21879775712289257
250.445,-0.2,-0.07106389076574156,0.03707384842222884
250.45,-0.2,-0.06626173114894307,0.21763241174595965
250.455,-0.2,-0.06143597351167236,0.20636856294312322
250.46,-0.2,-0.05668362499228795,-0.027521635852571558
250.465,-0.2,-0.05201875808437921,-0.3006808692063528
250.47,-0.2,-0.04747757846965444,-0.3853791277643814
250.475,-0.2,-0.043203539575995424,-0.45772025789348136
250.48,-0.2,-0.039460318864910374,-0.20264956198255207
250.485,-0.2,-0.03656311266771412,0.1044178851662452
250.49,-0.2,-0.03475620533222728,0.26274278999282874
250.495,-0.2,-0.03411234912568079,0.0736585553118207
250.5,-0.2,-0.034530332430030654,-0.10640379592012963
250.505,-0.2,-0.035825385009329455,-0.27059715935854806
250.51,-0.2,-0.037840530485927615,-0.4539135756043162
250.515,-0.2,-0.040515786927629784,-0.2266544316640915
250.52,-0.2,-0.04387973971438669,-0.058335372742512825
250.525,-0.2,-0.04797356180946867,-0.006112450201723768
250.53,-0.2,-0.05277326732805993,0.06900128231413241
250.535,-0.2,-0.058155093650006116,0.16262754193920262
250.54,-0.2,-0.06390312350503255,-0.1814119841117769
250.545,-0.2,-0.06976217173160469,-0.1528088277073274
250.55,-0.2,-0.0755188886726486,-0.41588465148631176
250.555,-0.2,-0.08106167298010843,-0.24463807322122227
250.56,-0.2,-0.0863771169986467,0.09149350816510217
250.565,-0.2,-0.09147359420713826,0.12958205811892626
250.57,-0.2,-0.09629039281648809,0.16801373992172178
250.575,-0.2,-0.10066201396055076,0.27712845517295653
250.58,-0.2,-0.10433718854249663,0.028654833635725283
250.585,-0.2,-0.1070393577722679,-0.19707051436495093
250.59,-0.2,-0.10856283698321922,-0.3088264569066616
250.595,-0.2,-0.10885821838045291,-0.4233872711285284
250.6,-0.2,-0.10805350157378622,-0.10087433659714816
250.605,-0.2,-0.10639202992571987,0.06338795896815219
250.61,-0.2,-0.1041191353119334,0.15992265484563714
250.615,-0.2,-0.1013927892353557,0.13012927826942364
250.62,-0.2,-0.09827060274305711,-0.12269654517313301
250.625,-0.2,-0.09477493861643575,-0.4557921893953888
250.63,-0.2,-0.09099487085563852,-0.36478752713515783
250.635,-0.2,-0.08714302430019229,-0.2820945399256628
250.64,-0.2,-0.08351861385253719,-0.08604900144909655
250.645,-0.2,-0.08041540785365213,-0.006354842427904878
250.65,-0.2,-0.07803297217327938,0.285256754946041
250.655,-0.2,-0.07641318628708421,0.26526881066508906
250.66,-0.2,-0.07543085430342626,-0.1692510291199622
250.665,-0.2,-0.0748762406110677,-0.28012845535939684
250.67,-0.2,-0.07458758988098975,-0.43295927686116464
250.675,-0.2,-0.07453609558296773,-0.36115405656676536
250.68,-0.2,-0.07482022657999905,-0.10438524663199589
250.685,-0.2,-0.0755904128936082,-0.09531127206736531
250.69,-0.2,-0.07695946584907103,0.05387087712456051
250.695,-0.2,-0.0789457194933272,0.1236954661808913
250.7,-0.2,-0.08145012503557476,0.18466325796766134
250.705,-0.2,-0.08427604852041197,-0.4148296261579586
250.71,-0.2,-0.08721142568494665,-0.10479509434342699
250.715,-0.2,-0.09011635622997449,-0.3324063050220676
250.72,-0.2,-0.0929445438335735,-0.15783235995613903
250.725,-0.2,-0.09570403272066724,0.1862216687533616
250.73,-0.2,-0.09838372367722377,0.08535703943454723
250.735,-0.2,-0.10089660027906652,-0.022150826477356333
250.74,-0.2,-0.10309826440808877,-0.12967916865045043
250.745,-0.2,-0.1048563999430887,-0.2569179789931009
250.75,-0.2,-0.10611436734239285,-0.3801657531431744
250.755,-0.2,-0.10692248600280609,-0.18132856145067172
250.76,-0.2,-0.10741735700959563,-0.11792221682570322
250.765,-0.2,-0.1077506339792519,0.19117356732068563
250.77,-0.2,-0.10800254889450821,0.22757966875557756
250.775,-0.2,-0.10812471092538634,0.2258525872431998
250.78,-0.2,-0.10795079834646294,-0.10912221901391422
250.785,-0.2,-0.10728196462560124,-0.2527158541801171
250.79,-0.2,-0.10599861609694258,-0.3774206150005248
250.795,-0.2,-0.10412651774469854,-0.2237906447591314
250.8,-0.2,-0.10182036488679258,-0.09956635490957896
250.805,-0.2,-0.09928749706934004,-0.001172187509505082
250.81,-0.2,-0.09670749235570515,0.0419244476156167
250.815,-0.2,-0.09418303944106533,0.1802832484002554
250.82,-0.2,-0.09173119686587354,-0.2273610652339022
250.825,-0.2,-0.08933564697168889,-0.46107970364639195
250.83,-0.2,-0.08704320780116327,-0.34807848501006566
250.835,-0.2,-0.08501120737445363,-0.18958323950350986
250.84,-0.2,-0.08346427290857036,-0.32769333721841754
250.845,-0.2,-0.08261950526791163,0.1611939531950437
250.85,-0.2,-0.08260589774780144,0.3346795896666854
250.855,-0.2,-0.08337978637521809,0.2827888615612869
250.86,-0.2,-0.08470506757060982,0.00965599744364401
250.865,-0.2,-0.08624659435598765,-0.350831301914155
250.87,-0.2,-0.08771997272482901,-0.34427541541423184
250.875,-0.2,-0.08898926257374243,-0.15318951869387487
250.88,-0.2,-0.09005530358866663,-0.15612534245135012
250.885,-0.2,-0.09097142552596994,0.2980136670101737
250.89,-0.2,-0.09174400207142436,0.25717398358809856
250.895,-0.2,-0.0922648608582241,0.19674930136115226
250.9,-0.2,-0.09231761554868473,0.18233524375034468
250.905,-0.2,-0.09165078104847246,-0.2952970779105671
250.91,-0.2,-0.09007829556320995,-0.14156066232665507
250.915,-0.2,-0.08756092353857371,-0.44594643337531414
250.92,-0.2,-0.08422616897786038,-0.08945735130421331
250.925,-0.2,-0.08031891596025065,-0.05287111329744515
250.93,-0.2,-0.07610598322142012,0.21080585554933304
250.935,-0.2,-0.0717861576836479,0.04704745930844846
250.94,-0.2,-0.06746604687331781,-0.1936160078789963
250.945,-0.2,-0.06320924172870997,-0.0716449739836037
250.95,-0.2,-0.05910045816322231,-0.39337218689408826
250.955,-0.2,-0.05528109543609937,-0.22545455318369834
250.96,-0.2,-0.051950317264752265,-0.16531480378548788
250.965,-0.2,-0.049322727291494374,0.00034768078440464145
250.97,-0.2,-0.04755755252242035,0.1474096438537191
250.975,-0.2,-0.04670090736006756,0.08404982123343585
250.98,-0.2,-0.046679663875461345,-0.16025741033942836
250.985,-0.2,-0.04736873088609257,-0.4802327384686814
250.99,-0.2,-0.048696542975347194,-0.37253701007482526
250.995,-0.2,-0.05070245186997585,-0.2892895343989642
251.0,-0.2,-0.053500149568872155,-0.05310476294849592
251.005,-0.2,-0.05718441371393195,0.09622367330549218
251.01,-0.2,-0.0617370380564202,0.3790423933385749
251.015,-0.2,-0.06697287967105865,0.017984060918890155
251.02,-0.2,-0.07257001208023386,-0.10182247635547395
251.025,-0.2,-0.07817839443248048,-0.25005786167651184
251.03,-0.2,-0.08352806940002594,-0.301572048600555
251.035,-0.2,-0.08847851372590466,-0.2689811030819299
251.04,-0.2,-0.0930024942851469,0.055756833656801306
251.045,-0.2,-0.09711352357857322,0.1063990382916305
251.05,-0.2,-0.10077720097375352,0.28429123563468667
251.055,-0.2,-0.10386351962279858,0.10551099577370068
251.06,-0.2,-0.10616251704024765,0.12148847367577802
251.065,-0.2,-0.10744565656230587,-0.13784843755725532
251.07,-0.2,-0.10755039766378408,-0.4575531378562751
251.075,-0.2,-0.10646634707419855,-0.3470092665611181
251.08,-0.2,-0.10436662204497446,-0.1591354728154172
251.085,-0.2,-0.10154528254074545,-0.08543781172335163
251.09,-0.2,-0.09830495716521896,0.276243662760872
251.095,-0.2,-0.09485906304933467,0.08987612973803134
251.1,-0.2,-0.09129901738470905,-0.14291016602290835
251.105,-0.2,-0.0876507004098702,-0.2100630074863159
251.11,-0.2,-0.08396621682396645,-0.3647933677670817
251.115,-0.2,-0.08037769032340732,-0.27077122007915866
251.12,-0.2,-0.0770892597594058,-0.06543044258095582
251.125,-0.2,-0.0743154081763655,-0.01446245009326158
251.13,-0.2,-0.07219943558759795,0.2962609094117066
251.135,-0.2,-0.07075183327592167,0.1443389738179766
251.14,-0.2,-0.06984789741931166,-0.17796672044392486
251.145,-0.2,-0.06930597140154644,-0.17915609962610787
251.15,-0.2,-0.06899115526984531,-0.35293667052269095
251.155,-0.2,-0.06886977308562509,-0.22854524739779963
251.16,-0.2,-0.06900033849590216,-0.1354072511925783
251.165,-0.2,-0.06947603059306327,0.10224090413492726
251.17,-0.2,-0.07034265050846195,0.23381775668077304
251.175,-0.2,-0.07153667638059792,0.07198730685888872
251.18,-0.2,-0.07289094896629099,-0.08527150693983071
251.185,-0.2,-0.0742106962348822,-0.2788386826083923
251.19,-0.2,-0.07536636988763182,-0.32657799227174333
251.195,-0.2,-0.07634204030990717,-0.144202516286044
251.2,-0.2,-0.07721061945217882,-0.025794818612479675
251.205,-0.2,-0.07805352401901085,0.26532967606547914
251.21,-0.2,-0.07887268842407355,0.25702835416357717
251.215,-0.2,-0.0795454387596982,0.17823150844994406
251.22,-0.2,-0.07986002899995184,-0.2520772674424625
251.225,-0.2,-0.07962400857678688,-0.29928851664597955
251.23,-0.2,-0.07877013005013493,-0.26196324965574597
251.235,-0.2,-0.07738533554355279,-0.2987108349855987
251.24,-0.2,-0.07566827866939262,-0.08621422561321337
251.245,-0.2,-0.0738560603500615,0.019594582194980337
251.25,-0.2,-0.0721496228183204,-0.03590301227715642
251.255,-0.2,-0.07067007385745333,0.1091006293074039
251.26,-0.2,-0.06945645652072921,-0.12592911698774273
251.265,-0.2,-0.0685019953172434,-0.34284341150799497
251.27,-0.2,-0.067823088653113,-0.33912236307293053
251.275,-0.2,-0.06750881613965447,-0.1842179547467213
251.28,-0.2,-0.0677007679653003,-0.133116724196111
251.285,-0.2,-0.068522514595998,0.2024397035971443
251.29,-0.2,-0.0699965617081855,0.35564219583913914
251.295,-0.2,-0.07197807025481447,0.3488967696324133
251.3,-0.2,-0.07415624421344688,-0.03296602393054584
251.305,-0.2,-0.07615874102764446,-0.40293610489232634
