t,reference,measured,noisy
169.06,0.2,-5.430166389835701e-06,-0.17382663984960042
169.065,0.2,-4.504879003119008e-05,-0.12277201586263238
169.07,0.2,-0.00019470547545006624,-0.36535945334170483
169.075,0.2,-0.0005924814254217096,-0.1863210076539705
169.08,0.2,-0.0014286135830622467,-0.1816395661449071
169.085,0.2,-0.0028891490663086675,0.36725959644665307
169.09,0.2,-0.005062229825506061,0.14893225097494592
169.095,0.2,-0.007874839899947547,0.21605616448394446
169.1,0.2,-0.011113021682851306,0.09581786123692321
169.105,0.2,-0.014500360775634774,-0.20655990290123646
169.11,0.2,-0.017790192414691253,-0.12015675926221489
169.115,0.2,-0.020829274937056177,-0.1120874563648982
169.12,0.2,-0.023550443541933887,0.22704817231573599
169.125,0.2,-0.02590799087556172,0.09438095261699805
169.13,0.2,-0.02781854364264426,0.2808215840040396
169.135,0.2,-0.02914173593256623,0.24587502565819983
169.14,0.2,-0.029692438543711897,0.09929699383752882
169.145,0.2,-0.029288232162461413,-0.1855028215188577
169.15,0.2,-0.0278312377582726,-0.2379421562666947
169.155,0.2,-0.025373690314487024,-0.21949667336490034
169.16,0.2,-0.022116051041440588,-0.07135471105317949
169.165,0.2,-0.01833788361638381,0.1685900201095758
169.17,0.2,-0.014296646084578674,0.2939819814551028
169.175,0.2,-0.01014377765334313,0.2611676368468472
169.18,0.2,-0.0059035163910202,0.1332098283840916
169.185,0.2,-0.0015264442387890984,-0.20220906057593874
169.19,0.2,0.0030126348728310498,-0.21858629856694634
169.195,0.2,0.007639811777895758,-0.08884664312595017
169.2,0.2,0.012186953113718762,-0.010463893557586326
169.205,0.2,0.016461065418684955,0.2055375555994471
169.21,0.2,0.020323036820448535,0.21989378923544767
169.215,0.2,0.023737977696327368,0.2854562676244414
169.22,0.2,0.026778536603740914,0.09559945329272213
169.225,0.2,0.029568905381368766,-0.33787123515906325
169.23,0.2,0.032185467975804315,-0.1252730469176177
169.235,0.2,0.03458687523671652,-0.2777374446145769
169.24,0.2,0.03662925264096213,0.09575348043609708
169.245,0.2,0.038148446908926735,0.2702740404185154
169.25,0.2,0.039062845519559,0.35339518143574034
169.255,0.2,0.039437023415352504,0.2540078540845988
169.26,0.2,0.03946836435688421,0.2354368708295133
169.265,0.2,0.03942038441707768,0.022800152956127917
169.27,0.2,0.03953486766692663,-0.2724888187096389
169.275,0.2,0.039947854891099935,-0.020273850794229484
169.28,0.2,0.04066390823980505,0.011287423785492148
169.285,0.2,0.04161121933566659,0.20790376802638783
169.29,0.2,0.04273824130662665,0.7114901899777064
169.295,0.2,0.044111059343716175,0.43018609807584735
169.3,0.2,0.045943893551764876,0.18202760443557925
169.305,0.2,0.04850867795083195,-0.0552222163537226
169.31,0.2,0.05199114501554979,-0.1905885423891746
169.315,0.2,0.0563948435279668,-0.2829670498293092
169.32,0.2,0.06152812242649814,0.021739527178607485
169.325,0.2,0.06707543393590785,0.17830022396491957
169.33,0.2,0.07272365178044542,0.47152782475596383
169.335,0.2,0.07827353980651189,0.29142199316851236
169.34,0.2,0.08366705010630575,0.07379537722952297
169.345,0.2,0.08891573811809328,-0.14647766638323056
169.35,0.2,0.0939928141963445,-0.16529081551330288
169.355,0.2,0.09876449230005861,-0.3463803107407032
169.36,0.2,0.10299074378135799,0.18131477742625565
169.365,0.2,0.10641053148061676,0.46715759933150053
169.37,0.2,0.10888248047649707,0.4876433740406758
169.375,0.2,0.1104713972761209,0.3302771898600506
169.38,0.2,0.11140853353400679,0.05772549229428685
169.385,0.2,0.11196746528065353,-0.12008998734104136
169.39,0.2,0.11233925797913515,-0.22050627914420706
169.395,0.2,0.11257399957050845,0.09060289359393284
169.4,0.2,0.11261744297933587,0.15839115689552127
169.405,0.2,0.11240883633537718,0.44633034295642765
169.41,0.2,0.11197109219818235,0.36746416859162256
169.415,0.2,0.11144352931046787,0.30712226160438005
169.42,0.2,0.11104344142436404,0.08656740519956879
169.425,0.2,0.11097888167261445,-0.11496576683831039
169.43,0.2,0.11135913533173208,-0.11535083535650828
169.435,0.2,0.11214911368321173,-0.14297759511512576
169.44,0.2,0.11319014967666229,0.1467233591907788
169.445,0.2,0.11428017068654377,0.33937972475238654
169.45,0.2,0.11528563234259173,0.6656967255159715
169.455,0.2,0.11622755307216207,0.283836507184159
169.46,0.2,0.11727291800667615,0.22814731642649888
169.465,0.2,0.11863135741445244,-0.09881818790585137
169.47,0.2,0.12043741691089774,-0.028418418151544098
169.475,0.2,0.12268921122948633,-0.09685726452185642
169.48,0.2,0.1252594892914814,0.1438869348846944
169.485,0.2,0.12795944822378255,0.18323502318857843
169.49,0.2,0.1306201155395786,0.4087440013635364
169.495,0.2,0.13316194862218372,0.4992611423597837
169.5,0.2,0.13561862545004938,-0.04215149635167845
169.505,0.2,0.1380772483094375,0.0343214531192996
169.51,0.2,0.14057563909191864,-0.10106783195446133
169.515,0.2,0.1430498678141742,-0.02593271552700833
169.52,0.2,0.1453542355963287,0.16399740467939328
169.525,0.2,0.1473324930821332,0.5076714625432691
169.53,0.2,0.14891376781007337,0.41042953725882236
169.535,0.2,0.1501684288667053,0.39058327879371524
169.54,0.2,0.15127857908906905,0.15276549200675008
169.545,0.2,0.15245061815050262,0.03523680617727278
169.55,0.2,0.1538183209875066,-0.26807388882377925
169.555,0.2,0.1553758269615453,0.041902522057565464
169.56,0.2,0.15698834385439261,0.22623669647791472
169.565,0.2,0.1584866937177228,0.35465927880825976
169.57,0.2,0.15977846613469077,0.6291687774566281
169.575,0.2,0.16091071238368326,0.32521379948710366
169.58,0.2,0.16204928011956188,0.11503122421245053
169.585,0.2,0.1633741715610331,-0.15040910252559334
169.59,0.2,0.16496545441065472,0.0564347437160618
169.595,0.2,0.16676527823320178,-0.06905547949464177
169.6,0.2,0.16861676215149718,0.18136563147726487
169.605,0.2,0.17033562287830847,0.31150381719579456
169.61,0.2,0.17179155203348134,0.5040083368902105
169.615,0.2,0.17296719539218156,0.23383390286860645
169.62,0.2,0.17394705037127325,0.16436106991516297
169.625,0.2,0.17484282817168992,0.015173639629303584
169.63,0.2,0.17571283032758608,-0.14462906347878335
169.635,0.2,0.17651469277750106,-0.022350138651325523
169.64,0.2,0.1771140010720288,0.21113075510150311
169.645,0.2,0.17736039960738048,0.4547331955022238
169.65,0.2,0.17719184296784543,0.5184803990580793
169.655,0.2,0.176696077281821,0.4310782549437169
169.66,0.2,0.17608975407580896,0.23049771909155006
169.665,0.2,0.17563206426515496,0.09786526855749354
169.67,0.2,0.17552203254269938,-0.14219651208839185
169.675,0.2,0.17582581995946786,0.026395416484416456
169.68,0.2,0.17647145206730439,0.16726539509316055
169.685,0.2,0.17731609986704536,0.2946827173699058
169.69,0.2,0.17823858094437947,0.46832825330365446
169.695,0.2,0.1792083726640621,0.5020062795574067
169.7,0.2,0.18030843704873106,0.3473628986284339
169.705,0.2,0.1816866723604124,-0.16533076833186608
169.71,0.2,0.18344018139624269,-0.10015081618550208
169.715,0.2,0.18552279018627466,0.11549879602735191
169.72,0.2,0.18776829316550714,0.2851811877791066
169.725,0.2,0.18999618001927446,0.38501697656995076
169.73,0.2,0.19210855728538578,0.6438520592667496
169.735,0.2,0.1941434212149974,0.5130180348389717
169.74,0.2,0.19626652961090074,0.21227428223474698
169.745,0.2,0.19868052570664843,-0.06497783280501568
169.75,0.2,0.20149527274515175,-0.10711759230304638
169.755,0.2,0.20464486041567576,-0.22523497188000674
169.76,0.2,0.20789243172911806,0.16506829375040458
169.765,0.2,0.2109177064405093,0.2997708823135625
169.77,0.2,0.21344902910849675,0.5875666983569529
169.775,0.2,0.21537176706003883,0.5317105748899651
169.78,0.2,0.21675329239882332,0.2332358472979124
169.785,0.2,0.2177665406799323,0.01991391556182661
169.79,0.2,0.21856330321965858,-0.033638665839407084
169.795,0.2,0.2191885703863977,0.014626189454946554
169.8,0.2,0.21958340901233514,0.29541987462046465
169.805,0.2,0.21965747858315235,0.3366660027244156
169.81,0.2,0.219373410512233,0.44289671865586655
169.815,0.2,0.2187903862629122,0.3938092183018772
169.82,0.2,0.21805146394067487,0.18198120241275104
169.825,0.2,0.21732311687952466,0.07384827465749262
169.83,0.2,0.21671285671847584,-0.17967328153148865
169.835,0.2,0.21620122759048574,-0.19004804633867523
169.84,0.2,0.21562990040294755,0.24212975936531633
169.845,0.2,0.2147793299934838,0.3323249140031844
169.85,0.2,0.21349767391456856,0.6000075879478401
169.855,0.2,0.21179569335600368,0.5940553907299841
169.86,0.2,0.20985623904967007,0.16677697327278207
169.865,0.2,0.20794017837280315,-0.11427687237013685
169.87,0.2,0.20623536044268378,-0.1456839003047904
169.875,0.2,0.204762918413858,0.010456963380777128
169.88,0.2,0.2034004118455881,0.14660865649282084
169.885,0.2,0.20197898662174113,0.38421685592559657
169.89,0.2,0.20038560008296719,0.4067137160371265
169.895,0.2,0.1986219937412585,0.3766318928619403
169.9,0.2,0.19679709756644018,0.20338960926235097
169.905,0.2,0.19506031616535602,-0.047966651012664195
169.91,0.2,0.19351229340209544,-0.020201490832410976
169.915,0.2,0.19214824156527827,-0.008490212092538378
169.92,0.2,0.1908693590243265,0.19903493697235786
169.925,0.2,0.18954645814844173,0.2568871296989877
169.93,0.2,0.18809567843073613,0.5007322078886178
169.935,0.2,0.18653127549395204,0.2856675943829847
169.94,0.2,0.18496606330243312,0.2927612390150689
169.945,0.2,0.1835501455626321,-0.1671361784822472
169.95,0.2,0.18237160249640477,-0.20374101207156492
169.955,0.2,0.18137522525968847,-0.1581305316269763
169.96,0.2,0.18036443895526896,0.14207760143587683
169.965,0.2,0.17909178220000813,0.2166286806297691
169.97,0.2,0.1773801443758622,0.7028982349074745
169.975,0.2,0.17522394638359565,0.5565379114558511
169.98,0.2,0.17281274343610228,0.0748198036079736
169.985,0.2,0.17042655190275371,-0.09344167650772592
169.99,0.2,0.1682739445060396,-0.08733638574813295
169.995,0.2,0.16641088701774043,0.059914831993030326
170.0,0.2,0.16476522570948207,-0.1144443038695544
170.005,0.2,0.16320642185744205,0.5713844285174325
170.01,0.2,0.16164365905288922,0.5150425430644927
170.015,0.2,0.16012573164211388,0.5867886683846539
170.02,0.2,0.15886408285714265,0.400826845710191
170.025,0.2,0.15815242597984133,-0.08112390706239067
170.03,0.2,0.15822121138785622,-0.30256060963628395
170.035,0.2,0.15910754730648377,-0.02419286292912848
170.04,0.2,0.16064168393344586,0.08183616669784512
170.045,0.2,0.1625558092031018,0.4395927476504678
170.05,0.2,0.16462759572537258,0.5860533342767271
170.055,0.2,0.16677905678676166,0.4164117303893789
170.06,0.2,0.16907919398010768,0.21307931803299654
170.065,0.2,0.17165492961438553,0.052565299946975744
170.07,0.2,0.1745805887740392,-0.09226940975849071
170.075,0.2,0.17780876346497435,-0.05863426366589547
170.08,0.2,0.1811632022970493,0.0089740326666643
170.085,0.2,0.18439546449000227,0.4188333768938826
170.09,0.2,0.18728803607573644,0.41062983083523674
170.095,0.2,0.18974182114065544,0.3235947274772168
170.1,0.2,0.19178154061396793,0.18776834802033246
170.105,0.2,0.1934918112149163,0.14641028804182676
170.11,0.2,0.19494590814918838,-0.029995655645958075
170.115,0.2,0.1961581313818353,0.01868884606034689
170.12,0.2,0.19707110366350453,0.12960789143490298
170.125,0.2,0.19758677849467754,0.18075544292037707
170.13,0.2,0.19762951556919725,0.5778609779940512
170.135,0.2,0.19721795275835424,0.457905512384186
170.14,0.2,0.19649679216748306,0.1928995766277441
170.145,0.2,0.19567826812188216,0.031482128450783284
170.15,0.2,0.1949331569180867,-0.006454454821932409
170.155,0.2,0.19432492346656544,0.1001254277768811
170.16,0.2,0.19382314225340172,0.24055178250946901
170.165,0.2,0.193365677983625,0.2854311629654805
170.17,0.2,0.19292401537191553,0.4986935152885771
170.175,0.2,0.19254660180356034,0.39577640740135334
170.18,0.2,0.19236177106710406,0.24252445893382785
170.185,0.2,0.19252050202849003,-0.08343327539764066
170.19,0.2,0.19310089184770424,-0.07299212236398707
170.195,0.2,0.19404449617598882,0.009861390056281814
170.2,0.2,0.19518068254140072,0.3637262550588559
170.205,0.2,0.19633031852602895,0.5556323288280297
170.21,0.2,0.19741630971225563,0.4188793578884963
170.215,0.2,0.19849950311944736,0.4073170290325536
170.22,0.2,0.19973225982899043,0.29763170070719347
170.225,0.2,0.20127854714703095,-0.03591706112158473
170.23,0.2,0.203223890519157,-0.17389528431946696
170.235,0.2,0.20550612228153137,0.0752395428238444
170.24,0.2,0.20792881107526032,0.17840663998744233
170.245,0.2,0.2102546823398381,0.36377236116167644
170.25,0.2,0.21231294607370757,0.659353092818312
170.255,0.2,0.2140796059223086,0.6019089323174012
170.26,0.2,0.21569454439767732,0.2495848519196235
170.265,0.2,0.21737573463063775,-0.06356765421967145
170.27,0.2,0.21927472063799722,-0.04984719296312097
170.275,0.2,0.22138613890670084,0.02796407440495685
170.28,0.2,0.2235656781644749,0.19726491250342557
170.285,0.2,0.22561556598941002,0.30080846884094303
170.29,0.2,0.2273741406005148,0.42551849055701535
170.295,0.2,0.2287732979536313,0.39805382448145166
170.3,0.2,0.2298458652214865,0.21247058398092156
170.305,0.2,0.2306712362003144,-0.13036160161919993
170.31,0.2,0.23128154709113447,-0.044839700609331026
170.315,0.2,0.2315948135604024,-0.18736945040475997
170.32,0.2,0.23142341067178415,0.22724300317198473
170.325,0.2,0.23055912457335986,0.4937383927886875
170.33,0.2,0.22890496565097823,0.8022015166781661
170.335,0.2,0.2265737106138612,0.38236318771037253
170.34,0.2,0.22385767018902664,0.05367917895902652
170.345,0.2,0.22107624397026118,-0.08763670686667545
170.35,0.2,0.21842372646298194,-0.15553951669297625
170.355,0.2,0.2159099011616692,-0.15880461587213107
170.36,0.2,0.21339113294899814,0.1752709264325873
170.365,0.2,0.21066388985671772,0.2699370852287877
170.37,0.2,0.20758459880858046,0.639350269306429
170.375,0.2,0.20415877805338,0.3249245875770192
170.38,0.2,0.20054369529240718,0.21697951025921142
170.385,0.2,0.1969626673773043,0.0786502366969919
170.39,0.2,0.19359664195038562,-0.17446536623465347
170.395,0.2,0.19051147641943977,0.005422485991600931
170.4,0.2,0.18765516720931996,0.29333278977822397
170.405,0.2,0.1849372193814443,0.3857150207434441
170.41,0.2,0.18233503255857184,0.6154315061796185
170.415,0.2,0.17995397669612578,0.40650828953152596
170.42,0.2,0.17800920504884002,0.24102654116396624
170.425,0.2,0.17673393201150736,-0.08129510413150758
170.43,0.2,0.176256587633665,-0.2989333998262079
170.435,0.2,0.17651874041033944,0.0773301126571944
170.44,0.2,0.17729929017126922,0.15880586000550356
170.445,0.2,0.17833422974540827,0.52913110132342
170.45,0.2,0.17944610087521862,0.4836641178389342
170.455,0.2,0.18061266570549328,0.5411918073553028
170.46,0.2,0.18195048744075965,0.15599914655859842
170.465,0.2,0.1836147607580341,-0.2394865389038209
170.47,0.2,0.18566053703659904,-0.12572361491680378
170.475,0.2,0.18795933114341576,-0.23196118219908807
170.48,0.2,0.1902216031026259,0.05000334699041825
170.485,0.2,0.1920959109823732,0.3614628024574157
170.49,0.2,0.19330732837149822,0.7003073160537056
170.495,0.2,0.19377810281947522,0.42444099128138385
170.5,0.2,0.19364024297232404,0.15789671576128783
170.505,0.2,0.1931254977347669,0.07376680804825689
170.51,0.2,0.19242771771300507,-0.17613488299751467
170.515,0.2,0.19161896581312066,-0.07757435216671003
170.52,0.2,0.1906415100092152,0.16980824994382865
170.525,0.2,0.18938432132929212,0.5434542517532155
170.53,0.2,0.1878068414116467,0.48636509488587565
170.535,0.2,0.18601444415089638,0.3710236318476727
170.54,0.2,0.18422612661597423,0.10979894281854702
170.545,0.2,0.18266808650513566,-0.051628164184936765
170.55,0.2,0.1814664959267262,-0.17183212306150342
170.555,0.2,0.1805883418254307,-0.20281319644565618
170.56,0.2,0.1798532640330121,0.20903197751007288
170.565,0.2,0.17902505842754282,0.3782072960523737
170.57,0.2,0.1779411206379963,0.48799267177250677
170.575,0.2,0.17659117371463157,0.31212334185524243
170.58,0.2,0.17510313683022014,0.34983041541905147
170.585,0.2,0.1736710323840429,0.03670092038476373
170.59,0.2,0.17246380487923654,-0.1544448809056893
170.595,0.2,0.1715412627813048,-0.059147613084148114
170.6,0.2,0.17083645932199254,0.3607424594770018
170.605,0.2,0.1702424973554902,0.5023013988170746
170.61,0.2,0.16973789688656643,0.6047082152846388
170.615,0.2,0.16945324381535184,0.5953706093658709
170.62,0.2,0.16964429727060606,0.13366696947783893
170.625,0.2,0.17057870308779655,-0.13702712359209124
170.63,0.2,0.17238974779909697,-0.14515480806338704
170.635,0.2,0.17499842317323533,-0.0514894362177837
170.64,0.2,0.17815692087172438,0.3457965248191095
170.645,0.2,0.1815724601428691,0.31315307005168846
170.65,0.2,0.18502607749295027,0.5207616470961931
170.655,0.2,0.18843105259183215,0.4792758801370657
170.66,0.2,0.19183125696659845,0.36851829543597725
170.665,0.2,0.19534152383624206,-0.09294294629024837
170.67,0.2,0.1990388732203986,-0.018247777198858117
170.675,0.2,0.20288371608694755,0.27205299177527575
170.68,0.2,0.20674073664853249,0.04582205239382095
170.685,0.2,0.21044926177832063,0.3748760386123722
170.69,0.2,0.21388085101381318,0.43819586676047684
170.695,0.2,0.2169866790398663,0.4083115157874326
170.7,0.2,0.21980967367618076,0.17215989606716398
170.705,0.2,0.22242596267285702,-0.10698201845632521
170.71,0.2,0.22485091747968125,-0.0181921223005084
170.715,0.2,0.22699188533860715,0.13048836065554942
170.72,0.2,0.22868717498976673,0.20906414196810033
170.725,0.2,0.2297879407612088,0.3826713993215069
170.73,0.2,0.23022538616921884,0.3827193116837976
170.735,0.2,0.23003988471540587,0.37194144724100925
170.74,0.2,0.2293592050288231,0.04789623402103643
170.745,0.2,0.2283264681023441,0.002802638783024454
170.75,0.2,0.22701578275119524,-0.17119885010524968
170.755,0.2,0.22538758426078975,-0.008009888396960627
170.76,0.2,0.22331121972514506,0.19679224700472678
170.765,0.2,0.2206466717193361,0.35615891546694434
170.77,0.2,0.217335514506653,0.34103023413960476
170.775,0.2,0.21344166928171296,0.3118272775867519
170.78,0.2,0.20912896249214644,0.20377466670217134
170.785,0.2,0.20460057698480205,0.019035916780743435
170.79,0.2,0.20002208016259374,-0.20482612721310167
170.795,0.2,0.1954551124300454,-0.009401579659053532
170.8,0.2,0.19084926621768086,0.07602973538634161
170.805,0.2,0.18610471536101045,0.24982826881338924
170.81,0.2,0.1811605121555959,0.4594306233794039
170.815,0.2,0.1760643186057562,0.4369480211999467
170.82,0.2,0.1709917670455421,0.2596814474550596
170.825,0.2,0.16618946874699742,-0.06239088814184858
170.83,0.2,0.16186174526250718,-0.1867771376070117
170.835,0.2,0.1580773786849747,0.007728557529032374
170.84,0.2,0.1547685214507098,0.16270799850473225
170.845,0.2,0.1518138782923911,0.3088766951069212
170.85,0.2,0.14913667320656526,0.48901736002589097
170.855,0.2,0.14676779898616849,0.4454887713920918
170.86,0.2,0.14484831455026603,0.14384483085051353
170.865,0.2,0.1435585625720731,0.03911498421334012
170.87,0.2,0.1430115707626363,-0.21503600067605178
170.875,0.2,0.14317688412163906,-0.07257251468550092
170.88,0.2,0.14388363756671485,0.2706911169430934
170.885,0.2,0.14491771987604155,0.5509185744956151
170.89,0.2,0.14615650668838817,0.5540759987484434
170.895,0.2,0.14763526232770985,0.27293760862367167
170.9,0.2,0.14949443547147126,0.08737247440975916
170.905,0.2,0.1518542370009335,-0.23979694119899012
170.91,0.2,0.15470377450755637,-0.05082398837248927
170.915,0.2,0.15786814681504954,-0.14273468841359788
170.92,0.2,0.16105873720078043,0.19144051842676227
170.925,0.2,0.16396962281526917,0.2942239013452076
170.93,0.2,0.16638434033628313,0.62814306657889
170.935,0.2,0.1682493605507422,0.2125588825158715
170.94,0.2,0.1696605665877066,0.23214876662001063
170.945,0.2,0.17077192532122457,0.005807946345959287
170.95,0.2,0.17169639532193112,-0.16024586308711572
170.955,0.2,0.17244148904168352,-0.10277478239653824
170.96,0.2,0.1729002566745797,0.1060934016349141
170.965,0.2,0.1729181662548293,0.43591553955840523
170.97,0.2,0.17240628075311445,0.4780443879283314
170.975,0.2,0.17142773334401487,0.5880074412439751
170.98,0.2,0.17020623780451033,0.27928100396516986
170.985,0.2,0.16904464998541638,-0.13347564350141597
170.99,0.2,0.16818718013595763,-0.04276437985393551
170.995,0.2,0.1677232795193609,0.05668814020212658
171.0,0.2,0.1676013763588121,0.12149622090103639
171.005,0.2,0.16771036868586003,0.3790178814259297
171.01,0.2,0.16796662560975886,0.4426868219592059
171.015,0.2,0.16837667693456262,0.4542192006334126
171.02,0.2,0.16904255830176895,0.13342584005401079
171.025,0.2,0.1700973037827175,0.0872634859490415
171.03,0.2,0.17161382687753746,-0.1049039955832101
171.035,0.2,0.17354554534221536,-0.04564476461977246
171.04,0.2,0.17572804041935652,0.17747967925393354
171.045,0.2,0.17794629067297035,0.38086239104194647
171.05,0.2,0.1800317557946022,0.3427794771339563
171.055,0.2,0.1819191138716734,0.29035288122843583
171.06,0.2,0.18362621889462036,0.008653095988275822
171.065,0.2,0.1851821768759777,0.013297563090677984
171.07,0.2,0.18655562039803622,-0.19422820386302048
171.075,0.2,0.1876172392301225,-0.15339555972997135
171.08,0.2,0.1881568672763405,0.35214529784721593
171.085,0.2,0.18797527139636352,0.4176690196406407
171.09,0.2,0.18699978592731784,0.38871773792745745
171.095,0.2,0.18532980904954424,0.5051950127166812
171.1,0.2,0.18319998686533095,0.12963898832207496
171.105,0.2,0.18089816945468248,0.15514266194216683
171.11,0.2,0.17866759017514705,-0.16894340198926183
171.115,0.2,0.1766300028540343,-0.09362141533472156
171.12,0.2,0.17476383517030802,0.08218171928040244
171.125,0.2,0.17295503004714546,0.24731004464412246
171.13,0.2,0.17109295580646672,0.3754406139270866
171.135,0.2,0.1691524529495304,0.48377826417117953
171.14,0.2,0.16722364503190396,0.21868216193861906
171.145,0.2,0.16547254240252757,0.09339769458580838
171.15,0.2,0.16404939683048653,-0.12977684792864463
171.155,0.2,0.1629991385486426,-0.19871885995020624
171.16,0.2,0.162230644403944,0.2321459266327262
171.165,0.2,0.1615813907860005,0.41077126678951087
171.17,0.2,0.16094335022901976,0.5512254210746894
171.175,0.2,0.16034564125888942,0.2646307905738929
171.18,0.2,0.15992900585942205,0.14643969481872343
171.185,0.2,0.159851648171748,0.11952483064081348
171.19,0.2,0.16020954868033327,-0.007690857428759773
171.195,0.2,0.16100428072186576,0.03457087093277545
171.2,0.2,0.16215347117091883,0.2961461262430991
171.205,0.2,0.16354012049907635,0.14080871044144655
171.21,0.2,0.16507371101456825,0.5715942037283052
171.215,0.2,0.1667379209578815,0.37791140981107385
171.22,0.2,0.16860387634343718,0.17758182121946844
171.225,0.2,0.17077392326149962,-0.05522696337046498
171.23,0.2,0.17328595190382515,0.019520096981974988
171.235,0.2,0.17606016820358514,-0.08246613734433508
171.24,0.2,0.17891555126270584,0.20972884711218137
171.245,0.2,0.18164051072307696,0.4459529824480382
171.25,0.2,0.18409015176601728,0.4358185038656471
171.255,0.2,0.18624409607500947,0.2316968500162349
171.26,0.2,0.18817473341619884,0.11707117433146395
171.265,0.2,0.18995631644923186,-0.17891977881340806
171.27,0.2,0.1915782708752777,-0.08979151134748564
171.275,0.2,0.19290865620071942,-0.12836177052032624
171.28,0.2,0.19372185584098428,0.04096120505501358
171.285,0.2,0.19377582553587974,0.4114769428403234
171.29,0.2,0.1929218687735468,0.6233455645045307
171.295,0.2,0.19120104821776468,0.4576954593060074
171.3,0.2,0.18884708595916086,0.17905043456935102
171.305,0.2,0.18618097118121327,0.06454845780297286
171.31,0.2,0.18348293371507213,0.03535440368342735
171.315,0.2,0.18091804803299813,-0.17007357635110787
171.32,0.2,0.17851986635231726,0.13285881330629157
171.325,0.2,0.17623481539370112,0.46041333166232007
171.33,0.2,0.17402509798235222,0.41790027676722674
171.335,0.2,0.17195364334867783,0.41070622431819204
171.34,0.2,0.17018718041289624,0.3986397614869335
171.345,0.2,0.16894056658849754,0.06487171503010311
171.35,0.2,0.16839307794573186,-0.06010746841034752
171.355,0.2,0.16860345643276223,-0.06674114476857526
171.36,0.2,0.16948382375517534,0.23623256409371074
171.365,0.2,0.17086714437426911,0.47427986007513395
171.37,0.2,0.17262638545890288,0.6165587587115103
171.375,0.2,0.17475573627009588,0.30311469148827064
171.38,0.2,0.1773478387025587,0.14122550967493744
171.385,0.2,0.18048910783009703,-0.07689851488773877
171.39,0.2,0.18415587706157385,-0.1461760591759977
171.395,0.2,0.18817375617901239,0.05279230890217092
171.4,0.2,0.1922609253055503,0.2561286574887108
171.405,0.2,0.19613209199286832,0.409603913687431
171.41,0.2,0.19960410679995216,0.6071150795404916
171.415,0.2,0.20265191121608986,0.35168866189179104
171.42,0.2,0.2053867551883497,0.26995498264444284
171.425,0.2,0.20797072353416704,0.11727302221646624
171.43,0.2,0.21052406483539748,-0.03471793980042477
171.435,0.2,0.21306791918410845,0.07036477948649342
171.44,0.2,0.21552737570453656,0.3654926600465695
171.445,0.2,0.21780250306384602,0.4152270047478288
171.45,0.2,0.21986051530566925,0.6401488737890921
171.455,0.2,0.2217816105064185,0.2586789969200141
171.46,0.2,0.22372408191319007,0.2063125837328304
171.465,0.2,0.22583273409847002,0.03158201813365289
171.47,0.2,0.22815764133348607,-0.02407513541048678
171.475,0.2,0.230625614200742,0.09791962961327014
171.48,0.2,0.23306396164112936,0.049084735869113855
171.485,0.2,0.23526124674534987,0.4537267407668696
171.49,0.2,0.23704800590996725,0.396982275397706
171.495,0.2,0.23835748163706375,0.23999169366013606
171.5,0.2,0.23921053323816044,0.02655008748487986
171.505,0.2,0.2396377409562792,0.039315114637679005
171.51,0.2,0.23961385198380408,-0.07584858975594345
171.515,0.2,0.23903412846668604,-0.2059689074893976
171.52,0.2,0.23771991931690284,0.12290912219141645
171.525,0.2,0.23547730704478873,0.5400565785344478
171.53,0.2,0.23222070882854534,0.6547956482979659
171.535,0.2,0.22807404626036168,0.43155693001947226
171.54,0.2,0.22335007081649308,0.2060499808367007
171.545,0.2,0.21842634041323497,0.06909834793906802
171.55,0.2,0.2136133444243153,-0.11753050709115836
171.555,0.2,0.20907924037435707,0.039654700778765574
171.56,0.2,0.20485513427461668,0.28447954339079384
171.565,0.2,0.200911741201936,0.2956003216246072
171.57,0.2,0.19724961921813353,0.5231590786376108
171.575,0.2,0.19395399247517572,0.4993821712574607
171.58,0.2,0.19120002202525013,0.23791428730538344
171.585,0.2,0.18919030417644533,-0.06998415227179369
171.59,0.2,0.18804479341176522,-0.05474795103075685
171.595,0.2,0.1877240370095656,-0.10059880297697958
171.6,0.2,0.18803472794517226,0.06128617673232242
171.605,0.2,0.18869819891305148,0.2291942369258351
171.61,0.2,0.18944755203399502,0.46187953585804314
171.615,0.2,0.1901153382463097,0.3339593118741446
171.62,0.2,0.19066956675249225,0.4835414770112748
171.625,0.2,0.19118632112151576,0.052721264716803176
171.63,0.2,0.19177194342473028,-0.010460972451512313
171.635,0.2,0.19247230583438069,0.02661855038423789
171.64,0.2,0.19323706217027714,0.1696854542316532
171.645,0.2,0.19396746782648983,0.47490241524734156
171.65,0.2,0.19460359690226942,0.3780512842866283
171.655,0.2,0.1951774255200453,0.3048233316843474
171.66,0.2,0.19578931852155457,0.11374795130795361
171.665,0.2,0.1965305464303002,-0.11492966645849216
171.67,0.2,0.19740455365397996,-0.04842280328189376
171.675,0.2,0.1982950871154194,-0.018226839012547395
171.68,0.2,0.19900119498657734,0.17341672024712082
171.685,0.2,0.1993109171929576,0.18082978584626697
171.69,0.2,0.19907441039640103,0.5012192683471802
171.695,0.2,0.19825980692680242,0.3847936894829266
171.7,0.2,0.19696425707992452,0.10937387226069731
171.705,0.2,0.19534757412941225,-0.050402101823679775
171.71,0.2,0.1935246607403802,-0.15466974161919372
171.715,0.2,0.19150346800789084,0.1270357219161329
171.72,0.2,0.1892165393336972,0.3310713287481678
171.725,0.2,0.1866186008741073,0.4688425439165946
171.73,0.2,0.18377454608334617,0.5134100945718195
171.735,0.2,0.18088347655219342,0.39671010963965947
171.74,0.2,0.17822827831826366,0.030772258390269674
171.745,0.2,0.17606567603676143,-0.1321892891467863
171.75,0.2,0.17450503298486017,-0.4021038735017486
171.755,0.2,0.17344313015836949,-0.08891219259594296
171.76,0.2,0.17260236321964542,0.11790686948842449
171.765,0.2,0.17166114119802783,0.4114708024394321
171.77,0.2,0.17039370919173769,0.3057869161652649
171.775,0.2,0.16873602031225016,0.39785445206160663
171.78,0.2,0.16676556317427024,0.12412372028208978
171.785,0.2,0.16462761404098208,0.013437942952991513
171.79,0.2,0.16244294806031054,-0.16088058447904702
171.795,0.2,0.16023347214063663,-0.2369264520440487
171.8,0.2,0.15790484842346716,0.2108816315052684
171.805,0.2,0.15531675110502755,0.4156810972011863
171.81,0.2,0.15240147793945918,0.2908849493401262
171.815,0.2,0.14922734297669474,0.38965462944478185
171.82,0.2,0.14597228251429623,0.12540384035816585
171.825,0.2,0.14285081297414698,0.026383468610296376
171.83,0.2,0.1400279855004198,-0.19252046037436804
171.835,0.2,0.13755562541853167,0.033486780526096424
171.84,0.2,0.1353713567164761,0.006292575940610098
171.845,0.2,0.13335808094806537,0.31293556486186225
171.85,0.2,0.13142982285454338,0.489016606157521
171.855,0.2,0.12960654578618355,0.36981978108405833
171.86,0.2,0.12802940691485482,0.2604498193646258
171.865,0.2,0.1268947731056099,-0.0728967208750314
171.87,0.2,0.1263392644090347,-0.3661585730599
171.875,0.2,0.126337685949351,-0.12835205959190688
171.88,0.2,0.12669105152424165,0.07963738351735702
171.885,0.2,0.12712493886227935,0.28129850868138007
171.89,0.2,0.12742259450761753,0.4720769488933163
171.895,0.2,0.12750970107737641,0.2847388731895
171.9,0.2,0.1274545917813433,0.21242994779913865
171.905,0.2,0.12739300793928818,-0.10309619128061022
171.91,0.2,0.12742154782878065,-0.2524933822242489
171.915,0.2,0.12751328715980953,-0.1846426070432832
171.92,0.2,0.12750579287000186,0.019800945952705068
171.925,0.2,0.12717747123654274,0.3274812186650057
171.93,0.2,0.12636890952172317,0.44793556427324593
171.935,0.2,0.1250744090954999,0.37087712696216946
171.94,0.2,0.12344455102369307,0.10766712408221793
171.945,0.2,0.1216910315730742,-0.3236896978898497
171.95,0.2,0.11995078862192601,-0.14001885677936968
171.955,0.2,0.11820937123168247,-0.15584709223342874
171.96,0.2,0.11633014872062919,0.037781405859352996
171.965,0.2,0.11414373711496827,0.250889922890291
171.97,0.2,0.11154284295012463,0.33508224291414024
171.975,0.2,0.10854925896919725,0.407139284597767
171.98,0.2,0.10531945295303413,0.03852208509420895
171.985,0.2,0.10207701242592773,0.03585969569609779
171.99,0.2,0.09901229975227309,-0.1922843239251995
171.995,0.2,0.09620910223625442,-0.1764687651880419
172.0,0.2,0.0936274489405289,0.003380155370770438
172.005,0.2,0.09115613124735408,0.3813967023653253
172.01,0.2,0.08872082536435322,0.4044667114878821
172.015,0.2,0.08636899401390395,0.24000972518952501
172.02,0.2,0.08425820432622452,0.08924447900071175
172.025,0.2,0.08256310564921468,-0.22711638649078186
172.03,0.2,0.0813695754539034,-0.18665102364722685
172.035,0.2,0.08061995042765219,-0.10894010575537541
172.04,0.2,0.08013711085370616,-0.044964796981414805
172.045,0.2,0.07970488686156739,0.3630951103587576
172.05,0.2,0.07917384018356552,0.5167268804198192
172.055,0.2,0.07854240581613614,0.0935376845800745
172.06,0.2,0.07793473893659397,0.015901101154993467
172.065,0.2,0.07748901431001264,-0.12202212822795885
172.07,0.2,0.07726143924833336,-0.1661138693691441
172.075,0.2,0.0771941036920828,-0.17412549531992177
172.08,0.2,0.07713565054597586,0.10091344013541009
172.085,0.2,0.0769107640436378,0.2659237820479972
172.09,0.2,0.07641657448402121,0.4495634368398677
172.095,0.2,0.07568575036965643,0.14486320763667504
172.1,0.2,0.07486116592212995,-0.024875794541163464
172.105,0.2,0.07409607373381596,-0.16346072337225986
172.11,0.2,0.07344637048935573,-0.5708997461492962
172.115,0.2,0.0728084556623665,-0.03074841783589602
172.12,0.2,0.0719512221787124,0.05809146065201994
172.125,0.2,0.07063422989105549,0.08839927794436672
172.13,0.2,0.0687200570542448,0.5408308739591231
172.135,0.2,0.0662338503375012,0.20578567185224628
172.14,0.2,0.06335203620018609,-0.11662168277264137
172.145,0.2,0.06029275776567405,-0.30997136846908824
172.15,0.2,0.05717961257595992,-0.26579044916607997
172.155,0.2,0.05399005273488031,-0.1355940529291757
172.16,0.2,0.050600548145756256,-0.07347366962417218
172.165,0.2,0.046875228116486214,0.3005899099849987
172.17,0.2,0.04276058965378232,0.33920679175605367
172.175,0.2,0.03834835441756744,0.188044857059911
172.18,0.2,0.03385626090564989,0.00025942938784596914
172.185,0.2,0.029534153058318833,-0.15588049214943062
172.19,0.2,0.025558767562992,-0.3672673195281624
172.195,0.2,0.02196507081090769,-0.27864592980362646
172.2,0.2,0.018644013020369974,-0.0431903127097587
172.205,0.2,0.015418880443655199,0.16359932330416832
172.21,0.2,0.012159954555346849,0.32584277372928755
172.215,0.2,0.008864360483152702,0.13829812858406665
172.22,0.2,0.005657988360541711,0.21436625280679414
172.225,0.2,0.0027315090091236424,-0.24674551565606218
172.23,0.2,0.00023871103477107872,-0.40666328568768684
172.235,0.2,-0.0018017704954266943,-0.2724462063453253
172.24,0.2,-0.003525287584721231,-0.023256333937630748
172.245,0.2,-0.005127714374170567,0.3762727085207044
172.25,0.2,-0.006727115355378956,0.2785243166635083
172.255,0.2,-0.008288260831495772,0.1266781181716339
172.26,0.2,-0.009660684155219547,-0.033506863573382034
172.265,0.2,-0.010685166428623407,-0.31769328421729326
172.27,0.2,-0.011297840458922183,-0.35114539604341366
172.275,0.2,-0.011580927649844846,-0.14654791328042238
172.28,0.2,-0.011723073832275584,0.13319858191620015
172.285,0.2,-0.01190990248075428,0.200619273397894
172.29,0.2,-0.012224710640436707,0.27872481521901643
172.295,0.2,-0.012616059060403386,0.16927392899860894
172.3,0.2,-0.012937604464458114,-0.15097509399942854
172.305,0.2,-0.013044275529623846,-0.3313777163397323
172.31,0.2,-0.012902464503198798,-0.5159849622600076
172.315,0.2,-0.012646594399341498,-0.18369029588320085
172.32,0.2,-0.012534466599374927,0.006346648935274417
172.325,0.2,-0.01282567763244655,0.16202948269182715
172.33,0.2,-0.013672563425520529,0.0808381084587515
172.335,0.2,-0.015088672041214137,0.07623634920704342
172.34,0.2,-0.016986995486776624,-0.15058609739029472
172.345,0.2,-0.019249217696155133,-0.14833884915917414
172.35,0.2,-0.021793968287758834,-0.42488002094419974
172.355,0.2,-0.024623470299834416,-0.25409877905789124
172.36,0.2,-0.027818962636816595,0.06365199747637164
172.365,0.2,-0.031468432103215205,0.021419559078419415
172.37,0.2,-0.035578566573156965,0.2682286617299977
172.375,0.2,-0.04003839759541791,-0.06120656846262687
172.38,0.2,-0.04464941369203016,0.004277970681143717
172.385,0.2,-0.04920179900337037,-0.42078327236009955
172.39,0.2,-0.05357038809605162,-0.6139793612206867
172.395,0.2,-0.05778601400885534,-0.1841040762196619
172.4,0.2,-0.062012907104593847,-0.16240635457865837
172.405,0.2,-0.066440467867794,-0.017181467813930013
172.41,0.2,-0.07118459612503736,0.11758901699645703
172.415,0.2,-0.07624035660032377,0.10260769856104106
172.42,0.2,-0.08148256048495628,-0.11221619088070232
172.425,0.2,-0.08672460782544686,-0.30374529935676275
172.43,0.2,-0.09181183811424008,-0.3450283344980145
172.435,0.2,-0.09669189530894551,-0.4745129657824443
172.44,0.2,-0.10142995155578666,-0.23633549458015884
172.445,0.2,-0.10615912516354276,0.08795276704628811
172.45,0.2,-0.11097663886727997,0.16175449171069656
172.455,0.2,-0.1158525744911343,0.1043356571498682
172.46,0.2,-0.12062682982734516,-0.20555390363511128
172.465,0.2,-0.12509905183637482,-0.43348429784538833
172.47,0.2,-0.1291483133556233,-0.4827687482871941
172.475,0.2,-0.13280162039334467,-0.3785549180561629
172.48,0.2,-0.1362062472234953,-0.0041150790487586575
172.485,0.2,-0.13952362959382222,0.09839969488758729
172.49,0.2,-0.1428082865368596,0.43013830548678034
172.495,0.2,-0.145944802688381,-0.10102784433655473
172.5,0.2,-0.14869185893370304,-0.10074408738099598
172.505,0.2,-0.15080099507031822,-0.23269231896051334
172.51,0.2,-0.1521163691541958,-0.3877627152186221
172.515,0.2,-0.15261808930661336,-0.33072900623278356
172.52,0.2,-0.15241536202486428,-0.11170240880089471
172.525,0.2,-0.15168465267317366,-0.038928902809867605
172.53,0.2,-0.15057807798548062,0.26610464745013707
172.535,0.2,-0.1491533162324044,-0.022365757217462034
172.54,0.2,-0.14737029840091373,-0.1018852845476295
172.545,0.2,-0.14516201384899194,-0.35672394645988426
172.55,0.2,-0.14252940356977975,-0.47755313986998166
172.555,0.2,-0.13960262278320026,-0.40669073207191947
172.56,0.2,-0.13663457626693581,-0.20371291103744918
172.565,0.2,-0.13392300374406757,-0.0009192292942032318
172.57,0.2,-0.13170601257498804,0.02794474010696489
172.575,0.2,-0.13009867286618104,-0.09735578485261295
172.58,0.2,-0.12910697614284117,-0.2688824984376906
172.585,0.2,-0.12870150860290855,-0.4811905793958249
172.59,0.2,-0.12890097768544065,-0.5009859411347952
172.595,0.2,-0.12981086211761797,-0.2860032736773991
172.6,0.2,-0.1315877619279973,-0.21253920651574143
172.605,0.2,-0.1343504873176483,0.21929428732544692
172.61,0.2,-0.13808657417207143,0.07383600429783144
172.615,0.2,-0.14260970504134166,0.058131306161797305
172.62,0.2,-0.14760502532920053,-0.26357444654013684
172.625,0.2,-0.15274405662194648,-0.5673367861072354
172.63,0.2,-0.1578058235288641,-0.3790808083842148
172.635,0.2,-0.16272758731120632,-0.3927978280423772
172.64,0.2,-0.16756068655196998,-0.13738652589179784
172.645,0.2,-0.17238104558709197,-0.05384006777819454
172.65,0.2,-0.17720470645016745,0.1529595705242331
172.655,0.2,-0.1819349213561403,0.044799429948618
172.66,0.2,-0.18636729645677955,-0.15201289699443596
172.665,0.2,-0.19026646663046165,-0.49119792679167606
172.67,0.2,-0.19348403403963485,-0.6087207033491198
172.675,0.2,-0.19604141880469375,-0.3710854378916609
172.68,0.2,-0.1981070877021539,-0.08658089579550139
172.685,0.2,-0.19987590136717653,0.17412886229726326
172.69,0.2,-0.20143903303160982,0.11107063780123666
172.695,0.2,-0.20274042760654082,-0.2275951664806131
172.7,0.2,-0.20364405088050772,-0.22532778484975854
172.705,0.2,-0.20404126514169232,-0.41754565714338165
172.71,0.2,-0.20392014809959638,-0.413055638746419
172.715,0.2,-0.20338481299617522,-0.4537641172993064
172.72,0.2,-0.20263486045531195,-0.24982060214946578
172.725,0.2,-0.20190292928536446,-0.027681321790891673
172.73,0.2,-0.20136684152184553,-0.002292614911692331
172.735,0.2,-0.20108535150149628,0.026151366611979324
172.74,0.2,-0.20099203142594593,-0.03354919938141854
172.745,0.2,-0.20094041747054767,-0.2911966972209138
172.75,0.2,-0.20078374629284604,-0.4355825165332088
172.755,0.2,-0.2004542535553406,-0.30300574136434955
172.76,0.2,-0.1999799350629188,-0.07608665938026615
172.765,0.2,-0.1994147868601734,0.24157025384825834
172.77,0.2,-0.1987401299105623,0.02115533114958537
172.775,0.2,-0.19782112496472748,0.20959977733954382
172.78,0.2,-0.19643767465662765,-0.09920432812569752
172.785,0.2,-0.19436628212149204,-0.5354462839008414
172.79,0.2,-0.19149078010560755,-0.309172012131715
172.795,0.2,-0.18786997741910888,-0.38494383832316637
172.8,0.2,-0.18371094888188022,-0.2966041974170951
172.805,0.2,-0.17929123728444663,-0.0030151871351395392
172.81,0.2,-0.17486657517030837,0.12166142241809082
172.815,0.2,-0.17058729232007105,0.03510851203083255
172.82,0.2,-0.166485812011413,-0.3726609822312402
172.825,0.2,-0.16256026841332036,-0.4655511410144404
172.83,0.2,-0.15888154899228535,-0.45973964320121485
172.835,0.2,-0.1556318802484471,-0.37822043626595436
172.84,0.2,-0.15306084339291695,-0.18705511950179118
172.845,0.2,-0.15140780201182327,-0.2619921393633248
172.85,0.2,-0.15084402667206814,-0.17882972234805075
172.855,0.2,-0.15144892563787377,-0.03173892221046967
172.86,0.2,-0.15320463347465596,-0.31288657989006985
172.865,0.2,-0.15602226863422192,-0.39795448905587605
172.87,0.2,-0.159803804514741,-0.3820963384827143
172.875,0.2,-0.1644878366189599,-0.42125142728137516
172.88,0.2,-0.17004004511246154,-0.0006185525233803335
172.885,0.2,-0.17639343805757782,-0.04003316930821388
172.89,0.2,-0.183384228044997,-0.022590246208437748
172.895,0.2,-0.19074019624124045,-0.012865505454048624
172.9,0.2,-0.19812094617712894,-0.18089375488254808
172.905,0.2,-0.20518578493033504,-0.4512210773044896
172.91,0.2,-0.21168246386327405,-0.5811103722991653
172.915,0.2,-0.21750984641770768,-0.17479792289859503
172.92,0.2,-0.2226867850304272,-0.1209977753187951
172.925,0.2,-0.22724604193396336,0.15748681934157807
172.93,0.2,-0.23114166508604955,0.05344407226324813
172.935,0.2,-0.23422315164228447,0.05229417986311869
172.94,0.2,-0.2362770838533275,-0.22459062604055707
172.945,0.2,-0.23711458681939937,-0.42584941075295885
172.95,0.2,-0.23666721333184973,-0.5018967285458108
172.955,0.2,-0.2350462074022633,-0.6074107539840834
172.96,0.2,-0.23253797844944604,-0.35317885007387706
172.965,0.2,-0.22953023725989843,-0.09082666349096244
172.97,0.2,-0.22638630704559226,0.12951044794235272
172.975,0.2,-0.22333436934411302,-0.10033620429109696
172.98,0.2,-0.2204479629449309,-0.17328431441513134
172.985,0.2,-0.21771599812675982,-0.36725752067115436
172.99,0.2,-0.21514129062331674,-0.6676721059446097
172.995,0.2,-0.21281492852634687,-0.3150373802265465
173.0,0.2,-0.2109096652151018,-0.029221627045210252
173.005,0.2,-0.2095811005580929,-0.044274315227568264
173.01,0.2,-0.20886601274386074,0.18413328318793037
173.015,0.2,-0.2086469367365618,0.06239856055722545
173.02,0.2,-0.20867943837483843,-0.13187529886377636
173.025,0.2,-0.20867212548047315,-0.26941569018656286
173.03,0.2,-0.20839066828137406,-0.502182126041189
173.035,0.2,-0.2077322746425531,-0.2862961982894525
173.04,0.2,-0.20672745636802908,-0.16586600897307657
173.045,0.2,-0.20546846106442113,0.01776660749182065
173.05,0.2,-0.2040147575967,0.18114959066866682
173.055,0.2,-0.20233370155692793,-0.0706456337766826
173.06,0.2,-0.20030851633366223,-0.008986925750551517
173.065,0.2,-0.19780388573892507,-0.41293865018003734
173.07,0.2,-0.19475365083972052,-0.4893598439234936
173.075,0.2,-0.19122888915508213,-0.3575256079220597
173.08,0.2,-0.18743075148390997,-0.09631490212543604
173.085,0.2,-0.18360141430539695,-0.06455307301188552
173.09,0.2,-0.17992483456242936,0.08994098395122452
173.095,0.2,-0.17647295452766537,0.09286278406767307
173.1,0.2,-0.17320380604330463,-0.11551029349914714
173.105,0.2,-0.1700177731125397,-0.42753134294104406
173.11,0.2,-0.16685411080952547,-0.3257748750985374
173.115,0.2,-0.16375942783717798,-0.4702523998932665
173.12,0.2,-0.1608899902689744,-0.34289619254824977
173.125,0.2,-0.15845901754676836,0.08837936794472119
173.13,0.2,-0.1566419382143879,-0.020266572077472247
173.135,0.2,-0.1554948943803797,-0.01090779049694593
173.14,0.2,-0.1549600996023818,-0.3993221838502895
173.145,0.2,-0.15495420799829382,-0.5223936272071301
173.15,0.2,-0.15546958138402733,-0.5529491326395484
173.155,0.2,-0.15661547796530656,-0.40567539750482745
173.16,0.2,-0.1585699179329603,-0.05389966081093722
173.165,0.2,-0.161469325962081,0.08817262208617616
173.17,0.2,-0.16530431896504097,0.06932119151249352
173.175,0.2,-0.16988890062552997,0.02154974457123827
173.18,0.2,-0.17491470162710462,-0.29899617636489595
173.185,0.2,-0.18005779158008006,-0.44506932568405727
173.19,0.2,-0.18508833599724547,-0.5077352038035092
173.195,0.2,-0.18992342848042087,-0.3312871856348625
173.2,0.2,-0.19459381389380165,-0.13211580714496213
173.205,0.2,-0.1991537483430969,-0.028826277088784803
173.21,0.2,-0.20359470255067394,0.07045724439706937
173.215,0.2,-0.20780330425197358,0.08045241913357279
173.22,0.2,-0.2115743438190831,-0.22641163222416597
173.225,0.2,-0.21468323529648656,-0.4124922366464506
173.23,0.2,-0.21699876050387454,-0.7836160189828728
173.235,0.2,-0.21856430785931305,-0.13900256615094547
173.24,0.2,-0.2195709582376627,-0.38962127492880166
173.245,0.2,-0.22024554867523297,0.13169460696767243
173.25,0.2,-0.2207424298220828,0.0223414477675557
173.255,0.2,-0.2210892936853004,-0.07885881799512831
173.26,0.2,-0.22121192321653174,-0.30422653016068685
173.265,0.2,-0.22102508759349065,-0.48140425067407844
173.27,0.2,-0.22052788317877975,-0.581985456220369
173.275,0.2,-0.21985062403353486,-0.4373158815572536
173.28,0.2,-0.21922402606138028,-0.12275837967071816
173.285,0.2,-0.21887870353206845,-0.01786149277350368
173.29,0.2,-0.21893747804967997,0.10115609072458082
173.295,0.2,-0.2193626072279681,0.08760507491326117
173.3,0.2,-0.2199755983717814,-0.22837025306049946
173.305,0.2,-0.22054197730135325,-0.34477785594338195
173.31,0.2,-0.2208848230784131,-0.5883109831148214
173.315,0.2,-0.22096352177313983,-0.3618253029516755
173.32,0.2,-0.22088067915083065,-0.5674979624403809
173.325,0.2,-0.22082705382039128,0.03282593463106702
173.33,0.2,-0.22097833804969974,0.1531662525108855
173.335,0.2,-0.22137531228781285,0.24598242404147125
173.34,0.2,-0.22186852953242292,0.030627772638016137
173.345,0.2,-0.22217880977813517,-0.3520263411727509
173.35,0.2,-0.22203455392640106,-0.39558107980184376
173.355,0.2,-0.22129143072206506,-0.3892352208984929
173.36,0.2,-0.21995919066196395,-0.17696676521892787
173.365,0.2,-0.218142830186098,-0.1378930978529988
173.37,0.2,-0.21595614637010188,0.1216471407670308
173.375,0.2,-0.21345345287185516,-0.02472726756281461
173.38,0.2,-0.2106082647744257,-0.03508184896990241
173.385,0.2,-0.2073546011317369,-0.4570796221872587
173.39,0.2,-0.20367388334355688,-0.44540300827982937
173.395,0.2,-0.19966862926410786,-0.4385863934813217
173.4,0.2,-0.19556409703719757,-0.26465938668142386
173.405,0.2,-0.19163605571682601,-0.015971930366572754
173.41,0.2,-0.18810988961580244,0.036865896627753886
173.415,0.2,-0.1850799313238296,0.2439327787999361
173.42,0.2,-0.1824924425113738,-0.3831183028853668
173.425,0.2,-0.18022739231819748,-0.5551475083953803
173.43,0.2,-0.17823576242024586,-0.46058999865492123
173.435,0.2,-0.17660894593532653,-0.4275267255854827
173.44,0.2,-0.17553762670700543,-0.2654535040435272
173.445,0.2,-0.17521500668171655,0.19023722140691265
173.45,0.2,-0.1757237273827171,0.17724853733906437
173.455,0.2,-0.1769601918174184,0.04136298333081122
173.46,0.2,-0.1786601032959549,-0.11644481115264295
173.465,0.2,-0.1805030515825355,-0.2811650372661472
173.47,0.2,-0.1822238028262004,-0.47483922946054963
173.475,0.2,-0.18368638023502804,-0.356663748767278
173.48,0.2,-0.18489332069020908,-0.21742039127323404
173.485,0.2,-0.18592522651199891,-0.06399066743360586
173.49,0.2,-0.1868497370005379,0.13913751246677136
173.495,0.2,-0.18765158616467242,-0.018999104575422414
173.5,0.2,-0.18822708667609164,-0.23772625859663976
173.505,0.2,-0.18845291859990898,-0.36514474792659896
173.51,0.2,-0.18827687986566327,-0.46675883054496625
173.515,0.2,-0.18776518578440166,-0.3323306798101635
173.52,0.2,-0.1870804126336359,-0.1490842527151786
173.525,0.2,-0.18640145957301987,0.08386071541668
173.53,0.2,-0.18583102001481427,0.03967239540626269
173.535,0.2,-0.18535336849081416,-0.1068623261077255
173.54,0.2,-0.18487713080253002,-0.4451172789371344
173.545,0.2,-0.18433315788681265,-0.3887610433785219
173.55,0.2,-0.18375165921130643,-0.49377592346868704
173.555,0.2,-0.18327406306937197,-0.4079558571020349
173.56,0.2,-0.18310858026824897,-0.09809641774815725
173.565,0.2,-0.18343984516360395,0.1749885478018894
173.57,0.2,-0.1843239603832006,0.08596118263133136
173.575,0.2,-0.18564399528147305,0.020540357079152805
173.58,0.2,-0.18716243529279314,-0.28490587764145603
173.585,0.2,-0.18862773982961878,-0.2776102316720636
173.59,0.2,-0.189864270960542,-0.33779529979643574
173.595,0.2,-0.19080569000024847,-0.33882944744866356
173.6,0.2,-0.19147759135031386,-0.1238756320199878
173.605,0.2,-0.1919411001559502,0.07303479745163212
173.61,0.2,-0.19221039845133847,0.2342594569584806
173.615,0.2,-0.19219361372567315,-0.037580853291406174
173.62,0.2,-0.19171458752541914,-0.21016255126188352
173.625,0.2,-0.19061310615985316,-0.5404152856602323
173.63,0.2,-0.1888572914275481,-0.5212972038486926
173.635,0.2,-0.1865958886145882,-0.4545692661291769
173.64,0.2,-0.18412158349663574,-0.2638065151788648
173.645,0.2,-0.18176718117747018,0.08118275732431122
173.65,0.2,-0.17978165444527497,0.12117241884398125
173.655,0.2,-0.1782524811733147,-0.12627079099699798
173.66,0.2,-0.17712437129269595,-0.07591734676541287
173.665,0.2,-0.17627894570643893,-0.27519850805654444
173.67,0.2,-0.17561238407329424,-0.4462489453916677
173.675,0.2,-0.17509314932957593,-0.3432510152668806
173.68,0.2,-0.17477614816170692,-0.17808722553699488
173.685,0.2,-0.17475243722564743,-0.05540664387334117
173.69,0.2,-0.17506746161869532,0.18703685653169458
173.695,0.2,-0.1756617934115188,-0.07752922044440637
173.7,0.2,-0.17637884850045354,-0.20114141819401624
173.705,0.2,-0.17704589255246,-0.47319028696576804
173.71,0.2,-0.17757282552692333,-0.45439267687678125
173.715,0.2,-0.17800273777881462,-0.4340989978973864
173.72,0.2,-0.17849205116084516,-0.28962036276325015
173.725,0.2,-0.17923534920046374,0.04326147159889108
173.73,0.2,-0.18036261492333897,0.14273434894586565
173.735,0.2,-0.18185959562627727,0.01119063949096263
173.74,0.2,-0.18357623565323958,-0.336078019634958
173.745,0.2,-0.1853255613980833,-0.3591551727541509
173.75,0.2,-0.18699070333135076,-0.4314275912034527
173.755,0.2,-0.18856705301538293,-0.351535712362551
173.76,0.2,-0.19013846986166777,-0.24072331325211438
173.765,0.2,-0.19181323295530872,0.04641970566181184
173.77,0.2,-0.1936425594959246,0.0527612828326553
173.775,0.2,-0.1955662330952198,-0.0369293004678659
173.78,0.2,-0.19743053504749034,-0.27659417528850305
173.785,0.2,-0.19906557599639624,-0.25439851672718244
173.79,0.2,-0.20036153245268437,-0.43431266734825125
173.795,0.2,-0.20130820551916204,-0.42141752319615855
173.8,0.2,-0.20199353393895636,-0.17647219941448433
173.805,0.2,-0.20255614450609946,-0.20454257075649462
173.81,0.2,-0.20310673395070306,0.2695522154085528
173.815,0.2,-0.20365912191153068,-0.1787670121551365
173.82,0.2,-0.20412677840689647,-0.24453660287482668
173.825,0.2,-0.20439835527087907,-0.30153640878785476
173.83,0.2,-0.2044212787170108,-0.49170689140866414
173.835,0.2,-0.20424234176667824,-0.4400121414045604
173.84,0.2,-0.20399887529763114,-0.04536973305940345
173.845,0.2,-0.20384493676805104,0.004041496372110761
173.85,0.2,-0.20385133090911497,0.10162963495363601
173.855,0.2,-0.2039557950887004,0.08985960848024889
173.86,0.2,-0.20398753121134275,-0.2873563837867914
173.865,0.2,-0.2037476815632091,-0.18003245398492063
173.87,0.2,-0.20309941471461873,-0.49234730939174703
173.875,0.2,-0.20202132266388978,-0.34787602230955617
173.88,0.2,-0.20061284340646648,-0.3535882482851065
173.885,0.2,-0.19904952292925526,-0.0289612634768162
173.89,0.2,-0.19750108141604739,-0.05845243838133457
173.895,0.2,-0.19605986895747385,0.011232349777776126
173.9,0.2,-0.194722729149434,-0.16395905439388825
173.905,0.2,-0.19342969690507358,-0.29447720933714394
173.91,0.2,-0.19214174119428776,-0.711918774335518
173.915,0.2,-0.1909239464872051,-0.41600693468502536
173.92,0.2,-0.18996472174131632,-0.26919656575587364
173.925,0.2,-0.18949781069431204,-0.10653109822134264
173.93,0.2,-0.18969084609105763,0.07259232146926584
173.935,0.2,-0.19057250064746947,0.02560264643219154
173.94,0.2,-0.19203042345749757,-0.33920873242047966
173.945,0.2,-0.19388706306992573,-0.31657155529080316
173.95,0.2,-0.19600092396391258,-0.507336791280978
173.955,0.2,-0.19832438495895643,-0.41736966081795174
173.96,0.2,-0.2008962671976139,-0.1235839825820494
173.965,0.2,-0.2037734679264796,-0.026020642328127924
173.97,0.2,-0.20693571392677687,0.2652796898256885
173.975,0.2,-0.21022647803887884,-0.10617957068657649
173.98,0.2,-0.2133792685309912,-0.18305316176933983
173.985,0.2,-0.21612121584361416,-0.5009596017254412
173.99,0.2,-0.2182848232945568,-0.45577074295985204
173.995,0.2,-0.21986326646383716,-0.4988936302651928
174.0,0.2,-0.22098604736062777,-0.06793075305605684
174.005,0.2,-0.221823151276022,0.02795988243778581
174.01,0.2,-0.22247188739663043,0.07592788747638102
174.015,0.2,-0.2229022600231972,-0.0050547116192045695
174.02,0.2,-0.2229864485374529,-0.24383662128270078
174.025,0.2,-0.2225871516902611,-0.5123649188620284
174.03,0.2,-0.22165674355061965,-0.3887637176300941
174.035,0.2,-0.22028235606682453,-0.3998804325985113
174.04,0.2,-0.21864849390483865,-0.08949637598192221
174.045,0.2,-0.21694655328967918,0.06293752489940357
174.05,0.2,-0.21527915464683364,0.14596677167150346
174.055,0.2,-0.21360780622226444,0.10644797920557242
174.06,-0.2,-0.21177228199460765,-0.14404812893867763
174.065,-0.2,-0.209577848379149,-0.46490710632588883
174.07,-0.2,-0.20691554531783649,-0.5517926863996205
174.075,-0.2,-0.20384268143070053,-0.3535954554611169
174.08,-0.2,-0.20055725226238297,-0.03340595230810159
174.085,-0.2,-0.19728695369158017,-0.10599141856646543
174.09,-0.2,-0.19418401978499622,0.17822258231346472
174.095,-0.2,-0.1912811083807795,-0.08466084991833558
174.1,-0.2,-0.18851342304833277,-0.2579001360683869
174.105,-0.2,-0.18580118489191164,-0.49534938357863006
174.11,-0.2,-0.18314589995225147,-0.46331851568403837
174.115,-0.2,-0.18066866251218539,-0.28876793639894455
174.12,-0.2,-0.17857062831174209,-0.3375620806539321
174.125,-0.2,-0.17705141899720045,0.18845076700582358
174.13,-0.2,-0.17621609994601145,0.10583514114262865
174.135,-0.2,-0.1760143464270607,-0.10765240798380775
174.14,-0.2,-0.17627543863958245,-0.3074824632817683
174.145,-0.2,-0.17681995095259,-0.4639538886968442
174.15,-0.2,-0.17756045627340472,-0.5385303006795429
174.155,-0.2,-0.17853995958044472,-0.3902461234600168
174.16,-0.2,-0.17989014513016338,0.0545359720359071
174.165,-0.2,-0.18172050955223853,0.044802979819318106
174.17,-0.2,-0.18401795620839945,-0.026964014441979434
174.175,-0.2,-0.18663583949004228,-0.06184532765647549
174.18,-0.2,-0.1893558801009957,-0.25574456120475114
174.185,-0.2,-0.19197105549405064,-0.4697309941935967
174.19,-0.2,-0.19436449263227917,-0.47103631511727173
174.195,-0.2,-0.19654869504588407,-0.33945363685048174
174.2,-0.2,-0.19863333197905342,-0.18136764628101237
174.205,-0.2,-0.20073836778532125,0.11204969499340219
174.21,-0.2,-0.2028994791384658,0.09319297204611571
174.215,-0.2,-0.20502024572531957,-0.038907358394694835
174.22,-0.2,-0.20690824432966612,-0.2828487573172033
174.225,-0.2,-0.20836599010117232,-0.17984345430935558
174.23,-0.2,-0.209268282247308,-0.5074349079074372
174.235,-0.2,-0.20960692432343334,-0.5339092558398472
174.24,-0.2,-0.20950331146366896,-0.14332634901811792
174.245,-0.2,-0.20915185723155916,-0.06689065783904981
174.25,-0.2,-0.20870903903554416,0.1445727543391119
174.255,-0.2,-0.20820755829580154,0.16573674866314078
174.26,-0.2,-0.20754309457796247,-0.17013189708481935
174.265,-0.2,-0.20654252540658932,-0.3133078320336624
174.27,-0.2,-0.20507570344616674,-0.39743044459651905
174.275,-0.2,-0.20313813225905122,-0.5791542536440248
174.28,-0.2,-0.20086517011023308,-0.09122438591867907
174.285,-0.2,-0.19846629426602164,-0.03879214486252849
174.29,-0.2,-0.19611233885881535,0.07911137512652344
174.295,-0.2,-0.19385911928205615,0.05575725705227691
174.3,-0.2,-0.19164696082379068,-0.10524961562635818
174.305,-0.2,-0.18936633304573489,-0.5510675590229408
174.31,-0.2,-0.18696628475121052,-0.4781569002518423
174.315,-0.2,-0.18453254048597992,-0.3852097009844323
174.32,-0.2,-0.18226434761068722,-0.1143746939964745
174.325,-0.2,-0.1803769474891702,-0.12330320942415499
174.33,-0.2,-0.17901070729064178,0.06640464376813296
174.335,-0.2,-0.17818785586605243,-0.02270460457084135
174.34,-0.2,-0.1778245350799331,-0.3197149661176752
174.345,-0.2,-0.17779542688291755,-0.2057737167960444
174.35,-0.2,-0.17801235595424242,-0.6039650096869381
174.355,-0.2,-0.17847527815494946,-0.3320569069156559
174.36,-0.2,-0.17927100037815885,-0.1677499613345409
174.365,-0.2,-0.1805039444963869,0.025460833664537982
174.37,-0.2,-0.18219934449166314,0.14002756258665486
174.375,-0.2,-0.1842469348156034,0.055151044764500654
174.38,-0.2,-0.18641462608441234,-0.09729090036253343
174.385,-0.2,-0.18842995290155132,-0.5047251196450345
174.39,-0.2,-0.190099737932186,-0.5579122415023515
174.395,-0.2,-0.1913988206248064,-0.44019443693447935
174.4,-0.2,-0.19246297692499076,-0.2715049903325914
174.405,-0.2,-0.19349484937413178,0.002009703107106799
174.41,-0.2,-0.19465193510358053,-0.08750106928083362
174.415,-0.2,-0.19598533580908128,-0.09269681489626558
174.42,-0.2,-0.19745427672178412,-0.2862719875205962
174.425,-0.2,-0.19898573669399325,-0.28651319565245104
174.43,-0.2,-0.20053515009373915,-0.497314342570884
174.435,-0.2,-0.20212558611785,-0.3708827315742137
174.44,-0.2,-0.20384935162875745,-0.2818522114469759
174.445,-0.2,-0.20582472266963625,-0.16780305842132656
174.45,-0.2,-0.20812495898814692,0.1986537021537192
174.455,-0.2,-0.21070640514250819,0.08288438705716747
174.46,-0.2,-0.21338528981881796,-0.2147971080624279
174.465,-0.2,-0.21591628016354242,-0.5973919585962837
174.47,-0.2,-0.21813388271210904,-0.5399082968080103
174.475,-0.2,-0.22003831713290736,-0.3909901914394247
174.48,-0.2,-0.2217614711621058,-0.15405638040021338
174.485,-0.2,-0.2234506556650287,0.2014928621170611
174.49,-0.2,-0.2251432222186545,0.226851434439354
174.495,-0.2,-0.22670948262097498,-0.1967475874087801
174.5,-0.2,-0.2279142856733268,-0.2066220899665919
174.505,-0.2,-0.22854418742709098,-0.45563964904988186
174.51,-0.2,-0.22850285989631344,-0.44220177295714674
174.515,-0.2,-0.22784597972914,-0.5503839773255773
174.52,-0.2,-0.2267634969478571,-0.21612665898990466
174.525,-0.2,-0.2255009872173591,0.08880238872079649
174.53,-0.2,-0.2242412973809573,0.025780699241046007
174.535,-0.2,-0.2230261484408146,0.04484081207577039
174.54,-0.2,-0.22177396837741303,-0.3341619177038335
174.545,-0.2,-0.22037412142507323,-0.472782035493601
174.55,-0.2,-0.21879551131382477,-0.5311225641436218
174.555,-0.2,-0.21713984803265102,-0.39769355400817197
174.56,-0.2,-0.21560509294188082,-0.07619505718028857
174.565,-0.2,-0.21438279487442224,0.03991840004733157
174.57,-0.2,-0.21355475353863498,0.09133903359013672
174.575,-0.2,-0.2130531319948978,-0.02499566299550559
174.58,-0.2,-0.21270436133021278,-0.3777290082863948
174.585,-0.2,-0.21233397364596474,-0.47738421439610007
174.59,-0.2,-0.21187398520229644,-0.6019953570048724
174.595,-0.2,-0.21141150159827274,-0.5118245145076692
174.6,-0.2,-0.21115293063211815,-0.07407769787560536
174.605,-0.2,-0.21131734770365038,-0.11755172596457936
174.61,-0.2,-0.212026193569521,0.024149940932360274
174.615,-0.2,-0.2132602826364737,-0.09336698308738517
174.62,-0.2,-0.2148870457674593,-0.20338619633281171
174.625,-0.2,-0.21672895688605587,-0.39714057116467066
174.63,-0.2,-0.21864112463131918,-0.3463917221291989
174.635,-0.2,-0.22055753394206268,-0.4083162782330475
174.64,-0.2,-0.22249173666327168,-0.34746369904580254
174.645,-0.2,-0.22450023390784066,0.02170713098226234
174.65,-0.2,-0.22660539906209826,0.212670898939932
174.655,-0.2,-0.22871091991946083,0.022912334927086546
174.66,-0.2,-0.23059656837246265,-0.287068187577529
174.665,-0.2,-0.23201717547546813,-0.39039966474817256
174.67,-0.2,-0.23282131026769126,-0.4758136207823778
174.675,-0.2,-0.2330127217881933,-0.6065177475836812
174.68,-0.2,-0.23274452504927368,-0.19370689622111392
174.685,-0.2,-0.2322475718347635,-0.13354347958061408
174.69,-0.2,-0.231713101750929,0.2599463164484367
174.695,-0.2,-0.23119265741026174,0.05575442080389212
174.7,-0.2,-0.23058318760606875,-0.2604231098294175
174.705,-0.2,-0.22972069736299816,-0.48854061050442166
174.71,-0.2,-0.22851442345303288,-0.4753519065312144
174.715,-0.2,-0.22701315981332673,-0.3097379209512043
174.72,-0.2,-0.2253707978769134,-0.22888626999183126
174.725,-0.2,-0.2237658100575821,-0.18551596900288497
174.73,-0.2,-0.22233316468294803,0.03969050201300105
174.735,-0.2,-0.2211184825281152,0.02558986303962766
174.74,-0.2,-0.2200620553692684,-0.17802602504514176
174.745,-0.2,-0.21904457217335774,-0.4490807346168505
174.75,-0.2,-0.21798609267781377,-0.5825471622902196
174.755,-0.2,-0.21692349086623017,-0.3041162147891854
174.76,-0.2,-0.21599770954574804,-0.2400086751297385
174.765,-0.2,-0.21536688278957014,-0.01619045054277847
174.77,-0.2,-0.21511476747931738,0.07694648131513787
174.775,-0.2,-0.21519875928181031,0.02832542798841927
174.78,-0.2,-0.21545651251940726,-0.14080988861994814
174.785,-0.2,-0.21567748681155066,-0.47731352236783325
174.79,-0.2,-0.2157091552346929,-0.4515203799604508
174.795,-0.2,-0.21552995598755925,-0.4075913801505761
174.8,-0.2,-0.2152372433848113,-0.1496399994137684
174.805,-0.2,-0.21496181610965875,0.07208521159045206
174.81,-0.2,-0.2147648264511887,0.10327882983115658
174.815,-0.2,-0.21458232206992311,-0.044611513778643
174.82,-0.2,-0.21425396936487037,-0.22264516302326895
174.825,-0.2,-0.21361228019773879,-0.4110574158855964
174.83,-0.2,-0.2125788291620078,-0.5948307717805064
174.835,-0.2,-0.21122301994547252,-0.43373029087239345
174.84,-0.2,-0.209743981944466,-0.10120096764856998
174.845,-0.2,-0.208371348127244,-0.057373619655120445
174.85,-0.2,-0.2072523017637135,0.11598812168605271
174.855,-0.2,-0.20638975544850055,0.18520630935525279
174.86,-0.2,-0.2056486952867933,-0.34273166194845495
174.865,-0.2,-0.20485174067725295,-0.6923099301350137
174.87,-0.2,-0.20393025636778234,-0.5612007687271219
174.875,-0.2,-0.20300710293156113,-0.5790765045049238
174.88,-0.2,-0.20234636043260612,-0.06469215573438264
174.885,-0.2,-0.20221911737267645,-0.021198447670968377
174.89,-0.2,-0.20276837064555567,0.21302100393897344
174.895,-0.2,-0.20394168542537747,0.0378488389371258
174.9,-0.2,-0.2055176224373894,-0.15838171592995248
174.905,-0.2,-0.20720929396550267,-0.4597421782984822
174.91,-0.2,-0.20879284181200153,-0.47638463666812725
174.915,-0.2,-0.2101870326632981,-0.40214628843624095
174.92,-0.2,-0.21144142381311626,-0.16337300721985154
174.925,-0.2,-0.21265191209824508,0.00826710932530015
174.93,-0.2,-0.21385686942845133,0.22582609714734606
174.935,-0.2,-0.21497454526726886,-0.17692053283266596
174.94,-0.2,-0.2158299934326395,-0.18881580009328333
174.945,-0.2,-0.21625478926578479,-0.5376925053654751
174.95,-0.2,-0.21618910000299382,-0.564105004603271
174.955,-0.2,-0.21573176464189142,-0.44147706230974443
174.96,-0.2,-0.2151106405383966,-0.2290440401655452
174.965,-0.2,-0.21458631068335346,-0.0924766667141753
174.97,-0.2,-0.2143466498605564,0.08680327222729832
174.975,-0.2,-0.2144399894654201,0.04372192623626042
174.98,-0.2,-0.2147701249962266,-0.13834818993921283
174.985,-0.2,-0.21516092210112484,-0.3784944587852061
174.99,-0.2,-0.21545699402830693,-0.34804374377818326
174.995,-0.2,-0.21559441731170392,-0.4030002376468147
175.0,-0.2,-0.2156003114984773,-0.026059349035911755
175.005,-0.2,-0.21552340711916793,0.1310729462765079
175.01,-0.2,-0.21533937266056222,0.1482884738131246
175.015,-0.2,-0.21490496317783436,0.020039866011135627
175.02,-0.2,-0.21399647289779136,-0.15646401073766153
175.025,-0.2,-0.21240045407837724,-0.34481256387524084
175.03,-0.2,-0.21000905758858188,-0.5581069564034998
175.035,-0.2,-0.20688468765997758,-0.48825857705583386
175.04,-0.2,-0.2032623941686626,-0.36801774463599624
175.045,-0.2,-0.19947503547862389,1.2465507765724564e-05
175.05,-0.2,-0.1958255998106279,0.18183738627735646
175.055,-0.2,-0.19247559727775804,-0.015786965495814778
175.06,-0.2,-0.18942619941865038,-0.13575746245610013
175.065,-0.2,-0.18659898282341514,-0.44920393762204225
175.07,-0.2,-0.18394961152955358,-0.4945159372058284
175.075,-0.2,-0.18153957980929566,-0.32916248067562764
175.08,-0.2,-0.17951973770877303,-0.10831529748243511
175.085,-0.2,-0.1780420693707031,-0.007822530346329973
175.09,-0.2,-0.17717390874447397,-0.044978558387348044
175.095,-0.2,-0.17686717261409526,0.07168357616722895
175.1,-0.2,-0.1769814651495442,-0.32461552239434277
175.105,-0.2,-0.17734795966693503,-0.25527488993902436
175.11,-0.2,-0.17784952702587922,-0.5603024394923486
175.115,-0.2,-0.17847756997779976,-0.46283568301997235
175.12,-0.2,-0.1793354767804458,-0.2086771848840091
175.125,-0.2,-0.18057327552187666,-0.06174207903205681
175.13,-0.2,-0.18228160100325022,0.20515694588890815
175.135,-0.2,-0.18440958171775088,0.07778356707221055
175.14,-0.2,-0.18675293359208125,0.018625853844834422
175.145,-0.2,-0.18902035267532927,-0.3317496823208125
175.15,-0.2,-0.19095212799032224,-0.6023288606528113
175.155,-0.2,-0.19242986900536738,-0.31399176557625785
175.16,-0.2,-0.19349648705908226,-0.21137392329346757
175.165,-0.2,-0.19427793512378436,-0.15770135919230022
175.17,-0.2,-0.194884078163807,0.20328366149699267
175.175,-0.2,-0.1953381633403517,-0.02466479334291173
175.18,-0.2,-0.19556556436212968,-0.3190579552363638
175.185,-0.2,-0.1954694191195632,-0.4286846541817434
175.19,-0.2,-0.19504081209928023,-0.6764417268796559
175.195,-0.2,-0.194414588828655,-0.24915315877874497
175.2,-0.2,-0.19383026043106658,-0.2593241689306506
175.205,-0.2,-0.19352445903960466,0.13254258110423572
175.21,-0.2,-0.19361951891120455,0.20558199696203916
175.215,-0.2,-0.19406157546317623,0.03408668916804747
175.22,-0.2,-0.19465103410984375,-0.33172180014409103
175.225,-0.2,-0.19516075745617906,-0.365865721955977
175.23,-0.2,-0.19545540943993545,-0.460533660578758
175.235,-0.2,-0.19554165240325388,-0.5089674245083264
175.24,-0.2,-0.19555017627472526,-0.16458912412469157
175.245,-0.2,-0.19565492146969118,0.1565732498767757
175.25,-0.2,-0.19595770995625217,-0.06689845438676348
175.255,-0.2,-0.19642371549447435,0.14851508040288675
175.26,-0.2,-0.19690483677152282,-0.2512108427541063
175.265,-0.2,-0.19721827472473707,-0.36888637995570395
175.27,-0.2,-0.1972431797697816,-0.44043800566252667
175.275,-0.2,-0.1969814647863276,-0.356668592458796
175.28,-0.2,-0.1965436369100642,-0.1910065538714848
175.285,-0.2,-0.19608107154610388,-0.13474389814266657
175.29,-0.2,-0.19570989333983785,0.07721734144321653
175.295,-0.2,-0.19545974966847676,-0.09294710476195789
175.3,-0.2,-0.19527068650202198,-0.12976971045676222
175.305,-0.2,-0.19504816610211131,-0.5477297787862401
175.31,-0.2,-0.19475526991091593,-0.5561644384173194
175.315,-0.2,-0.19448202321360109,-0.43890125353754833
175.32,-0.2,-0.1944290425960911,-0.18241060125939518
175.325,-0.2,-0.19481492526173366,-0.16009575625382108
175.33,-0.2,-0.19577789853528624,0.13502503468452287
175.335,-0.2,-0.19731466338176,0.05512928097942009
175.34,-0.2,-0.19927647716345648,-0.25061297496206636
175.345,-0.2,-0.20144059107600784,-0.2970018246895048
175.35,-0.2,-0.20361875264678955,-0.549291343593179
175.355,-0.2,-0.2057318143008877,-0.3661617563220697
175.36,-0.2,-0.20781116226445007,-0.16927935631877888
175.365,-0.2,-0.20993110904566756,-0.11835450075637757
175.37,-0.2,-0.21211973021486852,0.20895903584805917
175.375,-0.2,-0.21428973204791213,0.22473275773365103
175.38,-0.2,-0.2162191380055722,-0.18852811014312998
175.385,-0.2,-0.21762389750712788,-0.3708085152124956
175.39,-0.2,-0.2182944535138577,-0.5552842906000367
175.395,-0.2,-0.21819331908098977,-0.4051416740475851
175.4,-0.2,-0.21744917083915924,-0.15137564597460618
175.405,-0.2,-0.216259340165843,0.08655017443129179
175.41,-0.2,-0.21476599366525131,0.13899765194299873
175.415,-0.2,-0.21298221098852943,0.10182264371050383
175.42,-0.2,-0.21080170079706184,-0.11429667927369078
175.425,-0.2,-0.20807605340799024,-0.30471865250144775
175.43,-0.2,-0.2047166586605582,-0.4698448041818751
175.435,-0.2,-0.20076721263349023,-0.3350128093453451
175.44,-0.2,-0.19640499321773852,-0.25426750768764617
175.445,-0.2,-0.19187138158385825,0.05185928515848836
175.45,-0.2,-0.18737579185576242,-0.03426336378202627
175.455,-0.2,-0.18303250850818528,0.009258648743229762
175.46,-0.2,-0.17886050136366996,-0.12746029801155084
175.465,-0.2,-0.1748389163425514,-0.5669401406211093
175.47,-0.2,-0.1709970665615501,-0.45763052431409335
175.475,-0.2,-0.1674776169911797,-0.36280517188035066
175.48,-0.2,-0.16451449562130852,-0.33993195430944645
175.485,-0.2,-0.1623480545446498,0.15512500493583883
175.49,-0.2,-0.16112583102395137,-0.007639095022240375
175.495,-0.2,-0.16083841022070303,0.0180826000109058
175.5,-0.2,-0.16133569371841006,-0.148147474277324
175.505,-0.2,-0.16239871686198862,-0.15452789465073324
175.51,-0.2,-0.16381113554958424,-0.32001212474595003
175.515,-0.2,-0.16541529625257836,-0.4635452709814458
175.52,-0.2,-0.16714759198112458,-0.21527025254526705
175.525,-0.2,-0.16901997310557187,-0.028911973179393508
175.53,-0.2,-0.1710422386794881,0.058319895734343916
175.535,-0.2,-0.17314656326721253,0.09072334029119208
175.54,-0.2,-0.17517940366060292,-0.3726138988564527
175.545,-0.2,-0.17697503592758942,-0.37361237496798155
175.55,-0.2,-0.17845429717476274,-0.4606953602411503
175.555,-0.2,-0.17966688435191866,-0.3532724068286899
175.56,-0.2,-0.18075749812048092,-0.15563404488562144
175.565,-0.2,-0.18188422933202375,0.05832200263407547
175.57,-0.2,-0.18312821661867465,0.06570860597024261
175.575,-0.2,-0.18444578012498616,-0.0011161743424254814
175.58,-0.2,-0.18569199359960292,-0.18828752207032248
175.585,-0.2,-0.18670421993959066,-0.5647183358332221
175.59,-0.2,-0.1874097236838442,-0.5493069357190471
175.595,-0.2,-0.18789046580538935,-0.36426288402078627
175.6,-0.2,-0.18834946210379191,-0.2179541515350056
175.605,-0.2,-0.18900568034318768,0.03573516797753196
175.61,-0.2,-0.18998848142465385,0.07933524340017556
175.615,-0.2,-0.1912824580571624,-0.02138857349081611
175.62,-0.2,-0.19274599596889871,-0.1399779170110786
175.625,-0.2,-0.19418988231669715,-0.4154475533977064
175.63,-0.2,-0.19547365931856703,-0.43829737100873467
175.635,-0.2,-0.19657243782240352,-0.4721449319340926
175.64,-0.2,-0.19757948443550807,-0.22832804815408303
175.645,-0.2,-0.19864092311005702,-0.005170411884534282
175.65,-0.2,-0.19985355439790217,0.16377199582731006
175.655,-0.2,-0.2011850359600231,0.036342452924311694
175.66,-0.2,-0.2024743039196129,-0.2081019424743056
175.665,-0.2,-0.20351566111766517,-0.34293738961779535
175.67,-0.2,-0.20416923593571457,-0.577518836440849
175.675,-0.2,-0.20443113295892684,-0.30339458442445877
175.68,-0.2,-0.20441772552262352,-0.07095579350173079
175.685,-0.2,-0.2042710316700041,-0.013778951919324378
175.69,-0.2,-0.20406689537480988,-0.09622535035945881
175.695,-0.2,-0.20378538968952983,0.207749497978708
175.7,-0.2,-0.20331688511574605,-0.07048168275220226
175.705,-0.2,-0.20249839326225838,-0.4223304262726891
175.71,-0.2,-0.2012161738256521,-0.7484901982499357
175.715,-0.2,-0.1995219043120865,-0.4009550343776552
175.72,-0.2,-0.19764218869333414,-0.21486131848747766
175.725,-0.2,-0.19586364932749142,0.008401106918079902
175.73,-0.2,-0.1943996016342437,-0.0377120972781001
175.735,-0.2,-0.1933269074536718,0.02867051984411767
175.74,-0.2,-0.19259773095989421,-0.18406199308279694
175.745,-0.2,-0.19209751490828963,-0.25554155862973327
175.75,-0.2,-0.19172188731115872,-0.46563723588538913
175.755,-0.2,-0.19143982556924807,-0.3516589254718244
175.76,-0.2,-0.1913087686242321,-0.2776756614020598
175.765,-0.2,-0.19142788066278812,0.04112312818171055
175.77,-0.2,-0.19185593682915,-0.01593537686421871
175.775,-0.2,-0.19254977606781434,0.08927001116334464
175.78,-0.2,-0.1933646870469091,-0.23876887476131464
175.785,-0.2,-0.19412368939847513,-0.5129752324496476
175.79,-0.2,-0.19472158776506676,-0.42454171862433165
175.795,-0.2,-0.19518451360927386,-0.35701523548900466
175.8,-0.2,-0.19563868974616255,-0.17772377129122108
175.805,-0.2,-0.19622616514418514,-0.029503903470367854
175.81,-0.2,-0.19702031604620815,0.13937859386436496
175.815,-0.2,-0.1979715128275985,0.05299197795546958
175.82,-0.2,-0.1989121099011278,-0.17092781573997573
175.825,-0.2,-0.19963051954604497,-0.3424756712503785
175.83,-0.2,-0.19997415579275665,-0.4733610528607619
175.835,-0.2,-0.19991988202691363,-0.4246237646708496
175.84,-0.2,-0.1995703041517515,-0.05359831463445447
175.845,-0.2,-0.199074465472442,-0.08693678204177083
175.85,-0.2,-0.19853105793301049,0.0880170916786936
175.855,-0.2,-0.19793814493101297,0.023278858038870913
175.86,-0.2,-0.19720164212510358,-0.16524467745122093
175.865,-0.2,-0.19619962991899803,-0.510554871144025
175.87,-0.2,-0.19487872643515292,-0.36301619747877206
175.875,-0.2,-0.1933097579885832,-0.37213528436399496
175.88,-0.2,-0.19166209044231514,-0.22962866623171355
175.885,-0.2,-0.1901271428143816,0.08936819144558833
175.89,-0.2,-0.1888263433277021,0.1540862304074715
175.895,-0.2,-0.18774470115597586,0.011589885555032592
175.9,-0.2,-0.18674678389230834,-0.2712888230026491
175.905,-0.2,-0.18567305986982938,-0.3706732848326701
175.91,-0.2,-0.18444771715525057,-0.5941136605135506
175.915,-0.2,-0.18313802624104622,-0.4182886942584079
175.92,-0.2,-0.18193761486959373,-0.20654860192725988
175.925,-0.2,-0.18107969747582262,-0.1115787229879229
175.93,-0.2,-0.18073319226638693,0.099761243256722
175.935,-0.2,-0.18093291017924995,0.11665644014550416
175.94,-0.2,-0.18156596255604815,-0.14075187802001288
175.945,-0.2,-0.18243537267619597,-0.479286561276457
175.95,-0.2,-0.18338038798169007,-0.467059474001808
175.955,-0.2,-0.1843606058194637,-0.25538123748030306
175.96,-0.2,-0.1854389501940605,-0.2576755777291657
175.965,-0.2,-0.18670352324360165,-0.014572877447691424
175.97,-0.2,-0.18819022536438895,0.12328623611133652
175.975,-0.2,-0.1898285259911517,0.05589414498402284
175.98,-0.2,-0.19144317327012247,-0.2957645672085799
175.985,-0.2,-0.1928329357164129,-0.3256571573876204
175.99,-0.2,-0.19387228288044472,-0.4866273589328047
175.995,-0.2,-0.19456597036127163,-0.42137093976218104
176.0,-0.2,-0.1950397682852029,-0.28871595205863554
176.005,-0.2,-0.19547807134489578,-0.05965834629766549
176.01,-0.2,-0.19602537444356402,0.2679033369598071
176.015,-0.2,-0.1966941412262761,0.030576502156745254
176.02,-0.2,-0.19735183170191384,-0.2617714060884768
176.025,-0.2,-0.19781875359190781,-0.5079164801947372
176.03,-0.2,-0.19799852791588882,-0.4013017203581205
176.035,-0.2,-0.197933486685517,-0.3469873195763461
176.04,-0.2,-0.19776323790730804,-0.12285871133592348
176.045,-0.2,-0.19763697552101495,-0.029269348943038377
176.05,-0.2,-0.1976276914430946,0.25121305575654373
176.055,-0.2,-0.1976833683209064,-0.17955076198200062
176.06,-0.2,-0.19765693405008267,-0.25713270326113163
176.065,-0.2,-0.19740878744145862,-0.5074818825381646
176.07,-0.2,-0.19690625146240187,-0.5125465389506103
176.075,-0.2,-0.1962611821550219,-0.4669402740763447
176.08,-0.2,-0.1956984867258153,-0.2781342767357623
176.085,-0.2,-0.1954752269254774,-0.1456974776673707
176.09,-0.2,-0.1957833301228968,0.1659754279180237
176.095,-0.2,-0.19666983267014385,0.04279106226569872
176.1,-0.2,-0.19802288521609795,-0.298470875557744
176.105,-0.2,-0.19965766454589948,-0.5150773624342502
176.11,-0.2,-0.20144977719959453,-0.6152735769404329
176.115,-0.2,-0.20341108300848693,-0.31491376296554074
176.12,-0.2,-0.2056529363447397,-0.09890556449512769
176.125,-0.2,-0.20827338742372936,0.05230766949498682
176.13,-0.2,-0.21126146808847962,-0.08276754354595314
176.135,-0.2,-0.21448796859059738,-0.2596229947234029
176.14,-0.2,-0.2177697103906488,-0.18691456675791857
176.145,-0.2,-0.220938111211933,-0.3254730959231772
176.15,-0.2,-0.22388535148455374,-0.6720381937554077
176.155,-0.2,-0.22661191705176775,-0.5134625396002688
176.16,-0.2,-0.22923905867901323,-0.1435852962726772
176.165,-0.2,-0.2319278228306499,-0.029971810827402648
176.17,-0.2,-0.23475729140395843,0.08359357328522364
176.175,-0.2,-0.23766386761109232,-0.10759519778095399
176.18,-0.2,-0.2404744356554762,-0.30437393913323285
176.185,-0.2,-0.2430002957344302,-0.4244619455805398
176.19,-0.2,-0.24513273455293347,-0.5803093734635139
176.195,-0.2,-0.24689493146156757,-0.4923046789346862
176.2,-0.2,-0.24842729981387687,-0.16964242145546252
176.205,-0.2,-0.24990556514513138,-0.14629169954953558
176.21,-0.2,-0.2514412485832043,0.05722029696276686
176.215,-0.2,-0.25302395772307956,-0.006512939761241565
176.22,-0.2,-0.2545211421107546,-0.08119658513149974
176.225,-0.2,-0.2557333565138487,-0.4156274309630242
176.23,-0.2,-0.2564983668855049,-0.7227253874451923
176.235,-0.2,-0.25679382865515105,-0.376711753486955
176.24,-0.2,-0.2567475593032453,-0.1847025623765176
176.245,-0.2,-0.25654168978373826,-0.1974533169899997
176.25,-0.2,-0.2563110631445021,-0.0446841892802813
176.255,-0.2,-0.25610005199784047,-0.07147217978386669
176.26,-0.2,-0.25586122869230704,-0.09724234995988379
176.265,-0.2,-0.2554907916247354,-0.46609305830115494
176.27,-0.2,-0.2549049261971615,-0.4632730145936458
176.275,-0.2,-0.2541149188372401,-0.5141975146892532
176.28,-0.2,-0.25324176323556213,-0.2795884147245532
176.285,-0.2,-0.2524574541198906,-0.07605626692203585
176.29,-0.2,-0.25189019750462416,0.019820965947566997
176.295,-0.2,-0.25155666146180194,-0.14306385499901098
176.3,-0.2,-0.2513673195676669,-0.1710401521520154
176.305,-0.2,-0.25118680569334256,-0.3020768655407474
176.31,-0.2,-0.2509097535325765,-0.7053834235330988
176.315,-0.2,-0.25053105980587714,-0.35628621977693925
176.32,-0.2,-0.25015949586008546,-0.25597547202319293
176.325,-0.2,-0.24993976888849737,0.0368780505668207
176.33,-0.2,-0.2499375156597462,0.22897427782758667
176.335,-0.2,-0.25006667586119447,-0.05980763650446162
176.34,-0.2,-0.25011393038026153,-0.3307156852537464
176.345,-0.2,-0.24986210919881352,-0.6898710600351754
176.35,-0.2,-0.24923492839896202,-0.7260357789948894
176.355,-0.2,-0.24836128872311777,-0.36970687056801094
176.36,-0.2,-0.24750716010969337,-0.09608449649758016
176.365,-0.2,-0.24692968678789243,-0.17751514570626578
176.37,-0.2,-0.24676912108587748,0.07717351210412585
176.375,-0.2,-0.24701541849121686,0.033254074862946334
176.38,-0.2,-0.24752455193428977,-0.25262870775464746
176.385,-0.2,-0.2480994604991556,-0.7030168329256206
176.39,-0.2,-0.24862682302275793,-0.6870970609129128
176.395,-0.2,-0.2491661708124616,-0.3778049854046078
176.4,-0.2,-0.2499084354580675,-0.29620911116109616
176.405,-0.2,-0.25105249931420304,-0.017011335660108807
176.41,-0.2,-0.25269778209027277,-0.05608214675782411
176.415,-0.2,-0.2547963028390751,0.03860786859352071
176.42,-0.2,-0.25716927916293536,-0.29230829286437576
176.425,-0.2,-0.25958177122377424,-0.37273363543642235
176.43,-0.2,-0.26184344791649333,-0.5848593092849619
176.435,-0.2,-0.263884992017414,-0.5545133572758218
176.44,-0.2,-0.26577152930590076,-0.3193735205607585
176.445,-0.2,-0.2676367177857082,0.01955229771979472
176.45,-0.2,-0.2695680703358997,-0.02709724125841849
176.455,-0.2,-0.2715307567614209,-0.13742473712399614
176.46,-0.2,-0.2733867944138318,-0.26838090572221407
176.465,-0.2,-0.27497867691655653,-0.5152915244727408
176.47,-0.2,-0.27622132255972115,-0.6186366496441746
176.475,-0.2,-0.2771560103931896,-0.3532131803092126
176.48,-0.2,-0.27791587777406995,0.04117328147079363
176.485,-0.2,-0.2786097929052893,0.012397394760747402
176.49,-0.2,-0.279218972533039,0.15294592114573682
176.495,-0.2,-0.2795783389732178,-0.05526501370005109
176.5,-0.2,-0.2794343169817632,-0.2170210618319518
176.505,-0.2,-0.2785482276745185,-0.5538453112155713
176.51,-0.2,-0.27680341310057877,-0.43772681612314185
176.515,-0.2,-0.2742551844063736,-0.45629268250960814
176.52,-0.2,-0.27110285517198646,-0.4032772267409218
176.525,-0.2,-0.26762097342168445,-0.19701171279609814
176.53,-0.2,-0.2640810871388272,-0.12232485445725486
176.535,-0.2,-0.26067695448758815,0.08060158818833418
176.54,-0.2,-0.25748324527689676,-0.2785768771091881
176.545,-0.2,-0.25448500241631594,-0.3796164290396775
176.55,-0.2,-0.2516661620962698,-0.5432874010180491
176.555,-0.2,-0.24908811058151603,-0.5176125073450792
176.56,-0.2,-0.2469062547325895,-0.38742819164880404
176.565,-0.2,-0.24531748386110175,-0.026166658741938912
176.57,-0.2,-0.24445965307948794,0.046661696033524616
176.575,-0.2,-0.24432583492541513,-0.03236782193557028
176.58,-0.2,-0.24476036019625472,-0.20405452151242753
176.585,-0.2,-0.24554319465713734,-0.6171895953646224
176.59,-0.2,-0.24651120049222286,-0.5204273155948272
176.595,-0.2,-0.24763738298464383,-0.5358221690612399
176.6,-0.2,-0.24901860239015466,-0.3072231900101103
176.605,-0.2,-0.25078835260164606,0.06558446794405422
176.61,-0.2,-0.25300026524082714,0.09860032477594169
176.615,-0.2,-0.25554925265883227,-0.04080526528364098
176.62,-0.2,-0.25818946921447855,-0.1702294640359883
176.625,-0.2,-0.260630005028682,-0.41947219615125586
176.63,-0.2,-0.2626430119470828,-0.4805671881102402
176.635,-0.2,-0.26413324484081796,-0.44156193532967314
176.64,-0.2,-0.26513911248624117,-0.26394101795106806
176.645,-0.2,-0.26576376970721977,0.07413117236181056
176.65,-0.2,-0.26607688466611207,-0.12210247965977966
176.655,-0.2,-0.2660550473315362,0.08159307038592711
176.66,-0.2,-0.2655907112598432,-0.23520122624375767
176.665,-0.2,-0.2645551089943716,-0.5081292051219795
176.67,-0.2,-0.2628991665626111,-0.7086680097466219
176.675,-0.2,-0.26074097054141293,-0.5816650414376844
176.68,-0.2,-0.2583615170075567,-0.23081690931009669
176.685,-0.2,-0.25609430327494376,-0.03539930792160919
176.69,-0.2,-0.25418087391751926,0.14273622971935307
176.695,-0.2,-0.2526844194148453,-0.07507468784064734
176.7,-0.2,-0.25151048389348246,-0.35563800384282424
176.705,-0.2,-0.25051627540240307,-0.4982886931283949
176.71,-0.2,-0.2496359136480073,-0.7710572836609781
176.715,-0.2,-0.24894392561839773,-0.22357208224386355
176.72,-0.2,-0.2486103901259071,-0.19546434650160166
176.725,-0.2,-0.24878021103585116,0.036861169289322454
176.73,-0.2,-0.24947374237744202,0.04465834335354434
176.735,-0.2,-0.2505623133920894,-0.0975115327740651
176.74,-0.2,-0.2518142302017086,-0.24638327598817372
176.745,-0.2,-0.25299031497202934,-0.587234026264885
176.75,-0.2,-0.2539560381795978,-0.7808687936362446
176.755,-0.2,-0.2547521995195215,-0.29815758630775135
176.76,-0.2,-0.25555088812022725,-0.09178489054355504
176.765,-0.2,-0.256512121019852,0.10338889263156828
176.77,-0.2,-0.2576617907947643,-0.004269959436370763
176.775,-0.2,-0.2588726217798325,-0.11569063297678976
176.78,-0.2,-0.2599295457679717,-0.2214856278568968
176.785,-0.2,-0.2606237538893702,-0.4891209967592761
176.79,-0.2,-0.26084128939692014,-0.6201909235048454
176.795,-0.2,-0.2606190920532856,-0.4202216121581099
176.8,-0.2,-0.26012635188707617,-0.25175801960339467
176.805,-0.2,-0.25956375741156557,0.18852877266736914
176.81,-0.2,-0.2590409956227231,-0.06161734593334123
176.815,-0.2,-0.2585219209046515,-0.06942102892675861
176.82,-0.2,-0.2578670988027212,-0.1730869061475515
176.825,-0.2,-0.25692166189213966,-0.5150640033855964
176.83,-0.2,-0.2556026378436793,-0.4629969670464364
176.835,-0.2,-0.2539497627713701,-0.3121549230173434
176.84,-0.2,-0.2521039004082618,-0.3621049156941885
176.845,-0.2,-0.2502366820273049,0.012461211989272789
176.85,-0.2,-0.24846940950069848,0.10077928713701652
176.855,-0.2,-0.24680016847622574,0.1762093517175255
176.86,-0.2,-0.24508762420021651,-0.24960708957604782
176.865,-0.2,-0.24313063871560459,-0.4392218336083285
176.87,-0.2,-0.24080444547675464,-0.7191945601155343
176.875,-0.2,-0.23815797360832536,-0.38420574895234716
176.88,-0.2,-0.23540706919834686,-0.49627354728714645
176.885,-0.2,-0.232845083073678,-0.0657289696647678
176.89,-0.2,-0.2307282564010387,0.0410393752157038
176.895,-0.2,-0.2291800691641205,-0.004019685055280612
176.9,-0.2,-0.22816815728134368,-0.277453760781894
176.905,-0.2,-0.22758058195451333,-0.5816554486079956
176.91,-0.2,-0.2273431371301343,-0.411214065735811
176.915,-0.2,-0.22748726002528924,-0.6391675205058311
176.92,-0.2,-0.2281427389367048,-0.32889760579287336
176.925,-0.2,-0.2294668885206752,0.21831023595142113
176.93,-0.2,-0.23152241048763353,0.0068036244043449615
176.935,-0.2,-0.23418935502052607,0.04944084630117375
176.94,-0.2,-0.23718669958415264,-0.01738159252582755
176.945,-0.2,-0.24016196322930553,-0.38408979695103773
176.95,-0.2,-0.24280236017121912,-0.5715912320556025
176.955,-0.2,-0.24494229094550501,-0.573868966603126
176.96,-0.2,-0.24659131788792138,0.04575178908038946
176.965,-0.2,-0.24782978535575192,0.22569446617572902
176.97,-0.2,-0.24864869624678226,0.262561167270395
176.975,-0.2,-0.24887421949903493,0.0499567309955745
176.98,-0.2,-0.24822170090714327,-0.10493862966208606
176.985,-0.2,-0.24641754458372173,-0.42150528742190585
176.99,-0.2,-0.2433223606900813,-0.5882879673925377
176.995,-0.2,-0.2390064537253796,-0.3920606658935157
177.0,-0.2,-0.2337345875643882,-0.30195409043432203
177.005,-0.2,-0.2278655174500217,0.034595320441750066
177.01,-0.2,-0.2217237970911916,0.11607347099432981
177.015,-0.2,-0.21550986948625134,-0.04749457507712081
177.02,-0.2,-0.20929775444923748,-0.2050147688535743
177.025,-0.2,-0.20311081724266447,-0.3726771848119794
177.03,-0.2,-0.19700886835823586,-0.3817493816098524
177.035,-0.2,-0.19112684891778464,-0.22535174157639754
177.04,-0.2,-0.18564542726981734,-0.07903992185819528
177.045,-0.2,-0.18071780078476607,0.06307023048435029
177.05,-0.2,-0.1764050648533201,-0.012552620853586882
177.055,-0.2,-0.1726621934040863,-0.07360702240018306
177.06,-0.2,-0.16937737334870956,-0.19347787570618566
177.065,-0.2,-0.16643813896871415,-0.41307680813045566
177.07,-0.2,-0.16380202955814416,-0.5557212606307567
177.075,-0.2,-0.16154556409415044,-0.39510014479463196
177.08,-0.2,-0.15985563287606525,-0.4092045064077213
177.085,-0.2,-0.15895966112231572,0.015465769545697297
177.09,-0.2,-0.15902264851968065,0.1032863790653567
177.095,-0.2,-0.16005916320064403,0.006783789319173485
177.1,-0.2,-0.161926526175935,-0.26765715853985694
177.105,-0.2,-0.1644123255581487,-0.4124720492767839
177.11,-0.2,-0.16733982506899794,-0.2627184663529073
177.115,-0.2,-0.17061258958605965,-0.4014254336218544
177.12,-0.2,-0.1741986873629934,-0.18991754237169714
177.125,-0.2,-0.17808381670265971,0.07756772648825036
177.13,-0.2,-0.18219532535546906,0.2786481692975431
177.135,-0.2,-0.18632949586353723,0.14806205480710297
177.14,-0.2,-0.19015174157629433,-0.0579979597136166
177.145,-0.2,-0.19329274692600731,-0.4752087300706387
177.15,-0.2,-0.1954901110104729,-0.520304278523368
177.155,-0.2,-0.19668494067906775,-0.38103405447476907
177.16,-0.2,-0.19700973228272153,-0.2464117391908564
177.165,-0.2,-0.1966910942124242,-0.03717524844640563
177.17,-0.2,-0.1959396864225232,0.008462072213826055
177.175,-0.2,-0.19487901274479058,0.026095230774066707
177.18,-0.2,-0.1935379875615635,-0.2744092223616547
177.185,-0.2,-0.19191118016058428,-0.4467997698797187
177.19,-0.2,-0.19004685194749307,-0.4094060312267168
177.195,-0.2,-0.1880976273711827,-0.5527633148691816
177.2,-0.2,-0.18631073013611416,-0.2919792541747257
177.205,-0.2,-0.1849617298061356,0.12204469625383504
177.21,-0.2,-0.18424786277801097,-0.11449192253739843
177.215,-0.2,-0.1842187665223892,-0.04734983217620935
177.22,-0.2,-0.1848017603467967,-0.3043471658117495
177.225,-0.2,-0.1858850170225301,-0.5009555743333427
177.23,-0.2,-0.1874040127570007,-0.4592554466960761
177.235,-0.2,-0.18938686154688783,-0.44591534682180045
177.24,-0.2,-0.19193002823937927,-0.133909384750503
177.245,-0.2,-0.19511960423344551,-0.030643458551336135
177.25,-0.2,-0.19894539408398676,0.059831658039499386
177.255,-0.2,-0.20325273744231281,0.1990856540481419
177.26,-0.2,-0.20774835303567094,-0.12193567134514707
177.265,-0.2,-0.21207387063473912,-0.5059107257440645
177.27,-0.2,-0.21594076894559042,-0.5900827147153953
177.275,-0.2,-0.2192460803428897,-0.6093124414942623
177.28,-0.2,-0.22208481455884563,-0.26831441198808803
177.285,-0.2,-0.22465528826502348,-0.027994231035939635
177.29,-0.2,-0.22711785347809982,0.14702035928974805
177.295,-0.2,-0.2294908337764227,0.05503158438963801
177.3,-0.2,-0.23164461225535496,-0.2617192138834483
177.305,-0.2,-0.2333951032218787,-0.48954037065921796
177.31,-0.2,-0.23462990807344503,-0.48007215745051157
177.315,-0.2,-0.23537364367179978,-0.31382834606731946
177.32,-0.2,-0.23575305635808091,-0.10940404456414851
177.325,-0.2,-0.23590402819107006,-0.038250551037508185
177.33,-0.2,-0.2358944787733839,-0.08242651891561206
177.335,-0.2,-0.23570642191112892,-0.11010608004590623
177.34,-0.2,-0.23526786941270383,-0.23296513340389366
177.345,-0.2,-0.23450903559059247,-0.4672491586033678
177.35,-0.2,-0.23342988054250519,-0.5867225337020735
177.355,-0.2,-0.23215391687092396,-0.5615031171929087
177.36,-0.2,-0.23092458802007299,-0.2897997591828298
177.365,-0.2,-0.23002689018652492,-0.09886628805397579
177.37,-0.2,-0.22967555915058174,-0.004417210452074508
177.375,-0.2,-0.22993882881222863,-0.018754218055990077
177.38,-0.2,-0.2307409496822426,-0.36333471196676537
177.385,-0.2,-0.23194261464307842,-0.4788171482338405
177.39,-0.2,-0.23345628614812863,-0.8218477657257883
177.395,-0.2,-0.23532362525202796,-0.32125755742311835
177.4,-0.2,-0.23769565024269848,-0.4223210161512139
177.405,-0.2,-0.2407332990939161,-0.00862716855904817
177.41,-0.2,-0.2444987528233271,0.1060018647154574
177.415,-0.2,-0.24888152159508706,0.12913899480599567
177.42,-0.2,-0.25359638540282536,-0.2706882273387743
177.425,-0.2,-0.2582741548068065,-0.2679472303625707
177.43,-0.2,-0.26259287781227986,-0.6790596315020645
177.435,-0.2,-0.2663727032648395,-0.33095186011694006
177.44,-0.2,-0.2695847646836495,-0.2369922709245744
177.445,-0.2,-0.27227469165688334,-0.08963418134484322
177.45,-0.2,-0.2744635843752313,0.1345522735396881
177.455,-0.2,-0.2760798999579925,0.12088657929947025
177.46,-0.2,-0.27694202057690126,-0.029679437510116563
177.465,-0.2,-0.27681959865684114,-0.6135882457100675
177.47,-0.2,-0.27556521466021,-0.5060864650624823
177.475,-0.2,-0.2732213655847684,-0.5268596332126093
177.48,-0.2,-0.27001758402254233,-0.3380112555824027
177.485,-0.2,-0.26627564272620907,-0.009501372017712152
177.49,-0.2,-0.26228365680756394,0.0789762030381507
177.495,-0.2,-0.2582050827885385,-0.17748164822510754
177.5,-0.2,-0.25407805544892764,-0.07255148853029511
177.505,-0.2,-0.24989154669785477,-0.7231794890758532
177.51,-0.2,-0.24568739237736675,-0.44379027787266245
177.515,-0.2,-0.24162464613479334,-0.46651020140603006
177.52,-0.2,-0.23794946411180337,-0.15597263009069467
177.525,-0.2,-0.23489524407136914,-0.02163272118535442
177.53,-0.2,-0.23258468753936162,0.07040137075555275
177.535,-0.2,-0.2309843705395178,-0.078715849500926
177.54,-0.2,-0.22993550322812878,-0.26496879693005826
177.545,-0.2,-0.2292422773065251,-0.3940454294363294
177.55,-0.2,-0.22876711191205318,-0.5757876482373995
177.555,-0.2,-0.22848961970287568,-0.45659175504700555
177.56,-0.2,-0.22849688641613158,-0.09591735053455225
177.565,-0.2,-0.2288967723436022,-0.03411752568214381
177.57,-0.2,-0.22970869858128146,0.20280328650055873
177.575,-0.2,-0.23080676011590498,-0.05875634077608333
177.58,-0.2,-0.2319499417387918,-0.26857148710507944
177.585,-0.2,-0.23288604397725218,-0.482720757237058
177.59,-0.2,-0.23346908109080364,-0.6340236516368546
177.595,-0.2,-0.23371991497212058,-0.34738004850389315
177.6,-0.2,-0.23379479515427795,-0.2769952075889107
177.605,-0.2,-0.23388298018973974,0.07546289181000528
177.61,-0.2,-0.2340947982022091,0.07689205206673774
177.615,-0.2,-0.23440112901338067,-0.0867806081709295
177.62,-0.2,-0.2346580560507774,-0.17364956259047234
177.625,-0.2,-0.2346912682839239,-0.35818897870793753
177.63,-0.2,-0.23438068686658214,-0.40879533527450035
177.635,-0.2,-0.23371305912526805,-0.5160556394653095
177.64,-0.2,-0.23278798286989702,-0.17620430670179557
177.645,-0.2,-0.23176244269162982,-0.07509196720104622
177.65,-0.2,-0.23075567612381503,0.10224731614208013
177.655,-0.2,-0.22977756521087497,-0.003053988687011136
177.66,-0.2,-0.22872829540804482,-0.21165562437592078
177.665,-0.2,-0.22747321791192507,-0.526830993897405
177.67,-0.2,-0.2259500769670019,-0.47583225351816383
177.675,-0.2,-0.22423285191241646,-0.4528907862739264
177.68,-0.2,-0.22250966255967822,-0.2216581291869093
177.685,-0.2,-0.22099893244187296,-0.08286109566678254
177.69,-0.2,-0.21985141454029594,0.15797667284612935
177.695,-0.2,-0.21907798030902698,0.06965144582515229
177.7,-0.2,-0.21854699477096656,-0.31911903069512804
177.705,-0.2,-0.21807091919678567,-0.3494307328394301
177.71,-0.2,-0.2175216066211694,-0.48679497221671036
177.715,-0.2,-0.2168883386206328,-0.3169563126545488
177.72,-0.2,-0.21626027917010915,-0.3138059165349546
177.725,-0.2,-0.2157638023160397,-0.013644223462023593
177.73,-0.2,-0.21548477893038365,0.023347643624167365
177.735,-0.2,-0.21540995224941678,-0.022891972514929665
177.74,-0.2,-0.21543153160771467,-0.363597103643602
177.745,-0.2,-0.21542050589103756,-0.29874469508551416
177.75,-0.2,-0.21530453073384118,-0.353646150735823
177.755,-0.2,-0.21509711611851795,-0.4811845181192171
177.76,-0.2,-0.21488880403035246,-0.20602078694247797
177.765,-0.2,-0.21480166311675636,0.05423694080900113
177.77,-0.2,-0.21490340346740244,0.05372005420335807
177.775,-0.2,-0.2151457288189208,-0.10867621420143371
177.78,-0.2,-0.21538976304677757,-0.27321589943642455
177.785,-0.2,-0.21549827822860596,-0.5895427716448742
177.79,-0.2,-0.21543460196478098,-0.5532920989030714
177.795,-0.2,-0.21530096347757796,-0.17174392620565948
177.8,-0.2,-0.215279177009968,-0.2782295021178115
177.805,-0.2,-0.21553020554102317,-0.019433806329550628
177.81,-0.2,-0.21612604956468426,0.02018472175485378
177.815,-0.2,-0.2170229913834208,-0.0758770975734557
177.82,-0.2,-0.21807655495653344,-0.08719265407361362
177.825,-0.2,-0.21910040292438518,-0.4367068832712191
177.83,-0.2,-0.21994986604220865,-0.4698070972160419
177.835,-0.2,-0.22059451505690836,-0.5407507271179193
177.84,-0.2,-0.22113511601152822,-0.32001757442976686
177.845,-0.2,-0.2217508518242903,-0.2134089009304458
177.85,-0.2,-0.2226074952767577,0.04489626649534233
177.855,-0.2,-0.22377919375440705,-0.21019150001681552
177.86,-0.2,-0.22523637765349538,-0.2629884994812629
177.865,-0.2,-0.2269022653755092,-0.3841295749755319
177.87,-0.2,-0.2287291140945348,-0.6713665438061335
177.875,-0.2,-0.2307437826997605,-0.07118145017706423
177.88,-0.2,-0.23301801022854896,-0.19946359297089253
177.885,-0.2,-0.23558202362208833,0.013626702354773017
177.89,-0.2,-0.23836081370763115,0.12891833950214332
177.895,-0.2,-0.24115956965573865,-0.03840396847659448
177.9,-0.2,-0.24369447530795815,-0.12296384475004743
177.905,-0.2,-0.2456721546835834,-0.4224003602769885
177.91,-0.2,-0.2468812921785317,-0.27536002327356074
177.915,-0.2,-0.2472477037837335,-0.5974172303839316
177.92,-0.2,-0.24683613897248854,-0.08729987645083104
177.925,-0.2,-0.24579060394114363,-0.0064578608570542845
177.93,-0.2,-0.24423363373667276,-0.004450290678555763
177.935,-0.2,-0.24220563602505324,-0.14494318496139857
177.94,-0.2,-0.23969319072843334,-0.3824865230898383
177.945,-0.2,-0.23671185846889908,-0.559325155161163
177.95,-0.2,-0.2333837079444194,-0.5287469761935958
177.955,-0.2,-0.22995437910614497,-0.30861393676154525
177.96,-0.2,-0.22672889492157777,-0.13680901444788976
177.965,-0.2,-0.22396688353972521,-0.010560929385480727
177.97,-0.2,-0.22179495297636545,0.22565927315983128
177.975,-0.2,-0.22016166094835066,0.11646294181819386
177.98,-0.2,-0.21885552394337657,-0.19797286683990953
177.985,-0.2,-0.21760196153322073,-0.3539232601485842
177.99,-0.2,-0.21619419654656807,-0.574493644203731
177.995,-0.2,-0.21457988581792092,-0.4030331942998667
178.0,-0.2,-0.21285719256863886,-0.1811750266569278
178.005,-0.2,-0.21118853283449562,-0.0712003138552765
178.01,-0.2,-0.20969660790304454,0.0028673023113479357
178.015,-0.2,-0.20840579674396353,0.016909304878677336
178.02,-0.2,-0.2072467606461444,-0.31243209023143137
178.025,-0.2,-0.20612675899139582,-0.5956070030424715
178.03,-0.2,-0.20503154595395506,-0.42541048140829313
178.035,-0.2,-0.20407214124491527,-0.40680794765020845
178.04,-0.2,-0.2034441935808426,-0.34030406546153036
178.045,-0.2,-0.20334954276901968,0.002767789808114876
178.05,-0.2,-0.2039130778108342,0.03009685969587054
178.055,-0.2,-0.20512065141779776,-0.037818704875792
178.06,-0.2,-0.2068240588326359,-0.1791119760529205
178.065,-0.2,-0.20881222793454338,-0.33433209495898425
178.07,-0.2,-0.21089901110878945,-0.4173623594893158
178.075,-0.2,-0.21297874341988898,-0.23900075863541295
178.08,-0.2,-0.2150198480725152,-0.16732558948315307
178.085,-0.2,-0.21700930442223199,-0.015761388170069317
178.09,-0.2,-0.21889294745893756,0.03657636130847312
178.095,-0.2,-0.22054621921276263,-0.05815185823916605
178.1,-0.2,-0.22179549606583096,-0.3044091817682868
178.105,-0.2,-0.22248810490092347,-0.3819341083812371
178.11,-0.2,-0.2225716125340365,-0.5864312869944625
178.115,-0.2,-0.22214020178658567,-0.5296550579309032
178.12,-0.2,-0.2214255730956292,-0.3242516434547382
178.125,-0.2,-0.220723583179301,-0.12590291179586416
178.13,-0.2,-0.22028030249058947,0.1737166717738319
178.135,-0.2,-0.2201975880031805,-0.10276651703277806
178.14,-0.2,-0.2204213043188966,-0.1611439321308787
178.145,-0.2,-0.22081998529424052,-0.46832660637999407
178.15,-0.2,-0.2212950038915213,-0.5520917246614222
178.155,-0.2,-0.22185292934854975,-0.3559459366671557
178.16,-0.2,-0.222595441940845,-0.2060770778242873
178.165,-0.2,-0.22363289056852118,0.1314837273825888
178.17,-0.2,-0.22497922006907545,0.13145533515390645
178.175,-0.2,-0.22649510018413893,0.04340281160608606
178.18,-0.2,-0.22791768013228839,-0.18012391727629123
178.185,-0.2,-0.2289622383694171,-0.46934256787512274
178.19,-0.2,-0.2294397200783659,-0.47577914291567475
178.195,-0.2,-0.22933326174265314,-0.6870535911979958
178.2,-0.2,-0.22880582501749713,-0.3422680968913202
178.205,-0.2,-0.2281298304749375,-0.05158654909314997
178.21,-0.2,-0.22755977190546603,-0.0532457700341141
178.215,-0.2,-0.22722911773386859,-0.011546534778473236
178.22,-0.2,-0.22713779918245872,-0.3019144637354786
178.225,-0.2,-0.22722127220890906,-0.5030557256478747
178.23,-0.2,-0.22745221548785405,-0.592092057173048
178.235,-0.2,-0.22789946595447677,-0.1811457201164483
178.24,-0.2,-0.22869007861263485,-0.22290582313115578
178.245,-0.2,-0.2299208794765532,-0.12362034972082513
178.25,-0.2,-0.23160278139809165,-0.04731154624518191
178.255,-0.2,-0.23364597955701452,0.04631648293451379
178.26,-0.2,-0.2358627854545649,-0.0817413544827936
178.265,-0.2,-0.23800167229178196,-0.25812117910041854
178.27,-0.2,-0.23982356299965696,-0.4800825753252231
178.275,-0.2,-0.2411863408522179,-0.40767681145280327
178.28,-0.2,-0.24207361299268074,-0.11025727569016862
178.285,-0.2,-0.24253871458199802,-0.0952884859472228
178.29,-0.2,-0.24261584130325642,0.07223382560310726
178.295,-0.2,-0.24226809622117618,-0.055713766122184004
178.3,-0.2,-0.24139274419044723,-0.11927340963434516
178.305,-0.2,-0.23987468877407908,-0.42464145867652925
178.31,-0.2,-0.2376607882760943,-0.2990189076024039
178.315,-0.2,-0.23480447950805108,-0.3642547252180216
178.32,-0.2,-0.23145496362442614,-0.28064246378492286
178.325,-0.2,-0.22780716532513026,0.014378462604548198
178.33,-0.2,-0.22402979497245623,0.004893977312919587
178.335,-0.2,-0.220200920135349,0.09057284872112134
178.34,-0.2,-0.21629719768609224,-0.22469695344788795
178.345,-0.2,-0.2122484249376036,-0.25736324733787647
178.35,-0.2,-0.20802247915574337,-0.5348239181635862
178.355,-0.2,-0.20369509065807037,-0.5192377712762987
178.36,-0.2,-0.1994701614555954,-0.34773340569324734
178.365,-0.2,-0.19562681366267523,-0.054463036471303884
178.37,-0.2,-0.19240638823537012,0.15007967520186935
178.375,-0.2,-0.18990827415632253,0.006916795911943583
178.38,-0.2,-0.18807273761432353,-0.25838154567833044
178.385,-0.2,-0.1867654424242773,-0.4505042042013243
178.39,-0.2,-0.18588666572036036,-0.24499721942138614
178.395,-0.2,-0.18541661048625901,-0.41931441831658306
178.4,-0.2,-0.18539628932474483,-0.224887638406709
178.405,-0.2,-0.1858845571102166,-0.06438592164523016
178.41,-0.2,-0.1868992868705153,0.052182053504902515
178.415,-0.2,-0.1883633182381431,0.007030509488540769
178.42,-0.2,-0.19010243144513966,-0.2332627314918643
178.425,-0.2,-0.19191102942585822,-0.41760364091495195
178.43,-0.2,-0.19364294485210748,-0.3614405297399898
178.435,-0.2,-0.19525646892528856,-0.2607820761012769
178.44,-0.2,-0.19678592919743987,-0.1492567785970387
178.445,-0.2,-0.19827340639479285,0.0510823384800164
178.45,-0.2,-0.19969746070222916,0.21885380559346546
178.455,-0.2,-0.20093146255003716,-0.14427219805864788
178.46,-0.2,-0.20177441235149804,-0.17203308265058628
178.465,-0.2,-0.2020448072982674,-0.4539728196787479
178.47,-0.2,-0.2016690100686432,-0.3979008324928316
178.475,-0.2,-0.20071145969103968,-0.2665781645364692
178.48,-0.2,-0.19934035117029833,-0.33713266151885857
178.485,-0.2,-0.19776097848737054,0.004629924049890476
178.49,-0.2,-0.19614157922522457,0.10338386547884684
178.495,-0.2,-0.194545811235607,0.055900279179779154
178.5,-0.2,-0.19291582596190193,-0.0859678693823682
178.505,-0.2,-0.19113029364196832,-0.3621377165392067
178.51,-0.2,-0.18910497880642999,-0.5300497700937147
178.515,-0.2,-0.1868734531572792,-0.30282857545908287
178.52,-0.2,-0.18458320021407282,-0.0864910342925629
178.525,-0.2,-0.18241296917988867,-0.20603119921778792
178.53,-0.2,-0.18049464966707102,0.02970003137399828
178.535,-0.2,-0.17888081916232457,-0.05073883966631923
178.54,-0.2,-0.17754342053212302,-0.1431860516714455
178.545,-0.2,-0.17641372130204205,-0.5126984323159173
178.55,-0.2,-0.17546604159305204,-0.5262008445376479
178.555,-0.2,-0.1747828940861368,-0.3313900353060991
178.56,-0.2,-0.17453028287209682,-0.06226427539809393
178.565,-0.2,-0.17485479091195757,0.060864337014721506
178.57,-0.2,-0.17578765235313212,0.01397321600291282
178.575,-0.2,-0.17722348253846193,-0.11509983387684361
178.58,-0.2,-0.17897479323325877,-0.2797528362460109
178.585,-0.2,-0.18085183392005907,-0.16918615140148546
178.59,-0.2,-0.18271932988783973,-0.5189330018530156
178.595,-0.2,-0.18452813077852712,-0.3425460928566979
178.6,-0.2,-0.18631491403071776,-0.05885075407288361
178.605,-0.2,-0.1881394118022692,0.02066617432250871
178.61,-0.2,-0.18999701282356854,0.030798546047632686
178.615,-0.2,-0.19178351275304634,-0.003904618243793498
178.62,-0.2,-0.19332788593997308,-0.296443182549158
178.625,-0.2,-0.19446611747330803,-0.28926945235219537
178.63,-0.2,-0.19511503160881294,-0.44869336474566734
178.635,-0.2,-0.19530877630241178,-0.4043772302338176
178.64,-0.2,-0.19518768897695418,-0.23096796772435915
178.645,-0.2,-0.19493193472735773,0.20744842702988636
178.65,-0.2,-0.1946549901786586,0.038520850034052395
178.655,-0.2,-0.19433198937146115,0.13260326594831506
178.66,-0.2,-0.19381818496917352,-0.18744913688746087
178.665,-0.2,-0.19293111926912798,-0.21469124113923171
178.67,-0.2,-0.19154269954140726,-0.4465717195379381
178.675,-0.2,-0.18964052583356047,-0.30530840389040015
178.68,-0.2,-0.1873285157779287,-0.13361886085163702
178.685,-0.2,-0.1847608597556134,0.06935763137636283
178.69,-0.2,-0.1820479943690624,0.1459096375708675
178.695,-0.2,-0.17919753082098167,0.006711876508260337
178.7,-0.2,-0.17613288069094266,-0.3022905126547704
178.705,-0.2,-0.1727775525774368,-0.2686139101694371
178.71,-0.2,-0.1691427165269499,-0.5878124227930462
178.715,-0.2,-0.16536981395181247,-0.3428196278637149
178.72,-0.2,-0.16171072813148885,-0.20320917763245344
178.725,-0.2,-0.15844057212484758,0.11809591085087637
178.73,-0.2,-0.1557425722854903,0.15186320571099302
178.735,-0.2,-0.1536389884022317,0.0073130236890691855
178.74,-0.2,-0.15201345831590973,-0.18180325593825647
178.745,-0.2,-0.15070440636872504,-0.360441537775101
178.75,-0.2,-0.14960582479002785,-0.42712958243478416
178.755,-0.2,-0.14872042368081415,-0.3028279490367493
178.76,-0.2,-0.1481428382419571,-0.17615479030247547
178.765,-0.2,-0.14798258902744127,0.22679276789098768
178.77,-0.2,-0.14827135823936258,-0.09734630037707878
178.775,-0.2,-0.14892905233820308,-0.10601760695661466
178.78,-0.2,-0.14981341593047146,-0.1834049371588467
178.785,-0.2,-0.1507900135716873,-0.2726905835360865
178.79,-0.2,-0.15178197265704432,-0.528107546276046
178.795,-0.2,-0.15280689847687368,-0.31496783856654387
178.8,-0.2,-0.15396716132724955,0.030001676191981713
178.805,-0.2,-0.15536369296767258,0.062042321471073004
178.81,-0.2,-0.15699656759192002,0.17370415246643203
178.815,-0.2,-0.15873317958491473,-0.03681281289204448
178.82,-0.2,-0.16035333944051575,-0.1280012513015778
178.825,-0.2,-0.1616350649335292,-0.31915839187778305
178.83,-0.2,-0.1624358415824748,-0.33319785481276926
178.835,-0.2,-0.1627313732296615,-0.24885682942838655
178.84,-0.2,-0.16259947276409087,-0.2338351963116315
178.845,-0.2,-0.1621652965680098,0.045917288397777686
178.85,-0.2,-0.16152781452462195,0.17859614105786406
178.855,-0.2,-0.16069189687437194,0.13649854445160498
178.86,-0.2,-0.15955608641836894,-0.1659126886858901
178.865,-0.2,-0.1579843443038925,-0.3597515320147263
178.87,-0.2,-0.15591290017206633,-0.3646450208942282
178.875,-0.2,-0.15341738525710305,-0.5683806352315894
178.88,-0.2,-0.1507074258466026,0.011438270661972005
178.885,-0.2,-0.14804185608029782,0.057524824786897036
178.89,-0.2,-0.1456020126643573,0.23245188080858906
178.895,-0.2,-0.14341252025355952,0.11794834256341616
178.9,-0.2,-0.141356385110131,-0.10908818669809227
178.905,-0.2,-0.1392599471667841,-0.20847425399517897
178.91,-0.2,-0.13699244212102818,-0.3366225827298279
178.915,-0.2,-0.13453071058447333,-0.38824403264756197
178.92,-0.2,-0.13196517349565917,-0.0043089208052502215
178.925,-0.2,-0.12943929491492592,-0.02683115637948165
178.93,-0.2,-0.12706122322178404,0.08266077640842957
178.935,-0.2,-0.12485080060236771,0.14916754891345074
178.94,-0.2,-0.12273705713864252,-0.08259468135801216
178.945,-0.2,-0.12060174586914717,-0.22670472420178672
178.95,-0.2,-0.11835705076903909,-0.3272343163290695
178.955,-0.2,-0.11601289260606512,-0.4368516750831553
178.96,-0.2,-0.11369498313242095,-0.17757388637522595
178.965,-0.2,-0.11159542080743433,0.09069740048426769
178.97,-0.2,-0.10987258485994048,0.06883337869458295
178.975,-0.2,-0.10857754236205111,-0.05719410256251538
178.98,-0.2,-0.10766309063047749,-0.07838415861609542
178.985,-0.2,-0.10704614142262685,-0.3373798449665093
178.99,-0.2,-0.10667885166080388,-0.4297190328981385
178.995,-0.2,-0.10660614250904117,-0.47399448286078705
179.0,-0.2,-0.10697193955567719,-0.05194184176478613
179.005,-0.2,-0.10794636842220864,0.0017208144942216647
179.01,-0.2,-0.10961976580482301,0.11301649096192917
179.015,-0.2,-0.1119418749981903,0.11991465826580658
179.02,-0.2,-0.114725977531992,0.07768208445872396
179.025,-0.2,-0.11770183803866291,-0.2878636541919895
179.03,-0.2,-0.12061237143275037,-0.4380554161656235
179.035,-0.2,-0.1233084747903648,-0.1550412163460269
179.04,-0.2,-0.1257605777120343,-0.09559684472239348
179.045,-0.2,-0.12798374649851557,0.12609445758945667
179.05,-0.2,-0.12994868311345703,0.25855694987574895
179.055,-0.2,-0.13153517618584865,-0.05959672825152694
