t,reference,measured,noisy
158.735,0.2,6.630630597843362e-06,0.21225504969138378
158.74,0.2,5.4511417053352153e-05,0.13402152455537297
158.745,0.2,0.0002133268601353718,-0.21505721660284827
158.75,0.2,0.0005353889798431295,-0.3235091131074681
158.755,0.2,0.0009778603209931308,-0.21698212889605856
158.76,0.2,0.0013876176251738045,-0.0807534675335559
158.765,0.2,0.0015662723186879678,0.08962645171366405
158.77,0.2,0.0013702086632194628,0.5196416546342423
158.775,0.2,0.000801669253306625,0.23708030234055383
158.78,0.2,2.35861139455615e-05,-0.07971945278529254
158.785,0.2,-0.0007373767204171555,-0.10374169209854714
158.79,0.2,-0.0013168603769974406,-0.29015758940999586
158.795,0.2,-0.0016764902512135837,-0.18326045715315517
158.8,0.2,-0.001890564871928177,0.11653810232765771
158.805,0.2,-0.002071549098877727,0.09361162261969108
158.81,0.2,-0.002283137956819068,0.2880056413556094
158.815,0.2,-0.0024954481192646302,0.15886445114875813
158.82,0.2,-0.0025943912711089982,0.06897459126112193
158.825,0.2,-0.0024440553786972356,-0.3757887385374722
158.83,0.2,-0.0019883068521013222,-0.40488349402914886
158.835,0.2,-0.0013214603898384423,-0.05377335837997932
158.84,0.2,-0.0006506902097028887,0.032791242679428775
158.845,0.2,-0.0001798747340488922,0.22260535038801807
158.85,0.2,-8.26601758320777e-06,0.3814326332575031
158.855,0.2,-8.371698438944106e-05,0.25738764250050244
158.86,0.2,-0.00022478289187371293,-0.0739102760214944
158.865,0.2,-0.0002152262817571964,-0.10122377521161095
158.87,0.2,8.652193948214324e-05,-0.30795713933532415
158.875,0.2,0.0006917895419427454,-0.08011358908980452
158.88,0.2,0.001504878522452181,0.13666191135267852
158.885,0.2,0.0024102953823934062,0.26039149549110246
158.89,0.2,0.003366768466763337,0.35355347637702184
158.895,0.2,0.004450021705842117,0.2556921715136292
158.9,0.2,0.0058254859710373166,-0.02849746163327624
158.905,0.2,0.007661787327843891,-0.16353500736940937
158.91,0.2,0.0100356644830747,-0.1340430253013713
158.915,0.2,0.01289569807272735,-0.027676049345890186
158.92,0.2,0.016099002394644287,0.046453821115529315
158.925,0.2,0.019480406137183992,0.19640732655674448
158.93,0.2,0.02292393643762771,0.49974067672595524
158.935,0.2,0.026423155480560342,0.27535376970315967
158.94,0.2,0.03009029277214638,0.2093969997911142
158.945,0.2,0.034088857824538,-0.08674218971098435
158.95,0.2,0.03853019852748444,-0.18353120981919213
158.955,0.2,0.04339533402358066,-0.18305021857052298
158.96,0.2,0.04852536913391489,0.07765943680044146
158.965,0.2,0.053696807539298556,0.43447577962881007
158.97,0.2,0.05874981037748105,0.5748516053475408
158.975,0.2,0.06368760663787458,0.4168987615407172
158.98,0.2,0.06866794913056362,0.061027159794341736
158.985,0.2,0.073884027065661,-0.21286957273984958
158.99,0.2,0.07941918870590159,-0.21471739416029437
158.995,0.2,0.0851700680595427,-0.2866438966920738
159.0,0.2,0.09086369479299528,-0.07200111061549021
159.005,0.2,0.09614300439250228,0.1989768813251804
159.01,0.2,0.10069389128843155,0.5150650605788155
159.015,0.2,0.10435944406064494,0.19606050705278302
159.02,0.2,0.10715733307137433,0.040586992618034445
159.025,0.2,0.1091870240119973,-0.18080841195502287
159.03,0.2,0.11051306945726995,-0.2084700881075084
159.035,0.2,0.11110778488292221,-0.060347915122432115
159.04,0.2,0.11087335486958518,0.036204907501503944
159.045,0.2,0.1097146905707455,0.25484306049473765
159.05,0.2,0.10761856632691996,0.351785456286531
159.055,0.2,0.10470309719607533,0.28972985344342167
159.06,0.2,0.10121037774796138,0.16089551695103974
159.065,0.2,0.09743406251260217,-0.235067986464459
159.07,0.2,0.09361278061357477,-0.10305721116654151
159.075,0.2,0.08985746356269993,-0.17384588577790278
159.08,0.2,0.08616148372281056,0.16406864793756495
159.085,0.2,0.08248416490940909,0.4520698553103301
159.09,0.2,0.07885795357345868,0.34832447725514143
159.095,0.2,0.07544720817431129,0.44738990294492376
159.1,0.2,0.07252298791489364,0.14072080720270191
159.105,0.2,0.0703745977916056,-0.14206262947305554
159.11,0.2,0.0691952024484237,-0.16719155491840773
159.115,0.2,0.06900702529105701,-0.04914190103450437
159.12,0.2,0.06967430060346856,-0.07152732779080523
159.125,0.2,0.07097784511459863,0.3176619973830416
159.13,0.2,0.07271230884678793,0.3851795176913711
159.135,0.2,0.07476939250816532,0.27276759369726444
159.14,0.2,0.07715416670898274,0.24044709919943136
159.145,0.2,0.0799291220286635,-0.05261129404565833
159.15,0.2,0.08313322019710363,-0.004403203624776919
159.155,0.2,0.08672440241010695,-0.05195895817512888
159.16,0.2,0.0905790311534442,0.2282945775726746
159.165,0.2,0.09454954927178934,0.32881800107396214
159.17,0.2,0.09854181196506197,0.39021265178629483
159.175,0.2,0.10255906131286853,0.3253783796749739
159.18,0.2,0.10668771189165976,0.20679453479938253
159.185,0.2,0.11103623633460386,-0.061484014976979195
159.19,0.2,0.1156540543640714,-0.08734942759037798
159.195,0.2,0.12047709548424769,0.029215962846394536
159.2,0.2,0.12533933347023885,0.0499334849053686
159.205,0.2,0.13003784201017063,0.364318594450713
159.21,0.2,0.1344231526662979,0.6487008664227936
159.215,0.2,0.13848444362750595,0.41018371240871065
159.22,0.2,0.142360205353001,0.17835586843350826
159.225,0.2,0.14624649855598157,0.06254468728030446
159.23,0.2,0.15027456840546632,-0.2376205841625419
159.235,0.2,0.15443080764645747,-0.06470642703335229
159.24,0.2,0.15855985110219847,0.3463590801602864
159.245,0.2,0.16246679257538066,0.460077975540953
159.25,0.2,0.166046089942303,0.44884257447448117
159.255,0.2,0.16932851526864767,0.2171884087720715
159.26,0.2,0.1724242337242794,0.036064334672029796
159.265,0.2,0.17541777060001706,-0.1920076734421444
159.27,0.2,0.1782857709731464,0.03387507882162613
159.275,0.2,0.1808849059862189,-0.12999194522839932
159.28,0.2,0.1829966822663429,0.0801231140828198
159.285,0.2,0.18439674501727166,0.4127066238664749
159.29,0.2,0.18494820819741958,0.5537275476109527
159.295,0.2,0.18468101836847398,0.31391807608242417
159.3,0.2,0.18378611757955648,0.35308994489718476
159.305,0.2,0.18252850087080366,-0.08165526815269149
159.31,0.2,0.1811353653053547,-0.10059812529844642
159.315,0.2,0.17971121650842273,-0.04206368331125454
159.32,0.2,0.17823061145604424,0.16827127062815844
159.325,0.2,0.1766134807419394,0.40488201184535916
159.33,0.2,0.1748256068400429,0.3818900694282437
159.335,0.2,0.1729335341386827,0.2642842126485154
159.34,0.2,0.17108479800111573,0.2520865511993535
159.345,0.2,0.16944874020281636,0.12910249482110767
159.35,0.2,0.16816473676772115,0.14473502599556934
159.355,0.2,0.16730437188459193,-0.1903639428166126
159.36,0.2,0.1668406842926008,0.08548863060794323
159.365,0.2,0.16665719921518124,0.31471388601690553
159.37,0.2,0.16662853664542732,0.506947113280128
159.375,0.2,0.16672029898158514,0.4732100408014236
159.38,0.2,0.16701933617497233,0.17228193222270938
159.385,0.2,0.1676666312717248,-0.023029633871249462
159.39,0.2,0.16874676135026814,-0.05749617234434018
159.395,0.2,0.1702223779391889,0.08509754258022093
159.4,0.2,0.1719528410971145,0.12957471458007025
159.405,0.2,0.17376953494243885,0.5247394536183092
159.41,0.2,0.1755664736841426,0.4397975589526906
159.415,0.2,0.17735840164724276,0.4269147478740387
159.42,0.2,0.17926324517913989,0.16168560269780718
159.425,0.2,0.18142069426646779,0.05522438725933983
159.43,0.2,0.1839024045087031,-0.04272064804300077
159.435,0.2,0.18665868423584048,-0.10920882411142381
159.44,0.2,0.18952038634039486,0.19629609751320864
159.445,0.2,0.1922648886278101,0.41520894705468425
159.45,0.2,0.1947250929999451,0.5343593015750334
159.455,0.2,0.19686942463125293,0.36941335278963894
159.46,0.2,0.1987858755127759,-0.025912146392649188
159.465,0.2,0.20057308120266634,-0.19059215331129695
159.47,0.2,0.20221732375747425,-0.24026348082651353
159.475,0.2,0.2035473875732044,-0.002296139216134781
159.48,0.2,0.2042881025176193,-0.00039165031382004667
159.485,0.2,0.20416417963147473,0.4224274115253891
159.49,0.2,0.20300614061569894,0.41675129908308123
159.495,0.2,0.20081817951005437,0.34153302166504973
159.5,0.2,0.19776289293939153,0.08458651620472953
159.505,0.2,0.19407349203037005,0.1349414605740589
159.51,0.2,0.1899621992715401,-0.1210612014625448
159.515,0.2,0.18556243877232448,-0.10281492200585476
159.52,0.2,0.18090864092480102,0.05435375210408927
159.525,0.2,0.17597484354824036,0.3913805640945788
159.53,0.2,0.17076784120761276,0.41078783265609964
159.535,0.2,0.16540588048222604,0.39919921128875696
159.54,0.2,0.16011874366078802,0.15028539209632055
159.545,0.2,0.15516956758098774,-0.0866318836280543
159.55,0.2,0.15075431252835667,0.07566335355666853
159.555,0.2,0.14695238680212985,0.020236783243018273
159.56,0.2,0.1437497858823893,0.205612303999532
159.565,0.2,0.14109882860191406,0.3581836841932552
159.57,0.2,0.13898466007504412,0.45672325235151423
159.575,0.2,0.13747781004535334,0.5669036001744361
159.58,0.2,0.1367422225083368,0.1916034598488043
159.585,0.2,0.13697367047057443,0.04304084069168
159.59,0.2,0.13829136387322757,-0.12426825059189121
159.595,0.2,0.14065240714218363,-0.19668347914595352
159.6,0.2,0.14383865263442716,0.10583208129779574
159.605,0.2,0.14752710400404878,0.31444699005240434
159.61,0.2,0.15141832709119324,0.6139374874078882
159.615,0.2,0.15535359695791495,0.5208798549469562
159.62,0.2,0.1593438937791476,0.14908737349915552
159.625,0.2,0.16348708843340223,0.06813887479023893
159.63,0.2,0.1678419580304089,-0.09213225660796846
159.635,0.2,0.1723520287582137,3.569060589038442e-05
159.64,0.2,0.1768526774788022,0.26607689771212295
159.645,0.2,0.18114813844149177,0.3965974055123124
159.65,0.2,0.18510810712458867,0.43663538958159376
159.655,0.2,0.18871984844924455,0.41981208880938187
159.66,0.2,0.1920750504718865,0.2505731911561148
159.665,0.2,0.1953036906825021,-0.0724064014682268
159.67,0.2,0.198480691226279,-0.02241442247917992
159.675,0.2,0.20156317425589126,0.0006127752418315889
159.68,0.2,0.20440041618129937,0.054131591036887444
159.685,0.2,0.20680714596923752,0.6785599669255833
159.69,0.2,0.20867554350974019,0.4758335094336958
159.695,0.2,0.21005665375338925,0.41598010118245227
159.7,0.2,0.21112895649914434,0.03478630709369529
159.705,0.2,0.21207884645929148,-0.034809414855692646
159.71,0.2,0.2129912816423304,-0.06987583965940328
159.715,0.2,0.21381494999706865,0.04525342437338082
159.72,0.2,0.21440622322564235,0.2760093159941654
159.725,0.2,0.2146223341092392,0.5116337643690897
159.73,0.2,0.21442106403632988,0.572410202196067
159.735,0.2,0.21390844308443627,0.29378582998095937
159.74,0.2,0.21329460855657462,0.1912000248591951
159.745,0.2,0.2127926396477501,0.08119039665557429
159.75,0.2,0.21253233094401738,-0.07491205040861709
159.755,0.2,0.2125162300219092,-0.08106133127004066
159.76,0.2,0.212620535495906,0.14485063630141526
159.765,0.2,0.21265761595128488,0.42505547638798047
159.77,0.2,0.21248701844928833,0.5879536615369731
159.775,0.2,0.21211418567866125,0.6799125082643267
159.78,0.2,0.2117097546499671,0.13445060173354484
159.785,0.2,0.2115177468749325,0.01640120483982054
159.79,0.2,0.21170619430866094,-0.20185489576875715
159.795,0.2,0.21226725699016863,-0.10024231474008884
159.8,0.2,0.21302273116757475,0.1852956029125148
159.805,0.2,0.21372082891469926,0.3747321328559442
159.81,0.2,0.21416914908799467,0.651463595191329
159.815,0.2,0.21433174431098095,0.4566447921266527
159.82,0.2,0.21433108124748407,0.1392437254388677
159.825,0.2,0.2143499616293654,0.0646242425836018
159.83,0.2,0.2145189054772372,0.2013247588403308
159.835,0.2,0.21487531397562484,0.007077464921824685
159.84,0.2,0.2153760867298538,0.10941522263350302
159.845,0.2,0.21592341887521155,0.3051536602287046
159.85,0.2,0.2164237175929621,0.6612730917591567
159.855,0.2,0.21687274900800227,0.4199464014275856
159.86,0.2,0.2173857744215354,0.27748198607625196
159.865,0.2,0.21813022535005255,0.07290792505736748
159.87,0.2,0.2192206043627543,-0.02845012035873383
159.875,0.2,0.22064357719885996,-0.2112872687262306
159.88,0.2,0.22224002880205854,0.21357955407058576
159.885,0.2,0.2237668045628585,0.3628318665586195
159.89,0.2,0.2250146114660113,0.41818288474658943
159.895,0.2,0.22589433725647165,0.42809046215157504
159.9,0.2,0.22644108301915034,0.19684793889171506
159.905,0.2,0.22674888668209697,-0.059280605275222324
159.91,0.2,0.2268712747929864,-0.14909586860696228
159.915,0.2,0.22675393666217877,0.13680838057913886
159.92,0.2,0.22625157314550445,-0.0107878627191631
159.925,0.2,0.22519656248204103,0.2897288091998837
159.93,0.2,0.22347155741111102,0.49906448361043315
159.935,0.2,0.2210720924445317,0.2706416926698534
159.94,0.2,0.21811021284725,-0.008315390771345132
159.945,0.2,0.21472857478572957,-0.10744020087752505
159.95,0.2,0.21100095121796003,-0.049718768790352225
159.955,0.2,0.206904259342706,0.02732629133288638
159.96,0.2,0.20236303917882612,0.2215733701314716
159.965,0.2,0.1973277647497416,0.45179362948272495
159.97,0.2,0.1918465159978836,0.266692673093178
159.975,0.2,0.18608907173899727,0.49689241412281815
159.98,0.2,0.1803164411878272,0.1011441274182882
159.985,0.2,0.17481303806922652,0.0728338848616242
159.99,0.2,0.16979879661102906,-0.16519132624431082
159.995,0.2,0.16535900899124784,-0.1326465514348311
160.0,0.2,0.16143240470193604,0.09004578973204586
160.005,0.2,0.15787093787398104,0.25507863495298133
160.01,0.2,0.1545470754969076,0.5912070025242497
160.015,0.2,0.15144693208658977,0.27667927565604156
160.02,0.2,0.1486781088793066,0.08946882420362899
160.025,0.2,0.14638266739731398,0.0028570005044109593
160.03,0.2,0.14463449861345426,-0.14212090986144954
160.035,0.2,0.1433926753073182,0.054530765473353573
160.04,0.2,0.14252455542661935,0.19381551517732318
160.045,0.2,0.14188379028250067,0.4345544248928591
160.05,0.2,0.14140212164092303,0.5270324772029253
160.055,0.2,0.14113944830536945,0.29401712717376216
160.06,0.2,0.14125680520572878,0.26154209034169074
160.065,0.2,0.14193668047500238,0.15083647925363808
160.07,0.2,0.14330088752177433,-0.23862167626756436
160.075,0.2,0.1453441529753494,0.011928794620157106
160.08,0.2,0.14791989025816835,0.18665437644209823
160.085,0.2,0.1508198847052731,0.548620121069461
160.09,0.2,0.15389965721184073,0.4821451358500119
160.095,0.2,0.15715114769775013,0.43466344927679346
160.1,0.2,0.16068516520330292,0.38879577790262754
160.105,0.2,0.16465659660104476,0.0067806033259626836
160.11,0.2,0.1691629384979831,-0.2112826776647806
160.115,0.2,0.17414961839506057,-0.057447933519970275
160.12,0.2,0.17939312262700624,0.11516046612677822
160.125,0.2,0.18458504894374983,0.30725533262196764
160.13,0.2,0.18945229325306892,0.4662516695369058
160.135,0.2,0.1938398810506585,0.29450377094398117
160.14,0.2,0.1977157634497009,0.14248835931886225
160.145,0.2,0.20110294082642594,-0.026179152567468014
160.15,0.2,0.2039950091637155,-0.0410050182236851
160.155,0.2,0.20631013446778562,-0.0710626801383296
160.16,0.2,0.20789457528688715,-0.013325238065087674
160.165,0.2,0.2085689473532918,0.392497833234479
160.17,0.2,0.20821791925951855,0.5629771595885155
160.175,0.2,0.20688727315107822,0.5417598245736959
160.18,0.2,0.2048069880478918,0.22906154399783407
160.185,0.2,0.20230744569404596,0.08203464989766607
160.19,0.2,0.1996911971152219,-0.018541648397463667
160.195,0.2,0.19714202028492658,-0.11513896109939811
160.2,0.2,0.19470708595397282,0.28158258200981007
160.205,0.2,0.19235788570605697,0.38802826558449477
160.21,0.2,0.19009295723842742,0.46537896001650614
160.215,0.2,0.18800182832903406,0.34745700446346467
160.22,0.2,0.18624796222030116,0.16429790317173915
160.225,0.2,0.18499501528926346,0.021746301647152542
160.23,0.2,0.18431768935353782,-0.3209967029295199
160.235,0.2,0.18414117214222317,0.14589503395555115
160.24,0.2,0.1842619252421515,0.10729753642866438
160.245,0.2,0.184446086614213,0.3879895257897974
160.25,0.2,0.18452831287786792,0.34126541891305484
160.255,0.2,0.1844589883517408,0.4138203591824489
160.26,0.2,0.18429817845745797,0.23248131122205146
160.265,0.2,0.18416531941616887,0.10092562960199668
160.27,0.2,0.18415807143830584,-0.2321811437501795
160.275,0.2,0.18427511823174225,0.07056389009996789
160.28,0.2,0.18440278767644494,0.09995232567797471
160.285,0.2,0.18438534262337836,0.4362254186775643
160.29,0.2,0.18412670920955113,0.47916365505563957
160.295,0.2,0.18365697883216192,0.37772004047412877
160.3,0.2,0.18312053512042029,0.13469858174559102
160.305,0.2,0.18268754649708677,-0.11780375334800748
160.31,0.2,0.18244862443231155,-0.007945417669369778
160.315,0.2,0.1823610334171901,-0.20584409132160394
160.32,0.2,0.18226587226212526,0.23863253225379055
160.325,0.2,0.18196285988051736,0.26810733662382846
160.33,0.2,0.18130594436441877,0.30594192786183005
160.335,0.2,0.18025714888887595,0.30377033006539395
160.34,0.2,0.1788805659627468,0.30308123174801027
160.345,0.2,0.17730709792826502,0.1398889772600048
160.35,0.2,0.1756754601465412,-0.2022492978378824
160.355,0.2,0.1740525249728168,-0.06731533091556088
160.36,0.2,0.17239116501943222,0.09004432204709009
160.365,0.2,0.17057937508005205,0.3912336889565185
160.37,0.2,0.16854684559272196,0.4568909321076688
160.375,0.2,0.16634158316371045,0.29139563210810165
160.38,0.2,0.1641198770618178,0.17391687599171057
160.385,0.2,0.16206511183003378,-0.07239357892148773
160.39,0.2,0.16029278755332765,-0.14384365949509104
160.395,0.2,0.15879353344336322,-0.018887361674420386
160.4,0.2,0.15744960257618565,0.21837046212978978
160.405,0.2,0.15612421414674996,0.5149181498165862
160.41,0.2,0.15476719683323156,0.3521692556922249
160.415,0.2,0.15345942078692976,0.3725469679234686
160.42,0.2,0.15237182349508063,0.10563350140981795
160.425,0.2,0.15167892603170102,0.0017307259653225188
160.43,0.2,0.15147863057744895,0.02178691232280433
160.435,0.2,0.15175856136247767,0.03166324812135551
160.44,0.2,0.1524213542059998,0.27288840472669934
160.445,0.2,0.15335375704377985,0.47124813119725234
160.45,0.2,0.1545115641466283,0.5650095679898728
160.455,0.2,0.1559729820444196,0.4610166137273312
160.46,0.2,0.15791524867545964,0.11366796690691866
160.465,0.2,0.16051620152776921,-0.009245799818218145
160.47,0.2,0.16384067334517063,-0.16549055705617535
160.475,0.2,0.16778318683433044,0.005561351633093056
160.48,0.2,0.17209762998355574,0.20851612549917709
160.485,0.2,0.1764959273547698,0.4097279450950692
160.49,0.2,0.1807661098176172,0.6781665543785785
160.495,0.2,0.1848508366904476,0.34429479103314165
160.5,0.2,0.18883351051755196,0.18470372848095104
160.505,0.2,0.19283807067788555,0.07358942829490177
160.51,0.2,0.19692377231009134,-0.060994139731068944
160.515,0.2,0.2010365152737419,0.06933984113699712
160.52,0.2,0.2050207378414122,0.07749215549416556
160.525,0.2,0.2086769512516331,0.36765803887407156
160.53,0.2,0.21183742976071962,0.2820760838848719
160.535,0.2,0.21442280576641715,0.45273282646115953
160.54,0.2,0.21644888898485348,0.018951203286463714
160.545,0.2,0.21797049226559123,-0.0634967043627575
160.55,0.2,0.2189903974091145,-0.2090075381597879
160.555,0.2,0.21940412116008418,-0.0003330333272878131
160.56,0.2,0.2190267529243645,0.14157029210514277
160.565,0.2,0.21768251777533246,0.39768410648706976
160.57,0.2,0.21530748606039507,0.590557783377393
160.575,0.2,0.21201517749792423,0.38440320122131905
160.58,0.2,0.20807920394438045,0.19849981509511597
160.585,0.2,0.2038334140383276,0.02740090359874916
160.59,0.2,0.19956013886714566,0.08051700765436859
160.595,0.2,0.19543411336712366,0.005552638157181131
160.6,0.2,0.19152597821644998,0.14262128433025445
160.605,0.2,0.18784244419530755,0.3043636628909636
160.61,0.2,0.184393227057051,0.5458414165778992
160.615,0.2,0.18126708693600438,0.626214413673682
160.62,0.2,0.1786660106808541,0.23398253793907903
160.625,0.2,0.17684039749711733,-0.15074813341097154
160.63,0.2,0.17595371960582312,0.05366378999864016
160.635,0.2,0.17599550975715403,-0.1299251218437679
160.64,0.2,0.17680064606557622,0.26074270919836984
160.645,0.2,0.17814095625329063,0.4906943256613941
160.65,0.2,0.17984038464062574,0.4437404163473815
160.655,0.2,0.1818458522793511,0.453924145595228
160.66,0.2,0.1842183595091012,0.42430235370406766
160.665,0.2,0.18707462529671529,0.05844372154492351
160.67,0.2,0.19049632652489332,-0.1892370456816394
160.675,0.2,0.19443485821640535,0.043963107477514314
160.68,0.2,0.1986907164307333,0.11584009850277072
160.685,0.2,0.20299081945351502,0.36537268626929253
160.69,0.2,0.20709704895963008,0.4435065034479184
160.695,0.2,0.21087921535062457,0.34795384501260324
160.7,0.2,0.21431989481837535,0.21929215594972123
160.705,0.2,0.2174539132841643,-0.04198743187171035
160.71,0.2,0.22028048677252954,-0.12364547123528011
160.715,0.2,0.22270615442766822,0.13678412575497884
160.72,0.2,0.22456669378880967,0.20491275326421945
160.725,0.2,0.22571398477652413,0.5221297879098323
160.73,0.2,0.2261060808623267,0.47364325805239604
160.735,0.2,0.22585112871121296,0.5131197017222027
160.74,0.2,0.22518543865745638,0.2856231976977719
160.745,0.2,0.22439402692374988,0.052852886396383775
160.75,0.2,0.22371246973081932,0.1719343186969958
160.755,0.2,0.2232638789382493,-0.0815547460642573
160.76,0.2,0.22304993166131443,0.1831870896855723
160.765,0.2,0.2229864128322066,0.28802621585628096
160.77,0.2,0.22297596476000442,0.4387037376237688
160.775,0.2,0.22297880129435274,0.33392783782452706
160.78,0.2,0.22302995096483677,0.258498518119159
160.785,0.2,0.22319350679482078,-0.09039972338358368
160.79,0.2,0.22348418831792033,-0.007180463693725811
160.795,0.2,0.22381478099674132,0.011679890896209619
160.8,0.2,0.22401855600157464,0.3598617596089155
160.805,0.2,0.2239405928002237,0.5603879794652125
160.81,0.2,0.2235361356935743,0.3926135087878842
160.815,0.2,0.22290423411310517,0.5331692840643941
160.82,0.2,0.22224450440136295,0.13363090789064158
160.825,0.2,0.2217665506757402,-0.05796042906365613
160.83,0.2,0.2215834698186131,-0.11639705211787428
160.835,0.2,0.22165374523800133,0.12929615600165015
160.84,0.2,0.2218135905450797,0.008532749341847862
160.845,0.2,0.22185849449663608,0.41837368939218833
160.85,0.2,0.22163763601063655,0.70891436858564
160.855,0.2,0.2211402867715623,0.286515998202508
160.86,0.2,0.22050395645456905,0.3869590529137342
160.865,0.2,0.21992205535649167,-0.16799870377651152
160.87,0.2,0.2195194524113049,-0.12571511821449838
160.875,0.2,0.219269059875152,-0.05604698582050251
160.88,0.2,0.21899880100435612,0.0924282464156634
160.885,0.2,0.2184835697964214,0.478815216924749
160.89,0.2,0.21756925257607324,0.5818720446616534
160.895,0.2,0.21625534277035752,0.1633718835058161
160.9,0.2,0.21466448536091995,0.08529510508823224
160.905,0.2,0.21292994670359475,-0.0032318187995183318
160.91,0.2,0.2111072691679244,-0.1096084090219569
160.915,0.2,0.2091494386999534,0.008870074262045089
160.92,0.2,0.20693069990113738,0.09857284831929806
160.925,0.2,0.20431315851451862,0.463329085560899
160.93,0.2,0.20124192763215826,0.5850968242152096
160.935,0.2,0.19781816406665456,0.38906774840346525
160.94,0.2,0.1942883898456322,0.3029652089099724
160.945,0.2,0.19094711117459667,-0.1476069894582431
160.95,0.2,0.18801226513342653,-0.029657058984521784
160.955,0.2,0.18555260209750116,0.09966470976990843
160.96,0.2,0.18351210981050325,0.15783517448075285
160.965,0.2,0.18179169241205803,0.3522515735839337
160.97,0.2,0.1803271986866194,0.4695947529853238
160.975,0.2,0.17914391003057153,0.4999290562016869
160.98,0.2,0.17836878147027013,0.2991485122870192
160.985,0.2,0.1781768759951653,-0.00787155287515083
160.99,0.2,0.17869280215948954,0.05672136720380733
160.995,0.2,0.1799179467658206,-0.01625476038558607
161.0,0.2,0.1817290684140124,0.14220420242622012
161.005,0.2,0.18393596927229147,0.41550098332528856
161.01,0.2,0.18637499049090617,0.6079742853067002
161.015,0.2,0.18899013977302045,0.2772750081267517
161.02,0.2,0.19183083316414848,0.25208864271365244
161.025,0.2,0.19496900190122732,-0.01804749081221902
161.03,0.2,0.19840835671147156,-0.04365757938047388
161.035,0.2,0.20203194957266735,-0.16556688967499222
161.04,0.2,0.2056039831531811,0.19849094871804568
161.045,0.2,0.20883941168609055,0.34603317318189547
161.05,0.2,0.2115130061357486,0.4196468827085502
161.055,0.2,0.21352875584805128,0.20656609329945216
161.06,0.2,0.21490639256515126,0.29386708868340095
161.065,0.2,0.21571971876966234,-0.04067356344200934
161.07,0.2,0.21602826213986948,-0.026488768726452214
161.075,0.2,0.21582913378019278,0.09557552345590906
161.08,0.2,0.21506098977953156,0.09064709139184912
161.085,0.2,0.21365571517514395,0.3977366822822244
161.09,0.2,0.21160466236639003,0.4206316881276851
161.095,0.2,0.20900620030031553,0.33577114460482577
161.1,0.2,0.2060570207398594,0.21694487039664803
161.105,0.2,0.2029828076442476,-0.08156907994604015
161.11,0.2,0.19994830153568957,-0.035175408390061294
161.115,0.2,0.19700090471085555,-0.02816717636223562
161.12,0.2,0.19408259282417437,0.16702811341957996
161.125,0.2,0.19109879828078802,0.36476994695026266
161.13,0.2,0.18800533054322788,0.4556338371668038
161.135,0.2,0.1848705632819763,0.4832786465334618
161.14,0.2,0.181874744201595,0.11529847496681381
161.145,0.2,0.17923153474525805,-0.0829479625912448
161.15,0.2,0.1770739963272555,-0.08264675085053398
161.155,0.2,0.17538582118877077,-0.1574673075338389
161.16,0.2,0.17401477821130013,0.17630817417744835
161.165,0.2,0.17274964678092478,0.22423218207645926
161.17,0.2,0.17142245089394734,0.5320079993424629
161.175,0.2,0.16998759136404373,0.3665761607635938
161.18,0.2,0.16852990665248024,0.08966895678024989
161.185,0.2,0.16718643882520512,-0.0389710378555351
161.19,0.2,0.16602960671560296,-0.3935786775088236
161.195,0.2,0.16498941670597927,0.06121246743727515
161.2,0.2,0.16387323927114728,0.12484657373164972
161.205,0.2,0.16246969614756823,0.25375804761168175
161.21,0.2,0.16065195141773053,0.4621118286876054
161.215,0.2,0.15843265441432003,0.4203876096979272
161.22,0.2,0.15596537056200793,0.19894354820884808
161.225,0.2,0.15347382897334963,-0.15396453925429782
161.23,0.2,0.15113104764316992,-0.14814577688106811
161.235,0.2,0.1489723943713072,-0.09701212638943511
161.24,0.2,0.14689533943415212,-0.11120631778690392
161.245,0.2,0.14472293837417527,0.28687080143039834
161.25,0.2,0.14230119698824023,0.4567931851610823
161.255,0.2,0.13959978482948127,0.44452303725649017
161.26,0.2,0.13674708733676008,0.17591405606760785
161.265,0.2,0.13396190919833761,-0.0442752292835476
161.27,0.2,0.1314294012165155,-0.24163501365550147
161.275,0.2,0.12920431213386255,-0.09675224489081773
161.28,0.2,0.12720093269984628,0.08364773462022157
161.285,0.2,0.1252725938275898,0.3770418175710372
161.29,0.2,0.12332547717909723,0.40731441754201425
161.295,0.2,0.12139801336934965,0.5401531878805167
161.3,0.2,0.11966534205966489,0.09659529889389852
161.305,0.2,0.11835789172205854,-0.08711029429750439
161.31,0.2,0.11762783367055235,-0.3665910448138756
161.315,0.2,0.11744460815173037,-0.244608819526547
161.32,0.2,0.11758907350555023,0.0342328401967597
161.325,0.2,0.11775714732399632,0.4002511730044225
161.33,0.2,0.11770767690126338,0.24798229820515522
161.335,0.2,0.11735095567107405,0.3792700940462467
161.34,0.2,0.11673789132021366,0.042796013956716616
161.345,0.2,0.11597883719470296,-0.20532426030610595
161.35,0.2,0.1151377419245332,-0.1330662392918413
161.355,0.2,0.11416400554704961,-0.30165135020300415
161.36,0.2,0.11289677389692826,0.015934836932787667
161.365,0.2,0.11114109357475435,0.536519473242016
161.37,0.2,0.10880173213526192,0.51112595228688
161.375,0.2,0.10598037495906146,0.19334781591488204
161.38,0.2,0.10293145880038544,-0.02663123324417914
161.385,0.2,0.09991689131998767,-0.23821554684940205
161.39,0.2,0.0970803098477665,-0.21492162420426286
161.395,0.2,0.09440714894065898,-0.09720602517510635
161.4,0.2,0.091773386673304,0.1800345403311034
161.405,0.2,0.08904392879113257,0.16155481009776995
161.41,0.2,0.08615359697397312,0.20240783683975982
161.415,0.2,0.0831336930170925,0.3057883196091628
161.42,0.2,0.08009996522910226,0.08383852908836348
161.425,0.2,0.07720546150089112,-0.2030750627132239
161.43,0.2,0.074551980683849,-0.3034949778427682
161.435,0.2,0.07211264685252242,-0.1978039281026172
161.44,0.2,0.0697373872013216,0.09735814745362459
161.445,0.2,0.06724862602787902,0.3712927318940513
161.45,0.2,0.06456709380685971,0.4753418722263127
161.455,0.2,0.06178604586792515,0.30959944670323297
161.46,0.2,0.05914561636099421,0.12215586078761309
161.465,0.2,0.0569229553878899,-0.26380083089126344
161.47,0.2,0.0553001531322305,-0.21979302062023964
161.475,0.2,0.05428619975688434,-0.1856562902158279
161.48,0.2,0.05373550473559084,0.024996433455244185
161.485,0.2,0.05343309675479211,0.051307643645132184
161.49,0.2,0.05319043913090143,0.4303113560423026
161.495,0.2,0.05291720945493687,0.08146937242940916
161.5,0.2,0.05263392788511356,0.15077016235870727
161.505,0.2,0.052412266020839045,-0.25514499662646595
161.51,0.2,0.05228594245515471,-0.17056270470366752
161.515,0.2,0.0521968685537879,-0.043208151338718914
161.52,0.2,0.05201544772125344,0.04072341251446751
161.525,0.2,0.05160759814806657,0.08702781824119232
161.53,0.2,0.05089074678774155,0.20633067222686846
161.535,0.2,0.04986567986717181,0.3030770417741041
161.54,0.2,0.048625419216224416,0.022800198267849188
161.545,0.2,0.047319176587474004,0.0009625213534612542
161.55,0.2,0.04608301066438328,-0.07692752541993966
161.555,0.2,0.044986113265745455,-0.1905928811177063
161.56,0.2,0.044013268116695654,-0.022668181986613224
161.565,0.2,0.04309332915982016,0.30585091042043105
161.57,0.2,0.04217673939562341,0.24541505874166336
161.575,0.2,0.0413000485286614,0.13928426725444643
161.58,0.2,0.040570929630258545,-0.03438300301284221
161.585,0.2,0.04008776616486985,-0.3474494128225799
161.59,0.2,0.03984977201766737,-0.2872978630197228
161.595,0.2,0.039713196541720036,-0.26467065768686787
161.6,0.2,0.03942743293907579,0.04761646905561835
161.605,0.2,0.03873424561281771,0.19576412820265396
161.61,0.2,0.03747819747870013,0.38147804352327264
161.615,0.2,0.035673104697197346,0.23028069501951823
161.62,0.2,0.03348695193645512,0.021643711906275752
161.625,0.2,0.031156029931439722,0.006210370671710735
161.63,0.2,0.028887776981222458,-0.2164131801546466
161.635,0.2,0.026796297200092335,-0.21212776693124488
161.64,0.2,0.02488688728916113,0.12269040505584936
161.645,0.2,0.023111660862752115,0.2963984022452239
161.65,0.2,0.02146748241898919,0.2649066120300855
161.655,0.2,0.02004932630902825,0.19578977265088165
161.66,0.2,0.019022298314474127,0.025571167955858697
161.665,0.2,0.0185429898358281,-0.26297615604692604
161.67,0.2,0.018665412152554815,-0.4277571645486363
161.675,0.2,0.019275602087100108,-0.2227838004790078
161.68,0.2,0.020110606640300822,-0.039408461687816636
161.685,0.2,0.020868075148056487,0.3684069457878636
161.69,0.2,0.021342212349155877,0.2726716362939832
161.695,0.2,0.021496246378960363,0.14042285889105896
161.7,0.2,0.02142272916974814,-0.17223601903241878
161.705,0.2,0.021226137702701254,-0.38145627343222
161.71,0.2,0.020906510152392355,-0.4567575551919342
161.715,0.2,0.020308043297498485,-0.3251876549111008
161.72,0.2,0.01916330673307915,0.080840481387894
161.725,0.2,0.017216428674799947,0.20594831739936434
161.73,0.2,0.014355646569780974,0.4225636636210002
161.735,0.2,0.01067509889318586,0.07600545582322717
161.74,0.2,0.006425017589473406,-0.184874593321239
161.745,0.2,0.0018783526016629107,-0.3289158004611624
161.75,0.2,-0.0027922528348980776,-0.2899931049701938
161.755,0.2,-0.0075545525522500885,-0.30331864969557243
161.76,0.2,-0.012486571604979438,-0.22868168077202405
161.765,0.2,-0.017713140442496497,0.0995751606459652
161.77,0.2,-0.023321607487883023,0.12953708689323948
161.775,0.2,-0.02929154885483358,0.04258926444012559
161.78,0.2,-0.03549112080603578,-0.0409709671450949
161.785,0.2,-0.04173840900751016,-0.27735030437988206
161.79,0.2,-0.047881947669045966,-0.28350468493421926
161.795,0.2,-0.05385448720928405,-0.22639864725967423
161.8,0.2,-0.05966711487173787,-0.02208448082422028
161.805,0.2,-0.06534677764132675,0.15778911392419184
161.81,0.2,-0.0708585893105996,0.19236996189679678
161.815,0.2,-0.07606816735367418,-0.000612906226209603
161.82,0.2,-0.08077671911099596,-0.1382012608505388
161.825,0.2,-0.08480422832912249,-0.2530031234024694
161.83,0.2,-0.08806151255893187,-0.26010753028735145
161.835,0.2,-0.09057605234916337,-0.2805812175713295
161.84,0.2,-0.09246833672645154,0.027461590851470166
161.845,0.2,-0.09388447546724382,0.08962312667367162
161.85,0.2,-0.09491589465378152,0.16826762774532522
161.855,0.2,-0.09556071653653614,-0.015437000064222911
161.86,0.2,-0.09575299422282597,-0.14840996650287475
161.865,0.2,-0.09543415669201644,-0.23987083951037913
161.87,0.2,-0.0946189055791224,-0.3545050641222264
161.875,0.2,-0.09342612902978713,-0.30524520648628345
161.88,0.2,-0.09207159809123552,-0.33974403004283815
161.885,0.2,-0.09082493067522042,-0.0015578718705758499
161.89,0.2,-0.0899350057912225,0.009201830400112326
161.895,0.2,-0.08955158208368583,0.1660991156965072
161.9,0.2,-0.08969303071580642,-0.17393001939382832
161.905,0.2,-0.09028857847759954,-0.24283672192991507
161.91,0.2,-0.09126189492399928,-0.2551442819552614
161.915,0.2,-0.09259240082718012,-0.44297020264058995
161.92,0.2,-0.09433184526539472,-0.20187878057505634
161.925,0.2,-0.09657060250343552,0.13993633897527277
161.93,0.2,-0.09934957392293715,0.14475985548794926
161.935,0.2,-0.10258433992649009,-0.004672677492473146
161.94,0.2,-0.10608542489181491,-0.33098242587305654
161.945,0.2,-0.10965712827370923,-0.24905698662765402
161.95,0.2,-0.11319014437864502,-0.5914284012349064
161.955,0.2,-0.11670923701972155,-0.5364421087171973
161.96,0.2,-0.120372550682054,-0.2321110087140228
161.965,0.2,-0.12440187370464349,-0.12183048330875562
161.97,0.2,-0.12896850425972065,0.0833427093456817
161.975,0.2,-0.13410944529294358,-0.00747478362644613
161.98,0.2,-0.13971655225311205,-0.12718080484888505
161.985,0.2,-0.1455909118306691,-0.19051744836224221
161.99,0.2,-0.15152469214800937,-0.4487546191674231
161.995,0.2,-0.1573701645369558,-0.25688346639169135
162.0,0.2,-0.1630661620954652,-0.3614266339146761
162.005,0.2,-0.16861359470705853,-0.07477515200805329
162.01,0.2,-0.17400881706358068,0.30638844239302854
162.015,0.2,-0.17915985439398688,-0.021757579877642215
162.02,0.2,-0.1838653759036803,-0.24242877297808785
162.025,0.2,-0.18790209472831054,-0.365582391758759
162.03,0.2,-0.19114051563479523,-0.519092996019507
162.035,0.2,-0.19360778225505934,-0.5620773094383665
162.04,0.2,-0.19548667178309803,-0.3167851578576429
162.045,0.2,-0.19704617171970384,-0.02279236137254141
162.05,0.2,-0.19852439039474795,-0.031608019506917995
162.055,0.2,-0.20003554868474074,0.11329663669786881
162.06,0.2,-0.20155250032436614,-0.20869858646004222
162.065,0.2,-0.20297192945249978,-0.5801913509684034
162.07,0.2,-0.20423504185812763,-0.5583216644106407
162.075,0.2,-0.20541686198194783,-0.4714501920374058
162.08,0.2,-0.20671050755543513,-0.23703510330234054
162.085,0.2,-0.20833158926886697,-0.07585607222488588
162.09,0.2,-0.21040896658651945,0.2018319015329446
162.095,0.2,-0.21291432329804819,-0.1254970820689949
162.1,0.2,-0.21567372933618742,-0.12404115727788767
162.105,0.2,-0.21845920459430782,-0.5438758681586774
162.11,0.2,-0.22110071572747822,-0.4206075905900328
162.115,0.2,-0.22355126958676177,-0.4346396233672213
162.12,0.2,-0.22587018192607738,-0.12573344728199584
162.125,0.2,-0.22814270219018865,-0.051915917259046394
162.13,0.2,-0.2303880785815389,0.19333047852441526
162.135,0.2,-0.2325035907215104,-0.01776735883104463
162.14,0.2,-0.234279698478952,-0.20599887161636268
162.145,0.2,-0.23548870000561356,-0.4348717340355245
162.15,0.2,-0.2359896402597353,-0.35733329901197597
162.155,0.2,-0.23577669958375713,-0.35305757014318656
162.16,0.2,-0.23495531653060467,-0.23138424243726805
162.165,0.2,-0.23367593080164115,0.04147227449948123
162.17,0.2,-0.23205289574276844,0.05750752775629584
162.175,0.2,-0.23010124627638448,0.15256917606541145
162.18,0.2,-0.2277339199791985,-0.29465422680888553
162.185,0.2,-0.2248384317508703,-0.4434767012268132
162.19,0.2,-0.22139259910869166,-0.5792534730437777
162.195,0.2,-0.21753648050870572,-0.4877019973173857
162.2,0.2,-0.2135491331191357,-0.13010396841408672
162.205,0.2,-0.20974658469662244,-0.1351667405635162
162.21,0.2,-0.20636412886402525,0.23548359127561608
162.215,0.2,-0.2034805544897491,0.01757842294547101
162.22,0.2,-0.20101799959202993,-0.22136327784899776
162.225,0.2,-0.19882606485713208,-0.342158260184697
162.23,0.2,-0.1967942552720693,-0.46090867815515596
162.235,0.2,-0.19491764650111426,-0.3976233895060321
162.24,0.2,-0.19329122429218687,-0.17225108042811915
162.245,0.2,-0.19203851369142108,0.11523339366117484
162.25,0.2,-0.1912090124208614,0.12391147577783258
162.255,0.2,-0.19071619380590368,-0.012637226775784896
162.26,0.2,-0.19036201241383308,-0.10709768285990981
162.265,0.2,-0.18992540358069376,-0.47913413264922006
162.27,0.2,-0.18926519825390856,-0.44543838975174344
162.275,0.2,-0.18838016024278623,-0.25733594771993124
162.28,0.2,-0.1873763039757565,-0.019779184979104802
162.285,0.2,-0.1863675415018841,-0.012706760839936194
162.29,0.2,-0.18538962520142865,0.19758865135290288
162.295,0.2,-0.1843650606427633,0.07555260158157928
162.3,0.2,-0.18312097495354687,-0.12503500284969252
162.305,0.2,-0.18146190144432484,-0.3054720542809828
162.31,0.2,-0.1792697662079146,-0.5226021947346886
162.315,0.2,-0.17658207712414503,-0.571137138879656
162.32,0.2,-0.1736040218111397,-0.12879920948013257
162.325,0.2,-0.17062566665852458,-0.022928356971159275
162.33,0.2,-0.1678851985922125,0.21738557200352598
162.335,0.2,-0.16547178173579027,0.058443219460967546
162.34,0.2,-0.16332078436380204,-0.08161316970511173
162.345,0.2,-0.16129262961033666,-0.39655754130492715
162.35,0.2,-0.15928847235153126,-0.5033705454237569
162.355,0.2,-0.15733789120086683,-0.48213135765148446
162.36,0.2,-0.15560854351096348,-0.2645021524875959
162.365,0.2,-0.1543318430580516,-0.006916620152430161
162.37,0.2,-0.1536882932069248,0.08776775822850802
162.375,0.2,-0.15372677784293542,-0.11865224083345557
162.38,0.2,-0.15437143837731915,-0.18189916906676515
162.385,0.2,-0.15549638027099255,-0.3763513182238198
162.39,0.2,-0.15700871821805323,-0.4827087222931496
162.395,0.2,-0.1589080897580265,-0.6200461221852804
162.4,0.2,-0.16129455588030703,0.03125887499821031
162.405,0.2,-0.16428513431176772,0.09060140313905243
162.41,0.2,-0.1678891581202628,-0.033932988146292864
162.415,0.2,-0.17196514308010558,-0.047564786559758154
162.42,0.2,-0.17627807354000696,-0.230097260786813
162.425,0.2,-0.1805873653506973,-0.42552952245158016
162.43,0.2,-0.18472756864215994,-0.4604862409117322
162.435,0.2,-0.18865716893647216,-0.45688946594997093
162.44,0.2,-0.19244255886354072,-0.0450877161770763
162.445,0.2,-0.19617184992986242,0.05366741656924089
162.45,0.2,-0.19984760127235793,0.17906355374099847
162.455,0.2,-0.20333204443637745,0.05969322542863676
162.46,0.2,-0.20637963833210285,-0.2718012497689447
162.465,0.2,-0.208735255350984,-0.23938615392814186
162.47,0.2,-0.21023816862746111,-0.5876235936287092
162.475,0.2,-0.2108892460567496,-0.589999760625796
162.48,0.2,-0.2108626437685944,-0.2063425693775434
162.485,0.2,-0.21043077852300462,-0.026454801318483885
162.49,0.2,-0.20982803163145985,0.15425406305832445
162.495,0.2,-0.2091513212029541,-0.022269605834630148
162.5,0.2,-0.2083633305221653,-0.2964054383913408
162.505,0.2,-0.20738483269204105,-0.4328134599592054
162.51,0.2,-0.20620088236538173,-0.4362029305459906
162.515,0.2,-0.20490864717108076,-0.4543948384114903
162.52,0.2,-0.2036984477440396,-0.29841250495001825
162.525,0.2,-0.2027880477554197,0.03835901193366892
162.53,0.2,-0.2023308736375401,-0.039730711579490124
162.535,0.2,-0.20235572629927073,-0.15475287820944159
162.54,0.2,-0.20279171835096357,-0.36370323936557214
162.545,0.2,-0.2035594123227318,-0.6664051665242193
162.55,0.2,-0.20466232273672952,-0.4304319984203622
162.555,0.2,-0.20621213185354403,-0.41795500776691463
162.56,0.2,-0.20837097695033752,-0.1519998817962079
162.565,0.2,-0.21125359259319976,0.13257163665333604
162.57,0.2,-0.21484000741172712,-0.04672808679959645
162.575,0.2,-0.21894964876403541,-0.022702235580786816
162.58,0.2,-0.22329326632490723,-0.19767101036225743
162.585,0.2,-0.2275611236838816,-0.3863405432481241
162.59,0.2,-0.2315098244743877,-0.46218232988871344
162.595,0.2,-0.23502194312316765,-0.4526796705285021
162.6,0.2,-0.23810425958499362,-0.11135151548023876
162.605,0.2,-0.24081374820663987,0.03155417974084582
162.61,0.2,-0.24315855255978802,0.009451550799345329
162.615,0.2,-0.2450528603379886,-0.12653630314731673
162.62,0.2,-0.24635555608926052,-0.326057905134309
162.625,0.2,-0.2469555487982307,-0.48103971407478685
162.63,0.2,-0.2468483230910839,-0.47543284748715536
162.635,0.2,-0.2461633311461255,-0.47278109861585466
162.64,0.2,-0.24513438696210516,-0.30911753965663713
162.645,0.2,-0.24402728677853483,-0.039988492110339
162.65,0.2,-0.2430411059310514,0.18426010331033876
162.655,0.2,-0.24222394963085692,0.0033684640755381363
162.66,0.2,-0.24146736044675807,-0.18030640174078671
162.665,0.2,-0.24059411292225633,-0.42530095918706606
162.67,0.2,-0.2394784728974907,-0.5400474746594457
162.675,0.2,-0.23812557993988118,-0.4522068496851509
162.68,0.2,-0.23667027958699705,-0.2556725446382312
162.685,0.2,-0.23529923161185026,-0.002295164425722404
162.69,0.2,-0.23414260891648692,0.08893008286901127
162.695,0.2,-0.23320558149574086,-0.17336221740587518
162.7,0.2,-0.23238669250335844,-0.17194240302094294
162.705,0.2,-0.2315556052940946,-0.36604769092944733
162.71,0.2,-0.23063218899864982,-0.5728431448878132
162.715,0.2,-0.22964164572103352,-0.4262038492132441
162.72,0.2,-0.22872003837842544,-0.33003313465249284
162.725,0.2,-0.2280473919528778,0.0868623398206832
162.73,0.2,-0.22774383105343246,-0.11282023524050538
162.735,0.2,-0.22780679155058248,-0.027815994198298853
162.74,0.2,-0.22812686334700832,-0.20430274937042592
162.745,0.2,-0.22855600772732657,-0.4993972666152545
162.75,0.2,-0.22899593347813876,-0.5389264278188437
162.755,0.2,-0.22946004766904438,-0.3143530270172101
162.76,0.2,-0.23004535353104003,0.0346852617413215
162.765,0.2,-0.2308322591653388,-0.19162478698503782
162.77,0.2,-0.2318089262911606,0.13116720612058078
162.775,0.2,-0.2328565454532295,0.005226356931139292
162.78,0.2,-0.23377084034170065,-0.19333601674425208
162.785,0.2,-0.23432438594356422,-0.3376546359595124
162.79,0.2,-0.23435794766829626,-0.5079506831090551
162.795,0.2,-0.23384825626663625,-0.4853493910225338
162.8,0.2,-0.23291606398613734,-0.3105863374835115
162.805,0.2,-0.23176586206660238,-0.07444039081648808
162.81,0.2,-0.23057790504950113,0.21286830766087278
162.815,0.2,-0.2294124744564491,-0.09530725318136365
162.82,0.2,-0.22820473675305944,-0.3593606354726899
162.825,0.2,-0.22685642488962657,-0.2599021709875047
162.83,0.2,-0.22533231911927065,-0.5947702977577929
162.835,0.2,-0.22370592021605543,-0.4883120915491797
162.84,0.2,-0.22215503716515744,-0.17162075193077994
162.845,0.2,-0.22089011267790656,-0.03183902320366602
162.85,0.2,-0.22004821645556652,-0.02957704774200061
162.855,0.2,-0.21963581619011005,-0.004295505002747032
162.86,0.2,-0.21953995688429287,-0.057877998103872036
162.865,0.2,-0.21958423958976994,-0.4902796066097781
162.87,0.2,-0.2196219102697899,-0.506833075231571
162.875,0.2,-0.21962394062904933,-0.49023155001953195
162.88,0.2,-0.2196934174994984,-0.33546897493892247
162.885,0.2,-0.219997298386245,-0.028481902353475932
162.89,0.2,-0.22066030429029806,0.06211094075045026
162.895,0.2,-0.2216845805585339,-0.11013036327188654
162.9,0.2,-0.22295355278807522,-0.25961676349335594
162.905,0.2,-0.22431213107517828,-0.42324186053131796
162.91,0.2,-0.22565709807778608,-0.4729139794603842
162.915,0.2,-0.2269825458265961,-0.3397767183234189
162.92,0.2,-0.22836334760371038,-0.29498745537252313
162.925,0.2,-0.22989696286856498,-0.11083135787652715
162.93,0.2,-0.2316343509204519,0.10342223278041571
162.935,0.2,-0.23353145164144773,-0.30070267565288694
162.94,0.2,-0.2354665677497614,-0.2611216771736191
162.945,0.2,-0.23730834304056117,-0.1617437401612739
162.95,0.2,-0.2389616545032873,-0.492306248978147
162.955,0.2,-0.24039016325305235,-0.414818751640979
162.96,0.2,-0.2416337258233511,-0.2611296317773423
162.965,0.2,-0.24277488306849518,0.07620484067121823
162.97,0.2,-0.2438457196751498,0.18205097822068755
162.975,0.2,-0.24474971077072477,0.02218336840561144
162.98,0.2,-0.24527203974108566,-0.19140324548490356
162.985,0.2,-0.24517549355104037,-0.3984897332571429
162.99,0.2,-0.24430974544453465,-0.36223285579332143
162.995,0.2,-0.24266803148756216,-0.4835491690330149
163.0,0.2,-0.24037624483994674,-0.13942981697712997
163.005,0.2,-0.23762264920942272,0.030055531399492148
163.01,0.2,-0.23455822767822987,0.021285686603786907
163.015,0.2,-0.23122994362170968,0.13542667877180642
163.02,0.2,-0.22758307444482975,-0.2217430888171764
163.025,0.2,-0.2235287666102932,-0.4262031291154684
163.03,0.2,-0.21905143472329297,-0.6315400304917752
163.035,0.2,-0.2142858131119111,-0.31614012500603406
163.04,0.2,-0.20949612053185696,-0.257354209803196
163.045,0.2,-0.2049758618601352,-0.015367633956226017
163.05,0.2,-0.20093788951104166,0.20562158363287775
163.055,0.2,-0.19743921246956236,0.09767052180988425
163.06,0.2,-0.19438199566841882,-0.37125152103432135
163.065,0.2,-0.1916151403208513,-0.4129235179223846
163.07,0.2,-0.18906309849378006,-0.4847458321161146
163.075,0.2,-0.1867801697975423,-0.37254099069667695
163.08,0.2,-0.18491864188336846,-0.2792752871081155
163.085,0.2,-0.1836471415547738,0.16786373650369515
163.09,0.2,-0.18304311402463333,0.23064242326248363
163.095,0.2,-0.1830138982227262,0.0034832228837001367
163.1,0.2,-0.18331429020081047,-0.023863615953631012
163.105,0.2,-0.18365140434551938,-0.5380123289943494
163.11,0.2,-0.18381393194721313,-0.5001898412323148
163.115,0.2,-0.18375824880210248,-0.3859506816331134
163.12,0.2,-0.18359580323674923,-0.2449642780047417
163.125,0.2,-0.1835002711635291,-0.03480886514113932
163.13,0.2,-0.1836057140373112,-0.0037410523618502667
163.135,0.2,-0.18394438408568262,0.020434770739086158
163.14,0.2,-0.1844449993280811,-0.22152471085804915
163.145,0.2,-0.18499032363264212,-0.35967293200797107
163.15,0.2,-0.18550212744093394,-0.4830957706322821
163.155,0.2,-0.18600444052177503,-0.4995371240284289
163.16,0.2,-0.18663272160512542,-0.35098467552450807
163.165,0.2,-0.18757933119658593,0.00548364082423914
163.17,0.2,-0.18898793571846187,0.14918915138833458
163.175,0.2,-0.19085887882519942,-0.02443533154093895
163.18,0.2,-0.19304365684201014,-0.18971821767054517
163.185,0.2,-0.1953287890798682,-0.30164230984498525
163.19,0.2,-0.19754280586732217,-0.6529049664523845
163.195,0.2,-0.19963705338233417,-0.4424191829182859
163.2,0.2,-0.2017008334551624,-0.27573213887626324
163.205,0.2,-0.20388537212355612,0.046084205388088384
163.21,0.2,-0.20628410549047874,0.05255960909854886
163.215,0.2,-0.2088495833717882,0.2157547276061073
163.22,0.2,-0.21138576143291873,-0.147257341668789
163.225,0.2,-0.21362051818494646,-0.3659874438762577
163.23,0.2,-0.21532754318608643,-0.44785586741420924
163.235,0.2,-0.21641754007795963,-0.35770071370726286
163.24,0.2,-0.21694695217261328,-0.4242048855220053
163.245,0.2,-0.21706629281281864,-0.05700646212001481
163.25,0.2,-0.21693168014614625,0.19895910411460127
163.255,0.2,-0.21660326633192548,0.07953054527066088
163.26,0.2,-0.21600996278464943,-0.2879053411878765
163.265,0.2,-0.21502643813940814,-0.31821621294789104
163.27,0.2,-0.21358950955734937,-0.5374615881413077
163.275,0.2,-0.21176447944452836,-0.4157973033644181
163.28,0.2,-0.20973379858077862,-0.13117855304444986
163.285,0.2,-0.20771146851959188,0.08832673833949044
163.29,0.2,-0.2058322480710235,0.026609556457542302
163.295,0.2,-0.20409399579617124,0.11086542981872094
163.3,0.2,-0.20238230551771183,-0.33322471227847617
163.305,0.2,-0.2005606294162025,-0.45021248857685897
163.31,0.2,-0.19857792996267593,-0.4596231107785328
163.315,0.2,-0.19651900665088862,-0.3833333842952045
163.32,0.2,-0.19457179795210794,-0.26303601521330733
163.325,0.2,-0.19294680994677538,0.031597762508639354
163.33,0.2,-0.19177820996286388,0.26590488219899466
163.335,0.2,-0.191041941351606,0.07384536656626166
163.34,0.2,-0.1905544087863409,-0.15977066915989932
163.345,0.2,-0.19007263645233727,-0.4623874397340102
163.35,0.2,-0.18943366297863976,-0.6262662195424301
163.355,0.2,-0.1886462447783904,-0.43878927843183013
163.36,0.2,-0.1878748005586632,-0.06834452224299792
163.365,0.2,-0.18731704982538694,0.18724956539749163
163.37,0.2,-0.18706480534706363,-0.002528977402187757
163.375,0.2,-0.18705365226948503,0.04386575433308388
163.38,0.2,-0.1871161197001813,-0.33867050782104674
163.385,0.2,-0.18708625962334124,-0.4903941925420587
163.39,0.2,-0.18689750612346184,-0.36440450131084157
163.395,0.2,-0.1866165896410429,-0.4508470243637234
163.4,0.2,-0.18640702516184954,-0.2520265623022739
163.405,0.2,-0.18645922030179804,-0.042196511985401905
163.41,0.2,-0.18690666583014406,0.07585230761689385
163.415,0.2,-0.18776004673830812,-0.024475059093763685
163.42,0.2,-0.18890964037911626,-0.2588135032899952
163.425,0.2,-0.19020647922952763,-0.5648579079279774
163.43,0.2,-0.19157163449068643,-0.47398984340812933
163.435,0.2,-0.19305373049842867,-0.43488530155595334
163.44,0.2,-0.19479446971271983,-0.10442772206678144
163.445,0.2,-0.1969311676918359,0.010426639021224433
163.45,0.2,-0.1994999647147639,0.04797038869206488
163.455,0.2,-0.20239489162261518,0.025378387272204362
163.46,0.2,-0.20539622143500333,-0.18126848762205522
163.465,0.2,-0.20824853962713022,-0.37366736744710827
163.47,0.2,-0.2107553730140878,-0.4327448538588015
163.475,0.2,-0.21284208287506096,-0.3871733852804605
163.48,0.2,-0.21455111332494306,-0.17419384373755847
163.485,0.2,-0.21597624575072358,-0.0506121312589214
163.49,0.2,-0.21717655932531427,0.1074061799743356
163.495,0.2,-0.2181150197945045,0.09058142169040856
163.5,0.2,-0.21865153473423443,-0.11102237690745988
163.505,0.2,-0.2186072573863154,-0.5228748374045632
163.51,0.2,-0.2178771139693722,-0.422945983651426
163.515,0.2,-0.21650894304985885,-0.45603419941612344
163.52,0.2,-0.21468866220463703,-0.16729343238931121
163.525,0.2,-0.21265045738244998,0.029104085939791156
163.53,0.2,-0.2105683804942742,0.09279144558895491
163.535,0.2,-0.20849202133110656,-0.0720717141143909
163.54,0.2,-0.20635740909892025,0.053230020219170976
163.545,0.2,-0.2040431422560534,-0.29994424052212776
163.55,0.2,-0.20144366929802668,-0.43517629232705135
163.555,0.2,-0.1985486667969991,-0.4911830445963619
163.56,0.2,-0.19547700362570772,-0.14131267939339803
163.565,0.2,-0.19241837519277602,0.01004574493898133
163.57,0.2,-0.18952342853240786,0.0689549615902211
163.575,0.2,-0.18682861166954653,0.10070109375567868
163.58,0.2,-0.18425606623297433,-0.18234075279547537
163.585,0.2,-0.18168689567859062,-0.5673904911834515
163.59,0.2,-0.17908160338330353,-0.6399394477994477
163.595,0.2,-0.17656434277013783,-0.35964683739533737
163.6,0.2,-0.17439078172792455,-0.19889577859257412
163.605,0.2,-0.17282362311450636,0.13480927918709792
163.61,0.2,-0.17200894150360832,-0.003141936942076179
163.615,0.2,-0.17192558160889151,0.022437545701730142
163.62,0.2,-0.1724193848098637,-0.1766096602396544
163.625,0.2,-0.17328481210913488,-0.3252005488899422
163.63,0.2,-0.1743574406458207,-0.5866694885794334
163.635,0.2,-0.175583775701119,-0.2838262849918066
163.64,0.2,-0.17701777283290557,-0.16499582475112284
163.645,0.2,-0.17873913408015002,0.0064054000909172515
163.65,0.2,-0.18075482207088817,0.26777588894276805
163.655,0.2,-0.18293867210847006,0.0132863727337281
163.66,0.2,-0.18504280724177855,-0.08520725180884303
163.665,0.2,-0.18678404820676647,-0.3324751403568763
163.67,0.2,-0.18795311105761295,-0.4588333561634501
163.675,0.2,-0.18848268743967939,-0.23836397167891404
163.68,0.2,-0.18843484328826032,-0.11153789108741703
163.685,0.2,-0.18791826211294307,0.08037291762263199
163.69,0.2,-0.1870013850556426,-0.026927576495248184
163.695,0.2,-0.1856820196350243,-0.09775563468058307
163.7,0.2,-0.1839177577365953,-0.15073003213197575
163.705,0.2,-0.18168031389667308,-0.35469071801258506
163.71,0.2,-0.1790042868240284,-0.3309041514746267
163.715,0.2,-0.17601497331988178,-0.4079514564577389
163.72,0.2,-0.17291864172056012,-0.1752994065044774
163.725,0.2,-0.16994329328569596,0.13522312927956515
163.73,0.2,-0.16724522903199515,0.0812465677805995
163.735,-0.2,-0.1648476004537984,-0.03017060801664831
163.74,-0.2,-0.1626687186979017,-0.2900416227506726
163.745,-0.2,-0.16061863636458912,-0.48724179990933436
163.75,-0.2,-0.1586963631665761,-0.47473418860031485
163.755,-0.2,-0.15702542641179326,-0.2877093871286396
163.76,-0.2,-0.15580505907844305,-0.13582762084508368
163.765,-0.2,-0.1552174510587529,-0.07336124703205862
163.77,-0.2,-0.15535146735897656,0.10309178185207507
163.775,-0.2,-0.15616298594398081,0.13718312747035444
163.78,-0.2,-0.1574723680506888,-0.03440386903444753
163.785,-0.2,-0.1590190563800434,-0.3783284045929624
163.79,-0.2,-0.1605701799420669,-0.43161241644234066
163.795,-0.2,-0.16201067276071768,-0.2276944721888346
163.8,-0.2,-0.16333893454815748,-0.06437592047712203
163.805,-0.2,-0.16458371496402827,0.0626293153310622
163.81,-0.2,-0.16571782420042463,0.1882673168619115
163.815,-0.2,-0.16661182326786086,0.21840747394919602
163.82,-0.2,-0.16703900181642065,-0.06878384475612084
163.825,-0.2,-0.16674676387727277,-0.3849902239262763
163.83,-0.2,-0.16557338839587168,-0.39195808280619143
163.835,-0.2,-0.16352974027455747,-0.3690944518376675
163.84,-0.2,-0.16079381368746792,-0.32647611725248393
163.845,-0.2,-0.1576377832294136,0.08857752431406025
163.85,-0.2,-0.15432177846091433,0.06183788875107825
163.855,-0.2,-0.1510010235780507,0.13955770467604722
163.86,-0.2,-0.14770655261248877,-0.2332789368078024
163.865,-0.2,-0.14441843023232823,-0.5389431863876848
163.87,-0.2,-0.14118463098447803,-0.5265618052340939
163.875,-0.2,-0.13819711866341608,-0.5580589376055138
163.88,-0.2,-0.13577240915820105,-0.25491037387306076
163.885,-0.2,-0.13425348122159506,0.013914049988918514
163.89,-0.2,-0.13388366073068428,0.06977640608586444
163.895,-0.2,-0.13472454533400371,-0.03243438644564342
163.9,-0.2,-0.13667005019450262,-0.2702471052477473
163.905,-0.2,-0.139536319326482,-0.3535183420068554
163.91,-0.2,-0.14315948842996276,-0.42441088594016685
163.915,-0.2,-0.14744558691210685,-0.3069032703831589
163.92,-0.2,-0.15235698191880878,-0.13930916601305673
163.925,-0.2,-0.15784964102300872,0.09627837812391903
163.93,-0.2,-0.16379705397440925,0.11223418113740924
163.935,-0.2,-0.16994921347806077,0.10427948668545303
163.94,-0.2,-0.17595229599751033,0.003116774333245309
163.945,-0.2,-0.18142552775803547,-0.507444192802236
163.95,-0.2,-0.18607615099498767,-0.3951324331123049
163.955,-0.2,-0.18978762696575097,-0.4014858981172391
163.96,-0.2,-0.19260839470957578,-0.03019030304411073
163.965,-0.2,-0.19465675609111346,-0.0744248014549847
163.97,-0.2,-0.19602268000708328,0.09153522454519944
163.975,-0.2,-0.19672412651047555,-0.12060733613660268
163.98,-0.2,-0.19672744626800504,-0.2210866140104933
163.985,-0.2,-0.1960110251965992,-0.4023240137120274
163.99,-0.2,-0.19463285146751869,-0.44854019263446665
163.995,-0.2,-0.1927622410523705,-0.3698529485125883
164.0,-0.2,-0.19065561572429285,-0.20677690637069243
164.005,-0.2,-0.18858202581736577,0.03860843235376461
164.01,-0.2,-0.1867290763792739,0.1505646457299791
164.015,-0.2,-0.18514191032975713,-0.08440585915376231
164.02,-0.2,-0.18373762462706084,-0.020403579485797213
164.025,-0.2,-0.18238215941508987,-0.49056856921602954
164.03,-0.2,-0.18099152380868794,-0.5661594171277387
164.035,-0.2,-0.17961334156009434,-0.40860911608221334
164.04,-0.2,-0.1784265337197047,-0.2583557887332909
164.045,-0.2,-0.1776530270608583,-0.023129032766926565
164.05,-0.2,-0.17744596212332767,0.14210216884018217
164.055,-0.2,-0.1778125990240995,0.06454240250024829
164.06,-0.2,-0.17860669726417971,-0.05433021538936808
164.065,-0.2,-0.1795990955984892,-0.4283238393069072
164.07,-0.2,-0.18059161453590938,-0.4144775395751952
164.075,-0.2,-0.18150172399913733,-0.32107276166660437
164.08,-0.2,-0.1823592906514419,-0.1286881368506122
164.085,-0.2,-0.1832362700063927,-0.16460639358268864
164.09,-0.2,-0.18417738983225243,0.03362605940157978
164.095,-0.2,-0.18515573810556138,0.18456285490215946
164.1,-0.2,-0.18605317140333785,-0.22629405844519582
164.105,-0.2,-0.1867078281937078,-0.5307204068400249
164.11,-0.2,-0.1870287904473281,-0.461902586260088
164.115,-0.2,-0.18707052300490334,-0.29904904441925306
164.12,-0.2,-0.1869981721099123,-0.23653769678915615
164.125,-0.2,-0.18699722747531858,-0.050565422482148695
164.13,-0.2,-0.18718968522647886,0.17088493171319855
164.135,-0.2,-0.1875722435561227,0.11460725429345842
164.14,-0.2,-0.18800637597828712,-0.17267552301970765
164.145,-0.2,-0.18829231032624144,-0.3987606723213556
164.15,-0.2,-0.18828702926845833,-0.43577017927826195
164.155,-0.2,-0.1879809588331508,-0.4226896586925597
164.16,-0.2,-0.1874927465460379,-0.23379340880618668
164.165,-0.2,-0.18699745533778142,0.028166743000971765
164.17,-0.2,-0.1866252069071672,0.113164611186503
164.175,-0.2,-0.18638449501543097,0.07697069276989518
164.18,-0.2,-0.186162948118449,-0.2839835430834787
164.185,-0.2,-0.18581267958072498,-0.42079475137197786
164.19,-0.2,-0.1852591857264129,-0.4055474091759978
164.195,-0.2,-0.18455485474411412,-0.4556068361113987
164.2,-0.2,-0.1838575738929594,-0.18273385243337295
164.205,-0.2,-0.183359946272859,-0.08927039980265015
164.21,-0.2,-0.18319989698729322,0.1292432253819409
164.215,-0.2,-0.18339783871810575,-0.11437462471495499
164.22,-0.2,-0.18386277564815828,-0.1604340086186613
164.225,-0.2,-0.18446146034032426,-0.3788034348594798
164.23,-0.2,-0.18509738898841946,-0.3117670831210988
164.235,-0.2,-0.18575455287042547,-0.45749045068117733
164.24,-0.2,-0.1865014748822889,-0.33734734615080575
164.245,-0.2,-0.1874524294160266,0.15927610698145764
164.25,-0.2,-0.18867711106708784,0.06201567069754174
164.255,-0.2,-0.1901201414284263,-0.038829843373460224
164.26,-0.2,-0.19161083924768302,-0.08445948559153102
164.265,-0.2,-0.19294666653386405,-0.5125648940868383
164.27,-0.2,-0.1939973957992908,-0.5780210091248907
164.275,-0.2,-0.19478441507721514,-0.4576676139617455
164.28,-0.2,-0.1954761751707461,-0.2693540576365233
164.285,-0.2,-0.19628847454519574,0.21309921584753144
164.29,-0.2,-0.19734367422677568,0.24143985475381052
164.295,-0.2,-0.19858063117722463,-0.08118187658000486
164.3,-0.2,-0.19979857143074312,-0.4417379535703386
164.305,-0.2,-0.2007993627975534,-0.304786793683201
164.31,-0.2,-0.2014977647919402,-0.5345307047752957
164.315,-0.2,-0.20194594871390736,-0.4335373772789059
164.32,-0.2,-0.20230215120479733,-0.17841094549972297
164.325,-0.2,-0.202757214985805,-0.12738244571851762
164.33,-0.2,-0.20344525900703275,0.042419876710589895
164.335,-0.2,-0.2043913957583392,-0.12705792172693064
164.34,-0.2,-0.20552303888624393,-0.24506814719141612
164.345,-0.2,-0.20673132944001693,-0.31223779417376996
164.35,-0.2,-0.20794420554514703,-0.5871870697940861
164.355,-0.2,-0.20918310110325047,-0.525457345496181
164.36,-0.2,-0.21057055248576442,-0.058975803404084065
164.365,-0.2,-0.212246948927258,0.13180940647967224
164.37,-0.2,-0.21424358643680594,0.07796361284812633
164.375,-0.2,-0.2164300132605515,-0.0936240125996941
164.38,-0.2,-0.2185711955710207,-0.20993141061617096
164.385,-0.2,-0.2204297852689789,-0.37020807635541086
164.39,-0.2,-0.22185162957747498,-0.46886672542361724
164.395,-0.2,-0.22281192272208086,-0.44367822010320734
164.4,-0.2,-0.22341091320276452,-0.3015307620423323
164.405,-0.2,-0.223809189565583,0.1283097811277523
164.41,-0.2,-0.2241152184786177,0.21279997504340994
164.415,-0.2,-0.22429032173782928,0.09860354764566116
164.42,-0.2,-0.2241561090882597,-0.3533416584422828
164.425,-0.2,-0.22351612609320065,-0.5647280507458969
164.43,-0.2,-0.22229819101820616,-0.451608549804803
164.435,-0.2,-0.22060482637844706,-0.35485865932518984
164.44,-0.2,-0.21865122982002466,-0.08954939567498973
164.445,-0.2,-0.21665497598316436,-0.008476628833690205
164.45,-0.2,-0.21474011860524853,0.209452498711618
164.455,-0.2,-0.2128846991329999,0.13476410808526537
164.46,-0.2,-0.21093245710581435,-0.20289413798815262
164.465,-0.2,-0.20868310607724985,-0.4175557605407128
164.47,-0.2,-0.20602062088018938,-0.5570856132799554
164.475,-0.2,-0.20299673270725957,-0.48036002020652624
164.48,-0.2,-0.19982202217607592,-0.2473296158170497
164.485,-0.2,-0.1967719222797589,0.07878468312173711
164.49,-0.2,-0.19405849182492146,0.0586574233839508
164.495,-0.2,-0.19174853026416222,-0.003189130343700542
164.5,-0.2,-0.18977772359273284,-0.26107691043729075
164.505,-0.2,-0.18803960372572584,-0.4567252265875961
164.51,-0.2,-0.18648887572904463,-0.5210087044146575
164.515,-0.2,-0.1852011403583264,-0.4960361059156306
164.52,-0.2,-0.18435765358424816,-0.18833496189065488
164.525,-0.2,-0.18415816819263076,0.05968618605243807
164.53,-0.2,-0.18470739762436614,0.047630299597653185
164.535,-0.2,-0.1859530595922826,-0.053006397501777686
164.54,-0.2,-0.18771491510449567,-0.19892635643287004
164.545,-0.2,-0.1897756276500312,-0.5215513286664961
164.55,-0.2,-0.1919842804895595,-0.5099639680328584
164.555,-0.2,-0.19430831467544063,-0.07370406052117484
164.56,-0.2,-0.19678537371344332,-0.1853765272224154
164.565,-0.2,-0.1994332964515439,-0.1121656118006718
164.57,-0.2,-0.2022026451256457,0.11955513918787782
164.575,-0.2,-0.20496412574078626,-0.07951618391003631
164.58,-0.2,-0.20752294846814445,-0.2262557712703005
164.585,-0.2,-0.20968277625552711,-0.3706861329827088
164.59,-0.2,-0.21132843353677153,-0.5054515105357116
164.595,-0.2,-0.21247557606947415,-0.43771092373043147
164.6,-0.2,-0.21326236436007673,-0.24689271086566547
164.605,-0.2,-0.21387891273879364,-0.006224514234606456
164.61,-0.2,-0.2144635519254041,0.14749818359089156
164.615,-0.2,-0.21502330445369824,0.07275879482131838
164.62,-0.2,-0.2154292467314454,-0.15651232210476845
164.625,-0.2,-0.2155012700317109,-0.593276873760165
164.63,-0.2,-0.2151379757352125,-0.4744758205471103
164.635,-0.2,-0.21439887634225085,-0.49231947628972317
164.64,-0.2,-0.2134780542165742,-0.06818202383751643
164.645,-0.2,-0.21259366162390286,0.04586196096497035
164.65,-0.2,-0.21186886720301726,0.10012663407290538
164.655,-0.2,-0.21127882649632773,-0.042167599625478586
164.66,-0.2,-0.21068376478531592,-0.11374877454757022
164.665,-0.2,-0.20991443492111575,-0.4990567034707046
164.67,-0.2,-0.20886764960266765,-0.34575025804586734
164.675,-0.2,-0.20756288219623092,-0.44235027930694276
164.68,-0.2,-0.20612797734553753,-0.18398343491231456
164.685,-0.2,-0.2047307355457928,-0.05523435420203302
164.69,-0.2,-0.203492064903499,0.1256837014106027
164.695,-0.2,-0.2024250716865614,-0.1229698424540174
164.7,-0.2,-0.20144000805206047,-0.035745817348717984
164.705,-0.2,-0.2004034327910323,-0.34742825755213347
164.71,-0.2,-0.1992131894685467,-0.43214398441789803
164.715,-0.2,-0.19786310151873246,-0.46199204797817933
164.72,-0.2,-0.1964617692834803,-0.23754716015509664
164.725,-0.2,-0.1951700514339546,0.266773431023294
164.73,-0.2,-0.19407720203223403,0.16691748163810116
164.735,-0.2,-0.1931143462776851,-0.0031380791567091285
164.74,-0.2,-0.19209537576015892,-0.4425873228600652
164.745,-0.2,-0.19085678644933926,-0.5636675772142838
164.75,-0.2,-0.18938571082378142,-0.5901539763622994
164.755,-0.2,-0.1878565344966145,-0.518670202949011
164.76,-0.2,-0.18657795525227425,-0.37095712870441955
164.765,-0.2,-0.18588629587466635,0.11841344015206237
164.77,-0.2,-0.18601871045395063,-0.058982218471789666
164.775,-0.2,-0.187031411114258,0.03836797231621426
164.78,-0.2,-0.18881158312015686,-0.17423362153934327
164.785,-0.2,-0.1911576569679424,-0.4193581358350986
164.79,-0.2,-0.19388365453644374,-0.5175950843257127
164.795,-0.2,-0.19689744472329546,-0.32570859357055176
164.8,-0.2,-0.2001982563652908,-0.1719130575579883
164.805,-0.2,-0.20379941840055407,0.06444662144992172
164.81,-0.2,-0.20763726622807357,0.13052837168857176
164.815,-0.2,-0.21152377545505674,-0.0002669137254966425
164.82,-0.2,-0.2151740722813838,-0.19515603176609275
164.825,-0.2,-0.21829073009421313,-0.1920847509970649
164.83,-0.2,-0.2206529055317743,-0.5938772325034141
164.835,-0.2,-0.2221803254424937,-0.3593199750243238
164.84,-0.2,-0.22294197950480624,-0.14794068343936306
164.845,-0.2,-0.2230849090045293,-0.09184358912897811
164.85,-0.2,-0.2227345720797638,0.07282079415153672
164.855,-0.2,-0.22193435286238364,0.034500665242113523
164.86,-0.2,-0.22063278344637907,0.09330258391834692
164.865,-0.2,-0.21871849411437305,-0.46929746686261514
164.87,-0.2,-0.2161142338070421,-0.5313873743436961
164.875,-0.2,-0.21288541411566322,-0.5724149040593413
164.88,-0.2,-0.20926829604583153,-0.21392481309603678
164.885,-0.2,-0.2055836002231077,-0.0049780152742816995
164.89,-0.2,-0.20210334746765626,-0.00529861255449493
164.895,-0.2,-0.19897027063137282,-0.1067190254573111
164.9,-0.2,-0.1962084166453856,-0.17151245643666801
164.905,-0.2,-0.19379078345454917,-0.4948006845885297
164.91,-0.2,-0.1917268674190823,-0.6497785867193124
164.915,-0.2,-0.19013685875356645,-0.5733871976487355
164.92,-0.2,-0.18924815891877925,-0.01662327539209435
164.925,-0.2,-0.1892819959671668,0.08037228796883095
164.93,-0.2,-0.1903121960535048,0.09772599582607984
164.935,-0.2,-0.19221097411406007,0.049533468529500836
164.94,-0.2,-0.19469956850701678,-0.23396794797538964
164.945,-0.2,-0.19745601402676877,-0.4057254513470316
164.95,-0.2,-0.20023211647710948,-0.5619801837407356
164.955,-0.2,-0.20292522796604207,-0.35070729321547023
164.96,-0.2,-0.2055602693504616,-0.09119062770196329
164.965,-0.2,-0.20819493975689923,-0.021398302817502067
164.97,-0.2,-0.2108220651880542,0.06376872807027063
164.975,-0.2,-0.21332979679816996,0.0037002767353814317
164.98,-0.2,-0.21552245575647222,-0.12147676918570693
164.985,-0.2,-0.21718837993349444,-0.4877752610809679
164.99,-0.2,-0.21819609402661366,-0.4774234204152173
164.995,-0.2,-0.2185616576419344,-0.3595182071867511
165.0,-0.2,-0.2184348160989762,-0.3300349730994567
165.005,-0.2,-0.218014418526194,0.24840410737804228
165.01,-0.2,-0.21743393244050208,0.07728363931777373
165.015,-0.2,-0.216684354125718,-3.681799347179189e-05
165.02,-0.2,-0.2156502057963833,-0.5497525000172749
165.025,-0.2,-0.2142299844410134,-0.16027964017331786
165.03,-0.2,-0.21242247447359336,-0.5229783627429512
165.035,-0.2,-0.21034306843895817,-0.6090069560888639
165.04,-0.2,-0.20821285542719498,-0.14436950322081094
165.045,-0.2,-0.20630360973790435,-0.21775159036854214
165.05,-0.2,-0.20483750446662155,0.06838139518236717
165.055,-0.2,-0.20391059530369063,0.026781871224923245
165.06,-0.2,-0.20348376147137576,-0.36381357268183995
165.065,-0.2,-0.203447643401624,-0.280139137864984
165.07,-0.2,-0.20371537015322075,-0.4711046061420837
165.075,-0.2,-0.20427034976454905,-0.277168362469289
165.08,-0.2,-0.20515318851577288,-0.23669635544498097
165.085,-0.2,-0.20640999267548663,-0.024540847641754633
165.09,-0.2,-0.20802404370303054,0.21769670557319146
165.095,-0.2,-0.2098582512084397,0.05963850625820575
165.1,-0.2,-0.2116585272179475,-0.25930290547208534
165.105,-0.2,-0.21314534289564727,-0.37685212288632475
165.11,-0.2,-0.21413584481541756,-0.6017752353448481
165.115,-0.2,-0.2146216058362433,-0.6063639549827595
165.12,-0.2,-0.21477338541597074,-0.34758233665824123
165.125,-0.2,-0.21486070309397823,0.029403853218875314
165.13,-0.2,-0.2151115562468209,0.09137041042954452
165.135,-0.2,-0.2156007797980247,0.05363519726793755
165.14,-0.2,-0.2162492422397534,-0.47896912829858185
165.145,-0.2,-0.2169359372544362,-0.5598095785136987
165.15,-0.2,-0.2176320817510723,-0.5616066741656937
165.155,-0.2,-0.21845255498062144,-0.49633756076224805
165.16,-0.2,-0.2196095397832817,-0.23953302272009333
165.165,-0.2,-0.22131431276556315,-0.020038169309343407
165.17,-0.2,-0.22368004594985316,-0.18038753148945003
165.175,-0.2,-0.2266808758711293,-0.018142019583418018
165.18,-0.2,-0.23017342275660665,-0.18157826871666527
165.185,-0.2,-0.233951576570898,-0.4458591313014816
165.19,-0.2,-0.23782744301596662,-0.5142604285970688
165.195,-0.2,-0.24170323890708145,-0.35701083657162486
165.2,-0.2,-0.2455707347943348,-0.16787091539480692
165.205,-0.2,-0.24943509175241418,0.09929208617141977
165.21,-0.2,-0.25322576605527586,-0.028971436532688244
165.215,-0.2,-0.2567661623430832,-0.14012310356627108
165.22,-0.2,-0.2598156442095951,-0.011354624455247347
165.225,-0.2,-0.2621340765512702,-0.41458158048749894
165.23,-0.2,-0.26355159527152944,-0.5953542209765177
165.235,-0.2,-0.2640440552604207,-0.4745223703293685
165.24,-0.2,-0.2637508452645895,-0.258030709920602
165.245,-0.2,-0.2628969041082494,-0.07954935352590922
165.25,-0.2,-0.2616765468124529,0.08677705335684244
165.255,-0.2,-0.26017382821196433,-0.049792623123666294
165.26,-0.2,-0.2583608434402921,-0.2683685995014035
165.265,-0.2,-0.25616596634203925,-0.23057036986664597
165.27,-0.2,-0.2535577723535685,-0.6257592437004228
165.275,-0.2,-0.2506081222820523,-0.5037167837325157
165.28,-0.2,-0.24750597943570565,-0.12690696174700036
165.285,-0.2,-0.2444832759907575,-0.018924154527032576
165.29,-0.2,-0.24169940651217753,-0.02460745380942858
165.295,-0.2,-0.2391859831290994,-0.07472348655315131
165.3,-0.2,-0.23687562722704195,-0.28516056550524693
165.305,-0.2,-0.23467508051623207,-0.3740591914384056
165.31,-0.2,-0.23253828449235645,-0.4081062947212948
165.315,-0.2,-0.2305041163505123,-0.4497240653771205
165.32,-0.2,-0.22868923697813046,-0.2741734097392487
165.325,-0.2,-0.22724050759144412,-0.08582926906647323
165.33,-0.2,-0.22625581818077142,0.1429076771984387
165.335,-0.2,-0.22571041592962593,0.020211522798934095
165.34,-0.2,-0.22545098593352145,-0.327306013163571
165.345,-0.2,-0.2252885587682931,-0.639913500537749
165.35,-0.2,-0.22512615520481627,-0.37232929681317584
165.355,-0.2,-0.22500979050826034,-0.47499510703198483
165.36,-0.2,-0.22508429001924804,-0.30538288627592736
165.365,-0.2,-0.22550531079339767,0.27474317448198904
165.37,-0.2,-0.22632805238609827,0.10829798371324822
165.375,-0.2,-0.22742922789566392,0.07076837036063197
165.38,-0.2,-0.22854502017470216,-0.39084744558863205
165.385,-0.2,-0.2294029851765357,-0.41272965410412005
165.39,-0.2,-0.22984077936803687,-0.3291667831444751
165.395,-0.2,-0.22983741090227092,-0.4006652563024932
165.4,-0.2,-0.2294755067538035,-0.23001065330364054
165.405,-0.2,-0.22887685099376484,0.07313133926741024
165.41,-0.2,-0.22812126774067326,0.028681917099045676
165.415,-0.2,-0.2271902112702593,-0.07987361116174621
165.42,-0.2,-0.22598506189945025,-0.1894154833469394
165.425,-0.2,-0.22439954986040664,-0.3870087280247615
165.43,-0.2,-0.22239636245641636,-0.4891193671169663
165.435,-0.2,-0.22005850686068004,-0.5225311956077667
165.44,-0.2,-0.21758341551810756,-0.03727127438017763
165.445,-0.2,-0.21519836518250113,-0.035429153125998175
165.45,-0.2,-0.2130459136922578,0.16970926643599837
165.455,-0.2,-0.21112708071520897,-0.15691556429601877
165.46,-0.2,-0.20933741892852653,-0.2314577667537457
165.465,-0.2,-0.20755782933977396,-0.3516828879447581
165.47,-0.2,-0.20573608432817345,-0.5000800325132507
165.475,-0.2,-0.20392335419124666,-0.30267468426585126
165.48,-0.2,-0.20225278308054587,-0.15574414496505878
165.485,-0.2,-0.2008592253114171,0.18526498390190957
165.49,-0.2,-0.1997825312653027,0.04855934536849226
165.495,-0.2,-0.19893319114592162,-0.2559210437817785
165.5,-0.2,-0.19815478715862794,-0.1894167220660946
165.505,-0.2,-0.19731875162097634,-0.4141949549286599
165.51,-0.2,-0.19638720885601513,-0.5763725454974852
165.515,-0.2,-0.19544950964769547,-0.5708530339775447
165.52,-0.2,-0.19471793244438387,-0.19141307098806798
165.525,-0.2,-0.1944442578329549,-0.005619523805094333
165.53,-0.2,-0.194791282923333,0.16788655055793278
165.535,-0.2,-0.19574544993149998,0.09347958232752258
165.54,-0.2,-0.19711503440713135,0.04925459358875067
165.545,-0.2,-0.1986078017610756,-0.49795351628314644
165.55,-0.2,-0.19996325830012615,-0.5156952263526117
165.555,-0.2,-0.20107294131728848,-0.5487879730844584
165.56,-0.2,-0.20200838666192442,-0.3430127017670882
165.565,-0.2,-0.2029424531094911,0.10712536335461569
165.57,-0.2,-0.2040122602155776,0.14239584913244976
165.575,-0.2,-0.2052053247132203,0.2047167243165778
165.58,-0.2,-0.2063428631937185,-0.13806962503884762
165.585,-0.2,-0.20716236386606166,-0.21380108990968677
165.59,-0.2,-0.20743942935212994,-0.5235223271346866
165.595,-0.2,-0.20708580789079695,-0.4729572481520862
165.6,-0.2,-0.2061733489247293,-0.06003327944759132
165.605,-0.2,-0.20485560472613465,0.08669052814568154
165.61,-0.2,-0.20324600156147393,-0.04890067274178206
165.615,-0.2,-0.20136491531795778,-0.0994284924802995
165.62,-0.2,-0.1991743972198368,-0.13594318279263695
165.625,-0.2,-0.19663980144730597,-0.4434554150845778
165.63,-0.2,-0.19379285324885465,-0.5126295807940031
165.635,-0.2,-0.19077880052769539,-0.3621006648830668
165.64,-0.2,-0.18783809037585397,-0.13285772981996546
165.645,-0.2,-0.18521641657457596,0.012343384384273477
165.65,-0.2,-0.18306217544320547,0.20036328455315838
165.655,-0.2,-0.1813640776773382,0.16540863474087653
165.66,-0.2,-0.1799562947852288,-0.1382918880925076
165.665,-0.2,-0.17860690003443974,-0.4800771648307089
165.67,-0.2,-0.1771559233242463,-0.5557805504066076
165.675,-0.2,-0.17560931242716007,-0.3552297963829545
165.68,-0.2,-0.17411632081372247,-0.06211335680008931
165.685,-0.2,-0.17285651934008073,-0.022241088203827343
165.69,-0.2,-0.1719314721414101,0.06204809087728611
165.695,-0.2,-0.17132328152698117,0.001147116643803535
165.7,-0.2,-0.17092118408544513,-0.3084099877447819
165.705,-0.2,-0.1705985616741952,-0.35985789258308476
165.71,-0.2,-0.17029572970444173,-0.3678405655920114
165.715,-0.2,-0.17005524531727537,-0.45634465755492126
165.72,-0.2,-0.17000775180951286,-0.28911173725063855
165.725,-0.2,-0.17031521517469234,0.20404424122912737
165.73,-0.2,-0.17107281052720635,-0.03755163688055849
165.735,-0.2,-0.17223803163165186,0.05681407336907987
165.74,-0.2,-0.17364884246506312,-0.13873300996728002
165.745,-0.2,-0.17509853188220345,-0.30311598514167304
165.75,-0.2,-0.1764217808310637,-0.48428919021826294
165.755,-0.2,-0.1775588727096508,-0.23318504029723916
165.76,-0.2,-0.17854819804444005,-0.04424222424764693
165.765,-0.2,-0.17945503805379498,-0.2549577918801107
165.77,-0.2,-0.1803078633114103,0.250376006396294
165.775,-0.2,-0.1810560572318354,0.17749612225335842
165.78,-0.2,-0.18154623919230098,-0.17855728475473434
165.785,-0.2,-0.18157393525372179,-0.29756350946547605
165.79,-0.2,-0.1809992572051936,-0.510579252818263
165.795,-0.2,-0.17983332974459815,-0.46021101630433625
165.8,-0.2,-0.1782342060625435,0.09329355132302913
165.805,-0.2,-0.17640862493179313,-0.08700665023273797
165.81,-0.2,-0.1744994142909365,0.05958231712019264
165.815,-0.2,-0.17254894473407034,-0.09568842032617172
165.82,-0.2,-0.1705307699032574,-0.16223878602130365
165.825,-0.2,-0.16841168930759637,-0.510617288073648
165.83,-0.2,-0.16622573632129084,-0.41074590701868147
165.835,-0.2,-0.16411469848351457,-0.3400017767018552
165.84,-0.2,-0.16229113676287335,-0.020585758296740447
165.845,-0.2,-0.1609486025476779,-0.14794005468425545
165.85,-0.2,-0.16019090177282624,0.030352347522900655
165.855,-0.2,-0.16001730406703593,-0.17528595039974942
165.86,-0.2,-0.1603501025233841,-0.12853658793727327
165.865,-0.2,-0.1610837833271362,-0.3812192167579194
165.87,-0.2,-0.16214941154376972,-0.6601640571472098
165.875,-0.2,-0.1635794495914141,-0.43568804982020126
165.88,-0.2,-0.16550674556700873,0.06125282009795016
165.885,-0.2,-0.16805746490605536,0.00828840533887329
165.89,-0.2,-0.17123088947390566,0.08055342301789203
165.895,-0.2,-0.17486608525810038,0.12808046742046403
165.9,-0.2,-0.17868038522161392,-0.12294330109401272
165.905,-0.2,-0.18234082255501793,-0.1313598376901162
165.91,-0.2,-0.18555046025269548,-0.40240819578397163
165.915,-0.2,-0.18812450821233742,-0.45760333874053516
165.92,-0.2,-0.19002924889846168,-0.27983792620674985
165.925,-0.2,-0.19135125715316426,-0.004762688096647247
165.93,-0.2,-0.19219988755393178,0.08825907766574469
165.935,-0.2,-0.19261279127608147,0.06577014212019526
165.94,-0.2,-0.1925298174884069,-0.047678215088524656
165.945,-0.2,-0.1918470210693846,-0.529706835909064
165.95,-0.2,-0.190525196178812,-0.5489724245963433
165.955,-0.2,-0.18867744198901482,-0.34270526145037566
165.96,-0.2,-0.186561086089125,-0.46946522884276903
165.965,-0.2,-0.18449607493423922,-0.01871455570223793
165.97,-0.2,-0.1827626698996023,0.08713885863746945
165.975,-0.2,-0.18151078446852675,-0.0476720912565463
165.98,-0.2,-0.1807426188853915,-0.2697770580596958
165.985,-0.2,-0.18038675050674585,-0.3379653018123621
165.99,-0.2,-0.18039395098437697,-0.5208813158354817
165.995,-0.2,-0.18079828180655488,-0.540372426685646
166.0,-0.2,-0.18172330409160592,-0.14377611267109547
166.005,-0.2,-0.18331134986227823,0.08348988555701894
166.01,-0.2,-0.1856079397180439,0.06620418950037552
166.015,-0.2,-0.1885003282229494,-0.09185127303332914
166.02,-0.2,-0.1917575457217047,-0.19656246153866486
166.025,-0.2,-0.19512444843568788,-0.38558867948985914
166.03,-0.2,-0.19840919915848834,-0.4418388454768979
166.035,-0.2,-0.20153055781507445,-0.33554724199787456
166.04,-0.2,-0.20450458051673528,-0.1698507964095249
166.045,-0.2,-0.20737621061022415,0.039716426469277005
166.05,-0.2,-0.21013349712001408,0.15883975472166992
166.055,-0.2,-0.21265358065295825,0.00795737945190181
166.06,-0.2,-0.21472229706523066,-0.2638915591420452
166.065,-0.2,-0.21612822878715343,-0.4579737129560308
166.07,-0.2,-0.21676624624580287,-0.32755673598905155
166.075,-0.2,-0.21667945409328726,-0.5356287434318747
166.08,-0.2,-0.21604005821360994,-0.3316074153168377
166.085,-0.2,-0.2150963432976086,-0.1322303932817812
166.09,-0.2,-0.2140861438555976,0.07183012526772461
166.095,-0.2,-0.21314703255918505,-0.02291883634612619
166.1,-0.2,-0.2122915929748268,-0.2855704682084553
166.105,-0.2,-0.21147473049279203,-0.5218567533189216
166.11,-0.2,-0.21069946555096652,-0.4930033225734749
166.115,-0.2,-0.21007668134835597,-0.4812470965938609
166.12,-0.2,-0.20980336455919238,-0.21936060484739933
166.125,-0.2,-0.21007938171769072,0.02608012336502934
166.13,-0.2,-0.21100785740491143,-0.0021998223420651025
166.135,-0.2,-0.21253987265544416,0.0006204250554999184
166.14,-0.2,-0.2145004871047588,-0.3508833330615922
166.145,-0.2,-0.2166738487691384,-0.23360525746606417
166.15,-0.2,-0.2188853086386822,-0.4028537913567318
166.155,-0.2,-0.22104066779982107,-0.40877421132727987
166.16,-0.2,-0.22312996232706653,-0.30076487948490815
166.165,-0.2,-0.2251932090724124,0.05406359462834756
166.17,-0.2,-0.22724031858636304,0.09440156391186526
166.175,-0.2,-0.22917311303727333,0.14969985813891434
166.18,-0.2,-0.23077560702899483,-0.1618943356487086
166.185,-0.2,-0.23179090093516108,-0.44802475819551363
166.19,-0.2,-0.232042356556762,-0.4683978142557962
166.195,-0.2,-0.23151595640154643,-0.42722344200249884
166.2,-0.2,-0.23035139250888784,-0.2508239347095841
166.205,-0.2,-0.2287564612249293,0.13371776558249795
166.21,-0.2,-0.22689587451490634,-0.08182939254842703
166.215,-0.2,-0.22482723017806813,-0.0057425993013852945
166.22,-0.2,-0.2225081902134392,0.15955666245991718
166.225,-0.2,-0.2198377520296685,-0.5359299298273597
166.23,-0.2,-0.2167433033510499,-0.6479414780909402
166.235,-0.2,-0.21328970460914815,-0.255995866280763
166.24,-0.2,-0.20968663044215405,-0.24305892546407884
166.245,-0.2,-0.20618588696288187,-0.11929264507521546
166.25,-0.2,-0.2029888755011309,-0.133340034017514
166.255,-0.2,-0.20020751630448622,0.08758904696236197
166.26,-0.2,-0.19784902399716847,-0.05926835984035628
166.265,-0.2,-0.19583531189911413,-0.43946689504759995
166.27,-0.2,-0.19408654359584115,-0.553026860111152
166.275,-0.2,-0.19261953495494008,-0.4542873833622779
166.28,-0.2,-0.19156259518787278,-0.09978864259310928
166.285,-0.2,-0.19106637514519675,0.02300612916285262
166.29,-0.2,-0.1911955812577039,-0.09658776755161663
166.295,-0.2,-0.19189198951262515,-0.05340322756702748
166.3,-0.2,-0.19301216450530762,-0.26720321153749205
166.305,-0.2,-0.19439511122093434,-0.38728660047623836
166.31,-0.2,-0.19592814115335883,-0.34917575251523814
166.315,-0.2,-0.19757829660893622,-0.323735397281647
166.32,-0.2,-0.19937388298820052,-0.21603249480195277
166.325,-0.2,-0.20135507845036918,-0.03558070178460823
166.33,-0.2,-0.20351252972442999,0.13246854649039388
166.335,-0.2,-0.2057340101966547,0.10410968858066895
166.34,-0.2,-0.20779505921874564,-0.028958858124159687
166.345,-0.2,-0.20942275497654067,-0.5359497776033645
166.35,-0.2,-0.21042060801074525,-0.5895938075172759
166.355,-0.2,-0.21076546166715085,-0.1488927063869822
166.36,-0.2,-0.21057952685879872,-0.19776637517354592
166.365,-0.2,-0.2100131898963274,0.13967990972208288
166.37,-0.2,-0.20913703365082686,0.3177840099818242
166.375,-0.2,-0.20788249688799298,0.04047235928505269
166.38,-0.2,-0.2060661865788055,-0.23993642584445862
166.385,-0.2,-0.2035023593458878,-0.31546558589955087
166.39,-0.2,-0.2001218909112977,-0.5687897458290875
166.395,-0.2,-0.1960296087784157,-0.39496706497505263
166.4,-0.2,-0.1914881756781843,-0.32326045783413415
166.405,-0.2,-0.18683707645562733,-0.03507700546668037
166.41,-0.2,-0.1823802656175083,0.10345945370122034
166.415,-0.2,-0.1782974161219573,-0.025544977322883928
166.42,-0.2,-0.17463220518441264,-0.2512700564908417
166.425,-0.2,-0.1713627243651549,-0.3400003018518031
166.43,-0.2,-0.16849565877980316,-0.5614434895601216
166.435,-0.2,-0.16612979137402606,-0.5211750671078027
166.44,-0.2,-0.16445684863401938,-0.08624925099832445
166.445,-0.2,-0.16367955183642965,-0.01740508002065637
166.45,-0.2,-0.1638912632006979,0.25930018313413883
166.455,-0.2,-0.165002585938329,0.04431171756458134
166.46,-0.2,-0.16675960452602012,-0.13505081982930545
166.465,-0.2,-0.16884305693338494,-0.3643600625284037
166.47,-0.2,-0.1709949968203577,-0.5881344187240586
166.475,-0.2,-0.1731089811587024,-0.44819080218723384
166.48,-0.2,-0.17523430454545508,-0.14154462816044186
166.485,-0.2,-0.17748402322828521,0.0414993342812882
166.49,-0.2,-0.17990972792962018,0.1520924027053038
166.495,-0.2,-0.18242940399342028,0.027222371040993298
166.5,-0.2,-0.1848468624891257,-0.24960595099052993
166.505,-0.2,-0.1869400278825042,-0.2181192046891231
166.51,-0.2,-0.18855130361244654,-0.39828723533821364
166.515,-0.2,-0.18963287795953349,-0.35789657956539134
166.52,-0.2,-0.19024278971839717,-0.1315557845377345
166.525,-0.2,-0.19049169921500286,-0.04075275506054932
166.53,-0.2,-0.19046294787510917,0.10389149514813699
166.535,-0.2,-0.19015294870609167,0.13403782759124408
166.54,-0.2,-0.18946096780411867,-0.09649394507480887
166.545,-0.2,-0.18824332480235112,-0.3957265563541573
166.55,-0.2,-0.1864207358944348,-0.6041773215604448
166.555,-0.2,-0.18406979628736436,-0.3610605399075534
166.56,-0.2,-0.18141922966352436,-0.20665999878682767
166.565,-0.2,-0.17875411612599174,-0.08377625877153302
166.57,-0.2,-0.17630656686776605,0.07926174836332364
166.575,-0.2,-0.17418769236126755,0.08032254447108433
166.58,-0.2,-0.17237457312154766,-0.10496868741200126
166.585,-0.2,-0.1707643258514644,-0.4297272847153081
166.59,-0.2,-0.16927944245837215,-0.50653215616392
166.595,-0.2,-0.16795509980259263,-0.4256035215086765
166.6,-0.2,-0.16694091535316738,-0.1680045683710103
166.605,-0.2,-0.16641151604674947,0.2038792754063905
166.61,-0.2,-0.1664395134876567,0.24450260378883376
166.615,-0.2,-0.16692009716485362,-0.03688571979697962
166.62,-0.2,-0.1676143916478038,-0.27684463851476565
166.625,-0.2,-0.16828284879385733,-0.5544736018498169
166.63,-0.2,-0.16881944637653715,-0.7138611822253211
166.635,-0.2,-0.169313138694468,-0.331971469847563
166.64,-0.2,-0.16999683367036159,-0.2049432260537855
166.645,-0.2,-0.17110995183026892,0.21472450183462538
166.65,-0.2,-0.17276091979393954,0.11420748751102452
166.655,-0.2,-0.17486289060546492,0.19282583129015887
166.66,-0.2,-0.17715969303535647,-0.013973407384742564
166.665,-0.2,-0.17932033822757043,-0.427318608657797
166.67,-0.2,-0.1810688229696207,-0.40728339461051793
166.675,-0.2,-0.182281980741605,-0.33525783890639665
166.68,-0.2,-0.18298441191806522,0.0005910262454360271
166.685,-0.2,-0.18326287609036124,-0.2302917560764283
166.69,-0.2,-0.18318519141436285,0.21651658865666012
166.695,-0.2,-0.1827449557611447,0.32211691159251465
166.7,-0.2,-0.1818318094441085,-0.3300128750401117
166.705,-0.2,-0.18029087461837343,-0.3305251054254593
166.71,-0.2,-0.17805157305667096,-0.424772139943807
166.715,-0.2,-0.1752009154641273,-0.44029294377355177
166.72,-0.2,-0.17195989550389984,-0.08564474759476619
166.725,-0.2,-0.1685942167789881,0.06841602479515554
166.73,-0.2,-0.16530239891994408,0.11246597143049505
166.735,-0.2,-0.16215462761286287,-0.08763588097909372
166.74,-0.2,-0.15911966769483643,-0.13112699015284127
166.745,-0.2,-0.15614380063553224,-0.4342585386454889
166.75,-0.2,-0.15323650771333033,-0.5601182932951008
166.755,-0.2,-0.1505217781891905,-0.17835322814422142
166.76,-0.2,-0.14820957453158748,-0.2785911882008631
166.765,-0.2,-0.14650042985473963,0.2646485800299434
166.77,-0.2,-0.14547964279857542,0.24028297496560785
166.775,-0.2,-0.14505165672780165,0.1082651584514051
166.78,-0.2,-0.14496684203376892,-0.13892242519023648
166.785,-0.2,-0.14494024559577665,-0.5081718174867862
166.79,-0.2,-0.14478881152929185,-0.4285628127840977
166.795,-0.2,-0.14449850875699186,-0.24443624788630347
166.8,-0.2,-0.14418287390429063,-0.16217077571227898
166.805,-0.2,-0.1439827582850301,0.06312825893406482
166.81,-0.2,-0.14397088386434687,0.2942416030123779
166.815,-0.2,-0.14409090833621743,-0.007710682790298032
166.82,-0.2,-0.1441735864182858,-0.21276054876222422
166.825,-0.2,-0.1440372337702115,-0.36860292424687463
166.83,-0.2,-0.1435981438075964,-0.5038670196354997
166.835,-0.2,-0.14292484738894884,-0.4427493213403848
166.84,-0.2,-0.1422172856660522,-0.09608084761347938
166.845,-0.2,-0.14171728412213117,-0.10031928514796037
166.85,-0.2,-0.14159797132116886,0.26861744190213166
166.855,-0.2,-0.14189112748456081,-0.015995353493554576
166.86,-0.2,-0.14249671555921894,-0.3749470814788253
166.865,-0.2,-0.14328750732432616,-0.5098109343031553
166.87,-0.2,-0.1442256355154918,-0.27903293965386766
166.875,-0.2,-0.14538649529610628,-0.37466032528600923
166.88,-0.2,-0.1469000111122867,-0.05110163528896823
166.885,-0.2,-0.14886527580277303,0.20196171562050144
166.89,-0.2,-0.15126200945517934,0.2166692635156298
166.895,-0.2,-0.15390292981167653,0.14939724731951273
166.9,-0.2,-0.15646936585067342,-0.05772806331929635
166.905,-0.2,-0.1586167739863824,-0.4574624319367462
166.91,-0.2,-0.16011151305519805,-0.673726767024197
166.915,-0.2,-0.16093386755503325,-0.383761322399168
166.92,-0.2,-0.16126714580217127,-0.20301428853446252
166.925,-0.2,-0.16138053369227856,-0.10565328643468128
166.93,-0.2,-0.1615043852340235,0.035686396783449065
166.935,-0.2,-0.16175703526561305,0.15118269368188636
166.94,-0.2,-0.16212591193936823,-0.19835097192239137
166.945,-0.2,-0.1625164950160325,-0.3197449281595602
166.95,-0.2,-0.16285072541480902,-0.4215534334416511
166.955,-0.2,-0.16314427084052727,-0.4831776264465836
166.96,-0.2,-0.16351783444193188,-0.19093044711198273
166.965,-0.2,-0.1641403053302648,-0.05180799875114725
166.97,-0.2,-0.16512993694940728,0.2067365414086128
166.975,-0.2,-0.16647097539115954,0.09206552990238279
166.98,-0.2,-0.16800119173533068,-0.0809554445722058
166.985,-0.2,-0.16948611373109482,-0.4045649009937533
166.99,-0.2,-0.17073802167667315,-0.42648778930131825
166.995,-0.2,-0.17169440020932006,-0.17746686411774898
167.0,-0.2,-0.1723981193247394,-0.1022568973329763
167.005,-0.2,-0.17291183738586408,0.07994579970470965
167.01,-0.2,-0.17323828875637506,0.17282014368621568
167.015,-0.2,-0.17328821507563333,-0.13292929233005296
167.02,-0.2,-0.1729177083285188,-0.22033894848307123
167.025,-0.2,-0.1720188029307742,-0.49012733632469946
167.03,-0.2,-0.1706082015213756,-0.6134900633479672
167.035,-0.2,-0.16886830106355152,-0.3885154661695747
167.04,-0.2,-0.1671084381494779,-0.197865558867319
167.045,-0.2,-0.16564574258952916,0.2873033368841038
167.05,-0.2,-0.16466211944624376,0.2098890757689856
167.055,-0.2,-0.1641291195995396,0.002459385353154868
167.06,-0.2,-0.16385617815122563,-0.15442838653524252
167.065,-0.2,-0.16361040077001307,-0.2076716551393562
167.07,-0.2,-0.16321919227440207,-0.49330022344203717
167.075,-0.2,-0.1626316937724169,-0.41193316622975756
167.08,-0.2,-0.16192946099778133,-0.1446351619123103
167.085,-0.2,-0.16126167559252805,0.009515431572820407
167.09,-0.2,-0.1607377159773891,0.15049778077468726
167.095,-0.2,-0.1603540953775107,0.024257885651323995
167.1,-0.2,-0.16000154200250757,-0.23133411794101144
167.105,-0.2,-0.1595452551018455,-0.3723769623834517
167.11,-0.2,-0.1589191633136572,-0.3390270396942708
167.115,-0.2,-0.15816527731340677,-0.2888702546271109
167.12,-0.2,-0.1574031535524279,-0.10168201250312732
167.125,-0.2,-0.15675633286749974,0.14010617546619242
167.13,-0.2,-0.15626688382959547,0.23303828856237643
167.135,-0.2,-0.15584360166747735,0.029812516504068826
167.14,-0.2,-0.155293251073871,-0.2516918312123325
167.145,-0.2,-0.1544290026356607,-0.4479103651545818
167.15,-0.2,-0.15318592031937905,-0.5392464450630856
167.155,-0.2,-0.1516711494572245,-0.3393255325074125
167.16,-0.2,-0.15012750093189356,-0.3460315326591064
167.165,-0.2,-0.1488495175220435,-0.20698660106211528
167.17,-0.2,-0.14809760206711978,0.10100048916729823
167.175,-0.2,-0.1480242523629194,-0.06965500489472407
167.18,-0.2,-0.14864737208357473,-0.25147111850643855
167.185,-0.2,-0.14990666503120964,-0.44565530583347246
167.19,-0.2,-0.15175953963673441,-0.48336811415933717
167.195,-0.2,-0.15423856003373443,-0.3887880273681741
167.2,-0.2,-0.15743777243618406,-0.21900831729839182
167.205,-0.2,-0.16144112400421426,0.08101080304659473
167.21,-0.2,-0.16623587002683887,-0.03686054425701846
167.215,-0.2,-0.17166313004112108,0.2388775770841567
167.22,-0.2,-0.1774316769650186,-0.30592223534411833
167.225,-0.2,-0.1832016363590993,-0.43304328694865213
167.23,-0.2,-0.18871190520207684,-0.5806133677860982
167.235,-0.2,-0.19386124766480797,-0.25010114576669007
167.24,-0.2,-0.19867499604664865,-0.073779706262424
167.245,-0.2,-0.20319232014227118,0.15262545395372634
167.25,-0.2,-0.207363932949575,0.06014011155900231
167.255,-0.2,-0.211026945204942,-0.08291216891260003
167.26,-0.2,-0.2139603328059336,-0.1806669498854331
167.265,-0.2,-0.21597880241675782,-0.5704899400554202
167.27,-0.2,-0.21703059255642038,-0.6946488352437714
167.275,-0.2,-0.21725414683616853,-0.24751445136968578
167.28,-0.2,-0.2169249311315685,-0.06823277389140164
167.285,-0.2,-0.21631595749193033,-0.024753436347418535
167.29,-0.2,-0.21558972745361893,0.058462733898837625
167.295,-0.2,-0.2147766134533189,-0.11249393516116207
167.3,-0.2,-0.21381688273103658,-0.2295423281855134
167.305,-0.2,-0.2126361280187708,-0.37837737585243997
167.31,-0.2,-0.21122097388663483,-0.5164573940214788
167.315,-0.2,-0.20966665183196131,-0.5043202905168894
167.32,-0.2,-0.2081756641302553,-0.2793001505050003
167.325,-0.2,-0.2069909855817741,0.016900051634877164
167.33,-0.2,-0.20628512008571653,0.12344818358711107
167.335,-0.2,-0.20607770374869572,-0.061376274888135296
167.34,-0.2,-0.2062474258082917,-0.26568571829415427
167.345,-0.2,-0.2066270881564442,-0.4289369765693457
167.35,-0.2,-0.20710706236488868,-0.44480953245054866
167.355,-0.2,-0.2076843088887242,-0.39463530247553547
167.36,-0.2,-0.2084416201888499,-0.1553472548091821
167.365,-0.2,-0.20947505573481448,-0.019092452248545937
167.37,-0.2,-0.21080592897032607,0.20435813117420965
167.375,-0.2,-0.21232776372585735,-0.14985969866336904
167.38,-0.2,-0.2138365192476575,-0.29755626995478257
167.385,-0.2,-0.2151307525120991,-0.3618293758969834
167.39,-0.2,-0.21610475756037198,-0.5828154921918864
167.395,-0.2,-0.21679448963234962,-0.5868532235963606
167.4,-0.2,-0.21737116195708603,-0.17805091863536682
167.405,-0.2,-0.21806309822556486,-0.13544172916884656
167.41,-0.2,-0.2190412112635798,0.013573517021121237
167.415,-0.2,-0.2203478844969681,-0.015994285663163434
167.42,-0.2,-0.22190089224610568,-0.3011232227106281
167.425,-0.2,-0.22356290970122594,-0.4180629846171106
167.43,-0.2,-0.22524001536711277,-0.5972450929121329
167.435,-0.2,-0.2269453886428698,-0.3512864409437323
167.44,-0.2,-0.22878345784666215,-0.21680196385865064
167.445,-0.2,-0.23086421345875952,0.08202545876188971
167.45,-0.2,-0.233204429163105,0.05453824991043793
167.455,-0.2,-0.23567732650159837,0.06739785599477002
167.46,-0.2,-0.23804005039855816,-0.28885472411231683
167.465,-0.2,-0.24003169937208063,-0.5209310767102378
167.47,-0.2,-0.241493054726263,-0.5136203749910695
167.475,-0.2,-0.24242945769054425,-0.40775712478874165
167.48,-0.2,-0.2429749063303606,-0.11144943308782913
167.485,-0.2,-0.24328743985088774,0.04211644774301752
167.49,-0.2,-0.2434364401977579,0.29193156254074626
167.495,-0.2,-0.24334049551779777,-0.08024041537095337
167.5,-0.2,-0.24279470523314167,-0.016381316523986944
167.505,-0.2,-0.24156846172184993,-0.4423700997688267
167.51,-0.2,-0.23952149462167432,-0.6509573868498012
167.515,-0.2,-0.2366892759599245,-0.32298561523204605
167.52,-0.2,-0.23327283638100124,-0.14552411699286377
167.525,-0.2,-0.2295295223274891,-0.06947428504850572
167.53,-0.2,-0.22565407175369145,0.26386634912813556
167.535,-0.2,-0.2217144228501926,-0.1434542730108484
167.54,-0.2,-0.21766955335753677,-0.2613426906334408
167.545,-0.2,-0.2134669051955566,-0.5222463397662351
167.55,-0.2,-0.20915321739708878,-0.6828711170718994
167.555,-0.2,-0.2049291969572167,-0.4178075956692005
167.56,-0.2,-0.2011087082687397,-0.07961620991574245
167.565,-0.2,-0.1979888292821184,0.1271696620903841
167.57,-0.2,-0.19571646630207748,0.07925544565964238
167.575,-0.2,-0.19424056987236615,0.08119616993791906
167.58,-0.2,-0.1933641313621084,-0.4024690077004606
167.585,-0.2,-0.1928547573208849,-0.18550622748225828
167.59,-0.2,-0.19254044679857393,-0.39554466355562784
167.595,-0.2,-0.1923478252881778,-0.48573973009645943
167.6,-0.2,-0.19230148709671713,-0.16646443908295253
167.605,-0.2,-0.19248167647360712,-0.0682899389087939
167.61,-0.2,-0.19294230161584644,-0.008007519869582327
167.615,-0.2,-0.19364645527498547,0.13357239428688167
167.62,-0.2,-0.1944551391149043,-0.161086071633624
167.625,-0.2,-0.19517318440630396,-0.2898199974666613
167.63,-0.2,-0.1956413801800447,-0.5596418417018223
167.635,-0.2,-0.19582175118175263,-0.40260294330959356
167.64,-0.2,-0.19581901387561682,-0.44894183039373114
167.645,-0.2,-0.19582484619276627,0.07485225265135909
167.65,-0.2,-0.19600858052679862,0.059406528005686056
167.655,-0.2,-0.19642026637343565,-0.0486854706464047
167.66,-0.2,-0.19698126636275082,-0.15228147527044006
167.665,-0.2,-0.19755514689151216,-0.31512991366920834
167.67,-0.2,-0.19803879384235482,-0.6162111003142589
167.675,-0.2,-0.19843734545188957,-0.4411814311770272
167.68,-0.2,-0.1988769085305122,-0.15047769542289383
167.685,-0.2,-0.19952332119848273,0.019687901409661285
167.69,-0.2,-0.2004576605675253,0.34539569039511575
167.695,-0.2,-0.20159418683891767,-0.030668959743969403
167.7,-0.2,-0.2027018111040733,-0.23001434847161506
167.705,-0.2,-0.20351819133984161,-0.26348239478259505
167.71,-0.2,-0.2038601691601364,-0.3477429946034408
167.715,-0.2,-0.20366634146642995,-0.3594809027793502
167.72,-0.2,-0.20298579587690224,-0.16201348315710978
167.725,-0.2,-0.20192477837174225,0.03465694069370289
167.73,-0.2,-0.20057083830557543,-0.10304157646188469
167.735,-0.2,-0.19894697528076483,0.0717811167737773
167.74,-0.2,-0.19701503556291852,-0.15234239526953702
167.745,-0.2,-0.19471678180488042,-0.41848997645471625
167.75,-0.2,-0.19205113346047806,-0.5773154020017311
167.755,-0.2,-0.18914816577352822,-0.47222911077804613
167.76,-0.2,-0.1862678267091711,-0.18955007360665344
167.765,-0.2,-0.1837064970861203,0.04052880037502805
167.77,-0.2,-0.18166959985760114,0.192403111240159
167.775,-0.2,-0.1801872265390414,0.12513114845335926
167.78,-0.2,-0.17911872913237437,-0.152928392937534
167.785,-0.2,-0.17824040417688833,-0.23332848091113914
167.79,-0.2,-0.17735886251715577,-0.427414484583699
167.795,-0.2,-0.17638907324672917,-0.39729414986426953
167.8,-0.2,-0.1753683086128542,-0.1544910384648922
167.805,-0.2,-0.17440233280738127,-0.09492810222414204
167.81,-0.2,-0.17357835026157825,0.1131725809566576
167.815,-0.2,-0.17290100064813013,-0.03249617768511409
167.82,-0.2,-0.1722952088781811,-0.4154635357275209
167.825,-0.2,-0.17167821713469947,-0.19947458193429865
167.83,-0.2,-0.17102859753121263,-0.33255057302175894
167.835,-0.2,-0.17039471651330793,-0.2880835554425999
167.84,-0.2,-0.16986719374027542,-0.11415310349306708
167.845,-0.2,-0.16953203216599355,0.07759635453031025
167.85,-0.2,-0.16940321225099733,0.20822648937671823
167.855,-0.2,-0.16937301619272171,0.0836196920497147
167.86,-0.2,-0.16922904243620981,-0.17457905389106673
167.865,-0.2,-0.16874306317774376,-0.35107183421286586
167.87,-0.2,-0.16778010792535397,-0.48141702481587145
167.875,-0.2,-0.1663559083166217,-0.17335335075621613
167.88,-0.2,-0.16460723529279223,-0.230314456921773
167.885,-0.2,-0.16270721414392794,0.07667222018014905
167.89,-0.2,-0.1607797727444507,0.14310388323445342
167.895,-0.2,-0.15884506883799487,0.01280362040166708
167.9,-0.2,-0.1568257706862121,-0.1263665184685643
167.905,-0.2,-0.15461786236189903,-0.36122202157997874
167.91,-0.2,-0.1521788264600406,-0.3682304890371398
167.915,-0.2,-0.14957976886775956,-0.3909194814374529
167.92,-0.2,-0.14699972738553116,-0.289414093073762
167.925,-0.2,-0.14466733298847245,0.070899106169716
167.93,-0.2,-0.1427633890426414,0.20189343971994347
167.935,-0.2,-0.1413338738822922,-0.019025999473729835
167.94,-0.2,-0.14029534440686625,-0.3738213215844528
167.945,-0.2,-0.13953650608350893,-0.27608751101103085
167.95,-0.2,-0.1390181576119452,-0.510655972256777
167.955,-0.2,-0.13880510094090776,-0.28806609020134094
167.96,-0.2,-0.1390381176367411,-0.23960470024642475
167.965,-0.2,-0.13986592685237462,0.02212395312590159
167.97,-0.2,-0.14135848071118595,0.24748713836665312
167.975,-0.2,-0.143434078039408,0.20678664797979113
167.98,-0.2,-0.14585366600951802,-0.2684072505901737
167.985,-0.2,-0.14831950521148912,-0.3749186930525209
167.99,-0.2,-0.15061273622590451,-0.36255911516245803
167.995,-0.2,-0.15266668812713252,-0.5674330582232905
168.0,-0.2,-0.15456267089768894,-0.2623479735347974
168.005,-0.2,-0.156466400832411,0.08236164563719743
168.01,-0.2,-0.15851117531633407,0.13225198033195434
168.015,-0.2,-0.160702942366139,-0.10765919074398886
168.02,-0.2,-0.16292894796281052,-0.11844816244017906
168.025,-0.2,-0.16504024947800114,-0.35059119568342056
168.03,-0.2,-0.16693653974031208,-0.4678144007717277
168.035,-0.2,-0.1686240361004172,-0.4687779537813303
168.04,-0.2,-0.17022597758616798,-0.29519350004632783
168.045,-0.2,-0.17192500727173965,0.03871429211980967
168.05,-0.2,-0.17385791984472804,0.07977316228717146
168.055,-0.2,-0.176030844594936,0.05455710167163672
168.06,-0.2,-0.1783165828990818,-0.21279662194586518
168.065,-0.2,-0.1805347404519297,-0.4172465833346134
168.07,-0.2,-0.18256019947065252,-0.47739825948526055
168.075,-0.2,-0.18438729175067722,-0.2900704466940984
168.08,-0.2,-0.18610928400807777,-0.19310242277269435
168.085,-0.2,-0.18784009200112378,-0.01642647965994959
168.09,-0.2,-0.18963196068327695,0.15147113319694483
168.095,-0.2,-0.19142428927419003,-0.004511831963940893
168.1,-0.2,-0.19304613593283534,0.04276557072387499
168.105,-0.2,-0.19427106013424553,-0.2518119290955076
168.11,-0.2,-0.1949044369732629,-0.546994264950417
168.115,-0.2,-0.19487596398628235,-0.3940389213488751
168.12,-0.2,-0.19427076541880525,-0.12864431445045313
168.125,-0.2,-0.19325506719668095,0.0465154925377011
168.13,-0.2,-0.1919592775201958,0.07769121451574529
168.135,-0.2,-0.19041022871222227,0.06229803123409867
168.14,-0.2,-0.1885347158844089,0.007018406089600665
168.145,-0.2,-0.18621217534603993,-0.3227507731481921
168.15,-0.2,-0.18336040737456652,-0.47528593949935066
168.155,-0.2,-0.18001816184033861,-0.35882542405565393
168.16,-0.2,-0.17635908359338345,-0.19094136352225952
168.165,-0.2,-0.17261876408116636,0.03510878721849334
168.17,-0.2,-0.16898778228862077,0.15602915076139348
168.175,-0.2,-0.16553822127955342,0.00030868404837022106
168.18,-0.2,-0.16223185164706022,-0.2981385903798538
168.185,-0.2,-0.15900763188052808,-0.3940883447456115
168.19,-0.2,-0.1558804971341581,-0.47586467076417294
168.195,-0.2,-0.15298324538226038,-0.3892436474461421
168.2,-0.2,-0.15053486576357938,-0.10766972680311572
168.205,-0.2,-0.1487533295265896,0.0028690477353180838
168.21,-0.2,-0.14775772915493635,0.1588488106805212
168.215,-0.2,-0.1475110721216438,0.12870065350491353
168.22,-0.2,-0.1478301580647465,-0.14879384742919458
168.225,-0.2,-0.14846342325964365,-0.2723353860983352
168.23,-0.2,-0.1491972937937665,-0.3809164166644607
168.235,-0.2,-0.14993041625734033,-0.4438609693159308
168.24,-0.2,-0.15068438429234066,-0.12360440975659664
168.245,-0.2,-0.15154679584574254,-0.03475738615850231
168.25,-0.2,-0.15257732292439133,0.12040625348760767
168.255,-0.2,-0.15373801883141733,0.09821842292853296
168.26,-0.2,-0.15488684991022686,-0.13167379569236062
168.265,-0.2,-0.15584228969647126,-0.4533685467869586
168.27,-0.2,-0.1564911308722913,-0.4682479835665463
168.275,-0.2,-0.15686616406644657,-0.4587642963177811
168.28,-0.2,-0.1571399638221295,-0.2726384207824015
168.285,-0.2,-0.15754564511628724,-0.002135264755789401
168.29,-0.2,-0.15826623037264884,0.14016463157738837
168.295,-0.2,-0.1593418157518866,0.23522429682741897
168.3,-0.2,-0.16064959749779034,-0.2749849566842764
168.305,-0.2,-0.1619889864854437,-0.4350049259147236
168.31,-0.2,-0.16322119567603025,-0.4975591744765016
168.315,-0.2,-0.16435373571121628,-0.4172223243912115
168.32,-0.2,-0.16552835867075538,-0.4140644469277851
168.325,-0.2,-0.16694969524300513,0.01365981210273571
168.33,-0.2,-0.16878494385403076,0.04783183406405386
168.335,-0.2,-0.17107409945015803,0.0488538190066989
168.34,-0.2,-0.17371381282272227,-0.21855757371023898
168.345,-0.2,-0.17652545779040638,-0.26682470405144393
168.35,-0.2,-0.17935401034141543,-0.5771009166044849
168.355,-0.2,-0.18214062231846467,-0.28257364278265656
168.36,-0.2,-0.1849302063505153,-0.3305521528986034
168.365,-0.2,-0.1878087172369702,0.1331618054533702
168.37,-0.2,-0.19080733168974767,0.07588808267875863
168.375,-0.2,-0.19382639238931987,0.3028441857894264
168.38,-0.2,-0.1966236805773301,-0.12755371448799985
168.385,-0.2,-0.1988916634187342,-0.42279707120984394
168.39,-0.2,-0.2004014187783194,-0.6771068013194821
168.395,-0.2,-0.201120972527664,-0.3886269782156072
168.4,-0.2,-0.20121388923238095,-0.232525458563429
168.405,-0.2,-0.20092429569223816,0.11056227336827201
168.41,-0.2,-0.20043158523834118,0.2763528668082055
168.415,-0.2,-0.1997573197850147,0.005712142908503833
168.42,-0.2,-0.19877936141345962,-0.17343096180929746
168.425,-0.2,-0.19734680340693095,-0.6226878196536707
168.43,-0.2,-0.19542344800418412,-0.6663012343542931
168.435,-0.2,-0.19316597974700725,-0.3203609907863332
168.44,-0.2,-0.19086951554751588,-0.010360909690012021
168.445,-0.2,-0.18881851628893628,0.009503300855894434
168.45,-0.2,-0.1871620171646541,0.2187358763421408
168.455,-0.2,-0.18587775801791084,-0.09615945368241856
168.46,-0.2,-0.18482377184749146,-0.31107108915141873
168.465,-0.2,-0.18384222029409386,-0.1967396826119236
168.47,-0.2,-0.18284333384732537,-0.5041334428337121
168.475,-0.2,-0.18184100286639368,-0.4525752386972478
168.48,-0.2,-0.18095304023248832,-0.19549060703981896
168.485,-0.2,-0.18034368122272137,0.04225862570602254
168.49,-0.2,-0.18011999699728118,0.0636580730640636
168.495,-0.2,-0.1802584966089235,0.12248041951875141
168.5,-0.2,-0.18061132304745914,-0.2829588803744961
168.505,-0.2,-0.18098344424661472,-0.21846693033982328
168.51,-0.2,-0.18122454596344786,-0.3382909325877652
168.515,-0.2,-0.18127428315262464,-0.27244905690777954
168.52,-0.2,-0.18115082117238052,-0.10063596080221171
168.525,-0.2,-0.18090136224674422,-0.023927298928256152
168.53,-0.2,-0.180541028169314,0.07528514442943503
168.535,-0.2,-0.1800153173276428,0.014943151508175507
168.54,-0.2,-0.17921455929972477,-0.3662015724864237
168.545,-0.2,-0.17804624951270534,-0.36393229962356277
168.55,-0.2,-0.17651573315468896,-0.40910076465549217
168.555,-0.2,-0.1747454848887363,-0.22605635074278171
168.56,-0.2,-0.17292540060470565,-0.15404843186136558
168.565,-0.2,-0.17123224636001536,0.13586464877323082
168.57,-0.2,-0.1697519476722339,0.11413601991647075
168.575,-0.2,-0.16843902482537676,0.060785019151468264
168.58,-0.2,-0.16714284072303856,-0.17597098166356967
168.585,-0.2,-0.16569398067002752,-0.41269182489027156
168.59,-0.2,-0.1640069375931615,-0.480978428782271
168.595,-0.2,-0.1621428300424022,-0.4356589437662813
168.6,-0.2,-0.160295679372428,-0.219117023837208
168.605,-0.2,-0.15870899815811595,0.010839674963174322
168.61,-0.2,-0.15756536377479494,0.13362536362237643
168.615,-0.2,-0.15690849349210542,0.031001076107436125
168.62,-0.2,-0.1566459208556424,-0.22124195117746429
168.625,-0.2,-0.1566326778217533,-0.4292083879331803
168.63,-0.2,-0.15677925114958988,-0.44612231792184176
168.635,-0.2,-0.15710808665838794,-0.2821094186310181
168.64,-0.2,-0.15772437806128786,-0.12268326543373846
168.645,-0.2,-0.15872852044650626,0.14056854784009898
168.65,-0.2,-0.16012101096922288,0.26617316469535407
168.655,-0.2,-0.16174800310425358,0.0827962181712639
168.66,-0.2,-0.1633277671998479,-0.09637551228766143
168.665,-0.2,-0.16455340355758186,-0.3810139717144252
168.67,-0.2,-0.16521152374899079,-0.3799910297599616
168.675,-0.2,-0.16525412123211713,-0.5106143729579762
168.68,-0.2,-0.16478823615252164,0.12308141341019016
168.685,-0.2,-0.16397485053016406,0.1282530839964173
168.69,-0.2,-0.16289941214097536,0.15457047862166057
168.695,-0.2,-0.16151996174666214,-0.0056657867706190815
168.7,-0.2,-0.15971362565321756,-0.1056578899880648
168.705,-0.2,-0.15736473993460653,-0.4117750562286049
168.71,-0.2,-0.15445437775783952,-0.5027840142572922
168.715,-0.2,-0.15111357121524802,-0.262996294426915
168.72,-0.2,-0.1475878370156677,0.05461629251548353
168.725,-0.2,-0.14412304531012893,0.025965289393691603
168.73,-0.2,-0.14086364971582158,0.14952800251405018
