t,reference,measured,noisy
375.505,0.2,-7.977373669954703e-06,-0.2553660349098175
375.51,0.2,-6.813560357212262e-05,-0.24294842687248172
375.515,0.2,-0.00028732520012859214,-0.10291221604855563
375.52,0.2,-0.0008144566330798954,0.0016572438533236904
375.525,0.2,-0.0017765797592007475,0.14627172545239286
375.53,0.2,-0.003213744087576702,0.3006135799849365
375.535,0.2,-0.005037968136838636,0.28432152924357657
375.54,0.2,-0.007039817581995317,-0.03183370495371443
375.545,0.2,-0.0089663756297047,-0.2579399871421125
375.55,0.2,-0.010640212152018139,-0.3709964760549167
375.555,0.2,-0.012036916716092307,-0.17209411476651204
375.56,0.2,-0.013262509972220898,0.10121743404506833
375.565,0.2,-0.0144501916641892,0.19367257907974145
375.57,0.2,-0.015650871466364624,0.4258832812889932
375.575,0.2,-0.01677378018223226,0.3106244733162678
375.58,0.2,-0.01759933375008026,0.042078323418731
375.585,0.2,-0.017869483949176087,-0.19837364548249856
375.59,0.2,-0.017409092048966627,-0.19578690246393043
375.595,0.2,-0.016197880664230616,-0.21760924706229193
375.6,0.2,-0.014363445479149025,-0.11336512245804192
375.605,0.2,-0.012117193423542186,0.20573899499174428
375.61,0.2,-0.009656096904628679,0.3284241143728862
375.615,0.2,-0.0070734362633431795,0.22416025841257325
375.62,0.2,-0.004343230721911408,0.01904441585347555
375.625,0.2,-0.0013860249265111506,-0.0295847889321518
375.63,0.2,0.0018454733533388662,-0.2052692425206239
375.635,0.2,0.005316259663637222,-0.019283516313651494
375.64,0.2,0.008914590122186532,0.023088179546920315
375.645,0.2,0.01250328327408822,0.16044629537292582
375.65,0.2,0.015983619183047616,0.32927900080121203
375.655,0.2,0.01934373818355495,0.261829972206863
375.66,0.2,0.022669777362770982,0.21940560253016073
375.665,0.2,0.026101652170547506,-0.15336305837732225
375.67,0.2,0.029747908081999425,-0.07999369430581629
375.675,0.2,0.033616890675532245,-0.10381483670322768
375.68,0.2,0.03761663651058137,0.1352168276560391
375.685,0.2,0.04161821478310591,0.252224387690995
375.69,0.2,0.045536954934144655,0.36963519971043324
375.695,0.2,0.04938227281685501,0.2039991692498483
375.7,0.2,0.053241963686230354,0.029951815110813053
375.705,0.2,0.057206245278292274,-0.20469525240238756
375.71,0.2,0.06127756292900816,-0.2606170880422919
375.715,0.2,0.06531655290672772,-0.34690130833254174
375.72,0.2,0.06906072683577792,0.28142357089348635
375.725,0.2,0.07223288830918703,0.3268397413438068
375.73,0.2,0.0746813332223862,0.4369989379255538
375.735,0.2,0.07644607860020698,0.3136302160792731
375.74,0.2,0.07772656128220073,0.31114563514966276
375.745,0.2,0.0788012757815789,0.03692792218742713
375.75,0.2,0.07992778667611522,-0.2707634428639251
375.755,0.2,0.08124650911556895,-0.0005736331249116128
375.76,0.2,0.08275242227932271,0.056087399694632334
375.765,0.2,0.08435657126293646,0.17353448496599694
375.77,0.2,0.08597363933690863,0.35373402404892945
375.775,0.2,0.0875846654513322,0.3299689347257229
375.78,0.2,0.08925631442247896,0.134884299235515
375.785,0.2,0.09109722747271555,-0.07347526657342393
375.79,0.2,0.0931683167969631,-0.2757493488486026
375.795,0.2,0.09540986525087103,-0.04360504967408097
375.8,0.2,0.09764744389696385,0.11232849290491906
375.805,0.2,0.09967587625642302,0.23552706415717706
375.81,0.2,0.1013519455322412,0.2702869204649487
375.815,0.2,0.10264436945026247,0.4452852208520338
375.82,0.2,0.10364824316834859,0.41767460294773046
375.825,0.2,0.10456071569386784,-0.05761099946246009
375.83,0.2,0.10558878837537757,-0.17427999132385563
375.835,0.2,0.106831565261515,-0.1076026148405127
375.84,0.2,0.10824136682859618,0.12533770001458605
375.845,0.2,0.10969238098396775,0.31473174300973655
375.85,0.2,0.1110841586394667,0.2514551831566612
375.855,0.2,0.1123992075238755,0.2855554775411248
375.86,0.2,0.11369835707374626,0.25031808913361375
375.865,0.2,0.1150835658767764,0.04803547812964419
375.87,0.2,0.11664501126027352,0.0011397200722916556
375.875,0.2,0.11841061466875728,0.022969535699181184
375.88,0.2,0.12033467600835748,0.16327029326999676
375.885,0.2,0.12234186340868598,0.45021405156597344
375.89,0.2,0.12440338781413071,0.43517688453608877
375.895,0.2,0.12658820766877257,0.31850280817074383
375.9,0.2,0.1290452861088227,0.2829962317003995
375.905,0.2,0.1319348595058278,-0.021735720693448184
375.91,0.2,0.13534050421817248,-0.3137876607085659
375.915,0.2,0.139196154023387,0.13543555549707156
375.92,0.2,0.14330140239022185,0.2574701745669091
375.925,0.2,0.14743202448290899,0.346825157867915
375.93,0.2,0.15144359350096834,0.4183340050364979
375.935,0.2,0.15530860319161044,0.44201644080809965
375.94,0.2,0.1590936456560748,-0.062470967019477575
375.945,0.2,0.16287415478705347,-0.09698162662445313
375.95,0.2,0.1666324189745194,-0.05135440708847562
375.955,0.2,0.1702206781804933,-0.20090847380885854
375.96,0.2,0.1733941938506933,0.12941754103225248
375.965,0.2,0.17589209024216015,0.5372990664872817
375.97,0.2,0.1775553321501769,0.40762598529866867
375.975,0.2,0.1784053913759086,0.41155676971011856
375.98,0.2,0.1786134663880163,0.029189594528884283
375.985,0.2,0.1783954018919465,0.09647320723568167
375.99,0.2,0.177910573007191,-0.1806308913931173
375.995,0.2,0.17720966790619272,0.026073803354865838
376.0,0.2,0.17624605451761102,0.20680010697634893
376.005,0.2,0.1749469436168489,0.33498956392172363
376.01,0.2,0.17329848598657685,0.3741203799085393
376.015,0.2,0.17138699006004435,0.33170646105049817
376.02,0.2,0.1693865328798194,0.34023339656976426
376.025,0.2,0.16751025960533264,-0.028392265389593597
376.03,0.2,0.16593244019456532,-0.10381401235634298
376.035,0.2,0.16471277316662294,-0.012819197909275366
376.04,0.2,0.16379193058104785,0.35722557672213784
376.045,0.2,0.1630832093815634,0.5877284835328798
376.05,0.2,0.16259456620626175,0.6293381205115726
376.055,0.2,0.1624845375028877,0.38359047672586516
376.06,0.2,0.16301243120090333,0.2773281471121777
376.065,0.2,0.164422990566423,-0.11800638988327468
376.07,0.2,0.1668324011490648,-0.011911678232956163
376.075,0.2,0.17016999790736967,-0.1167695442906311
376.08,0.2,0.174201350661726,0.21515547188526815
376.085,0.2,0.17861700828630137,0.311814632269953
376.09,0.2,0.1831417717085683,0.45855486335017015
376.095,0.2,0.18760912404748029,0.34809691950276767
376.1,0.2,0.1919691931348636,0.3290042733633019
376.105,0.2,0.1962413490087111,0.064632113300685
376.11,0.2,0.20043625210218283,-0.12992172574680724
376.115,0.2,0.20448281293200352,0.05929445146266041
376.12,0.2,0.20821296487315877,0.05686140698439546
376.125,0.2,0.21142294650291515,0.520584587592289
376.13,0.2,0.21397419611601035,0.46036452662438865
376.135,0.2,0.21587003231769974,0.48557561976326813
376.14,0.2,0.21725412337742095,0.2487533133360863
376.145,0.2,0.2183310383717377,-0.014069867551583733
376.15,0.2,0.21925904269836816,0.008811239434830087
376.155,0.2,0.2200785233323512,-0.06751823575008684
376.16,0.2,0.22071173422852886,0.1788969353850576
376.165,0.2,0.2210283633861308,0.4489599488982311
376.17,0.2,0.220948765482818,0.5651936930724352
376.175,0.2,0.22052882456761635,0.5678313501006801
376.18,0.2,0.21996486338973734,0.1769492754819067
376.185,0.2,0.21950089084084598,-0.10110934901358333
376.19,0.2,0.21928807250765572,-0.2293951829271392
376.195,0.2,0.21929415380001618,-0.014314835067330212
376.2,0.2,0.21932778610156953,0.1859156797625944
376.205,0.2,0.21914543766723932,0.2012472324830938
376.21,0.2,0.21855757504369377,0.4791919950248223
376.215,0.2,0.2174940375881137,0.42977729704410955
376.22,0.2,0.21601972075645426,0.2062895393540179
376.225,0.2,0.21428145959741893,0.035060715731681014
376.23,0.2,0.21240906408106927,-0.09172332396192721
376.235,0.2,0.2104387250538948,-0.04280980656727063
376.24,0.2,0.20830237821152353,0.09956153997657267
376.245,0.2,0.2058863545992805,0.4505905518670329
376.25,0.2,0.20313493143750905,0.6013053608497159
376.255,0.2,0.2001420889368136,0.5925671524572982
376.26,0.2,0.1971625678153017,0.2329602665312675
376.265,0.2,0.19452315035973666,0.14964783500473977
376.27,0.2,0.19249357634076986,-0.10783282082521878
376.275,0.2,0.19119985915354346,0.15975499761017406
376.28,0.2,0.19062447222586407,0.20776988186496356
376.285,0.2,0.19067396532258496,0.27312022899885474
376.29,0.2,0.19125578755148528,0.5133332077376189
376.295,0.2,0.19233358449358764,0.4302459996599596
376.3,0.2,0.19394712771988631,0.3215204075162418
376.305,0.2,0.19617178282306072,-0.005251574027143543
376.31,0.2,0.1990247620849345,-0.225771170841643
376.315,0.2,0.2023799612476783,0.01971117133024724
376.32,0.2,0.20597348631358092,0.3243552362999917
376.325,0.2,0.20950437189214918,0.14753104779397025
376.33,0.2,0.21273003374075397,0.3360394918055957
376.335,0.2,0.2155021020828581,0.42657891876387777
376.34,0.2,0.2177744767923007,0.23272403866427174
376.345,0.2,0.2195760144161348,-0.06766350542914223
376.35,0.2,0.22092305865456568,-0.2737537728529973
376.355,0.2,0.2217323092201863,0.05574670895551127
376.36,0.2,0.221830502587866,0.3101112352983401
376.365,0.2,0.22106434393152818,0.45266338879370427
376.37,0.2,0.2194085654164284,0.37197054799692025
376.375,0.2,0.21699513688184324,0.5075085726009272
376.38,0.2,0.214076396034842,0.18764949190688357
376.385,0.2,0.2109484470124838,0.03246941618831363
376.39,0.2,0.20785165017830345,-0.08879362727783437
376.395,0.2,0.20489411757430304,-0.12091597134707925
376.4,0.2,0.20204558402960182,0.26523465818875264
376.405,0.2,0.19921535115148462,0.47462523828419606
376.41,0.2,0.19637517360490334,0.6223654244450637
376.415,0.2,0.19364774243766877,0.6620798975991133
376.42,0.2,0.19130128983360895,0.08829014786671373
376.425,0.2,0.18963479971365846,-0.14422971131760506
376.43,0.2,0.1888176354679603,-0.11502615378777627
376.435,0.2,0.18881376337443556,0.14596161509959518
376.44,0.2,0.18943604731076719,0.08098971317921996
376.445,0.2,0.19044911910829815,0.3306628888571035
376.45,0.2,0.19165417957319586,0.4671155646193076
376.455,0.2,0.19295147717841335,0.47036849321649143
376.46,0.2,0.19436423419017698,0.3755924528007007
376.465,0.2,0.19599596362323005,-0.0003390983404096843
376.47,0.2,0.19792303584858822,-0.35428759995049136
376.475,0.2,0.2000791820525932,-0.03363476430199275
376.48,0.2,0.20223039097900605,0.017481312730562387
376.485,0.2,0.20407285924904947,0.5532558461296033
376.49,0.2,0.20538095327583986,0.47885282232898
376.495,0.2,0.20610706746972243,0.49475188297744255
376.5,0.2,0.2063697156337464,-0.010058778641786503
376.505,0.2,0.20634246489801242,0.04729246069203052
376.51,0.2,0.20613357685533581,-0.11317067411870886
376.515,0.2,0.2057345421667907,0.012469740543570935
376.52,0.2,0.20504196362302088,0.11738528524925311
376.525,0.2,0.20393333790079377,0.631225254893982
376.53,0.2,0.20237833837483646,0.5840667424976553
376.535,0.2,0.20051647201919723,0.4252230773008309
376.54,0.2,0.19862706645756664,0.23838613987962415
376.545,0.2,0.19701698333078288,0.07137280342296728
376.55,0.2,0.19590584931124524,-0.15164692810402736
376.555,0.2,0.19535867638098328,0.114353715491194
376.56,0.2,0.19530088657622172,0.32367158878914426
376.565,0.2,0.19561206947122295,0.41107486186376535
376.57,0.2,0.1962286697128612,0.6039387855205605
376.575,0.2,0.19720065538885248,0.5860475945258576
376.58,0.2,0.19868551465663092,0.18215349967740402
376.585,0.2,0.20086627407755248,0.061115548649025145
376.59,0.2,0.2038328298766938,-0.08660172829039399
376.595,0.2,0.207508621986443,-0.05732950107914519
376.6,0.2,0.21165019124981937,-0.13328013256544022
376.605,0.2,0.21590313392911112,0.37367877017033313
376.61,0.2,0.21991270397167204,0.5345545406858314
376.615,0.2,0.22345520473178787,0.5916646144656609
376.62,0.2,0.22649734861694593,0.23474242374284154
376.625,0.2,0.22912732344749068,-0.12878068542589732
376.63,0.2,0.23141443657296026,0.017596169596395206
376.635,0.2,0.23331533201350887,-0.12680619481316052
376.64,0.2,0.23468504938845566,0.366037659758034
376.645,0.2,0.23537244610663743,0.5854207458448464
376.65,0.2,0.2353388048461487,0.43843636568913213
376.655,0.2,0.23470511102355007,0.34823904000203776
376.66,0.2,0.23369329728457375,0.15423727045864277
376.665,0.2,0.23252155773414615,-0.07112320691407494
376.67,0.2,0.23131477944442652,-0.010242764369107107
376.675,0.2,0.23006569606889316,-0.05374997129389489
376.68,0.2,0.22866179185937668,0.24041114972104616
376.685,0.2,0.22696452171039688,0.4120615042748415
376.69,0.2,0.22490972203899232,0.6185640315308074
376.695,0.2,0.22258343580288031,0.6035714124264592
376.7,0.2,0.22022659773560682,0.28807726477699735
376.705,0.2,0.21814704752485647,-0.04751067750349343
376.71,0.2,0.21657578914547082,-0.16204706215247555
376.715,0.2,0.21556244757323723,-0.006590826678439279
376.72,0.2,0.21498503049029083,0.2987910674843714
376.725,0.2,0.2146558852886809,0.3245912319449679
376.73,0.2,0.2144379556672979,0.5614064294156673
376.735,0.2,0.21430825862609987,0.39933799098528694
376.74,0.2,0.21435066877836834,0.18986064359254803
376.745,0.2,0.2146771791284503,-0.1225968788972322
376.75,0.2,0.21531566489882417,-0.1848488909421627
376.755,0.2,0.2161499549967778,0.2591484538036009
376.76,0.2,0.2169716186381829,0.24042372282957958
376.765,0.2,0.21760028344785096,0.645540544814219
376.77,0.2,0.21797956957193235,0.3840354894536358
376.775,0.2,0.2182024611959305,0.6065416189171771
376.78,0.2,0.21847342843383755,0.24047646023691238
376.785,0.2,0.21902695947078898,0.047008846585113694
376.79,0.2,0.22002464186987206,-0.014851099192240508
376.795,0.2,0.2214823857539163,-0.017999824968478205
376.8,0.2,0.22326841624526747,0.041194708072129466
376.805,0.2,0.22516442724300992,0.46510571562744224
376.81,0.2,0.22696791689199533,0.43488806154560256
376.815,0.2,0.22857834392171697,0.29167204519764867
376.82,0.2,0.22999935613973996,0.23067964689200665
376.825,0.2,0.2312725342934538,0.0169383876729453
376.83,0.2,0.23240168356094587,-0.10342891908019447
376.835,0.2,0.23330026248242364,-0.052668739531999055
376.84,0.2,0.23379247768432143,0.2196942517312702
376.845,0.2,0.23369457032818952,0.7009512685119986
376.85,0.2,0.23294627077317107,0.6500747751844204
376.855,0.2,0.23169070304289358,0.4161176427705691
376.86,0.2,0.2302249305463576,0.22181253814542778
376.865,0.2,0.22886838231175405,0.11577888377273629
376.87,0.2,0.22784491362925852,-0.17168339973482
376.875,0.2,0.22721726528166294,0.028902015679770833
376.88,0.2,0.22689114176817882,0.18157302807552927
376.885,0.2,0.22669632983263743,0.39985379286324435
376.89,0.2,0.22650042352792502,0.5929594677801064
376.895,0.2,0.2262914192383482,0.47258189859146355
376.9,0.2,0.2261832026979265,0.2125652794580354
376.905,0.2,0.22633084937215614,-0.10880681074202742
376.91,0.2,0.22680888151511436,-0.03883270311536713
376.915,0.2,0.2275449450012473,0.02302268086427599
376.92,0.2,0.2283504581982494,0.22363407386533893
376.925,0.2,0.22901051713945308,0.3536761156245423
376.93,0.2,0.2293733705620837,0.4199441595417864
376.935,0.2,0.22940327815955008,0.4996028078036507
376.94,0.2,0.22918453800650976,0.28599381235739363
376.945,0.2,0.22886755342111909,-0.054418783315298515
376.95,0.2,0.22856806976843028,-0.025217473720495695
376.955,0.2,0.2282866956958561,-0.03453696983902353
376.96,0.2,0.22790860867081184,0.15261717512210476
376.965,0.2,0.22727437460119904,0.43631369385900115
376.97,0.2,0.22627778644817279,0.4316542120947559
376.975,0.2,0.2249395602467878,0.6147920333682222
376.98,0.2,0.22341642007122325,0.1846557576530155
376.985,0.2,0.22193003291828164,-0.010922583484148471
376.99,0.2,0.2206458368610318,-0.1075090603243959
376.995,0.2,0.21958034126317874,-0.21024870413513927
377.0,0.2,0.21859557966777593,0.2804294319468751
377.005,0.2,0.21749090807784174,0.5056763559887167
377.01,0.2,0.21613963109948975,0.4006544769970147
377.015,0.2,0.21456194748678756,0.3953746701310923
377.02,0.2,0.2129017987941731,0.4587261780660805
377.025,0.2,0.21136109610946746,-0.08651714977470201
377.03,0.2,0.2101042046128498,-0.16658835762188243
377.035,0.2,0.20915756400147928,-0.04865070994974888
377.04,0.2,0.2083909949920629,0.10867342064905065
377.045,0.2,0.20760004923386224,0.3457886186860998
377.05,0.2,0.20661852085541768,0.41816428552996454
377.055,0.2,0.20539414180973617,0.3853859057946901
377.06,0.2,0.20399367339445695,0.17961578721020457
377.065,0.2,0.20253901185544082,-0.016064357646436194
377.07,0.2,0.20111286763756764,-0.14779917094025163
377.075,0.2,0.19969204640548932,0.006946038168137096
377.08,0.2,0.1981551821954236,0.20231845674821403
377.085,0.2,0.19636395894060488,0.44995463443865635
377.09,0.2,0.19425723067882963,0.25013150449541205
377.095,0.2,0.1918896076636909,0.455381462838853
377.1,0.2,0.18940981394788292,0.21390319745336073
377.105,0.2,0.18700333939753944,-0.07888336800829863
377.11,0.2,0.18480168242741374,-0.22306364733540934
377.115,0.2,0.18280017700144616,-0.0524303320168442
377.12,0.2,0.1808625180554863,0.2269701452150747
377.125,0.2,0.17882356884506959,0.5274329622845174
377.13,0.2,0.17661992584796204,0.5779549976131555
377.135,0.2,0.17435954927490874,0.40300884019070565
377.14,0.2,0.17228660288948897,0.21570295423862546
377.145,0.2,0.17067135268917907,-0.02164733910006284
377.15,0.2,0.16969495930293135,-0.05493952770352058
377.155,0.2,0.16938738151414356,-0.0018338393394632252
377.16,0.2,0.16963419291974968,-0.06632502215439359
377.165,0.2,0.17023248865253063,0.37994440836428917
377.17,0.2,0.17098514487803534,0.5408507976403886
377.175,0.2,0.17180377872951186,0.42325693324415775
377.18,0.2,0.17273532202621167,0.07703290284560467
377.185,0.2,0.17387786831527235,-0.015834293168028833
377.19,0.2,0.1752633022889825,-0.18783862317658157
377.195,0.2,0.17679339226331886,-0.05099716936545276
377.2,0.2,0.17825953747038087,0.23612930673837262
377.205,0.2,0.17943740800702732,0.4599981498819258
377.21,0.2,0.18020267260530365,0.48158754075158455
377.215,0.2,0.1805929404894097,0.47887292278169524
377.22,0.2,0.18078422185341356,0.16185646393397343
377.225,0.2,0.18100253604631344,0.11894345071774023
377.23,0.2,0.1814181241752804,-0.18458185043084646
377.235,0.2,0.18206998529699986,-0.04961770466992612
377.24,0.2,0.1828576027643375,0.19025527847929918
377.245,0.2,0.1836170663668459,0.4471489565032103
377.25,0.2,0.1842354446989401,0.3855374219004206
377.255,0.2,0.18471680234578894,0.39916543615566846
377.26,0.2,0.185168546016513,0.25384040753596676
377.265,0.2,0.18573299451832978,-0.10956114379524506
377.27,0.2,0.18649007601400033,-0.18188265135268197
377.275,0.2,0.18738513464508608,0.09789834773881129
377.28,0.2,0.18824591956619902,0.03873055831191638
377.285,0.2,0.18887064078151186,0.4465577827836921
377.29,0.2,0.18912802828980077,0.5391571178045033
377.295,0.2,0.1890311063141637,0.4404015681476636
377.3,0.2,0.1887249475971178,-0.19064816853330968
377.305,0.2,0.18836397810963332,-0.11067542239621483
377.31,0.2,0.18797803660063248,-0.2267972862705862
377.315,0.2,0.1874346774995673,-0.12024788476505141
377.32,0.2,0.18649482387955868,0.1688475595435004
377.325,0.2,0.18491694536033063,0.33096565325637767
377.33,0.2,0.1825690553871687,0.5096474054738808
377.335,0.2,0.17949178785048842,0.2558270480766094
377.34,0.2,0.17587450327425264,0.21193100638748041
377.345,0.2,0.171960917916278,-0.18175517382427678
377.35,0.2,0.16793966689979095,-0.05352687735002132
377.355,0.2,0.16388891896173877,0.15909762980854505
377.36,0.2,0.1598081117513651,0.0725258953545372
377.365,0.2,0.15569105105944456,0.440564178187757
377.37,0.2,0.15159459786284923,0.5593156580874381
377.375,0.2,0.1476912548996868,0.43118740261286786
377.38,0.2,0.14426373612213492,0.26381985770690697
377.385,0.2,0.14161954024009651,-0.034698573644308964
377.39,0.2,0.13998049138410035,0.08160354525018504
377.395,0.2,0.1394228663302633,0.05037708670079301
377.4,0.2,0.1398941407091361,0.22457807185903553
377.405,0.2,0.1412784982559046,0.4111641783157278
377.41,0.2,0.14347103161628716,0.329894124332291
377.415,0.2,0.14642199865403985,0.4228682874987734
377.42,0.2,0.1501254697873473,-0.017201958716670934
377.425,0.2,0.15455411616741074,-0.05639563463685129
377.43,0.2,0.1595801959491577,-0.11496805696039517
377.435,0.2,0.16494842536767243,0.033996960184959624
377.44,0.2,0.17032319718537323,0.1623811334886301
377.445,0.2,0.175374097143792,0.28909065276683676
377.45,0.2,0.17985597065469158,0.4064057251711541
377.455,0.2,0.18365644223603564,0.3750138706553474
377.46,0.2,0.1867944330799,0.20333115318649436
377.465,0.2,0.18936335818876823,0.004663541414942227
377.47,0.2,0.19144820994257958,0.08037933908879016
377.475,0.2,0.19306357308816277,-0.2981240099462917
377.48,0.2,0.1941257096124518,0.013815886075676631
377.485,0.2,0.19447797483166462,0.3905451067064786
377.49,0.2,0.19399364507469016,0.45806113826810874
377.495,0.2,0.1926862913068981,0.43416461624164493
377.5,0.2,0.1907284686071456,0.21936089300708675
377.505,0.2,0.18838122757929604,0.1989938346832206
377.51,0.2,0.18589454423531585,-0.22713486925274043
377.515,0.2,0.18341980950044065,0.007271840668902678
377.52,0.2,0.18097909947177626,0.15379521582861627
377.525,0.2,0.17852512570723575,0.42561122707212
377.53,0.2,0.176046414813486,0.42543830717645226
377.535,0.2,0.17363907664677192,0.5887806361264785
377.54,0.2,0.17151217466239196,0.2143369766340596
377.545,0.2,0.16992697047898042,0.2053933676798569
377.55,0.2,0.1690961060657508,-0.1762932151894097
377.555,0.2,0.16909223991838276,-0.0932959374829171
377.56,0.2,0.16981765274317653,0.14953362763407896
377.565,0.2,0.17106303888840932,0.25035616729326354
377.57,0.2,0.17262234627245857,0.6265823908777254
377.575,0.2,0.17439011400575286,0.2881387782262858
377.58,0.2,0.1763814376544876,0.32363084581727697
377.585,0.2,0.17867151725299227,0.09101527680419569
377.59,0.2,0.18130449430370837,-0.2161589331268387
377.595,0.2,0.18421471795354527,-0.031168105895974914
377.6,0.2,0.1872105519997614,0.24335708338835116
377.605,0.2,0.19005765728633298,0.47422752294130677
377.61,0.2,0.19260817566639798,0.6664833470845766
377.615,0.2,0.19488503863473358,0.5201054916372116
377.62,0.2,0.19706342261229048,0.018640617958295358
377.625,0.2,0.19934833183687606,0.0011293664854166614
377.63,0.2,0.20184312612333505,0.0759595392925817
377.635,0.2,0.20450393486225557,-0.21450616900232472
377.64,0.2,0.2071578691675639,0.05739686625013479
377.645,0.2,0.20955333765652973,0.33079039751208444
377.65,0.2,0.21146472105551084,0.6450836921451552
377.655,0.2,0.21280274802403754,0.20429159134625524
377.66,0.2,0.2136332609304018,0.48038496016367427
377.665,0.2,0.21410755477075197,-0.04290273778819287
377.67,0.2,0.2143645905573135,-0.13252509887206107
377.675,0.2,0.21444546405336026,0.07001689201334436
377.68,0.2,0.21427959193699664,0.15952459460127663
377.685,0.2,0.21375873135186318,0.42168104569260445
377.69,0.2,0.2128351155984985,0.52856429013888
377.695,0.2,0.2115824434328315,0.35757843121580923
377.7,0.2,0.21017871848406994,0.07417598765199826
377.705,0.2,0.20881060280286876,-0.0824778358200588
377.71,0.2,0.20756766587304443,-0.09494453084483115
377.715,0.2,0.20639538372746027,-0.15483128818906222
377.72,0.2,0.20511573895014532,0.060030297980124825
377.725,0.2,0.2035028853425364,0.43880637853995497
377.73,0.2,0.20140427820403084,0.6693765462933577
377.735,0.2,0.19885058053057986,0.5117223471630392
377.74,0.2,0.19605850377149045,0.005556349508928138
377.745,0.2,0.1933037291592459,-0.039277963033137
377.75,0.2,0.1907729890882678,0.01683780603827012
377.755,0.2,0.18850830018683912,-0.09715940120550268
377.76,0.2,0.1864393158437913,0.299741748122484
377.765,0.2,0.1844540148341216,0.1366346365378122
377.77,0.2,0.182474695086093,0.5467384148023213
377.775,0.2,0.18050637081903015,0.13902964368260087
377.78,0.2,0.178627104839537,0.12927454358973514
377.785,0.2,0.17692518652541286,0.06877282767988568
377.79,0.2,0.1754356430311849,-0.13131169134857182
377.795,0.2,0.17410859972137427,-0.0065827391106730165
377.8,0.2,0.1728140927686055,0.10054167203825677
377.805,0.2,0.1713937208174314,0.2910646361518138
377.81,0.2,0.16973879508481066,0.398683353937547
377.815,0.2,0.1678492157699815,0.38171932146626575
377.82,0.2,0.16583744563048053,0.14423066644874644
377.825,0.2,0.16386189180396132,-0.1720583545164547
377.83,0.2,0.16201215129654475,-0.3926222911179745
377.835,0.2,0.1602185076835321,-0.09695166983105849
377.84,0.2,0.15826220467071636,-0.00303384907382194
377.845,0.2,0.155880620908256,0.27790487878915693
377.85,0.2,0.15289171498262324,0.44844422965334263
377.855,0.2,0.1492754679262053,0.3075656452602682
377.86,0.2,0.14517792040390093,0.2511194448884892
377.865,0.2,0.14083776390412409,-0.0813998496409315
377.87,0.2,0.13647177382976583,-0.3211491526912359
377.875,0.2,0.13216948428092695,-0.23378783504387332
377.88,0.2,0.12786314579051333,0.04078308654361787
377.885,0.2,0.12340780247156405,0.36569444888019464
377.89,0.2,0.11871600021208197,0.378252079035605
377.895,0.2,0.11384607446909152,0.32340947469712994
377.9,0.2,0.10898820731419248,0.018544698941891466
377.905,0.2,0.10436531303213592,-0.2376976676921381
377.91,0.2,0.10010752328809294,-0.39315849840255934
377.915,0.2,0.09617809269177824,-0.03861254131989611
377.92,0.2,0.09240592692982012,-0.010448019044393353
377.925,0.2,0.08859851965695596,0.4166913621188167
377.93,0.2,0.08465830544582494,0.2999108214533825
377.935,0.2,0.08063923380455389,0.2730356864739726
377.94,0.2,0.07671521487064362,-0.0029057448085649043
377.945,0.2,0.07308285645121172,-0.19466199023498804
377.95,0.2,0.06985938349150407,-0.14694395801937798
377.955,0.2,0.06703163311190485,-0.2513865807767564
377.96,0.2,0.0644762568146674,0.18934421220799888
377.965,0.2,0.06204078258902718,0.23077277839425267
377.97,0.2,0.059651675003690195,0.6095128965511003
377.975,0.2,0.05738755904175643,0.20340668167349046
377.98,0.2,0.05545526142280097,-0.01805732469919255
377.985,0.2,0.05407151844995362,-0.1735414830119158
377.99,0.2,0.0533407788916173,-0.2163087121515896
377.995,0.2,0.053209878259487954,-0.11403364010995964
378.0,0.2,0.053500141475373256,-0.05867601537657173
378.005,0.2,0.053985767912872705,0.3261833700096039
378.01,0.2,0.05449319202364108,0.34742304691810844
378.015,0.2,0.054972691546805244,0.13789211777886626
378.02,0.2,0.05548898506570166,0.18603027551097742
378.025,0.2,0.05615086407153176,-0.08513270798154043
378.03,0.2,0.0570308570419603,-0.2954232284353786
378.035,0.2,0.058092736763958125,-0.3026858797677224
378.04,0.2,0.05916895064759075,0.11597674800310812
378.045,0.2,0.06002875911414973,0.03403542828375475
378.05,0.2,0.06048368682957918,0.2629545621362299
378.055,0.2,0.06045570025003615,0.32408570494833466
378.06,0.2,0.059994502092931584,0.0768462708321261
378.065,0.2,0.059231852436257885,-0.2311421124442517
378.07,0.2,0.058275631871171275,-0.30856318430471
378.075,0.2,0.05712092026805464,-0.16642654610600438
378.08,0.2,0.05565678499238391,0.13095398874029082
378.085,0.2,0.05375883580419907,0.1940683592034804
378.09,0.2,0.05138766688995837,0.2748894490700824
378.095,0.2,0.04862629919214593,0.11857270000386981
378.1,0.2,0.04564452172238685,-0.08062701660906457
378.105,0.2,0.04261586506872634,-0.20366107854055399
378.11,0.2,0.03963977967215729,-0.12189980488634838
378.115,0.2,0.036714286266288365,-0.2598889489194611
378.12,0.2,0.03375409452833793,-0.059628458372854395
378.125,0.2,0.030636286933862944,0.09350395286859488
378.13,0.2,0.027274453560727465,0.37195044913858427
378.135,0.2,0.023691404601880534,0.10332201674752212
378.14,0.2,0.020024488542496756,-0.02228585800730005
378.145,0.2,0.01644930585529305,-0.17536036103286373
378.15,0.2,0.013081544842749987,-0.412112649078642
378.155,0.2,0.009913867131408093,-0.20374294828606204
378.16,0.2,0.006820383994201118,-0.07865742103061267
378.165,0.2,0.003633209808816398,0.14975211884481546
378.17,0.2,0.00023858832588873936,0.08936642998274588
378.175,0.2,-0.00336729396411728,0.27960016423298867
378.18,0.2,-0.007078983558855508,-0.1117333286511382
378.185,0.2,-0.010738256902932853,-0.1709444913057256
378.19,0.2,-0.014222847777200294,-0.27402144226328173
378.195,0.2,-0.017507706651880596,-0.23805426761834753
378.2,0.2,-0.02066382543651038,-0.09697950646360584
378.205,0.2,-0.023799378906154068,0.2765037590586484
378.21,0.2,-0.02696670238789944,0.2019409743751124
378.215,0.2,-0.030097938598300587,0.15395242331134745
378.22,0.2,-0.03303202041776069,-0.30884846672355154
378.225,0.2,-0.03561748932446255,-0.19350079591366687
378.23,0.2,-0.03780580997344428,-0.3416453165298221
378.235,0.2,-0.03967691605276444,-0.30491711872816263
378.24,0.2,-0.04140857128680214,-0.08363454996246945
378.245,0.2,-0.0432131488034915,-0.1061227023947513
378.25,0.2,-0.04526037322376443,0.2683196635130266
378.255,0.2,-0.04761783834275286,-0.09856652622796502
378.26,0.2,-0.05025382071894527,-0.253100937054622
378.265,0.2,-0.0531091261293289,-0.1831572232151415
378.27,0.2,-0.05616855911222902,-0.4114211509822953
378.275,0.2,-0.059488939966169746,-0.3727980411887771
378.28,0.2,-0.06318639495392787,0.11058767611964537
378.285,0.2,-0.06736354626635056,0.08456534640309518
378.29,0.2,-0.07201069087081864,0.2711416897976897
378.295,0.2,-0.07696461060493393,0.06755860945464522
378.3,0.2,-0.08195106660748416,-0.13746349211780734
378.305,0.2,-0.08668064893878936,-0.20427050858966112
378.31,0.2,-0.09094664724166587,-0.4580255827734657
378.315,0.2,-0.09468436914458012,-0.3320352775133185
378.32,0.2,-0.09796973811928635,-0.12171595361698043
378.325,0.2,-0.10094824772780307,0.022696323482302133
378.33,0.2,-0.10372926734239248,0.2921587595331264
378.335,0.2,-0.10631052398576038,-0.03500235386100742
378.34,0.2,-0.10858514756474388,-0.13899621570390305
378.345,0.2,-0.11043046684401077,-0.4340072277145718
378.35,0.2,-0.11181572350800627,-0.5356277050963036
378.355,0.2,-0.11286138251935575,-0.34939493634542196
378.36,0.2,-0.11381356598716069,-0.19600969465414453
378.365,0.2,-0.11494062197006617,0.22614036125964448
378.37,0.2,-0.11640149383207567,0.32795933975568553
378.375,0.2,-0.1181562791936961,0.19401952968605835
378.38,0.2,-0.1199824418056102,-0.11548622981911943
378.385,0.2,-0.12159819790137445,-0.46699783021477465
378.39,0.2,-0.12281648089481849,-0.44665857763257333
378.395,0.2,-0.12363128342250802,-0.3638272956811907
378.4,0.2,-0.12419295787262906,-0.1639677421710726
378.405,0.2,-0.12471067693924724,-0.013142885867369503
378.41,0.2,-0.12535130566836614,0.0030481760195942564
378.415,0.2,-0.12618448512616867,-0.02261921069476104
378.42,0.2,-0.12718463646007616,-0.04186014833014401
378.425,0.2,-0.12827536058374966,-0.42506752836223816
378.43,0.2,-0.12940952111512274,-0.586796797675243
378.435,0.2,-0.1306521126171619,-0.43733728898164737
378.44,0.2,-0.13219163504267484,-0.2685897282549256
378.445,0.2,-0.13425891552782265,-0.03474751827915132
378.45,0.2,-0.13701356619853716,0.11436818781058178
378.455,0.2,-0.14046477798634985,0.046464310026412006
378.46,0.2,-0.1444677771297743,-0.19284969957692
378.465,0.2,-0.14879703969983024,-0.2419270530856791
378.47,0.2,-0.1532379163655499,-0.2307798131322423
378.475,0.2,-0.15763567554927252,-0.2954219226351241
378.48,0.2,-0.16190306562975446,-0.2943011283075619
378.485,0.2,-0.16600181700875516,0.10351461892569819
378.49,0.2,-0.16989304306374262,-0.13159545234423373
378.495,0.2,-0.1734948822124842,-0.08487250240693826
378.5,0.2,-0.17669248471885032,-0.12470223607690592
378.505,0.2,-0.1793790649353949,-0.37273402336750977
378.51,0.2,-0.18150270251418163,-0.3718706880074055
378.515,0.2,-0.1831020338763426,-0.2943825240731631
378.52,0.2,-0.18428942052101388,0.009291322539233343
378.525,0.2,-0.18517486274241457,0.06467323981712414
378.53,0.2,-0.18578616537876727,0.12375402190758196
378.535,0.2,-0.1860393223895788,0.0984799481866944
378.54,0.2,-0.18576915273691016,-0.19455944768388525
378.545,0.2,-0.18481235663544834,-0.46698456186181914
378.55,0.2,-0.18311747528501346,-0.5908999649290105
378.555,0.2,-0.18082138476902063,-0.6000072083570096
378.56,0.2,-0.17823675904170685,-0.1655733787987246
378.565,0.2,-0.17574145517415965,0.026928473511701967
378.57,0.2,-0.17363360360861657,-0.022085832247628
378.575,0.2,-0.1720519291953599,0.01788803419158514
378.58,0.2,-0.17098974429391373,-0.17531173033783182
378.585,0.2,-0.17035744935889024,-0.16966321693703862
378.59,0.2,-0.170057459433996,-0.5588458675670741
378.595,0.2,-0.17006111215291211,-0.5541323582406581
378.6,0.2,-0.17044703963215171,-0.05535440012376627
378.605,0.2,-0.1713435157275297,-0.10472106449439544
378.61,0.2,-0.1728132664550799,0.2136597552121129
378.615,0.2,-0.17478009566532532,-0.004678904888412841
378.62,0.2,-0.17703727384610957,-0.10989769435790792
378.625,0.2,-0.1793296182435594,-0.5010971090583612
378.63,0.2,-0.18147197580771193,-0.534778740784594
378.635,0.2,-0.18343340363149796,-0.47551873875471556
378.64,0.2,-0.18533281854565103,-0.286583269654087
378.645,0.2,-0.1873557502107442,-0.08598988942086333
378.65,0.2,-0.18964142118668392,0.22168283803946154
378.655,0.2,-0.19219419438171917,-0.08509945787402215
378.66,0.2,-0.19487834255178496,-0.18968054672791404
378.665,0.2,-0.1975031173332264,-0.3673185165442687
378.67,0.2,-0.19992791921711123,-0.5133199928210159
378.675,0.2,-0.2021240289641516,-0.35188538350869125
378.68,0.2,-0.20416792278598075,-0.21771059287421426
378.685,0.2,-0.206167061521749,0.12563763599806524
378.69,0.2,-0.20815411366391126,0.2549320680497538
378.695,0.2,-0.21001295412144386,0.05849852913859115
378.7,0.2,-0.2115027695387609,-0.36182796131927186
378.705,0.2,-0.21238300613490602,-0.44793228959456305
378.71,0.2,-0.21254294849385583,-0.4374544658802941
378.715,0.2,-0.21203897452418918,-0.27066976167706824
378.72,0.2,-0.21104134280492554,-0.27851668767415627
378.725,0.2,-0.20974745662010152,0.12944517097154482
378.73,0.2,-0.20829141032226828,0.15382217256705727
378.735,0.2,-0.2066765013459882,0.10131883439097349
378.74,0.2,-0.20478355368538212,-0.25577228965866805
378.745,0.2,-0.20246675252074378,-0.41688451586718694
378.75,0.2,-0.19966811097871834,-0.37494055283674343
378.755,0.2,-0.19647042127805212,-0.4519783373312118
378.76,0.2,-0.19307202512895705,-0.1264066611805475
378.765,0.2,-0.18970756509758877,0.00914790002142097
378.77,0.2,-0.18654750102320686,0.1620122846783945
378.775,0.2,-0.18363037741931976,0.017528804332954347
378.78,0.2,-0.18087186895178944,-0.1501827086767912
378.785,0.2,-0.17814089988242818,-0.2907313756239175
378.79,0.2,-0.17535207546168885,-0.44226199121913956
378.795,0.2,-0.17252430468704896,-0.3102014585720884
378.8,0.2,-0.16977727727077405,-0.19611591758569097
378.805,0.2,-0.16727660509779765,-0.25439045726026466
378.81,0.2,-0.16516331797348507,0.31306395420026767
378.815,0.2,-0.1634780876174568,0.13911959400810334
378.82,0.2,-0.16211639148266194,-0.09743163070299686
378.825,0.2,-0.1608804932219763,-0.2583486792723437
378.83,0.2,-0.15959947465888563,-0.5042126726499414
378.835,0.2,-0.15822745697891166,-0.4813139311981154
378.84,0.2,-0.1568666147981972,-0.16297565182694773
378.845,0.2,-0.1556993418251124,-0.04855033203835714
378.85,0.2,-0.15487385880697135,0.12543209064222235
378.855,0.2,-0.1544204132012011,0.1174768179607557
378.86,0.2,-0.154238946545002,-0.15174993496625075
378.865,0.2,-0.15416255481274654,-0.320104833904865
378.87,0.2,-0.15406382104156882,-0.534073550599302
378.875,0.2,-0.15393438929063502,-0.2842465601348772
378.88,0.2,-0.15388099163669708,-0.18716737421573684
378.885,0.2,-0.15404132425491254,0.16105638306366638
378.89,0.2,-0.15448152531522197,0.005854651232700209
378.895,0.2,-0.15514664056081173,0.04228997587495575
378.9,0.2,-0.15589095381763035,-0.27933082988679714
378.905,0.2,-0.15656010668945458,-0.31712345586672286
378.91,0.2,-0.15707393962530608,-0.456260216349226
378.915,0.2,-0.1574712098731447,-0.45752032700959633
378.92,0.2,-0.15790432741089852,-0.31704650168165793
378.925,0.2,-0.15858227089359156,-0.008631953464278114
378.93,0.2,-0.159672026458249,0.09723387636172329
378.935,0.2,-0.1612097686745998,0.09127921158775947
378.94,0.2,-0.16308680505580891,-0.2448458340674582
378.945,0.2,-0.16513121118300206,-0.5356342690530506
378.95,0.2,-0.16723250506809093,-0.46352986582388245
378.955,0.2,-0.16940953037579756,-0.3106125717805741
378.96,0.2,-0.17178205339107247,-0.43444077450995733
378.965,0.2,-0.17449664668562348,0.09371731713247744
378.97,0.2,-0.177640103516897,0.08912425776357291
378.975,0.2,-0.18116349532375312,0.018944242553725864
378.98,0.2,-0.18488112969002682,-0.21357035611700131
378.985,0.2,-0.18855640257421194,-0.36684168860751415
378.99,0.2,-0.19201388735156982,-0.6683435286421266
378.995,0.2,-0.19521852313996788,-0.3733975851244757
379.0,0.2,-0.19827303061085386,-0.24526695267750995
379.005,0.2,-0.20133063569175288,-0.08573503026831128
379.01,0.2,-0.2044969330362734,-0.14268859316577132
379.015,0.2,-0.2077802622925809,0.12537072397894547
379.02,0.2,-0.2110856967512489,-0.22893101175469904
379.025,0.2,-0.21425585825634377,-0.40530509211818694
379.03,0.2,-0.21716534762575357,-0.628028748320077
379.035,0.2,-0.21980171118458325,-0.18720230397894003
379.04,0.2,-0.22224932460260693,-0.20496405793592104
379.045,0.2,-0.22459943554201703,-0.04405101741214087
379.05,0.2,-0.22687377331687758,0.04644422140585324
379.055,0.2,-0.22899515448409705,-0.022587164914160764
379.06,0.2,-0.23080095400859174,-0.11474923181429704
379.065,0.2,-0.2321005171373187,-0.38278350993059773
379.07,0.2,-0.23275980542548688,-0.47715478098014197
379.075,0.2,-0.23277133484043536,-0.47525384449561664
379.08,0.2,-0.2322596100475169,-0.11441273474501178
379.085,0.2,-0.23140488513588717,-0.0271424034889566
379.09,0.2,-0.2303332489652202,0.186969902644853
379.095,0.2,-0.22904807110175457,-0.05053628916108752
379.1,0.2,-0.22744583377784214,-0.2112196682804205
379.105,0.2,-0.2253996476294828,-0.2874674144380435
379.11,0.2,-0.22284814569296507,-0.46845912234627635
379.115,0.2,-0.21984959690686304,-0.5512208024328934
379.12,0.2,-0.2165961998746718,-0.37831245814348957
379.125,0.2,-0.21336603379613073,0.03607608137994492
379.13,0.2,-0.21040415755119782,0.2003114353768302
379.135,0.2,-0.20780602488782404,0.007085828182535975
379.14,0.2,-0.20550322154764783,-0.21323033746625145
379.145,0.2,-0.20335815378082084,-0.4018932954106424
379.15,0.2,-0.20128232903803647,-0.47557424839230944
379.155,0.2,-0.1993019044020731,-0.4023521748402493
379.16,0.2,-0.19755028056910853,-0.3244254294806457
379.165,0.2,-0.19620153922775926,0.07522131713671093
379.17,0.2,-0.19537009285209891,0.12227276303643062
379.175,0.2,-0.19503163126897533,-0.028270227373096722
379.18,0.2,-0.1950288115546728,-0.13767387169688136
379.185,0.2,-0.19515523941226376,-0.3943764303314892
379.19,0.2,-0.19525956204126005,-0.5640053369829273
379.195,0.2,-0.19531813507207318,-0.3583666928985618
379.2,0.2,-0.19543331672080969,-0.29031387369186856
379.205,0.2,-0.19575869003600072,-0.055539911418486326
379.21,0.2,-0.19640254213442673,0.10415372531555342
379.215,0.2,-0.1973592627357065,-0.05150905434672927
379.22,0.2,-0.1985061405509708,-0.14468907827862065
379.225,0.2,-0.19967037577025964,-0.40404497439320597
379.23,0.2,-0.20072427891833874,-0.5152211277900821
379.235,0.2,-0.20165632485657098,-0.47087483856932033
379.24,0.2,-0.20257042698601507,-0.04100643753526584
379.245,0.2,-0.2035964304845852,0.07114802220983718
379.25,0.2,-0.2047774459879472,-0.010467471471416995
379.255,0.2,-0.20602899704706837,-0.024626615722238163
379.26,0.2,-0.2071810210698626,-0.1868623598349694
379.265,0.2,-0.2080587462199984,-0.5442216090130771
379.27,0.2,-0.20857190547130477,-0.39021150067634136
379.275,0.2,-0.20876177806590016,-0.3458912328157765
379.28,0.2,-0.2087608086016727,0.009832394409852868
379.285,0.2,-0.20869428654650973,-0.0015806131307248058
379.29,0.2,-0.208600088132125,-0.018391341172006664
379.295,0.2,-0.20841334278275564,0.013561080283252905
379.3,0.2,-0.20800084466308888,-0.15561168505325118
379.305,0.2,-0.20721691335730513,-0.30295856527861414
379.31,0.2,-0.20596927943288829,-0.37576165854903887
379.315,0.2,-0.20426753110532547,-0.35510040019573297
379.32,0.2,-0.20222364524567277,-0.23750961946011753
379.325,0.2,-0.1999979179201094,0.11822731164351384
379.33,0.2,-0.19770612245867233,0.1782200833858559
379.335,0.2,-0.1953460605469469,-0.04336892892253703
379.34,0.2,-0.19281381406832093,-0.2457604392544432
379.345,0.2,-0.19000149002781386,-0.4343576783486215
379.35,0.2,-0.18689457161505804,-0.3733763107593495
379.355,0.2,-0.18361024695811395,-0.5353648844558967
379.36,0.2,-0.18037806050375776,-0.24483089746547632
379.365,0.2,-0.17747664948437872,-0.11602165822254284
379.37,0.2,-0.17513708338162953,0.16142456163286018
379.375,0.2,-0.1734617305053134,-0.19449566491612352
379.38,0.2,-0.17241860587581087,-0.02390064334777628
379.385,0.2,-0.17190468839720177,-0.46148433565779234
379.39,0.2,-0.17182826188380235,-0.3676178629044012
379.395,0.2,-0.17216852856990822,-0.391508666255906
379.4,0.2,-0.17297563464485088,-0.11145235479688546
379.405,0.2,-0.17430647335324864,0.029750406438844173
379.41,0.2,-0.17613077219673937,0.44941417096796454
379.415,0.2,-0.17825776050946623,0.025572073983433405
379.42,0.2,-0.1803535022555638,-0.17816224395978575
379.425,0.2,-0.18206279625674368,-0.3289484607501221
379.43,0.2,-0.18314384945151077,-0.5014052340077704
379.435,0.2,-0.18353907384367243,-0.5153002401191974
379.44,0.2,-0.18336912535073985,-0.12972130761527106
379.445,0.2,-0.18284365788343335,0.07885121312100637
379.45,0.2,-0.1821274351101896,0.14605812174862318
379.455,0.2,-0.18125564229377497,0.008963266020135419
379.46,0.2,-0.18014787878848668,-0.1362672634381578
379.465,0.2,-0.17869153410011002,-0.3884062735044735
379.47,0.2,-0.1768432139628401,-0.5820599568081117
379.475,0.2,-0.17470585841516612,-0.5742295715525279
379.48,0.2,-0.17253736797876862,-0.2523277400018121
379.485,0.2,-0.170667354436732,-0.06085951466858143
379.49,0.2,-0.16936904399953728,0.0009535075842677099
379.495,0.2,-0.16876848252394847,0.1339071679516406
379.5,0.2,-0.1688318391877504,-0.28917872979121384
379.505,0.2,-0.16943087408175292,-0.3006879394582636
379.51,0.2,-0.17044302014078647,-0.37163633173474375
379.515,0.2,-0.1718140844177502,-0.39211222267719226
379.52,0.2,-0.17356056197607328,-0.22585703674896881
379.525,0.2,-0.1757276806042659,-0.04818773482143268
379.53,0.2,-0.1783143289650888,0.2558973978523878
379.535,0.2,-0.18120062364922404,0.0037511544630561555
379.54,0.2,-0.1841510346494576,-0.37952271254767245
379.545,0.2,-0.1869152905411073,-0.28342668946579214
379.55,0.2,-0.18934082830149607,-0.5814901666153999
379.555,0.2,-0.19141695543450582,-0.2852009078928315
379.56,0.2,-0.1932448139007653,-0.17577393215337545
379.565,0.2,-0.19495665851864188,-0.09512061843400646
379.57,0.2,-0.19663122220982318,0.13872243160860467
379.575,0.2,-0.19824435946042288,-0.038490071902262904
379.58,0.2,-0.1996744610536248,-0.18852589504766465
379.585,0.2,-0.20076994325265,-0.3744000480495631
379.59,0.2,-0.20143462094868816,-0.2839334168656994
379.595,0.2,-0.20167083894585042,-0.43452404817902224
379.6,0.2,-0.20157176764127738,-0.19939537414489383
379.605,0.2,-0.20127614871637736,-0.05200651476100551
379.61,0.2,-0.20089302669886216,0.1426053794174081
379.615,0.2,-0.20042502135003407,0.267561836198717
379.62,0.2,-0.19974166621165157,-0.1998702827901345
379.625,0.2,-0.19864553400340554,-0.3507453648183483
379.63,0.2,-0.19700154350856872,-0.5227960963268058
379.635,0.2,-0.19482865574647,-0.34840141182330187
379.64,0.2,-0.19229435395827799,-0.30041515565972976
379.645,0.2,-0.18963794665896858,-0.06426906886649508
379.65,0.2,-0.1870698511689465,0.20216029111786793
379.655,0.2,-0.18468488068503627,0.022047560334045774
379.66,0.2,-0.1824444990351636,-0.23829350802308152
379.665,0.2,-0.1802530108430733,-0.33864895745541657
379.67,0.2,-0.17806451104274507,-0.5062375688215668
379.675,0.2,-0.17594399616841955,-0.37588111295489807
379.68,0.2,-0.17405714611056416,-0.21749962447238372
379.685,0.2,-0.1726005275966267,-0.08705824101392416
379.69,0.2,-0.17171694891786224,-0.02949578171587075
379.695,0.2,-0.17144153623805938,0.07385220631571483
379.7,0.2,-0.17169256689007853,-0.13047598736339616
379.705,0.2,-0.17231277901604453,-0.3212554365013951
379.71,0.2,-0.17315894177909052,-0.6304706750765868
379.715,0.2,-0.1741885023042846,-0.23202104566673154
379.72,0.2,-0.17546030805918122,-0.08600792985281665
379.725,0.2,-0.17703850839669566,0.1460399224703905
379.73,0.2,-0.17888709235593925,0.14080519413556367
379.735,0.2,-0.18083468565717098,-0.027841701940587174
379.74,0.2,-0.18262187807721716,-0.15024156092824742
379.745,0.2,-0.18399675026222426,-0.4170889714821535
379.75,0.2,-0.18480682240699808,-0.354748425027335
379.755,0.2,-0.1850426069403435,-0.36646612780362603
379.76,0.2,-0.18481624413001999,-0.2031539088911646
379.765,0.2,-0.1842948731303877,-0.062062538432864967
379.77,0.2,-0.18361353489525756,0.30734455114399345
379.775,0.2,-0.18279421981258448,0.04922525569776455
379.78,0.2,-0.18173006156756205,-0.13510333726248094
379.785,0.2,-0.18026662363600135,-0.3794078675374393
379.79,0.2,-0.17831555001609628,-0.3137716035817798
379.795,0.2,-0.1759138168889231,-0.3878918512223768
379.8,0.2,-0.17321277658684228,-0.25097178076178484
379.805,0.2,-0.17041758354845,0.13616253881096577
379.81,0.2,-0.16769176919721737,0.11273560852634285
379.815,0.2,-0.1650787103348563,0.05912265356510683
379.82,0.2,-0.1625110712437603,-0.35397445073340905
379.825,0.2,-0.15990498206903833,-0.3239922080184985
379.83,0.2,-0.15725800436962564,-0.4593527308322065
379.835,0.2,-0.15468700604509714,-0.4250364929020161
379.84,0.2,-0.1524006683602571,-0.08481998447369118
379.845,0.2,-0.15060974409885314,0.2736498425044312
379.85,0.2,-0.14940519675589023,0.1417530836566861
379.855,0.2,-0.14869830712296198,0.016518086998852613
379.86,0.2,-0.1482799137568096,-0.35167526883443156
379.865,0.2,-0.1479443705669969,-0.2574039365717685
379.87,0.2,-0.14758937972636035,-0.6137519766645507
379.875,0.2,-0.1472553314466206,-0.30684310374728574
379.88,0.2,-0.14709221023181349,0.030951504739447966
379.885,0.2,-0.1472510030527872,0.1113266623174839
379.89,0.2,-0.14776172993317366,0.3883961630256665
379.895,0.2,-0.14847902870490404,0.028143560414516572
379.9,0.2,-0.14912656478766093,-0.14292320366830344
379.905,0.2,-0.1494178212370555,-0.3577332241968239
379.91,0.2,-0.14917904553875824,-0.4537487231065064
379.915,0.2,-0.14840968099656238,-0.3896929875633072
379.92,0.2,-0.147264529067171,-0.1909388878045248
379.925,0.2,-0.1459686604785846,0.06659810068936654
379.93,0.2,-0.1447016792813779,0.22074442377484205
379.935,0.2,-0.14351318582839998,0.035949068711766466
379.94,0.2,-0.1423219544941461,-0.05366424144253018
379.945,0.2,-0.14099468348561175,-0.3814661130520894
379.95,0.2,-0.13945688328717368,-0.6029858386097343
379.955,0.2,-0.13777918300731531,-0.3719603013918025
379.96,0.2,-0.13617851245926274,-0.254572903180426
379.965,0.2,-0.1349326887576879,-0.18525967529432588
379.97,0.2,-0.13427607629632182,0.167299765282848
379.975,0.2,-0.13431884482034098,0.06993986709818435
379.98,0.2,-0.13501349799548312,-0.043832998125947
379.985,0.2,-0.1362028734690411,-0.3949040942379419
379.99,0.2,-0.1377285790765846,-0.3748844058403309
379.995,0.2,-0.1395194529461239,-0.3934435389378932
380.0,0.2,-0.14160287098915636,-0.17105494997005885
380.005,0.2,-0.14404563824692468,-0.01239510160076443
380.01,0.2,-0.14686110408924472,0.35312834242540947
380.015,0.2,-0.14992079662133595,0.3075793268592101
380.02,0.2,-0.15293252132978538,-0.17210115652272975
380.025,0.2,-0.15553804527651613,-0.3901161790525183
380.03,0.2,-0.15747047564739627,-0.3439505963516986
380.035,0.2,-0.15864057329611309,-0.3123359342642803
380.04,0.2,-0.15910970464318328,-0.057439604893997714
380.045,0.2,-0.1589999675215335,0.058800460375817126
380.05,0.2,-0.15840075998094605,0.11983758999431524
380.055,0.2,-0.1573101290310779,0.30311677389427716
380.06,0.2,-0.15562582445818693,-0.10007071640048382
380.065,0.2,-0.15320008293032053,-0.23131142001457458
380.07,0.2,-0.14994167530016328,-0.3258244206399721
380.075,0.2,-0.14589470464114676,-0.4133960833675674
380.08,0.2,-0.14124490432405495,-0.059524504227754765
380.085,0.2,-0.13625723508954402,-0.13198089501383775
380.09,0.2,-0.13118690789018814,0.08603543887918863
380.095,0.2,-0.12621377885546045,0.09697696050757468
380.1,0.2,-0.12142530518928114,-0.27924508705100154
380.105,0.2,-0.11686633623334777,-0.3881351321011867
380.11,0.2,-0.11263251169521757,-0.5648273101735721
380.115,0.2,-0.10893250310671689,-0.46345896988253565
380.12,0.2,-0.10607139438981493,-0.192415929996145
380.125,0.2,-0.1043569621726937,0.09268040263761222
380.13,0.2,-0.10397274546578368,0.2324131353795106
380.135,0.2,-0.10488810993880127,0.28885529460894105
380.14,0.2,-0.1068591001776693,-0.17896202125268318
380.145,0.2,-0.10953105621836816,-0.2616699516555166
380.15,0.2,-0.11257947597757857,-0.28441846378611196
380.155,0.2,-0.11579255294508894,-0.31758167426794237
380.16,0.2,-0.1190717681061171,-0.13637926632949213
380.165,0.2,-0.12237824221860992,0.1426877342980056
380.17,0.2,-0.12565445795118596,-0.021817215730062622
380.175,0.2,-0.12877719286203468,0.05266109100584991
380.18,0.2,-0.13157464248093623,-0.15037481850946138
380.185,0.2,-0.13388429915985303,-0.34104544830250205
380.19,0.2,-0.13562546407941195,-0.4922130613149387
380.195,0.2,-0.13685191099873836,-0.29229025651295076
380.2,0.2,-0.13773434673341023,-0.11140340509421831
380.205,0.2,-0.13846599229474632,0.23858596268750304
380.21,0.2,-0.13914640667511624,0.2048873004004235
380.215,0.2,-0.13971751347546016,0.16933566705126535
380.22,0.2,-0.13998510781751458,0.08386294200283273
380.225,0.2,-0.1397023682690419,-0.30553468566367864
380.23,0.2,-0.13867989657912466,-0.3588150002641541
380.235,0.2,-0.1368721845962241,-0.22426124879719472
380.24,0.2,-0.13438143137262587,-0.15453451927258516
380.245,0.2,-0.1313880382724278,-0.008915281245710699
380.25,0.2,-0.12806310618829528,0.2609048619782255
380.255,0.2,-0.12450145108071776,-0.08090468320064567
380.26,0.2,-0.12071647354572373,-0.07878225674214176
380.265,0.2,-0.1166996172646154,-0.19795835924933566
380.27,0.2,-0.11248679277348216,-0.38607192077570884
380.275,0.2,-0.10819924377942086,-0.3314821070182771
380.28,0.2,-0.10404889289742351,-0.2031707892975328
380.285,0.2,-0.10028867684590922,0.030661004005826303
380.29,0.2,-0.09711608448516099,0.37730818638150965
380.295,0.2,-0.09457949361795409,0.10960486435284084
380.3,0.2,-0.09256443395079712,-0.1336359124024466
380.305,0.2,-0.09088713628196977,-0.2726256933050765
380.31,0.2,-0.08941180607849245,-0.2148010215117509
380.315,0.2,-0.08810305249168321,-0.3116907596275301
380.32,0.2,-0.0870130944435156,-0.09245836341391439
380.325,0.2,-0.08622444023492841,0.2636582278814589
380.33,0.2,-0.0857560304358912,0.2970575114784513
380.335,0.2,-0.08549198640375417,0.10146456662673217
380.34,0.2,-0.08520248800036104,0.020021579484248486
380.345,0.2,-0.08464074434570784,-0.35635662033512067
380.35,0.2,-0.08365448886836384,-0.40895729698202
380.355,0.2,-0.0822593074645438,-0.347456684351136
380.36,0.2,-0.08062537279841255,0.015030310067790237
380.365,0.2,-0.07896974624548983,0.29458618552710214
380.37,0.2,-0.07741978848081967,0.2550370647541219
380.375,0.2,-0.07594346132246699,0.15672599780484098
380.38,0.2,-0.07438325364440809,0.01193504286249289
380.385,0.2,-0.0725541939179535,-0.35083290157007396
380.39,0.2,-0.07035780161872776,-0.46859777829404314
380.395,0.2,-0.06786582926609983,-0.4254836715596909
380.4,0.2,-0.06531113355624515,0.12476094706642495
380.405,0.2,-0.06296748627661228,0.18060428781253896
380.41,0.2,-0.06099997987104655,0.3637677511793336
380.415,0.2,-0.05938880055343673,0.2586426567947463
380.42,0.2,-0.05795004362350852,0.11293456669455798
380.425,0.2,-0.05642347856583413,-0.13881672527362246
380.43,0.2,-0.05458684560666236,-0.26800626155796264
380.435,0.2,-0.05234541830577647,-0.26030647564980036
380.44,0.2,-0.049754346902985934,-0.12031132523376718
380.445,0.2,-0.046971372242041745,-0.047062057851486455
380.45,0.2,-0.04417250694050534,0.27514345063455425
380.455,0.2,-0.041467832232184504,0.16012360650677748
380.46,0.2,-0.038861907939312365,0.023326022897209253
380.465,0.2,-0.03629485250545667,-0.27059206527248847
380.47,0.2,-0.033742239636461724,-0.48299417299996517
380.475,0.2,-0.031302059404948256,-0.2858322304405194
380.48,0.2,-0.029190476207039656,0.13478533929866404
380.485,0.2,-0.027636983625550917,-0.003577782282431219
380.49,0.2,-0.026771505996436653,0.3283442385533509
380.495,0.2,-0.0265736751374959,0.22087360474431675
380.5,0.2,-0.026880940775541335,0.03258170600333569
380.505,-0.2,-0.027459259419892208,-0.2806955719734846
380.51,-0.2,-0.02811632167389885,-0.24328698837418983
380.515,-0.2,-0.02878608987922266,-0.4391389548860887
380.52,-0.2,-0.02954102575460027,-0.06888265259137405
380.525,-0.2,-0.03053565869189457,-0.08282240066917299
380.53,-0.2,-0.03191235054152592,0.23150869324233123
380.535,-0.2,-0.03371979649946258,0.09928003295325051
380.54,-0.2,-0.03588538992553433,0.08504075755253876
380.545,-0.2,-0.03825624862065382,-0.285804682630987
380.55,-0.2,-0.040693607749557,-0.42924226058645554
380.555,-0.2,-0.04315944311501601,-0.13340635574340837
380.56,-0.2,-0.04571796119259241,-0.06040725251380216
380.565,-0.2,-0.0484521128394883,0.18924532025358476
380.57,-0.2,-0.051367053366121004,0.3407667001744538
380.575,-0.2,-0.05433236402206591,0.2352238930280462
380.58,-0.2,-0.05709972893080698,-0.21544332387601597
380.585,-0.2,-0.05940658104228794,-0.15964007971087982
380.59,-0.2,-0.0610916909686172,-0.33041467645421446
380.595,-0.2,-0.062143048165506864,-0.23623388773612508
380.6,-0.2,-0.06267348484319801,-0.02387854287789761
380.605,-0.2,-0.06283783212601737,0.3809610838205514
380.61,-0.2,-0.06272145094842689,0.1634275312222805
380.615,-0.2,-0.06227879354729132,0.27143837374441304
380.62,-0.2,-0.06136429097521063,-0.0804225959325589
380.625,-0.2,-0.05982845570785976,-0.4179352465034578
380.63,-0.2,-0.05763866468699574,-0.5047635362771985
380.635,-0.2,-0.054954127250775024,-0.22729658384510343
380.64,-0.2,-0.05207825935858159,0.1761819584783871
380.645,-0.2,-0.04931512174276073,0.08492000062951316
380.65,-0.2,-0.04684941352785441,0.22426782459653033
380.655,-0.2,-0.0447140800009544,0.2286156293900785
380.66,-0.2,-0.04282635308880504,-0.29678745161799047
380.665,-0.2,-0.04108162009339241,-0.30343898762382204
380.67,-0.2,-0.03946267626935411,-0.33299998717268753
380.675,-0.2,-0.03808272879063789,-0.3668153953009469
380.68,-0.2,-0.03715013889141712,-0.053400624814116664
380.685,-0.2,-0.03688902874653562,0.005580729823755709
380.69,-0.2,-0.037450243653583,0.10455847343187102
380.695,-0.2,-0.03885790203390881,0.10837380793716653
380.7,-0.2,-0.04101247001668007,-0.06543545465081063
380.705,-0.2,-0.04374384228687906,-0.22715707842938812
380.71,-0.2,-0.0468897695502285,-0.23478852754580798
380.715,-0.2,-0.050356080793343146,-0.37138012169882073
380.72,-0.2,-0.0541275715257298,0.018976248294052117
380.725,-0.2,-0.05821995303627132,0.0507675626092291
380.73,-0.2,-0.06259664820645269,0.28717209693815754
380.735,-0.2,-0.06710373540886584,0.3076456210844336
380.74,-0.2,-0.07146089762067642,0.06088678793487394
380.745,-0.2,-0.07533171273765543,-0.3881406608089936
380.75,-0.2,-0.07845663001012304,-0.3220450232484974
380.755,-0.2,-0.08075575464875748,-0.36914176778895863
380.76,-0.2,-0.08233008586139644,-0.17658769960048867
380.765,-0.2,-0.08337553435090214,0.2670959391565724
380.77,-0.2,-0.08405777995120582,0.14923134661840795
380.775,-0.2,-0.08442612195250646,0.05447007277915181
380.78,-0.2,-0.08443076729245609,-0.1546327095141266
380.785,-0.2,-0.08401544695190426,-0.4234087562574369
380.79,-0.2,-0.08321275463949468,-0.3503124220112513
380.795,-0.2,-0.08218518952682581,-0.32956058446225733
380.8,-0.2,-0.0811919319966585,-0.17017171460063418
380.805,-0.2,-0.08050833680665015,0.046553312041942824
380.81,-0.2,-0.08033689878428044,0.10372431281032034
380.815,-0.2,-0.08074370875522828,0.19018114721614837
380.82,-0.2,-0.08165480709913496,-0.22510545245260138
380.825,-0.2,-0.08292802903662089,-0.3037991962477405
380.83,-0.2,-0.08445805012673752,-0.34223937800109216
380.835,-0.2,-0.08623641514391743,-0.3301452799565564
380.84,-0.2,-0.08833585638389209,-0.033660381972099744
380.845,-0.2,-0.09083407440630996,0.2393325022271489
380.85,-0.2,-0.09371374772639947,0.20460236895649989
380.855,-0.2,-0.09681048074085884,0.09356819132591149
380.86,-0.2,-0.0998561888687788,-0.20640649402799782
380.865,-0.2,-0.1025910311499247,-0.41730398100996297
380.87,-0.2,-0.10487367164589421,-0.33921132286804545
380.875,-0.2,-0.10672168450289772,-0.2767072769224693
380.88,-0.2,-0.10826406779872029,-0.0034896122400201596
380.885,-0.2,-0.10964549412132776,0.07351368076060613
380.89,-0.2,-0.11093174364881404,0.3733554498054903
380.895,-0.2,-0.11205539891420821,0.012376059739294745
380.9,-0.2,-0.11284287803584038,-0.1896500102485828
380.905,-0.2,-0.11312369795218478,-0.4120739977625232
380.91,-0.2,-0.11284266233754296,-0.3142593415711836
380.915,-0.2,-0.11210011386121767,-0.4745091331015757
380.92,-0.2,-0.11112540810723326,-0.23904713361755187
380.925,-0.2,-0.11020746761709696,0.039575745586734545
380.93,-0.2,-0.10959051326778835,0.1502355359046599
380.935,-0.2,-0.10938271059439868,0.08757315383397635
380.94,-0.2,-0.10954844128572079,-0.2843965317968608
380.945,-0.2,-0.10998947796207902,-0.2110574132475927
380.95,-0.2,-0.1106425097104715,-0.45059195790018963
380.955,-0.2,-0.11153336085645732,-0.4258978322647278
380.96,-0.2,-0.11277972373643062,-0.18521201243227164
380.965,-0.2,-0.11453263059565039,0.1177233967139048
380.97,-0.2,-0.11686809012198154,0.2431790455209732
380.975,-0.2,-0.11970366450887282,0.07520856203781837
380.98,-0.2,-0.12281589134773953,-0.3052657046306
380.985,-0.2,-0.1259540681291232,-0.35543435382267086
380.99,-0.2,-0.12896013311462076,-0.40439113676942207
380.995,-0.2,-0.13181660569457956,-0.4380185496922927
381.0,-0.2,-0.13461774634780957,0.006071765003627175
381.005,-0.2,-0.13747743199843515,0.19402286766589677
381.01,-0.2,-0.1404148413591757,0.11165155098713979
381.015,-0.2,-0.14330569520904515,0.04681914722363643
381.02,-0.2,-0.1459251386825787,0.0031878993503562103
381.025,-0.2,-0.14802708919467417,-0.25328157495010895
381.03,-0.2,-0.14943438168704795,-0.6731751892153235
381.035,-0.2,-0.15013378860859855,-0.48118526688056085
381.04,-0.2,-0.15030795474070135,-0.25799175391718665
381.045,-0.2,-0.15024992086927783,0.004993860861797775
381.05,-0.2,-0.15022202339926571,0.041086346235367624
381.055,-0.2,-0.15036121644153447,0.04327300879746912
381.06,-0.2,-0.1506699040411615,-0.13994350649533074
381.065,-0.2,-0.15107289905080082,-0.2516746702183922
381.07,-0.2,-0.15150549132590269,-0.6060499340691987
381.075,-0.2,-0.15198945528798255,-0.21331209026920928
381.08,-0.2,-0.15263951317864966,-0.23357644672977848
381.085,-0.2,-0.15359246281016045,-0.004163847772977916
381.09,-0.2,-0.15491935084897768,0.18109983250498787
381.095,-0.2,-0.156562863466036,0.20302880338630253
381.1,-0.2,-0.15832498897099884,-0.10015238393048595
381.105,-0.2,-0.1599413839673003,-0.4981788454946723
381.11,-0.2,-0.16122178568516538,-0.5788300371957661
381.115,-0.2,-0.16215239825612124,-0.2947877352013947
381.12,-0.2,-0.16287476810376644,-0.1780461864225012
381.125,-0.2,-0.16357687365136878,-0.07202615490258812
381.13,-0.2,-0.16439283076552919,0.060420165539979184
381.135,-0.2,-0.1653480524228027,0.15961307110430015
381.14,-0.2,-0.16634853534150915,-0.15998788381133086
381.145,-0.2,-0.16723280441456886,-0.3189299116894141
381.15,-0.2,-0.1678735942797148,-0.47114362225177786
381.155,-0.2,-0.16825823369055004,-0.3564253986934525
381.16,-0.2,-0.16848522800281815,0.010715302145821587
381.165,-0.2,-0.16867849998382659,-0.0015883339166056151
381.17,-0.2,-0.1688933025528967,0.023347297881576357
381.175,-0.2,-0.1690840985891918,0.05938779927558797
381.18,-0.2,-0.16913120320803554,-0.22023875102609805
381.185,-0.2,-0.16890206373956076,-0.2831327420887401
381.19,-0.2,-0.16832617545470202,-0.43389335649373184
381.195,-0.2,-0.16744701481558133,-0.4603874265886633
381.2,-0.2,-0.1664176492081575,-0.008338482705794431
381.205,-0.2,-0.16542446289591575,0.00336448002225221
381.21,-0.2,-0.16458139133640018,0.14645741771129178
381.215,-0.2,-0.16387442374904018,0.019274927543823248
381.22,-0.2,-0.16318562440068518,-0.2116697922719138
381.225,-0.2,-0.16236864778804125,-0.15332352857055923
381.23,-0.2,-0.16132998927972778,-0.5803973192041505
381.235,-0.2,-0.160093915665019,-0.5532981026237398
381.24,-0.2,-0.15882961103469145,-0.2225425676577215
381.245,-0.2,-0.15779163612195543,-0.040164957858577904
381.25,-0.2,-0.15719468009117452,0.08343743868080741
381.255,-0.2,-0.15711721273575635,0.11186915552817701
381.26,-0.2,-0.1574883621731883,-0.20587230890072883
381.265,-0.2,-0.15815703021998903,-0.3542437418232947
381.27,-0.2,-0.15900325107822316,-0.5616087904410677
381.275,-0.2,-0.16002032747226902,-0.3728347176695501
381.28,-0.2,-0.16130926752238,-0.061303448389196116
381.285,-0.2,-0.16298585999106643,0.051942349340942794
381.29,-0.2,-0.1650714876207215,0.15336108359257006
381.295,-0.2,-0.1674471359948427,-0.0560019923936092
381.3,-0.2,-0.16989248246802122,-0.19118335194702094
381.305,-0.2,-0.1721726172105245,-0.19463393969172516
381.31,-0.2,-0.17411130183423684,-0.3280703323032681
381.315,-0.2,-0.1756206635546719,-0.1861970648449378
381.32,-0.2,-0.17669216122397927,-0.2023409261217035
381.325,-0.2,-0.17736246941132258,-0.1055787309069241
381.33,-0.2,-0.17767011632613985,0.08362807132288194
381.335,-0.2,-0.17761095094028304,0.07995427189584238
381.34,-0.2,-0.17711258305942093,-0.03174304222854321
381.345,-0.2,-0.17606763443751788,-0.47659891511032065
381.35,-0.2,-0.17443216674905043,-0.5983659695464928
381.355,-0.2,-0.17231738989622353,-0.3467880952896685
381.36,-0.2,-0.16998694703179756,-0.3959629034329204
381.365,-0.2,-0.1677659996958467,0.031856341200372
381.37,-0.2,-0.165919514214307,0.29551418565898363
381.375,-0.2,-0.16454369215064907,0.12881898978252215
381.38,-0.2,-0.1635453853789529,-0.2645345796937818
381.385,-0.2,-0.16274750171743124,-0.3894766540065152
381.39,-0.2,-0.16203758926496142,-0.646199195534938
381.395,-0.2,-0.1614563156421873,-0.4358818660529751
381.4,-0.2,-0.16119038290395749,-0.3760652273556171
381.405,-0.2,-0.16148250568795688,0.1181580962632976
381.41,-0.2,-0.16250592041620796,-0.03813077533241646
381.415,-0.2,-0.1642800372102195,0.06242269889259514
381.42,-0.2,-0.16667426684449085,-0.1580298006065517
381.425,-0.2,-0.1694749540364599,-0.19458563470741702
381.43,-0.2,-0.1724643413989598,-0.3050953541309715
381.435,-0.2,-0.1754818897506102,-0.42314272537979725
381.44,-0.2,-0.17845439312460024,-0.22385912558888754
381.445,-0.2,-0.18136925656067274,0.1951500814012225
381.45,-0.2,-0.1841842350562336,0.13559289260070992
381.455,-0.2,-0.18675972728575693,-0.2643403062401293
381.46,-0.2,-0.1889006336600582,-0.16333502501747865
381.465,-0.2,-0.19044962477409294,-0.25544888069285077
381.47,-0.2,-0.19134061437466662,-0.5026928040413018
381.475,-0.2,-0.19162139929787897,-0.386678539968616
381.48,-0.2,-0.1914534025516628,-0.27169933433766724
381.485,-0.2,-0.191052509662746,0.10049941859719329
381.49,-0.2,-0.1905821159048302,0.15669641374485316
381.495,-0.2,-0.19007479016446663,-0.11833318063952758
381.5,-0.2,-0.18944985546037002,-0.16106922733033432
381.505,-0.2,-0.1886017607769072,-0.33702490801634816
381.51,-0.2,-0.18748422091488848,-0.4691345450612244
381.515,-0.2,-0.1861571042257214,-0.3978370557839476
381.52,-0.2,-0.18477968275897425,-0.12384748218823974
381.525,-0.2,-0.18353458544689846,0.12214725614576274
381.53,-0.2,-0.18252000422105405,0.14682241392243223
381.535,-0.2,-0.1816863197071548,0.09889898821510544
381.54,-0.2,-0.18086372500616987,-0.33379576253555876
381.545,-0.2,-0.17986835238317425,-0.3973037176784505
381.55,-0.2,-0.17861969609240624,-0.5457499031584434
381.555,-0.2,-0.17719780315301467,-0.48731952041289983
381.56,-0.2,-0.17582337755254843,-0.339213331216852
381.565,-0.2,-0.1747733713440111,0.11084291569547419
381.57,-0.2,-0.17425935211376534,-0.01671250140698946
381.575,-0.2,-0.17434277352875718,-0.0056940778216585525
381.58,-0.2,-0.17494753047292227,-0.2936200998550893
381.585,-0.2,-0.17594108359280247,-0.2423621859433697
381.59,-0.2,-0.17721365837120118,-0.4000982680269325
381.595,-0.2,-0.17872209301686257,-0.4468927698770523
381.6,-0.2,-0.1804912857513472,0.01145164970591031
381.605,-0.2,-0.1825572678434512,-0.018550285263749938
381.61,-0.2,-0.18488279978942004,0.09599462396215515
381.615,-0.2,-0.18731901762142175,0.024862881031272547
381.62,-0.2,-0.18963223087924555,-0.126872438570956
381.625,-0.2,-0.19157205408434996,-0.3074492183830879
381.63,-0.2,-0.19295308315039258,-0.3562332021557329
381.635,-0.2,-0.19371287789477926,-0.45360113749984055
381.64,-0.2,-0.19392064051528343,-0.22886480506126244
381.645,-0.2,-0.19372583517757047,0.04730686398945347
381.65,-0.2,-0.19325548925637093,0.24686780432208305
381.655,-0.2,-0.19251564357655326,0.19884083964477833
381.66,-0.2,-0.19136911755587357,-0.05238901526333231
381.665,-0.2,-0.18961241725538894,-0.34544819112505754
381.67,-0.2,-0.18710456806350215,-0.47833318097918515
381.675,-0.2,-0.18385789613927717,-0.19508355222916218
381.68,-0.2,-0.18002688439355272,-0.19356351209859488
381.685,-0.2,-0.17582332577769758,-0.006173099445888015
381.69,-0.2,-0.17143214943262297,0.03102713614858331
381.695,-0.2,-0.16696180943583475,0.07889650875450122
381.7,-0.2,-0.1624359124262962,-0.1281850556270615
381.705,-0.2,-0.1578416006594909,-0.5196017404064812
381.71,-0.2,-0.15322445261767884,-0.4673242958256356
381.715,-0.2,-0.14875978178274102,-0.475452838285473
381.72,-0.2,-0.1447376393478438,-0.2345736878579063
381.725,-0.2,-0.14147197703964579,0.053640059953513786
381.73,-0.2,-0.13918796475727324,-0.00459286913989948
381.735,-0.2,-0.13795407593605294,-0.0014295522730851731
381.74,-0.2,-0.13769724285005722,-0.2380234415396253
381.745,-0.2,-0.13827883221775694,-0.35891775063339365
381.75,-0.2,-0.13958076684951776,-0.39000658070023475
381.755,-0.2,-0.14154981770981384,-0.19170634791630833
381.76,-0.2,-0.14417465805137147,-0.13053710241973354
381.765,-0.2,-0.1474223061156499,0.08062821158948323
381.77,-0.2,-0.15117527150034166,0.21364230594480876
381.775,-0.2,-0.15519978540932652,-0.041557907410118125
381.78,-0.2,-0.1591835069173228,-0.32327376819798526
381.785,-0.2,-0.16283949921885488,-0.29312074259104737
381.79,-0.2,-0.16600051913806665,-0.5078687174987185
381.795,-0.2,-0.16865732177006051,-0.5442483930589307
381.8,-0.2,-0.1709513441765687,-0.31674982941223984
381.805,-0.2,-0.1731065590831098,0.13600401530483752
381.81,-0.2,-0.1752982713101646,0.16419917771120696
381.815,-0.2,-0.1775463768598163,-0.005622749301544459
381.82,-0.2,-0.1797164168637366,0.017278159061911408
381.825,-0.2,-0.1816025224047575,-0.346552587017886
381.83,-0.2,-0.18303480684830822,-0.5760583255528285
381.835,-0.2,-0.18396925867566769,-0.21883473095545677
381.84,-0.2,-0.18449283783797865,-0.15842168679523358
381.845,-0.2,-0.18473804802911956,-0.026455976875319046
381.85,-0.2,-0.18478931225500111,0.1795005091008262
381.855,-0.2,-0.18463322499053494,-0.051845101254013135
381.86,-0.2,-0.1841689549159238,-0.1460187819205548
381.865,-0.2,-0.183280695686273,-0.4190890116736156
381.87,-0.2,-0.1819343426335769,-0.6146102106966185
381.875,-0.2,-0.18024750868980505,-0.5018860599581774
381.88,-0.2,-0.1784820319001068,-0.12266578031750944
381.885,-0.2,-0.176937705794194,0.08850838549385773
381.89,-0.2,-0.17581176631139409,0.14759377785460884
381.895,-0.2,-0.17512126701083158,0.10912295762646104
381.9,-0.2,-0.17472923834316115,-0.34222354840041497
381.905,-0.2,-0.17445848862590474,-0.5182534781450809
381.91,-0.2,-0.174221200238563,-0.3832769611418407
381.915,-0.2,-0.1740654956514969,-0.29979593184257136
381.92,-0.2,-0.17411775228483886,-0.025957997959458967
381.925,-0.2,-0.17447995947668773,0.13987099453670665
381.93,-0.2,-0.17514553208500205,0.02731816942147551
381.935,-0.2,-0.1759743615048131,0.20093704335261206
381.94,-0.2,-0.17672882665450798,-0.23033362452291462
381.945,-0.2,-0.17715955842093173,-0.45534308485850383
381.95,-0.2,-0.17711595656663603,-0.36804010583871805
381.955,-0.2,-0.17661391380715175,-0.6167737338360695
381.96,-0.2,-0.17582517834595413,-0.18045477788518025
381.965,-0.2,-0.1749985587779409,0.01045437627551176
381.97,-0.2,-0.17433526970500643,0.20074382670616536
381.975,-0.2,-0.17388561472984887,0.16962251843311793
381.98,-0.2,-0.1735389420687385,-0.24887073127897896
381.985,-0.2,-0.17311250179204193,-0.2383687330299889
381.99,-0.2,-0.17247187935229788,-0.5058328266006119
381.995,-0.2,-0.1716103913724392,-0.5135678340128284
382.0,-0.2,-0.17066603409988634,-0.3389772306079548
382.005,-0.2,-0.16986698860990979,0.0009025523381329531
382.01,-0.2,-0.1694105105429425,0.29815605025669545
382.015,-0.2,-0.1693431404378479,0.058953311871341715
382.02,-0.2,-0.16954192326247558,-0.2677041724595729
382.025,-0.2,-0.1698218776500444,-0.48041755873513164
382.03,-0.2,-0.17007085627173157,-0.29797929062003564
382.035,-0.2,-0.170296693718666,-0.26355769215964553
382.04,-0.2,-0.1705807766926506,-0.1405190263189105
382.045,-0.2,-0.17100859225807466,-0.1148175696182567
382.05,-0.2,-0.1716163974972968,0.1664187553282534
382.055,-0.2,-0.172353175395784,-0.020474588262347923
382.06,-0.2,-0.17307937897097428,-0.14235974733238918
382.065,-0.2,-0.17362817177298626,-0.4081932194967406
382.07,-0.2,-0.17390108139159718,-0.5322851256385206
382.075,-0.2,-0.17393305536013123,-0.31715283374663805
382.08,-0.2,-0.17387959253727778,-0.2882952495073441
382.085,-0.2,-0.17393722911478524,0.01131979666318958
382.09,-0.2,-0.17424832152232372,0.07114874337690644
382.095,-0.2,-0.17483735005080378,-0.03730931578340363
382.1,-0.2,-0.175614532529403,-0.1635858735919727
382.105,-0.2,-0.17644684740549074,-0.4602504621210215
382.11,-0.2,-0.17725354152194214,-0.48320045792352656
382.115,-0.2,-0.17807047477293816,-0.4599884658775644
382.12,-0.2,-0.17903546286750355,0.018818352123155052
382.125,-0.2,-0.1802916737647229,0.006281290675477662
382.13,-0.2,-0.18187897234441314,0.14355822082837727
382.135,-0.2,-0.18369151904387968,0.011969711815411763
382.14,-0.2,-0.18551477278553935,-0.1918014520281801
382.145,-0.2,-0.18711394187314237,-0.368157040039392
382.15,-0.2,-0.18833868808443083,-0.6655611687523018
382.155,-0.2,-0.18919966303897337,-0.44562469963569384
382.16,-0.2,-0.18986209976343374,-0.10840882169444534
382.165,-0.2,-0.19054311107288724,-0.09558285648919615
382.17,-0.2,-0.19138996098003655,0.11737456754664131
382.175,-0.2,-0.1924157046167911,0.07226611888789605
382.18,-0.2,-0.19350485781625107,-0.2355041198281604
382.185,-0.2,-0.1944874697327008,-0.37601609997882685
382.19,-0.2,-0.19524460734837235,-0.4246274986156543
382.195,-0.2,-0.19576638933247834,-0.2274559933374586
382.2,-0.2,-0.19613001530996055,-0.25678029005363623
382.205,-0.2,-0.19644358288379327,-0.2553661181464111
382.21,-0.2,-0.19680142028525885,0.05402658911884398
382.215,-0.2,-0.19724614678967786,-0.12185592340707838
382.22,-0.2,-0.1977528437604503,-0.3039560042981109
382.225,-0.2,-0.19827725741473434,-0.5454595040202048
382.23,-0.2,-0.19883649791813265,-0.3881754305701079
382.235,-0.2,-0.19954239564218137,-0.4469780381541741
382.24,-0.2,-0.20056525965469152,-0.14952855341376897
382.245,-0.2,-0.20205516919198654,0.06484057055907529
382.25,-0.2,-0.20405537600130733,0.03832798858561123
382.255,-0.2,-0.206462030406901,-0.08056424148698547
382.26,-0.2,-0.2090633819910516,-0.1928103075553447
382.265,-0.2,-0.2116250875318676,-0.3554027698123743
382.27,-0.2,-0.21397906532911948,-0.6737414390710497
382.275,-0.2,-0.2160964714856764,-0.5440054159840527
382.28,-0.2,-0.2180959118444974,-0.07002766854587975
382.285,-0.2,-0.22014787828795987,-0.08915050045724453
382.29,-0.2,-0.22234383401229244,0.17332357330239598
382.295,-0.2,-0.22463449675902167,-0.22065658366106375
382.3,-0.2,-0.22686534268094463,-0.19308596831528205
382.305,-0.2,-0.22886325685315573,-0.30810900978096467
382.31,-0.2,-0.2305145147238218,-0.6094630874918876
382.315,-0.2,-0.23180994246199527,-0.21985702997742362
382.32,-0.2,-0.23282935098808363,-0.08000745780082533
382.325,-0.2,-0.23365317935363217,0.09846566167999896
382.33,-0.2,-0.23427276082182524,0.022450761116207356
382.335,-0.2,-0.23456890860631135,0.012490220897479178
382.34,-0.2,-0.2343534693985238,-0.15935734752245184
382.345,-0.2,-0.23344555112535753,-0.46027173004289657
382.35,-0.2,-0.2317690917205586,-0.7476533733137167
382.355,-0.2,-0.22943028655845701,-0.327809944531463
382.36,-0.2,-0.2266938641381707,-0.13217374361832482
382.365,-0.2,-0.22386136285741007,-0.20460435076618586
382.37,-0.2,-0.22115994983332468,0.12336330989354471
382.375,-0.2,-0.21868911038707614,0.09048424266060223
382.38,-0.2,-0.21640660798361622,-0.04987333143807765
382.385,-0.2,-0.21417380435919298,-0.37518321270324734
382.39,-0.2,-0.21186830737004628,-0.6826279177194113
382.395,-0.2,-0.20950366245987315,-0.6037971151148421
382.4,-0.2,-0.20726640239082111,-0.26086359231300477
382.405,-0.2,-0.20542692512573282,0.05232434513823535
382.41,-0.2,-0.2041882294223166,0.03926173626864461
382.415,-0.2,-0.20359355953837804,-0.10709976603096068
382.42,-0.2,-0.20354642161657632,-0.19756646481188656
382.425,-0.2,-0.203903473307184,-0.6197742627397054
382.43,-0.2,-0.20457639236686093,-0.3536509634211373
382.435,-0.2,-0.2055833146373734,-0.5226923591440746
382.44,-0.2,-0.2070240125627878,-0.15502361383177368
382.445,-0.2,-0.2090078894685857,-0.16825573303731317
382.45,-0.2,-0.2115771342542009,0.049830140517074656
382.455,-0.2,-0.21465810806657304,-0.03848989455820472
382.46,-0.2,-0.21806468576042595,-0.18980354898377733
382.465,-0.2,-0.22155867132531393,-0.38290646524313043
382.47,-0.2,-0.2249365149217042,-0.363892015118802
382.475,-0.2,-0.2280894821776887,-0.48925793572635423
382.48,-0.2,-0.23101892025189705,-0.4578006094464727
382.485,-0.2,-0.2338109489889473,-0.08559672273955145
382.49,-0.2,-0.23655361942315126,0.2671676040233423
382.495,-0.2,-0.2392243284948945,-0.009121469745219768
382.5,-0.2,-0.2416537381241443,-0.16990176775252078
382.505,-0.2,-0.2436103723107496,-0.403874226946405
382.51,-0.2,-0.2449248035599874,-0.4877751057248258
382.515,-0.2,-0.2455634843608484,-0.3700174571816102
382.52,-0.2,-0.24562735993439452,-0.43412128582219467
382.525,-0.2,-0.24529335654579978,0.04001368902495189
382.53,-0.2,-0.24471936625487903,0.0995322115359121
382.535,-0.2,-0.24395407910406106,-0.012309058207011038
382.54,-0.2,-0.24292131536397232,-0.11621390852071772
382.545,-0.2,-0.24149546076254183,-0.5677555429215168
382.55,-0.2,-0.23961393147761129,-0.43496645738141027
382.555,-0.2,-0.2373424392766795,-0.2245435142323961
382.56,-0.2,-0.23484153463990312,-0.26888174444765306
382.565,-0.2,-0.2322801713446909,0.07348566372155727
382.57,-0.2,-0.22975796361002934,0.09820398066451558
382.575,-0.2,-0.22725937737968296,-0.050171076497867284
382.58,-0.2,-0.22467150812038744,-0.19065131277714428
382.585,-0.2,-0.22186595578425494,-0.4517222354824806
382.59,-0.2,-0.21879667480702147,-0.5946158541827918
382.595,-0.2,-0.21556490066612735,-0.5023806918662883
382.6,-0.2,-0.2124048343617023,-0.07803213295978431
382.605,-0.2,-0.20957482909916697,0.09821144991812145
382.61,-0.2,-0.2072250579779326,0.022185983208289656
382.615,-0.2,-0.20534570999507581,-0.09015023528089823
382.62,-0.2,-0.20380841648529008,0.018782765264808488
382.625,-0.2,-0.20243616384893828,-0.3679073414896912
382.63,-0.2,-0.20107693909363863,-0.4331516763625813
382.635,-0.2,-0.19967865521018568,-0.5088898789183373
382.64,-0.2,-0.19832315047337484,-0.4024872118789765
382.645,-0.2,-0.19718361504162546,0.032894651954929036
382.65,-0.2,-0.19641807338519382,0.049534222157281704
382.655,-0.2,-0.19607117380951022,-0.08155261754389331
382.66,-0.2,-0.1960673378539429,-0.25445763764446855
382.665,-0.2,-0.19628868345457987,-0.40410308824454105
382.67,-0.2,-0.19666464859156402,-0.48755414217939685
382.675,-0.2,-0.19722136536224716,-0.42200088043250095
382.68,-0.2,-0.1980685343038157,-0.14331924452366807
382.685,-0.2,-0.19932038969223315,0.14635365358713964
382.69,-0.2,-0.20099502996890717,-0.04819670400640766
382.695,-0.2,-0.20297711508441935,-0.12712082422941334
382.7,-0.2,-0.20506983494580142,-0.17415396267501698
382.705,-0.2,-0.20707354666822186,-0.31409719592589513
382.71,-0.2,-0.20884441199840542,-0.40295225552251435
382.715,-0.2,-0.21033470488740966,-0.5041226297958232
382.72,-0.2,-0.21159636825770572,0.03529665107604685
382.725,-0.2,-0.21271431846927627,-0.03132007950116214
382.73,-0.2,-0.21371052837122584,0.04824939618702279
382.735,-0.2,-0.21450532750945167,-0.04025820024677049
382.74,-0.2,-0.21494497721898642,-0.019558322321871213
382.745,-0.2,-0.21485986617025768,-0.48547536145011594
382.75,-0.2,-0.21415212676971818,-0.619878603153528
382.755,-0.2,-0.21288178813105155,-0.4425402016146735
382.76,-0.2,-0.21126790590322742,-0.20607984462508813
382.765,-0.2,-0.2095859420810192,0.013019967212590142
382.77,-0.2,-0.20803761348661412,0.1716746932557085
382.775,-0.2,-0.20667249013911396,-0.02362898096277643
382.78,-0.2,-0.205400026987961,-0.1780732529170888
382.785,-0.2,-0.20407854448433685,-0.39352082184098314
382.79,-0.2,-0.2026178562643386,-0.38805641173975725
382.795,-0.2,-0.20103082064233638,-0.26414631426895163
382.8,-0.2,-0.19941068208571242,-0.13241547547202823
382.805,-0.2,-0.19786185739051984,-0.020516918581497262
382.81,-0.2,-0.19643107759642411,0.11390099746917906
382.815,-0.2,-0.19506949422682235,-0.014461340501539414
382.82,-0.2,-0.1936429896006474,-0.07970999504363405
382.825,-0.2,-0.1919933022208605,-0.41697313552855014
382.83,-0.2,-0.1900264827176796,-0.4572362549591855
382.835,-0.2,-0.18778413539967007,-0.551494609307604
382.84,-0.2,-0.18545279428470438,-0.2628848507137085
382.845,-0.2,-0.18329820706026517,-0.14171234553030854
382.85,-0.2,-0.18155975444640032,0.022074764375341574
382.855,-0.2,-0.1803581055197065,0.2462290572560052
382.86,-0.2,-0.17965699450357384,-0.2680086572954806
382.865,-0.2,-0.1793193191650878,-0.4734500097732256
382.87,-0.2,-0.17923466803834687,-0.42134251056515504
382.875,-0.2,-0.17940454503630968,-0.41254794538528405
382.88,-0.2,-0.1799296108813857,-0.29261595004665775
382.885,-0.2,-0.1809380865521077,0.08770277912621895
382.89,-0.2,-0.18249124751866366,0.083983605428572
382.895,-0.2,-0.18451582367252925,-0.07370949587639722
382.9,-0.2,-0.18681552033553153,0.02311144283452518
382.905,-0.2,-0.18914614150788484,-0.5582919940011654
382.91,-0.2,-0.19131672197334754,-0.43681580985952695
382.915,-0.2,-0.19326904761366998,-0.38122521926690567
382.92,-0.2,-0.19507779118752105,-0.3957139172541009
382.925,-0.2,-0.19687829070815133,0.15416836398197953
382.93,-0.2,-0.19876010750918346,0.14239145855776786
382.935,-0.2,-0.20067991007779767,-0.06161511915268264
382.94,-0.2,-0.2024674903494827,-0.06904665432255176
382.945,-0.2,-0.20391305284711886,-0.3851701864118863
382.95,-0.2,-0.20486529603213952,-0.4623135686921864
382.955,-0.2,-0.2052972820915092,-0.3402210147291672
382.96,-0.2,-0.20530542621075937,-0.2240318488251209
382.965,-0.2,-0.20503353207215785,0.20952992654174304
382.97,-0.2,-0.20456838396603758,-0.026914821273033185
382.975,-0.2,-0.20388153012299928,0.08449693815476124
382.98,-0.2,-0.20285702550829546,-0.3123812320236929
382.985,-0.2,-0.20138044693674328,-0.44493009893052904
382.99,-0.2,-0.19944312425365598,-0.7211795390738566
382.995,-0.2,-0.19720746678358506,-0.4127352334822164
383.0,-0.2,-0.1949795852963511,-0.2586291674290243
383.005,-0.2,-0.1930949175020142,0.019905748825196606
383.01,-0.2,-0.19178783638651692,0.12799560866568493
383.015,-0.2,-0.19111012893037485,0.1886177056782836
383.02,-0.2,-0.19092893728152843,-0.18909165534151398
383.025,-0.2,-0.19101558327718474,-0.4491094733949296
383.03,-0.2,-0.1911859101571001,-0.5448027463772069
383.035,-0.2,-0.19140138400455065,-0.5089260867945143
383.04,-0.2,-0.19176962767487296,-0.18305084424347293
383.045,-0.2,-0.19245372353221915,-0.00023435164088460997
383.05,-0.2,-0.19355277435562174,0.061556832337405644
383.055,-0.2,-0.19502848310959459,0.09126322243002814
383.06,-0.2,-0.1967066528045299,-0.05924078210949196
383.065,-0.2,-0.19834350471799125,-0.4374099497943868
383.07,-0.2,-0.1997364208314225,-0.5055261461809805
383.075,-0.2,-0.20081925780970894,-0.4268180960305388
383.08,-0.2,-0.20166888855097725,-0.15373303174790487
383.085,-0.2,-0.20241924817655796,0.025747714744857774
383.09,-0.2,-0.20314702702407858,0.20033845148004603
383.095,-0.2,-0.20380011079412433,-0.0032354911576674347
383.1,-0.2,-0.20421349571971328,-0.23088429645623898
383.105,-0.2,-0.20420373536168818,-0.38582411110556425
383.11,-0.2,-0.20367359466572413,-0.42426694547093013
383.115,-0.2,-0.20266282991289908,-0.44158646743147323
383.12,-0.2,-0.20132619394142445,-0.014499980777719135
383.125,-0.2,-0.19985167816890373,-0.15272426944553785
383.13,-0.2,-0.19837948599183342,-0.1524414071090615
383.135,-0.2,-0.19698033563453982,-0.07384364687113676
383.14,-0.2,-0.19566930449135816,-0.10067162854330092
383.145,-0.2,-0.19443363724317014,-0.6501853105277607
383.15,-0.2,-0.1932991675790157,-0.4043472848289091
383.155,-0.2,-0.19238871643112673,-0.4084290760670548
383.16,-0.2,-0.1918999272514583,-0.27580021724447745
383.165,-0.2,-0.19202382842494764,0.07556802997363167
383.17,-0.2,-0.1928516062479033,0.14821443921470762
383.175,-0.2,-0.19430988958671686,-0.006970153246166927
383.18,-0.2,-0.19617695034144478,-0.13175696291658878
383.185,-0.2,-0.19817833528914677,-0.47506525593889465
383.19,-0.2,-0.20010049964281876,-0.36848034267705493
383.195,-0.2,-0.20185561316832443,-0.3790081931628266
383.2,-0.2,-0.20346968716408,-0.25814779752835776
383.205,-0.2,-0.20502022284357524,-0.03828327270899114
383.21,-0.2,-0.20654931087067158,0.34881823379857657
383.215,-0.2,-0.20797880042897407,-0.0008132644509685275
383.22,-0.2,-0.20910462134197344,-0.2818089381581095
383.225,-0.2,-0.2097084100394037,-0.560981017674882
383.23,-0.2,-0.20970006388336315,-0.5811936528758912
383.235,-0.2,-0.2091860561603127,-0.5818033631320337
383.24,-0.2,-0.20843126173145735,-0.04597258085945968
383.245,-0.2,-0.20772895994126403,0.1482361423132134
383.25,-0.2,-0.20725172058901098,0.034084391665205674
383.255,-0.2,-0.20698977271779795,0.05027114872447712
383.26,-0.2,-0.2068002461505468,-0.2807473198650861
383.265,-0.2,-0.20651465938137234,-0.5142859082225961
383.27,-0.2,-0.20605793270702744,-0.6990995566564504
383.275,-0.2,-0.20552281243398746,-0.4345123598332777
383.28,-0.2,-0.2051425565687122,-0.21964473301438864
383.285,-0.2,-0.20517230351143442,0.07016719393521896
383.29,-0.2,-0.2057485927709248,0.37554370063521236
383.295,-0.2,-0.2068018323670705,-0.05713819187320477
383.3,-0.2,-0.208081970102664,-0.1220729736056894
383.305,-0.2,-0.20928378666066,-0.39864409251854177
383.31,-0.2,-0.21017783440782967,-0.4386117001283564
383.315,-0.2,-0.21068246471359836,-0.5101805339525595
383.32,-0.2,-0.21086507049829908,-0.18806588271488872
383.325,-0.2,-0.2108728344250382,-0.06432918123514114
383.33,-0.2,-0.21082525768541782,0.15121431306545471
383.335,-0.2,-0.21073139053205425,0.04390742104334926
383.34,-0.2,-0.21048513094179697,-0.300973402906217
383.345,-0.2,-0.2099480543855163,-0.41012674414592687
383.35,-0.2,-0.20906093812596613,-0.5427845494740722
383.355,-0.2,-0.20790454269408687,-0.4457250913323248
383.36,-0.2,-0.20667640588316386,-0.10599862095090484
383.365,-0.2,-0.2055974426218542,-0.050680170029886513
383.37,-0.2,-0.2048065454717814,0.07641221366531444
383.375,-0.2,-0.2043051542091026,0.09122186034575015
383.38,-0.2,-0.20396972428437593,-0.27517502495720614
383.385,-0.2,-0.20362704881355845,-0.3041044026117784
383.39,-0.2,-0.20314932356510668,-0.3161872999519911
383.395,-0.2,-0.2024981860694049,-0.23583502624899952
383.4,-0.2,-0.20170710333349645,-0.27018864085259064
383.405,-0.2,-0.20083728577892856,0.07674432883043455
383.41,-0.2,-0.19992089889598824,0.010645064614918404
383.415,-0.2,-0.19891842242723992,-0.11180360276586718
383.42,-0.2,-0.19773000483337835,-0.04922099311204142
383.425,-0.2,-0.19625046298372004,-0.48405796391626094
383.43,-0.2,-0.19444172166153573,-0.5105487663078481
383.435,-0.2,-0.19239701022264702,-0.512073773413084
383.44,-0.2,-0.19034070377362497,-0.18392684320825256
383.445,-0.2,-0.18854435506785128,-0.1042850096153025
383.45,-0.2,-0.18721499175028436,0.1066842909536882
383.455,-0.2,-0.18642245843735816,-0.030099664704858163
383.46,-0.2,-0.18609551184858808,-0.05724167717406928
383.465,-0.2,-0.18608271246428992,-0.4415283284329931
383.47,-0.2,-0.1862513953758671,-0.47164448969100486
383.475,-0.2,-0.18656830982829153,-0.3560651908465173
383.48,-0.2,-0.18710521868342583,-0.2979792913503717
383.485,-0.2,-0.18797434891545653,0.0016574358356209185
383.49,-0.2,-0.18924149948687088,0.037143248580680355
383.495,-0.2,-0.19086603183852477,-0.0852156093926774
383.5,-0.2,-0.19271203771707818,-0.30530579953849296
383.505,-0.2,-0.1946253418505341,-0.3717324120235963
383.51,-0.2,-0.19651133963414666,-0.3528841548342896
383.515,-0.2,-0.19836365143036003,-0.41345266840681094
383.52,-0.2,-0.20024933169361195,-0.28467883735868615
383.525,-0.2,-0.2022626471073177,0.06414660147371976
383.53,-0.2,-0.2044413025359788,0.24763837824915397
383.535,-0.2,-0.20668887932758187,-0.09535855470998043
383.54,-0.2,-0.20878910886073007,-0.21106787149640946
383.545,-0.2,-0.21051433306594927,-0.49909670933845784
383.55,-0.2,-0.21174199442035313,-0.5308135290608429
383.555,-0.2,-0.21251337944921808,-0.524676223419778
383.56,-0.2,-0.21301074229972833,-0.11058181420354964
383.565,-0.2,-0.21345886149905913,-0.07692996125319902
383.57,-0.2,-0.21401067733946655,0.05079903327878578
383.575,-0.2,-0.21468420064673988,0.11720318121050735
383.58,-0.2,-0.21537165471926795,-0.3792078559530378
383.585,-0.2,-0.21592720649330485,-0.5783104244240154
383.59,-0.2,-0.21629933632318682,-0.6961974135189688
383.595,-0.2,-0.21660990392273424,-0.5122040664183262
383.6,-0.2,-0.21711869867326922,-0.22664500895790465
383.605,-0.2,-0.21810225203562375,-0.008730770762631339
383.61,-0.2,-0.219720720231885,0.1593757761348465
383.615,-0.2,-0.22194260410857028,0.0009245365327228161
383.62,-0.2,-0.22455988744397468,-0.06890279878179728
383.625,-0.2,-0.22727879511623295,-0.43823233810629614
383.63,-0.2,-0.2298453867791212,-0.6293478556780479
383.635,-0.2,-0.2321522550151574,-0.5312439946728961
383.64,-0.2,-0.23426013070890878,-0.2508197810691071
383.645,-0.2,-0.23630876324065234,0.1013286578117056
383.65,-0.2,-0.23837584454335503,0.16382714741803878
383.655,-0.2,-0.24038141203340904,0.11148827767200317
383.66,-0.2,-0.24209231935716566,-0.035993416530611916
383.665,-0.2,-0.2432132085349187,-0.46270956049914275
383.67,-0.2,-0.24351877682932072,-0.5433161382661631
383.675,-0.2,-0.24295391396318508,-0.31229166390156504
383.68,-0.2,-0.24162817343309917,-0.21641930410875568
383.685,-0.2,-0.23972364561745335,-0.08085046986134775
383.69,-0.2,-0.2373936977864533,0.21331556999807924
383.695,-0.2,-0.23469392424749178,-0.0465892932271004
383.7,-0.2,-0.23157423163887275,-0.08215667328989942
383.705,-0.2,-0.22794524903101818,-0.41952793416759654
383.71,-0.2,-0.22378054388442062,-0.5884536208830133
383.715,-0.2,-0.21919235948792257,-0.33440286719579165
383.72,-0.2,-0.21442207176975794,-0.19682182258453343
383.725,-0.2,-0.20974559125587103,-0.003478868706780127
383.73,-0.2,-0.20536889696557153,-0.0005621800242877478
383.735,-0.2,-0.2013799415274436,-0.1159524775959693
383.74,-0.2,-0.19777438110867887,-0.3491981328027428
383.745,-0.2,-0.19453297831222,-0.4399848239634554
383.75,-0.2,-0.19169997240093933,-0.5658127906949755
383.755,-0.2,-0.1894181653355032,-0.42594718630339706
383.76,-0.2,-0.18789957043124922,-0.15583621924662663
383.765,-0.2,-0.18733711663777464,-0.008747915775298706
383.77,-0.2,-0.18780135305952866,0.2301136362451727
383.775,-0.2,-0.1891742732040098,0.19990867007285706
383.78,-0.2,-0.19116007757608372,-0.28472705805270426
383.785,-0.2,-0.19339281098777875,-0.3646453242474608
383.79,-0.2,-0.19557982691562723,-0.4270325287107005
383.795,-0.2,-0.19758230345106834,-0.5123199741371929
383.8,-0.2,-0.19940647956255736,-0.06859502538668491
383.805,-0.2,-0.20112267170226297,0.02758387068424687
383.81,-0.2,-0.2027572515859568,0.003986596455702041
383.815,-0.2,-0.20423886771245828,-0.033374480379440186
383.82,-0.2,-0.2054284968104808,-0.3156939286400399
383.825,-0.2,-0.20619907704302937,-0.4401652532128295
383.83,-0.2,-0.2065152782052593,-0.401331643400276
383.835,-0.2,-0.2064687865990678,-0.5804127106334017
383.84,-0.2,-0.20625943824709475,-0.18255401567495572
383.845,-0.2,-0.2061212908203772,0.09783819571458255
383.85,-0.2,-0.20619916478473035,0.34710428030479235
383.855,-0.2,-0.20645326636861147,-0.08528592858198294
383.86,-0.2,-0.20668491384237855,-0.1680429888266735
383.865,-0.2,-0.2066633950969799,-0.4518382846222506
383.87,-0.2,-0.20624972280095435,-0.41242124839150285
383.875,-0.2,-0.2054461520968241,-0.28489209711644636
383.88,-0.2,-0.20436202777623963,-0.13845150315085908
383.885,-0.2,-0.203130107685133,0.020043408382268375
383.89,-0.2,-0.20182485906088965,0.10121906139069956
383.895,-0.2,-0.20041712124915262,0.07666114057132284
383.9,-0.2,-0.19877909664002003,-0.025701644611331453
383.905,-0.2,-0.19674238094656465,-0.3961620753492475
383.91,-0.2,-0.19419402669975772,-0.4377606116812081
383.915,-0.2,-0.191163682995759,-0.5988618760623485
383.92,-0.2,-0.1878450869553804,-0.23975704573932896
383.925,-0.2,-0.18452082001586137,0.18790762280667303
383.93,-0.2,-0.18141973404378903,0.08101133565280376
383.935,-0.2,-0.17861595561072732,-0.0022182003002118294
383.94,-0.2,-0.1760496717231653,-0.27751127323991576
383.945,-0.2,-0.17362924003168495,-0.39466127628744396
383.95,-0.2,-0.17132320678243856,-0.24380371628259967
383.955,-0.2,-0.16918810071717683,-0.42516783810411196
383.96,-0.2,-0.16734435595521543,-0.16542109641318656
383.965,-0.2,-0.16592053108338078,0.1999978142798094
383.97,-0.2,-0.1649701150409197,-0.01950027112250685
383.975,-0.2,-0.16441878687026065,0.09222363834285843
383.98,-0.2,-0.16409088783811757,-0.16397596309906967
383.985,-0.2,-0.16379192267185996,-0.5298874093113055
383.99,-0.2,-0.1634082400956142,-0.34202389911911557
383.995,-0.2,-0.16296482949113555,-0.4434954034639508
384.0,-0.2,-0.16259478551958395,0.0069747321885133
384.005,-0.2,-0.1624446605458656,0.0027517827752630217
384.01,-0.2,-0.16257080779416366,0.35052826061874187
384.015,-0.2,-0.162877100889713,0.06284925249206898
384.02,-0.2,-0.1631245896137544,0.17918281564434935
384.025,-0.2,-0.1630086728339516,-0.3689088757582798
384.03,-0.2,-0.16227499454562438,-0.3472223432535751
384.035,-0.2,-0.16082126800526897,-0.42959233443350286
384.04,-0.2,-0.15872101245211626,-0.13872149544875478
384.045,-0.2,-0.1561552854926742,-0.015737780437346346
384.05,-0.2,-0.15330900861163485,-0.005782489796941931
384.055,-0.2,-0.15029940132860486,0.11553963219863746
384.06,-0.2,-0.14716021633694615,-0.13219811905422965
384.065,-0.2,-0.14388214566007784,-0.41267701103700244
384.07,-0.2,-0.14050141955794831,-0.5647491362711631
384.075,-0.2,-0.13717819720116237,-0.40023161219247794
384.08,-0.2,-0.13418700439032705,-0.10131668272698247
384.085,-0.2,-0.13181689182796194,-0.03903008135620342
384.09,-0.2,-0.13026122563479417,0.06524122325352111
384.095,-0.2,-0.12956363321775313,0.09616991659821197
384.1,-0.2,-0.129626252962184,-0.14379663936385678
384.105,-0.2,-0.1302755351045219,-0.4161478176660353
384.11,-0.2,-0.1313679935957862,-0.47954000765750815
384.115,-0.2,-0.13286861225712585,-0.3267679416151
384.12,-0.2,-0.13484280048944472,-0.19379970775976343
384.125,-0.2,-0.13737496990497344,0.1208880171346576
384.13,-0.2,-0.14046758195688816,0.18788099805013547
384.135,-0.2,-0.14397268682339182,0.2282000298094441
384.14,-0.2,-0.1475898067613751,0.1122548336842919
384.145,-0.2,-0.15094012641294285,-0.4389006288259998
384.15,-0.2,-0.153700886544467,-0.42297792296140724
384.155,-0.2,-0.15571510154072704,-0.09882399686192653
384.16,-0.2,-0.15697789059180953,-0.04046403449850389
384.165,-0.2,-0.15753698422087065,-0.009753062531545453
384.17,-0.2,-0.15740938366907484,0.3724335932825089
384.175,-0.2,-0.15653404943274138,0.08591255313025675
384.18,-0.2,-0.15477716817713466,-0.2414429783563569
384.185,-0.2,-0.15202083453354898,-0.2996216747226553
384.19,-0.2,-0.14827275081866195,-0.48327497953723214
384.195,-0.2,-0.14370771519327943,-0.1952130336361702
384.2,-0.2,-0.1386283246110012,-0.31668167095380245
384.205,-0.2,-0.13339215656463077,-0.23375926948277276
384.21,-0.2,-0.12834732912542285,0.04360701402385993
384.215,-0.2,-0.12376571180375763,0.18331926665174708
384.22,-0.2,-0.11977908231097578,0.008459380999259525
384.225,-0.2,-0.11638643911138886,-0.40445200361349787
384.23,-0.2,-0.11355463664148899,-0.4208809768098014
384.235,-0.2,-0.11132397135420594,-0.37690788965905647
384.24,-0.2,-0.10982754069932187,-0.237866519033977
384.245,-0.2,-0.10922849059050135,-0.007730781854518726
384.25,-0.2,-0.109624217369661,0.26671182819713446
384.255,-0.2,-0.11096105541742457,0.17097879409043948
384.26,-0.2,-0.11301997698309206,-0.20967107411313668
384.265,-0.2,-0.11550253188892566,-0.16538333838989278
384.27,-0.2,-0.11815111737144349,-0.4680482693904459
384.275,-0.2,-0.12082197271898491,-0.23006982058615
384.28,-0.2,-0.12348071316607542,0.0031404814934345854
384.285,-0.2,-0.12612404684293863,0.16685895122429817
384.29,-0.2,-0.12868130937623495,0.24846515790829102
384.295,-0.2,-0.13096660006749952,0.1554264050093161
384.3,-0.2,-0.13270881314806843,-0.1503613258878286
384.305,-0.2,-0.13364737515324276,-0.3330466875426447
384.31,-0.2,-0.13364374978639715,-0.4324614416773693
384.315,-0.2,-0.13274524289964257,-0.45803959110126785
384.32,-0.2,-0.13117172406320693,-0.16305550904915453
384.325,-0.2,-0.1292260159959141,0.13417980516577754
384.33,-0.2,-0.12716491719632197,0.10508945923325091
384.335,-0.2,-0.12511330623292494,0.05742501309030054
384.34,-0.2,-0.1230735747664922,-0.16947837968549928
384.345,-0.2,-0.1210030285949608,-0.28844016377170256
384.35,-0.2,-0.11890252023212877,-0.45267838145449873
384.355,-0.2,-0.1168702678282883,-0.27993470880694016
384.36,-0.2,-0.11508419017057468,0.04359962602271053
384.365,-0.2,-0.11371245895503264,0.08952939469571268
384.37,-0.2,-0.11281214942092617,0.35604914527048626
384.375,-0.2,-0.11227610121801258,0.22501991488592316
384.38,-0.2,-0.11185426963800847,-0.1284810351024222
384.385,-0.2,-0.11125952324606313,-0.3873238056857498
384.39,-0.2,-0.11030536783725012,-0.3320709003937813
384.395,-0.2,-0.10897485695682603,-0.2536270941827262
384.4,-0.2,-0.10737887555573535,0.14683997217884917
384.405,-0.2,-0.10565150356563735,-0.05613376729484537
384.41,-0.2,-0.1038658594917027,0.20921324745204525
384.415,-0.2,-0.1020096772056065,0.015819340917735458
384.42,-0.2,-0.10000971713374411,-0.17878762919661073
384.425,-0.2,-0.09779895859478165,-0.37134294563272247
384.43,-0.2,-0.09540614790364123,-0.6314887655599432
384.435,-0.2,-0.09301285005795702,-0.2991980305856081
384.44,-0.2,-0.09092230930081226,-0.09362196115136961
384.445,-0.2,-0.08944512346707642,-0.0023227252124861375
384.45,-0.2,-0.08877800528291445,0.35615418608088384
384.455,-0.2,-0.08893116162183337,0.17236087399080263
384.46,-0.2,-0.08972818971291505,-0.02729262263829174
384.465,-0.2,-0.09089048054948266,-0.14649223575521975
384.47,-0.2,-0.09215747593075084,-0.3723656573639341
384.475,-0.2,-0.09337243684575473,-0.21597943914528037
384.48,-0.2,-0.09450216027244686,-0.24136296032072474
384.485,-0.2,-0.09559062816403502,0.16792800581481435
384.49,-0.2,-0.0966685029404855,0.24932741830324107
384.495,-0.2,-0.09767291054706605,0.04628256982837764
384.5,-0.2,-0.09845108544346677,-0.2163236798778267
384.505,-0.2,-0.09885334789094542,-0.3273566681411824
384.51,-0.2,-0.09883271942686758,-0.40017280117150283
384.515,-0.2,-0.09848214661242206,-0.2850963566034083
384.52,-0.2,-0.09800178002237912,-0.169125297437613
384.525,-0.2,-0.09761727977873413,0.16127583033143822
384.53,-0.2,-0.09747659302472214,0.2982942485024056
384.535,-0.2,-0.09757336620333437,0.11250264679334111
384.54,-0.2,-0.09775820683571843,-0.14761513071342275
384.545,-0.2,-0.09784255606195298,-0.3671319092657353
384.55,-0.2,-0.09772134535216538,-0.4101554926497469
384.555,-0.2,-0.09743726957629283,-0.3810108917087439
384.56,-0.2,-0.09716347694447855,-0.1847462880727403
384.565,-0.2,-0.0971181931544385,0.21432460203526454
384.57,-0.2,-0.09744471035735186,0.21209668731054512
384.575,-0.2,-0.09812723823725153,0.1183489320401775
384.58,-0.2,-0.099007700686389,-0.17437098718389818
384.585,-0.2,-0.09988772613276826,-0.2957919128822887
384.59,-0.2,-0.10064741665404434,-0.6451838987861813
384.595,-0.2,-0.10132025940015812,-0.23172882641663978
384.6,-0.2,-0.10207575366419638,-0.16804186694763412
384.605,-0.2,-0.103113255950622,0.1611107982763651
384.61,-0.2,-0.10453920150417836,0.26449540938550586
384.615,-0.2,-0.10629543674606806,0.16322381105342856
384.62,-0.2,-0.10817171843669199,-0.04649759842629275
384.625,-0.2,-0.10989397950032631,-0.15018328325082253
384.63,-0.2,-0.11123581685406905,-0.474816401466423
384.635,-0.2,-0.11210666075009955,-0.4061768464410191
384.64,-0.2,-0.11258034926089971,-0.1964488507101408
384.645,-0.2,-0.11283283053589917,0.11367980619624592
384.65,-0.2,-0.11301773113120035,0.23177814361541738
384.655,-0.2,-0.11316999023691841,0.011007259220506785
384.66,-0.2,-0.11321328275271589,-0.2889912414209844
384.665,-0.2,-0.11305866243116654,-0.3190598670483109
384.67,-0.2,-0.11270276240275304,-0.4042938743528175
384.675,-0.2,-0.11225509002291868,-0.19616767505012556
384.68,-0.2,-0.11188980210217535,0.03140439961153317
384.685,-0.2,-0.11174923241325062,0.2571923701573037
384.69,-0.2,-0.11184601757288398,0.3677963449644129
384.695,-0.2,-0.11201784229260713,0.21292250900749393
384.7,-0.2,-0.11196765804694428,-0.045949155739852296
384.705,-0.2,-0.11137823795604573,-0.28894350378829764
384.71,-0.2,-0.11004723364060946,-0.5566297543827771
384.715,-0.2,-0.10797157791439,-0.15133713477023983
384.72,-0.2,-0.10532860363627945,-0.2553981896510801
384.725,-0.2,-0.1023737193415144,0.18734624013037737
384.73,-0.2,-0.09932609438606302,0.09825211331935726
384.735,-0.2,-0.09629361748667803,0.2182446130798036
384.74,-0.2,-0.09326334522814772,-0.06756131643522051
384.745,-0.2,-0.0901666428019109,-0.4375696976615893
384.75,-0.2,-0.08698647325470044,-0.258380729377602
384.755,-0.2,-0.08382657540029091,-0.39578384694288793
384.76,-0.2,-0.08089414119128174,-0.0740953331290212
384.765,-0.2,-0.07841824963248016,0.17102803210882744
384.77,-0.2,-0.07654437215223217,0.22089400159577718
384.775,-0.2,-0.07526504747420257,0.0995567769290272
384.78,-0.2,-0.07443745494602676,-0.041685326523515
384.785,-0.2,-0.07386730560428295,-0.2210035394150528
384.79,-0.2,-0.07340442842629444,-0.37643133236737414
384.795,-0.2,-0.07300897999388226,-0.2948906238806888
384.8,-0.2,-0.07275707363084535,-0.1279514938267819
384.805,-0.2,-0.07277662654649336,0.12869222038416273
384.81,-0.2,-0.07314799786866638,0.2174693323281609
384.815,-0.2,-0.07383462207752675,0.04583067325546494
384.82,-0.2,-0.07469778723833163,-0.21916273320302315
384.825,-0.2,-0.07558213972154397,-0.14567538837052155
384.83,-0.2,-0.07639793046816407,-0.40146857228577876
384.835,-0.2,-0.0771565761463725,-0.2429285364512413
384.84,-0.2,-0.07796081308573766,-0.16904336835847117
384.845,-0.2,-0.07894788094525723,0.12957155899281828
384.85,-0.2,-0.08020635818671763,0.056536163779887544
384.855,-0.2,-0.08172065386081742,0.13259444796405262
384.86,-0.2,-0.08338002397413245,-0.22232932377247508
384.865,-0.2,-0.08505158482766008,-0.408658245608273
384.87,-0.2,-0.08667760826014435,-0.3940953093198633
384.875,-0.2,-0.08832513107279334,-0.2841079756839452
384.88,-0.2,-0.09015037905611067,-0.08942822357015548
384.885,-0.2,-0.09230511750747845,0.23719673564378088
384.89,-0.2,-0.09483302220567032,0.24111799096869602
384.895,-0.2,-0.097619115839028,-0.06285098092689581
384.9,-0.2,-0.10043864209197004,-0.09460776715290409
384.905,-0.2,-0.10306292649330666,-0.27653401774704905
384.91,-0.2,-0.10534795525335404,-0.45718577406206856
384.915,-0.2,-0.10728526019035181,-0.40650959090751015
384.92,-0.2,-0.10900249280622512,-0.1729956598519532
384.925,-0.2,-0.11068918002712128,0.16362976142762936
384.93,-0.2,-0.11247879838233009,0.08788147533644175
384.935,-0.2,-0.11437398997390077,0.05299909009576304
384.94,-0.2,-0.11626185603338157,-0.07336368304878502
384.945,-0.2,-0.11799094564954674,-0.40390709676632836
384.95,-0.2,-0.11946111808464839,-0.24201259173114112
384.955,-0.2,-0.12067859194584006,-0.43229140348687406
384.96,-0.2,-0.12174850960680197,-0.072667671807012
384.965,-0.2,-0.12281181493468142,0.067976866970334
384.97,-0.2,-0.12395636887534676,0.09744114084742053
384.975,-0.2,-0.1251570347642153,0.1567276584040161
384.98,-0.2,-0.12627679288293311,0.022942099509436514
384.985,-0.2,-0.12712393145272552,-0.3926700075874937
384.99,-0.2,-0.1275507100438768,-0.3092037390416652
384.995,-0.2,-0.1275280773789478,-0.134281992886626
385.0,-0.2,-0.127127527325178,-0.06510120519755701
385.005,-0.2,-0.12643477443388326,0.32115658146688586
385.01,-0.2,-0.1254570660205951,0.2972759741157471
385.015,-0.2,-0.12407488614771935,0.08778766407435624
385.02,-0.2,-0.12208487616480924,-0.17999444029963294
385.025,-0.2,-0.11931876542764776,-0.4387807873357168
385.03,-0.2,-0.11576058241895905,-0.477696255613607
385.035,-0.2,-0.11159107257340796,-0.2656214687697356
385.04,-0.2,-0.10713695110956181,-0.23174297124461188
385.045,-0.2,-0.10277468678829675,-0.25716996840617484
385.05,-0.2,-0.09884944394255354,0.15372958614453117
385.055,-0.2,-0.09560731022408554,0.05802977131361563
385.06,-0.2,-0.09314849014597161,-0.0201386759313837
385.065,-0.2,-0.09145275345610182,-0.35698573056505234
385.07,-0.2,-0.09047487926227385,-0.44606203897198476
385.075,-0.2,-0.09023801127647173,-0.4486243193608063
385.08,-0.2,-0.09085094021974158,0.001603393301163089
385.085,-0.2,-0.09242083346238172,0.33071425154379724
385.09,-0.2,-0.09491877969597226,0.24691760243787542
385.095,-0.2,-0.09811541558882203,0.12621532572402172
385.1,-0.2,-0.10163805068891105,-0.06960562707293515
385.105,-0.2,-0.10509426908260172,-0.32906663845160666
385.11,-0.2,-0.10819533522890147,-0.5097570168052317
385.115,-0.2,-0.11083081953662231,-0.19393024550724855
385.12,-0.2,-0.11305214857241544,-0.2325690220739394
385.125,-0.2,-0.11498941259593769,-0.11280071335986136
385.13,-0.2,-0.11676038144745358,0.39059685672729183
385.135,-0.2,-0.11838595547623905,0.10476407424968634
385.14,-0.2,-0.11975522623285731,-0.08248474031106634
385.145,-0.2,-0.12069458173543812,-0.269350154124909
385.15,-0.2,-0.12108463581927813,-0.3716994197098697
385.155,-0.2,-0.12092955430259682,-0.23125391495642136
385.16,-0.2,-0.1203424996374082,0.01878711041576328
385.165,-0.2,-0.11946189012390893,0.1589045759183091
385.17,-0.2,-0.11835463954775052,0.2631834765145171
385.175,-0.2,-0.11697028604234212,0.03960715274624818
385.18,-0.2,-0.11517013194959744,0.02739433775550093
385.185,-0.2,-0.1128047973482187,-0.24918244439399045
385.19,-0.2,-0.10980055987248544,-0.43854049391075334
385.195,-0.2,-0.10622601442895419,-0.3383377969146679
385.2,-0.2,-0.10229980265056524,-0.21027971688138775
385.205,-0.2,-0.09831642452808292,0.1623385851756487
385.21,-0.2,-0.09453187769274485,6.5566686755225145e-06
385.215,-0.2,-0.09109034000452484,0.04194854161330453
385.22,-0.2,-0.08803181632749796,-0.13934566594437786
385.225,-0.2,-0.08535374488067268,-0.3673319338360418
385.23,-0.2,-0.08308965457122403,-0.4785859221415703
385.235,-0.2,-0.08136997884796866,-0.4553305908596649
385.24,-0.2,-0.08041902348781416,-0.11557096990221133
385.245,-0.2,-0.08047307437197188,0.0244481122149766
385.25,-0.2,-0.0816686572296074,0.14853616672802447
385.255,-0.2,-0.08397655178896016,0.030164140611317947
385.26,-0.2,-0.08721490683260938,-0.026367391154941286
385.265,-0.2,-0.09112275440506239,-0.3389811773235264
385.27,-0.2,-0.09545622128447363,-0.3131395996976125
385.275,-0.2,-0.10006500802672905,-0.4972371434079489
385.28,-0.2,-0.10491543476541676,-0.18589556793085127
385.285,-0.2,-0.11004168511817297,0.11741642409908981
385.29,-0.2,-0.11544274546730367,0.09172324796203189
385.295,-0.2,-0.12100236920125207,0.1021847924590259
385.3,-0.2,-0.12649260591799766,-0.06672953138936491
385.305,-0.2,-0.1316435815303992,-0.27950458902674535
385.31,-0.2,-0.13623077086073168,-0.20890453843720094
385.315,-0.2,-0.14012938494802288,-0.24530265059019546
385.32,-0.2,-0.1433097370865061,-0.06178373679687134
385.325,-0.2,-0.14578657235800324,0.1391778335120823
385.33,-0.2,-0.14755311279214048,0.04651777356305217
385.335,-0.2,-0.14855214251340437,-0.1653678390952595
385.34,-0.2,-0.1487125512815823,-0.08032251702227733
385.345,-0.2,-0.1480036913357519,-0.21497318717291639
385.35,-0.2,-0.1464663358895947,-0.3818685945092186
385.355,-0.2,-0.14423499759036054,-0.3729739789620914
385.36,-0.2,-0.14154184106002082,-0.1609374579162438
385.365,-0.2,-0.13866419685864445,0.04196503784076457
385.37,-0.2,-0.1358262434512083,0.2647457690953502
385.375,-0.2,-0.13311808297929667,0.03222877521887077
385.38,-0.2,-0.1304956936988975,-0.1266535467877943
385.385,-0.2,-0.12786917719713292,-0.4559823608679755
385.39,-0.2,-0.12521791742180408,-0.43953385469950706
385.395,-0.2,-0.12265878484604216,-0.5005142998245029
385.4,-0.2,-0.12042625974209098,0.04891396867135209
385.405,-0.2,-0.118761789879986,0.2201688396802357
385.41,-0.2,-0.11776926493485015,0.3999492393999932
385.415,-0.2,-0.11733589475648783,0.16530937355369865
385.42,-0.2,-0.11717452399792806,-0.12441458417185963
385.425,-0.2,-0.1169527023836502,-0.16681923774805452
385.43,-0.2,-0.11642576516472296,-0.5613833853474989
385.435,-0.2,-0.11551121924047175,-0.06983156524023232
385.44,-0.2,-0.11427315062238322,-0.1766167974978613
385.445,-0.2,-0.11283115717406875,0.2231028072072388
385.45,-0.2,-0.11126021087605634,0.12520459729252406
385.455,-0.2,-0.10954096422724567,0.027604469801590398
385.46,-0.2,-0.10757935096220025,0.00809636230143404
385.465,-0.2,-0.10527094166113127,-0.30292780895813665
385.47,-0.2,-0.10257211346965686,-0.2792043185876735
385.475,-0.2,-0.09954943326310484,-0.33771169732128753
385.48,-0.2,-0.09637912680674846,-0.1633527143542952
385.485,-0.2,-0.09328688751148445,0.171259895691745
385.49,-0.2,-0.09044990971335658,0.15990580291727058
385.495,-0.2,-0.08791961813799279,0.1685283292537688
385.5,-0.2,-0.08562541072503822,-0.21676106298412498
