t,reference,measured,noisy
96.85,0.2,0.234820884738831,0.234820884738831
96.855,0.2,0.22699518668114216,0.22699518668114216
96.86,0.2,-0.14931166849661945,-0.14931166849661945
96.865,0.2,-0.2793335024216967,-0.2793335024216967
96.87,0.2,-0.22241281525419404,-0.22241281525419404
96.875,0.2,-0.11144635728516104,-0.11144635728516104
96.88,0.2,-0.07096848707111893,-0.07096848707111893
96.885,0.2,0.210191668377644,0.210191668377644
96.89,0.2,0.22019851412532435,0.22019851412532435
96.895,0.2,0.23135181599937307,0.23135181599937307
96.9,0.2,0.1573408780934585,0.1573408780934585
96.905,0.2,-0.3081100364814343,-0.3081100364814343
96.91,0.2,-0.46258629950946106,-0.46258629950946106
96.915,0.2,-0.3578430965857914,-0.3578430965857914
96.92,0.2,0.07531122690361698,0.07531122690361698
96.925,0.2,0.3653149670642687,0.3653149670642687
96.93,0.2,0.4809383845795459,0.4809383845795459
96.935,0.2,0.15441999013729535,0.15441999013729535
96.94,0.2,0.12518663505784272,0.12518663505784272
96.945,0.2,-0.12408204862690396,-0.12408204862690396
96.95,0.2,-0.4006206743679075,-0.4006206743679075
96.955,0.2,-0.18066507481912214,-0.18066507481912214
96.96,0.2,0.09270834670185527,0.09270834670185527
96.965,0.2,0.33902062357705154,0.33902062357705154
96.97,0.2,0.6288034107374435,0.6288034107374435
96.975,0.2,0.39754222839038905,0.39754222839038905
96.98,0.2,0.16873881282530645,0.16873881282530645
96.985,0.2,-0.14716719166570125,-0.14716719166570125
96.99,0.2,-0.14957035650419387,-0.14957035650419387
96.995,0.2,-0.2865824297840147,-0.2865824297840147
97.0,0.2,0.1554673769462718,0.1554673769462718
97.005,0.2,0.42236236493657586,0.42236236493657586
97.01,0.2,0.39398993009458333,0.39398993009458333
97.015,0.2,0.26066331383517716,0.26066331383517716
97.02,0.2,0.10822079158775644,0.10822079158775644
97.025,0.2,-0.11233133901868239,-0.11233133901868239
97.03,0.2,-0.026450278247285852,-0.026450278247285852
97.035,0.2,-0.01859818159631002,-0.01859818159631002
97.04,0.2,0.45893319412090927,0.45893319412090927
97.045,0.2,0.5034523362090892,0.5034523362090892
97.05,0.2,0.5391962486481376,0.5391962486481376
97.055,0.2,0.3829000478660588,0.3829000478660588
97.06,0.2,0.2506395653008381,0.2506395653008381
97.065,0.2,-0.23234754815924047,-0.23234754815924047
97.07,0.2,-0.30331563497364733,-0.30331563497364733
97.075,0.2,-0.17168347510317425,-0.17168347510317425
97.08,0.2,0.12514271834140417,0.12514271834140417
97.085,0.2,0.4628743788394298,0.4628743788394298
97.09,0.2,0.545822651612057,0.545822651612057
97.095,0.2,0.4744319348601841,0.4744319348601841
97.1,0.2,0.09911102073054605,0.09911102073054605
97.105,0.2,-0.2710143181684868,-0.2710143181684868
97.11,0.2,-0.2587480609279976,-0.2587480609279976
97.115,0.2,-0.066059336206764,-0.066059336206764
97.12,0.2,-0.026192189231202756,-0.026192189231202756
97.125,0.2,0.3148820233422676,0.3148820233422676
97.13,0.2,0.7348203440738108,0.7348203440738108
97.135,0.2,0.34075652938631695,0.34075652938631695
97.14,0.2,0.12248735122915902,0.12248735122915902
97.145,0.2,-0.04437875161343849,-0.04437875161343849
97.15,0.2,-0.24811227187125617,-0.24811227187125617
97.155,0.2,-0.07571578827640958,-0.07571578827640958
97.16,0.2,0.06009925861317414,0.06009925861317414
97.165,0.2,0.299873722021482,0.299873722021482
97.17,0.2,0.5344842472900828,0.5344842472900828
97.175,0.2,0.2920554685739675,0.2920554685739675
97.18,0.2,-0.017742075482185454,-0.017742075482185454
97.185,0.2,-0.16972702719965033,-0.16972702719965033
97.19,0.2,-0.17225126187104434,-0.17225126187104434
97.195,0.2,-0.023995625662246237,-0.023995625662246237
97.2,0.2,0.11468283409911936,0.11468283409911936
97.205,0.2,0.37351791444591503,0.37351791444591503
97.21,0.2,0.5914531895635783,0.5914531895635783
97.215,0.2,0.365222145506896,0.365222145506896
97.22,0.2,0.18036548748333425,0.18036548748333425
97.225,0.2,-0.22527805885941218,-0.22527805885941218
97.23,0.2,-0.3196480030876702,-0.3196480030876702
97.235,0.2,-0.24444848394669216,-0.24444848394669216
97.24,0.2,0.29911525689372664,0.29911525689372664
97.245,0.2,0.4126870454485412,0.4126870454485412
97.25,0.2,0.2896879879685387,0.2896879879685387
97.255,0.2,0.5195455555736224,0.5195455555736224
97.26,0.2,0.2010775924887227,0.2010775924887227
97.265,0.2,-0.11169776034583079,-0.11169776034583079
97.27,0.2,-0.11882587290381104,-0.11882587290381104
97.275,0.2,-0.0536707353127839,-0.0536707353127839
97.28,0.2,0.3520689191319598,0.3520689191319598
97.285,0.2,0.47182737172192063,0.47182737172192063
97.29,0.2,0.4451613514440207,0.4451613514440207
97.295,0.2,0.29806008183668337,0.29806008183668337
97.3,0.2,0.01876699410989449,0.01876699410989449
97.305,0.2,-0.14805653709833427,-0.14805653709833427
97.31,0.2,-0.3403674937379738,-0.3403674937379738
97.315,0.2,0.03847891039268192,0.03847891039268192
97.32,0.2,0.36220036635309005,0.36220036635309005
97.325,0.2,0.4623225334815233,0.4623225334815233
97.33,0.2,0.4781348595006176,0.4781348595006176
97.335,0.2,0.262444655457118,0.262444655457118
97.34,0.2,0.06550140059575388,0.06550140059575388
97.345,0.2,-0.21822877343311267,-0.21822877343311267
97.35,0.2,-0.1849951614652322,-0.1849951614652322
97.355,0.2,0.10111831396475038,0.10111831396475038
97.36,0.2,0.35702179423638614,0.35702179423638614
97.365,0.2,0.26708634516467017,0.26708634516467017
97.37,0.2,0.4961680048004423,0.4961680048004423
97.375,0.2,0.41999015073125356,0.41999015073125356
97.38,0.2,0.08427710027041217,0.08427710027041217
97.385,0.2,-0.17764083111787343,-0.17764083111787343
97.39,0.2,-0.14120044285301972,-0.14120044285301972
97.395,0.2,0.04513223722328018,0.04513223722328018
97.4,0.2,0.05644609824398067,0.05644609824398067
97.405,0.2,0.34053959077979445,0.34053959077979445
97.41,0.2,0.6473398565742072,0.6473398565742072
97.415,0.2,0.3505357258260158,0.3505357258260158
97.42,0.2,0.24407646871487387,0.24407646871487387
97.425,0.2,0.0199012567340993,0.0199012567340993
97.43,0.2,-0.19572895478224608,-0.19572895478224608
97.435,0.2,-0.08135533983285093,-0.08135533983285093
97.44,0.2,0.1415940981997639,0.1415940981997639
97.445,0.2,0.5032916461765894,0.5032916461765894
97.45,0.2,0.567312562831146,0.567312562831146
97.455,0.2,0.3669387004380035,0.3669387004380035
97.46,0.2,0.18124064104573562,0.18124064104573562
97.465,0.2,-0.12576347027409762,-0.12576347027409762
97.47,0.2,-0.22356821005189695,-0.22356821005189695
97.475,0.2,-0.1343989609267071,-0.1343989609267071
97.48,0.2,0.18521836103546954,0.18521836103546954
97.485,0.2,0.40828854045029767,0.40828854045029767
97.49,0.2,0.48580022590061434,0.48580022590061434
97.495,0.2,0.6402296824444148,0.6402296824444148
97.5,0.2,0.1207134145481963,0.1207134145481963
97.505,0.2,-0.17426397161813528,-0.17426397161813528
97.51,0.2,-0.3072881805774157,-0.3072881805774157
97.515,0.2,0.022465598406302453,0.022465598406302453
97.52,0.2,0.10460997860760382,0.10460997860760382
97.525,0.2,0.4655715548967362,0.4655715548967362
97.53,0.2,0.6835193761592315,0.6835193761592315
97.535,0.2,0.46943617085500555,0.46943617085500555
97.54,0.2,0.29081831177045425,0.29081831177045425
97.545,0.2,-0.07355892906588814,-0.07355892906588814
97.55,0.2,-0.0061386176096563105,-0.0061386176096563105
97.555,0.2,0.0567785451163179,0.0567785451163179
97.56,0.2,0.22162502248025473,0.22162502248025473
97.565,0.2,0.4164827268878224,0.4164827268878224
97.57,0.2,0.5749958052520733,0.5749958052520733
97.575,0.2,0.3742201510382881,0.3742201510382881
97.58,0.2,0.11403750715665249,0.11403750715665249
97.585,0.2,-0.05551765535339956,-0.05551765535339956
97.59,0.2,-0.15499437437482091,-0.15499437437482091
97.595,0.2,0.04572313146822814,0.04572313146822814
97.6,0.2,0.1748460002854122,0.1748460002854122
97.605,0.2,0.5574647368001165,0.5574647368001165
97.61,0.2,0.6410755817307,0.6410755817307
97.615,0.2,0.5146217499032874,0.5146217499032874
97.62,0.2,0.12256839036394795,0.12256839036394795
97.625,0.2,-0.07360888842060395,-0.07360888842060395
97.63,0.2,-0.1492038390213623,-0.1492038390213623
97.635,0.2,-0.2178979526651391,-0.2178979526651391
97.64,0.2,0.43325569806403297,0.43325569806403297
97.645,0.2,0.42627435527597596,0.42627435527597596
97.65,0.2,0.5487498959049536,0.5487498959049536
97.655,0.2,0.5076672179359706,0.5076672179359706
97.66,0.2,0.32818078438793935,0.32818078438793935
97.665,0.2,0.022817610302259622,0.022817610302259622
97.67,0.2,-0.09173145398554164,-0.09173145398554164
97.675,0.2,-0.05576459031004809,-0.05576459031004809
97.68,0.2,0.18867956435224587,0.18867956435224587
97.685,0.2,0.6237150703334444,0.6237150703334444
97.69,0.2,0.5855666449061196,0.5855666449061196
97.695,0.2,0.43964557794901615,0.43964557794901615
97.7,0.2,0.14754903778953588,0.14754903778953588
97.705,0.2,-0.16382877690678357,-0.16382877690678357
97.71,0.2,-0.11903097711688253,-0.11903097711688253
97.715,0.2,0.04377269672006902,0.04377269672006902
97.72,0.2,0.2532128770874763,0.2532128770874763
97.725,0.2,0.6095567294625011,0.6095567294625011
97.73,0.2,0.6456985108328482,0.6456985108328482
97.735,0.2,0.5011855725291412,0.5011855725291412
97.74,0.2,0.15425119655746716,0.15425119655746716
97.745,0.2,0.06624204096613756,0.06624204096613756
97.75,0.2,0.036107633327420396,0.036107633327420396
97.755,0.2,-0.08936253468806862,-0.08936253468806862
97.76,0.2,0.02718210356715625,0.02718210356715625
97.765,0.2,0.6694105348865139,0.6694105348865139
97.77,0.2,0.6117440806645184,0.6117440806645184
97.775,0.2,0.43544701958711446,0.43544701958711446
97.78,0.2,0.165123087376704,0.165123087376704
97.785,0.2,-0.01678988501113065,-0.01678988501113065
97.79,0.2,-0.2363544930137033,-0.2363544930137033
97.795,0.2,-0.13931463600981359,-0.13931463600981359
97.8,0.2,0.1557705314026065,0.1557705314026065
97.805,0.2,0.5013207236672959,0.5013207236672959
97.81,0.2,0.5079359218514865,0.5079359218514865
97.815,0.2,0.48935579706408466,0.48935579706408466
97.82,0.2,0.20802058804444976,0.20802058804444976
97.825,0.2,-0.23411273685420064,-0.23411273685420064
97.83,0.2,-0.1679274558543234,-0.1679274558543234
97.835,0.2,-0.15927812408184522,-0.15927812408184522
97.84,0.2,0.20582628014208879,0.20582628014208879
97.845,0.2,0.48933779208415457,0.48933779208415457
97.85,0.2,0.47144274752379073,0.47144274752379073
97.855,0.2,0.33675295599873145,0.33675295599873145
97.86,0.2,0.22562980481464637,0.22562980481464637
97.865,0.2,-0.07903731086840633,-0.07903731086840633
97.87,0.2,-0.2024856000186021,-0.2024856000186021
97.875,0.2,0.11196034195636517,0.11196034195636517
97.88,0.2,0.14522348874788626,0.14522348874788626
97.885,0.2,0.3862224278131585,0.3862224278131585
97.89,0.2,0.6322077108588335,0.6322077108588335
97.895,0.2,0.3916119425734583,0.3916119425734583
97.9,0.2,0.003961640087878943,0.003961640087878943
97.905,0.2,-0.0839375570010423,-0.0839375570010423
97.91,0.2,-0.10830362385106644,-0.10830362385106644
97.915,0.2,-0.00482730117950006,-0.00482730117950006
97.92,0.2,0.2713990395765783,0.2713990395765783
97.925,0.2,0.507918649764093,0.507918649764093
97.93,0.2,0.570924076368001,0.570924076368001
97.935,0.2,0.48934060617335884,0.48934060617335884
97.94,0.2,0.14617056291711517,0.14617056291711517
97.945,0.2,-0.2694704462485424,-0.2694704462485424
97.95,0.2,-0.21008477253877733,-0.21008477253877733
97.955,0.2,0.029352864194212874,0.029352864194212874
97.96,0.2,0.27798799563345306,0.27798799563345306
97.965,0.2,0.5083912525213418,0.5083912525213418
97.97,0.2,0.5985022856239511,0.5985022856239511
97.975,0.2,0.42047637419548217,0.42047637419548217
97.98,0.2,0.10911259123876525,0.10911259123876525
97.985,0.2,-0.27072493311745627,-0.27072493311745627
97.99,0.2,-0.20624927003682114,-0.20624927003682114
97.995,0.2,-0.21868107278488755,-0.21868107278488755
98.0,0.2,0.26067371803549866,0.26067371803549866
98.005,0.2,0.37834398627898275,0.37834398627898275
98.01,0.2,0.7739170572079004,0.7739170572079004
98.015,0.2,0.35642488766925723,0.35642488766925723
98.02,0.2,0.1087181807612515,0.1087181807612515
98.025,0.2,0.03553595292110899,0.03553595292110899
98.03,0.2,-0.16955096126784708,-0.16955096126784708
98.035,0.2,-0.19080736219838856,-0.19080736219838856
98.04,0.2,0.20124226856283817,0.20124226856283817
98.045,0.2,0.4702403809051689,0.4702403809051689
98.05,0.2,0.5639123657643709,0.5639123657643709
98.055,0.2,0.43071484364276347,0.43071484364276347
98.06,0.2,0.11347515427106936,0.11347515427106936
98.065,0.2,-0.15585386832580397,-0.15585386832580397
98.07,0.2,-0.3192323120428209,-0.3192323120428209
98.075,0.2,-0.043558713036515824,-0.043558713036515824
98.08,0.2,0.10147087915516097,0.10147087915516097
98.085,0.2,0.5578051262691831,0.5578051262691831
98.09,0.2,0.6241491333608337,0.6241491333608337
98.095,0.2,0.4082428774036155,0.4082428774036155
98.1,0.2,0.1733835422881696,0.1733835422881696
98.105,0.2,-0.023260226524474764,-0.023260226524474764
98.11,0.2,-0.2569249222521317,-0.2569249222521317
98.115,0.2,-0.1513376606014819,-0.1513376606014819
98.12,0.2,0.05117076947160967,0.05117076947160967
98.125,0.2,0.49391312605417664,0.49391312605417664
98.13,0.2,0.5624714446358146,0.5624714446358146
98.135,0.2,0.35077435268670776,0.35077435268670776
98.14,0.2,0.007905865185388383,0.007905865185388383
98.145,0.2,-0.1500030458770944,-0.1500030458770944
98.15,0.2,-0.18680302667242174,-0.18680302667242174
98.155,0.2,0.06581599698140046,0.06581599698140046
98.16,0.2,0.182247716003366,0.182247716003366
98.165,0.2,0.41398482400161796,0.41398482400161796
98.17,0.2,0.5475281509111704,0.5475281509111704
98.175,0.2,0.30134906162243913,0.30134906162243913
98.18,0.2,0.2213267856532552,0.2213267856532552
98.185,0.2,-0.24642223097434457,-0.24642223097434457
98.19,0.2,-0.254879032394835,-0.254879032394835
98.195,0.2,0.008783207682729811,0.008783207682729811
98.2,0.2,0.24583342330473623,0.24583342330473623
98.205,0.2,0.3139004915505028,0.3139004915505028
98.21,0.2,0.6137030447345214,0.6137030447345214
98.215,0.2,0.4233613476719373,0.4233613476719373
98.22,0.2,0.14002954721157118,0.14002954721157118
98.225,0.2,-0.08794518947655647,-0.08794518947655647
98.23,0.2,-0.114296759091113,-0.114296759091113
98.235,0.2,-0.03254301551295967,-0.03254301551295967
98.24,0.2,0.166728189872532,0.166728189872532
98.245,0.2,0.47918126616313617,0.47918126616313617
98.25,0.2,0.587872587254716,0.587872587254716
98.255,0.2,0.3730441241799341,0.3730441241799341
98.26,0.2,0.310439105392628,0.310439105392628
98.265,0.2,-0.11303218379082898,-0.11303218379082898
98.27,0.2,-0.2936885809146603,-0.2936885809146603
98.275,0.2,0.017660097745637343,0.017660097745637343
98.28,0.2,0.3856739161066616,0.3856739161066616
98.285,0.2,0.39231881778553174,0.39231881778553174
98.29,0.2,0.5064063950801095,0.5064063950801095
98.295,0.2,0.5908164379878833,0.5908164379878833
98.3,0.2,-0.022473079310455307,-0.022473079310455307
98.305,0.2,0.04862199744745849,0.04862199744745849
98.31,0.2,-0.4078955674504365,-0.4078955674504365
98.315,0.2,-0.16475557996031479,-0.16475557996031479
98.32,0.2,0.18760658682488268,0.18760658682488268
98.325,0.2,0.6099320932567316,0.6099320932567316
98.33,0.2,0.5947759931576112,0.5947759931576112
98.335,0.2,0.5574198741305971,0.5574198741305971
98.34,0.2,0.22617567687294077,0.22617567687294077
98.345,0.2,-0.04315585910880971,-0.04315585910880971
98.35,0.2,-0.14598897938240754,-0.14598897938240754
98.355,0.2,-0.1383534363670369,-0.1383534363670369
98.36,0.2,0.1291448305254465,0.1291448305254465
98.365,0.2,0.5024946490157566,0.5024946490157566
98.37,0.2,0.5662317014366847,0.5662317014366847
98.375,0.2,0.4978021564974032,0.4978021564974032
98.38,0.2,0.2350617229300206,0.2350617229300206
98.385,0.2,-0.007926784659970584,-0.007926784659970584
98.39,0.2,-0.11400244798957565,-0.11400244798957565
98.395,0.2,0.11163806431447221,0.11163806431447221
98.4,0.2,0.16021357725872043,0.16021357725872043
98.405,0.2,0.4887726389315291,0.4887726389315291
98.41,0.2,0.7465489657496094,0.7465489657496094
98.415,0.2,0.6088354226002958,0.6088354226002958
98.42,0.2,0.12329755919679379,0.12329755919679379
98.425,0.2,-0.0040878701421550034,-0.0040878701421550034
98.43,0.2,0.040353164992459084,0.040353164992459084
98.435,0.2,0.0348552546337305,0.0348552546337305
98.44,0.2,0.26354042809741574,0.26354042809741574
98.445,0.2,0.543867993054832,0.543867993054832
98.45,0.2,0.8196731802227334,0.8196731802227334
98.455,0.2,0.3786445104710402,0.3786445104710402
98.46,0.2,0.30256231717473436,0.30256231717473436
98.465,0.2,-0.05161818570052512,-0.05161818570052512
98.47,0.2,-0.13347759577503707,-0.13347759577503707
98.475,0.2,-0.12591081421315398,-0.12591081421315398
98.48,0.2,0.2948276435443449,0.2948276435443449
98.485,0.2,0.42319062792695294,0.42319062792695294
98.49,0.2,0.561101724595948,0.561101724595948
98.495,0.2,0.4384461426905012,0.4384461426905012
98.5,0.2,0.3323065425410593,0.3323065425410593
98.505,0.2,-0.04303253501384641,-0.04303253501384641
98.51,0.2,-0.4012861817030121,-0.4012861817030121
98.515,0.2,-0.10676490306724278,-0.10676490306724278
98.52,0.2,0.26184984288034063,0.26184984288034063
98.525,0.2,0.5037948846635565,0.5037948846635565
98.53,0.2,0.6652941313016443,0.6652941313016443
98.535,0.2,0.4798197325269399,0.4798197325269399
98.54,0.2,0.13740184705026065,0.13740184705026065
98.545,0.2,-0.08891485697557668,-0.08891485697557668
98.55,0.2,-0.15062887776488176,-0.15062887776488176
98.555,0.2,0.1412652509888655,0.1412652509888655
98.56,0.2,0.2784290446681985,0.2784290446681985
98.565,0.2,0.39205420038926797,0.39205420038926797
98.57,0.2,0.7078798013961878,0.7078798013961878
98.575,0.2,0.5661517758719153,0.5661517758719153
98.58,0.2,0.2042201335345243,0.2042201335345243
98.585,0.2,-0.1380361365016305,-0.1380361365016305
98.59,0.2,-0.12392528099643105,-0.12392528099643105
98.595,0.2,0.054081093517249886,0.054081093517249886
98.6,0.2,0.16844366353774534,0.16844366353774534
98.605,0.2,0.46389196915824205,0.46389196915824205
98.61,0.2,0.45557335976973357,0.45557335976973357
98.615,0.2,0.49606966270726205,0.49606966270726205
98.62,0.2,0.18532036815677436,0.18532036815677436
98.625,0.2,0.008445059878670495,0.008445059878670495
98.63,0.2,-0.1653381475760418,-0.1653381475760418
98.635,0.2,0.011237444359850569,0.011237444359850569
98.64,0.2,0.25064316851569374,0.25064316851569374
98.645,0.2,0.6440972824670842,0.6440972824670842
98.65,0.2,0.6006340808123992,0.6006340808123992
98.655,0.2,0.5575660930579841,0.5575660930579841
98.66,0.2,0.287737416239766,0.287737416239766
98.665,0.2,-0.12477517057404881,-0.12477517057404881
98.67,0.2,-0.24377783211256415,-0.24377783211256415
98.675,0.2,-0.27823345206433947,-0.27823345206433947
98.68,0.2,0.17963355447726553,0.17963355447726553
98.685,0.2,0.4784062360443809,0.4784062360443809
98.69,0.2,0.4853121057598502,0.4853121057598502
98.695,0.2,0.4974094250958153,0.4974094250958153
98.7,0.2,0.14448233224816392,0.14448233224816392
98.705,0.2,-0.0005334194227497521,-0.0005334194227497521
98.71,0.2,-0.3200067118761407,-0.3200067118761407
98.715,0.2,0.040241060289271116,0.040241060289271116
98.72,0.2,0.11026368955058632,0.11026368955058632
98.725,0.2,0.4308438731731863,0.4308438731731863
98.73,0.2,0.458923836311783,0.458923836311783
98.735,0.2,0.5188024402959981,0.5188024402959981
98.74,0.2,0.1897404720034748,0.1897404720034748
98.745,0.2,0.07390319480835567,0.07390319480835567
98.75,0.2,-0.16652865903586306,-0.16652865903586306
98.755,0.2,0.03526089756456059,0.03526089756456059
98.76,0.2,0.38336995016202674,0.38336995016202674
98.765,0.2,0.26632829241707967,0.26632829241707967
98.77,0.2,0.6239329638441097,0.6239329638441097
98.775,0.2,0.24469289023873947,0.24469289023873947
98.78,0.2,0.08652738480814079,0.08652738480814079
98.785,0.2,-0.017326074851830575,-0.017326074851830575
98.79,0.2,-0.03322498941690409,-0.03322498941690409
98.795,0.2,-0.09532734828385687,-0.09532734828385687
98.8,0.2,0.18707943933368176,0.18707943933368176
98.805,0.2,0.45006586921695435,0.45006586921695435
98.81,0.2,0.47219883133065954,0.47219883133065954
98.815,0.2,0.2998690211817031,0.2998690211817031
98.82,0.2,0.1638601854553583,0.1638601854553583
98.825,0.2,-0.0670011349189602,-0.0670011349189602
98.83,0.2,-0.10214862845284484,-0.10214862845284484
98.835,0.2,0.04414554300383637,0.04414554300383637
98.84,0.2,0.19252903682162964,0.19252903682162964
98.845,0.2,0.5948389943047719,0.5948389943047719
98.85,0.2,0.4189342509300414,0.4189342509300414
98.855,0.2,0.14663644173734874,0.14663644173734874
98.86,0.2,-0.05598549549427281,-0.05598549549427281
98.865,0.2,-0.1428504047054815,-0.1428504047054815
98.87,0.2,0.13698659884539732,0.13698659884539732
98.875,0.2,0.060353265286946484,0.060353265286946484
98.88,0.2,0.11679151944243998,0.11679151944243998
98.885,0.2,0.5692281197215302,0.5692281197215302
98.89,0.2,0.33266833432392395,0.33266833432392395
98.895,0.2,0.457339810221446,0.457339810221446
98.9,0.2,0.16692000272622315,0.16692000272622315
98.905,0.2,-0.037169191670708104,-0.037169191670708104
98.91,0.2,-0.04103294539843094,-0.04103294539843094
98.915,0.2,-0.08018398830527226,-0.08018398830527226
98.92,0.2,0.20448551221167793,0.20448551221167793
98.925,0.2,0.3946445386395754,0.3946445386395754
98.93,0.2,0.46505270476378224,0.46505270476378224
98.935,0.2,0.21853167259900444,0.21853167259900444
98.94,0.2,0.10971784835993761,0.10971784835993761
98.945,0.2,-0.1492864599729766,-0.1492864599729766
98.95,0.2,-0.18415307131801853,-0.18415307131801853
98.955,0.2,-0.20141168707039475,-0.20141168707039475
98.96,0.2,0.18963945315936948,0.18963945315936948
98.965,0.2,0.3972468624979974,0.3972468624979974
98.97,0.2,0.6072994286746953,0.6072994286746953
98.975,0.2,0.4378591582054976,0.4378591582054976
98.98,0.2,0.26076282787577654,0.26076282787577654
98.985,0.2,-0.1101460710408917,-0.1101460710408917
98.99,0.2,-0.19399048632301436,-0.19399048632301436
98.995,0.2,-0.19612820524256147,-0.19612820524256147
99.0,0.2,0.06092877580061397,0.06092877580061397
99.005,0.2,0.5036763196520626,0.5036763196520626
99.01,0.2,0.5957079146538156,0.5957079146538156
99.015,0.2,0.26335268908775256,0.26335268908775256
99.02,0.2,0.19977994937678775,0.19977994937678775
99.025,0.2,-0.009691908102595376,-0.009691908102595376
99.03,0.2,-0.03270052163932624,-0.03270052163932624
99.035,0.2,0.022848715221222782,0.022848715221222782
99.04,0.2,0.07666470052226788,0.07666470052226788
99.045,0.2,0.41436909019103635,0.41436909019103635
99.05,0.2,0.49106488989496383,0.49106488989496383
99.055,0.2,0.17648575615655793,0.17648575615655793
99.06,0.2,0.04466854784568082,0.04466854784568082
99.065,0.2,-0.1790354492520615,-0.1790354492520615
99.07,0.2,-0.2237053473489969,-0.2237053473489969
99.075,0.2,-0.1999437290639498,-0.1999437290639498
99.08,0.2,0.10836482028831317,0.10836482028831317
99.085,0.2,0.5037595399482339,0.5037595399482339
99.09,0.2,0.515114292944163,0.515114292944163
99.095,0.2,0.44387611736627114,0.44387611736627114
99.1,0.2,0.1252669450630844,0.1252669450630844
99.105,0.2,-0.16127089033433406,-0.16127089033433406
99.11,0.2,-0.409520535542503,-0.409520535542503
99.115,0.2,-0.18028778212052596,-0.18028778212052596
99.12,0.2,0.17417026653994155,0.17417026653994155
99.125,0.2,0.43527893123865996,0.43527893123865996
99.13,0.2,0.5453297798678056,0.5453297798678056
99.135,0.2,0.4850540004710141,0.4850540004710141
99.14,0.2,0.23420338975361538,0.23420338975361538
99.145,0.2,-0.06739769317718992,-0.06739769317718992
99.15,0.2,-0.05018363776145457,-0.05018363776145457
99.155,0.2,-0.10671775939689834,-0.10671775939689834
99.16,0.2,0.33754502473056824,0.33754502473056824
99.165,0.2,0.40939411081932486,0.40939411081932486
99.17,0.2,0.4478199297770015,0.4478199297770015
99.175,0.2,0.5172170039396556,0.5172170039396556
99.18,0.2,0.026705365998023672,0.026705365998023672
99.185,0.2,-0.2020176208799977,-0.2020176208799977
99.19,0.2,-0.15221452996271423,-0.15221452996271423
99.195,0.2,-0.14528982282974356,-0.14528982282974356
99.2,0.2,0.10952423261040843,0.10952423261040843
99.205,0.2,0.5361888429812148,0.5361888429812148
99.21,0.2,0.5797349496093247,0.5797349496093247
99.215,0.2,0.3183725916806303,0.3183725916806303
99.22,0.2,0.27627052504999594,0.27627052504999594
99.225,0.2,-0.07593917553827123,-0.07593917553827123
99.23,0.2,-0.15235568900137814,-0.15235568900137814
99.235,0.2,0.18866716435595604,0.18866716435595604
99.24,0.2,0.21716758690601032,0.21716758690601032
99.245,0.2,0.400166222766973,0.400166222766973
99.25,0.2,0.5018504473243885,0.5018504473243885
99.255,0.2,0.5203779631852737,0.5203779631852737
99.26,0.2,0.13721889291931097,0.13721889291931097
99.265,0.2,-0.1800706728201718,-0.1800706728201718
99.27,0.2,-0.10475788902566925,-0.10475788902566925
99.275,0.2,0.0632780657827185,0.0632780657827185
99.28,0.2,0.41125856190705257,0.41125856190705257
99.285,0.2,0.39963620305867714,0.39963620305867714
99.29,0.2,0.47963761765600404,0.47963761765600404
99.295,0.2,0.3162201270059783,0.3162201270059783
99.3,0.2,0.2749007931979045,0.2749007931979045
99.305,0.2,-0.03471365588239872,-0.03471365588239872
99.31,0.2,0.034229974095186466,0.034229974095186466
99.315,0.2,-0.09398786956158928,-0.09398786956158928
99.32,0.2,0.3119908419213083,0.3119908419213083
99.325,0.2,0.46267416770372927,0.46267416770372927
99.33,0.2,0.5630098980153435,0.5630098980153435
99.335,0.2,0.5700125297449459,0.5700125297449459
99.34,0.2,0.3698489525521498,0.3698489525521498
99.345,0.2,0.00620458451298464,0.00620458451298464
99.35,0.2,-0.2869908855007468,-0.2869908855007468
99.355,0.2,-0.10485912063737736,-0.10485912063737736
99.36,0.2,0.10388205744014933,0.10388205744014933
99.365,0.2,0.44047758312014307,0.44047758312014307
99.37,0.2,0.6162416775168688,0.6162416775168688
99.375,0.2,0.5420996298726025,0.5420996298726025
99.38,0.2,0.270049119016603,0.270049119016603
99.385,0.2,0.05915874196685034,0.05915874196685034
99.39,0.2,-0.1969939142988454,-0.1969939142988454
99.395,0.2,-0.13260661014938074,-0.13260661014938074
99.4,0.2,0.3377882166337894,0.3377882166337894
99.405,0.2,0.5750162684844029,0.5750162684844029
99.41,0.2,0.5372144038749538,0.5372144038749538
99.415,0.2,0.5066736529292323,0.5066736529292323
99.42,0.2,0.1930404014206318,0.1930404014206318
99.425,0.2,-0.2262295243220882,-0.2262295243220882
99.43,0.2,-0.13681791904287618,-0.13681791904287618
99.435,0.2,0.025886148509643575,0.025886148509643575
99.44,0.2,0.3451534800354166,0.3451534800354166
99.445,0.2,0.45289560095982967,0.45289560095982967
99.45,0.2,0.5529025568812116,0.5529025568812116
99.455,0.2,0.5149381090859695,0.5149381090859695
99.46,0.2,0.2101189391724222,0.2101189391724222
99.465,0.2,-0.17360879563241371,-0.17360879563241371
99.47,0.2,-0.060503202157615385,-0.060503202157615385
99.475,0.2,-0.38627641282876723,-0.38627641282876723
99.48,0.2,0.25550654933592615,0.25550654933592615
99.485,0.2,0.5173401551901075,0.5173401551901075
99.49,0.2,0.6649724276293396,0.6649724276293396
99.495,0.2,0.5187316120487218,0.5187316120487218
99.5,0.2,0.32568552955235325,0.32568552955235325
99.505,0.2,-0.05455505229335215,-0.05455505229335215
99.51,0.2,-0.295900826613085,-0.295900826613085
99.515,0.2,-0.015394553214344665,-0.015394553214344665
99.52,0.2,0.2264912349129364,0.2264912349129364
99.525,0.2,0.6556394662569452,0.6556394662569452
99.53,0.2,0.6520618202732986,0.6520618202732986
99.535,0.2,0.45247132076248436,0.45247132076248436
99.54,0.2,0.045246901720973176,0.045246901720973176
99.545,0.2,0.018101732194133247,0.018101732194133247
99.55,0.2,-0.15437073360852832,-0.15437073360852832
99.555,0.2,-0.07942979167244087,-0.07942979167244087
99.56,0.2,0.3976715323320545,0.3976715323320545
99.565,0.2,0.5352231503335312,0.5352231503335312
99.57,0.2,0.7456308886028994,0.7456308886028994
99.575,0.2,0.3701613706995659,0.3701613706995659
99.58,0.2,0.19368540698607534,0.19368540698607534
99.585,0.2,0.03583565071050927,0.03583565071050927
99.59,0.2,-0.03433699482546543,-0.03433699482546543
99.595,0.2,0.03164226575099103,0.03164226575099103
99.6,0.2,0.16132624815920493,0.16132624815920493
99.605,0.2,0.38401661254343356,0.38401661254343356
99.61,0.2,0.7013335283629795,0.7013335283629795
99.615,0.2,0.5049908917662751,0.5049908917662751
99.62,0.2,0.09043604253994886,0.09043604253994886
99.625,0.2,-0.07190721801414433,-0.07190721801414433
99.63,0.2,-0.060923465409524105,-0.060923465409524105
99.635,0.2,-0.07378555303246351,-0.07378555303246351
99.64,0.2,0.28075440885678316,0.28075440885678316
99.645,0.2,0.4448172462169028,0.4448172462169028
99.65,0.2,0.6012996798855051,0.6012996798855051
99.655,0.2,0.3232354160899762,0.3232354160899762
99.66,0.2,0.3273232917868286,0.3273232917868286
99.665,0.2,-0.14853619917469005,-0.14853619917469005
99.67,0.2,-0.1204669183619862,-0.1204669183619862
99.675,0.2,-0.2589451164975024,-0.2589451164975024
99.68,0.2,0.3353774620187929,0.3353774620187929
99.685,0.2,0.29480334168835987,0.29480334168835987
99.69,0.2,0.5867157323372987,0.5867157323372987
99.695,0.2,0.4343963349026646,0.4343963349026646
99.7,0.2,0.11025829545289825,0.11025829545289825
99.705,0.2,-0.04395637592495873,-0.04395637592495873
99.71,0.2,-0.32807095337124864,-0.32807095337124864
99.715,0.2,0.09106788957965303,0.09106788957965303
99.72,0.2,0.15212267788445039,0.15212267788445039
99.725,0.2,0.4148470190243441,0.4148470190243441
99.73,0.2,0.5072146227105861,0.5072146227105861
99.735,0.2,0.5289909064327538,0.5289909064327538
99.74,0.2,0.11367450745367419,0.11367450745367419
99.745,0.2,0.014574578077978281,0.014574578077978281
99.75,0.2,-0.08354256983017297,-0.08354256983017297
99.755,0.2,0.07218413136909876,0.07218413136909876
99.76,0.2,0.19501407349452973,0.19501407349452973
99.765,0.2,0.503129297650317,0.503129297650317
99.77,0.2,0.6475323954947331,0.6475323954947331
99.775,0.2,0.5331112985292668,0.5331112985292668
99.78,0.2,0.25292931933769525,0.25292931933769525
99.785,0.2,-0.14776549883925638,-0.14776549883925638
99.79,0.2,-0.07045054288917926,-0.07045054288917926
99.795,0.2,-0.08978532599450054,-0.08978532599450054
99.8,0.2,0.30648784201536433,0.30648784201536433
99.805,0.2,0.49141934254418324,0.49141934254418324
99.81,0.2,0.6400877019616296,0.6400877019616296
99.815,0.2,0.4569537325392272,0.4569537325392272
99.82,0.2,0.22541665689510348,0.22541665689510348
99.825,0.2,0.010779489275884194,0.010779489275884194
99.83,0.2,-0.13905378343162306,-0.13905378343162306
99.835,0.2,-0.1362044031047309,-0.1362044031047309
99.84,0.2,0.283132604241906,0.283132604241906
99.845,0.2,0.35303961839552034,0.35303961839552034
99.85,0.2,0.6121686795625866,0.6121686795625866
99.855,0.2,0.4598486869535766,0.4598486869535766
99.86,0.2,0.04036241158001863,0.04036241158001863
99.865,0.2,0.08151138851006018,0.08151138851006018
99.87,0.2,-0.21696967104204967,-0.21696967104204967
99.875,0.2,-0.054991348698460354,-0.054991348698460354
99.88,0.2,0.364319532014937,0.364319532014937
99.885,0.2,0.5216283849226633,0.5216283849226633
99.89,0.2,0.7174207790268535,0.7174207790268535
99.895,0.2,0.5553101434856074,0.5553101434856074
99.9,0.2,0.3004807477784208,0.3004807477784208
99.905,0.2,-0.04399636835401412,-0.04399636835401412
99.91,0.2,-0.30299143380471716,-0.30299143380471716
99.915,0.2,0.1486789773252736,0.1486789773252736
99.92,0.2,0.3000556399332876,0.3000556399332876
99.925,0.2,0.3255872995391845,0.3255872995391845
99.93,0.2,0.7360392523871906,0.7360392523871906
99.935,0.2,0.4101157713885311,0.4101157713885311
99.94,0.2,0.03725793676643485,0.03725793676643485
99.945,0.2,0.06851876005794727,0.06851876005794727
99.95,0.2,-0.15835058093824173,-0.15835058093824173
99.955,0.2,0.1718228276133309,0.1718228276133309
99.96,0.2,0.24010215133738064,0.24010215133738064
99.965,0.2,0.4877367860105922,0.4877367860105922
99.97,0.2,0.6567502816789593,0.6567502816789593
99.975,0.2,0.5062675020076479,0.5062675020076479
99.98,0.2,0.3634598932563542,0.3634598932563542
99.985,0.2,-0.060951724295633586,-0.060951724295633586
99.99,0.2,0.07761413059653058,0.07761413059653058
99.995,0.2,-0.06412190524153996,-0.06412190524153996
100.0,0.2,0.317358773989079,0.317358773989079
100.005,0.2,0.31849333511424516,0.31849333511424516
100.01,0.2,0.5657331916412942,0.5657331916412942
100.015,0.2,0.3141711505089693,0.3141711505089693
100.02,0.2,0.1716091560220666,0.1716091560220666
100.025,0.2,-0.10473516593193931,-0.10473516593193931
100.03,0.2,-0.03928559957567193,-0.03928559957567193
100.035,0.2,-0.026096804620220883,-0.026096804620220883
100.04,0.2,0.22929503337136475,0.22929503337136475
100.045,0.2,0.49043898852680984,0.49043898852680984
100.05,0.2,0.5990859707663226,0.5990859707663226
100.055,0.2,0.3977310003869144,0.3977310003869144
100.06,0.2,0.2733360958710799,0.2733360958710799
100.065,0.2,0.02345497989383802,0.02345497989383802
100.07,0.2,-0.2886428018627837,-0.2886428018627837
100.075,0.2,-0.2583642421156354,-0.2583642421156354
100.08,0.2,0.08745030200909618,0.08745030200909618
100.085,0.2,0.5642876844624474,0.5642876844624474
100.09,0.2,0.5535962865992257,0.5535962865992257
100.095,0.2,0.3760714692135474,0.3760714692135474
100.1,0.2,0.14158558653174322,0.14158558653174322
100.105,0.2,-0.021061271188243212,-0.021061271188243212
100.11,0.2,-0.1399808080703481,-0.1399808080703481
100.115,0.2,-0.08034939818031198,-0.08034939818031198
100.12,0.2,0.3337756971950129,0.3337756971950129
100.125,0.2,0.37169445415042407,0.37169445415042407
100.13,0.2,0.5683833705898866,0.5683833705898866
100.135,0.2,0.4518135918847321,0.4518135918847321
100.14,0.2,0.12741581285443565,0.12741581285443565
100.145,0.2,-0.10239912876329356,-0.10239912876329356
100.15,0.2,-0.41969449628676975,-0.41969449628676975
100.155,0.2,0.003540514655419248,0.003540514655419248
100.16,0.2,0.24480238070118307,0.24480238070118307
100.165,0.2,0.7906393750889319,0.7906393750889319
100.17,0.2,0.6542204427624416,0.6542204427624416
100.175,0.2,0.3740397737539592,0.3740397737539592
100.18,0.2,0.1197888342454364,0.1197888342454364
100.185,0.2,-0.1797913501435382,-0.1797913501435382
100.19,0.2,-0.09299431824558506,-0.09299431824558506
100.195,0.2,-0.14521312636617892,-0.14521312636617892
100.2,0.2,0.16694919901632863,0.16694919901632863
100.205,0.2,0.26251400838969474,0.26251400838969474
100.21,0.2,0.6840152714446792,0.6840152714446792
100.215,0.2,0.5069459493152251,0.5069459493152251
100.22,0.2,0.12621941409764648,0.12621941409764648
100.225,0.2,0.13720671699548398,0.13720671699548398
100.23,0.2,-0.33587580357642727,-0.33587580357642727
100.235,0.2,-0.011312735628699604,-0.011312735628699604
100.24,0.2,0.16053001643346604,0.16053001643346604
100.245,0.2,0.3755940669831133,0.3755940669831133
100.25,0.2,0.6317245777343381,0.6317245777343381
100.255,0.2,0.5129218904848349,0.5129218904848349
100.26,0.2,0.21435267167316815,0.21435267167316815
100.265,0.2,-0.0452761143462834,-0.0452761143462834
100.27,0.2,-0.18532055731137756,-0.18532055731137756
100.275,0.2,-0.09624126885554378,-0.09624126885554378
100.28,0.2,0.2702901014582972,0.2702901014582972
100.285,0.2,0.5040311858667609,0.5040311858667609
100.29,0.2,0.47127214394044714,0.47127214394044714
100.295,0.2,0.4257963392648469,0.4257963392648469
100.3,0.2,0.03610194062455532,0.03610194062455532
100.305,0.2,-0.15988365496521506,-0.15988365496521506
100.31,0.2,-0.18710296275373275,-0.18710296275373275
100.315,0.2,-0.12208081232229813,-0.12208081232229813
100.32,0.2,0.40446027306419324,0.40446027306419324
100.325,0.2,0.2263910553523809,0.2263910553523809
100.33,0.2,0.4964961314826431,0.4964961314826431
100.335,0.2,0.5312813290344244,0.5312813290344244
100.34,0.2,0.20813244953828383,0.20813244953828383
100.345,0.2,-0.14614099007021425,-0.14614099007021425
100.35,0.2,-0.21492366335390506,-0.21492366335390506
100.355,0.2,0.06533648907791739,0.06533648907791739
100.36,0.2,0.2590518895215527,0.2590518895215527
100.365,0.2,0.4412240615205919,0.4412240615205919
100.37,0.2,0.5055773681692393,0.5055773681692393
100.375,0.2,0.5863982476444808,0.5863982476444808
100.38,0.2,0.21785820908038275,0.21785820908038275
100.385,0.2,-0.10650057296903184,-0.10650057296903184
100.39,0.2,-0.2535278001808245,-0.2535278001808245
100.395,0.2,-0.03010951458900664,-0.03010951458900664
100.4,0.2,0.226806477860789,0.226806477860789
100.405,0.2,0.393257879491964,0.393257879491964
100.41,0.2,0.615016255240898,0.615016255240898
100.415,0.2,0.3103856893789489,0.3103856893789489
100.42,0.2,0.1182464910918469,0.1182464910918469
100.425,0.2,-0.04917603033295226,-0.04917603033295226
100.43,0.2,-0.1999843944558486,-0.1999843944558486
100.435,0.2,-0.23457693036722235,-0.23457693036722235
100.44,0.2,0.2849348527089117,0.2849348527089117
100.445,0.2,0.4734775687641705,0.4734775687641705
100.45,0.2,0.4661476779193243,0.4661476779193243
100.455,0.2,0.35964420207503023,0.35964420207503023
100.46,0.2,0.06252357275046419,0.06252357275046419
100.465,0.2,-0.0049187549126185615,-0.0049187549126185615
100.47,0.2,-0.19367751886203483,-0.19367751886203483
100.475,0.2,-0.20332996755280366,-0.20332996755280366
100.48,0.2,0.21532629495680505,0.21532629495680505
100.485,0.2,0.37567659905916934,0.37567659905916934
100.49,0.2,0.4494218647288962,0.4494218647288962
100.495,0.2,0.4124484049058223,0.4124484049058223
100.5,0.2,0.07027459375416435,0.07027459375416435
100.505,0.2,0.040427372837935724,0.040427372837935724
100.51,0.2,-0.1092087116929233,-0.1092087116929233
100.515,0.2,0.026900476074406543,0.026900476074406543
100.52,0.2,0.21640781378297771,0.21640781378297771
100.525,0.2,0.4513280401983087,0.4513280401983087
100.53,0.2,0.5399285208333141,0.5399285208333141
100.535,0.2,0.5036454167038379,0.5036454167038379
100.54,0.2,0.17736804038741275,0.17736804038741275
100.545,0.2,-0.19931741131308367,-0.19931741131308367
100.55,0.2,-0.25774631661036984,-0.25774631661036984
100.555,0.2,-0.09617393596591761,-0.09617393596591761
100.56,0.2,0.24182246913818756,0.24182246913818756
100.565,0.2,0.6955807606806648,0.6955807606806648
100.57,0.2,0.3883816427300878,0.3883816427300878
100.575,0.2,0.34684365093200165,0.34684365093200165
100.58,0.2,0.1980897501591102,0.1980897501591102
100.585,0.2,0.0666556974887601,0.0666556974887601
100.59,0.2,-0.2662363160289811,-0.2662363160289811
100.595,0.2,0.14512565337595643,0.14512565337595643
100.6,0.2,0.2712237474286914,0.2712237474286914
100.605,0.2,0.2922870298859339,0.2922870298859339
100.61,0.2,0.5942142741768186,0.5942142741768186
100.615,0.2,0.4911466636312927,0.4911466636312927
100.62,0.2,0.36478011539764876,0.36478011539764876
100.625,0.2,-0.16779273787720111,-0.16779273787720111
100.63,0.2,-0.3290593809869522,-0.3290593809869522
100.635,0.2,-0.02552504683027508,-0.02552504683027508
100.64,0.2,0.17430332573583684,0.17430332573583684
100.645,0.2,0.4814687335310355,0.4814687335310355
100.65,0.2,0.5120584710574836,0.5120584710574836
100.655,0.2,0.535888995518902,0.535888995518902
100.66,0.2,0.2339192663610278,0.2339192663610278
100.665,0.2,-0.06640587178497803,-0.06640587178497803
100.67,0.2,-0.03956583233488342,-0.03956583233488342
100.675,0.2,0.07538792964617096,0.07538792964617096
100.68,0.2,0.20380636510450095,0.20380636510450095
100.685,0.2,0.35261090344654167,0.35261090344654167
100.69,0.2,0.5651963949630631,0.5651963949630631
100.695,0.2,0.4384093295237837,0.4384093295237837
100.7,0.2,0.21038040146744957,0.21038040146744957
100.705,0.2,-0.038202957989047416,-0.038202957989047416
100.71,0.2,-0.23737964400809514,-0.23737964400809514
100.715,0.2,-0.05038073394174126,-0.05038073394174126
100.72,0.2,0.2261772578858568,0.2261772578858568
100.725,0.2,0.582078856744732,0.582078856744732
100.73,0.2,0.6061537277833927,0.6061537277833927
100.735,0.2,0.31257293511161033,0.31257293511161033
100.74,0.2,0.27827823674613994,0.27827823674613994
100.745,0.2,0.005879637440569907,0.005879637440569907
100.75,0.2,-0.11923946249257186,-0.11923946249257186
100.755,0.2,-0.08044064891822761,-0.08044064891822761
100.76,0.2,0.19239406461652295,0.19239406461652295
100.765,0.2,0.6394028806141686,0.6394028806141686
100.77,0.2,0.5787852055869199,0.5787852055869199
100.775,0.2,0.542262680531189,0.542262680531189
100.78,0.2,0.22082484169691363,0.22082484169691363
100.785,0.2,-0.27365847302726337,-0.27365847302726337
100.79,0.2,-0.2818598897796789,-0.2818598897796789
100.795,0.2,0.16566255140323577,0.16566255140323577
100.8,0.2,0.15943436138332642,0.15943436138332642
100.805,0.2,0.5305633926255521,0.5305633926255521
100.81,0.2,0.7429885633821312,0.7429885633821312
100.815,0.2,0.47698835212484886,0.47698835212484886
100.82,0.2,0.15779105372057556,0.15779105372057556
100.825,0.2,-0.1904288049561542,-0.1904288049561542
100.83,0.2,-0.10937543507304263,-0.10937543507304263
100.835,0.2,0.07090325496121265,0.07090325496121265
100.84,0.2,0.2417833046321164,0.2417833046321164
100.845,0.2,0.6053944101294352,0.6053944101294352
100.85,0.2,0.5469301211456334,0.5469301211456334
100.855,0.2,0.5191938450286542,0.5191938450286542
100.86,0.2,0.3053017486084893,0.3053017486084893
100.865,0.2,0.05215467899827628,0.05215467899827628
100.87,0.2,0.007215629204321172,0.007215629204321172
100.875,0.2,0.11972879039599724,0.11972879039599724
100.88,0.2,0.21245710394820844,0.21245710394820844
100.885,0.2,0.511593574747955,0.511593574747955
100.89,0.2,0.5933155982099183,0.5933155982099183
100.895,0.2,0.5627723011747241,0.5627723011747241
100.9,0.2,0.40739846877886077,0.40739846877886077
100.905,0.2,0.03226413795308696,0.03226413795308696
100.91,0.2,0.0041787796405385325,0.0041787796405385325
100.915,0.2,0.174680646320999,0.174680646320999
100.92,0.2,0.15469745190215095,0.15469745190215095
100.925,0.2,0.5854701612703259,0.5854701612703259
100.93,0.2,0.5795899833514115,0.5795899833514115
100.935,0.2,0.5184759276242495,0.5184759276242495
100.94,0.2,0.3075524062856072,0.3075524062856072
100.945,0.2,0.10295505036956237,0.10295505036956237
100.95,0.2,-0.11764218098145324,-0.11764218098145324
100.955,0.2,0.05224029315400708,0.05224029315400708
100.96,0.2,0.3042127942845571,0.3042127942845571
100.965,0.2,0.5428433489787423,0.5428433489787423
100.97,0.2,0.702789429867164,0.702789429867164
100.975,0.2,0.6827882641678701,0.6827882641678701
100.98,0.2,0.2023985637558243,0.2023985637558243
100.985,0.2,-0.2833869845009287,-0.2833869845009287
100.99,0.2,-0.07969325303985514,-0.07969325303985514
100.995,0.2,0.06853425046181999,0.06853425046181999
101.0,0.2,0.22428968217920614,0.22428968217920614
101.005,0.2,0.46557238156943015,0.46557238156943015
101.01,0.2,0.7680183347272043,0.7680183347272043
101.015,0.2,0.7034934453407157,0.7034934453407157
101.02,0.2,0.1677195916040624,0.1677195916040624
101.025,0.2,0.16325004022302633,0.16325004022302633
101.03,0.2,-0.08338547616380812,-0.08338547616380812
101.035,0.2,-0.14612884336657544,-0.14612884336657544
101.04,0.2,0.09378424780210864,0.09378424780210864
101.045,0.2,0.5992975486201939,0.5992975486201939
101.05,0.2,0.5939543517280634,0.5939543517280634
101.055,0.2,0.558738555319573,0.558738555319573
101.06,0.2,0.35493266372987625,0.35493266372987625
101.065,0.2,-0.10382764850286719,-0.10382764850286719
101.07,0.2,-0.04668793364725582,-0.04668793364725582
101.075,0.2,-0.06396924198287883,-0.06396924198287883
101.08,0.2,0.3627929112356697,0.3627929112356697
101.085,0.2,0.3534844701769847,0.3534844701769847
101.09,0.2,0.6139094540981275,0.6139094540981275
101.095,0.2,0.5897224571780872,0.5897224571780872
101.1,0.2,0.0870039495955228,0.0870039495955228
101.105,0.2,-0.09508345269078194,-0.09508345269078194
101.11,0.2,-0.16791511439089554,-0.16791511439089554
101.115,0.2,-0.008653979211056387,-0.008653979211056387
101.12,0.2,0.26025868278824227,0.26025868278824227
101.125,0.2,0.6189159780709246,0.6189159780709246
101.13,0.2,0.6311645634754213,0.6311645634754213
101.135,0.2,0.2904862761859538,0.2904862761859538
101.14,0.2,0.2061093829924358,0.2061093829924358
101.145,0.2,-0.030618205606410737,-0.030618205606410737
101.15,0.2,-0.26289660095032774,-0.26289660095032774
101.155,0.2,0.09864969140205149,0.09864969140205149
101.16,0.2,0.037588941755990035,0.037588941755990035
101.165,0.2,0.4814270362565099,0.4814270362565099
101.17,0.2,0.7157681939178238,0.7157681939178238
101.175,0.2,0.48670208019790334,0.48670208019790334
101.18,0.2,0.3476654051931007,0.3476654051931007
101.185,0.2,-0.08090044854319742,-0.08090044854319742
101.19,0.2,-0.23376658233274483,-0.23376658233274483
101.195,0.2,0.08914800745132692,0.08914800745132692
101.2,0.2,0.0176444027712655,0.0176444027712655
101.205,0.2,0.4614641442980387,0.4614641442980387
101.21,0.2,0.4377318968298849,0.4377318968298849
101.215,0.2,0.49567939753636137,0.49567939753636137
101.22,0.2,0.36629016840483397,0.36629016840483397
101.225,0.2,-0.15389518536408422,-0.15389518536408422
101.23,0.2,-0.14834493046281466,-0.14834493046281466
101.235,0.2,-0.0752072292769046,-0.0752072292769046
101.24,0.2,0.21981769662302086,0.21981769662302086
101.245,0.2,0.6406857783742689,0.6406857783742689
101.25,0.2,0.5108909767226314,0.5108909767226314
101.255,0.2,0.3290474040936503,0.3290474040936503
101.26,0.2,0.33092295732460064,0.33092295732460064
101.265,0.2,-0.13765898278581268,-0.13765898278581268
101.27,0.2,0.002488623567673043,0.002488623567673043
101.275,0.2,0.05093930424403474,0.05093930424403474
101.28,0.2,0.19083074101644137,0.19083074101644137
101.285,0.2,0.484226649948574,0.484226649948574
101.29,0.2,0.4660224889410806,0.4660224889410806
101.295,0.2,0.704902262502848,0.704902262502848
101.3,0.2,0.3992081063115558,0.3992081063115558
101.305,0.2,-0.037005743155924614,-0.037005743155924614
101.31,0.2,-0.19191118006587463,-0.19191118006587463
101.315,0.2,0.09076544309457471,0.09076544309457471
101.32,0.2,0.25336911930320566,0.25336911930320566
101.325,0.2,0.43105945204567847,0.43105945204567847
101.33,0.2,0.6492771436145155,0.6492771436145155
101.335,0.2,0.5040050400420214,0.5040050400420214
101.34,0.2,0.32967306898013193,0.32967306898013193
101.345,0.2,0.0060038801110462855,0.0060038801110462855
101.35,0.2,-0.10122342563860938,-0.10122342563860938
101.355,0.2,-0.03252111586316016,-0.03252111586316016
101.36,0.2,0.1946952218071652,0.1946952218071652
101.365,0.2,0.6146765193346367,0.6146765193346367
101.37,0.2,0.6607929914120144,0.6607929914120144
101.375,0.2,0.44214034383791884,0.44214034383791884
101.38,0.2,0.250838146680846,0.250838146680846
101.385,0.2,-0.09866914936912602,-0.09866914936912602
101.39,0.2,-0.18323068486067498,-0.18323068486067498
101.395,0.2,-0.04642328564121524,-0.04642328564121524
101.4,0.2,0.2122904164889054,0.2122904164889054
101.405,0.2,0.1705205765847414,0.1705205765847414
101.41,0.2,0.49937767281328876,0.49937767281328876
101.415,0.2,0.38392663947262123,0.38392663947262123
101.42,0.2,0.15844441182904165,0.15844441182904165
101.425,0.2,-0.08035266887452082,-0.08035266887452082
101.43,0.2,-0.22780825427003853,-0.22780825427003853
101.435,0.2,-0.1344489693148005,-0.1344489693148005
101.44,0.2,0.11228410109775795,0.11228410109775795
101.445,0.2,0.5524885108776711,0.5524885108776711
101.45,0.2,0.4057947021827879,0.4057947021827879
101.455,0.2,0.4034967642795937,0.4034967642795937
101.46,0.2,0.20112100114092957,0.20112100114092957
101.465,0.2,-0.22977202379164463,-0.22977202379164463
101.47,0.2,-0.3981062235268187,-0.3981062235268187
101.475,0.2,-0.11975806948650589,-0.11975806948650589
101.48,0.2,0.3184981201082891,0.3184981201082891
101.485,0.2,0.2965684550998876,0.2965684550998876
101.49,0.2,0.5864134628105495,0.5864134628105495
101.495,0.2,0.4683161746857422,0.4683161746857422
101.5,0.2,0.3598852613245498,0.3598852613245498
101.505,0.2,-0.06526214568953716,-0.06526214568953716
101.51,0.2,-0.2858126822690139,-0.2858126822690139
101.515,0.2,-0.04362498179834231,-0.04362498179834231
101.52,0.2,0.3219405254332377,0.3219405254332377
101.525,0.2,0.36582917194100273,0.36582917194100273
101.53,0.2,0.5095407245523982,0.5095407245523982
101.535,0.2,0.5756850190858981,0.5756850190858981
101.54,0.2,0.3877554915591883,0.3877554915591883
101.545,0.2,0.08255286817182057,0.08255286817182057
101.55,0.2,-0.21068489918780636,-0.21068489918780636
101.555,0.2,0.12435704696628022,0.12435704696628022
101.56,0.2,0.26427842971412324,0.26427842971412324
101.565,0.2,0.4246652694271593,0.4246652694271593
101.57,0.2,0.7093981342397432,0.7093981342397432
101.575,0.2,0.6486068859626248,0.6486068859626248
101.58,0.2,0.27620976901869915,0.27620976901869915
101.585,0.2,0.02921481457760857,0.02921481457760857
101.59,0.2,-0.0706052522253616,-0.0706052522253616
101.595,0.2,0.03036674701153019,0.03036674701153019
101.6,0.2,0.31192132775629877,0.31192132775629877
101.605,0.2,0.6371973625120781,0.6371973625120781
101.61,0.2,0.5483717926323163,0.5483717926323163
101.615,0.2,0.49585083941130975,0.49585083941130975
101.62,0.2,-0.0016717277439188272,-0.0016717277439188272
101.625,0.2,-0.19425422659110247,-0.19425422659110247
101.63,0.2,-0.23109800806663783,-0.23109800806663783
101.635,0.2,0.04990398367674596,0.04990398367674596
101.64,0.2,0.3288933547806036,0.3288933547806036
101.645,0.2,0.7003083042677369,0.7003083042677369
101.65,0.2,0.4810268482459614,0.4810268482459614
101.655,0.2,0.45291620194299675,0.45291620194299675
101.66,0.2,0.31540727481898573,0.31540727481898573
101.665,0.2,-0.07206172052497734,-0.07206172052497734
101.67,0.2,-0.1191838944989094,-0.1191838944989094
101.675,0.2,-0.041680967636849385,-0.041680967636849385
101.68,0.2,0.18504680350252847,0.18504680350252847
101.685,0.2,0.6558429449250703,0.6558429449250703
101.69,0.2,0.5347457531912893,0.5347457531912893
101.695,0.2,0.45226490008689446,0.45226490008689446
101.7,0.2,0.21422186589991585,0.21422186589991585
101.705,0.2,-0.0288258520393477,-0.0288258520393477
101.71,0.2,-0.2936599327031798,-0.2936599327031798
101.715,0.2,0.045457720422878045,0.045457720422878045
101.72,0.2,0.058423636264174544,0.058423636264174544
101.725,0.2,0.47820308237537806,0.47820308237537806
101.73,0.2,0.6368941069471832,0.6368941069471832
101.735,0.2,0.5012882083542565,0.5012882083542565
101.74,0.2,0.14106238550091066,0.14106238550091066
101.745,0.2,-0.028456721983206684,-0.028456721983206684
101.75,0.2,-0.06578663838703208,-0.06578663838703208
101.755,0.2,-0.164035485937496,-0.164035485937496
101.76,0.2,0.13049068486037874,0.13049068486037874
101.765,0.2,0.4767739254150415,0.4767739254150415
101.77,0.2,0.6522264277007179,0.6522264277007179
101.775,0.2,0.5284544918615255,0.5284544918615255
101.78,0.2,0.10327105153086183,0.10327105153086183
101.785,0.2,-0.08028700814715801,-0.08028700814715801
101.79,0.2,-0.33354483516892175,-0.33354483516892175
101.795,0.2,0.09630751217540581,0.09630751217540581
101.8,0.2,0.2340033985293516,0.2340033985293516
101.805,0.2,0.43871310354792975,0.43871310354792975
101.81,0.2,0.6447757508534007,0.6447757508534007
101.815,0.2,0.5184241228491555,0.5184241228491555
101.82,0.2,0.23952785111231406,0.23952785111231406
101.825,0.2,-0.07512164475807462,-0.07512164475807462
101.83,0.2,-0.21098552856918495,-0.21098552856918495
101.835,0.2,0.08078824109923263,0.08078824109923263
101.84,0.2,0.47760726807483933,0.47760726807483933
101.845,0.2,0.5737117084821376,0.5737117084821376
101.85,-0.2,0.8279050874227515,0.8279050874227515
101.855,-0.2,0.53566076183109,0.53566076183109
101.86,-0.2,0.19724617972154115,0.19724617972154115
101.865,-0.2,-0.16796643470743836,-0.16796643470743836
101.87,-0.2,-0.09448091568931158,-0.09448091568931158
101.875,-0.2,0.01963395667043395,0.01963395667043395
101.88,-0.2,0.2481928446031151,0.2481928446031151
101.885,-0.2,0.5646786070718048,0.5646786070718048
101.89,-0.2,0.5316913398024445,0.5316913398024445
101.895,-0.2,0.441545942006709,0.441545942006709
101.9,-0.2,0.11112669605025222,0.11112669605025222
101.905,-0.2,0.066618020334149,0.066618020334149
101.91,-0.2,-0.25824258570212477,-0.25824258570212477
101.915,-0.2,0.08179615701157107,0.08179615701157107
101.92,-0.2,0.12809174549459806,0.12809174549459806
101.925,-0.2,0.5833879865953816,0.5833879865953816
101.93,-0.2,0.682597977900073,0.682597977900073
101.935,-0.2,0.33079755339209665,0.33079755339209665
101.94,-0.2,0.19782461125710255,0.19782461125710255
101.945,-0.2,-0.26486233201892023,-0.26486233201892023
101.95,-0.2,-0.16487252756091947,-0.16487252756091947
101.955,-0.2,-0.11082431782890503,-0.11082431782890503
101.96,-0.2,0.0441953351475835,0.0441953351475835
101.965,-0.2,0.3834137497033171,0.3834137497033171
101.97,-0.2,0.4627219011265258,0.4627219011265258
101.975,-0.2,0.5714510631735966,0.5714510631735966
101.98,-0.2,0.23883760703222273,0.23883760703222273
101.985,-0.2,-0.22925833554427194,-0.22925833554427194
101.99,-0.2,-0.1245909032802226,-0.1245909032802226
101.995,-0.2,-0.10189774468499173,-0.10189774468499173
102.0,-0.2,0.1280852030530356,0.1280852030530356
102.005,-0.2,0.5428833073817987,0.5428833073817987
102.01,-0.2,0.6086109375598223,0.6086109375598223
102.015,-0.2,0.6348624319021603,0.6348624319021603
102.02,-0.2,0.11950910010140649,0.11950910010140649
102.025,-0.2,-0.028231981527787414,-0.028231981527787414
102.03,-0.2,-0.05478763232993891,-0.05478763232993891
102.035,-0.2,-0.09282168312358846,-0.09282168312358846
102.04,-0.2,0.16325834003228779,0.16325834003228779
102.045,-0.2,0.4157909340629903,0.4157909340629903
102.05,-0.2,0.5046467928680485,0.5046467928680485
102.055,-0.2,0.6069101222597445,0.6069101222597445
102.06,-0.2,0.13646160365505838,0.13646160365505838
102.065,-0.2,-0.05534072541550311,-0.05534072541550311
102.07,-0.2,-0.3299633660157708,-0.3299633660157708
102.075,-0.2,-0.3039926972986243,-0.3039926972986243
102.08,-0.2,0.23706915851145935,0.23706915851145935
102.085,-0.2,0.6546775330458328,0.6546775330458328
102.09,-0.2,0.4292674623045283,0.4292674623045283
102.095,-0.2,0.3597011242820698,0.3597011242820698
102.1,-0.2,0.11404133338713135,0.11404133338713135
102.105,-0.2,-0.200820857028372,-0.200820857028372
102.11,-0.2,-0.047994224106697736,-0.047994224106697736
102.115,-0.2,0.054264408929365626,0.054264408929365626
102.12,-0.2,0.056729395899093205,0.056729395899093205
102.125,-0.2,0.6169670763352593,0.6169670763352593
102.13,-0.2,0.5118179611955064,0.5118179611955064
102.135,-0.2,0.5276973684781454,0.5276973684781454
102.14,-0.2,0.0333558234333136,0.0333558234333136
102.145,-0.2,-0.09792821484999475,-0.09792821484999475
102.15,-0.2,-0.1571088781712297,-0.1571088781712297
102.155,-0.2,-0.20175258106408983,-0.20175258106408983
102.16,-0.2,0.21204832896560818,0.21204832896560818
102.165,-0.2,0.4015947911345272,0.4015947911345272
102.17,-0.2,0.5185812271912662,0.5185812271912662
102.175,-0.2,0.2683431044973952,0.2683431044973952
102.18,-0.2,0.173307584644975,0.173307584644975
102.185,-0.2,-0.1632535158051522,-0.1632535158051522
102.19,-0.2,-0.2189582328959711,-0.2189582328959711
102.195,-0.2,-0.021375900952012736,-0.021375900952012736
102.2,-0.2,0.2841192908361822,0.2841192908361822
102.205,-0.2,0.4497133537292243,0.4497133537292243
102.21,-0.2,0.584776256532661,0.584776256532661
102.215,-0.2,0.40986011247747506,0.40986011247747506
102.22,-0.2,0.15158276185663816,0.15158276185663816
102.225,-0.2,-0.12566285188622217,-0.12566285188622217
102.23,-0.2,-0.37509993723000234,-0.37509993723000234
102.235,-0.2,0.01679837499457487,0.01679837499457487
102.24,-0.2,0.03561960863837599,0.03561960863837599
102.245,-0.2,0.5384618725259649,0.5384618725259649
102.25,-0.2,0.6280306763513258,0.6280306763513258
102.255,-0.2,0.2948985378059027,0.2948985378059027
102.26,-0.2,0.20999789841631206,0.20999789841631206
102.265,-0.2,-0.030202628299844284,-0.030202628299844284
102.27,-0.2,-0.32830055176628514,-0.32830055176628514
102.275,-0.2,-0.02949194120168016,-0.02949194120168016
102.28,-0.2,0.15854308662024952,0.15854308662024952
102.285,-0.2,0.5760925719498037,0.5760925719498037
102.29,-0.2,0.5246923695049095,0.5246923695049095
102.295,-0.2,0.39577572682065637,0.39577572682065637
102.3,-0.2,0.2193035883316501,0.2193035883316501
102.305,-0.2,-0.17016410904090365,-0.17016410904090365
102.31,-0.2,-0.13004698569012607,-0.13004698569012607
102.315,-0.2,-0.01261159807241713,-0.01261159807241713
102.32,-0.2,0.1917067471885217,0.1917067471885217
102.325,-0.2,0.5856510785557256,0.5856510785557256
102.33,-0.2,0.4775362433513486,0.4775362433513486
102.335,-0.2,0.22898892391950781,0.22898892391950781
102.34,-0.2,0.14838119022793428,0.14838119022793428
102.345,-0.2,-0.027762224280895864,-0.027762224280895864
102.35,-0.2,-0.22023302270039022,-0.22023302270039022
102.355,-0.2,-0.017114606505420966,-0.017114606505420966
102.36,-0.2,0.1711194754148269,0.1711194754148269
102.365,-0.2,0.33962017880263473,0.33962017880263473
102.37,-0.2,0.4201140970543952,0.4201140970543952
102.375,-0.2,0.41186115030437886,0.41186115030437886
102.38,-0.2,0.30130277633402547,0.30130277633402547
102.385,-0.2,-0.057634652154047006,-0.057634652154047006
102.39,-0.2,-0.2366995742915784,-0.2366995742915784
102.395,-0.2,0.01458656135523237,0.01458656135523237
102.4,-0.2,0.10289443259047656,0.10289443259047656
102.405,-0.2,0.45843676022028007,0.45843676022028007
102.41,-0.2,0.7445819373216999,0.7445819373216999
102.415,-0.2,0.5503972957545125,0.5503972957545125
102.42,-0.2,0.22235315029047428,0.22235315029047428
102.425,-0.2,0.06366071331525697,0.06366071331525697
102.43,-0.2,-0.25802905815512256,-0.25802905815512256
102.435,-0.2,-0.06542999640595827,-0.06542999640595827
102.44,-0.2,0.1761656784672465,0.1761656784672465
102.445,-0.2,0.4651422969429108,0.4651422969429108
102.45,-0.2,0.4254099074036036,0.4254099074036036
102.455,-0.2,0.296644657290852,0.296644657290852
102.46,-0.2,0.18551880989302777,0.18551880989302777
102.465,-0.2,0.007735346752051314,0.007735346752051314
102.47,-0.2,-0.2932232039955257,-0.2932232039955257
102.475,-0.2,0.07641510291279387,0.07641510291279387
102.48,-0.2,0.3049448650988751,0.3049448650988751
102.485,-0.2,0.45410215243763336,0.45410215243763336
102.49,-0.2,0.44224082695283784,0.44224082695283784
102.495,-0.2,0.5050665917449093,0.5050665917449093
102.5,-0.2,0.09835935075479146,0.09835935075479146
102.505,-0.2,-0.23889450960335376,-0.23889450960335376
102.51,-0.2,-0.13016008425531214,-0.13016008425531214
102.515,-0.2,0.08753987410482372,0.08753987410482372
102.52,-0.2,0.39766260873397885,0.39766260873397885
102.525,-0.2,0.4889665852582438,0.4889665852582438
102.53,-0.2,0.5132075375225178,0.5132075375225178
102.535,-0.2,0.6015158108456408,0.6015158108456408
102.54,-0.2,0.17046951822347642,0.17046951822347642
102.545,-0.2,-0.05716332620579394,-0.05716332620579394
102.55,-0.2,-0.1080810886939676,-0.1080810886939676
102.555,-0.2,0.044297303023906096,0.044297303023906096
102.56,-0.2,0.2950515643436535,0.2950515643436535
102.565,-0.2,0.35021942045694254,0.35021942045694254
102.57,-0.2,0.6847273310480854,0.6847273310480854
102.575,-0.2,0.2933300466366754,0.2933300466366754
102.58,-0.2,0.18707550908476017,0.18707550908476017
102.585,-0.2,-0.048824042708419016,-0.048824042708419016
102.59,-0.2,-0.0012648555493020713,-0.0012648555493020713
102.595,-0.2,-0.16385258470387548,-0.16385258470387548
102.6,-0.2,0.24721295451509126,0.24721295451509126
102.605,-0.2,0.4991630513491585,0.4991630513491585
102.61,-0.2,0.5811939646765776,0.5811939646765776
102.615,-0.2,0.4840619913392389,0.4840619913392389
102.62,-0.2,0.2656917067083858,0.2656917067083858
102.625,-0.2,-0.12785590547955944,-0.12785590547955944
102.63,-0.2,-0.19045432563457518,-0.19045432563457518
102.635,-0.2,-0.14375823608990862,-0.14375823608990862
102.64,-0.2,0.34248810340306407,0.34248810340306407
102.645,-0.2,0.4339336310824201,0.4339336310824201
102.65,-0.2,0.5612342222934097,0.5612342222934097
102.655,-0.2,0.4697823044508574,0.4697823044508574
102.66,-0.2,0.19588348390322882,0.19588348390322882
102.665,-0.2,-0.15794669657202354,-0.15794669657202354
102.67,-0.2,-0.16534301965135845,-0.16534301965135845
102.675,-0.2,-0.1436971274559654,-0.1436971274559654
102.68,-0.2,0.0835664844547997,0.0835664844547997
102.685,-0.2,0.522148045412447,0.522148045412447
102.69,-0.2,0.6305208773163224,0.6305208773163224
102.695,-0.2,0.4602927417516848,0.4602927417516848
102.7,-0.2,0.3275250824737532,0.3275250824737532
102.705,-0.2,-0.005947735797103337,-0.005947735797103337
102.71,-0.2,0.0641447329025493,0.0641447329025493
102.715,-0.2,-0.14990264044533808,-0.14990264044533808
102.72,-0.2,0.13718052428906855,0.13718052428906855
102.725,-0.2,0.4599176397073666,0.4599176397073666
102.73,-0.2,0.5908898139330665,0.5908898139330665
102.735,-0.2,0.2804707105640081,0.2804707105640081
102.74,-0.2,0.25084409583477374,0.25084409583477374
102.745,-0.2,-0.029217330312885807,-0.029217330312885807
102.75,-0.2,-0.18088009029173238,-0.18088009029173238
102.755,-0.2,0.07166528144206817,0.07166528144206817
102.76,-0.2,0.3934892587400579,0.3934892587400579
102.765,-0.2,0.37985056746334706,0.37985056746334706
102.77,-0.2,0.557187695395583,0.557187695395583
102.775,-0.2,0.23032971417942494,0.23032971417942494
102.78,-0.2,0.23038918606701186,0.23038918606701186
102.785,-0.2,0.05469924339672022,0.05469924339672022
102.79,-0.2,-0.2644396881350408,-0.2644396881350408
102.795,-0.2,0.05246026069657864,0.05246026069657864
102.8,-0.2,0.19749112236530947,0.19749112236530947
102.805,-0.2,0.5596965513272858,0.5596965513272858
102.81,-0.2,0.4911331728189877,0.4911331728189877
102.815,-0.2,0.4572480493730237,0.4572480493730237
102.82,-0.2,0.2521649533941948,0.2521649533941948
102.825,-0.2,-0.18200382149553868,-0.18200382149553868
102.83,-0.2,-0.10208989576031793,-0.10208989576031793
102.835,-0.2,0.2091769189399993,0.2091769189399993
102.84,-0.2,0.3816052187836986,0.3816052187836986
102.845,-0.2,0.31911361927142223,0.31911361927142223
102.85,-0.2,0.6209801779571915,0.6209801779571915
102.855,-0.2,0.4311362392124228,0.4311362392124228
102.86,-0.2,0.3600606017005614,0.3600606017005614
102.865,-0.2,-0.08325673414078191,-0.08325673414078191
102.87,-0.2,-0.06548183929223232,-0.06548183929223232
102.875,-0.2,-0.02966691244672874,-0.02966691244672874
102.88,-0.2,0.3167046681519009,0.3167046681519009
102.885,-0.2,0.504456396085765,0.504456396085765
102.89,-0.2,0.6643258040414641,0.6643258040414641
102.895,-0.2,0.5216959575101314,0.5216959575101314
102.9,-0.2,0.3746918180667,0.3746918180667
102.905,-0.2,0.10644495275327971,0.10644495275327971
102.91,-0.2,-0.07542392263582783,-0.07542392263582783
102.915,-0.2,-0.07626909967764778,-0.07626909967764778
102.92,-0.2,0.2594876840876872,0.2594876840876872
102.925,-0.2,0.5173385025928162,0.5173385025928162
102.93,-0.2,0.5373318049536888,0.5373318049536888
102.935,-0.2,0.5922440362894007,0.5922440362894007
102.94,-0.2,0.30249653913937424,0.30249653913937424
102.945,-0.2,0.15437537089326156,0.15437537089326156
102.95,-0.2,-0.06607998621571368,-0.06607998621571368
102.955,-0.2,0.07585694345209279,0.07585694345209279
102.96,-0.2,0.4748027872854325,0.4748027872854325
102.965,-0.2,0.5341664124962321,0.5341664124962321
102.97,-0.2,0.6017100070494933,0.6017100070494933
102.975,-0.2,0.49649539886743715,0.49649539886743715
102.98,-0.2,0.10113342020281654,0.10113342020281654
102.985,-0.2,0.0074030961151694274,0.0074030961151694274
102.99,-0.2,-0.14041901467450357,-0.14041901467450357
102.995,-0.2,0.017675424898398233,0.017675424898398233
103.0,-0.2,0.34041484792378884,0.34041484792378884
103.005,-0.2,0.5769826154702026,0.5769826154702026
103.01,-0.2,0.5983443667234113,0.5983443667234113
103.015,-0.2,0.48496344358323046,0.48496344358323046
103.02,-0.2,0.1145860340371701,0.1145860340371701
103.025,-0.2,0.03136361055849261,0.03136361055849261
103.03,-0.2,0.1008636633515955,0.1008636633515955
103.035,-0.2,-0.02120939403698069,-0.02120939403698069
103.04,-0.2,0.30518500591549946,0.30518500591549946
103.045,-0.2,0.49188031576450164,0.49188031576450164
103.05,-0.2,0.626455438632367,0.626455438632367
103.055,-0.2,0.4560628790487951,0.4560628790487951
103.06,-0.2,0.1767283923091455,0.1767283923091455
103.065,-0.2,0.20395567585494767,0.20395567585494767
103.07,-0.2,0.036221029650127856,0.036221029650127856
103.075,-0.2,0.039485249107185476,0.039485249107185476
103.08,-0.2,0.3761316377499596,0.3761316377499596
103.085,-0.2,0.643872767844385,0.643872767844385
103.09,-0.2,0.6422984761439381,0.6422984761439381
103.095,-0.2,0.4996025012463034,0.4996025012463034
103.1,-0.2,0.2626695517522105,0.2626695517522105
103.105,-0.2,0.018854350404335897,0.018854350404335897
103.11,-0.2,-0.007003681480916735,-0.007003681480916735
103.115,-0.2,-0.020795708805667584,-0.020795708805667584
103.12,-0.2,0.28065458922665387,0.28065458922665387
103.125,-0.2,0.41879531943060466,0.41879531943060466
103.13,-0.2,0.5123240889726508,0.5123240889726508
103.135,-0.2,0.5148568842450735,0.5148568842450735
103.14,-0.2,0.2875613916631389,0.2875613916631389
103.145,-0.2,0.17120818531784618,0.17120818531784618
103.15,-0.2,-0.18913304951114704,-0.18913304951114704
103.155,-0.2,-0.07154452959192796,-0.07154452959192796
103.16,-0.2,0.25976234163855516,0.25976234163855516
103.165,-0.2,0.48440129964415135,0.48440129964415135
103.17,-0.2,0.7392561348305035,0.7392561348305035
103.175,-0.2,0.43337776832761904,0.43337776832761904
103.18,-0.2,0.33902319906919964,0.33902319906919964
103.185,-0.2,-0.0698908549776834,-0.0698908549776834
103.19,-0.2,-0.19502543083197554,-0.19502543083197554
103.195,-0.2,0.04787684664747649,0.04787684664747649
103.2,-0.2,0.23210432006706322,0.23210432006706322
103.205,-0.2,0.5471434397845425,0.5471434397845425
103.21,-0.2,0.6109625191767408,0.6109625191767408
103.215,-0.2,0.4402125574423908,0.4402125574423908
103.22,-0.2,0.15960780011819137,0.15960780011819137
103.225,-0.2,-0.15514354586655804,-0.15514354586655804
103.23,-0.2,-0.12258809371012229,-0.12258809371012229
103.235,-0.2,0.07389881261613888,0.07389881261613888
103.24,-0.2,0.24297497090814507,0.24297497090814507
103.245,-0.2,0.5993899546081765,0.5993899546081765
103.25,-0.2,0.6271613031407587,0.6271613031407587
103.255,-0.2,0.41881810796913665,0.41881810796913665
103.26,-0.2,0.03219540864417797,0.03219540864417797
103.265,-0.2,-0.028503059538130267,-0.028503059538130267
103.27,-0.2,-0.09834298129616326,-0.09834298129616326
103.275,-0.2,0.05593348692502513,0.05593348692502513
103.28,-0.2,0.24997779488885086,0.24997779488885086
103.285,-0.2,0.5093825263428026,0.5093825263428026
103.29,-0.2,0.36924268451462294,0.36924268451462294
103.295,-0.2,0.4298640571342174,0.4298640571342174
103.3,-0.2,0.17747001022875245,0.17747001022875245
103.305,-0.2,0.10150415776460303,0.10150415776460303
103.31,-0.2,-0.1260316943366927,-0.1260316943366927
103.315,-0.2,-0.13982895924412442,-0.13982895924412442
103.32,-0.2,0.3426099145272228,0.3426099145272228
103.325,-0.2,0.5039665056762395,0.5039665056762395
103.33,-0.2,0.41300873303946617,0.41300873303946617
103.335,-0.2,0.5154041290646793,0.5154041290646793
103.34,-0.2,0.2580754405217459,0.2580754405217459
103.345,-0.2,-0.07202378702391725,-0.07202378702391725
103.35,-0.2,-0.08706188457561383,-0.08706188457561383
103.355,-0.2,0.0866535634209771,0.0866535634209771
103.36,-0.2,0.2463011615681893,0.2463011615681893
103.365,-0.2,0.7181296703687698,0.7181296703687698
103.37,-0.2,0.7161888381564101,0.7161888381564101
103.375,-0.2,0.2926517811115511,0.2926517811115511
103.38,-0.2,-0.02467102418977543,-0.02467102418977543
103.385,-0.2,-0.023574935349817715,-0.023574935349817715
103.39,-0.2,-0.043245218431315666,-0.043245218431315666
103.395,-0.2,-0.12084674569554779,-0.12084674569554779
103.4,-0.2,0.3167212577251858,0.3167212577251858
103.405,-0.2,0.606060941278786,0.606060941278786
103.41,-0.2,0.6169006144984153,0.6169006144984153
103.415,-0.2,0.4885472631685056,0.4885472631685056
103.42,-0.2,0.06927024547741674,0.06927024547741674
103.425,-0.2,-0.17541477546356438,-0.17541477546356438
103.43,-0.2,-0.26471882268336916,-0.26471882268336916
103.435,-0.2,-0.1382539291951038,-0.1382539291951038
103.44,-0.2,0.3513424224336118,0.3513424224336118
103.445,-0.2,0.39064292298239467,0.39064292298239467
103.45,-0.2,0.5839836279527989,0.5839836279527989
103.455,-0.2,0.2936750019695803,0.2936750019695803
103.46,-0.2,0.12110498430790326,0.12110498430790326
103.465,-0.2,-0.1026016342486845,-0.1026016342486845
103.47,-0.2,-0.2461983645589209,-0.2461983645589209
103.475,-0.2,0.02948916591274875,0.02948916591274875
103.48,-0.2,0.3024691905409114,0.3024691905409114
103.485,-0.2,0.3431611417559465,0.3431611417559465
103.49,-0.2,0.7752222168718461,0.7752222168718461
103.495,-0.2,0.38972860025643363,0.38972860025643363
103.5,-0.2,0.13899285864505032,0.13899285864505032
103.505,-0.2,0.019375263698805392,0.019375263698805392
103.51,-0.2,-0.19201899897983074,-0.19201899897983074
103.515,-0.2,0.01702968895595086,0.01702968895595086
103.52,-0.2,0.12688437378799322,0.12688437378799322
103.525,-0.2,0.3708943880008899,0.3708943880008899
103.53,-0.2,0.6029443564685443,0.6029443564685443
103.535,-0.2,0.49339507019290957,0.49339507019290957
103.54,-0.2,0.24179003445590158,0.24179003445590158
103.545,-0.2,-0.012970829290728902,-0.012970829290728902
103.55,-0.2,-0.10008708762169279,-0.10008708762169279
103.555,-0.2,-0.17474626592322987,-0.17474626592322987
103.56,-0.2,0.23310555954718915,0.23310555954718915
103.565,-0.2,0.40780877596541,0.40780877596541
103.57,-0.2,0.5537291010230491,0.5537291010230491
103.575,-0.2,0.39327735936225344,0.39327735936225344
103.58,-0.2,0.16941430177845812,0.16941430177845812
103.585,-0.2,-0.39778739601892876,-0.39778739601892876
103.59,-0.2,-0.14138191837116965,-0.14138191837116965
103.595,-0.2,0.003966266797780893,0.003966266797780893
103.6,-0.2,0.35409106210815366,0.35409106210815366
103.605,-0.2,0.5312045524580227,0.5312045524580227
103.61,-0.2,0.47785365527150153,0.47785365527150153
103.615,-0.2,0.41979392444879743,0.41979392444879743
103.62,-0.2,0.2575920487630377,0.2575920487630377
103.625,-0.2,-0.17571440207427313,-0.17571440207427313
103.63,-0.2,-0.2482695858642532,-0.2482695858642532
103.635,-0.2,-0.008371082164324545,-0.008371082164324545
103.64,-0.2,0.21992242419980565,0.21992242419980565
103.645,-0.2,0.37883944502519656,0.37883944502519656
103.65,-0.2,0.622399981269076,0.622399981269076
103.655,-0.2,0.49298736985736835,0.49298736985736835
103.66,-0.2,0.17588681348610513,0.17588681348610513
103.665,-0.2,-0.07357130245838552,-0.07357130245838552
103.67,-0.2,-0.32246651413558824,-0.32246651413558824
103.675,-0.2,-0.11107366892020734,-0.11107366892020734
103.68,-0.2,0.16749764236044282,0.16749764236044282
103.685,-0.2,0.5413600666682342,0.5413600666682342
103.69,-0.2,0.7370948671267648,0.7370948671267648
103.695,-0.2,0.3439824593844957,0.3439824593844957
103.7,-0.2,0.04965169949727313,0.04965169949727313
103.705,-0.2,0.014102487826959248,0.014102487826959248
103.71,-0.2,-0.11474715041740713,-0.11474715041740713
103.715,-0.2,-0.24649997378003458,-0.24649997378003458
103.72,-0.2,0.2857747855289152,0.2857747855289152
103.725,-0.2,0.4068014547731149,0.4068014547731149
103.73,-0.2,0.3916413833072552,0.3916413833072552
103.735,-0.2,0.33131989501293874,0.33131989501293874
103.74,-0.2,0.21834603715124593,0.21834603715124593
103.745,-0.2,0.002621812101171267,0.002621812101171267
103.75,-0.2,-0.31785746454488184,-0.31785746454488184
103.755,-0.2,-0.15448712422907396,-0.15448712422907396
103.76,-0.2,0.21543436949384973,0.21543436949384973
103.765,-0.2,0.38936207040783083,0.38936207040783083
103.77,-0.2,0.6842755704178203,0.6842755704178203
103.775,-0.2,0.46285261505698944,0.46285261505698944
103.78,-0.2,0.15348945909530412,0.15348945909530412
103.785,-0.2,-0.13787563540496978,-0.13787563540496978
103.79,-0.2,-0.1983526256879783,-0.1983526256879783
103.795,-0.2,-0.05965847571430552,-0.05965847571430552
103.8,-0.2,0.1381770463128618,0.1381770463128618
103.805,-0.2,0.49700889092616307,0.49700889092616307
103.81,-0.2,0.5810232663939413,0.5810232663939413
103.815,-0.2,0.4792441700949471,0.4792441700949471
103.82,-0.2,0.18194622412776967,0.18194622412776967
103.825,-0.2,-0.11224075796355387,-0.11224075796355387
103.83,-0.2,-0.3619804519048452,-0.3619804519048452
103.835,-0.2,0.11102874636026652,0.11102874636026652
103.84,-0.2,0.28338640220124134,0.28338640220124134
103.845,-0.2,0.42787228010814815,0.42787228010814815
103.85,-0.2,0.5425367512176834,0.5425367512176834
103.855,-0.2,0.6515569836185405,0.6515569836185405
103.86,-0.2,0.27834493977056657,0.27834493977056657
103.865,-0.2,-0.1531939580760057,-0.1531939580760057
103.87,-0.2,-0.05152289000045271,-0.05152289000045271
103.875,-0.2,0.19229261194235317,0.19229261194235317
103.88,-0.2,0.28707408543593593,0.28707408543593593
103.885,-0.2,0.5761032386299249,0.5761032386299249
103.89,-0.2,0.6242113649946738,0.6242113649946738
103.895,-0.2,0.3495463676285109,0.3495463676285109
103.9,-0.2,0.09160541323702262,0.09160541323702262
103.905,-0.2,-0.060947554159149944,-0.060947554159149944
103.91,-0.2,-0.019205717346414047,-0.019205717346414047
103.915,-0.2,-0.1629251998935694,-0.1629251998935694
103.92,-0.2,0.1641383181961838,0.1641383181961838
103.925,-0.2,0.7289848799569927,0.7289848799569927
103.93,-0.2,0.5277994647655372,0.5277994647655372
103.935,-0.2,0.4774896367396958,0.4774896367396958
103.94,-0.2,0.07796821163891796,0.07796821163891796
103.945,-0.2,0.0442838296803056,0.0442838296803056
103.95,-0.2,-0.10023165415809852,-0.10023165415809852
103.955,-0.2,0.0063395204716412135,0.0063395204716412135
103.96,-0.2,0.2753006007064613,0.2753006007064613
103.965,-0.2,0.42669823694148235,0.42669823694148235
103.97,-0.2,0.618479179232228,0.618479179232228
103.975,-0.2,0.49082246181313427,0.49082246181313427
103.98,-0.2,0.11206747875981368,0.11206747875981368
103.985,-0.2,-0.1535609270223282,-0.1535609270223282
103.99,-0.2,-0.19491384688082206,-0.19491384688082206
103.995,-0.2,0.008498248894446246,0.008498248894446246
104.0,-0.2,0.4330543669946394,0.4330543669946394
104.005,-0.2,0.4041801525836821,0.4041801525836821
104.01,-0.2,0.6332783700197259,0.6332783700197259
104.015,-0.2,0.5758454584227811,0.5758454584227811
104.02,-0.2,0.3157167099420507,0.3157167099420507
104.025,-0.2,-0.23400068219381984,-0.23400068219381984
104.03,-0.2,-0.33778113689445805,-0.33778113689445805
104.035,-0.2,-0.0004951693049713018,-0.0004951693049713018
104.04,-0.2,0.07085472020853045,0.07085472020853045
104.045,-0.2,0.5040894450304721,0.5040894450304721
104.05,-0.2,0.48341641212059705,0.48341641212059705
104.055,-0.2,0.5699334990064044,0.5699334990064044
104.06,-0.2,0.24060027970783093,0.24060027970783093
104.065,-0.2,0.08137738076848884,0.08137738076848884
104.07,-0.2,-0.39341300308545596,-0.39341300308545596
104.075,-0.2,0.08292455994857667,0.08292455994857667
104.08,-0.2,0.17910753116691847,0.17910753116691847
104.085,-0.2,0.3995971286212071,0.3995971286212071
104.09,-0.2,0.6046533872627584,0.6046533872627584
104.095,-0.2,0.4202568375382425,0.4202568375382425
104.1,-0.2,0.25141585306301995,0.25141585306301995
104.105,-0.2,-0.026653135085285655,-0.026653135085285655
104.11,-0.2,-0.24046614228991445,-0.24046614228991445
104.115,-0.2,0.02985009529816595,0.02985009529816595
104.12,-0.2,0.21066428845342777,0.21066428845342777
104.125,-0.2,0.5565537432338865,0.5565537432338865
104.13,-0.2,0.6944116850097355,0.6944116850097355
104.135,-0.2,0.4254654347109337,0.4254654347109337
104.14,-0.2,0.2836869384422639,0.2836869384422639
104.145,-0.2,-0.20895051090361902,-0.20895051090361902
104.15,-0.2,-0.005713581468453688,-0.005713581468453688
104.155,-0.2,-0.17088072707692897,-0.17088072707692897
104.16,-0.2,0.22243417118728429,0.22243417118728429
104.165,-0.2,0.4496836742982368,0.4496836742982368
104.17,-0.2,0.7247877063026066,0.7247877063026066
104.175,-0.2,0.5954511993137169,0.5954511993137169
104.18,-0.2,0.20751361062303084,0.20751361062303084
104.185,-0.2,-0.13045729552645333,-0.13045729552645333
104.19,-0.2,-0.17350268292809082,-0.17350268292809082
104.195,-0.2,-0.09890008989262236,-0.09890008989262236
104.2,-0.2,0.19084139850270732,0.19084139850270732
104.205,-0.2,0.576336260331815,0.576336260331815
104.21,-0.2,0.6093863333342902,0.6093863333342902
104.215,-0.2,0.4328417386967341,0.4328417386967341
104.22,-0.2,0.0022366639850605607,0.0022366639850605607
104.225,-0.2,0.016879003924213376,0.016879003924213376
104.23,-0.2,-0.008360747290845905,-0.008360747290845905
104.235,-0.2,-0.06082170275584094,-0.06082170275584094
104.24,-0.2,0.16427363455464014,0.16427363455464014
104.245,-0.2,0.5947592269235558,0.5947592269235558
104.25,-0.2,0.4396496187536322,0.4396496187536322
104.255,-0.2,0.4308930234113135,0.4308930234113135
104.26,-0.2,0.2320132225374905,0.2320132225374905
104.265,-0.2,-0.22021202206596976,-0.22021202206596976
104.27,-0.2,-0.03764305317552538,-0.03764305317552538
104.275,-0.2,-0.18911724234206134,-0.18911724234206134
104.28,-0.2,0.46314815944628934,0.46314815944628934
104.285,-0.2,0.47148581183066923,0.47148581183066923
104.29,-0.2,0.6206042575473444,0.6206042575473444
104.295,-0.2,0.1988551959728478,0.1988551959728478
104.3,-0.2,0.21670582807662334,0.21670582807662334
104.305,-0.2,-0.22083379988704782,-0.22083379988704782
104.31,-0.2,-0.18950953793825817,-0.18950953793825817
104.315,-0.2,-0.047959538481618436,-0.047959538481618436
104.32,-0.2,0.2596558396813344,0.2596558396813344
104.325,-0.2,0.4252739897478267,0.4252739897478267
104.33,-0.2,0.4340405603574755,0.4340405603574755
104.335,-0.2,0.4256124062110442,0.4256124062110442
104.34,-0.2,0.2621314523040361,0.2621314523040361
104.345,-0.2,-0.19042996771146387,-0.19042996771146387
104.35,-0.2,-0.2459825596185613,-0.2459825596185613
104.355,-0.2,-0.2101497629435999,-0.2101497629435999
104.36,-0.2,0.14768340930507667,0.14768340930507667
104.365,-0.2,0.29965371145753217,0.29965371145753217
104.37,-0.2,0.5854776057317603,0.5854776057317603
104.375,-0.2,0.3951587284471672,0.3951587284471672
104.38,-0.2,0.2028295438228072,0.2028295438228072
104.385,-0.2,-0.03395114475454849,-0.03395114475454849
104.39,-0.2,-0.32655744606008164,-0.32655744606008164
104.395,-0.2,0.16839495910981772,0.16839495910981772
104.4,-0.2,0.4867352741467944,0.4867352741467944
104.405,-0.2,0.4692888637747265,0.4692888637747265
104.41,-0.2,0.6360888353886895,0.6360888353886895
104.415,-0.2,0.5944431812541886,0.5944431812541886
104.42,-0.2,0.22975087559669163,0.22975087559669163
104.425,-0.2,-0.09662262201019277,-0.09662262201019277
104.43,-0.2,-0.2205017330923607,-0.2205017330923607
104.435,-0.2,-0.10958276176206067,-0.10958276176206067
104.44,-0.2,0.12190422453118849,0.12190422453118849
104.445,-0.2,0.459013094801617,0.459013094801617
104.45,-0.2,0.5840682002154216,0.5840682002154216
104.455,-0.2,0.6035780960539965,0.6035780960539965
104.46,-0.2,0.1695720335634376,0.1695720335634376
104.465,-0.2,0.26197938363013007,0.26197938363013007
104.47,-0.2,-0.192369370888035,-0.192369370888035
104.475,-0.2,-0.15507924347570037,-0.15507924347570037
104.48,-0.2,0.05919713261640777,0.05919713261640777
104.485,-0.2,0.39583856504897436,0.39583856504897436
104.49,-0.2,0.6177632108370811,0.6177632108370811
104.495,-0.2,0.624824446638357,0.624824446638357
104.5,-0.2,0.11701475029782007,0.11701475029782007
104.505,-0.2,0.041527372211784916,0.041527372211784916
104.51,-0.2,-0.10930272287477166,-0.10930272287477166
104.515,-0.2,-0.007930773062140323,-0.007930773062140323
104.52,-0.2,0.056720453218154304,0.056720453218154304
104.525,-0.2,0.524858177780419,0.524858177780419
104.53,-0.2,0.6574988911861683,0.6574988911861683
104.535,-0.2,0.3143259307529394,0.3143259307529394
104.54,-0.2,0.1313443525555036,0.1313443525555036
104.545,-0.2,-0.03422379630925915,-0.03422379630925915
104.55,-0.2,-0.06215149732334313,-0.06215149732334313
104.555,-0.2,-0.22738983343482286,-0.22738983343482286
104.56,-0.2,0.18319193581707352,0.18319193581707352
104.565,-0.2,0.373796155729225,0.373796155729225
104.57,-0.2,0.4735804190008511,0.4735804190008511
104.575,-0.2,0.45399917085787406,0.45399917085787406
104.58,-0.2,0.28639265204030756,0.28639265204030756
104.585,-0.2,-0.10544837014004829,-0.10544837014004829
104.59,-0.2,-0.30817276188110376,-0.30817276188110376
104.595,-0.2,0.024592557195187575,0.024592557195187575
104.6,-0.2,0.029871465537843506,0.029871465537843506
104.605,-0.2,0.39365302708365524,0.39365302708365524
104.61,-0.2,0.33964652566704334,0.33964652566704334
104.615,-0.2,0.4608944435133239,0.4608944435133239
104.62,-0.2,0.1697326659431015,0.1697326659431015
104.625,-0.2,0.07326669977597941,0.07326669977597941
104.63,-0.2,-0.2664707288970534,-0.2664707288970534
104.635,-0.2,-0.12092145162354054,-0.12092145162354054
104.64,-0.2,0.4106410797198804,0.4106410797198804
104.645,-0.2,0.5443568985345616,0.5443568985345616
104.65,-0.2,0.6456081941204643,0.6456081941204643
104.655,-0.2,0.630381318167482,0.630381318167482
104.66,-0.2,0.2438762698465414,0.2438762698465414
104.665,-0.2,-0.018780829849986178,-0.018780829849986178
104.67,-0.2,-0.14950430285636662,-0.14950430285636662
104.675,-0.2,-0.23699541965800225,-0.23699541965800225
104.68,-0.2,0.20687287779135932,0.20687287779135932
104.685,-0.2,0.2332332522698983,0.2332332522698983
104.69,-0.2,0.7631080813576638,0.7631080813576638
104.695,-0.2,0.3645328080253596,0.3645328080253596
104.7,-0.2,0.040563396266395324,0.040563396266395324
104.705,-0.2,-0.04417484069744775,-0.04417484069744775
104.71,-0.2,-0.2077775561756228,-0.2077775561756228
104.715,-0.2,-0.06129853361753725,-0.06129853361753725
104.72,-0.2,0.36323365240428634,0.36323365240428634
104.725,-0.2,0.44348388552826545,0.44348388552826545
104.73,-0.2,0.3889480947695747,0.3889480947695747
104.735,-0.2,0.34862794776703254,0.34862794776703254
104.74,-0.2,0.22269419530351175,0.22269419530351175
104.745,-0.2,-0.12005472877528925,-0.12005472877528925
104.75,-0.2,-0.23514333934831697,-0.23514333934831697
104.755,-0.2,-0.08793454665057843,-0.08793454665057843
104.76,-0.2,0.22200583441959826,0.22200583441959826
104.765,-0.2,0.5225147667797732,0.5225147667797732
104.77,-0.2,0.34617067283523667,0.34617067283523667
104.775,-0.2,0.6833116465241313,0.6833116465241313
104.78,-0.2,0.01472046961635981,0.01472046961635981
104.785,-0.2,-0.40221771347910146,-0.40221771347910146
104.79,-0.2,-0.04255768657117176,-0.04255768657117176
104.795,-0.2,-0.06613119900664106,-0.06613119900664106
104.8,-0.2,0.2431830490525036,0.2431830490525036
104.805,-0.2,0.26392180701513385,0.26392180701513385
104.81,-0.2,0.7254245097008313,0.7254245097008313
104.815,-0.2,0.2919233323364825,0.2919233323364825
104.82,-0.2,0.11716260309127044,0.11716260309127044
104.825,-0.2,-0.17169655218061447,-0.17169655218061447
104.83,-0.2,-0.17956210576042875,-0.17956210576042875
104.835,-0.2,-0.10751213527514838,-0.10751213527514838
104.84,-0.2,0.05730047753766465,0.05730047753766465
104.845,-0.2,0.4783444827248304,0.4783444827248304
104.85,-0.2,0.3172426284339906,0.3172426284339906
104.855,-0.2,0.3461200662733652,0.3461200662733652
104.86,-0.2,0.16837866335639345,0.16837866335639345
104.865,-0.2,-0.18413098656037086,-0.18413098656037086
104.87,-0.2,-0.21620156148483688,-0.21620156148483688
104.875,-0.2,-0.006442357179548969,-0.006442357179548969
104.88,-0.2,0.3120821837924018,0.3120821837924018
104.885,-0.2,0.5166916008362005,0.5166916008362005
104.89,-0.2,0.4959330404177888,0.4959330404177888
104.895,-0.2,0.40432100310884783,0.40432100310884783
104.9,-0.2,0.20481573155491045,0.20481573155491045
104.905,-0.2,-0.1004767539601489,-0.1004767539601489
104.91,-0.2,-0.15433291003541855,-0.15433291003541855
104.915,-0.2,-0.12178978821037259,-0.12178978821037259
104.92,-0.2,0.36873535688654946,0.36873535688654946
104.925,-0.2,0.2827535598422751,0.2827535598422751
104.93,-0.2,0.5046534314174674,0.5046534314174674
104.935,-0.2,0.6497989141355143,0.6497989141355143
104.94,-0.2,0.3001413008380701,0.3001413008380701
104.945,-0.2,0.06521656639823606,0.06521656639823606
104.95,-0.2,-0.1053037752158024,-0.1053037752158024
104.955,-0.2,-0.0758787421339644,-0.0758787421339644
104.96,-0.2,0.37554630460480776,0.37554630460480776
104.965,-0.2,0.35014651709793776,0.35014651709793776
104.97,-0.2,0.5436951034613224,0.5436951034613224
104.975,-0.2,0.4238315491434378,0.4238315491434378
104.98,-0.2,0.3809493476087882,0.3809493476087882
104.985,-0.2,0.01396777171336959,0.01396777171336959
104.99,-0.2,-0.10252280937174896,-0.10252280937174896
104.995,-0.2,0.055594565154550704,0.055594565154550704
105.0,-0.2,0.35859298198146633,0.35859298198146633
105.005,-0.2,0.39272194439518354,0.39272194439518354
105.01,-0.2,0.649200178029251,0.649200178029251
105.015,-0.2,0.6181520757761656,0.6181520757761656
105.02,-0.2,0.2079625682645772,0.2079625682645772
105.025,-0.2,-0.18702470707051927,-0.18702470707051927
105.03,-0.2,-0.06342742663360341,-0.06342742663360341
105.035,-0.2,0.06569583168018658,0.06569583168018658
105.04,-0.2,0.4514390689530646,0.4514390689530646
105.045,-0.2,0.5709899388187624,0.5709899388187624
105.05,-0.2,0.6058177778949592,0.6058177778949592
105.055,-0.2,0.5746479869836405,0.5746479869836405
105.06,-0.2,0.12285529174242987,0.12285529174242987
105.065,-0.2,-0.06059731637331179,-0.06059731637331179
105.07,-0.2,-0.04841467912654668,-0.04841467912654668
105.075,-0.2,0.11414801694895046,0.11414801694895046
105.08,-0.2,0.5034635901932728,0.5034635901932728
105.085,-0.2,0.48597475159895426,0.48597475159895426
105.09,-0.2,0.6542441575228543,0.6542441575228543
105.095,-0.2,0.43746025218431017,0.43746025218431017
105.1,-0.2,0.13151437852634373,0.13151437852634373
105.105,-0.2,0.047828628867376564,0.047828628867376564
105.11,-0.2,0.014142873761501945,0.014142873761501945
105.115,-0.2,-0.055052729507541476,-0.055052729507541476
105.12,-0.2,0.19608859917675067,0.19608859917675067
105.125,-0.2,0.7179462390235022,0.7179462390235022
105.13,-0.2,0.6645683139003965,0.6645683139003965
105.135,-0.2,0.5429017973321988,0.5429017973321988
105.14,-0.2,0.2854507192337674,0.2854507192337674
105.145,-0.2,-0.007357177350057184,-0.007357177350057184
105.15,-0.2,-0.06690690052165443,-0.06690690052165443
105.155,-0.2,-0.021157957056082394,-0.021157957056082394
105.16,-0.2,0.27760806777648245,0.27760806777648245
105.165,-0.2,0.5454900004179964,0.5454900004179964
105.17,-0.2,0.5962265194067651,0.5962265194067651
105.175,-0.2,0.4475862740360341,0.4475862740360341
105.18,-0.2,0.3008631487860257,0.3008631487860257
105.185,-0.2,-0.10604104430199783,-0.10604104430199783
105.19,-0.2,-0.15977238855022396,-0.15977238855022396
105.195,-0.2,0.08316644822088497,0.08316644822088497
105.2,-0.2,0.03007772672193465,0.03007772672193465
105.205,-0.2,0.4427242987270162,0.4427242987270162
105.21,-0.2,0.7196730049361253,0.7196730049361253
105.215,-0.2,0.5185927120616413,0.5185927120616413
105.22,-0.2,0.2991166253544744,0.2991166253544744
105.225,-0.2,-0.0126934457098381,-0.0126934457098381
105.23,-0.2,0.016866899416924402,0.016866899416924402
105.235,-0.2,-0.13992266290106725,-0.13992266290106725
105.24,-0.2,0.32231552107379197,0.32231552107379197
105.245,-0.2,0.37877869749277016,0.37877869749277016
105.25,-0.2,0.559294682874433,0.559294682874433
105.255,-0.2,0.4075708819132333,0.4075708819132333
105.26,-0.2,0.1767794457703884,0.1767794457703884
105.265,-0.2,0.0159000318087721,0.0159000318087721
105.27,-0.2,-0.22139804886917314,-0.22139804886917314
105.275,-0.2,-0.020270839929408764,-0.020270839929408764
105.28,-0.2,0.23658453552076153,0.23658453552076153
105.285,-0.2,0.6901785894721344,0.6901785894721344
105.29,-0.2,0.7091509192045153,0.7091509192045153
105.295,-0.2,0.32730074653227254,0.32730074653227254
105.3,-0.2,0.2677333286798782,0.2677333286798782
105.305,-0.2,-0.1660880473054363,-0.1660880473054363
105.31,-0.2,-0.17379991734713418,-0.17379991734713418
105.315,-0.2,-0.07756616275295888,-0.07756616275295888
105.32,-0.2,0.2062690600386501,0.2062690600386501
105.325,-0.2,0.34758931597860665,0.34758931597860665
105.33,-0.2,0.469771019984818,0.469771019984818
105.335,-0.2,0.5593276057668765,0.5593276057668765
105.34,-0.2,0.3209733642902402,0.3209733642902402
105.345,-0.2,-0.01998701646436757,-0.01998701646436757
105.35,-0.2,-0.13064498650899217,-0.13064498650899217
105.355,-0.2,0.11770736317283301,0.11770736317283301
105.36,-0.2,0.21513921912842668,0.21513921912842668
105.365,-0.2,0.5786960014607762,0.5786960014607762
105.37,-0.2,0.4368277046238581,0.4368277046238581
105.375,-0.2,0.4416345648742842,0.4416345648742842
105.38,-0.2,0.3917567831444271,0.3917567831444271
105.385,-0.2,-0.05255256260164631,-0.05255256260164631
105.39,-0.2,0.010375996311215108,0.010375996311215108
105.395,-0.2,-0.18560755310808114,-0.18560755310808114
105.4,-0.2,0.14483981439881188,0.14483981439881188
105.405,-0.2,0.7073247254215589,0.7073247254215589
105.41,-0.2,0.6571851613853839,0.6571851613853839
105.415,-0.2,0.5113505134777656,0.5113505134777656
105.42,-0.2,0.18587862660712878,0.18587862660712878
105.425,-0.2,-0.02723345383499224,-0.02723345383499224
105.43,-0.2,-0.10158538583197041,-0.10158538583197041
105.435,-0.2,-0.14227932338456936,-0.14227932338456936
105.44,-0.2,0.33796144489342195,0.33796144489342195
105.445,-0.2,0.5550113601430873,0.5550113601430873
105.45,-0.2,0.6367295363136919,0.6367295363136919
105.455,-0.2,0.45922524806777704,0.45922524806777704
105.46,-0.2,0.08053236786407003,0.08053236786407003
105.465,-0.2,-0.06458008633344728,-0.06458008633344728
105.47,-0.2,-0.15434381133410632,-0.15434381133410632
105.475,-0.2,0.05759045952027534,0.05759045952027534
105.48,-0.2,0.2748599241310967,0.2748599241310967
105.485,-0.2,0.46405193372432546,0.46405193372432546
105.49,-0.2,0.7013030785401404,0.7013030785401404
105.495,-0.2,0.5032983808574738,0.5032983808574738
105.5,-0.2,0.20167868841081232,0.20167868841081232
105.505,-0.2,-0.05037620065343217,-0.05037620065343217
105.51,-0.2,-0.12143283701297806,-0.12143283701297806
105.515,-0.2,-0.0646846788277429,-0.0646846788277429
105.52,-0.2,0.33860249099083856,0.33860249099083856
105.525,-0.2,0.6285854695848682,0.6285854695848682
105.53,-0.2,0.693502352511687,0.693502352511687
105.535,-0.2,0.43194138341933974,0.43194138341933974
105.54,-0.2,0.2280825201212468,0.2280825201212468
105.545,-0.2,0.030810373590400106,0.030810373590400106
105.55,-0.2,-0.18684358291022907,-0.18684358291022907
105.555,-0.2,-0.025902506725421076,-0.025902506725421076
105.56,-0.2,0.17279396331236002,0.17279396331236002
105.565,-0.2,0.41708784823417155,0.41708784823417155
105.57,-0.2,0.5903854145439096,0.5903854145439096
105.575,-0.2,0.6142397102325523,0.6142397102325523
105.58,-0.2,0.18328415870000875,0.18328415870000875
105.585,-0.2,-0.02863700969106718,-0.02863700969106718
105.59,-0.2,0.12328539222802518,0.12328539222802518
105.595,-0.2,0.0261376416963911,0.0261376416963911
105.6,-0.2,0.23618696342869594,0.23618696342869594
105.605,-0.2,0.3809260574328228,0.3809260574328228
105.61,-0.2,0.6063927818670161,0.6063927818670161
105.615,-0.2,0.42013707496109076,0.42013707496109076
105.62,-0.2,0.43374366457786984,0.43374366457786984
105.625,-0.2,-0.011423262987996268,-0.011423262987996268
105.63,-0.2,-0.12070628016162989,-0.12070628016162989
105.635,-0.2,-0.13745978009840104,-0.13745978009840104
105.64,-0.2,0.20104245961112188,0.20104245961112188
105.645,-0.2,0.41448269720096786,0.41448269720096786
105.65,-0.2,0.5859374947584082,0.5859374947584082
105.655,-0.2,0.43770261450826237,0.43770261450826237
105.66,-0.2,0.07664747402468816,0.07664747402468816
105.665,-0.2,0.04059536024373391,0.04059536024373391
105.67,-0.2,-0.07152357856992414,-0.07152357856992414
105.675,-0.2,-0.09278809167190605,-0.09278809167190605
105.68,-0.2,0.230441117015878,0.230441117015878
105.685,-0.2,0.4569903846730787,0.4569903846730787
105.69,-0.2,0.7628391105558554,0.7628391105558554
105.695,-0.2,0.43921300606474317,0.43921300606474317
105.7,-0.2,0.24129507829313537,0.24129507829313537
105.705,-0.2,0.002396898679458942,0.002396898679458942
105.71,-0.2,-0.10048341350408545,-0.10048341350408545
105.715,-0.2,0.16753131013605904,0.16753131013605904
105.72,-0.2,0.2610038784278968,0.2610038784278968
105.725,-0.2,0.5627269732973802,0.5627269732973802
105.73,-0.2,0.6153901109501156,0.6153901109501156
105.735,-0.2,0.5910759837434647,0.5910759837434647
105.74,-0.2,0.2817673554086676,0.2817673554086676
105.745,-0.2,0.02853297720180798,0.02853297720180798
105.75,-0.2,-0.032168794193081995,-0.032168794193081995
105.755,-0.2,-0.008951684797549032,-0.008951684797549032
105.76,-0.2,0.19911572200394356,0.19911572200394356
105.765,-0.2,0.37783399334377643,0.37783399334377643
105.77,-0.2,0.5624697382879558,0.5624697382879558
105.775,-0.2,0.5322877203665209,0.5322877203665209
105.78,-0.2,0.18074925131990066,0.18074925131990066
105.785,-0.2,-0.01983814833024686,-0.01983814833024686
105.79,-0.2,-0.24532136468420251,-0.24532136468420251
105.795,-0.2,-0.031773863402051246,-0.031773863402051246
105.8,-0.2,0.15779989499169192,0.15779989499169192
105.805,-0.2,0.5837696210860125,0.5837696210860125
105.81,-0.2,0.8220222816590992,0.8220222816590992
105.815,-0.2,0.2951432450354283,0.2951432450354283
105.82,-0.2,0.2720907634357411,0.2720907634357411
105.825,-0.2,-0.12834770191376466,-0.12834770191376466
105.83,-0.2,-0.2721460541787434,-0.2721460541787434
105.835,-0.2,0.07020967711121119,0.07020967711121119
105.84,-0.2,0.347535746898299,0.347535746898299
105.845,-0.2,0.4099878538607221,0.4099878538607221
105.85,-0.2,0.5645177948957089,0.5645177948957089
105.855,-0.2,0.4856234386292552,0.4856234386292552
105.86,-0.2,0.12007616442143612,0.12007616442143612
105.865,-0.2,0.006695702186726535,0.006695702186726535
105.87,-0.2,-0.25263292880930754,-0.25263292880930754
105.875,-0.2,0.07490853248389873,0.07490853248389873
105.88,-0.2,0.3553358216249327,0.3553358216249327
105.885,-0.2,0.3014897124993256,0.3014897124993256
105.89,-0.2,0.6923887450111633,0.6923887450111633
105.895,-0.2,0.5454392714544977,0.5454392714544977
105.9,-0.2,0.4447231269055224,0.4447231269055224
105.905,-0.2,-0.08965559361549699,-0.08965559361549699
105.91,-0.2,-0.073844973556175,-0.073844973556175
105.915,-0.2,0.14586447523450122,0.14586447523450122
105.92,-0.2,0.05281772847052818,0.05281772847052818
105.925,-0.2,0.2441558741913693,0.2441558741913693
105.93,-0.2,0.6295734148765318,0.6295734148765318
105.935,-0.2,0.46082206639138573,0.46082206639138573
105.94,-0.2,0.2712483701027797,0.2712483701027797
105.945,-0.2,0.13372317554904062,0.13372317554904062
105.95,-0.2,-0.16965159247495595,-0.16965159247495595
105.955,-0.2,-0.09086397214511721,-0.09086397214511721
105.96,-0.2,0.30112582965718826,0.30112582965718826
105.965,-0.2,0.5079342182584107,0.5079342182584107
105.97,-0.2,0.759897823260544,0.759897823260544
105.975,-0.2,0.4352683187736772,0.4352683187736772
105.98,-0.2,0.12269511744518428,0.12269511744518428
105.985,-0.2,-0.07625495397540258,-0.07625495397540258
105.99,-0.2,-0.06462543592547315,-0.06462543592547315
105.995,-0.2,-0.012984631056650882,-0.012984631056650882
106.0,-0.2,0.09756973504436278,0.09756973504436278
106.005,-0.2,0.4586419451922301,0.4586419451922301
106.01,-0.2,0.44933527602060286,0.44933527602060286
106.015,-0.2,0.40067223987909817,0.40067223987909817
106.02,-0.2,0.1915345896448491,0.1915345896448491
106.025,-0.2,0.041746567874753976,0.041746567874753976
106.03,-0.2,-0.29684837264810376,-0.29684837264810376
106.035,-0.2,0.0036583677941663534,0.0036583677941663534
106.04,-0.2,0.11761608881290125,0.11761608881290125
106.045,-0.2,0.40892744202563003,0.40892744202563003
106.05,-0.2,0.6082646666617163,0.6082646666617163
106.055,-0.2,0.44281408330455746,0.44281408330455746
106.06,-0.2,0.17630294629664411,0.17630294629664411
106.065,-0.2,-0.11286274391026474,-0.11286274391026474
106.07,-0.2,-0.18789414244214478,-0.18789414244214478
106.075,-0.2,-0.11321947427703151,-0.11321947427703151
106.08,-0.2,0.059261492513488084,0.059261492513488084
106.085,-0.2,0.42272223943575027,0.42272223943575027
106.09,-0.2,0.5580487851164995,0.5580487851164995
106.095,-0.2,0.5624804869605285,0.5624804869605285
106.1,-0.2,0.19014921594796766,0.19014921594796766
106.105,-0.2,-0.2119761509098417,-0.2119761509098417
106.11,-0.2,-0.22400564927648156,-0.22400564927648156
106.115,-0.2,-0.1358216178630845,-0.1358216178630845
106.12,-0.2,0.2540576846371541,0.2540576846371541
106.125,-0.2,0.4063935590346266,0.4063935590346266
106.13,-0.2,0.6129343673087796,0.6129343673087796
106.135,-0.2,0.4580734157156289,0.4580734157156289
106.14,-0.2,0.14668817296085113,0.14668817296085113
106.145,-0.2,0.020987668491974115,0.020987668491974115
106.15,-0.2,-0.3198781892853951,-0.3198781892853951
106.155,-0.2,0.14295309060177208,0.14295309060177208
106.16,-0.2,0.07832032330337016,0.07832032330337016
106.165,-0.2,0.4801129010417045,0.4801129010417045
106.17,-0.2,0.6948556376734543,0.6948556376734543
106.175,-0.2,0.5470825505656964,0.5470825505656964
106.18,-0.2,0.1371635025246128,0.1371635025246128
106.185,-0.2,-0.06422014006986095,-0.06422014006986095
106.19,-0.2,-0.1169095938688166,-0.1169095938688166
106.195,-0.2,0.03860713194073878,0.03860713194073878
106.2,-0.2,-0.019605443000209832,-0.019605443000209832
106.205,-0.2,0.5167014844837168,0.5167014844837168
106.21,-0.2,0.5132908938900616,0.5132908938900616
106.215,-0.2,0.3989687175534865,0.3989687175534865
106.22,-0.2,0.33905565692002904,0.33905565692002904
106.225,-0.2,-0.011987057721527646,-0.011987057721527646
106.23,-0.2,-0.2518094368639049,-0.2518094368639049
106.235,-0.2,-0.034496708431000334,-0.034496708431000334
106.24,-0.2,0.10874801648338928,0.10874801648338928
106.245,-0.2,0.4491984115009341,0.4491984115009341
106.25,-0.2,0.7125532173561848,0.7125532173561848
106.255,-0.2,0.33968977756282337,0.33968977756282337
106.26,-0.2,0.1934879679872202,0.1934879679872202
106.265,-0.2,-0.05663775510825306,-0.05663775510825306
106.27,-0.2,-0.21477431082070458,-0.21477431082070458
106.275,-0.2,-0.11174030757630135,-0.11174030757630135
106.28,-0.2,0.2052299121632578,0.2052299121632578
106.285,-0.2,0.34496507298247114,0.34496507298247114
106.29,-0.2,0.42887118374049593,0.42887118374049593
106.295,-0.2,0.3142849070191866,0.3142849070191866
106.3,-0.2,0.20580190273207072,0.20580190273207072
106.305,-0.2,-0.10027630774445351,-0.10027630774445351
106.31,-0.2,-0.32179364271063676,-0.32179364271063676
106.315,-0.2,-0.01877092537340421,-0.01877092537340421
106.32,-0.2,0.14884651394352416,0.14884651394352416
106.325,-0.2,0.41972883944588246,0.41972883944588246
106.33,-0.2,0.32190026255551646,0.32190026255551646
106.335,-0.2,0.4517349880404218,0.4517349880404218
106.34,-0.2,0.13620289006842368,0.13620289006842368
106.345,-0.2,-0.12745222180291327,-0.12745222180291327
106.35,-0.2,-0.20764105289773188,-0.20764105289773188
106.355,-0.2,0.16506732559881968,0.16506732559881968
106.36,-0.2,0.3875469851823488,0.3875469851823488
106.365,-0.2,0.6725193023496747,0.6725193023496747
106.37,-0.2,0.488424737701966,0.488424737701966
106.375,-0.2,0.3846422103028842,0.3846422103028842
106.38,-0.2,0.19163603233979626,0.19163603233979626
106.385,-0.2,0.08771291091080319,0.08771291091080319
106.39,-0.2,-0.002549898015077545,-0.002549898015077545
106.395,-0.2,0.04916066717197459,0.04916066717197459
106.4,-0.2,0.2938723087700827,0.2938723087700827
106.405,-0.2,0.5659962887579234,0.5659962887579234
106.41,-0.2,0.6674640911907539,0.6674640911907539
106.415,-0.2,0.5051669817961013,0.5051669817961013
106.42,-0.2,0.1633959398085951,0.1633959398085951
106.425,-0.2,-0.0033897465632649615,-0.0033897465632649615
106.43,-0.2,-0.1364000024110271,-0.1364000024110271
106.435,-0.2,-0.013301993365616015,-0.013301993365616015
106.44,-0.2,0.43112295999880956,0.43112295999880956
106.445,-0.2,0.5259367801033569,0.5259367801033569
106.45,-0.2,0.6653128542590119,0.6653128542590119
106.455,-0.2,0.5601281074143607,0.5601281074143607
106.46,-0.2,0.2264200241865738,0.2264200241865738
106.465,-0.2,-0.02581912482634213,-0.02581912482634213
106.47,-0.2,-0.24211147043044798,-0.24211147043044798
106.475,-0.2,-0.26514252853943654,-0.26514252853943654
106.48,-0.2,0.20345461037507853,0.20345461037507853
106.485,-0.2,0.6966547393446831,0.6966547393446831
106.49,-0.2,0.689915194358703,0.689915194358703
106.495,-0.2,0.41953861761154476,0.41953861761154476
106.5,-0.2,0.21106841204724153,0.21106841204724153
106.505,-0.2,-0.08364061323202687,-0.08364061323202687
106.51,-0.2,-0.3620047113719242,-0.3620047113719242
106.515,-0.2,0.16650710936774216,0.16650710936774216
106.52,-0.2,0.18118957436399877,0.18118957436399877
106.525,-0.2,0.6292801112761919,0.6292801112761919
106.53,-0.2,0.6303772182408238,0.6303772182408238
106.535,-0.2,0.40344852113008756,0.40344852113008756
106.54,-0.2,0.2768481443622637,0.2768481443622637
106.545,-0.2,-0.2636125859743502,-0.2636125859743502
106.55,-0.2,-0.15379787607017203,-0.15379787607017203
106.555,-0.2,0.160012980777863,0.160012980777863
106.56,-0.2,0.38619542694801456,0.38619542694801456
106.565,-0.2,0.48603095993517015,0.48603095993517015
106.57,-0.2,0.4036212205037861,0.4036212205037861
106.575,-0.2,0.4394072235026039,0.4394072235026039
106.58,-0.2,0.20085825023318318,0.20085825023318318
106.585,-0.2,-0.14470564939322816,-0.14470564939322816
106.59,-0.2,-0.28415152054040493,-0.28415152054040493
106.595,-0.2,0.1264524169258761,0.1264524169258761
106.6,-0.2,0.15009357607689736,0.15009357607689736
106.605,-0.2,0.50430205255597,0.50430205255597
106.61,-0.2,0.5069930441425403,0.5069930441425403
106.615,-0.2,0.5736844216492315,0.5736844216492315
106.62,-0.2,0.3429609917905705,0.3429609917905705
106.625,-0.2,-0.0768028567249109,-0.0768028567249109
106.63,-0.2,-0.1090515200680908,-0.1090515200680908
106.635,-0.2,0.14162423365435087,0.14162423365435087
106.64,-0.2,0.3949550212712759,0.3949550212712759
106.645,-0.2,0.37161682920025285,0.37161682920025285
106.65,-0.2,0.5153100047602678,0.5153100047602678
106.655,-0.2,0.5791861841324906,0.5791861841324906
106.66,-0.2,0.3167396531600564,0.3167396531600564
106.665,-0.2,0.09457022428971862,0.09457022428971862
106.67,-0.2,-0.13600723517381794,-0.13600723517381794
106.675,-0.2,0.05351338646788578,0.05351338646788578
106.68,-0.2,0.24618498122763982,0.24618498122763982
106.685,-0.2,0.590122266576676,0.590122266576676
106.69,-0.2,0.733998321925498,0.733998321925498
106.695,-0.2,0.420024122187662,0.420024122187662
106.7,-0.2,0.23520455321131975,0.23520455321131975
106.705,-0.2,-0.1561361492069216,-0.1561361492069216
106.71,-0.2,-0.34795272063560234,-0.34795272063560234
106.715,-0.2,-0.02114651146514609,-0.02114651146514609
106.72,-0.2,0.05818589871833604,0.05818589871833604
106.725,-0.2,0.3517762405832905,0.3517762405832905
106.73,-0.2,0.569662859952446,0.569662859952446
106.735,-0.2,0.667235208066936,0.667235208066936
106.74,-0.2,0.22633572787747952,0.22633572787747952
106.745,-0.2,-0.06315912304893591,-0.06315912304893591
106.75,-0.2,-0.13259105958017348,-0.13259105958017348
106.755,-0.2,-0.017257872056561846,-0.017257872056561846
106.76,-0.2,0.07345956083094682,0.07345956083094682
106.765,-0.2,0.42684776317889417,0.42684776317889417
106.77,-0.2,0.5340673899111016,0.5340673899111016
106.775,-0.2,0.574694818533373,0.574694818533373
106.78,-0.2,0.11875300089713978,0.11875300089713978
106.785,-0.2,0.025178368710080834,0.025178368710080834
106.79,-0.2,-0.1250635228433758,-0.1250635228433758
106.795,-0.2,0.012847369773254458,0.012847369773254458
106.8,-0.2,0.02137558666073261,0.02137558666073261
106.805,-0.2,0.25843810709918225,0.25843810709918225
106.81,-0.2,0.4829654237696237,0.4829654237696237
106.815,-0.2,0.45289911913425906,0.45289911913425906
106.82,-0.2,0.23397550218552005,0.23397550218552005
106.825,-0.2,0.05051866134582987,0.05051866134582987
106.83,-0.2,-0.23102916879304197,-0.23102916879304197
106.835,-0.2,-0.01812569077419908,-0.01812569077419908
106.84,-0.2,0.04015192353712273,0.04015192353712273
106.845,-0.2,0.5305994116980365,0.5305994116980365
