t,reference,measured,noisy
65.86,0.2,0.20409191213856145,0.20409191213856145
65.864999999,0.2,-0.2353252387990123,-0.2353252387990123
65.87,0.2,-0.4055150551205121,-0.4055150551205121
65.875,0.2,-0.05754994923475748,-0.05754994923475748
65.879999999,0.2,-0.024355915031503535,-0.024355915031503535
65.885,0.2,0.27914246983896573,0.27914246983896573
65.89,0.2,0.2555232544317216,0.2555232544317216
65.894999999,0.2,0.32329538819981696,0.32329538819981696
65.9,0.2,-0.026284609478828734,-0.026284609478828734
65.905,0.2,-0.19620992988037278,-0.19620992988037278
65.91,0.2,-0.2995979907457423,-0.2995979907457423
65.915,0.2,-0.20939715726145444,-0.20939715726145444
65.92,0.2,0.089722657812557,0.089722657812557
65.925,0.2,0.2852076424272525,0.2852076424272525
65.93,0.2,0.4837058059296524,0.4837058059296524
65.935,0.2,0.2905560290644624,0.2905560290644624
65.94,0.2,-0.18905038375927172,-0.18905038375927172
65.944999999,0.2,-0.37743908685906724,-0.37743908685906724
65.95,0.2,-0.259749744109638,-0.259749744109638
65.955,0.2,-0.2801092765403484,-0.2801092765403484
65.959999999,0.2,-0.029758934744958,-0.029758934744958
65.965,0.2,0.3778303578124348,0.3778303578124348
65.97,0.2,0.3699881726950779,0.3699881726950779
65.974999999,0.2,0.23727403261196356,0.23727403261196356
65.98,0.2,-0.03252840867731385,-0.03252840867731385
65.985,0.2,-0.27512945707769587,-0.27512945707769587
65.989999999,0.2,-0.34565891871557425,-0.34565891871557425
65.995,0.2,-0.05476385829797392,-0.05476385829797392
66.0,0.2,0.06033503600674992,0.06033503600674992
66.004999999,0.2,0.2801258542386704,0.2801258542386704
66.01,0.2,0.39282297394895377,0.39282297394895377
66.015,0.2,0.25005180685855244,0.25005180685855244
66.019999999,0.2,0.13369272185557055,0.13369272185557055
66.025,0.2,-0.4048919439248827,-0.4048919439248827
66.03,0.2,-0.40388272768549105,-0.40388272768549105
66.035,0.2,-0.23364292711872817,-0.23364292711872817
66.04,0.2,0.3352660872569737,0.3352660872569737
66.045,0.2,0.3495792836395604,0.3495792836395604
66.05,0.2,0.589997024968857,0.589997024968857
66.055,0.2,0.48880177380870093,0.48880177380870093
66.06,0.2,0.08436024679668128,0.08436024679668128
66.065,0.2,-0.11150113350894796,-0.11150113350894796
66.069999999,0.2,-0.06924282680887939,-0.06924282680887939
66.075,0.2,-0.2312270052515333,-0.2312270052515333
66.08,0.2,0.09852539299171187,0.09852539299171187
66.084999999,0.2,0.4966375687354162,0.4966375687354162
66.09,0.2,0.37517535266807367,0.37517535266807367
66.095,0.2,0.6675446231582944,0.6675446231582944
66.099999999,0.2,0.03636718633716843,0.03636718633716843
66.105,0.2,0.006114132238078607,0.006114132238078607
66.11,0.2,-0.15549463477611677,-0.15549463477611677
66.114999999,0.2,-0.03366336537675263,-0.03366336537675263
66.12,0.2,-0.10041126492113941,-0.10041126492113941
66.125,0.2,0.43533105069297723,0.43533105069297723
66.129999999,0.2,0.5496867605934375,0.5496867605934375
66.135,0.2,0.4292996516120586,0.4292996516120586
66.14,0.2,0.1274892281384583,0.1274892281384583
66.144999999,0.2,-0.1910806094891822,-0.1910806094891822
66.15,0.2,-0.12344898505019566,-0.12344898505019566
66.155,0.2,-0.022876253290651904,-0.022876253290651904
66.16,0.2,0.1344444307473326,0.1344444307473326
66.165,0.2,0.36112971871712995,0.36112971871712995
66.17,0.2,0.3593471231996487,0.3593471231996487
66.175,0.2,0.4140736392837236,0.4140736392837236
66.18,0.2,0.14370325941508638,0.14370325941508638
66.185,0.2,-0.03413981828734544,-0.03413981828734544
66.19,0.2,-0.13943336416251456,-0.13943336416251456
66.194999999,0.2,-0.09672479258604832,-0.09672479258604832
66.2,0.2,0.018724618879752353,0.018724618879752353
66.205,0.2,0.298048174497495,0.298048174497495
66.209999999,0.2,0.6228488648793613,0.6228488648793613
66.215,0.2,0.4866315180299949,0.4866315180299949
66.22,0.2,0.18686399060822229,0.18686399060822229
66.224999999,0.2,-0.10907920409339825,-0.10907920409339825
66.23,0.2,-0.3433574633229492,-0.3433574633229492
66.235,0.2,-0.06305677091737263,-0.06305677091737263
66.239999999,0.2,0.1210073107564411,0.1210073107564411
66.245,0.2,0.44941612328269576,0.44941612328269576
66.25,0.2,0.528567114454322,0.528567114454322
66.254999999,0.2,0.23128722813408148,0.23128722813408148
66.26,0.2,0.3133402836598286,0.3133402836598286
66.265,0.2,-0.1434064408334649,-0.1434064408334649
66.269999999,0.2,-0.27180461149524676,-0.27180461149524676
66.275,0.2,-0.1238760239887603,-0.1238760239887603
66.28,0.2,0.07136122975671913,0.07136122975671913
66.285,0.2,0.31979293633984013,0.31979293633984013
66.29,0.2,0.4493884523814317,0.4493884523814317
66.295,0.2,0.2871669365771015,0.2871669365771015
66.3,0.2,0.20707808983662873,0.20707808983662873
66.305,0.2,-0.3417588161321612,-0.3417588161321612
66.31,0.2,-0.29034280607901874,-0.29034280607901874
66.315,0.2,0.060183745679774706,0.060183745679774706
66.319999999,0.2,0.27610518294637054,0.27610518294637054
66.325,0.2,0.4010529978231424,0.4010529978231424
66.33,0.2,0.6144075800274683,0.6144075800274683
66.334999999,0.2,0.34255793596929723,0.34255793596929723
66.34,0.2,0.2207973790086578,0.2207973790086578
66.345,0.2,-0.1342038064239327,-0.1342038064239327
66.349999999,0.2,-0.07776677714977025,-0.07776677714977025
66.355,0.2,-0.009000464460949414,-0.009000464460949414
66.36,0.2,0.2208532762669996,0.2208532762669996
66.364999999,0.2,0.4946851708437014,0.4946851708437014
66.37,0.2,0.3869578016399553,0.3869578016399553
66.375,0.2,0.3185173904064855,0.3185173904064855
66.379999999,0.2,0.032504246000871845,0.032504246000871845
66.385,0.2,-0.14227863114353495,-0.14227863114353495
66.39,0.2,-0.2587465175412494,-0.2587465175412494
66.394999999,0.2,-0.20371017751886805,-0.20371017751886805
66.4,0.2,0.24659845166217523,0.24659845166217523
66.405,0.2,0.6242443862707647,0.6242443862707647
66.41,0.2,0.43759490649169636,0.43759490649169636
66.415,0.2,0.2252568419368086,0.2252568419368086
66.42,0.2,0.26255745952249065,0.26255745952249065
66.425,0.2,-0.17854522481451982,-0.17854522481451982
66.43,0.2,-0.38367715081124043,-0.38367715081124043
66.435,0.2,-0.15551283771640081,-0.15551283771640081
66.44,0.2,0.08640484144329343,0.08640484144329343
66.444999999,0.2,0.5242577596127727,0.5242577596127727
66.45,0.2,0.3546576395897161,0.3546576395897161
66.455,0.2,0.29370565884112776,0.29370565884112776
66.459999999,0.2,0.12741946626628323,0.12741946626628323
66.465,0.2,-0.12140115129244385,-0.12140115129244385
66.47,0.2,-0.32000830714906914,-0.32000830714906914
66.474999999,0.2,-0.1828119894124723,-0.1828119894124723
66.48,0.2,0.1729881800225019,0.1729881800225019
66.485,0.2,0.4230262618199591,0.4230262618199591
66.489999999,0.2,0.44816050980234545,0.44816050980234545
66.495,0.2,0.5364947891814347,0.5364947891814347
66.5,0.2,0.20376172911703552,0.20376172911703552
66.504999999,0.2,-0.03847069550286114,-0.03847069550286114
66.51,0.2,-0.06256245117841835,-0.06256245117841835
66.515,0.2,0.12010273683269583,0.12010273683269583
66.519999999,0.2,0.11136025152314591,0.11136025152314591
66.525,0.2,0.3586109321693267,0.3586109321693267
66.53,0.2,0.7187678943585362,0.7187678943585362
66.535,0.2,0.4505826761303973,0.4505826761303973
66.54,0.2,0.2356915886594288,0.2356915886594288
66.545,0.2,-0.10291492678522954,-0.10291492678522954
66.55,0.2,-0.21936556318858585,-0.21936556318858585
66.555,0.2,0.0065926443180234495,0.0065926443180234495
66.56,0.2,0.21148849005364953,0.21148849005364953
66.565,0.2,0.3442174510052979,0.3442174510052979
66.569999999,0.2,0.5061344148183266,0.5061344148183266
66.575,0.2,0.5381365014056249,0.5381365014056249
66.58,0.2,0.1852062911184723,0.1852062911184723
66.584999999,0.2,-0.061527181316388874,-0.061527181316388874
66.59,0.2,-0.14621114153326223,-0.14621114153326223
66.595,0.2,-0.10828956745804523,-0.10828956745804523
66.599999999,0.2,0.23365946243240585,0.23365946243240585
66.605,0.2,0.550998972598207,0.550998972598207
66.61,0.2,0.7198290642256869,0.7198290642256869
66.614999999,0.2,0.5604883514812022,0.5604883514812022
66.62,0.2,0.16901095743347544,0.16901095743347544
66.625,0.2,0.07445887922638592,0.07445887922638592
66.629999999,0.2,-0.16685331737540268,-0.16685331737540268
66.635,0.2,0.06421154401790043,0.06421154401790043
66.64,0.2,0.29533232306060503,0.29533232306060503
66.644999999,0.2,0.5621606529770191,0.5621606529770191
66.65,0.2,0.585309436013953,0.585309436013953
66.655,0.2,0.6481649143946259,0.6481649143946259
66.66,0.2,0.1029829719784028,0.1029829719784028
66.665,0.2,-0.17847290061406546,-0.17847290061406546
66.67,0.2,-0.11930145157699168,-0.11930145157699168
66.675,0.2,-0.22163820102426052,-0.22163820102426052
66.68,0.2,0.12943386988047514,0.12943386988047514
66.685,0.2,0.6319850907887028,0.6319850907887028
66.69,0.2,0.6672827214625889,0.6672827214625889
66.694999999,0.2,0.595779107697985,0.595779107697985
66.7,0.2,0.2603135263653845,0.2603135263653845
66.705,0.2,-0.1639073884032392,-0.1639073884032392
66.709999999,0.2,-0.13070346861094334,-0.13070346861094334
66.715,0.2,0.05896682983611752,0.05896682983611752
66.72,0.2,0.18492587039535446,0.18492587039535446
66.724999999,0.2,0.46061173186965515,0.46061173186965515
66.73,0.2,0.6504448225490203,0.6504448225490203
66.735,0.2,0.5597507426081334,0.5597507426081334
66.739999999,0.2,0.13941099898130446,0.13941099898130446
66.745,0.2,-0.042069561188983876,-0.042069561188983876
66.75,0.2,-0.12924844153688056,-0.12924844153688056
66.754999999,0.2,0.04851011838075554,0.04851011838075554
66.76,0.2,0.14945446009587746,0.14945446009587746
66.765,0.2,0.36875823602624835,0.36875823602624835
66.769999999,0.2,0.5476285246552662,0.5476285246552662
66.775,0.2,0.5386931854845813,0.5386931854845813
66.78,0.2,0.0583506444809454,0.0583506444809454
66.785,0.2,-0.020911096860392463,-0.020911096860392463
66.79,0.2,-0.05512400192619166,-0.05512400192619166
66.795,0.2,-0.026361757285129517,-0.026361757285129517
66.8,0.2,0.24807065644017035,0.24807065644017035
66.805,0.2,0.5373033378820208,0.5373033378820208
66.81,0.2,0.581286038138189,0.581286038138189
66.815,0.2,0.4078004770410953,0.4078004770410953
66.819999999,0.2,0.06397599147727073,0.06397599147727073
66.825,0.2,-0.14335830699484536,-0.14335830699484536
66.83,0.2,-0.0859297403019556,-0.0859297403019556
66.834999999,0.2,-0.17390751809618993,-0.17390751809618993
66.84,0.2,0.15310670244686808,0.15310670244686808
66.845,0.2,0.6116566579752362,0.6116566579752362
66.849999999,0.2,0.6148074831398637,0.6148074831398637
66.855,0.2,0.514742161879535,0.514742161879535
66.86,0.2,0.06665724349073789,0.06665724349073789
66.864999999,0.2,-0.23791768592067633,-0.23791768592067633
66.87,0.2,-0.24988487119818137,-0.24988487119818137
66.875,0.2,-0.012983245947759625,-0.012983245947759625
66.879999999,0.2,0.29790336444615395,0.29790336444615395
66.885,0.2,0.5259371609639191,0.5259371609639191
66.89,0.2,0.45700991634354426,0.45700991634354426
66.894999999,0.2,0.39246606929787087,0.39246606929787087
66.9,0.2,0.20098314946694132,0.20098314946694132
66.905,0.2,-0.179771714940562,-0.179771714940562
66.91,0.2,-0.2891576756188906,-0.2891576756188906
66.915,0.2,0.12377075737312751,0.12377075737312751
66.92,0.2,0.2649866585320355,0.2649866585320355
66.925,0.2,0.4740514270425879,0.4740514270425879
66.93,0.2,0.5902179498691927,0.5902179498691927
66.935,0.2,0.5599845208021756,0.5599845208021756
66.94,0.2,0.33878285038943096,0.33878285038943096
66.944999999,0.2,-0.055142774872009484,-0.055142774872009484
66.95,0.2,-0.16848674158719618,-0.16848674158719618
66.955,0.2,0.11652767458158225,0.11652767458158225
66.959999999,0.2,0.3900534685919605,0.3900534685919605
66.965,0.2,0.6154030010262832,0.6154030010262832
66.97,0.2,0.5263529156222091,0.5263529156222091
66.974999999,0.2,0.38429476393937106,0.38429476393937106
66.98,0.2,0.3701244280279219,0.3701244280279219
66.985,0.2,-0.0935350259335026,-0.0935350259335026
66.989999999,0.2,-0.11037212024395246,-0.11037212024395246
66.995,0.2,-0.039110755640194186,-0.039110755640194186
67.0,0.2,0.44473923814624444,0.44473923814624444
67.004999999,0.2,0.7219381118722005,0.7219381118722005
67.01,0.2,0.5890773142725797,0.5890773142725797
67.015,0.2,0.5051867300691448,0.5051867300691448
67.019999999,0.2,0.48716178815062827,0.48716178815062827
67.025,0.2,0.14392826373287557,0.14392826373287557
67.03,0.2,-0.04153223788757574,-0.04153223788757574
67.035,0.2,0.14041560165459951,0.14041560165459951
67.04,0.2,0.3466560088811577,0.3466560088811577
67.045,0.2,0.49898187041762077,0.49898187041762077
67.05,0.2,0.7727647692846846,0.7727647692846846
67.055,0.2,0.56364531362401,0.56364531362401
67.06,0.2,0.3971803879930394,0.3971803879930394
67.065,0.2,0.07905123956448558,0.07905123956448558
67.069999999,0.2,0.19587820486531832,0.19587820486531832
67.075,0.2,0.1342281169263433,0.1342281169263433
67.08,0.2,0.211208266073378,0.211208266073378
67.084999999,0.2,0.5843459756905446,0.5843459756905446
67.09,0.2,0.7385494473432312,0.7385494473432312
67.095,0.2,0.6202390175621912,0.6202390175621912
67.099999999,0.2,0.3189497642233312,0.3189497642233312
67.105,0.2,0.05561190677918468,0.05561190677918468
67.11,0.2,0.005238684991103651,0.005238684991103651
67.114999999,0.2,-0.010711814575618053,-0.010711814575618053
67.12,0.2,0.32496714804825555,0.32496714804825555
67.125,0.2,0.494254183787331,0.494254183787331
67.129999999,0.2,0.7459722642913862,0.7459722642913862
67.135,0.2,0.37474791214943526,0.37474791214943526
67.14,0.2,0.35041597018692766,0.35041597018692766
67.144999999,0.2,0.07266162606584362,0.07266162606584362
67.15,0.2,-0.11211855494481252,-0.11211855494481252
67.155,0.2,0.027499088728667388,0.027499088728667388
67.16,0.2,0.3138941272671919,0.3138941272671919
67.165,0.2,0.6001271847242706,0.6001271847242706
67.17,0.2,0.581527422145285,0.581527422145285
67.175,0.2,0.5030336630305391,0.5030336630305391
67.18,0.2,0.224567835791734,0.224567835791734
67.185,0.2,0.1473787631600881,0.1473787631600881
67.19,0.2,-0.007574178619058111,-0.007574178619058111
67.194999999,0.2,-0.07073109414681489,-0.07073109414681489
67.2,0.2,0.19859424346601875,0.19859424346601875
67.205,0.2,0.38904069352720005,0.38904069352720005
67.209999999,0.2,0.6870291321102584,0.6870291321102584
67.215,0.2,0.5578772634740804,0.5578772634740804
67.22,0.2,0.34503440260006885,0.34503440260006885
67.224999999,0.2,0.1746213690169953,0.1746213690169953
67.23,0.2,-0.21228593240212915,-0.21228593240212915
67.235,0.2,0.049328768567416914,0.049328768567416914
67.239999999,0.2,0.18564809128910648,0.18564809128910648
67.245,0.2,0.34622986767275044,0.34622986767275044
67.25,0.2,0.615908110500274,0.615908110500274
67.254999999,0.2,0.6562955687668495,0.6562955687668495
67.26,0.2,0.13283349643556266,0.13283349643556266
67.265,0.2,0.07524155462262042,0.07524155462262042
67.269999999,0.2,-0.005787861551088402,-0.005787861551088402
67.275,0.2,-0.14160130324981182,-0.14160130324981182
67.28,0.2,0.2370806872400691,0.2370806872400691
67.285,0.2,0.7056513847116457,0.7056513847116457
67.29,0.2,0.6618335072883009,0.6618335072883009
67.295,0.2,0.5111402450492245,0.5111402450492245
67.3,0.2,0.20055035890491968,0.20055035890491968
67.305,0.2,0.008258382548618187,0.008258382548618187
67.31,0.2,-0.1613597004960528,-0.1613597004960528
67.315,0.2,0.05882179435849463,0.05882179435849463
67.319999999,0.2,0.32181540061696823,0.32181540061696823
67.325,0.2,0.624779622874658,0.624779622874658
67.33,0.2,0.5982495531877099,0.5982495531877099
67.334999999,0.2,0.46109482063309415,0.46109482063309415
67.34,0.2,0.09919913805576952,0.09919913805576952
67.345,0.2,-0.09908522840077921,-0.09908522840077921
67.349999999,0.2,-0.19417132483251792,-0.19417132483251792
67.355,0.2,0.11465584362202992,0.11465584362202992
67.36,0.2,0.2873155280901652,0.2873155280901652
67.364999999,0.2,0.5587577588544904,0.5587577588544904
67.37,0.2,0.6843175486181137,0.6843175486181137
67.375,0.2,0.5863148879074275,0.5863148879074275
67.379999999,0.2,0.16912943568992758,0.16912943568992758
67.385,0.2,-0.1112643554804152,-0.1112643554804152
67.39,0.2,0.10489376925060606,0.10489376925060606
67.394999999,0.2,0.04500055637623693,0.04500055637623693
67.4,0.2,0.49634387265744895,0.49634387265744895
67.405,0.2,0.5973027535218084,0.5973027535218084
67.41,0.2,0.6091349363799446,0.6091349363799446
67.415,0.2,0.5611120600596198,0.5611120600596198
67.42,0.2,0.14874209773443806,0.14874209773443806
67.425,0.2,-0.010756618595712456,-0.010756618595712456
67.43,0.2,-0.019920986746243013,-0.019920986746243013
67.435,0.2,0.030239864458016942,0.030239864458016942
67.44,0.2,0.24856235975697388,0.24856235975697388
67.444999999,0.2,0.75324149346168,0.75324149346168
67.45,0.2,0.7408065345540491,0.7408065345540491
67.455,0.2,0.5833682643918369,0.5833682643918369
67.459999999,0.2,0.34295944641573106,0.34295944641573106
67.465,0.2,-0.030073180730122506,-0.030073180730122506
67.47,0.2,-0.042287898600438883,-0.042287898600438883
67.474999999,0.2,-0.011783525900223668,-0.011783525900223668
67.48,0.2,0.2740288914030274,0.2740288914030274
67.485,0.2,0.522137980827069,0.522137980827069
67.489999999,0.2,0.5745639781957876,0.5745639781957876
67.495,0.2,0.5596255892644637,0.5596255892644637
67.5,0.2,0.07399652763085698,0.07399652763085698
67.504999999,0.2,-0.025185851209612115,-0.025185851209612115
67.51,0.2,-0.21003085668596555,-0.21003085668596555
67.515,0.2,0.12207814769675068,0.12207814769675068
67.519999999,0.2,0.34780843906693715,0.34780843906693715
67.525,0.2,0.6561390005438779,0.6561390005438779
67.53,0.2,0.4844013346769571,0.4844013346769571
67.535,0.2,0.5113514673088818,0.5113514673088818
67.54,0.2,0.08073970107134931,0.08073970107134931
67.545,0.2,-0.12635727408198452,-0.12635727408198452
67.55,0.2,-0.037247130090061045,-0.037247130090061045
67.555,0.2,-0.0741866382797213,-0.0741866382797213
67.56,0.2,0.2953406696418045,0.2953406696418045
67.565,0.2,0.5656579409590684,0.5656579409590684
67.569999999,0.2,0.7893407254118074,0.7893407254118074
67.575,0.2,0.4600687329382165,0.4600687329382165
67.58,0.2,0.11684177583386587,0.11684177583386587
67.584999999,0.2,-0.08902505868085432,-0.08902505868085432
67.59,0.2,-0.06179109430600421,-0.06179109430600421
67.595,0.2,0.11669594470031286,0.11669594470031286
67.599999999,0.2,0.13010618980047822,0.13010618980047822
67.605,0.2,0.46252228625795905,0.46252228625795905
67.61,0.2,0.7035786304951289,0.7035786304951289
67.614999999,0.2,0.522008128965366,0.522008128965366
67.62,0.2,0.32111929345339757,0.32111929345339757
67.625,0.2,-0.10978811495124854,-0.10978811495124854
67.629999999,0.2,-0.29227848952738217,-0.29227848952738217
67.635,0.2,-0.09472700147432322,-0.09472700147432322
67.64,0.2,0.2550598450595167,0.2550598450595167
67.644999999,0.2,0.4400547371350988,0.4400547371350988
67.65,0.2,0.6867816721391926,0.6867816721391926
67.655,0.2,0.5595333384589121,0.5595333384589121
67.66,0.2,0.243562837639667,0.243562837639667
67.665,0.2,-0.16468045005361476,-0.16468045005361476
67.67,0.2,0.0469411470129219,0.0469411470129219
67.675,0.2,0.01208712449027715,0.01208712449027715
67.68,0.2,0.25238763026858824,0.25238763026858824
67.685,0.2,0.34464832842882853,0.34464832842882853
67.69,0.2,0.4872931370594863,0.4872931370594863
67.694999999,0.2,0.42201586557000337,0.42201586557000337
67.7,0.2,0.05255268492967405,0.05255268492967405
67.705,0.2,-0.028027476617853896,-0.028027476617853896
67.709999999,0.2,-0.029465767353448136,-0.029465767353448136
67.715,0.2,0.0037046043259368854,0.0037046043259368854
67.72,0.2,0.3543432821142378,0.3543432821142378
67.724999999,0.2,0.5207282292013391,0.5207282292013391
67.73,0.2,0.6704051073152043,0.6704051073152043
67.735,0.2,0.5240250192681607,0.5240250192681607
67.739999999,0.2,0.19807595103899814,0.19807595103899814
67.745,0.2,0.004194412027088104,0.004194412027088104
67.75,0.2,-0.1769621763653623,-0.1769621763653623
67.754999999,0.2,-0.1511517823955315,-0.1511517823955315
67.76,0.2,0.20723616225025757,0.20723616225025757
67.765,0.2,0.5923155909060265,0.5923155909060265
67.769999999,0.2,0.7740543662223854,0.7740543662223854
67.775,0.2,0.3682380586915079,0.3682380586915079
67.78,0.2,0.18537142678477703,0.18537142678477703
67.785,0.2,-0.0956990569260157,-0.0956990569260157
67.79,0.2,-0.1312145441306638,-0.1312145441306638
67.795,0.2,0.037592637877670226,0.037592637877670226
67.8,0.2,0.13776923298897,0.13776923298897
67.805,0.2,0.5093218658043167,0.5093218658043167
67.81,0.2,0.6165774497208772,0.6165774497208772
67.815,0.2,0.1971346489096121,0.1971346489096121
67.819999999,0.2,0.14523509691138572,0.14523509691138572
67.825,0.2,0.0699141293767781,0.0699141293767781
67.83,0.2,-0.07472713005147222,-0.07472713005147222
67.834999999,0.2,0.029208063349287203,0.029208063349287203
67.84,0.2,0.2423569407274499,0.2423569407274499
67.845,0.2,0.3690611854590689,0.3690611854590689
67.849999999,0.2,0.5026601977452916,0.5026601977452916
67.855,0.2,0.22313537031178302,0.22313537031178302
67.86,0.2,0.050256917524422184,0.050256917524422184
67.864999999,0.2,-0.31273816030366874,-0.31273816030366874
67.87,0.2,-0.21719430109372376,-0.21719430109372376
67.875,0.2,-0.13679103049119457,-0.13679103049119457
67.879999999,0.2,0.11515420375855553,0.11515420375855553
67.885,0.2,0.5498921314448083,0.5498921314448083
67.89,0.2,0.3907430284966454,0.3907430284966454
67.894999999,0.2,0.32663274891812505,0.32663274891812505
67.9,0.2,0.24647080423437492,0.24647080423437492
67.905,0.2,-0.06775104165882752,-0.06775104165882752
67.91,0.2,-0.36701243572359676,-0.36701243572359676
67.915,0.2,-0.21430277035586348,-0.21430277035586348
67.92,0.2,0.20580021878739474,0.20580021878739474
67.925,0.2,0.28233589987601615,0.28233589987601615
67.93,0.2,0.4799462891669611,0.4799462891669611
67.935,0.2,0.3839523446452843,0.3839523446452843
67.94,0.2,0.23881038038736838,0.23881038038736838
67.944999999,0.2,-0.1627581778906224,-0.1627581778906224
67.95,0.2,-0.31344136925271227,-0.31344136925271227
67.955,0.2,-0.038436861535282425,-0.038436861535282425
67.959999999,0.2,0.29600400096689156,0.29600400096689156
67.965,0.2,0.237935667168382,0.237935667168382
67.97,0.2,0.4463338089932225,0.4463338089932225
67.974999999,0.2,0.4083375538628956,0.4083375538628956
67.98,0.2,0.11187470074694764,0.11187470074694764
67.985,0.2,-0.11796855294251195,-0.11796855294251195
67.989999999,0.2,-0.08049342625652067,-0.08049342625652067
67.995,0.2,-0.12900659371084158,-0.12900659371084158
68.0,0.2,0.22314094585683866,0.22314094585683866
68.004999999,0.2,0.5076254128739991,0.5076254128739991
68.01,0.2,0.25693853829758534,0.25693853829758534
68.015,0.2,0.3984828981020346,0.3984828981020346
68.019999999,0.2,0.09278709204088989,0.09278709204088989
68.025,0.2,-0.06176500367650599,-0.06176500367650599
68.03,0.2,-0.27050284735470537,-0.27050284735470537
68.035,0.2,-0.14011468813273814,-0.14011468813273814
68.04,0.2,0.18966676372700808,0.18966676372700808
68.045,0.2,0.4742367335826415,0.4742367335826415
68.05,0.2,0.5491631850864938,0.5491631850864938
68.055,0.2,0.4556543782618996,0.4556543782618996
68.06,0.2,0.14940584875029456,0.14940584875029456
68.065,0.2,-0.012480709025062611,-0.012480709025062611
68.069999999,0.2,-0.26448951440768287,-0.26448951440768287
68.075,0.2,-0.04332726302735662,-0.04332726302735662
68.08,0.2,0.48784359203562444,0.48784359203562444
68.084999999,0.2,0.33471870733222775,0.33471870733222775
68.09,0.2,0.6174400524515282,0.6174400524515282
68.095,0.2,0.367442136094092,0.367442136094092
68.099999999,0.2,0.29801656118428577,0.29801656118428577
68.105,0.2,-0.09365250608647077,-0.09365250608647077
68.11,0.2,-0.22050629559646187,-0.22050629559646187
68.114999999,0.2,0.07393716358059799,0.07393716358059799
68.12,0.2,0.03664797729087696,0.03664797729087696
68.125,0.2,0.6391365289123322,0.6391365289123322
68.129999999,0.2,0.7000688959655703,0.7000688959655703
68.135,0.2,0.40294082611534826,0.40294082611534826
68.14,0.2,0.43720815149476966,0.43720815149476966
68.144999999,0.2,0.0948482890128591,0.0948482890128591
68.15,0.2,-0.2624208706723724,-0.2624208706723724
68.155,0.2,-0.17988913912449445,-0.17988913912449445
68.16,0.2,0.16091628669794633,0.16091628669794633
68.165,0.2,0.32887383412522264,0.32887383412522264
68.17,0.2,0.5926080742762461,0.5926080742762461
68.175,0.2,0.44553216817551383,0.44553216817551383
68.18,0.2,0.30766647264757996,0.30766647264757996
68.185,0.2,-0.15730982894773127,-0.15730982894773127
68.19,0.2,-0.016156946056937974,-0.016156946056937974
68.194999999,0.2,-0.13786067723597495,-0.13786067723597495
68.2,0.2,0.1926517060032643,0.1926517060032643
68.205,0.2,0.4469314037122351,0.4469314037122351
68.209999999,0.2,0.6481052552003645,0.6481052552003645
68.215,0.2,0.5120445254808241,0.5120445254808241
68.22,0.2,0.13650703801595454,0.13650703801595454
68.224999999,0.2,-0.1549513253775281,-0.1549513253775281
68.23,0.2,-0.20463600693862433,-0.20463600693862433
68.235,0.2,-0.035117906818658826,-0.035117906818658826
68.239999999,0.2,0.3162110584056387,0.3162110584056387
68.245,0.2,0.4636326120993898,0.4636326120993898
68.25,0.2,0.7063774553217901,0.7063774553217901
68.254999999,0.2,0.48997493719733554,0.48997493719733554
68.26,0.2,0.325526560245046,0.325526560245046
68.265,0.2,-0.2351364646964604,-0.2351364646964604
68.269999999,0.2,-0.0653925667785725,-0.0653925667785725
68.275,0.2,0.10523337426493476,0.10523337426493476
68.28,0.2,0.09749613532528154,0.09749613532528154
68.285,0.2,0.6500642347660115,0.6500642347660115
68.29,0.2,0.44673119505760506,0.44673119505760506
68.295,0.2,0.241029746448504,0.241029746448504
68.3,0.2,0.2677698194576362,0.2677698194576362
68.305,0.2,-0.16236615362920748,-0.16236615362920748
68.31,0.2,-0.1364787157975387,-0.1364787157975387
68.315,0.2,-0.007661919459955792,-0.007661919459955792
68.319999999,0.2,0.19973683052769134,0.19973683052769134
68.325,0.2,0.5366836160727936,0.5366836160727936
68.33,0.2,0.45335648388084326,0.45335648388084326
68.334999999,0.2,0.45011357287981285,0.45011357287981285
68.34,0.2,0.20000226516525213,0.20000226516525213
68.345,0.2,-0.20676245670220786,-0.20676245670220786
68.349999999,0.2,-0.1878891225218231,-0.1878891225218231
68.355,0.2,-0.17758616918652725,-0.17758616918652725
68.36,0.2,0.24119238926170325,0.24119238926170325
68.364999999,0.2,0.46978818510364834,0.46978818510364834
68.37,0.2,0.4135849012822089,0.4135849012822089
68.375,0.2,0.4171493110877632,0.4171493110877632
68.379999999,0.2,0.07125804657067451,0.07125804657067451
68.385,0.2,-0.05554714764567166,-0.05554714764567166
68.39,0.2,0.01698993676009164,0.01698993676009164
68.394999999,0.2,0.07567963235750323,0.07567963235750323
68.4,0.2,0.1716793013221622,0.1716793013221622
68.405,0.2,0.5322514075840105,0.5322514075840105
68.41,0.2,0.36490729980850084,0.36490729980850084
68.415,0.2,0.2877258368731773,0.2877258368731773
68.42,0.2,0.22922679892925865,0.22922679892925865
68.425,0.2,-0.06734965815442548,-0.06734965815442548
68.43,0.2,-0.1621189775429366,-0.1621189775429366
68.435,0.2,0.060751918845663,0.060751918845663
68.44,0.2,0.23590169687519533,0.23590169687519533
68.444999999,0.2,0.4922365423121064,0.4922365423121064
68.45,0.2,0.3623219184475406,0.3623219184475406
68.455,0.2,0.39144220366138444,0.39144220366138444
68.459999999,0.2,0.04522652873788105,0.04522652873788105
68.465,0.2,0.03621927965275808,0.03621927965275808
68.47,0.2,-0.23754434744926525,-0.23754434744926525
68.474999999,0.2,0.06114716213977944,0.06114716213977944
68.48,0.2,0.49623183091912465,0.49623183091912465
68.485,0.2,0.44870478939223224,0.44870478939223224
68.489999999,0.2,0.6699619266257658,0.6699619266257658
68.495,0.2,0.43368013917444753,0.43368013917444753
68.5,0.2,0.1807313419905554,0.1807313419905554
68.504999999,0.2,-0.12470566954594584,-0.12470566954594584
68.51,0.2,0.010137465460689749,0.010137465460689749
68.515,0.2,0.10949319026887813,0.10949319026887813
68.519999999,0.2,0.22364202152665882,0.22364202152665882
68.525,0.2,0.606640592827631,0.606640592827631
68.53,0.2,0.7040855226456434,0.7040855226456434
68.535,0.2,0.28823437684239517,0.28823437684239517
68.54,0.2,0.2419633233780258,0.2419633233780258
68.545,0.2,-0.09574149122215084,-0.09574149122215084
68.55,0.2,-0.16972945519437804,-0.16972945519437804
68.555,0.2,0.025489526618281404,0.025489526618281404
68.56,0.2,0.22182637046930173,0.22182637046930173
68.565,0.2,0.5516513046111459,0.5516513046111459
68.569999999,0.2,0.5130921606696366,0.5130921606696366
68.575,0.2,0.4613631405052685,0.4613631405052685
68.58,0.2,0.23288437474001772,0.23288437474001772
68.584999999,0.2,-0.1796203983716349,-0.1796203983716349
68.59,0.2,-0.0883907027821404,-0.0883907027821404
68.595,0.2,-0.04839942438421095,-0.04839942438421095
68.599999999,0.2,0.27999945304950835,0.27999945304950835
68.605,0.2,0.507135257190664,0.507135257190664
68.61,0.2,0.6173834702734348,0.6173834702734348
68.614999999,0.2,0.46545178176007196,0.46545178176007196
68.62,0.2,0.19489402552518253,0.19489402552518253
68.625,0.2,-0.13660511179022106,-0.13660511179022106
68.629999999,0.2,-0.2599675395416065,-0.2599675395416065
68.635,0.2,-0.05548059943503545,-0.05548059943503545
68.64,0.2,0.06466735742016513,0.06466735742016513
68.644999999,0.2,0.47438391557938003,0.47438391557938003
68.65,0.2,0.6407158003784843,0.6407158003784843
68.655,0.2,0.4998362451014532,0.4998362451014532
68.66,0.2,0.1901736117660098,0.1901736117660098
68.665,0.2,0.031515257789505355,0.031515257789505355
68.67,0.2,-0.249321426256372,-0.249321426256372
68.675,0.2,-0.16848712657647455,-0.16848712657647455
68.68,0.2,0.07535925021263351,0.07535925021263351
68.685,0.2,0.45816611776928556,0.45816611776928556
68.69,0.2,0.6997290470185703,0.6997290470185703
68.694999999,0.2,0.4288543774066371,0.4288543774066371
68.7,0.2,0.27788279615384703,0.27788279615384703
68.705,0.2,0.04305345286973225,0.04305345286973225
68.709999999,0.2,-0.10205210263232081,-0.10205210263232081
68.715,0.2,0.05897834118610762,0.05897834118610762
68.72,0.2,0.2215148345114078,0.2215148345114078
68.725,0.2,0.42921584704286814,0.42921584704286814
68.73,0.2,0.42262267796538283,0.42262267796538283
68.735,0.2,0.49963391355404163,0.49963391355404163
68.74,0.2,0.07608992289471736,0.07608992289471736
68.745,0.2,0.10487409868001568,0.10487409868001568
68.75,0.2,-0.22352912968496857,-0.22352912968496857
68.755,0.2,-0.047259912256766484,-0.047259912256766484
68.76,0.2,0.3340750404425745,0.3340750404425745
68.765,0.2,0.4517625233948481,0.4517625233948481
68.77,0.2,0.5387444363314139,0.5387444363314139
68.775,0.2,0.37765063640725666,0.37765063640725666
68.78,0.2,0.2592100372599526,0.2592100372599526
68.785,0.2,-0.08597717889675538,-0.08597717889675538
68.79,0.2,-0.2153982270130364,-0.2153982270130364
68.795,0.2,-0.08753121288295494,-0.08753121288295494
68.8,0.2,0.2452958639340213,0.2452958639340213
68.805,0.2,0.41136667766540297,0.41136667766540297
68.81,0.2,0.48540595960132993,0.48540595960132993
68.815,0.2,0.6003350790469777,0.6003350790469777
68.82,0.2,0.2039644861607256,0.2039644861607256
68.825,0.2,-0.07554654436062828,-0.07554654436062828
68.83,0.2,-0.24854301261278472,-0.24854301261278472
68.835,0.2,0.09658466277831074,0.09658466277831074
68.84,0.2,0.16834830699511621,0.16834830699511621
68.845,0.2,0.5200854667903503,0.5200854667903503
68.85,0.2,0.4828956185442976,0.4828956185442976
68.855,0.2,0.5118490607683298,0.5118490607683298
68.86,0.2,0.0061174205699170425,0.0061174205699170425
68.865,0.2,-0.2232355806745702,-0.2232355806745702
68.87,0.2,-0.053521941241824175,-0.053521941241824175
68.875,0.2,-0.01671299762447315,-0.01671299762447315
68.88,0.2,0.3742846478064352,0.3742846478064352
68.885,0.2,0.6425079179711812,0.6425079179711812
68.89,0.2,0.7952839142181106,0.7952839142181106
68.895,0.2,0.2597299978871171,0.2597299978871171
68.9,0.2,0.3250577039676021,0.3250577039676021
68.905,0.2,-0.13566871487075102,-0.13566871487075102
68.91,0.2,-0.06684468706541385,-0.06684468706541385
68.915,0.2,0.11583831299141106,0.11583831299141106
68.92,0.2,0.31589301098047406,0.31589301098047406
68.925,0.2,0.4720255271823153,0.4720255271823153
68.93,0.2,0.6906238049014883,0.6906238049014883
68.935,0.2,0.5042097675479653,0.5042097675479653
68.94,0.2,0.2444080600966102,0.2444080600966102
68.945,0.2,-0.07101914903151742,-0.07101914903151742
68.95,0.2,-0.1031311709978822,-0.1031311709978822
68.955,0.2,0.011789502945748431,0.011789502945748431
68.96,0.2,0.40028153030782476,0.40028153030782476
68.965,0.2,0.60549964645382,0.60549964645382
68.97,0.2,0.5326517870551687,0.5326517870551687
68.975,0.2,0.45633999765302835,0.45633999765302835
68.98,0.2,0.4196934928395578,0.4196934928395578
68.985,0.2,0.025110559980182183,0.025110559980182183
68.99,0.2,-0.036687153880964066,-0.036687153880964066
68.995,0.2,-0.06960449730723459,-0.06960449730723459
69.0,0.2,0.3063296521736159,0.3063296521736159
69.005,0.2,0.5177539625725438,0.5177539625725438
69.01,0.2,0.4478176118557934,0.4478176118557934
69.015,0.2,0.5249223916076791,0.5249223916076791
69.02,0.2,0.21118590999266024,0.21118590999266024
69.025,0.2,-0.01995400458136417,-0.01995400458136417
69.03,0.2,0.021071209184831255,0.021071209184831255
69.035,0.2,0.1962245413783191,0.1962245413783191
69.04,0.2,0.2070311756192554,0.2070311756192554
69.045,0.2,0.5289989374190573,0.5289989374190573
69.05,0.2,0.5940042085540399,0.5940042085540399
69.055,0.2,0.583973666224636,0.583973666224636
69.06,0.2,0.1694637143025629,0.1694637143025629
69.065,0.2,-0.03201865910137794,-0.03201865910137794
69.07,0.2,-0.07836046423268085,-0.07836046423268085
69.075,0.2,0.01086825890468255,0.01086825890468255
69.08,0.2,0.448081339682474,0.448081339682474
69.085,0.2,0.6504023877258438,0.6504023877258438
69.09,0.2,0.6903288342997799,0.6903288342997799
69.095,0.2,0.41607966867797164,0.41607966867797164
69.1,0.2,0.29612678099341966,0.29612678099341966
69.105,0.2,0.08236003047535907,0.08236003047535907
69.11,0.2,-0.08844299744120167,-0.08844299744120167
69.115,0.2,-0.034035606053998524,-0.034035606053998524
69.12,0.2,0.392374560968794,0.392374560968794
69.125,0.2,0.3783544781864281,0.3783544781864281
69.13,0.2,0.6163564008102727,0.6163564008102727
69.135,0.2,0.41451089084428516,0.41451089084428516
69.14,0.2,0.21256256201613496,0.21256256201613496
69.145,0.2,-0.08462134323451156,-0.08462134323451156
69.15,0.2,-0.19817926232546368,-0.19817926232546368
69.155,0.2,0.049945289238223424,0.049945289238223424
69.16,0.2,0.3279259876259877,0.3279259876259877
69.165,0.2,0.4879224926114412,0.4879224926114412
69.17,0.2,0.5905440059984416,0.5905440059984416
69.175,0.2,0.5462886569431699,0.5462886569431699
69.18,0.2,0.06991479177927915,0.06991479177927915
69.185,0.2,-0.052964382996831684,-0.052964382996831684
69.19,0.2,-0.2916581860677101,-0.2916581860677101
69.195,0.2,0.02868291042065882,0.02868291042065882
69.2,0.2,0.19322901262642517,0.19322901262642517
69.205,0.2,0.6482399740863517,0.6482399740863517
69.21,0.2,0.5020259565487935,0.5020259565487935
69.215,0.2,0.44597843527068837,0.44597843527068837
69.22,0.2,0.21727668560026245,0.21727668560026245
69.225,0.2,-0.027018206892645932,-0.027018206892645932
69.23,0.2,-0.23474756368478072,-0.23474756368478072
69.235,0.2,-0.01763867284020389,-0.01763867284020389
69.24,0.2,0.30813663604003516,0.30813663604003516
69.245,0.2,0.48315811710120293,0.48315811710120293
69.25,0.2,0.514316238269755,0.514316238269755
69.255,0.2,0.2816391842381182,0.2816391842381182
69.26,0.2,0.3930362131891539,0.3930362131891539
69.265,0.2,-0.024250106303316782,-0.024250106303316782
69.27,0.2,-0.2487071844876625,-0.2487071844876625
69.275,0.2,-0.16280613006408776,-0.16280613006408776
69.28,0.2,0.3756315003459372,0.3756315003459372
69.285,0.2,0.5524179578259283,0.5524179578259283
69.29,0.2,0.5002900653642408,0.5002900653642408
69.295,0.2,0.37547012079672365,0.37547012079672365
69.3,0.2,0.0603455747463055,0.0603455747463055
69.305,0.2,-0.03786041722413239,-0.03786041722413239
69.31,0.2,-0.27471059234138245,-0.27471059234138245
69.315,0.2,-0.0262426700243089,-0.0262426700243089
69.32,0.2,0.23727027906614148,0.23727027906614148
69.325,0.2,0.3287073364366789,0.3287073364366789
69.33,0.2,0.5039145467167517,0.5039145467167517
69.335,0.2,0.48216561532726304,0.48216561532726304
69.34,0.2,0.22283959178896107,0.22283959178896107
69.345,0.2,-0.16276267821357177,-0.16276267821357177
69.35,0.2,-0.11804525083474922,-0.11804525083474922
69.355,0.2,-0.03236575667438986,-0.03236575667438986
69.36,0.2,0.4514342895244512,0.4514342895244512
69.365,0.2,0.4723628277426824,0.4723628277426824
69.37,0.2,0.5847254068454932,0.5847254068454932
69.375,0.2,0.2376438663416535,0.2376438663416535
69.38,0.2,0.34592038499526917,0.34592038499526917
69.385,0.2,-0.15894650443286668,-0.15894650443286668
69.39,0.2,-0.24306873314750943,-0.24306873314750943
69.395,0.2,-0.10648069374364535,-0.10648069374364535
69.4,0.2,0.0734244543861575,0.0734244543861575
69.405,0.2,0.4439943299909377,0.4439943299909377
69.41,0.2,0.6263134206215887,0.6263134206215887
69.415,0.2,0.45430079519231553,0.45430079519231553
69.42,0.2,0.36761861211217106,0.36761861211217106
69.425,0.2,0.09455498459280662,0.09455498459280662
69.43,0.2,-0.1995138104868888,-0.1995138104868888
69.435,0.2,-0.067366415038784,-0.067366415038784
69.44,0.2,0.09709102795018772,0.09709102795018772
69.445,0.2,0.3842943466381319,0.3842943466381319
69.45,0.2,0.5160168334741171,0.5160168334741171
69.455,0.2,0.6261352332547935,0.6261352332547935
69.46,0.2,0.33870063958408525,0.33870063958408525
69.465,0.2,0.053820142015854985,0.053820142015854985
69.47,0.2,-0.047951263711230194,-0.047951263711230194
69.475,0.2,0.09211959875329545,0.09211959875329545
69.48,0.2,0.061494351349178855,0.061494351349178855
69.485,0.2,0.6679720312809238,0.6679720312809238
69.49,0.2,0.500993685244243,0.500993685244243
69.495,0.2,0.5209732776782074,0.5209732776782074
69.5,0.2,0.2702210558708319,0.2702210558708319
69.505,0.2,-0.141826466431553,-0.141826466431553
69.51,0.2,-0.183001970273639,-0.183001970273639
69.515,0.2,-0.07764330184615642,-0.07764330184615642
69.52,0.2,0.3054655584468407,0.3054655584468407
69.525,0.2,0.46360369285544883,0.46360369285544883
69.53,0.2,0.7870581730933537,0.7870581730933537
69.535,0.2,0.49189933259482127,0.49189933259482127
69.54,0.2,0.18591805810103113,0.18591805810103113
69.545,0.2,0.09333280369418001,0.09333280369418001
69.55,0.2,-0.17685165876405382,-0.17685165876405382
69.555,0.2,0.05095214700397155,0.05095214700397155
69.56,0.2,0.272693179687122,0.272693179687122
69.565,0.2,0.7096535798436397,0.7096535798436397
69.57,0.2,0.5711789035382823,0.5711789035382823
69.575,0.2,0.49918919890406066,0.49918919890406066
69.58,0.2,0.10924163551463961,0.10924163551463961
69.585,0.2,0.05763111850929084,0.05763111850929084
69.59,0.2,-0.16850738878995847,-0.16850738878995847
69.595,0.2,0.1062005312826522,0.1062005312826522
69.6,0.2,0.24843299444129766,0.24843299444129766
69.605,0.2,0.5889335236895449,0.5889335236895449
69.61,0.2,0.5736019001934132,0.5736019001934132
69.615,0.2,0.6360536393050154,0.6360536393050154
69.62,0.2,0.0979593880644214,0.0979593880644214
69.625,0.2,-0.013714527002126862,-0.013714527002126862
69.63,0.2,-0.1700818557695966,-0.1700818557695966
69.635,0.2,0.12212986297564445,0.12212986297564445
69.64,0.2,0.3049013495415003,0.3049013495415003
69.645,0.2,0.5303247816160805,0.5303247816160805
69.65,0.2,0.5706446847440223,0.5706446847440223
69.655,0.2,0.5086715522564002,0.5086715522564002
69.66,0.2,0.31492942249029027,0.31492942249029027
69.665,0.2,-0.04525825227469467,-0.04525825227469467
69.67,0.2,-0.05637214738016866,-0.05637214738016866
69.675,0.2,0.13794959494324088,0.13794959494324088
69.68,0.2,0.12993941943854367,0.12993941943854367
69.685,0.2,0.5681304564606312,0.5681304564606312
69.69,0.2,0.6158211335739723,0.6158211335739723
69.695,0.2,0.5924106078894303,0.5924106078894303
69.7,0.2,0.2304044541081555,0.2304044541081555
69.705,0.2,-0.09984743160844996,-0.09984743160844996
69.71,0.2,-0.10973843850203888,-0.10973843850203888
69.715,0.2,0.039834133815912734,0.039834133815912734
69.72,0.2,0.40517492713374287,0.40517492713374287
69.725,0.2,0.5930837854323529,0.5930837854323529
69.73,0.2,0.7228593399103196,0.7228593399103196
69.735,0.2,0.6942130366328275,0.6942130366328275
69.74,0.2,0.2529938136698411,0.2529938136698411
69.745,0.2,-0.00033821057947477917,-0.00033821057947477917
69.75,0.2,-0.09350387466682766,-0.09350387466682766
69.755,0.2,-0.15999922592973698,-0.15999922592973698
69.76,0.2,0.17344479857698208,0.17344479857698208
69.765,0.2,0.718053567475125,0.718053567475125
69.77,0.2,0.689081030675086,0.689081030675086
69.775,0.2,0.47343321312007225,0.47343321312007225
69.78,0.2,0.34456345650415604,0.34456345650415604
69.785,0.2,-0.009521222205519004,-0.009521222205519004
69.79,0.2,-0.18320357106146493,-0.18320357106146493
69.795,0.2,0.0872708165519534,0.0872708165519534
69.8,0.2,0.2723602153644,0.2723602153644
69.805,0.2,0.6083834346127658,0.6083834346127658
69.81,0.2,0.686829820166364,0.686829820166364
69.815,0.2,0.6802855451187115,0.6802855451187115
69.82,0.2,0.1425397717863584,0.1425397717863584
69.825,0.2,0.04388580038661866,0.04388580038661866
69.83,0.2,-0.04656428368059104,-0.04656428368059104
69.835,0.2,-0.011596994151561783,-0.011596994151561783
69.84,0.2,0.22892514753147525,0.22892514753147525
69.845,0.2,0.5405716918835577,0.5405716918835577
69.85,0.2,0.6592066457338119,0.6592066457338119
69.855,0.2,0.5378897804486494,0.5378897804486494
69.86,0.2,0.32144182772757873,0.32144182772757873
69.865,0.2,0.1146246392854807,0.1146246392854807
69.87,0.2,-0.2504732786469347,-0.2504732786469347
69.875,0.2,-0.019461828698091828,-0.019461828698091828
69.88,0.2,0.25965857949968296,0.25965857949968296
69.885,0.2,0.4185638131681414,0.4185638131681414
69.89,0.2,0.6163782456166854,0.6163782456166854
69.895,0.2,0.4311153591538308,0.4311153591538308
69.9,0.2,0.1290976191900265,0.1290976191900265
69.905,0.2,-0.05177690691757457,-0.05177690691757457
69.91,0.2,-0.11041627799734237,-0.11041627799734237
69.915,0.2,-0.01528201948623795,-0.01528201948623795
69.92,0.2,0.17006712339773913,0.17006712339773913
69.925,0.2,0.4116395940893628,0.4116395940893628
69.93,0.2,0.6704101516878507,0.6704101516878507
69.935,0.2,0.3288225014577296,0.3288225014577296
69.94,0.2,0.449368792010703,0.449368792010703
69.945,0.2,-0.04395233654497087,-0.04395233654497087
69.95,0.2,-0.17785142121833655,-0.17785142121833655
69.955,0.2,0.053566745527406964,0.053566745527406964
69.96,0.2,0.2546876431719611,0.2546876431719611
69.965,0.2,0.540225708702254,0.540225708702254
69.97,0.2,0.5675645459277432,0.5675645459277432
69.975,0.2,0.44649924472708336,0.44649924472708336
69.98,0.2,0.3671815358916064,0.3671815358916064
69.985,0.2,-0.04392602267104525,-0.04392602267104525
69.99,0.2,-0.25802358061429453,-0.25802358061429453
69.995,0.2,0.04998780305690147,0.04998780305690147
70.0,0.2,0.2821327458978159,0.2821327458978159
70.005,0.2,0.5442060984460776,0.5442060984460776
70.01,0.2,0.7716112243667516,0.7716112243667516
70.015,0.2,0.5089588657001841,0.5089588657001841
70.02,0.2,0.4359328443440056,0.4359328443440056
70.025,0.2,-0.028678816887639007,-0.028678816887639007
70.03,0.2,0.03755770386884408,0.03755770386884408
70.035,0.2,-0.047038811106014045,-0.047038811106014045
70.04,0.2,0.18783460676447983,0.18783460676447983
70.045,0.2,0.5097221770080371,0.5097221770080371
70.05,0.2,0.594367778474349,0.594367778474349
70.055,0.2,0.44321230464925504,0.44321230464925504
70.06,0.2,0.3168506525346099,0.3168506525346099
70.065,0.2,0.11029528220296354,0.11029528220296354
70.07,0.2,-0.08553679455989145,-0.08553679455989145
70.075,0.2,-0.16811648294032724,-0.16811648294032724
70.08,0.2,0.25971581068847904,0.25971581068847904
70.085,0.2,0.5599095167194342,0.5599095167194342
70.09,0.2,0.6003096488849107,0.6003096488849107
70.095,0.2,0.5669022881279885,0.5669022881279885
70.1,0.2,0.31995855570100057,0.31995855570100057
70.105,0.2,-0.06967879386767215,-0.06967879386767215
70.11,0.2,-0.2009894949862574,-0.2009894949862574
70.115,0.2,0.1140312588069616,0.1140312588069616
70.12,0.2,0.19785485208371265,0.19785485208371265
70.125,0.2,0.5549777972769047,0.5549777972769047
70.13,0.2,0.5092299150428222,0.5092299150428222
70.135,0.2,0.4317864329837562,0.4317864329837562
70.14,0.2,0.25039144203879593,0.25039144203879593
70.145,0.2,-0.12145631790596338,-0.12145631790596338
70.15,0.2,0.0013712973457453426,0.0013712973457453426
70.155,0.2,0.10335208178924335,0.10335208178924335
70.16,0.2,0.2595013732912239,0.2595013732912239
70.165,0.2,0.43296939460402034,0.43296939460402034
70.17,0.2,0.5315062318444944,0.5315062318444944
70.175,0.2,0.3206921165555612,0.3206921165555612
70.18,0.2,0.23268987202053193,0.23268987202053193
70.185,0.2,0.00688282165608315,0.00688282165608315
70.19,0.2,-0.26726388345874363,-0.26726388345874363
70.195,0.2,-0.08811271109711316,-0.08811271109711316
70.2,0.2,0.18157380368088788,0.18157380368088788
70.205,0.2,0.4881042678911493,0.4881042678911493
70.21,0.2,0.6483367138538215,0.6483367138538215
70.215,0.2,0.39662970976494655,0.39662970976494655
70.22,0.2,0.015469370188853249,0.015469370188853249
70.225,0.2,0.09681727723434763,0.09681727723434763
70.23,0.2,-0.008863134396813466,-0.008863134396813466
70.235,0.2,-0.2289412499620142,-0.2289412499620142
70.24,0.2,0.17380344896176242,0.17380344896176242
70.245,0.2,0.4848387021648483,0.4848387021648483
70.25,0.2,0.6943501374275385,0.6943501374275385
70.255,0.2,0.7041271822570511,0.7041271822570511
70.26,0.2,0.22840010618982692,0.22840010618982692
70.265,0.2,-0.08119781201064671,-0.08119781201064671
70.27,0.2,-0.23169549699685707,-0.23169549699685707
70.275,0.2,-0.02054149227156471,-0.02054149227156471
70.28,0.2,0.12354200544670878,0.12354200544670878
70.285,0.2,0.4936256437970255,0.4936256437970255
70.29,0.2,0.7152452596144953,0.7152452596144953
70.295,0.2,0.554104790861867,0.554104790861867
70.3,0.2,0.18800072110853308,0.18800072110853308
70.305,0.2,-0.3059687499265471,-0.3059687499265471
70.31,0.2,-0.13702903514222803,-0.13702903514222803
70.315,0.2,-0.13283540832970953,-0.13283540832970953
70.32,0.2,0.06192585159713396,0.06192585159713396
70.325,0.2,0.6807771941803784,0.6807771941803784
70.33,0.2,0.5762485037229778,0.5762485037229778
70.335,0.2,0.4000370556373428,0.4000370556373428
70.34,0.2,0.17150308112775067,0.17150308112775067
70.345,0.2,-0.1021660727447727,-0.1021660727447727
70.35,0.2,-0.28479995452506524,-0.28479995452506524
70.355,0.2,0.05466284856004375,0.05466284856004375
70.36,0.2,0.2089531439992041,0.2089531439992041
70.365,0.2,0.4277192431429534,0.4277192431429534
70.37,0.2,0.4862091634400152,0.4862091634400152
70.375,0.2,0.36608495856445117,0.36608495856445117
70.38,0.2,0.24775753748646095,0.24775753748646095
70.385,0.2,-0.15460567121113677,-0.15460567121113677
70.39,0.2,-0.16680530571856936,-0.16680530571856936
70.395,0.2,-0.054375470020453134,-0.054375470020453134
70.4,0.2,0.23426621377280285,0.23426621377280285
70.405,0.2,0.558369242490055,0.558369242490055
70.41,0.2,0.7256145583857052,0.7256145583857052
70.415,0.2,0.49194733425260506,0.49194733425260506
70.42,0.2,0.11595859050198341,0.11595859050198341
70.425,0.2,-0.20583193386000487,-0.20583193386000487
70.43,0.2,-0.16068673541720385,-0.16068673541720385
70.435,0.2,0.03000777141441119,0.03000777141441119
70.44,0.2,0.16053072013365458,0.16053072013365458
70.445,0.2,0.36169435893931184,0.36169435893931184
70.45,0.2,0.8174346025495949,0.8174346025495949
70.455,0.2,0.4929735176482187,0.4929735176482187
70.46,0.2,0.03968484323597282,0.03968484323597282
70.465,0.2,-0.18571454743192017,-0.18571454743192017
70.47,0.2,-0.13910454521912913,-0.13910454521912913
70.475,0.2,0.058796415332961774,0.058796415332961774
70.48,0.2,0.06991538628685717,0.06991538628685717
70.485,0.2,0.6105504632658657,0.6105504632658657
70.49,0.2,0.5813903714664832,0.5813903714664832
70.495,0.2,0.35114569518972294,0.35114569518972294
70.5,0.2,0.1796857118477926,0.1796857118477926
70.505,0.2,-0.13118070164662368,-0.13118070164662368
70.51,0.2,-0.3037236227811312,-0.3037236227811312
70.515,0.2,-0.25336058262492667,-0.25336058262492667
70.52,0.2,0.34698211432768244,0.34698211432768244
70.525,0.2,0.414330964343273,0.414330964343273
70.53,0.2,0.5522160936422885,0.5522160936422885
70.535,0.2,0.3898426559118088,0.3898426559118088
70.54,0.2,0.2445978505502418,0.2445978505502418
70.545,0.2,-0.008913082538097736,-0.008913082538097736
70.55,0.2,-0.16736472540684472,-0.16736472540684472
70.555,0.2,-0.1637098575637702,-0.1637098575637702
70.56,0.2,0.0056275989454837305,0.0056275989454837305
70.565,0.2,0.44000267116273256,0.44000267116273256
70.57,0.2,0.5946365451059136,0.5946365451059136
70.575,0.2,0.4482772576533507,0.4482772576533507
70.58,0.2,0.13741672404449626,0.13741672404449626
70.585,0.2,0.09242519295462537,0.09242519295462537
70.59,0.2,-0.36334354444287104,-0.36334354444287104
70.595,0.2,-0.16747387667574182,-0.16747387667574182
70.6,0.2,0.08882970075522088,0.08882970075522088
70.605,0.2,0.23607888479615866,0.23607888479615866
70.61,0.2,0.5157547665278704,0.5157547665278704
70.615,0.2,0.49123932814261745,0.49123932814261745
70.62,0.2,0.23639290905266647,0.23639290905266647
70.625,0.2,-0.26429278595818273,-0.26429278595818273
70.63,0.2,-0.25788453337826606,-0.25788453337826606
70.635,0.2,-0.099974792388769,-0.099974792388769
70.64,0.2,-0.006143957470394257,-0.006143957470394257
70.645,0.2,0.4221343721000146,0.4221343721000146
70.65,0.2,0.5199848270176116,0.5199848270176116
70.655,0.2,0.4765506861953216,0.4765506861953216
70.66,0.2,0.11394159626608343,0.11394159626608343
70.665,0.2,-0.11485025426111234,-0.11485025426111234
70.67,0.2,-0.24682198539418024,-0.24682198539418024
70.675,0.2,-0.22438238234899702,-0.22438238234899702
70.68,0.2,0.0709367729230827,0.0709367729230827
70.685,0.2,0.32882081410425634,0.32882081410425634
70.69,0.2,0.635852510107577,0.635852510107577
70.695,0.2,0.4309131105069616,0.4309131105069616
70.7,0.2,0.04917304899239133,0.04917304899239133
70.705,0.2,-0.1857184497274776,-0.1857184497274776
70.71,0.2,-0.276967344181444,-0.276967344181444
70.715,0.2,0.04362345772064641,0.04362345772064641
70.72,0.2,0.21132094879252641,0.21132094879252641
70.725,0.2,0.5179784269696803,0.5179784269696803
70.73,0.2,0.5207471639481349,0.5207471639481349
70.735,0.2,0.28356586757124697,0.28356586757124697
70.74,0.2,0.05727504109845481,0.05727504109845481
70.745,0.2,0.11015361770914561,0.11015361770914561
70.75,0.2,-0.10587701620355008,-0.10587701620355008
70.755,0.2,-0.13448987533565618,-0.13448987533565618
70.76,0.2,0.12969303665405696,0.12969303665405696
70.765,0.2,0.4147160278503874,0.4147160278503874
70.77,0.2,0.44687683068782574,0.44687683068782574
70.775,0.2,0.37663203763097586,0.37663203763097586
70.78,0.2,0.4094824993789381,0.4094824993789381
70.785,0.2,0.19641424011874425,0.19641424011874425
70.79,0.2,-0.35222507948711,-0.35222507948711
70.795,0.2,0.010583303083076256,0.010583303083076256
70.8,0.2,0.3766226557478205,0.3766226557478205
70.805,0.2,0.4764998415546427,0.4764998415546427
70.81,0.2,0.7174184838047508,0.7174184838047508
70.815,0.2,0.5221080140672587,0.5221080140672587
70.82,0.2,0.26972222988699096,0.26972222988699096
70.825,0.2,0.0838221809802409,0.0838221809802409
70.83,0.2,-0.13272419240539457,-0.13272419240539457
70.835,0.2,0.11050984565256204,0.11050984565256204
70.84,0.2,0.14877760954580768,0.14877760954580768
70.845,0.2,0.6346647674515166,0.6346647674515166
70.85,0.2,0.5789200979558053,0.5789200979558053
70.855,0.2,0.6207198453292601,0.6207198453292601
70.86,-0.2,0.05267161352922603,0.05267161352922603
70.865,-0.2,-0.07769011158635465,-0.07769011158635465
70.87,-0.2,-0.1567936585712697,-0.1567936585712697
70.875,-0.2,-0.05381394021172051,-0.05381394021172051
70.88,-0.2,0.39186663441845687,0.39186663441845687
70.885,-0.2,0.5964636794268056,0.5964636794268056
70.89,-0.2,0.7004315405486565,0.7004315405486565
70.895,-0.2,0.6643482722592987,0.6643482722592987
70.9,-0.2,0.12064919225276412,0.12064919225276412
70.905,-0.2,-0.21626320710989666,-0.21626320710989666
70.91,-0.2,-0.16359764275677888,-0.16359764275677888
70.915,-0.2,0.023760060086528426,0.023760060086528426
70.92,-0.2,0.2235528748037007,0.2235528748037007
70.925,-0.2,0.39146270186962384,0.39146270186962384
70.93,-0.2,0.5127102967080648,0.5127102967080648
70.935,-0.2,0.5321624288186461,0.5321624288186461
70.94,-0.2,0.293541914689871,0.293541914689871
70.945,-0.2,0.018625743808358797,0.018625743808358797
70.95,-0.2,-0.07411883129068365,-0.07411883129068365
70.955,-0.2,-0.06419597595059048,-0.06419597595059048
70.96,-0.2,0.3760579986768733,0.3760579986768733
70.965,-0.2,0.448749274598092,0.448749274598092
70.97,-0.2,0.6392711611768519,0.6392711611768519
70.975,-0.2,0.48607383448222574,0.48607383448222574
70.98,-0.2,0.3064010051136238,0.3064010051136238
70.985,-0.2,-0.10941909671362676,-0.10941909671362676
70.99,-0.2,-0.1964161148003682,-0.1964161148003682
70.995,-0.2,-0.04918173198447939,-0.04918173198447939
71.0,-0.2,0.3317189102089148,0.3317189102089148
71.005,-0.2,0.4745703997680594,0.4745703997680594
71.01,-0.2,0.9138890753796852,0.9138890753796852
71.015,-0.2,0.3252454251049676,0.3252454251049676
71.02,-0.2,0.2961212505253987,0.2961212505253987
71.025,-0.2,-0.042503898009748575,-0.042503898009748575
71.03,-0.2,-0.17023876886804787,-0.17023876886804787
71.035,-0.2,-0.077758868813093,-0.077758868813093
71.04,-0.2,0.3339437269738281,0.3339437269738281
71.045,-0.2,0.4339498215018986,0.4339498215018986
71.05,-0.2,0.631918961479416,0.631918961479416
71.055,-0.2,0.419055324395165,0.419055324395165
71.06,-0.2,0.2446347932549301,0.2446347932549301
71.065,-0.2,-0.008127439486314919,-0.008127439486314919
71.07,-0.2,-0.3214702602602122,-0.3214702602602122
71.075,-0.2,0.0541011161146774,0.0541011161146774
71.08,-0.2,0.25327689491592964,0.25327689491592964
71.085,-0.2,0.5414492809093523,0.5414492809093523
71.09,-0.2,0.7701628913436542,0.7701628913436542
71.095,-0.2,0.2922055273565184,0.2922055273565184
71.1,-0.2,0.05645144181446485,0.05645144181446485
71.105,-0.2,-0.22340238757480718,-0.22340238757480718
71.11,-0.2,0.0887496793376408,0.0887496793376408
71.115,-0.2,0.05879941641810667,0.05879941641810667
71.12,-0.2,0.10344589437867388,0.10344589437867388
71.125,-0.2,0.3633962843857778,0.3633962843857778
71.13,-0.2,0.5687261468481027,0.5687261468481027
71.135,-0.2,0.4378193247882658,0.4378193247882658
71.14,-0.2,0.13590067617207757,0.13590067617207757
71.145,-0.2,-0.19657911891449997,-0.19657911891449997
71.15,-0.2,-0.1265386862077423,-0.1265386862077423
71.155,-0.2,0.03400665306232034,0.03400665306232034
71.16,-0.2,0.08621311283310165,0.08621311283310165
71.165,-0.2,0.4403586892334512,0.4403586892334512
71.17,-0.2,0.6510389892903463,0.6510389892903463
71.175,-0.2,0.4407832929062645,0.4407832929062645
71.18,-0.2,0.090183463310933,0.090183463310933
71.185,-0.2,-0.12649362790515425,-0.12649362790515425
71.19,-0.2,-0.002324835306316525,-0.002324835306316525
71.195,-0.2,-0.11977597416599858,-0.11977597416599858
71.2,-0.2,0.1569446856820187,0.1569446856820187
71.205,-0.2,0.3627821844071167,0.3627821844071167
71.21,-0.2,0.5532109144338551,0.5532109144338551
71.215,-0.2,0.35894173471150753,0.35894173471150753
71.22,-0.2,0.21015852550112304,0.21015852550112304
71.225,-0.2,-0.06691575789092445,-0.06691575789092445
71.23,-0.2,-0.17341038389462698,-0.17341038389462698
71.235,-0.2,-0.008631722372041337,-0.008631722372041337
71.24,-0.2,0.3035206431269323,0.3035206431269323
71.245,-0.2,0.433526878462864,0.433526878462864
71.25,-0.2,0.5826234428167655,0.5826234428167655
71.255,-0.2,0.43937412821396404,0.43937412821396404
71.26,-0.2,0.14521016680005341,0.14521016680005341
71.265,-0.2,0.0028245574087149977,0.0028245574087149977
71.27,-0.2,-0.009643319241616544,-0.009643319241616544
71.275,-0.2,0.051052524610078975,0.051052524610078975
71.28,-0.2,0.22167369006988213,0.22167369006988213
71.285,-0.2,0.4602696983809151,0.4602696983809151
71.29,-0.2,0.4792964381509924,0.4792964381509924
71.295,-0.2,0.4521188155276,0.4521188155276
71.3,-0.2,0.14561131186861442,0.14561131186861442
71.305,-0.2,-0.2290654843174306,-0.2290654843174306
71.31,-0.2,-0.04001243279481942,-0.04001243279481942
71.315,-0.2,0.059998776162069514,0.059998776162069514
71.32,-0.2,0.28271193649880405,0.28271193649880405
71.325,-0.2,0.43584582483725187,0.43584582483725187
71.33,-0.2,0.5729487252417976,0.5729487252417976
71.335,-0.2,0.32744090864953534,0.32744090864953534
71.34,-0.2,0.056692340346910924,0.056692340346910924
71.345,-0.2,-0.1884041526052841,-0.1884041526052841
71.35,-0.2,-0.18815809011670528,-0.18815809011670528
71.355,-0.2,0.006256256071818657,0.006256256071818657
71.36,-0.2,0.3423356458454848,0.3423356458454848
71.365,-0.2,0.5210185104268918,0.5210185104268918
71.37,-0.2,0.6064897867151281,0.6064897867151281
71.375,-0.2,0.5438334977064381,0.5438334977064381
71.38,-0.2,-0.03662772716294352,-0.03662772716294352
71.385,-0.2,-0.09118845298822532,-0.09118845298822532
71.39,-0.2,-0.03607383048734536,-0.03607383048734536
71.395,-0.2,-0.024491093707246593,-0.024491093707246593
71.4,-0.2,0.33673603187154966,0.33673603187154966
71.405,-0.2,0.3539961606718809,0.3539961606718809
71.41,-0.2,0.6371067337832884,0.6371067337832884
71.415,-0.2,0.39748886584393905,0.39748886584393905
71.42,-0.2,0.1717726491659494,0.1717726491659494
71.425,-0.2,-0.060991957066513794,-0.060991957066513794
71.43,-0.2,-0.05638505769088885,-0.05638505769088885
71.435,-0.2,-0.0298619001726902,-0.0298619001726902
71.44,-0.2,0.1961697360745408,0.1961697360745408
71.445,-0.2,0.32748538905236146,0.32748538905236146
71.45,-0.2,0.6037503372013091,0.6037503372013091
71.455,-0.2,0.6021685869121973,0.6021685869121973
71.46,-0.2,0.17637335437392018,0.17637335437392018
71.465,-0.2,-0.18658194838206776,-0.18658194838206776
71.47,-0.2,0.02914438548605877,0.02914438548605877
71.475,-0.2,-0.08535171701328759,-0.08535171701328759
71.48,-0.2,0.2586857311932014,0.2586857311932014
71.485,-0.2,0.19281350083088583,0.19281350083088583
71.49,-0.2,0.42103717235810223,0.42103717235810223
71.495,-0.2,0.5875814620855729,0.5875814620855729
71.5,-0.2,0.1251726020246718,0.1251726020246718
71.505,-0.2,-0.266527215108131,-0.266527215108131
71.51,-0.2,-0.2611231260126152,-0.2611231260126152
71.515,-0.2,-0.15198575094740155,-0.15198575094740155
71.52,-0.2,0.27753808790083145,0.27753808790083145
71.525,-0.2,0.4530767369404586,0.4530767369404586
71.53,-0.2,0.5019308051947687,0.5019308051947687
71.535,-0.2,0.4086092321378459,0.4086092321378459
71.54,-0.2,0.2309610496602148,0.2309610496602148
71.545,-0.2,-0.11762452270844578,-0.11762452270844578
71.55,-0.2,-0.29869310874375676,-0.29869310874375676
71.555,-0.2,-0.10944623188371874,-0.10944623188371874
71.56,-0.2,0.15596851887666424,0.15596851887666424
71.565,-0.2,0.33244185187592123,0.33244185187592123
71.57,-0.2,0.6604867420222202,0.6604867420222202
71.575,-0.2,0.4056739561139271,0.4056739561139271
71.58,-0.2,0.25929948969317945,0.25929948969317945
71.585,-0.2,0.1191579080664738,0.1191579080664738
71.59,-0.2,-0.0972367563154743,-0.0972367563154743
71.595,-0.2,0.0556651829444396,0.0556651829444396
71.6,-0.2,0.3093528030279161,0.3093528030279161
71.605,-0.2,0.4987007300732534,0.4987007300732534
71.61,-0.2,0.653265460042983,0.653265460042983
71.615,-0.2,0.4787504171438164,0.4787504171438164
71.62,-0.2,0.06477499427272357,0.06477499427272357
71.625,-0.2,-0.1441330628978463,-0.1441330628978463
71.63,-0.2,-0.09308308646588773,-0.09308308646588773
71.635,-0.2,0.08748452887582334,0.08748452887582334
71.64,-0.2,0.2407192804421607,0.2407192804421607
71.645,-0.2,0.5570184557536839,0.5570184557536839
71.65,-0.2,0.7075284402253279,0.7075284402253279
71.655,-0.2,0.41668806507405043,0.41668806507405043
71.66,-0.2,0.47292704756123405,0.47292704756123405
71.665,-0.2,0.0157007298580003,0.0157007298580003
71.67,-0.2,-0.2358506097101803,-0.2358506097101803
71.675,-0.2,-0.0027926634449457768,-0.0027926634449457768
71.68,-0.2,0.3786889162826243,0.3786889162826243
71.685,-0.2,0.5926191688601598,0.5926191688601598
71.69,-0.2,0.6921778433016023,0.6921778433016023
71.695,-0.2,0.5309699042287245,0.5309699042287245
71.7,-0.2,0.2252877589758739,0.2252877589758739
71.705,-0.2,0.07967390495399837,0.07967390495399837
71.71,-0.2,-0.15311569854020124,-0.15311569854020124
71.715,-0.2,0.07597115286053259,0.07597115286053259
71.72,-0.2,0.24340798339527037,0.24340798339527037
71.725,-0.2,0.528009601383375,0.528009601383375
71.73,-0.2,0.642537944788468,0.642537944788468
71.735,-0.2,0.5786563837107924,0.5786563837107924
71.74,-0.2,0.4445293782383726,0.4445293782383726
71.745,-0.2,-0.12683289483276702,-0.12683289483276702
71.75,-0.2,-0.19034223034990105,-0.19034223034990105
71.755,-0.2,-0.02488749478694259,-0.02488749478694259
71.76,-0.2,0.22987115947618764,0.22987115947618764
71.765,-0.2,0.7291624136053005,0.7291624136053005
71.77,-0.2,0.7255622988927399,0.7255622988927399
71.775,-0.2,0.6206634021928685,0.6206634021928685
71.78,-0.2,0.2860613216313866,0.2860613216313866
71.785,-0.2,0.04212625353662236,0.04212625353662236
71.79,-0.2,0.049307665583362886,0.049307665583362886
71.795,-0.2,-0.0940476412875658,-0.0940476412875658
71.8,-0.2,0.3657564190288523,0.3657564190288523
71.805,-0.2,0.5420435328822398,0.5420435328822398
71.81,-0.2,0.7715627375304089,0.7715627375304089
71.815,-0.2,0.5175860488999162,0.5175860488999162
71.82,-0.2,0.2382418009060195,0.2382418009060195
71.825,-0.2,-0.22205498814090585,-0.22205498814090585
71.83,-0.2,-0.1022751277023148,-0.1022751277023148
71.835,-0.2,0.09321400000361575,0.09321400000361575
71.84,-0.2,0.19424135294286948,0.19424135294286948
71.845,-0.2,0.5263270116049832,0.5263270116049832
71.85,-0.2,0.6371873046583836,0.6371873046583836
71.855,-0.2,0.5977456463209762,0.5977456463209762
71.86,-0.2,0.3194953335297203,0.3194953335297203
71.865,-0.2,-0.04951531087669234,-0.04951531087669234
71.87,-0.2,-0.07396892145167486,-0.07396892145167486
71.875,-0.2,0.15011828742804656,0.15011828742804656
71.88,-0.2,0.10805234142469833,0.10805234142469833
71.885,-0.2,0.6071465431464116,0.6071465431464116
71.89,-0.2,0.8085493239811,0.8085493239811
71.895,-0.2,0.4444681728664812,0.4444681728664812
71.9,-0.2,0.2536238892585801,0.2536238892585801
71.905,-0.2,0.17965885645615298,0.17965885645615298
71.91,-0.2,-0.039329574885122384,-0.039329574885122384
71.915,-0.2,0.1822280772703091,0.1822280772703091
71.92,-0.2,0.3073717630375944,0.3073717630375944
71.925,-0.2,0.3145805353735349,0.3145805353735349
71.93,-0.2,0.8021066419419958,0.8021066419419958
71.935,-0.2,0.5911341648917741,0.5911341648917741
71.94,-0.2,0.31521846071385307,0.31521846071385307
71.945,-0.2,-0.09347599533669392,-0.09347599533669392
71.95,-0.2,-0.20025440248299436,-0.20025440248299436
71.955,-0.2,0.11917274444857576,0.11917274444857576
71.96,-0.2,0.24248501466519765,0.24248501466519765
71.965,-0.2,0.4943100032761338,0.4943100032761338
71.97,-0.2,0.6295483980799409,0.6295483980799409
71.975,-0.2,0.5429893960503139,0.5429893960503139
71.98,-0.2,0.11333234106527451,0.11333234106527451
71.985,-0.2,0.009755732552177564,0.009755732552177564
71.99,-0.2,-0.047869607999839955,-0.047869607999839955
71.995,-0.2,0.03270835267145987,0.03270835267145987
72.0,-0.2,0.46129285559956174,0.46129285559956174
72.005,-0.2,0.5326929562613709,0.5326929562613709
72.01,-0.2,0.6362121627726408,0.6362121627726408
72.015,-0.2,0.3758895861268421,0.3758895861268421
72.02,-0.2,0.27483491785512265,0.27483491785512265
72.025,-0.2,0.07424854963927129,0.07424854963927129
72.03,-0.2,-0.1726032301135848,-0.1726032301135848
72.035,-0.2,0.008839356170605129,0.008839356170605129
72.04,-0.2,0.4040739141733805,0.4040739141733805
72.045,-0.2,0.4296605132951134,0.4296605132951134
72.05,-0.2,0.5475112399624409,0.5475112399624409
72.055,-0.2,0.32223289551514356,0.32223289551514356
72.06,-0.2,0.18729059882142787,0.18729059882142787
72.065,-0.2,0.16177288134886034,0.16177288134886034
72.07,-0.2,-0.22045028900869948,-0.22045028900869948
72.075,-0.2,-0.0733758787091875,-0.0733758787091875
72.08,-0.2,0.34759167315658335,0.34759167315658335
72.085,-0.2,0.5942915673625903,0.5942915673625903
72.09,-0.2,0.5658055337044288,0.5658055337044288
72.095,-0.2,0.4438818051457454,0.4438818051457454
72.1,-0.2,0.17609346501716627,0.17609346501716627
72.105,-0.2,-0.23814565402057408,-0.23814565402057408
72.11,-0.2,-0.188401230705356,-0.188401230705356
72.115,-0.2,-0.0969117150569138,-0.0969117150569138
72.12,-0.2,0.15466870525881404,0.15466870525881404
72.125,-0.2,0.47234426597536405,0.47234426597536405
72.13,-0.2,0.6203789398932039,0.6203789398932039
72.135,-0.2,0.5156378431618244,0.5156378431618244
72.14,-0.2,0.06603146193662457,0.06603146193662457
72.145,-0.2,-0.01273683423518688,-0.01273683423518688
72.15,-0.2,-0.2636807549878616,-0.2636807549878616
72.155,-0.2,-0.2139364684158448,-0.2139364684158448
72.16,-0.2,0.229080825130639,0.229080825130639
72.165,-0.2,0.6140143759904431,0.6140143759904431
72.17,-0.2,0.7021652224360155,0.7021652224360155
72.175,-0.2,0.5432993945448181,0.5432993945448181
72.18,-0.2,0.10417191470700292,0.10417191470700292
72.185,-0.2,-0.23842201928046058,-0.23842201928046058
72.19,-0.2,-0.21196130385287149,-0.21196130385287149
72.195,-0.2,-0.12418054427273215,-0.12418054427273215
72.2,-0.2,0.27694709815708796,0.27694709815708796
72.205,-0.2,0.29196651111013205,0.29196651111013205
72.21,-0.2,0.6246960942477544,0.6246960942477544
72.215,-0.2,0.35717467198195374,0.35717467198195374
72.22,-0.2,0.24288211356535,0.24288211356535
72.225,-0.2,-0.17750754925791185,-0.17750754925791185
72.23,-0.2,-0.2434449299310624,-0.2434449299310624
72.235,-0.2,-0.019272250843618013,-0.019272250843618013
72.24,-0.2,0.11695281844864422,0.11695281844864422
72.245,-0.2,0.4558235691039704,0.4558235691039704
72.25,-0.2,0.7076039041581939,0.7076039041581939
72.255,-0.2,0.4627919731621775,0.4627919731621775
72.26,-0.2,0.17855406131034646,0.17855406131034646
72.265,-0.2,-0.11791284427002045,-0.11791284427002045
72.27,-0.2,-0.1216050048174664,-0.1216050048174664
72.275,-0.2,-0.05630829211501254,-0.05630829211501254
72.28,-0.2,0.33648055774653995,0.33648055774653995
72.285,-0.2,0.46105425752473334,0.46105425752473334
72.29,-0.2,0.45879024942793656,0.45879024942793656
72.295,-0.2,0.18370789149381278,0.18370789149381278
72.3,-0.2,0.23791632512724276,0.23791632512724276
72.305,-0.2,-0.14527940110061693,-0.14527940110061693
72.31,-0.2,-0.2715024376019395,-0.2715024376019395
72.315,-0.2,0.057034266378428566,0.057034266378428566
72.32,-0.2,0.46680115976534364,0.46680115976534364
72.325,-0.2,0.45961285309669125,0.45961285309669125
72.33,-0.2,0.4371141424100601,0.4371141424100601
72.335,-0.2,0.3386516064768447,0.3386516064768447
72.34,-0.2,-0.05403350083508229,-0.05403350083508229
72.345,-0.2,-0.14684705173746201,-0.14684705173746201
72.35,-0.2,-0.2551479975960055,-0.2551479975960055
72.355,-0.2,0.036058326280407754,0.036058326280407754
72.36,-0.2,0.19101227266502435,0.19101227266502435
72.365,-0.2,0.6824100167473157,0.6824100167473157
72.37,-0.2,0.6348929088583123,0.6348929088583123
72.375,-0.2,0.3083614059926095,0.3083614059926095
72.38,-0.2,0.06885128458132526,0.06885128458132526
72.385,-0.2,-0.020120044395847664,-0.020120044395847664
72.39,-0.2,-0.030030496224442427,-0.030030496224442427
72.395,-0.2,-0.010560057378696246,-0.010560057378696246
72.4,-0.2,0.18136038358335246,0.18136038358335246
72.405,-0.2,0.5687625034153064,0.5687625034153064
72.41,-0.2,0.5219212758830122,0.5219212758830122
72.415,-0.2,0.47929380789386394,0.47929380789386394
72.42,-0.2,0.0017818582446202935,0.0017818582446202935
72.425,-0.2,-0.1837278590328591,-0.1837278590328591
72.43,-0.2,-0.21025889539442089,-0.21025889539442089
72.435,-0.2,0.02117911912951792,0.02117911912951792
72.44,-0.2,0.1959162391062598,0.1959162391062598
72.445,-0.2,0.33101622662793484,0.33101622662793484
72.45,-0.2,0.40969788882826796,0.40969788882826796
72.455,-0.2,0.48380807149890753,0.48380807149890753
72.46,-0.2,0.1397965114899687,0.1397965114899687
72.465,-0.2,-0.15421176840655826,-0.15421176840655826
72.47,-0.2,-0.17611473802470445,-0.17611473802470445
72.475,-0.2,0.01706092479841126,0.01706092479841126
72.48,-0.2,0.42255951082714077,0.42255951082714077
72.485,-0.2,0.5018450909679827,0.5018450909679827
72.49,-0.2,0.380883205885518,0.380883205885518
72.495,-0.2,0.4121238763600543,0.4121238763600543
72.5,-0.2,0.025482640743507534,0.025482640743507534
72.505,-0.2,-0.1240270898652237,-0.1240270898652237
72.51,-0.2,-0.2685226283877738,-0.2685226283877738
72.515,-0.2,0.05607855040283605,0.05607855040283605
72.52,-0.2,0.15318916251220216,0.15318916251220216
72.525,-0.2,0.43739231317828475,0.43739231317828475
72.53,-0.2,0.634247688373419,0.634247688373419
72.535,-0.2,0.36173034117458264,0.36173034117458264
72.54,-0.2,0.14190190535408306,0.14190190535408306
72.545,-0.2,-0.07860225265551145,-0.07860225265551145
72.55,-0.2,-0.1943774249861886,-0.1943774249861886
72.555,-0.2,-0.04602853665853435,-0.04602853665853435
72.56,-0.2,0.17123776393545004,0.17123776393545004
72.565,-0.2,0.4558184721923731,0.4558184721923731
72.57,-0.2,0.5478688934712747,0.5478688934712747
72.575,-0.2,0.20685067487397746,0.20685067487397746
72.58,-0.2,0.21314242794128785,0.21314242794128785
72.585,-0.2,-0.046009012616798614,-0.046009012616798614
72.59,-0.2,-0.23216299777945865,-0.23216299777945865
72.595,-0.2,-0.049186665523599,-0.049186665523599
72.6,-0.2,0.17504671549968717,0.17504671549968717
72.605,-0.2,0.6428655911652915,0.6428655911652915
72.61,-0.2,0.4324807341018139,0.4324807341018139
72.615,-0.2,0.254299742329935,0.254299742329935
72.62,-0.2,0.04114230071690368,0.04114230071690368
72.625,-0.2,-0.09023010737082243,-0.09023010737082243
72.63,-0.2,-0.38485805128249523,-0.38485805128249523
72.635,-0.2,-0.12809672748454215,-0.12809672748454215
72.64,-0.2,0.1051391760786344,0.1051391760786344
72.645,-0.2,0.5244191653526068,0.5244191653526068
72.65,-0.2,0.5145519609027616,0.5145519609027616
72.655,-0.2,0.3497074179723471,0.3497074179723471
72.66,-0.2,0.19713594868304554,0.19713594868304554
72.665,-0.2,-0.20772076568168032,-0.20772076568168032
72.67,-0.2,-0.42436347484742243,-0.42436347484742243
72.675,-0.2,-0.23315291281937725,-0.23315291281937725
72.68,-0.2,0.057443581894671206,0.057443581894671206
72.685,-0.2,0.4615026697474923,0.4615026697474923
72.69,-0.2,0.4099698081936799,0.4099698081936799
72.695,-0.2,0.39905969096362065,0.39905969096362065
72.7,-0.2,0.19706237106221847,0.19706237106221847
72.705,-0.2,-0.04012286728720876,-0.04012286728720876
72.71,-0.2,-0.2944136233188098,-0.2944136233188098
72.715,-0.2,0.08544076351237481,0.08544076351237481
72.72,-0.2,0.1784138373880902,0.1784138373880902
72.725,-0.2,0.4638181688731381,0.4638181688731381
72.73,-0.2,0.6710882804391337,0.6710882804391337
72.735,-0.2,0.26134901900536933,0.26134901900536933
72.74,-0.2,0.048135994703914345,0.048135994703914345
72.745,-0.2,0.03884339795792201,0.03884339795792201
72.75,-0.2,-0.1938469267778081,-0.1938469267778081
72.755,-0.2,-0.026810506521878205,-0.026810506521878205
72.76,-0.2,0.13189690406542098,0.13189690406542098
72.765,-0.2,0.37256465280061873,0.37256465280061873
72.77,-0.2,0.47131968751136877,0.47131968751136877
72.775,-0.2,0.4823159779747419,0.4823159779747419
72.78,-0.2,0.29666770507073276,0.29666770507073276
72.785,-0.2,0.051029468372786824,0.051029468372786824
72.79,-0.2,-0.4511229665249535,-0.4511229665249535
72.795,-0.2,-0.0871578707270246,-0.0871578707270246
72.8,-0.2,0.12326813125801094,0.12326813125801094
72.805,-0.2,0.44321239394511597,0.44321239394511597
72.81,-0.2,0.5989326531060826,0.5989326531060826
72.815,-0.2,0.480061216247841,0.480061216247841
72.82,-0.2,0.26338238692534505,0.26338238692534505
72.825,-0.2,-0.2420973903771395,-0.2420973903771395
72.83,-0.2,-0.19800624904187042,-0.19800624904187042
72.835,-0.2,-0.07074338276582962,-0.07074338276582962
72.84,-0.2,0.3033790552713491,0.3033790552713491
72.845,-0.2,0.7391866072947318,0.7391866072947318
72.85,-0.2,0.5164794661126033,0.5164794661126033
72.855,-0.2,0.3301695127261183,0.3301695127261183
72.86,-0.2,0.14198584024640143,0.14198584024640143
72.865,-0.2,-0.07219397212127249,-0.07219397212127249
72.87,-0.2,-0.1293738628999746,-0.1293738628999746
72.875,-0.2,-0.013059212442139517,-0.013059212442139517
72.88,-0.2,0.3231726019967575,0.3231726019967575
72.885,-0.2,0.6123181280956402,0.6123181280956402
72.89,-0.2,0.34370564883927524,0.34370564883927524
72.895,-0.2,0.33732055129959954,0.33732055129959954
72.9,-0.2,0.14294880228437654,0.14294880228437654
72.905,-0.2,-0.17246371574581496,-0.17246371574581496
72.91,-0.2,-0.15236216720480864,-0.15236216720480864
72.915,-0.2,-0.1542176950063,-0.1542176950063
72.92,-0.2,0.28039820936508325,0.28039820936508325
72.925,-0.2,0.5537613164540288,0.5537613164540288
72.93,-0.2,0.47930855984381143,0.47930855984381143
72.935,-0.2,0.26047539916495466,0.26047539916495466
72.94,-0.2,0.0693715762189126,0.0693715762189126
72.945,-0.2,-0.1511664116629109,-0.1511664116629109
72.95,-0.2,-0.18068531711202154,-0.18068531711202154
72.955,-0.2,-0.1523962194777004,-0.1523962194777004
72.96,-0.2,0.2699354005910199,0.2699354005910199
72.965,-0.2,0.3489964786984113,0.3489964786984113
72.97,-0.2,0.5496159157647277,0.5496159157647277
72.975,-0.2,0.41163094311875,0.41163094311875
72.98,-0.2,0.15403382329263957,0.15403382329263957
72.985,-0.2,-0.024965184869047835,-0.024965184869047835
72.99,-0.2,-0.2069038887507835,-0.2069038887507835
72.995,-0.2,-0.18977206854133738,-0.18977206854133738
73.0,-0.2,0.2613941954783755,0.2613941954783755
73.005,-0.2,0.5389711093327271,0.5389711093327271
73.01,-0.2,0.4856047881357637,0.4856047881357637
73.015,-0.2,0.3807348591349126,0.3807348591349126
73.02,-0.2,0.25581602475020987,0.25581602475020987
73.025,-0.2,0.03285378938587047,0.03285378938587047
73.03,-0.2,-0.31667125877672603,-0.31667125877672603
73.035,-0.2,-0.17020789435379524,-0.17020789435379524
73.04,-0.2,0.2234525426641153,0.2234525426641153
73.045,-0.2,0.4192994438333879,0.4192994438333879
73.05,-0.2,0.6806107660332319,0.6806107660332319
73.055,-0.2,0.3593725872488698,0.3593725872488698
73.06,-0.2,0.19790512066033522,0.19790512066033522
73.065,-0.2,-0.04452264672967434,-0.04452264672967434
73.07,-0.2,-0.22202984081515137,-0.22202984081515137
73.075,-0.2,-0.20668590080723043,-0.20668590080723043
73.08,-0.2,0.2073546618312136,0.2073546618312136
73.085,-0.2,0.5619791865792065,0.5619791865792065
73.09,-0.2,0.3456071405883769,0.3456071405883769
73.095,-0.2,0.4574732415961361,0.4574732415961361
73.1,-0.2,0.367642334678948,0.367642334678948
73.105,-0.2,-0.016372553369167014,-0.016372553369167014
73.11,-0.2,-0.154039767210641,-0.154039767210641
73.115,-0.2,-0.05042997586438172,-0.05042997586438172
73.12,-0.2,0.2893947909423501,0.2893947909423501
73.125,-0.2,0.44501408106097085,0.44501408106097085
73.13,-0.2,0.5827317315022992,0.5827317315022992
73.135,-0.2,0.5455859625678422,0.5455859625678422
73.14,-0.2,0.22873888157601896,0.22873888157601896
73.145,-0.2,-0.10270831900720497,-0.10270831900720497
73.15,-0.2,-0.06945306336865602,-0.06945306336865602
73.155,-0.2,-0.12018630004484251,-0.12018630004484251
73.16,-0.2,0.30703309217480235,0.30703309217480235
73.165,-0.2,0.6508197251635705,0.6508197251635705
73.17,-0.2,0.5868531060821133,0.5868531060821133
73.175,-0.2,0.44565117493426104,0.44565117493426104
73.18,-0.2,0.18678925144188463,0.18678925144188463
73.185,-0.2,-0.045766544446841,-0.045766544446841
73.19,-0.2,0.031061400891257834,0.031061400891257834
73.195,-0.2,0.1309234956578333,0.1309234956578333
73.2,-0.2,0.500250202440084,0.500250202440084
73.205,-0.2,0.752911194385979,0.752911194385979
73.21,-0.2,0.5177671079733479,0.5177671079733479
73.215,-0.2,0.5325813782479136,0.5325813782479136
73.22,-0.2,0.15623598419704401,0.15623598419704401
73.225,-0.2,-0.0804036123840258,-0.0804036123840258
73.23,-0.2,-0.14145206127652185,-0.14145206127652185
73.235,-0.2,0.0810708129214195,0.0810708129214195
73.24,-0.2,0.5223290937765244,0.5223290937765244
73.245,-0.2,0.5843830987792726,0.5843830987792726
73.25,-0.2,0.6869332058404777,0.6869332058404777
73.255,-0.2,0.290627643141961,0.290627643141961
73.26,-0.2,0.20052537627523517,0.20052537627523517
73.265,-0.2,-0.010431403645505311,-0.010431403645505311
73.27,-0.2,0.12274934298287651,0.12274934298287651
73.275,-0.2,0.1349720646367204,0.1349720646367204
73.28,-0.2,0.41403727671031787,0.41403727671031787
73.285,-0.2,0.513407079168425,0.513407079168425
73.29,-0.2,0.589048837723737,0.589048837723737
73.295,-0.2,0.3256930760769756,0.3256930760769756
73.3,-0.2,0.15345049908137628,0.15345049908137628
73.305,-0.2,-0.06920131273383778,-0.06920131273383778
73.31,-0.2,-0.16223269973920537,-0.16223269973920537
73.315,-0.2,-0.01474692968873871,-0.01474692968873871
73.32,-0.2,0.3420479661086828,0.3420479661086828
73.325,-0.2,0.7077463083589649,0.7077463083589649
73.33,-0.2,0.7878965675467274,0.7878965675467274
73.335,-0.2,0.5502030492202018,0.5502030492202018
73.34,-0.2,0.11300369364148494,0.11300369364148494
73.345,-0.2,-0.1453801089976998,-0.1453801089976998
73.35,-0.2,-0.30681368768354333,-0.30681368768354333
73.355,-0.2,-0.14791184500615576,-0.14791184500615576
73.36,-0.2,0.069432286509892,0.069432286509892
73.365,-0.2,0.5100755445554099,0.5100755445554099
73.37,-0.2,0.5292809374490173,0.5292809374490173
73.375,-0.2,0.5349132983675501,0.5349132983675501
73.38,-0.2,0.26595114430671807,0.26595114430671807
73.385,-0.2,-0.16248375781255237,-0.16248375781255237
73.39,-0.2,-0.2978065300626897,-0.2978065300626897
73.395,-0.2,-0.1734005960445396,-0.1734005960445396
73.4,-0.2,0.1901959525978488,0.1901959525978488
73.405,-0.2,0.5295544428417005,0.5295544428417005
73.41,-0.2,0.46243668647317965,0.46243668647317965
73.415,-0.2,0.5435763949193488,0.5435763949193488
73.42,-0.2,0.07708164181483977,0.07708164181483977
73.425,-0.2,-0.057392970837474966,-0.057392970837474966
73.43,-0.2,-0.07680480821367267,-0.07680480821367267
73.435,-0.2,-0.1383328971472526,-0.1383328971472526
73.44,-0.2,0.16694323072515557,0.16694323072515557
73.445,-0.2,0.5387948062454715,0.5387948062454715
73.45,-0.2,0.4908972729409028,0.4908972729409028
73.455,-0.2,0.48535639428428473,0.48535639428428473
73.46,-0.2,0.07666709071275592,0.07666709071275592
73.465,-0.2,-0.27568001886063576,-0.27568001886063576
73.47,-0.2,-0.03044153813278133,-0.03044153813278133
73.475,-0.2,-0.04755183824366345,-0.04755183824366345
73.48,-0.2,0.08141489134258052,0.08141489134258052
73.485,-0.2,0.3540052037938366,0.3540052037938366
73.49,-0.2,0.5077126743808512,0.5077126743808512
73.495,-0.2,0.43876476686710486,0.43876476686710486
73.5,-0.2,0.042162001881827324,0.042162001881827324
73.505,-0.2,-0.27094576508175444,-0.27094576508175444
73.51,-0.2,-0.29237155058617753,-0.29237155058617753
73.515,-0.2,-0.010497519578027192,-0.010497519578027192
73.52,-0.2,0.1370986117316896,0.1370986117316896
73.525,-0.2,0.3106284943575293,0.3106284943575293
73.53,-0.2,0.7383287816403463,0.7383287816403463
73.535,-0.2,0.49107740991475973,0.49107740991475973
73.54,-0.2,0.07520823862541728,0.07520823862541728
73.545,-0.2,-0.14897625798418057,-0.14897625798418057
73.55,-0.2,-0.08656018042003398,-0.08656018042003398
73.555,-0.2,0.03172057514527217,0.03172057514527217
73.56,-0.2,0.19574376550527597,0.19574376550527597
73.565,-0.2,0.35570524446874024,0.35570524446874024
73.57,-0.2,0.42678582238813534,0.42678582238813534
73.575,-0.2,0.28392536837978627,0.28392536837978627
73.58,-0.2,0.05384435872443227,0.05384435872443227
73.585,-0.2,-0.1717339919083709,-0.1717339919083709
73.59,-0.2,-0.08376009462799255,-0.08376009462799255
73.595,-0.2,0.06281847556231823,0.06281847556231823
73.6,-0.2,0.17322813277258975,0.17322813277258975
73.605,-0.2,0.4410765737853263,0.4410765737853263
73.61,-0.2,0.4292755982793932,0.4292755982793932
73.615,-0.2,0.3438304881218724,0.3438304881218724
73.62,-0.2,0.14661341322200386,0.14661341322200386
73.625,-0.2,-0.06940912447584743,-0.06940912447584743
73.63,-0.2,-0.23433153022264291,-0.23433153022264291
73.635,-0.2,-0.049339273850823706,-0.049339273850823706
73.64,-0.2,0.07785029413872319,0.07785029413872319
73.645,-0.2,0.3324341860945915,0.3324341860945915
73.65,-0.2,0.4751163627577478,0.4751163627577478
73.655,-0.2,0.5771364653858182,0.5771364653858182
73.66,-0.2,0.2803875864964207,0.2803875864964207
73.665,-0.2,-0.13877938970146658,-0.13877938970146658
73.67,-0.2,-0.08040729796661819,-0.08040729796661819
73.675,-0.2,0.03447634070537858,0.03447634070537858
73.68,-0.2,0.16270882847484366,0.16270882847484366
73.685,-0.2,0.49465588564310303,0.49465588564310303
73.69,-0.2,0.5534659257431536,0.5534659257431536
73.695,-0.2,0.48098308431538234,0.48098308431538234
73.7,-0.2,0.21097611235584518,0.21097611235584518
73.705,-0.2,-0.08434988461703435,-0.08434988461703435
73.71,-0.2,-0.26929031364031325,-0.26929031364031325
73.715,-0.2,-0.06706888206216202,-0.06706888206216202
73.72,-0.2,0.07990427272168901,0.07990427272168901
73.725,-0.2,0.5047868875718229,0.5047868875718229
73.73,-0.2,0.7448572099921775,0.7448572099921775
73.735,-0.2,0.4173961589085276,0.4173961589085276
73.74,-0.2,0.1978925718923041,0.1978925718923041
73.745,-0.2,-0.07914824781433182,-0.07914824781433182
73.75,-0.2,-0.19727918289432808,-0.19727918289432808
73.755,-0.2,-0.10895422846239672,-0.10895422846239672
73.76,-0.2,0.1497940256691111,0.1497940256691111
73.765,-0.2,0.4586754826809478,0.4586754826809478
73.77,-0.2,0.6195049178425709,0.6195049178425709
73.775,-0.2,0.3863062235389854,0.3863062235389854
73.78,-0.2,0.10088651155966394,0.10088651155966394
73.785,-0.2,0.06317477998782273,0.06317477998782273
73.79,-0.2,-0.18551953261007098,-0.18551953261007098
73.795,-0.2,0.09658108660865297,0.09658108660865297
73.8,-0.2,0.3850990039735406,0.3850990039735406
73.805,-0.2,0.5048808447166494,0.5048808447166494
73.81,-0.2,0.5875664301305451,0.5875664301305451
73.815,-0.2,0.4566489043912932,0.4566489043912932
73.82,-0.2,0.13530026470317025,0.13530026470317025
73.825,-0.2,0.036756818151291684,0.036756818151291684
73.83,-0.2,-0.24171193091073617,-0.24171193091073617
73.835,-0.2,0.13644234532781097,0.13644234532781097
73.84,-0.2,0.29422826733033486,0.29422826733033486
73.845,-0.2,0.8519822792518508,0.8519822792518508
73.85,-0.2,0.4667244419466581,0.4667244419466581
73.855,-0.2,0.5181420179493827,0.5181420179493827
73.86,-0.2,0.4140867611039887,0.4140867611039887
73.865,-0.2,-0.05794730448835921,-0.05794730448835921
73.87,-0.2,0.03096253452521483,0.03096253452521483
73.875,-0.2,0.12928575410900106,0.12928575410900106
73.88,-0.2,0.23825305079275516,0.23825305079275516
73.885,-0.2,0.5671680153760821,0.5671680153760821
73.89,-0.2,0.5974998856757305,0.5974998856757305
73.895,-0.2,0.6634260610358467,0.6634260610358467
73.9,-0.2,0.23861128227188344,0.23861128227188344
73.905,-0.2,-0.06952341463118623,-0.06952341463118623
73.91,-0.2,-0.1372336122477133,-0.1372336122477133
73.915,-0.2,0.11142733550539945,0.11142733550539945
73.92,-0.2,0.13776344962160594,0.13776344962160594
73.925,-0.2,0.580640455043895,0.580640455043895
73.93,-0.2,0.5546177354674862,0.5546177354674862
73.935,-0.2,0.41114213349736944,0.41114213349736944
73.94,-0.2,0.20148766784590355,0.20148766784590355
73.945,-0.2,0.025292162759361164,0.025292162759361164
73.95,-0.2,-0.09916032386412292,-0.09916032386412292
73.955,-0.2,-0.16533677523162799,-0.16533677523162799
73.96,-0.2,0.1232560831216753,0.1232560831216753
73.965,-0.2,0.48779194387123076,0.48779194387123076
73.97,-0.2,0.4501020139045344,0.4501020139045344
73.975,-0.2,0.5448195188498981,0.5448195188498981
73.98,-0.2,0.21104322313331234,0.21104322313331234
73.985,-0.2,-0.19689767264152663,-0.19689767264152663
73.99,-0.2,-0.23094841423890067,-0.23094841423890067
73.995,-0.2,0.21212306878502354,0.21212306878502354
74.0,-0.2,0.2469722480238906,0.2469722480238906
74.005,-0.2,0.4745884709492704,0.4745884709492704
74.01,-0.2,0.36901452626254805,0.36901452626254805
74.015,-0.2,0.5663624725555297,0.5663624725555297
74.02,-0.2,0.25339991326214434,0.25339991326214434
74.025,-0.2,-0.13355503943271863,-0.13355503943271863
74.03,-0.2,-0.08157937014916183,-0.08157937014916183
74.035,-0.2,-0.04075406784312016,-0.04075406784312016
74.04,-0.2,0.17604444193847846,0.17604444193847846
74.045,-0.2,0.45073212624717196,0.45073212624717196
74.05,-0.2,0.7231266880564601,0.7231266880564601
74.055,-0.2,0.46114644331320837,0.46114644331320837
74.06,-0.2,0.171034962185642,0.171034962185642
74.065,-0.2,0.16449881113897236,0.16449881113897236
74.07,-0.2,-0.2724766632854917,-0.2724766632854917
74.075,-0.2,0.058596585331126314,0.058596585331126314
74.08,-0.2,0.27063743593857187,0.27063743593857187
74.085,-0.2,0.6716993885174866,0.6716993885174866
74.09,-0.2,0.7017454416225595,0.7017454416225595
74.095,-0.2,0.524946583444924,0.524946583444924
74.1,-0.2,0.36078153714515065,0.36078153714515065
74.105,-0.2,-0.14125233197766973,-0.14125233197766973
74.11,-0.2,-0.11215153189778072,-0.11215153189778072
74.115,-0.2,-0.038599996889850254,-0.038599996889850254
74.12,-0.2,0.414608748024636,0.414608748024636
74.125,-0.2,0.4224999064058946,0.4224999064058946
74.13,-0.2,0.653584200883254,0.653584200883254
74.135,-0.2,0.517278449122422,0.517278449122422
74.14,-0.2,0.19224081628706197,0.19224081628706197
74.145,-0.2,0.06855730297015591,0.06855730297015591
74.15,-0.2,0.021451357326708193,0.021451357326708193
74.155,-0.2,0.039958076138768034,0.039958076138768034
74.16,-0.2,0.45094593511063796,0.45094593511063796
74.165,-0.2,0.6648952669527285,0.6648952669527285
74.17,-0.2,0.6450441183047089,0.6450441183047089
74.175,-0.2,0.5326189639480401,0.5326189639480401
74.18,-0.2,0.16052766799219542,0.16052766799219542
74.185,-0.2,0.10740220887234142,0.10740220887234142
74.19,-0.2,-0.10773642421889783,-0.10773642421889783
74.195,-0.2,0.07397470629894909,0.07397470629894909
74.2,-0.2,0.3705440848833311,0.3705440848833311
74.205,-0.2,0.8124117129589039,0.8124117129589039
74.21,-0.2,0.7352190961389558,0.7352190961389558
74.215,-0.2,0.42370419786541336,0.42370419786541336
74.22,-0.2,0.052732287623643515,0.052732287623643515
74.225,-0.2,-0.06914964063012144,-0.06914964063012144
74.23,-0.2,-0.08492129677586548,-0.08492129677586548
74.235,-0.2,0.1115398274497076,0.1115398274497076
74.24,-0.2,0.39180441267078714,0.39180441267078714
74.245,-0.2,0.4288717758625325,0.4288717758625325
74.25,-0.2,0.7597343757406751,0.7597343757406751
74.255,-0.2,0.5932769312217868,0.5932769312217868
74.26,-0.2,0.2270714600606711,0.2270714600606711
74.265,-0.2,0.01991030178500438,0.01991030178500438
74.27,-0.2,-0.03528643018367633,-0.03528643018367633
74.275,-0.2,0.07414057138277225,0.07414057138277225
74.28,-0.2,0.22465657264961386,0.22465657264961386
74.285,-0.2,0.6576070503479026,0.6576070503479026
74.29,-0.2,0.5412224636550721,0.5412224636550721
74.295,-0.2,0.5390284550126535,0.5390284550126535
74.3,-0.2,0.12204304012433465,0.12204304012433465
74.305,-0.2,0.07938802746171238,0.07938802746171238
74.31,-0.2,-0.04201563002756291,-0.04201563002756291
74.315,-0.2,-0.13214508066041214,-0.13214508066041214
74.32,-0.2,0.09641544106226677,0.09641544106226677
74.325,-0.2,0.5790497108427634,0.5790497108427634
74.33,-0.2,0.5482639932331698,0.5482639932331698
74.335,-0.2,0.5275328635719073,0.5275328635719073
74.34,-0.2,0.3167700385758521,0.3167700385758521
74.345,-0.2,-0.020751795885168088,-0.020751795885168088
74.35,-0.2,-0.2235262913218148,-0.2235262913218148
74.355,-0.2,0.19510181945250735,0.19510181945250735
74.36,-0.2,0.28657609503664805,0.28657609503664805
74.365,-0.2,0.39717498681993535,0.39717498681993535
74.37,-0.2,0.7109518883493362,0.7109518883493362
74.375,-0.2,0.5196219431367948,0.5196219431367948
74.38,-0.2,0.31821794950702587,0.31821794950702587
74.385,-0.2,-0.03764539376355487,-0.03764539376355487
74.39,-0.2,-0.05749670870565009,-0.05749670870565009
74.395,-0.2,0.1730423793459414,0.1730423793459414
74.4,-0.2,0.19606761464289996,0.19606761464289996
74.405,-0.2,0.5051468932690382,0.5051468932690382
74.41,-0.2,0.7531077327463922,0.7531077327463922
74.415,-0.2,0.4856583924399001,0.4856583924399001
74.42,-0.2,0.20304743174809345,0.20304743174809345
74.425,-0.2,-0.19318237433966665,-0.19318237433966665
74.43,-0.2,-0.051271305857585214,-0.051271305857585214
74.435,-0.2,-0.06761800886142205,-0.06761800886142205
74.44,-0.2,0.22158662123575007,0.22158662123575007
74.445,-0.2,0.5726009959952899,0.5726009959952899
74.45,-0.2,0.6473210109145043,0.6473210109145043
74.455,-0.2,0.4853251541497744,0.4853251541497744
74.46,-0.2,0.41745259223560216,0.41745259223560216
74.465,-0.2,-0.0373271706238556,-0.0373271706238556
74.47,-0.2,-0.29066445296677895,-0.29066445296677895
74.475,-0.2,-0.00661117440931671,-0.00661117440931671
74.48,-0.2,0.3888222403012663,0.3888222403012663
74.485,-0.2,0.512498209863197,0.512498209863197
74.49,-0.2,0.5863600288665359,0.5863600288665359
74.495,-0.2,0.43836235026215903,0.43836235026215903
74.5,-0.2,0.13551912514673173,0.13551912514673173
74.505,-0.2,-0.13331602680598287,-0.13331602680598287
74.51,-0.2,-0.18658418057669907,-0.18658418057669907
74.515,-0.2,0.022110157154367982,0.022110157154367982
74.52,-0.2,0.3289847668379522,0.3289847668379522
74.525,-0.2,0.5450331163177261,0.5450331163177261
74.53,-0.2,0.8085589937551836,0.8085589937551836
74.535,-0.2,0.6837013274746553,0.6837013274746553
74.54,-0.2,0.4137012129535218,0.4137012129535218
74.545,-0.2,0.026261425028732972,0.026261425028732972
74.55,-0.2,-0.29738272909859115,-0.29738272909859115
74.555,-0.2,0.07452203759447051,0.07452203759447051
74.56,-0.2,0.22733847200534346,0.22733847200534346
74.565,-0.2,0.49728291708911976,0.49728291708911976
74.57,-0.2,0.8379561517796612,0.8379561517796612
74.575,-0.2,0.5970329107427507,0.5970329107427507
74.58,-0.2,0.10231921029434213,0.10231921029434213
74.585,-0.2,0.18877762932866937,0.18877762932866937
74.59,-0.2,-0.2017159168892157,-0.2017159168892157
74.595,-0.2,0.10776278857158683,0.10776278857158683
74.6,-0.2,0.35023303816568996,0.35023303816568996
74.605,-0.2,0.5708175526190213,0.5708175526190213
74.61,-0.2,0.7844550171704519,0.7844550171704519
74.615,-0.2,0.5213739279252309,0.5213739279252309
74.62,-0.2,0.29934543024897764,0.29934543024897764
74.625,-0.2,0.08404913589759307,0.08404913589759307
74.63,-0.2,0.0012642538678196702,0.0012642538678196702
74.635,-0.2,0.009426883540116032,0.009426883540116032
74.64,-0.2,0.37796181586300354,0.37796181586300354
74.645,-0.2,0.6443392204602927,0.6443392204602927
74.65,-0.2,0.6999009512736646,0.6999009512736646
74.655,-0.2,0.47777590320399366,0.47777590320399366
74.66,-0.2,0.23101927391651628,0.23101927391651628
74.665,-0.2,-0.15138499408710213,-0.15138499408710213
74.67,-0.2,-0.07267776540405357,-0.07267776540405357
74.675,-0.2,-0.05335742296988623,-0.05335742296988623
74.68,-0.2,0.3740315149312893,0.3740315149312893
74.685,-0.2,0.6067367174169084,0.6067367174169084
74.69,-0.2,0.5920052024688549,0.5920052024688549
74.695,-0.2,0.5107245840633706,0.5107245840633706
74.7,-0.2,0.22008223098238436,0.22008223098238436
74.705,-0.2,0.04122477048698363,0.04122477048698363
74.71,-0.2,-0.21500240380446495,-0.21500240380446495
74.715,-0.2,0.11025169425765327,0.11025169425765327
74.72,-0.2,0.20462754948504921,0.20462754948504921
74.725,-0.2,0.5257699376976153,0.5257699376976153
74.73,-0.2,0.4941837836768908,0.4941837836768908
74.735,-0.2,0.5759683220827635,0.5759683220827635
74.74,-0.2,0.2981499208455599,0.2981499208455599
74.745,-0.2,0.17524117411404713,0.17524117411404713
74.75,-0.2,0.08764465668565724,0.08764465668565724
74.755,-0.2,0.001061110212162519,0.001061110212162519
74.76,-0.2,0.3300140625782618,0.3300140625782618
74.765,-0.2,0.5414300755917758,0.5414300755917758
74.77,-0.2,0.5986445353690609,0.5986445353690609
74.775,-0.2,0.4264867758245404,0.4264867758245404
74.78,-0.2,0.2145323126079056,0.2145323126079056
74.785,-0.2,0.0049848039791301965,0.0049848039791301965
74.79,-0.2,0.0032574801313555446,0.0032574801313555446
74.795,-0.2,0.13979146286949617,0.13979146286949617
74.8,-0.2,0.20185620849886693,0.20185620849886693
74.805,-0.2,0.5255269723565459,0.5255269723565459
74.81,-0.2,0.5827721279872062,0.5827721279872062
74.815,-0.2,0.475305056886768,0.475305056886768
74.82,-0.2,0.17533080886711805,0.17533080886711805
74.825,-0.2,-0.0159008500529972,-0.0159008500529972
74.83,-0.2,-0.22019230507689458,-0.22019230507689458
74.835,-0.2,0.04670831840032983,0.04670831840032983
74.84,-0.2,0.14101146634773123,0.14101146634773123
74.845,-0.2,0.4561245228406542,0.4561245228406542
74.85,-0.2,0.530486207449187,0.530486207449187
74.855,-0.2,0.43433618893021436,0.43433618893021436
74.86,-0.2,0.1742664708891979,0.1742664708891979
74.865,-0.2,0.1430447831288284,0.1430447831288284
74.87,-0.2,-0.17036239960532723,-0.17036239960532723
74.875,-0.2,0.055647509854561114,0.055647509854561114
74.88,-0.2,0.11693789728803809,0.11693789728803809
74.885,-0.2,0.5074672586145345,0.5074672586145345
74.89,-0.2,0.7139330165361979,0.7139330165361979
74.895,-0.2,0.4703660537562786,0.4703660537562786
74.9,-0.2,0.1955199813719609,0.1955199813719609
74.905,-0.2,0.11897864986886564,0.11897864986886564
74.91,-0.2,-0.27084949782938883,-0.27084949782938883
74.915,-0.2,0.014851554836530022,0.014851554836530022
74.92,-0.2,0.1994045070022793,0.1994045070022793
74.925,-0.2,0.35732173108189724,0.35732173108189724
74.93,-0.2,0.6201353429522631,0.6201353429522631
74.935,-0.2,0.4141241498141142,0.4141241498141142
74.94,-0.2,0.22390458244402894,0.22390458244402894
74.945,-0.2,-0.08612508951690107,-0.08612508951690107
74.95,-0.2,-0.11478921670882195,-0.11478921670882195
74.955,-0.2,0.06993156643047284,0.06993156643047284
74.96,-0.2,0.2191971441636604,0.2191971441636604
74.965,-0.2,0.4598857319677886,0.4598857319677886
74.97,-0.2,0.5426685889275504,0.5426685889275504
74.975,-0.2,0.40117318146764674,0.40117318146764674
74.98,-0.2,0.15050342431133895,0.15050342431133895
74.985,-0.2,-0.02155267545040985,-0.02155267545040985
74.99,-0.2,-0.198846733879617,-0.198846733879617
74.995,-0.2,0.027454168713064303,0.027454168713064303
75.0,-0.2,0.367494897328316,0.367494897328316
75.005,-0.2,0.6299905256070172,0.6299905256070172
75.01,-0.2,0.5320273706740735,0.5320273706740735
75.015,-0.2,0.6959073520174472,0.6959073520174472
75.02,-0.2,0.11155785824743916,0.11155785824743916
75.025,-0.2,-0.007457964558443414,-0.007457964558443414
75.03,-0.2,-0.2321231394839715,-0.2321231394839715
75.035,-0.2,-0.027162279003233827,-0.027162279003233827
75.04,-0.2,0.3040671420011274,0.3040671420011274
75.045,-0.2,0.5352836803595117,0.5352836803595117
75.05,-0.2,0.6085649244066313,0.6085649244066313
75.055,-0.2,0.3749334970620198,0.3749334970620198
75.06,-0.2,0.008536481376796856,0.008536481376796856
75.065,-0.2,-0.11085840047695572,-0.11085840047695572
75.07,-0.2,-0.22219407000143043,-0.22219407000143043
75.075,-0.2,-0.0707197956040546,-0.0707197956040546
75.08,-0.2,0.3169349601236032,0.3169349601236032
75.085,-0.2,0.6212589495532758,0.6212589495532758
75.09,-0.2,0.46032153160303335,0.46032153160303335
75.095,-0.2,0.636735542015462,0.636735542015462
75.1,-0.2,0.15663920107353574,0.15663920107353574
75.105,-0.2,0.006414465531292532,0.006414465531292532
75.11,-0.2,-0.10960627832836677,-0.10960627832836677
75.115,-0.2,-0.11666273378204954,-0.11666273378204954
75.12,-0.2,-0.05385810617692513,-0.05385810617692513
75.125,-0.2,0.40842753788908825,0.40842753788908825
75.13,-0.2,0.5999907988201916,0.5999907988201916
75.135,-0.2,0.3109162665816855,0.3109162665816855
75.14,-0.2,0.1472636032616414,0.1472636032616414
75.145,-0.2,0.02556358382870788,0.02556358382870788
75.15,-0.2,-0.2142824864296491,-0.2142824864296491
75.155,-0.2,-0.06523772674730835,-0.06523772674730835
75.16,-0.2,0.17593212955142618,0.17593212955142618
75.165,-0.2,0.2909394726753579,0.2909394726753579
75.17,-0.2,0.6217749776870501,0.6217749776870501
75.175,-0.2,0.4635119653565427,0.4635119653565427
75.18,-0.2,0.2005590197338882,0.2005590197338882
75.185,-0.2,-0.1843846222063922,-0.1843846222063922
75.19,-0.2,-0.012768325341460884,-0.012768325341460884
75.195,-0.2,-0.027875815460868605,-0.027875815460868605
75.2,-0.2,0.42547984990484977,0.42547984990484977
75.205,-0.2,0.3256579214430241,0.3256579214430241
75.21,-0.2,0.59877206175567,0.59877206175567
75.215,-0.2,0.4540011612816909,0.4540011612816909
75.22,-0.2,0.2891784609749257,0.2891784609749257
75.225,-0.2,-0.06859415350829745,-0.06859415350829745
75.23,-0.2,-0.3085166235909408,-0.3085166235909408
75.235,-0.2,-0.11736979779528273,-0.11736979779528273
75.24,-0.2,0.09600929062398889,0.09600929062398889
75.245,-0.2,0.6699726517526123,0.6699726517526123
75.25,-0.2,0.700790079429144,0.700790079429144
75.255,-0.2,0.34078762134799867,0.34078762134799867
75.26,-0.2,0.32530903800745026,0.32530903800745026
75.265,-0.2,-0.24617765716390744,-0.24617765716390744
75.27,-0.2,-0.16389783246820713,-0.16389783246820713
75.275,-0.2,-0.0966427628239348,-0.0966427628239348
75.28,-0.2,0.16599772067219454,0.16599772067219454
75.285,-0.2,0.4530223653081453,0.4530223653081453
75.29,-0.2,0.5928693772712453,0.5928693772712453
75.295,-0.2,0.5019302466685442,0.5019302466685442
75.3,-0.2,0.17307332389407248,0.17307332389407248
75.305,-0.2,-0.02965069315365136,-0.02965069315365136
75.31,-0.2,-0.15702248403467056,-0.15702248403467056
75.315,-0.2,-0.0704339805714127,-0.0704339805714127
75.32,-0.2,0.17658659692892256,0.17658659692892256
75.325,-0.2,0.4289466470750817,0.4289466470750817
75.33,-0.2,0.6144848070347456,0.6144848070347456
75.335,-0.2,0.36858828009485434,0.36858828009485434
75.34,-0.2,0.05480434880977236,0.05480434880977236
75.345,-0.2,0.014261356511020368,0.014261356511020368
75.35,-0.2,-0.2629774971726113,-0.2629774971726113
75.355,-0.2,-0.05721412891299896,-0.05721412891299896
75.36,-0.2,0.19949361890529804,0.19949361890529804
75.365,-0.2,0.5867048312897607,0.5867048312897607
75.37,-0.2,0.4623225642538167,0.4623225642538167
75.375,-0.2,0.4381828379728001,0.4381828379728001
75.38,-0.2,0.15008944105204944,0.15008944105204944
75.385,-0.2,-0.2983923288403164,-0.2983923288403164
75.39,-0.2,-0.06725946931408938,-0.06725946931408938
75.395,-0.2,0.0008335131929573802,0.0008335131929573802
75.4,-0.2,0.066486400685008,0.066486400685008
75.405,-0.2,0.5073500109022496,0.5073500109022496
75.41,-0.2,0.5071096556251022,0.5071096556251022
75.415,-0.2,0.4042511293563017,0.4042511293563017
75.42,-0.2,0.08754164946256802,0.08754164946256802
75.425,-0.2,-0.08003845855411906,-0.08003845855411906
75.43,-0.2,-0.2600925338752624,-0.2600925338752624
75.435,-0.2,-0.08050215553167332,-0.08050215553167332
75.44,-0.2,0.2180422466999571,0.2180422466999571
75.445,-0.2,0.35900228805640766,0.35900228805640766
75.45,-0.2,0.5823112528752483,0.5823112528752483
75.455,-0.2,0.39582665588132465,0.39582665588132465
75.46,-0.2,0.011024976771446815,0.011024976771446815
75.465,-0.2,-0.2073619536022137,-0.2073619536022137
75.47,-0.2,-0.29488363131053896,-0.29488363131053896
75.475,-0.2,-0.12481491221410926,-0.12481491221410926
75.48,-0.2,0.06781673945249744,0.06781673945249744
75.485,-0.2,0.5280693462436024,0.5280693462436024
75.49,-0.2,0.6173100705546072,0.6173100705546072
75.495,-0.2,0.4199914696800058,0.4199914696800058
75.5,-0.2,0.1540402806051967,0.1540402806051967
75.505,-0.2,-0.002243465420153898,-0.002243465420153898
75.51,-0.2,-0.17759025773520562,-0.17759025773520562
75.515,-0.2,-0.23464878870291953,-0.23464878870291953
75.52,-0.2,0.16971172869318324,0.16971172869318324
75.525,-0.2,0.30334480287667465,0.30334480287667465
75.53,-0.2,0.5403353663048307,0.5403353663048307
75.535,-0.2,0.4252099013627543,0.4252099013627543
75.54,-0.2,0.28394410089564526,0.28394410089564526
75.545,-0.2,-0.21547039846108035,-0.21547039846108035
75.55,-0.2,-0.08381979208688747,-0.08381979208688747
75.555,-0.2,0.06715114550491758,0.06715114550491758
75.56,-0.2,0.2118983644793879,0.2118983644793879
75.565,-0.2,0.3159869643961865,0.3159869643961865
75.57,-0.2,0.4293479711564141,0.4293479711564141
75.575,-0.2,0.44234826255449083,0.44234826255449083
75.58,-0.2,0.1884817652208886,0.1884817652208886
75.585,-0.2,-0.20074235064176027,-0.20074235064176027
75.59,-0.2,-0.17696758837508758,-0.17696758837508758
75.595,-0.2,-0.05959507007789199,-0.05959507007789199
75.6,-0.2,0.231919575724132,0.231919575724132
75.605,-0.2,0.4929886332859806,0.4929886332859806
75.61,-0.2,0.5133622996484868,0.5133622996484868
75.615,-0.2,0.581244788244943,0.581244788244943
75.62,-0.2,-0.01570317418669312,-0.01570317418669312
75.625,-0.2,-0.06930614236104962,-0.06930614236104962
75.63,-0.2,-0.35805883631045754,-0.35805883631045754
75.635,-0.2,0.08511370686470206,0.08511370686470206
75.64,-0.2,0.2879490064082083,0.2879490064082083
75.645,-0.2,0.4797613847353324,0.4797613847353324
75.65,-0.2,0.7012597381774046,0.7012597381774046
75.655,-0.2,0.4886849624449947,0.4886849624449947
75.66,-0.2,0.13915774356066044,0.13915774356066044
75.665,-0.2,-0.170601540560371,-0.170601540560371
75.67,-0.2,-0.1625308827034564,-0.1625308827034564
75.675,-0.2,0.0428100821997983,0.0428100821997983
75.68,-0.2,0.38084974304444075,0.38084974304444075
75.685,-0.2,0.5450808442511973,0.5450808442511973
75.69,-0.2,0.6414824873193812,0.6414824873193812
75.695,-0.2,0.5505299300030032,0.5505299300030032
75.7,-0.2,0.38567194296745655,0.38567194296745655
75.705,-0.2,-0.22579267774334869,-0.22579267774334869
75.71,-0.2,-0.17125770414113697,-0.17125770414113697
75.715,-0.2,0.14105554815436044,0.14105554815436044
75.72,-0.2,0.06998056160542501,0.06998056160542501
75.725,-0.2,0.5676414170250449,0.5676414170250449
75.73,-0.2,0.6980291169211902,0.6980291169211902
75.735,-0.2,0.3685087645809565,0.3685087645809565
75.74,-0.2,0.24518114986427675,0.24518114986427675
75.745,-0.2,0.12361510895992127,0.12361510895992127
75.75,-0.2,-0.03050260485082569,-0.03050260485082569
75.755,-0.2,0.15463397661040149,0.15463397661040149
75.76,-0.2,0.0604656173443649,0.0604656173443649
75.765,-0.2,0.640956585478646,0.640956585478646
75.77,-0.2,0.6937871861791277,0.6937871861791277
75.775,-0.2,0.3840315828548276,0.3840315828548276
75.78,-0.2,0.23823446480915528,0.23823446480915528
75.785,-0.2,0.025766267929047973,0.025766267929047973
75.79,-0.2,-0.07229778578219057,-0.07229778578219057
75.795,-0.2,0.08257760154384815,0.08257760154384815
75.8,-0.2,0.2735426134594404,0.2735426134594404
75.805,-0.2,0.5818279887801772,0.5818279887801772
75.81,-0.2,0.5094341938485228,0.5094341938485228
75.815,-0.2,0.5727359842901709,0.5727359842901709
75.82,-0.2,0.3147195290532112,0.3147195290532112
75.825,-0.2,-0.05670008552688609,-0.05670008552688609
75.83,-0.2,-0.1300419502368797,-0.1300419502368797
75.835,-0.2,0.0877266756094032,0.0877266756094032
75.84,-0.2,0.21074782212956736,0.21074782212956736
75.845,-0.2,0.5018263175631301,0.5018263175631301
75.85,-0.2,0.6311072035776757,0.6311072035776757
75.855,-0.2,0.6462133344008019,0.6462133344008019
