t,reference,measured,noisy
210.355,0.2,-1.0073504158822596e-05,-0.3224658792623274
210.36,0.2,-7.377510986964541e-05,0.08579365494746113
210.365,0.2,-0.0002620947608449767,0.11490466661817483
210.37,0.2,-0.0006163629154394328,0.1887045869363863
210.375,0.2,-0.0010946648071948676,0.31050356880478636
210.38,0.2,-0.0015608490092922304,0.15423041109903407
210.385,0.2,-0.0018206083702451221,-0.13543538587085552
210.39,0.2,-0.0017081092734231014,-0.2943485678401748
210.395,0.2,-0.001180441581211874,-0.308362056683055
210.4,0.2,-0.00034215078909940685,0.10610199304667609
210.405,0.2,0.0006358249981450823,0.33539519303029236
210.41,0.2,0.001645157178564556,0.2546767493794657
210.415,0.2,0.0027065373594749005,0.15788634446305236
210.42,0.2,0.003934879599111325,0.04861634125971129
210.425,0.2,0.00546223025745835,0.009044625719545119
210.43,0.2,0.007375239502719639,-0.15223128482976322
210.435,0.2,0.009677694344735937,-0.11778831295239464
210.44,0.2,0.012284426731381439,0.03268978273525806
210.445,0.2,0.01506748787047751,0.367802811762366
210.45,0.2,0.017941915004435913,0.2543996348047013
210.455,0.2,0.020920478901197703,0.16929794387120425
210.46,0.2,0.024092778444687,0.18449772498986486
210.465,0.2,0.02755982885465884,-0.22683782369979194
210.47,0.2,0.03134847350125402,-0.4963526351079543
210.475,0.2,0.035325808515008675,-0.2687514498963774
210.48,0.2,0.039193994256639726,0.01300652331798735
210.485,0.2,0.04260440384321888,0.2996863340858362
210.49,0.2,0.04530320747056123,0.14913746102234016
210.495,0.2,0.04720250792481794,0.31394864511897
210.5,0.2,0.04836542427667328,0.09000562402644083
210.505,0.2,0.04894090056471795,-0.1792691941434977
210.51,0.2,0.04906649802588677,-0.2807389647025269
210.515,0.2,0.04878750705588877,-0.064528034985467
210.52,0.2,0.04805969670504339,0.061883143650178746
210.525,0.2,0.04682926393283331,0.3120132960845439
210.53,0.2,0.04512297430833242,0.3148467856237438
210.535,0.2,0.04309484222623828,0.35388997590286386
210.54,0.2,0.04101078159102839,0.14269486335581147
210.545,0.2,0.03917385258019379,-0.188273469381906
210.55,0.2,0.03781464137740323,-0.2019268972922567
210.555,0.2,0.037009568454332294,-0.17550023834251202
210.56,0.2,0.03668852831313553,0.20168568346948473
210.565,0.2,0.03672949050945574,0.3374864853200767
210.57,0.2,0.03707484398888186,0.44049778901390646
210.575,0.2,0.03778916150205104,0.18418780758455655
210.58,0.2,0.039021601679243303,0.023312705604461054
210.585,0.2,0.040907498775142874,-0.12163206143138437
210.59,0.2,0.04347852655078481,-0.20447881285261718
210.595,0.2,0.04662144428806474,-0.264396404818433
210.6,0.2,0.05009299347980218,0.08410718394655099
210.605,0.2,0.05360016418526601,0.32438464193754596
210.61,0.2,0.05692144305817015,0.3949141339545801
210.615,0.2,0.05999148894186111,0.36485470490856314
210.62,0.2,0.06289614072648331,0.12769377633615542
210.625,0.2,0.06578889043734389,-0.12491768152214189
210.63,0.2,0.06877493665138437,-0.2610069605471702
210.635,0.2,0.07182622038694152,-0.17316840301171732
210.64,0.2,0.07478102922642742,0.09617650083008569
210.645,0.2,0.07743036276992038,0.2984452511508332
210.65,0.2,0.0796349768720797,0.4260586125128977
210.655,0.2,0.08139658703508403,0.20320652537705985
210.66,0.2,0.08284435242608786,0.25961865705579423
210.665,0.2,0.08416238645711686,-0.07384536303506466
210.67,0.2,0.08550730710514211,0.01050005287091238
210.675,0.2,0.08694764763028785,-0.2110369725878613
210.68,0.2,0.08844785200044154,0.17336168108002725
210.685,0.2,0.08991506850779139,0.30112376946635266
210.69,0.2,0.09129257114690849,0.48005403937095936
210.695,0.2,0.09262665307428636,0.09440594559625337
210.7,0.2,0.094040126641198,0.03778641235999135
210.705,0.2,0.09564456107233103,0.04862322216752221
210.71,0.2,0.09747882007919999,-0.07471059902521271
210.715,0.2,0.09949620830253761,-0.06248106445089577
210.72,0.2,0.10157761784427742,0.12061021350602183
210.725,0.2,0.10356920534542739,0.02384299194374162
210.73,0.2,0.10534085738182934,0.5730660394475459
210.735,0.2,0.10685301536389225,0.3101221452389561
210.74,0.2,0.10818746874392574,0.11025962901276054
210.745,0.2,0.10948483267522797,-0.15801585573144727
210.75,0.2,0.11082833260225466,-0.16482448468218444
210.755,0.2,0.11217765043349105,0.003823842658542742
210.76,0.2,0.1133970218469137,0.14893316852253594
210.765,0.2,0.11434430129805807,0.378253534157216
210.77,0.2,0.1149606112065837,0.37504584192634227
210.775,0.2,0.11531068488824642,0.2573234121123703
210.78,0.2,0.11554954891894674,0.02576801025570019
210.785,0.2,0.11583774801273103,0.0006343938165904103
210.79,0.2,0.11625988423985871,-0.23267117859556402
210.795,0.2,0.11678365072800137,-0.01915126881421567
210.8,0.2,0.11727895986115086,0.1764085437251173
210.805,0.2,0.11760407270964512,0.5039451395183847
210.81,0.2,0.11771621448355861,0.4828132041391461
210.815,0.2,0.11773193166330197,0.4657023744030466
210.82,0.2,0.11789675372187149,0.12134178704305815
210.825,0.2,0.11848014898695852,-0.06218608413292909
210.83,0.2,0.11965196172323488,-0.19517579186020514
210.835,0.2,0.12140887850599548,-0.07717730221397895
210.84,0.2,0.12359196474925424,0.187946820189111
210.845,0.2,0.12598466847105416,0.40413314437371745
210.85,0.2,0.128427230811298,0.29068998907149957
210.855,0.2,0.13087056056891183,0.325316904441539
210.86,0.2,0.13335008217300687,0.031434980131993806
210.865,0.2,0.1359111040663805,-0.1181657188009744
210.87,0.2,0.13852504275209776,-0.20112407651288866
210.875,0.2,0.14104878585806185,0.06684351299690189
210.88,0.2,0.14326970688992188,0.31069497255888745
210.885,0.2,0.14501332314734036,0.4229736355650688
210.89,0.2,0.14623683152183412,0.4733327614263333
210.895,0.2,0.14705699721020546,0.468806448662878
210.9,0.2,0.1477083605063101,0.03059148196705716
210.905,0.2,0.14843818434351902,-0.13933394468336108
210.91,0.2,0.14938104353761408,-0.1943282267846463
210.915,0.2,0.1505015015164304,0.10016345271112485
210.92,0.2,0.15164689418751007,0.21431628835204325
210.925,0.2,0.1526564620963169,0.3165312680824405
210.93,0.2,0.15345085402138545,0.5254386300121274
210.935,0.2,0.15407369039109195,0.3280461892083739
210.94,0.2,0.1546706776192389,0.05700889037268697
210.945,0.2,0.15540230786067408,0.0005008260243300339
210.95,0.2,0.15634795810870225,-0.09784308658227535
210.955,0.2,0.1574674173081036,0.0431917520696964
210.96,0.2,0.15862865493566097,0.14269801032877652
210.965,0.2,0.15967776770995645,0.35131035270012695
210.97,0.2,0.1605157667381338,0.344801528074442
210.975,0.2,0.16114843320261235,0.5232418375565853
210.98,0.2,0.16169393367648496,0.25945005865902776
210.985,0.2,0.1623371853941308,0.045687976998442195
210.99,0.2,0.16323348069933533,-0.16946952475073673
210.995,0.2,0.1644171370432489,0.007173566785644698
211.0,0.2,0.1657851211146464,0.043213298274477785
211.005,0.2,0.16716095691348185,0.3312859744365661
211.01,0.2,0.16839087071134928,0.4136991282414227
211.015,0.2,0.16942317599079787,0.4843181899201245
211.02,0.2,0.17033133382787582,0.21816628797289367
211.025,0.2,0.17125938230348448,-0.019171399905385838
211.03,0.2,0.17231813741787916,-0.07977303012714454
211.035,0.2,0.1735050282898251,-0.06384193556398414
211.04,0.2,0.17470036548703244,0.15456136495309614
211.045,0.2,0.17573330502870751,0.2855590769539557
211.05,0.2,0.17647809721364102,0.5978707212517591
211.055,0.2,0.1769382547053182,0.5322979229020879
211.06,0.2,0.1772705455004011,0.28440245103811856
211.065,0.2,0.17771118303040526,-0.12085184869741808
211.07,0.2,0.1784400469510369,-0.026501908353717643
211.075,0.2,0.1794863544303649,-0.08473452160715697
211.08,0.2,0.180733139519572,0.12588794241932555
211.085,0.2,0.18199493820897464,0.3971981616689786
211.09,0.2,0.18312342826337635,0.46771097830371533
211.095,0.2,0.18408756046347782,0.4155719147034756
211.1,0.2,0.1849767101697434,0.18096713267607992
211.105,0.2,0.18592655789121257,-0.013308367247317395
211.11,0.2,0.18701882663249147,-0.08798372271659635
211.115,0.2,0.18821855311782082,-0.00014892300223197721
211.12,0.2,0.1893821187771266,0.07989735698238307
211.125,0.2,0.19032001294237993,0.27355156104790496
211.13,0.2,0.19088239171602397,0.5502642835177922
211.135,0.2,0.1910403765652792,0.507422429223621
211.14,0.2,0.1909079083344311,0.009848444853168742
211.145,0.2,0.19065717899209955,-0.04740899070968318
211.15,0.2,0.19038780465501262,-0.17320249479707567
211.155,0.2,0.19006451403297772,0.12731357623070516
211.16,0.2,0.18956007626373356,0.23369803159357266
211.165,0.2,0.18876007014067592,0.6093456710740821
211.17,0.2,0.18766450156789702,0.45868408440362807
211.175,0.2,0.18642425420868372,0.3913059334134225
211.18,0.2,0.18528856695722348,0.159975520410783
211.185,0.2,0.18450420020047337,0.0761109645013373
211.19,0.2,0.18422206869763344,-0.2073899420068337
211.195,0.2,0.18444000248511638,-0.008961789505376022
211.2,0.2,0.18501188299611404,0.2299831086083361
211.205,0.2,0.18573596203562642,0.36943481020986046
211.21,0.2,0.18646106533648704,0.2972871666457572
211.215,0.2,0.18714050226085657,0.5636501827480277
211.22,0.2,0.1878336945153233,0.21593602432411693
211.225,0.2,0.1886634195928616,0.07186963967258855
211.23,0.2,0.1897265524990592,-0.12996695916518364
211.235,0.2,0.19101791916990607,0.22607813696016713
211.24,0.2,0.19243550053063227,0.06950644017209229
211.245,0.2,0.193846491507109,0.4228392143855992
211.25,0.2,0.19515967495232503,0.4559631992426897
211.255,0.2,0.1963796249369972,0.4643173431320351
211.26,0.2,0.19761308954876397,0.2188242342779279
211.265,0.2,0.19901218203927237,0.19366835937243057
211.27,0.2,0.2006910110024122,-0.09855637356896405
211.275,0.2,0.2026583255228908,-0.03715160177969361
211.28,0.2,0.20479701028067698,0.14543194727910064
211.285,0.2,0.2069137189522486,0.3051853896782869
211.29,0.2,0.2088313245561052,0.3806018710165543
211.295,0.2,0.21046006689805077,0.3937106236550044
211.3,0.2,0.21181112657581636,0.21141410894733748
211.305,0.2,0.21295028656909415,-0.018371189067849812
211.31,0.2,0.21391574116722026,-0.07315955583561606
211.315,0.2,0.2146552648438671,-0.01660203988999375
211.32,0.2,0.2150297090286505,0.17067373844450698
211.325,0.2,0.21488568909302716,0.5457109444212634
211.33,0.2,0.21415991074200225,0.4857437134620126
211.335,0.2,0.21293987876462409,0.29645248729255524
211.34,0.2,0.2114233336448977,0.09336729988673695
211.345,0.2,0.2098099137545852,-0.05955198729686013
211.35,0.2,0.20820982409480152,0.04987219994993672
211.355,0.2,0.20661781039862503,-0.05960062389506614
211.36,0.2,0.20494516506076996,0.28116024612141133
211.365,0.2,0.20309197468002657,0.47125646214718037
211.37,0.2,0.2010408958291923,0.5932301326885998
211.375,0.2,0.19891798598270835,0.4308950297072309
211.38,0.2,0.19696810914962623,0.2171923638922688
211.385,0.2,0.1954558807685427,8.848277049303827e-05
211.39,0.2,0.1945531663898957,-0.07469147522814533
211.395,0.2,0.19427370874056607,-0.05381598890794398
211.4,0.2,0.194483844259482,0.21047870199179655
211.405,0.2,0.19498151828318921,0.3310564676483533
211.41,0.2,0.1955991203528855,0.46783357161167044
211.415,0.2,0.1962736667052314,0.4285817629465975
211.42,0.2,0.197049670487647,0.13285487777048544
211.425,0.2,0.19800968402389466,-0.04989303556324849
211.43,0.2,0.19917311159423956,-0.12009035104226598
211.435,0.2,0.20043389868833233,-0.08675566096776612
211.44,0.2,0.20157667637223345,0.21510371569815476
211.445,0.2,0.20236146466416485,0.3442809474424083
211.45,0.2,0.20263096440959044,0.5463573894435011
211.455,0.2,0.2023797206005576,0.37663317289835907
211.46,0.2,0.20174499818830907,0.2250838384629169
211.465,0.2,0.20092392357218336,-0.021039333408289097
211.47,0.2,0.20006645379543364,-0.08049219602080605
211.475,0.2,0.19920198829010521,-0.15899665991772627
211.48,0.2,0.19823219596800346,0.1632294347438989
211.485,0.2,0.1969995728006802,0.3996712376415519
211.49,0.2,0.19540347213435652,0.5570243752226568
211.495,0.2,0.19348846536268305,0.4148268976364972
211.5,0.2,0.19144883227647083,0.46424630708946346
211.505,0.2,0.18956566541566888,0.1958719740131539
211.51,0.2,0.18811156123042763,-0.1365645661975531
211.515,0.2,0.18724663358262153,-0.021591960355665716
211.52,0.2,0.1869667140280234,0.13191542525917338
211.525,0.2,0.18714892812711484,0.24581927204539505
211.53,0.2,0.18765414429944077,0.6033776546518579
211.535,0.2,0.18842373574569493,0.48213051971139265
211.54,0.2,0.1895090046675191,-0.020643131604279913
211.545,0.2,0.19099211045878897,0.031338110268655496
211.55,0.2,0.19287149585342,-0.07336563909403256
211.555,0.2,0.1950190279882691,0.016594375195621333
211.56,0.2,0.1972147557816426,0.16179642354639107
211.565,0.2,0.19921977293026213,0.33966630623758626
211.57,0.2,0.20086341509400746,0.5761899589919034
211.575,0.2,0.2021150161505078,0.506375747559592
211.58,0.2,0.20309434260278944,0.21243028206653086
211.585,0.2,0.20399509222920276,0.05383735090685103
211.59,0.2,0.20496440872898106,-0.16704590419641777
211.595,0.2,0.2060184026803671,0.04584878865632794
211.6,0.2,0.20704645836510488,0.24375019686231258
211.605,0.2,0.20790226748677149,0.5438404779949971
211.61,0.2,0.20851938170603418,0.5056955415071275
211.615,0.2,0.2089743674489675,0.5484609272855157
211.62,0.2,0.20946742752698272,0.25651805724138155
211.625,0.2,0.21023718577510397,0.05988275373992456
211.63,0.2,0.2114492260359317,-0.11064368365198535
211.635,0.2,0.21311434819954228,-0.05414638782573636
211.64,0.2,0.215082692555022,0.12589897362935898
211.645,0.2,0.2171160755429474,0.3233934636156994
211.65,0.2,0.21899447416487822,0.406927568598734
211.655,0.2,0.2205945876917307,0.35562040656167937
211.66,0.2,0.22190555827512806,0.3359097699164211
211.665,0.2,0.22298656470339157,-0.02732631275868431
211.67,0.2,0.22388596544299,-0.08425436733745806
211.675,0.2,0.22456686681779348,0.02328712257663764
211.68,0.2,0.22490082576693055,0.16571770652514528
211.685,0.2,0.2247315041783289,0.24333572525728503
211.69,0.2,0.22395139181499227,0.4065935877195078
211.695,0.2,0.22255359940431893,0.40670646764128154
211.7,0.2,0.22064360501860572,0.24438544581439797
211.705,0.2,0.21839224941186505,-0.06919511699806245
211.71,0.2,0.2159458321636162,0.05662806632469791
211.715,0.2,0.21336560552599249,0.09884923355895353
211.72,0.2,0.21064496203346356,0.2771433598475227
211.725,0.2,0.20777549650378524,0.41129750458959796
211.73,0.2,0.20481377275813623,0.5275603095547065
211.735,0.2,0.20191751817697712,0.4089106754075453
211.74,0.2,0.19933151114661887,0.4086436566232446
211.745,0.2,0.19731788809514444,-0.2242760742050094
211.75,0.2,0.19604836140340184,0.06026681671172704
211.755,0.2,0.19552602980263314,-0.11646288246726846
211.76,0.2,0.195595751725737,0.11289978848926693
211.765,0.2,0.19603029791135507,0.6276220646081974
211.77,0.2,0.1966568783446207,0.5129517896048086
211.775,0.2,0.19745214791756188,0.4696426067131934
211.78,0.2,0.19852856476437902,0.2243682437681511
211.785,0.2,0.2000393769814333,0.15407786701148768
211.79,0.2,0.2020812168537814,-0.03189887644695047
211.795,0.2,0.20463432580674495,0.00016594412477544465
211.8,0.2,0.2075589044387123,0.2691754546608028
211.805,0.2,0.21065873154376588,0.40526641928865154
211.81,0.2,0.21378411977545925,0.6768506269175292
211.815,0.2,0.2169100776871085,0.41494452667407483
211.82,0.2,0.22012847806581856,0.11231574739546638
211.825,0.2,0.22354989615656617,0.05589448255746858
211.83,0.2,0.227193707460545,-0.10754356201773164
211.835,0.2,0.23093931925859124,-0.033681349568792096
211.84,0.2,0.2345446881821064,0.0971823890876429
211.845,0.2,0.23771764895564376,0.33312202784401024
211.85,0.2,0.24021883722576967,0.5612826902645042
211.855,0.2,0.24194560673655854,0.2660084291076747
211.86,0.2,0.2429333000127429,0.13984320481814022
211.865,0.2,0.24327094345119132,-0.03776500333995153
211.87,0.2,0.2430035108455859,-0.13864758654738624
211.875,0.2,0.24207716514457842,-0.1594030438945427
211.88,0.2,0.24034380800767363,0.15394487406544557
211.885,0.2,0.23762968283353988,0.24821993425426683
211.89,0.2,0.2338361627769292,0.47483160276130354
211.895,0.2,0.22901119284412644,0.33222434595136274
211.9,0.2,0.22335121725299562,0.26042670406199275
211.905,0.2,0.21713320496733968,-0.06186228546179337
211.91,0.2,0.21061523678937208,0.025543141054575835
211.915,0.2,0.20396552061618137,-0.07895675154375309
211.92,0.2,0.1972589634502698,0.30692713801821875
211.925,0.2,0.19053669749764082,0.296401884811178
211.93,0.2,0.18388704372722747,0.5552769484855843
211.935,0.2,0.17749143616353863,0.21847954496917252
211.94,0.2,0.1715958516721884,0.09699961722344748
211.945,0.2,0.16642228312857493,-0.016742002741977596
211.95,0.2,0.16208747694332742,-0.04541239409131126
211.955,0.2,0.15857894530940678,0.05407072045987463
211.96,0.2,0.1557863746488944,0.1400673152630864
211.965,0.2,0.15356990781423857,0.4626954355654138
211.97,0.2,0.15184702069007108,0.5667080750167263
211.975,0.2,0.15066003516732548,0.4750632367573493
211.98,0.2,0.15017107721470074,0.2292451675968763
211.985,0.2,0.1505758528954168,0.059601166021920574
211.99,0.2,0.15199214803634709,-0.09472048337606567
211.995,0.2,0.15438368898874483,-0.14236976231259285
212.0,0.2,0.1575562495076374,0.31827313261173207
212.005,0.2,0.16123857224986413,0.27674099737041913
212.01,0.2,0.16520046122468238,0.5951876160855745
212.015,0.2,0.16933394114981964,0.4709916577734642
212.02,0.2,0.1736627020302908,0.26774100497503533
212.025,0.2,0.1782752581598639,0.041616991745212606
212.03,0.2,0.1832112311319654,-0.2682260513527277
212.035,0.2,0.18836316234378445,-0.16332526527355662
212.04,0.2,0.19345879884395767,0.1430197862220585
212.045,0.2,0.19815341397964328,0.43249671021188796
212.05,0.2,0.20218371474329103,0.7296827986793308
212.055,0.2,0.20548511158390745,0.4572094818477852
212.06,0.2,0.20818802530787395,0.06154121522650696
212.065,0.2,0.21049365859482733,0.0929207505908538
212.07,0.2,0.21253562143460952,-0.175639431755155
212.075,0.2,0.21430942404390904,-0.17593715422022266
212.08,0.2,0.21567277233943713,0.1785791219931397
212.085,0.2,0.2164246536487088,0.4736126519864112
212.09,0.2,0.21643826216108894,0.49909855742056597
212.095,0.2,0.21575216076386858,0.4800633158355178
212.1,0.2,0.21455744296528226,0.13615625118264535
212.105,0.2,0.21310054650233295,0.014783369028672007
212.11,0.2,0.2115646650825718,-0.16091892836819643
212.115,0.2,0.20999350018041615,-0.12149303895411998
212.12,0.2,0.20829565922407334,0.2973944549773442
212.125,0.2,0.20633492827756558,0.3930050932129698
212.13,0.2,0.20405176999745317,0.5407060624229654
212.135,0.2,0.20152366508571487,0.17915988041942915
212.14,0.2,0.19892357606899938,0.14582875094300196
212.145,0.2,0.19642457122988177,0.0391132540702251
212.15,0.2,0.1941260114783387,-0.05202649295380709
212.155,0.2,0.19202635917788896,0.002090523520033744
212.16,0.2,0.1900452257590266,0.42284576113211814
212.165,0.2,0.18811000655199206,0.6397623222050993
212.17,0.2,0.1862648610293823,0.5242792703596943
212.175,0.2,0.18470498853521677,0.38919044958135945
212.18,0.2,0.18370925492780868,0.25893065995592984
212.185,0.2,0.18353148424912158,-0.03687884044914673
212.19,0.2,0.18430231706862493,-0.09871647329160207
212.195,0.2,0.18597297293838416,-0.028588918660856978
212.2,0.2,0.1883324556886494,0.1405706763611265
212.205,0.2,0.1910932135839747,0.34933734293546304
212.21,0.2,0.1939957037148658,0.3482571786823011
212.215,0.2,0.1968766057944709,0.38092392744677245
212.22,0.2,0.19967392983343937,0.15500388549690491
212.225,0.2,0.20237778810442486,0.07043361764659552
212.23,0.2,0.20496150896122153,-0.00907246423425545
212.235,0.2,0.20733921762492127,0.10430898786631976
212.24,0.2,0.20937570361733934,0.1772316874876789
212.245,0.2,0.210944903117048,0.6138965506083529
212.25,0.2,0.2120111404263556,0.40123663095188694
212.255,0.2,0.21267287512247482,0.419578127758574
212.26,0.2,0.2131293848261554,0.2974579387541372
212.265,0.2,0.21359737407550997,-0.12143787379582596
212.27,0.2,0.21421151236622685,-0.1086422189494141
212.275,0.2,0.21495269317177987,-0.03135425321086069
212.28,0.2,0.21566820609237275,0.371134797806574
212.285,0.2,0.21618210979524352,0.4444914827822022
212.29,0.2,0.2164133518385253,0.5366764747178789
212.295,0.2,0.21642561349754022,0.4243079092708497
212.3,0.2,0.2163986659150672,0.347134532711173
212.305,0.2,0.21654216286304037,-0.25563114127221176
212.31,0.2,0.21697670253867896,-0.02831218892954432
212.315,0.2,0.21765180550365498,-0.15579370945815346
212.32,0.2,0.2183598944412274,0.04632184249460866
212.325,0.2,0.218825588489651,0.4477681819372491
212.33,0.2,0.21882957439299944,0.5198797827842304
212.335,0.2,0.21831069327872019,0.4431588376466547
212.34,0.2,0.2173772099695944,0.31026722400517665
212.345,0.2,0.21622618014306483,-0.03447509085620432
212.35,0.2,0.21502571853522925,-0.09713664160640555
212.355,0.2,0.21382274292682665,-0.11704162061756693
212.36,0.2,0.21252988118578764,0.20159392731558098
212.365,0.2,0.2110051264794375,0.5182256740172289
212.37,0.2,0.2091771509530133,0.5265853812339112
212.375,0.2,0.20712687551928344,0.4590160438042077
212.38,0.2,0.20506780972524663,0.18702963777852985
212.385,0.2,0.2032463001438254,-0.023588927317139553
212.39,0.2,0.2018228307917363,-0.1902072178379111
212.395,0.2,0.20079512911765157,-0.08182383579731381
212.4,0.2,0.20000410739048158,0.11089559579879808
212.405,0.2,0.19921922616777696,0.32327840897234095
212.41,0.2,0.19825533627301595,0.5294347120359035
212.415,0.2,0.1970644452901202,0.5332341599993538
212.42,0.2,0.1957566760384587,0.21378421924456947
212.425,0.2,0.19453128546940698,0.10823005281261094
212.43,0.2,0.19356215246461894,-0.06293661932509911
212.435,0.2,0.1929107931676521,-0.1190619527009521
212.44,0.2,0.19250771485491172,0.26196866729412666
212.445,0.2,0.19221574940500258,0.3899297843330706
212.45,0.2,0.19193798793000752,0.4503979051873392
212.455,0.2,0.19168723053838313,0.4277590668888155
212.46,0.2,0.19157835543068988,0.23119163707071672
212.465,0.2,0.1917607953281924,-0.004263504828480766
212.47,0.2,0.19232097344608384,-0.21687943061890913
212.475,0.2,0.1932054313744472,-0.002245100766856009
212.48,0.2,0.1942255154065264,0.17825044656920944
212.485,0.2,0.1951456350988372,0.2790031196338142
212.49,0.2,0.19578289928700937,0.3299740400165587
212.495,0.2,0.19606324365915537,0.5093309745955841
212.5,0.2,0.19603120087051118,0.1506239798524736
212.505,0.2,0.1958008488637192,-0.07203386085131146
212.51,0.2,0.19545359953934588,-0.13515799990930516
212.515,0.2,0.194963884505682,0.11208253739799587
212.52,0.2,0.19421863958651917,0.12429931542819264
212.525,0.2,0.19310412292004606,0.5915548746229496
212.53,0.2,0.19160334473502688,0.4883359704680204
212.535,0.2,0.1898494887009005,0.39959525062711454
212.54,0.2,0.18808374424446547,-0.051424471569986974
212.545,0.2,0.1865319248289164,-0.08331283874150787
212.55,0.2,0.18529136137843752,-0.07973852585938002
212.555,0.2,0.18430661576065963,0.08697117194742564
212.56,0.2,0.18343402406407186,0.32816959378110216
212.565,0.2,0.18254368122347636,0.40884140220545584
212.57,0.2,0.1816011716629482,0.44439082297776683
212.575,0.2,0.18069369933693538,0.4535167576773427
212.58,0.2,0.18000213008818372,0.2324531925362417
212.585,0.2,0.1797283787949883,-0.05593380135640956
212.59,0.2,0.17999709266887373,-0.04832521667234865
212.595,0.2,0.18079059875535558,0.009738051844912866
212.6,0.2,0.18196708925981317,0.2602420501312088
212.605,0.2,0.18334682578368905,0.40766486418938613
212.61,0.2,0.18480550552850628,0.3536304379548666
212.615,0.2,0.1863215062059292,0.520020702988495
212.62,0.2,0.1879743099665125,0.3892708545859056
212.625,0.2,0.1899056128468165,0.05428914594895402
212.63,0.2,0.192227020105776,-0.32131636370443406
212.635,0.2,0.19490342876024308,-0.14340719635256763
212.64,0.2,0.19771245860908057,0.04641286332052452
212.645,0.2,0.20032732349409188,0.30513688199595035
212.65,0.2,0.20245937305557343,0.5455953848737974
212.655,0.2,0.20397286549541033,0.49282316291069556
212.66,0.2,0.2049182504058931,0.3388268773682385
212.665,0.2,0.20547325502498565,0.15176745005797487
212.67,0.2,0.20583614273172063,0.031798090986071254
212.675,0.2,0.20613313579745363,-0.06894673181586539
212.68,0.2,0.20638252846057156,0.28100696000998593
212.685,0.2,0.20654453238455167,0.6141062450234334
212.69,0.2,0.20663454696384626,0.6023162432714926
212.695,0.2,0.2067969653412162,0.3252741191720959
212.7,0.2,0.20726583935391557,0.2752001411433449
212.705,0.2,0.20825992007207125,0.02995323034546478
212.71,0.2,0.20988980926530068,-0.10389136973391946
212.715,0.2,0.2121058182060741,-0.04060918920277484
212.72,0.2,0.214698735306328,-0.08575453023083993
212.725,0.2,0.217361781378937,0.4585790646368892
212.73,0.2,0.21981255428589436,0.7059277027790142
212.735,0.2,0.221926519982581,0.5028301852449645
212.74,0.2,0.2237720001508289,0.2126468132105246
212.745,0.2,0.22551088732194785,0.06504571496401747
212.75,0.2,0.22726261208700735,-0.04564132650437122
212.755,0.2,0.22902151327535353,-0.17694538618902952
212.76,0.2,0.23064480854640648,0.17663866237718204
212.765,0.2,0.2319221020829204,0.581443843526666
212.77,0.2,0.23270782042518606,0.48311757173613973
212.775,0.2,0.23301758297143102,0.5358348786711571
212.78,0.2,0.23301496991729967,0.17604197736021132
212.785,0.2,0.2329158480920199,0.08311650194076182
212.79,0.2,0.232881642804238,0.07190539909643706
212.795,0.2,0.23296148555467466,-0.02702477926993965
212.8,0.2,0.23310049166572455,0.35301169030802204
212.805,0.2,0.2332051581216844,0.4384442275174197
212.81,0.2,0.23323188144936702,0.43901586623338096
212.815,0.2,0.23323154371504495,0.3587370592972675
212.82,0.2,0.23332297688935824,0.22355280510296982
212.825,0.2,0.23362193706590412,-0.11082774919875474
212.83,0.2,0.23415623727153279,-0.09417970105025189
212.835,0.2,0.23481656758782327,0.06868044923109168
212.84,0.2,0.2353924119300097,0.2752455748334356
212.845,0.2,0.23567438396892168,0.4739978847847022
212.85,0.2,0.23555498358003374,0.5046595696508338
212.855,0.2,0.23507314287513756,0.39974015610852187
212.86,0.2,0.23438484951240832,0.2559187951789037
212.865,0.2,0.23367908065608925,-0.02709285219347651
212.87,0.2,0.23308156696911828,0.009560616260804025
212.875,0.2,0.23259280419824882,-0.14638793973189063
212.88,0.2,0.23209207091167947,0.33135627582431804
212.885,0.2,0.2314208136676801,0.5920017405693635
212.89,0.2,0.23050733496098125,0.4702991142120419
212.895,0.2,0.22943494469741504,0.532566481784499
212.9,0.2,0.22840752020233707,0.17951875751365048
212.905,0.2,0.22764436929578305,-0.20181908499180587
212.91,0.2,0.22725087005291958,-0.15014976459811993
212.915,0.2,0.2271388881496076,-0.19026378928736276
212.92,0.2,0.2270574788945157,0.3190353660667419
212.925,0.2,0.2267190245462498,0.4630402828749143
212.93,0.2,0.2259423779833959,0.45877631296432847
212.935,0.2,0.2247183592470987,0.36129225296282025
212.94,0.2,0.22317438256394456,0.2638957106192131
212.945,0.2,0.22148767539684378,-0.03257139547562142
212.95,0.2,0.2197892705996754,-0.09807312763738417
212.955,0.2,0.21809631401475874,0.007023579750687884
212.96,0.2,0.21631726082003103,0.21063820741250192
212.965,0.2,0.21432867733361913,0.3697263498806127
212.97,0.2,0.2120740086463404,0.6336104417753915
212.975,0.2,0.20962869490692954,0.289766027887721
212.98,0.2,0.20718602482968265,0.2831223319350094
212.985,0.2,0.20496530854284634,-0.14645041715083917
212.99,0.2,0.20309724966424705,-0.18943582779330723
212.995,0.2,0.20155123514698922,-0.023011180637192256
213.0,0.2,0.2001528933401266,0.10797167885181168
213.005,0.2,0.19868552286345542,0.5348708784650442
213.01,0.2,0.19701273957334606,0.3966609353619214
213.015,0.2,0.1951502593934716,0.5003033974615678
213.02,0.2,0.193250442794615,0.17797478830176167
213.025,0.2,0.19151790716364991,0.021267951908734824
213.03,0.2,0.19010300281766512,-0.10089131102335064
213.035,0.2,0.18903067949806052,0.020565626764900695
213.04,0.2,0.18820723965842928,0.20053184507649022
213.045,0.2,0.1874957312546885,0.3848418158077885
213.05,0.2,0.18681165316105722,0.5328722803547253
213.055,0.2,0.1861863237148198,0.4080254297634765
213.06,0.2,0.18576516154912756,0.3661937559111897
213.065,0.2,0.18574388754153193,0.04147027872361149
213.07,0.2,0.18627340939862477,-0.05283094276446368
213.075,0.2,0.1873787925645193,-0.05251805160402104
213.08,0.2,0.18894663942781695,0.3048078623135971
213.085,0.2,0.1907971505549751,0.29331634135660556
213.09,0.2,0.19277834368614616,0.3143157243095751
213.095,0.2,0.19481359147146582,0.4396608987432474
213.1,0.2,0.19689560202465964,0.007790771180033712
213.105,0.2,0.1990288663929452,-0.1538646714183701
213.11,0.2,0.20114244263646433,-0.04692044321906883
213.115,0.2,0.20305319036399586,-0.011930969843054614
213.12,0.2,0.20451349513284367,0.20131907048266437
213.125,0.2,0.20530195405273743,0.47558413940281746
213.13,0.2,0.20532035269603982,0.6236107037751542
213.135,0.2,0.2046501876232307,0.2399532017308933
213.14,0.2,0.20350809900407782,0.07499413326613308
213.145,0.2,0.20212039810328572,-0.0737285867400447
213.15,0.2,0.20061143195056763,-0.18451814670278271
213.155,0.2,0.1989617194311767,-0.041349119490599814
213.16,0.2,0.19704260044040328,0.2661337568374206
213.165,0.2,0.19471385339981612,0.3505906264161703
213.17,0.2,0.19192870966121656,0.511725717356598
213.175,0.2,0.18878669264405085,0.43114236694974994
213.18,0.2,0.18551969642816063,0.3414919306117544
213.185,0.2,0.18242446199091641,0.11990099434793297
213.19,0.2,0.17976692247835832,-0.04654220209497936
213.195,0.2,0.1776989540987652,0.010605178069148697
213.2,0.2,0.17623249690550322,0.12787019521134182
213.205,0.2,0.17529458610577928,0.6068796806397808
213.21,0.2,0.1748354075730064,0.4333535040806985
213.215,0.2,0.17490540990985282,0.45392743583767925
213.22,0.2,0.1756340216541938,0.01792902619152356
213.225,0.2,0.17712814283752987,-0.09856782535828953
213.23,0.2,0.1793670973285274,-0.09374335234716927
213.235,0.2,0.18216709473667955,-0.02574125082297557
213.24,0.2,0.18523162857533443,0.2315646775574493
213.245,0.2,0.18825046723211658,0.3427518033808869
213.25,0.2,0.19099618359609066,0.4109094700719074
213.255,0.2,0.1933730652941269,0.3355539429234181
213.26,0.2,0.19540712864829812,0.3740515930017607
213.265,0.2,0.19719451526678725,-0.049285855797541495
213.27,0.2,0.19881717809447036,-0.12917976754360497
213.275,0.2,0.2002608600295868,0.02842566234123342
213.28,0.2,0.20140898924768424,0.24770358433097903
213.285,0.2,0.2021292813685672,0.5385200571125822
213.29,0.2,0.20238530314778447,0.5404257187527891
213.295,0.2,0.20229045971297896,0.3277999939548729
213.3,0.2,0.20206256994349286,0.09338853102491698
213.305,0.2,0.2019087553051562,-0.1339296929524384
213.31,0.2,0.20191419564585594,-0.19920554372314103
213.315,0.2,0.20199611546135288,0.004697799568895603
213.32,0.2,0.20195390364136734,0.3652325895281773
213.325,0.2,0.20159287168767606,0.429663656923284
213.33,0.2,0.20084056167753797,0.5551269844503126
213.335,0.2,0.1997893915465976,0.4439084162618125
213.34,0.2,0.19865649871139376,0.11169270996688846
213.345,0.2,0.1976797597797502,-0.028421551009947275
213.35,0.2,0.19699815158971876,-0.24318528863305486
213.355,0.2,0.19658271306571215,-0.0283965233029368
213.36,0.2,0.1962511562708785,-0.050648399149686246
213.365,0.2,0.19575227010429236,0.4331231759535523
213.37,0.2,0.19488483767704587,0.47806461941096673
213.375,0.2,0.19359690481000857,0.4624931142929162
213.38,0.2,0.19200497824539794,0.33338135460020046
213.385,0.2,0.19032331006122166,-0.02572435784898758
213.39,0.2,0.18874395222012774,-0.18612248153078376
213.395,0.2,0.187334186809249,0.018997265061042705
213.4,0.2,0.1860208127266029,0.03721535287282304
213.405,0.2,0.18465969273157018,0.2959407057887107
213.41,0.2,0.18313128153206246,0.45089608558896943
213.415,0.2,0.18141151047709303,0.22025064363916858
213.42,0.2,0.17957494163339371,0.16554972891875536
213.425,0.2,0.17772956100228132,-0.03714564383068904
213.43,0.2,0.17593682055350282,-0.13663924016345214
213.435,0.2,0.17417008014804394,0.206924160293004
213.44,0.2,0.17233923215016622,0.0558986388626837
213.445,0.2,0.1703535591527341,0.2940681857178438
213.45,0.2,0.16817993886433832,0.5703029341523531
213.455,0.2,0.16588740984834996,0.19420763336577365
213.46,0.2,0.16364080909018042,0.21515628148892324
213.465,0.2,0.1616221432354355,-0.12037151781154651
213.47,0.2,0.15993277242396992,-0.21862729613740728
213.475,0.2,0.15852938034365807,-0.17378522177626893
213.48,0.2,0.15723340887769868,0.2576984716387064
213.485,0.2,0.15583190280894427,0.39518294110389385
213.49,0.2,0.15421217517316543,0.6232579974123316
213.495,0.2,0.15244282189495098,0.47551403958228533
213.5,0.2,0.15075279238641315,0.07924806722658884
213.505,0.2,0.14941743445723016,0.051937782905789376
213.51,0.2,0.1486290568282344,-0.1013570753032953
213.515,0.2,0.14843542778995703,0.06791062962250934
213.52,0.2,0.148763737740557,0.2686880783214939
213.525,0.2,0.14949756361411728,0.2375552763973449
213.53,0.2,0.15055404796107708,0.504569993460693
213.535,0.2,0.15192712829171925,0.3219443793702678
213.54,0.2,0.15368639867264874,0.25448253192941084
213.545,0.2,0.15592013607632244,-0.15518993012900115
213.55,0.2,0.15864132532788405,-0.11716400792814367
213.555,0.2,0.16172546361512233,0.030297878143021734
213.56,0.2,0.16494227894565439,0.3316255885988185
213.565,0.2,0.1680624812545069,0.38098108492516425
213.57,0.2,0.17095904260248024,0.549292226417933
213.575,0.2,0.17365186866409424,0.4865774190921049
213.58,0.2,0.17628462688655644,0.10573448640110616
213.585,0.2,0.17903637401267278,0.11492025365315006
213.59,0.2,0.18201183899121634,-0.23846366096586957
213.595,0.2,0.18517158462463443,-0.010086126416862486
213.6,0.2,0.1883307509721426,-0.040081004759622146
213.605,0.2,0.191230830786841,0.5087473846935247
213.61,0.2,0.19365915671314066,0.40776620727530843
213.615,0.2,0.1955399590265734,0.29842746617957194
213.62,0.2,0.1969251125677012,0.0927402330421151
213.625,0.2,0.19789787911071696,-0.27141179969266543
213.63,0.2,0.19845733658847173,-0.31751636684966056
213.635,0.2,0.19845540491574157,-0.03625180379327193
213.64,0.2,0.19763915405204396,0.09630431705628388
213.645,0.2,0.19577348594279734,0.4807629285974044
213.65,0.2,0.19276594541450898,0.4755314163237829
213.655,0.2,0.18873368653244252,0.5351816240400029
213.66,0.2,0.1839845284536512,0.23568319088700976
213.665,0.2,0.17891897343197832,0.017846360291227232
213.67,0.2,0.17389966404461002,-0.05317385947994269
213.675,0.2,0.16916144535108196,0.07438658263047228
213.68,0.2,0.16480184766655523,-0.0393126949602455
213.685,0.2,0.16082556157213873,0.3220908648363134
213.69,0.2,0.15722077302301418,0.6033499314723878
213.695,0.2,0.15405734107282848,0.6123655516098405
213.7,0.2,0.15153426752113236,0.16231317908033105
213.705,0.2,0.1499046033854338,-0.05531431238179968
213.71,0.2,0.14933311276137304,-0.05181976545926358
213.715,0.2,0.14981143771315414,-0.03919372126822064
213.72,0.2,0.15117661953030695,0.1875645135060756
213.725,0.2,0.15319774540122874,0.4186053160257154
213.73,0.2,0.1556831599106871,0.49458521828073865
213.735,0.2,0.15855306625650958,0.3893185519400153
213.74,0.2,0.16183443857409446,0.22330755885334685
213.745,0.2,0.1655872664896512,-0.013906603971799497
213.75,0.2,0.16980881345829715,-0.1300445989867513
213.755,0.2,0.17437250744832214,0.0731139885964145
213.76,0.2,0.1790477889660778,0.2668147676404631
213.765,0.2,0.1835949181780218,0.5110459833469659
213.77,0.2,0.18786896129533873,0.44721810868298506
213.775,0.2,0.19186534677557518,0.4389565483625452
213.78,0.2,0.19569267650609487,0.31327202423226747
213.785,0.2,0.19950590961241668,0.203577053033982
213.79,0.2,0.20342940959476996,-0.09012863250861365
213.795,0.2,0.20748583244355512,-0.0035849299020596654
213.8,0.2,0.21156785344309118,0.11991969723783553
213.805,0.2,0.21548773351347641,0.42413728328003925
213.81,0.2,0.2190786103689399,0.4204996193645199
213.815,0.2,0.22227127656851906,0.3403992925624806
213.82,0.2,0.2251021545931681,0.4587175067769844
213.825,0.2,0.2276691159394203,-0.06768455863915618
213.83,0.2,0.23004855727987994,-0.16079668345984063
213.835,0.2,0.232209020887613,0.13028187746502398
213.84,0.2,0.23401275615608128,0.31291230106059853
213.845,0.2,0.23531509355126748,0.42251034250478625
213.85,0.2,0.23606229486952923,0.4695651202260061
213.855,0.2,0.23632627033506157,0.45601749187223606
213.86,0.2,0.2362740079143377,0.01685463234986334
213.865,0.2,0.23607732620793462,-0.03873590310951968
213.87,0.2,0.23581057878498435,-0.07857208060990857
213.875,0.2,0.23540904773776292,-0.06586068296248537
213.88,0.2,0.2347099940850383,0.4229964365190366
213.885,0.2,0.23355863352056117,0.5172965497497763
213.89,0.2,0.23192105278015737,0.44306551836616803
213.895,0.2,0.22991834220388585,0.384454547683564
213.9,0.2,0.2277691445153768,0.1599222536726407
213.905,0.2,0.22569548306528464,0.03396026119332405
213.91,0.2,0.22383498424406928,-0.13223076974087195
213.915,0.2,0.22219216406467554,0.08494927121541912
213.92,0.2,0.220658571029557,0.18807668411114803
213.925,0.2,0.21909486685569562,0.44923238488766837
213.93,0.2,0.21742342873613754,0.3920766774777944
213.935,0.2,0.21567871552905013,0.4870205628088758
213.94,0.2,0.21399275706120716,0.07247022081581464
213.945,0.2,0.212517909376735,-0.029364442545219888
213.95,0.2,0.21132399940595248,-0.18459752529868742
213.955,0.2,0.21033762796343486,-0.026399560122433968
213.96,0.2,0.20936743543516928,0.24118612433640885
213.965,0.2,0.20820463470925152,0.48059399722558965
213.97,0.2,0.2067371883829057,0.40587785819829864
213.975,0.2,0.20499858158398843,0.3121502706629736
213.98,0.2,0.20313291553414034,0.33670526619815555
213.985,0.2,0.2013312622901196,0.2543792037418048
213.99,0.2,0.19976912203221542,-0.22480348595150917
213.995,0.2,0.19852836379793132,-0.08552398464143843
214.0,0.2,0.19754481197773852,0.08000075133314577
214.005,0.2,0.19665368891905086,0.37548494448640835
214.01,0.2,0.1957116252922617,0.6090001489909925
214.015,0.2,0.1947035054865327,0.42585139086922075
214.02,0.2,0.19375959662389536,0.27768826914898115
214.025,0.2,0.19307348542238856,-0.047058079104660575
214.03,0.2,0.1927826145923451,-0.04509457541533248
214.035,0.2,0.19289050831222018,-0.04408830770317772
214.04,0.2,0.19326886605835847,0.11823592014659265
214.045,0.2,0.19372730249645712,0.3968984390542192
214.05,0.2,0.19411506552299626,0.520014780338515
214.055,0.2,0.19440093604321182,0.36549826826003173
214.06,0.2,0.1946787164495872,0.3472456990936933
214.065,0.2,0.1951025518278995,0.051980091141886814
214.07,0.2,0.19579445613549,-0.10788347562500243
214.075,0.2,0.19676447903735622,-0.03970254622087636
214.08,0.2,0.19789493401792646,0.23922932512681683
214.085,0.2,0.19900812004544075,0.2523843281208116
214.09,0.2,0.1999592003489598,0.38295006562685585
214.095,0.2,0.20068716884764468,0.2573555666967817
214.1,0.2,0.20120945111819588,0.20533584718211242
214.105,0.2,0.2015747815934777,-0.03756024297653672
214.11,0.2,0.20179331516428894,-0.21348309445552427
214.115,0.2,0.201782656928328,0.1254004876607055
214.12,0.2,0.2013909836478874,0.3620088937463382
214.125,0.2,0.20049334597004187,0.2454859402955034
214.13,0.2,0.1990692591409891,0.48543177956954237
214.135,0.2,0.19721741478743507,0.3405119690547055
214.14,0.2,0.19512350796356784,0.03458966699778501
214.145,0.2,0.1929810894681727,-0.018206365345649365
214.15,0.2,0.1908994533090654,-0.13944464262814293
214.155,0.2,0.18885857148563423,-0.11141563411676805
214.16,0.2,0.1867332489414605,0.3350381930080817
214.165,0.2,0.18438534259537404,0.4208656844396122
214.17,0.2,0.18177765719449118,0.5337580982138597
214.175,0.2,0.1790312390755676,0.49246006235302553
214.18,0.2,0.17639119768572023,-0.023327535084189027
214.185,0.2,0.17411590176494815,0.03572228124868362
214.19,0.2,0.17235682045676923,-0.16479321746160774
214.195,0.2,0.17110712341678078,0.0046433165928949326
214.2,0.2,0.1702359817491883,0.2928964022415375
214.205,0.2,0.1695892771246678,0.5609020125562676
214.21,0.2,0.1691135970465295,0.7252477940168707
214.215,0.2,0.1689274982890249,0.42895783758871725
214.22,0.2,0.1692809946211797,0.14194375648996502
214.225,0.2,0.1704250528816597,0.043234116594556775
214.23,0.2,0.17248290083135848,-0.19067694727304457
214.235,0.2,0.17539103146760254,0.03241121691006621
214.24,0.2,0.17892427220446944,0.14016122174887846
214.245,0.2,0.18279153822088207,0.47041437629294325
214.25,0.2,0.18675726289874867,0.5603633151518413
214.255,0.2,0.19072674925399616,0.4941085257478245
214.26,0.2,0.1947466637104044,0.19358049599765326
214.265,0.2,0.1989142614784036,-0.10371155778338075
214.27,0.2,0.2032581855426047,0.0994846526759254
214.275,0.2,0.207682492129163,-0.020053422306107203
214.28,0.2,0.21198864677400087,-0.01994955376393459
214.285,0.2,0.21593527666560294,0.613868693992795
214.29,0.2,0.21933808735128685,0.5606055749736673
214.295,0.2,0.22217073883944108,0.4701289409919847
214.3,0.2,0.22457070617568123,0.35597966366527695
214.305,0.2,0.22674714052668254,-0.03131805054352894
214.31,0.2,0.22886073054754388,-0.04058081472650595
214.315,0.2,0.23093733949853265,-0.06767373684150722
214.32,0.2,0.23286046453126102,0.14159324174879911
214.325,0.2,0.23444599741544384,0.49897345940729865
214.33,0.2,0.23555264602389803,0.2950708944644524
214.335,0.2,0.2361486099286343,0.3569444952029883
214.34,0.2,0.23629775033717673,0.24840778679189035
214.345,0.2,0.2361045764579249,0.06411607403392318
214.35,0.2,0.23564671983575883,-0.18533880251601753
214.355,0.2,0.23491262214219294,0.09394912585429824
214.36,0.2,0.23380574670664817,0.3871700004949239
214.365,0.2,0.23223119086397145,0.2649763538421014
214.37,0.2,0.23017475477394195,0.33611107269941376
214.375,0.2,0.22771416560006225,0.3797144169979719
214.38,0.2,0.22499663609368759,0.26874883122592524
214.385,0.2,0.22219968201342435,-0.01747357883423677
214.39,0.2,0.21945513092777255,-0.25335703753328287
214.395,0.2,0.21677583564579378,0.21228936251024622
214.4,0.2,0.21406807125759703,0.13442360876550985
214.405,0.2,0.21122109313391774,0.35354402981257427
214.41,0.2,0.2081897786452769,0.4687656054488396
214.415,0.2,0.20503552479673065,0.3676815902592051
214.42,0.2,0.2019117286082876,0.01291038552233087
214.425,0.2,0.19898194060428456,0.007623897011628328
214.43,0.2,0.19632736975508966,-0.06309762221643944
214.435,0.2,0.19391258214608775,-0.01946408036008724
214.44,0.2,0.19161163472917753,0.13205596816416315
214.445,0.2,0.18926827092361517,0.2325550016911554
214.45,0.2,0.1867718606043195,0.5484524695246961
214.455,0.2,0.18412010466602857,0.2233394454701535
214.46,0.2,0.1814265884304558,0.39931421281361484
214.465,0.2,0.17886338311277614,-0.12255393408695398
214.47,0.2,0.17656658866487768,-0.1497211251812714
214.475,0.2,0.17455531567635008,0.042686635926245095
214.48,0.2,0.17272977591513233,0.1032566261652812
214.485,0.2,0.17095054509883958,0.401342939370249
214.49,0.2,0.1691409398924176,0.6458430211417772
214.495,0.2,0.1673656378794152,0.44213857561800274
214.5,0.2,0.1658298713443887,0.15085016715404578
214.505,0.2,0.16477598858258152,-0.0707168167269662
214.51,0.2,0.16435650749230493,0.07779376677811356
214.515,0.2,0.1645801021718352,-0.04717466920373231
214.52,0.2,0.16533262966222415,0.042721302340908984
214.525,0.2,0.16643013841267143,0.33910758548173286
214.53,0.2,0.16770160145037438,0.5819334630820407
214.535,0.2,0.1690845633218528,0.5069233330524449
214.54,0.2,0.1706608420163235,0.3086934395899718
214.545,0.2,0.17259624455527717,0.15421032213347816
214.55,0.2,0.1750341173271291,-0.01732546595394026
214.555,0.2,0.1780093249198714,-0.06969332846659217
214.56,0.2,0.1814185642903153,0.11888418095795818
214.565,0.2,0.18506743953818297,0.48386902291435513
214.57,0.2,0.1887787220244409,0.4702031201262078
214.575,0.2,0.19248190664368556,0.39133223099708725
214.58,0.2,0.19621024107862728,0.10704883176283081
214.585,0.2,0.2000159147920973,-0.053504976118689374
214.59,0.2,0.2038703807472022,-0.1741830656106943
214.595,0.2,0.20761370475501223,0.009993005588237042
214.6,0.2,0.21098592608433042,0.20989221674568417
214.605,0.2,0.21372659547921222,0.4763993157385166
214.61,0.2,0.21568251389887616,0.38298752883893333
214.615,0.2,0.21686145977349552,0.5673965601506437
214.62,0.2,0.2174173202745303,0.22596813522698578
214.625,0.2,0.2175727915480128,-0.13250311320005517
214.63,0.2,0.21749316636318322,-0.22645622924464853
214.635,0.2,0.21718611375977215,-0.062073198900510045
214.64,0.2,0.21651133614104862,0.18246961775706655
214.645,0.2,0.2152886678071629,0.42205603131012276
214.65,0.2,0.21342367126694486,0.49221509393095175
214.655,0.2,0.21097732954174336,0.40062194637769105
214.66,0.2,0.20815160597803362,0.3000859813509579
214.665,0.2,0.20520672707579912,-0.1153156725298932
214.67,0.2,0.20234244816838357,-0.2621832083942668
214.675,0.2,0.19960342352892957,0.019671170320396364
214.68,0.2,0.19688267445833713,0.05379678946050892
214.685,0.2,0.19401828470917348,0.42715758524614744
214.69,0.2,0.1909083770332699,0.41784033469278054
214.695,0.2,0.18758624335289129,0.5263145876585913
214.7,0.2,0.18422333282105052,0.13765561282580044
214.705,0.2,0.18104944540975518,-0.06634689965105195
214.71,0.2,0.17823394029856215,-0.041778979987672105
214.715,0.2,0.17581249913145464,-0.06959095573261471
214.72,0.2,0.17369607082501545,0.07705523313573845
214.725,0.2,0.1717324078605484,0.24442314058346556
214.73,0.2,0.16979081525231907,0.502980605822448
214.735,0.2,0.16783921319268758,0.3077336284085018
214.74,0.2,0.16596446552947125,0.33535598983483983
214.745,0.2,0.1643106585267525,-0.3280545867100637
214.75,0.2,0.16296867470510532,0.0930834829508072
214.755,0.2,0.16190974238977057,0.01806088794543205
214.76,0.2,0.1610203501411724,0.23809947329698694
214.765,0.2,0.16018929202852333,0.45122380895317876
214.77,0.2,0.1593815825279303,0.3183793821906782
214.775,0.2,0.1586651322638924,0.36216277989090234
214.78,0.2,0.15817705245176591,0.095485658702014
214.785,0.2,0.1580466318281479,-0.16696533112341627
214.79,0.2,0.15830646245282173,-0.13262938243037875
214.795,0.2,0.15884218343402928,-0.1548565040549199
214.8,0.2,0.15941987935364313,0.17588907145065966
214.805,0.2,0.15978339689411342,0.4700808644022722
214.81,0.2,0.15977857470157542,0.5198198086137623
214.815,0.2,0.15942605790409112,0.2733926195764069
214.82,0.2,0.1588892263373492,0.2627257242978631
214.825,0.2,0.15837391081885113,-0.09441588119060582
214.83,0.2,0.1580225034749247,-0.17233947382163217
214.835,0.2,0.1578406329563937,-0.1287884422161142
214.84,0.2,0.15769558306203202,0.12894687521938583
214.845,0.2,0.15739984813914565,0.4186742530583234
214.85,0.2,0.15682679990239648,0.2963086610313909
214.855,0.2,0.15597062531980296,0.20652989830085172
214.86,0.2,0.15491645199101234,0.1336941692536447
214.865,0.2,0.15376399478290878,-0.18892762390104284
214.87,0.2,0.1525505457249278,-0.12333948283807365
214.875,0.2,0.15121266602779676,0.0744172748368547
214.88,0.2,0.14962056327809584,0.08258900199102297
214.885,0.2,0.14765328565368085,0.2559979976512906
214.89,0.2,0.14525847142181153,0.2880273962085967
214.895,0.2,0.14247785042345038,0.19130569662159533
214.9,0.2,0.1394333350201368,0.1999757119559485
214.905,0.2,0.13627685296128758,-0.15785094445979841
214.91,0.2,0.13312355169799736,-0.0005682062188393511
214.915,0.2,0.1300106678390856,0.05574846563787064
214.92,0.2,0.1269098914011071,-0.09750608832751165
214.925,0.2,0.12376429169996256,0.27579495191036013
214.93,0.2,0.1205410639844253,0.5193741240870998
214.935,0.2,0.11730035704390451,0.1862860314369193
214.94,0.2,0.11420046653328214,-0.04490943262211468
214.945,0.2,0.11140222035307859,-0.15639137724530275
214.95,0.2,0.10896345324550097,-0.2201491425729899
214.955,0.2,0.10680025812322967,-0.21877351123250405
214.96,0.2,0.10471561839320245,0.08256247185805565
214.965,0.2,0.10248348999103431,0.28333654820560394
214.97,0.2,0.09995726058426173,0.34655100187032917
214.975,0.2,0.09713547262407586,0.22428045596413454
214.98,0.2,0.0941389710634571,-0.05799329773743285
214.985,0.2,0.09111605295450677,-0.20604870756508564
214.99,0.2,0.08814457586168761,-0.07830907922386585
214.995,0.2,0.08519612558223219,-0.22922568358606454
215.0,0.2,0.08216119380689264,0.0415340469784953
215.005,0.2,0.07891195284113606,0.3378613054246196
215.01,0.2,0.07540029063979439,0.5731558606142517
215.015,0.2,0.07173804859702233,0.12856845137653825
215.02,0.2,0.06817459979156673,0.18327770218269426
215.025,0.2,0.06498403204355253,-0.24698183169305415
215.03,0.2,0.06234828951258534,-0.1731744592416261
215.035,0.2,0.06029407822611289,-0.20004949045749387
215.04,0.2,0.05870856920742667,0.12683243604774497
215.045,0.2,0.05742145055935691,0.0938888798071621
215.05,0.2,0.05629784274731584,0.3519404006029079
215.055,0.2,0.05529792147081866,0.26985515403502014
215.06,0.2,0.05448051800354677,-0.07252413946500463
215.065,0.2,0.053935483557468855,-0.15576352309029076
215.07,0.2,0.05368359516021181,-0.32159168155196904
215.075,0.2,0.0536147670224154,-0.3179466956487244
215.08,0.2,0.05349454321669569,-0.050450152386175444
215.085,0.2,0.053034023730088115,-0.0014044698960846147
215.09,0.2,0.05198703451877796,0.17866476879357385
215.095,0.2,0.05022113111247302,0.1491007986963403
215.1,0.2,0.0477298899858163,-0.13962503135318496
215.105,0.2,0.04457625921656472,-0.26491435340177094
215.11,0.2,0.040807370638107195,-0.15671491382624964
215.115,0.2,0.03641429468559826,-0.22807415112145674
215.12,0.2,0.03134841835275449,-0.12710672054950256
215.125,0.2,0.02556892479701588,0.33135169808265785
215.13,0.2,0.019117019224851775,0.17360961695753263
215.135,0.2,0.012174695067857368,0.3019374163104108
215.14,0.2,0.005053837215219383,0.11526599701606903
215.145,0.2,-0.0018813604332312216,-0.32758149738684994
215.15,0.2,-0.008339220576140909,-0.5303538567522297
215.155,0.2,-0.014213384046717395,-0.214481351144527
215.16,0.2,-0.019582015364280402,-0.004007636287482085
215.165,0.2,-0.024584128655703613,0.3589307211703535
215.17,0.2,-0.02927907543629158,0.14748223446957165
215.175,0.2,-0.03359053662212983,0.18822704408228588
215.18,0.2,-0.03734369085081781,0.09093957087312932
215.185,0.2,-0.04033882100859825,-0.13221942205537515
215.19,0.2,-0.04243755161753657,-0.5426763341215655
215.195,0.2,-0.04365026682328308,-0.19556221633401702
215.2,0.2,-0.04414940872329837,0.01837669446773102
215.205,0.2,-0.044169787300013176,0.1993847203670699
215.21,0.2,-0.04387908466028351,0.31702117654005085
215.215,0.2,-0.043311243159347014,0.14754586758905547
215.22,0.2,-0.04239009216673793,-0.12428862006262476
215.225,0.2,-0.04102692659095946,-0.3460549671314385
215.23,0.2,-0.03923260535081867,-0.4042603326277086
215.235,0.2,-0.037171418281937714,-0.2686720309662227
215.24,0.2,-0.03513148593705202,-0.25262091065909453
215.245,0.2,-0.03343963775648565,0.14129879529651956
215.25,0.2,-0.03235198212917613,0.3309445148724098
215.255,0.2,-0.031959577023873746,0.1254191040040631
215.26,0.2,-0.03218103367035176,-0.12151925102420245
215.265,0.2,-0.03286432414346118,-0.4393286170660129
215.27,0.2,-0.03392682486143232,-0.58495127636278
215.275,0.2,-0.035441363551833305,-0.3452954939144952
215.28,0.2,-0.03760972903203488,-0.029504515125919173
215.285,0.2,-0.040635692462726164,0.2256505839053441
215.29,0.2,-0.044587720097039686,0.18429448394494635
215.295,0.2,-0.049339178584104325,0.25285840596357856
215.3,0.2,-0.054598002313125275,0.03309345360055001
215.305,0.2,-0.0599942987416211,-0.21200396338197613
215.31,0.2,-0.06519556212928022,-0.34576915705945077
215.315,0.2,-0.06999635385157166,-0.14662477989796585
215.32,0.2,-0.07432508102072737,-0.0777034989337421
215.325,0.2,-0.0781809804034958,0.0027685062860560994
215.33,0.2,-0.08156224666077165,0.19909762786728624
215.335,0.2,-0.08442064127215973,-0.011477318659980529
215.34,0.2,-0.08665747086278416,0.0767993441247638
215.345,0.2,-0.08816576170676761,-0.3597707268584742
215.35,0.2,-0.08890915942259339,-0.5532980240978604
215.355,-0.2,-0.088999294429494,-0.28601242627698054
215.36,-0.2,-0.08869337406245463,-0.12585945216455233
215.365,-0.2,-0.08829225763871784,0.10159044979336364
215.37,-0.2,-0.08802421230560648,0.009865947410967829
215.375,-0.2,-0.08799251458936454,0.06085779043596583
215.38,-0.2,-0.08819197613086209,-0.1167043490437426
215.385,-0.2,-0.08856590895691256,-0.27653104316954946
215.39,-0.2,-0.08908037860811335,-0.4371032137961822
215.395,-0.2,-0.08978383603267828,-0.30367166620875297
215.4,-0.2,-0.0908054524616468,-0.05173492543660277
215.405,-0.2,-0.09228428091170693,-0.02554066633420317
215.41,-0.2,-0.0942877524148099,0.06031934803291793
215.415,-0.2,-0.09677752792882308,-0.01899928786549246
215.42,-0.2,-0.09963153533718029,-0.21952186279370894
215.425,-0.2,-0.10270282770935821,-0.17468314922354242
215.43,-0.2,-0.10588275323047558,-0.47102510071598463
215.435,-0.2,-0.10915126952231793,-0.5490088408221222
215.44,-0.2,-0.11259648253485402,-0.05191254262374494
215.445,-0.2,-0.11635543680793578,0.014370919688670353
215.45,-0.2,-0.1204989327730621,0.110638973499088
215.455,-0.2,-0.1249634014980207,0.003292946035711189
215.46,-0.2,-0.12956934912122076,-0.06741303802791461
215.465,-0.2,-0.13409574437915606,-0.458227239231219
215.47,-0.2,-0.13837870226531276,-0.4413333610583722
215.475,-0.2,-0.14238936420055298,-0.550231883452204
215.48,-0.2,-0.1462381614195824,-0.11128000749696268
215.485,-0.2,-0.15008825545503748,0.12696096120156197
215.49,-0.2,-0.15402751095075665,0.08716494500164476
215.495,-0.2,-0.15799503007872945,0.06593714511144746
215.5,-0.2,-0.16181162546033395,-0.31686294822589856
215.505,-0.2,-0.16529161487280017,-0.69067249120963
215.51,-0.2,-0.16837397312979532,-0.487630564809495
215.515,-0.2,-0.17117539953793412,-0.3711286349982396
215.52,-0.2,-0.17392512300795313,-0.22501131199512708
215.525,-0.2,-0.1768491564502848,0.03650815197007365
215.53,-0.2,-0.18007229237786768,0.056200856169561775
215.535,-0.2,-0.18357044563070324,-0.06098350108410344
215.54,-0.2,-0.18719957130700066,-0.2968071464188799
215.545,-0.2,-0.1907854259358876,-0.3611441335620426
215.55,-0.2,-0.19420714475934495,-0.2735963564444544
215.555,-0.2,-0.19742090941181237,-0.2731108507643114
215.56,-0.2,-0.20043370907072014,-0.2067295081166921
215.565,-0.2,-0.20326009959288302,0.06251190856056127
215.57,-0.2,-0.2058666752490298,0.16470739138935142
215.575,-0.2,-0.2081269579378788,-0.08144377393987738
215.58,-0.2,-0.20984079865513441,-0.15705000530980667
215.585,-0.2,-0.2108167765415721,-0.37341458211146517
215.59,-0.2,-0.21096054127688582,-0.527280370843584
215.595,-0.2,-0.21032433767655154,-0.29585203272343696
215.6,-0.2,-0.20908921336988223,-0.2729360571609678
215.605,-0.2,-0.20748598689449724,0.011792161188751874
215.61,-0.2,-0.2057021879589986,0.04301929641427755
215.615,-0.2,-0.20382358267334397,-0.09097723455824581
215.62,-0.2,-0.20183625861450613,0.00216863101336795
215.625,-0.2,-0.19967643081187222,-0.40727264516626954
215.63,-0.2,-0.19730801888734462,-0.5586751457443406
215.635,-0.2,-0.19479998798020112,-0.34463854127974186
215.64,-0.2,-0.19233618476893552,-0.2642604629546194
215.645,-0.2,-0.19014069617446225,-0.05888857985645103
215.65,-0.2,-0.18838573031820388,-0.05059231248490473
215.655,-0.2,-0.18713780497085708,-0.009427053654313323
215.66,-0.2,-0.18635377505988793,-0.10339819433315275
215.665,-0.2,-0.18591844487771517,-0.24760340781361084
215.67,-0.2,-0.18570835495966173,-0.3850341876161651
215.675,-0.2,-0.18565366758129426,-0.32331143351785935
215.68,-0.2,-0.18575554957985937,-0.1023660127011242
215.685,-0.2,-0.1860333429570905,0.21948123400385638
215.69,-0.2,-0.1864328463482015,0.14833538792360013
215.695,-0.2,-0.18677906250745052,-0.06174016952062411
215.7,-0.2,-0.18682666530192216,-0.24356281471674895
215.705,-0.2,-0.18637244083248722,-0.5497264148740134
215.71,-0.2,-0.1853514222446982,-0.2991404747450924
215.715,-0.2,-0.18385164651272826,-0.1979000469167799
215.72,-0.2,-0.18204949551941424,-0.3202253848361076
215.725,-0.2,-0.18013305547741137,0.1032294090458552
215.73,-0.2,-0.17823656265934934,0.12799389800782168
215.735,-0.2,-0.17638513824981158,-0.027572799936702835
215.74,-0.2,-0.17449326792865066,0.06647863814616456
215.745,-0.2,-0.17242729905721282,-0.48773750438136354
215.75,-0.2,-0.1701017561435776,-0.44705162897151746
215.755,-0.2,-0.1675569364512255,-0.22898433594632467
215.76,-0.2,-0.1649411223859641,0.0017122342070983732
215.765,-0.2,-0.1624057670106173,0.10349472814258621
215.77,-0.2,-0.16000848082401958,0.1759960142963441
215.775,-0.2,-0.1576785513156347,0.1345880093257584
215.78,-0.2,-0.15524251524809451,-0.03938445526272044
215.785,-0.2,-0.152497515160081,-0.3003739043328771
215.79,-0.2,-0.1493140247955253,-0.5477356162562206
215.795,-0.2,-0.145726062405332,-0.504141669168115
215.8,-0.2,-0.14194594650780692,-0.12538608030250012
215.805,-0.2,-0.13827069207818968,0.08824793320917954
215.81,-0.2,-0.13493591995381207,0.21187309985049713
215.815,-0.2,-0.13202040705219933,0.07296993614971964
215.82,-0.2,-0.12945579231479748,-0.18707982578820312
215.825,-0.2,-0.1271182576643962,-0.2735396344216918
215.83,-0.2,-0.12493610909952425,-0.5427187090504701
215.835,-0.2,-0.12296058521911649,-0.4518466941394153
215.84,-0.2,-0.12137338476208859,-0.2880183404163106
215.845,-0.2,-0.12041884605547895,-0.011181854939569191
215.85,-0.2,-0.12028784353596614,0.1942010373669434
215.855,-0.2,-0.12101918813968207,0.09799894336046051
215.86,-0.2,-0.1224771648101037,0.03107711093092999
215.865,-0.2,-0.1244123711204846,-0.20963719694315577
215.87,-0.2,-0.126559729652271,-0.20824737944107027
215.875,-0.2,-0.12871406066527077,-0.19165687023692
215.88,-0.2,-0.13074681684874853,-0.027848733934602576
215.885,-0.2,-0.13256607743727414,0.17171003649465832
215.89,-0.2,-0.13404755411296615,0.3517422942833529
215.895,-0.2,-0.13497840767251945,0.22924430612482172
215.9,-0.2,-0.1350745784540555,-0.3572578635317206
215.905,-0.2,-0.134095211558176,-0.29288231835747985
215.91,-0.2,-0.131968106083026,-0.4181332674687874
215.915,-0.2,-0.1288300158661522,-0.47358690921524865
215.92,-0.2,-0.12498776082847068,-0.16236419875359995
215.925,-0.2,-0.12082294168652667,0.17676713211259595
215.93,-0.2,-0.11666145719259459,0.02360323830398539
215.935,-0.2,-0.11269354649752103,-0.03967193679172802
215.94,-0.2,-0.1089955055801324,-0.14762492702276878
215.945,-0.2,-0.10560937605507661,-0.5513178070240393
215.95,-0.2,-0.1026310918624729,-0.44586638501707304
215.955,-0.2,-0.10025558605666532,-0.22941909704810348
215.96,-0.2,-0.09872718488366833,-0.0031235156522926716
215.965,-0.2,-0.09823043621899212,0.04157805759893175
215.97,-0.2,-0.09880510295802446,0.26634012905965476
215.975,-0.2,-0.10032367155812957,-0.10005695164093646
215.98,-0.2,-0.10253999757260837,-0.13554159543102856
215.985,-0.2,-0.10518384133652597,-0.18309621128640427
215.99,-0.2,-0.10804133783397317,-0.44206805365406265
215.995,-0.2,-0.11100083960676443,-0.3423494706888961
216.0,-0.2,-0.11405933644113815,-0.11044295068227618
216.005,-0.2,-0.11726286196797074,0.11541616522496032
216.01,-0.2,-0.120602088409198,0.31051468103748603
216.015,-0.2,-0.12394093694872703,-0.03779442643531568
216.02,-0.2,-0.12703131512370375,0.17479218025894078
216.025,-0.2,-0.12958999901525856,-0.31608322853874904
216.03,-0.2,-0.1313920311247109,-0.3598647229645272
216.035,-0.2,-0.1323524033711356,-0.3568796832733557
216.04,-0.2,-0.13254282212781385,-0.030032952618981465
216.045,-0.2,-0.13211532688897004,0.1051824052288953
216.05,-0.2,-0.1311951712000995,0.042345711990918855
216.055,-0.2,-0.1298274433932689,0.04688792291789541
216.06,-0.2,-0.1279954478078473,-0.1457738775925216
216.065,-0.2,-0.12568090496138257,-0.3669089224968387
216.07,-0.2,-0.12294203256009213,-0.5686085969258258
216.075,-0.2,-0.11997083406816132,-0.29933837819152487
216.08,-0.2,-0.11707409066223116,-0.21760156859227325
216.085,-0.2,-0.11457429249222577,0.19056121496429493
216.09,-0.2,-0.11269251678550632,0.04198378255448762
216.095,-0.2,-0.11148779607850269,0.041972158406771626
216.1,-0.2,-0.11087823621724091,0.018608908250905748
216.105,-0.2,-0.11071131724038809,-0.4003697686422857
216.11,-0.2,-0.11085649585311837,-0.42867550785254765
216.115,-0.2,-0.11128562445174536,-0.3281977649337522
216.12,-0.2,-0.11206725582131427,0.19752921002806742
216.125,-0.2,-0.11326215169582259,0.08261734087534758
216.13,-0.2,-0.11481975861456149,0.1636184670615486
216.135,-0.2,-0.11656037209175914,0.08714793625343986
216.14,-0.2,-0.11822646859983929,-0.10878378131253807
216.145,-0.2,-0.11956241445763816,-0.2598334893020535
216.15,-0.2,-0.12039792241379173,-0.35433270871377087
216.155,-0.2,-0.12070577191905124,-0.5124529518757179
216.16,-0.2,-0.12060619341378391,-0.013110027347891504
216.165,-0.2,-0.12028899967794564,0.22255013418475728
216.17,-0.2,-0.11988054931221039,0.18346142664734263
216.175,-0.2,-0.11936262756112843,0.13432561260162762
216.18,-0.2,-0.11860112727203737,-0.161615249740922
216.185,-0.2,-0.11744379937447415,-0.28933846440508987
216.19,-0.2,-0.11581928198364844,-0.30750107459349624
216.195,-0.2,-0.11379030218103336,-0.5201875323817655
216.2,-0.2,-0.11154776477912856,-0.007935571630150809
216.205,-0.2,-0.10933960024129796,0.006602591130994928
216.21,-0.2,-0.10736138027837636,0.14126148447407907
216.215,-0.2,-0.10568540095005688,0.0814875625856236
216.22,-0.2,-0.10427029134776737,-0.23453915824106922
216.225,-0.2,-0.1030409100960512,-0.45279734876716116
216.23,-0.2,-0.10199169349224127,-0.393570832495564
216.235,-0.2,-0.10123599910185221,-0.3437792252705034
216.24,-0.2,-0.10096940640466799,-0.11427999108118282
216.245,-0.2,-0.1013764456559862,0.2244469557979134
216.25,-0.2,-0.10252372636947152,0.215939311331496
216.255,-0.2,-0.10429985258031822,0.10358664114120816
216.26,-0.2,-0.10645275588675143,-0.20889676615458577
216.265,-0.2,-0.10870311002267673,-0.3067734002035486
216.27,-0.2,-0.11085557720327247,-0.32886152760739173
216.275,-0.2,-0.11284790759612415,-0.372414827174703
216.28,-0.2,-0.11473144997945597,-0.03590648980195546
216.285,-0.2,-0.11659000815741408,0.32788953999071757
216.29,-0.2,-0.11842307265992628,0.23993639146006446
216.295,-0.2,-0.12008226963992101,0.02846703747460476
216.3,-0.2,-0.12132365181019503,-0.14296703192674146
216.305,-0.2,-0.12192404154600045,-0.30183743866256235
216.31,-0.2,-0.12177427234321925,-0.298130245880724
216.315,-0.2,-0.12091300017240374,-0.358041746512086
216.32,-0.2,-0.1194990061070671,0.06925650187751214
216.325,-0.2,-0.1177303463894318,-0.013838162679495655
216.33,-0.2,-0.11575006403549708,0.2901668779536942
216.335,-0.2,-0.11359334575706846,-0.00456501516149356
216.34,-0.2,-0.1112097633047285,-0.2877050762823741
216.345,-0.2,-0.10855530281954222,-0.34242714229585747
216.35,-0.2,-0.10568802182868872,-0.47943491057263576
216.355,-0.2,-0.10279746487764187,-0.24026507298420424
216.36,-0.2,-0.10016414879575046,-0.33655671812056925
216.365,-0.2,-0.09808692488603621,-0.045357404532252524
216.37,-0.2,-0.09680833292544344,0.012450721840885276
216.375,-0.2,-0.09645509412384831,0.008979395387519282
216.38,-0.2,-0.09702104757786477,-0.08579924160429692
216.385,-0.2,-0.09840547103958905,-0.22721613693117354
216.39,-0.2,-0.10048369963890191,-0.3942705588137415
216.395,-0.2,-0.10317035748613652,-0.20794236175212782
216.4,-0.2,-0.1064319947503105,-0.13611836145271083
216.405,-0.2,-0.11023399884557254,0.28140478499242233
216.41,-0.2,-0.11445492094308661,0.23344789640553007
216.415,-0.2,-0.1188369832176629,0.04809649207498734
216.42,-0.2,-0.12302672233935194,-0.06922412453737896
216.425,-0.2,-0.12667517276084003,-0.17212501377773518
216.43,-0.2,-0.1295297301238785,-0.4538105618532261
216.435,-0.2,-0.13149249983918107,-0.284403668422809
216.44,-0.2,-0.1326260713396371,-0.20192920642401815
216.445,-0.2,-0.13308436365578072,0.22254117522876507
216.45,-0.2,-0.13299672448686337,0.1998666840202225
216.455,-0.2,-0.13238691199501945,-0.028373387297334865
216.46,-0.2,-0.13119233326822138,-0.14584092248003333
216.465,-0.2,-0.12935327444741057,-0.2698835462001529
216.47,-0.2,-0.1268906663716962,-0.33919919063415055
216.475,-0.2,-0.12393802015806542,-0.3603051945720984
216.48,-0.2,-0.12072265292612519,0.032039969451908734
216.485,-0.2,-0.11748429196668778,0.22845183086618853
216.49,-0.2,-0.1143660538038958,0.1574072939512971
216.495,-0.2,-0.11136114411062102,0.1854459745928756
216.5,-0.2,-0.10834438889673711,-0.036707736079322886
216.505,-0.2,-0.10515493115617232,-0.28717434020904176
216.51,-0.2,-0.10170252077471592,-0.5823102742005521
216.515,-0.2,-0.0980586396762969,-0.40849119197755385
216.52,-0.2,-0.09446135718463078,-0.05162633967579067
216.525,-0.2,-0.09120745788521484,0.11580712695646647
216.53,-0.2,-0.08851014560646427,0.17545161846113175
216.535,-0.2,-0.08642701196331938,-0.000816632490313926
216.54,-0.2,-0.08488225826628763,0.04732382234361998
216.545,-0.2,-0.08374190458642258,-0.41424603615991934
216.55,-0.2,-0.08290754848865488,-0.3891069774056858
216.555,-0.2,-0.08239025788792187,-0.34408646300936535
216.56,-0.2,-0.08231233367172647,-0.2080879594877051
216.565,-0.2,-0.08283261709387149,0.16707114735496364
216.57,-0.2,-0.08404108304733507,0.13720028917203475
216.575,-0.2,-0.0858946483991131,-0.16380815553297196
216.58,-0.2,-0.08824419356308516,0.05210621688708919
216.585,-0.2,-0.09090571316705526,-0.24615987856183175
216.59,-0.2,-0.09371770448608477,-0.3131446799655255
216.595,-0.2,-0.096589050234622,-0.34041311540751423
216.6,-0.2,-0.09951165643316658,0.1126554218284249
216.605,-0.2,-0.10249412757239691,0.2150078767007781
216.61,-0.2,-0.10545991414829961,0.2629790534756359
216.615,-0.2,-0.10820449589965381,0.07712937468234965
216.62,-0.2,-0.11044455735673571,-0.08675148913772257
216.625,-0.2,-0.11191583186520149,-0.21306892262784882
216.63,-0.2,-0.11246211858826566,-0.36606822091132063
216.635,-0.2,-0.11207886454242182,-0.16860298955186254
216.64,-0.2,-0.11089809544381052,-0.27719351168791095
216.645,-0.2,-0.1091299405000152,0.05257004787762708
216.65,-0.2,-0.10698127846482294,0.2477384564533784
216.655,-0.2,-0.10457439267796581,0.06344453673776244
216.66,-0.2,-0.1019254790261442,-0.1316828228464642
216.665,-0.2,-0.0990127347572819,-0.32193269347444986
216.67,-0.2,-0.09586749277979897,-0.1977661439307407
216.675,-0.2,-0.09261209969597084,-0.3306673191971803
216.68,-0.2,-0.08944028569290963,-0.11626250599923636
216.685,-0.2,-0.0865621655520724,0.13456568404542085
216.69,-0.2,-0.08411745416205553,0.38928415182002535
216.695,-0.2,-0.08209472785072172,0.12502058767132876
216.7,-0.2,-0.0803394468172089,-0.23957112831366426
216.705,-0.2,-0.07867161988859041,-0.40528964143915436
216.71,-0.2,-0.07702205980830396,-0.4604351460314994
216.715,-0.2,-0.07548628085663596,-0.2777915090463492
216.72,-0.2,-0.07427740853343194,-0.12182314831891672
216.725,-0.2,-0.07362194677347343,0.10706635683625791
216.73,-0.2,-0.07365693397093155,0.1293206829128578
216.735,-0.2,-0.07437674973781036,0.07038106754545986
216.74,-0.2,-0.07564876510077204,-0.03174404472514541
216.745,-0.2,-0.07727559014779375,-0.09235756756757255
216.75,-0.2,-0.07906673624304074,-0.32305811431456366
216.755,-0.2,-0.08089138518158483,-0.006240652845578842
216.76,-0.2,-0.08267493179921209,0.1568061647822067
216.765,-0.2,-0.08434393998718186,-0.12033135975412437
216.77,-0.2,-0.08578838652633952,0.3240195113148048
216.775,-0.2,-0.08686257046047696,-0.13219238261018185
216.78,-0.2,-0.08740441027094141,0.11750353578883083
216.785,-0.2,-0.08727396639278524,-0.23937084084143742
216.79,-0.2,-0.08641030264660171,-0.5276288697527663
216.795,-0.2,-0.08489427991144115,-0.3146774695594573
216.8,-0.2,-0.08295799447810628,-0.07199337728822189
216.805,-0.2,-0.0808973822739785,0.008787404061634807
216.81,-0.2,-0.07895690793863783,0.11703722212218984
216.815,-0.2,-0.07726423761849288,0.15467709765397394
216.82,-0.2,-0.07582313169321603,-0.02404288895384036
216.825,-0.2,-0.07456650178276965,-0.4581363127935558
216.83,-0.2,-0.07346269684720869,-0.4327244070562622
216.835,-0.2,-0.07260305880828494,-0.3922710686097806
216.84,-0.2,-0.07219350496956585,-0.08597919298204368
216.845,-0.2,-0.07245602637464729,0.16164739414756557
216.85,-0.2,-0.07350419477251688,0.32423277121944993
216.855,-0.2,-0.07526573523528049,0.12150926117113478
216.86,-0.2,-0.07750167852857742,-0.004107010610887155
216.865,-0.2,-0.0799075947259817,-0.2828058295515233
216.87,-0.2,-0.08223598696793129,-0.42552413978050324
216.875,-0.2,-0.08437700084960792,-0.17814022654759992
216.88,-0.2,-0.08635465859650526,-0.19419835903852606
216.885,-0.2,-0.08825060534569319,0.19126011033783863
216.89,-0.2,-0.09010492435579877,0.2726209401975503
216.895,-0.2,-0.09184460576840676,0.08677702086527812
216.9,-0.2,-0.09329236429301924,-0.09341909170780391
216.905,-0.2,-0.09425282676847088,-0.1841102036782084
216.91,-0.2,-0.09460659444158612,-0.381426895286018
216.915,-0.2,-0.09436706072319964,-0.38562558708546313
216.92,-0.2,-0.09368393446494098,-0.06317083106607167
216.925,-0.2,-0.09277337918205537,0.12825358127529152
216.93,-0.2,-0.0918023076058862,0.2506504307582694
216.935,-0.2,-0.09080361113618814,0.2552580104719548
216.94,-0.2,-0.08967072041951384,-0.011372818250648092
216.945,-0.2,-0.08823473830385593,-0.3449092501859029
216.95,-0.2,-0.08639101525821062,-0.4813393571787038
216.955,-0.2,-0.08419498892998037,-0.2845438750118432
216.96,-0.2,-0.08185433941396784,-0.12041804990925939
216.965,-0.2,-0.07962907864124628,0.11908518858848753
216.97,-0.2,-0.07771168178154686,0.26414727922079645
216.975,-0.2,-0.07615027467656725,0.1344703002585626
216.98,-0.2,-0.07485551218967247,-0.16633920221748555
216.985,-0.2,-0.07369058098821614,-0.26293391664358806
216.99,-0.2,-0.07258298440930375,-0.4935591599304288
216.995,-0.2,-0.07158766981403897,-0.21897063134359795
217.0,-0.2,-0.07086730669932464,-0.11625706476937267
217.005,-0.2,-0.0705986607456762,0.2840215488377906
217.01,-0.2,-0.0708562533284296,0.29490081320403405
217.015,-0.2,-0.07154776698208638,0.04448967736427488
217.02,-0.2,-0.07245580772266424,-0.18742193692338727
217.025,-0.2,-0.07335758658624027,-0.29939318734831266
217.03,-0.2,-0.07413231901964373,-0.398520257867315
217.035,-0.2,-0.07480118382573941,-0.2610772453483631
217.04,-0.2,-0.0754937614978486,-0.021691277263709237
217.045,-0.2,-0.07635596574485135,0.19590205191619525
217.05,-0.2,-0.07744290408701575,0.33239800488220345
217.055,-0.2,-0.07865795537948142,0.12752693326679843
217.06,-0.2,-0.07978218201494122,-0.13692149088639322
217.065,-0.2,-0.08058329202268154,-0.3219242685832607
217.07,-0.2,-0.08092950659833326,-0.2622013838229931
217.075,-0.2,-0.08083262374984129,-0.20909689225509331
217.08,-0.2,-0.08041061308856678,-0.0392170275208057
217.085,-0.2,-0.07980664938231702,0.19779374158868251
217.09,-0.2,-0.07910512799548208,0.13215671924354758
217.095,-0.2,-0.07828512566519766,0.22390793488712676
217.1,-0.2,-0.07723445855772519,-0.09487559729654904
217.105,-0.2,-0.07582257879205567,-0.38601413153465125
217.11,-0.2,-0.07400034503305886,-0.22150661644621486
217.115,-0.2,-0.07185582831504418,-0.3801033433155956
217.12,-0.2,-0.06958861599603286,0.02453447420980892
217.125,-0.2,-0.06742519162402735,0.14824321128150286
217.13,-0.2,-0.06551514301267432,0.2654410881061196
217.135,-0.2,-0.06386892158233251,0.07251827050507437
217.14,-0.2,-0.062379143492593346,-0.0006550313304397315
217.145,-0.2,-0.06090528126807405,-0.3747203301666874
217.15,-0.2,-0.059377167134284856,-0.4287517082872352
217.155,-0.2,-0.05786569172904919,-0.3208333721443693
217.16,-0.2,-0.056567138847056914,-0.006508482278553426
217.165,-0.2,-0.05570183954781135,0.12975607335380585
217.17,-0.2,-0.05539500671105757,0.3237310302453559
217.175,-0.2,-0.05561432391353882,-0.005975504790436514
217.18,-0.2,-0.05620206605489489,-0.10689080661874725
217.185,-0.2,-0.0569775558222275,-0.3373706455208226
217.19,-0.2,-0.057837124637738636,-0.32084627613402017
217.195,-0.2,-0.05879344026951195,-0.17945881311303508
217.2,-0.2,-0.05994412733597607,-0.13759781000515856
217.205,-0.2,-0.06139948687064506,0.1383411770030352
217.21,-0.2,-0.06319974640982048,0.3847587784799788
217.215,-0.2,-0.06524874489452188,0.11479591478618845
217.22,-0.2,-0.06732112044572315,-0.08313202707473971
217.225,-0.2,-0.06916416262707024,-0.37015334507695025
217.23,-0.2,-0.07062528770085848,-0.4332824887370307
217.235,-0.2,-0.07172199175840388,-0.3270271452222931
217.24,-0.2,-0.0726210259805998,-0.15833675375494094
217.245,-0.2,-0.07354633791886027,0.09384804954772114
217.25,-0.2,-0.07466841123107842,0.14926033401763936
217.255,-0.2,-0.0760277589020635,0.23762160769667817
217.26,-0.2,-0.07752767362146619,-0.15685035770484246
217.265,-0.2,-0.07901115860721268,-0.4232902334556873
217.27,-0.2,-0.08038597909841666,-0.44531781679677146
217.275,-0.2,-0.08170424142129791,-0.31810720728200753
217.28,-0.2,-0.08313401890472413,0.0013053215826750453
217.285,-0.2,-0.08485250849555917,0.08383095197666834
217.29,-0.2,-0.08693504350494162,0.33671845716051013
217.295,-0.2,-0.08929498648032276,0.16721938269629935
217.3,-0.2,-0.09169694032030068,0.07592955267586017
217.305,-0.2,-0.09383992366079785,-0.2530828587071692
217.31,-0.2,-0.0954721770261512,-0.2753751832847074
217.315,-0.2,-0.09647293340795861,-0.2009868335198981
217.32,-0.2,-0.09686201812314646,-0.28500162365086223
217.325,-0.2,-0.09675850645656527,-0.06507964310603803
217.33,-0.2,-0.09631442821906255,0.21254336364187154
217.335,-0.2,-0.09563073170788854,0.15468468795240353
217.34,-0.2,-0.09470816053138106,-0.09097979668854876
217.345,-0.2,-0.09349406420082189,-0.43625320144061575
217.35,-0.2,-0.09199556320427091,-0.4722210189331845
217.355,-0.2,-0.09035387327436213,-0.16002707528933355
217.36,-0.2,-0.08881050324574069,-0.1624621684929893
217.365,-0.2,-0.08761251454952501,-0.08808435691226191
217.37,-0.2,-0.08693722395326581,0.18572225251564087
217.375,-0.2,-0.08684719324155321,0.04648063114054568
217.38,-0.2,-0.08728498998301527,-0.20362416245979892
217.385,-0.2,-0.08813909855849858,-0.3721228417140807
217.39,-0.2,-0.08934260581197213,-0.37560211687659906
217.395,-0.2,-0.09092260077112575,-0.24081983368896498
217.4,-0.2,-0.0929739080014527,-0.18379694509761688
217.405,-0.2,-0.09559020409780321,0.08847682454060674
217.41,-0.2,-0.09878972063712824,0.1345750861713405
217.415,-0.2,-0.1024608689773344,0.27344648071577493
217.42,-0.2,-0.10636408940679244,-0.3078667493740238
217.425,-0.2,-0.11022411536234915,-0.46760647175754644
217.43,-0.2,-0.11386494690991666,-0.35624932869653864
217.435,-0.2,-0.11726896881665201,-0.2575873291193633
217.44,-0.2,-0.12052547283196753,-0.11951843890405718
217.445,-0.2,-0.12373827784246971,0.05347555558852204
217.45,-0.2,-0.12694818667558683,0.09618230831099286
217.455,-0.2,-0.13009119947670097,0.11837364462785697
217.46,-0.2,-0.13301041159489854,-0.20745418760205217
217.465,-0.2,-0.1355270158732488,-0.31625042044730534
217.47,-0.2,-0.13753459494023684,-0.40755262211591525
217.475,-0.2,-0.1390528095471842,-0.2916847658300129
217.48,-0.2,-0.14021401156753224,-0.32088906651906485
217.485,-0.2,-0.14120359378051567,0.06379467166720534
217.49,-0.2,-0.14217319687451355,0.1756748339199319
217.495,-0.2,-0.14315860126453608,0.08754233185738913
217.5,-0.2,-0.1440664433437224,-0.15980623589383153
217.505,-0.2,-0.1447527254803857,-0.3948531880091264
217.51,-0.2,-0.1451330667337083,-0.3691298957945264
217.515,-0.2,-0.14524405931707893,-0.3456259327341663
217.52,-0.2,-0.14522284503261962,-0.06830868283980616
217.525,-0.2,-0.14522165999580908,0.21248924794690338
217.53,-0.2,-0.14530316744154614,0.17171716876007193
217.535,-0.2,-0.14538672226541796,0.05136203058303901
217.54,-0.2,-0.14528815141150644,-0.18468282761019458
217.545,-0.2,-0.1448216757122747,-0.3517972098398248
217.55,-0.2,-0.14389951826877345,-0.43041276451025917
217.555,-0.2,-0.14258130468883012,-0.376207512242931
217.56,-0.2,-0.14105256220991813,-0.12273032546832625
217.565,-0.2,-0.13953768400836125,0.138776784957802
217.57,-0.2,-0.1381928400744979,-0.0034971565915048186
217.575,-0.2,-0.13704988422427877,0.11423728958930157
217.58,-0.2,-0.136035807151177,-0.18258920592470496
217.585,-0.2,-0.13504244816748168,-0.358538897104739
217.59,-0.2,-0.13401462791295257,-0.4087901536996897
217.595,-0.2,-0.13300694719458042,-0.33243055342369965
217.6,-0.2,-0.13216561445818384,-0.04073737115923219
217.605,-0.2,-0.1316486988418873,-0.056309497695743255
217.61,-0.2,-0.1315424157436097,0.15098906437673704
217.615,-0.2,-0.1318190916522173,0.012679631469923007
217.62,-0.2,-0.1323533367837361,-0.23887238486713452
217.625,-0.2,-0.13299683731657358,-0.3685400961640917
217.63,-0.2,-0.13367143267457435,-0.4559174383249279
217.635,-0.2,-0.13442130558953821,-0.46730882540879415
217.64,-0.2,-0.1353982855205085,-0.09926607499626611
217.645,-0.2,-0.13677932540270799,0.0683918356969212
217.65,-0.2,-0.13865008692909678,0.2869820499540844
217.655,-0.2,-0.14092346855459387,0.20836026468353555
217.66,-0.2,-0.1433471932348415,-0.16228484516336353
217.665,-0.2,-0.14561189619419418,-0.4797543790496668
217.67,-0.2,-0.14750506352296078,-0.5550937199188439
217.675,-0.2,-0.1490049775482575,-0.3353114272218616
217.68,-0.2,-0.15024979916754005,-0.07103496159222937
217.685,-0.2,-0.1514158485450883,0.10007677882248552
217.69,-0.2,-0.15259292945058558,0.23981913529729565
217.695,-0.2,-0.15372354486758402,0.047987155777330814
217.7,-0.2,-0.15463042140062,-0.15084556295887366
217.705,-0.2,-0.15510834548779395,-0.1722368384978873
217.71,-0.2,-0.15502292816046778,-0.5999884069101433
217.715,-0.2,-0.15438155037440707,-0.38701516222720117
217.72,-0.2,-0.15334606507776496,-0.19025933390562488
217.725,-0.2,-0.15215416364177875,0.10635873546062322
217.73,-0.2,-0.1509918123673107,0.14428193818609247
217.735,-0.2,-0.14990763234522564,0.13607907491805665
217.74,-0.2,-0.1488173114704826,-0.20480481829446562
217.745,-0.2,-0.147594457901427,-0.520334840806904
217.75,-0.2,-0.14619991466190943,-0.5880657821931197
217.755,-0.2,-0.14475695904581562,-0.25387787083903235
217.76,-0.2,-0.14350592186696776,-0.10204964996829842
217.765,-0.2,-0.14267797823313552,0.1215807467624671
217.77,-0.2,-0.1423850180101392,0.09800082110481001
217.775,-0.2,-0.14258026569514387,0.0948379338563362
217.78,-0.2,-0.14309005102254124,-0.13049745622817172
217.785,-0.2,-0.1436965713960197,-0.3453769600334904
217.79,-0.2,-0.14423564978683437,-0.33170576147445613
217.795,-0.2,-0.14466406589409594,-0.5767435534612279
217.8,-0.2,-0.1450719507320841,-0.18468011247407512
217.805,-0.2,-0.1456259323939372,0.07006329645188844
217.81,-0.2,-0.14645461628146067,0.11397631358708213
217.815,-0.2,-0.14755374148590147,0.18354584503746996
217.82,-0.2,-0.1487792707601285,-0.19098878400646022
217.825,-0.2,-0.1499282946506385,-0.3742321301178582
217.83,-0.2,-0.1508543869359017,-0.35106053893789696
217.835,-0.2,-0.15153913521478776,-0.46940944534732587
217.84,-0.2,-0.1520884719996154,-0.20344617922339106
217.845,-0.2,-0.15266599647028717,0.13110796923536983
217.85,-0.2,-0.15338750189448452,0.04499987344745057
217.855,-0.2,-0.15424739361761602,0.019421737980875153
217.86,-0.2,-0.15513213921775432,-0.12355083146228957
217.865,-0.2,-0.15589234344081462,-0.31535621435593686
217.87,-0.2,-0.1564295171837542,-0.5629210989204108
217.875,-0.2,-0.1567682941053963,-0.4333148002374493
217.88,-0.2,-0.157072447894045,-0.4042084000978593
217.885,-0.2,-0.15757907944020622,0.15269585367377872
217.89,-0.2,-0.15847380242473208,0.13220347850019895
217.895,-0.2,-0.15978493535423158,0.07190293861598179
217.9,-0.2,-0.16137329148662186,0.01916271311520057
217.905,-0.2,-0.16301162111751596,-0.4241992682106457
217.91,-0.2,-0.16449970600823638,-0.37295611052016214
217.915,-0.2,-0.16574671253771392,-0.14416706610220661
217.92,-0.2,-0.16675993165927458,-0.1309631352342026
217.925,-0.2,-0.16757350469938456,-0.0680787083585187
217.93,-0.2,-0.16819344188753557,0.07094425318677815
217.935,-0.2,-0.16857287293740147,-0.02241928608242573
217.94,-0.2,-0.16861382662260788,-0.08290627180922676
217.945,-0.2,-0.1682151803226624,-0.5958082838234353
217.95,-0.2,-0.16736984193301851,-0.6973166443363652
217.955,-0.2,-0.16624469713809348,-0.31234431757803444
217.96,-0.2,-0.16514082669943322,0.006344520022555505
217.965,-0.2,-0.16434819674508372,-0.06929639509855433
217.97,-0.2,-0.1640265521596035,0.14725213395063547
217.975,-0.2,-0.16417551492831567,-0.007576625513656232
217.98,-0.2,-0.16466856425521575,-0.18317616155460778
217.985,-0.2,-0.1653360993259604,-0.471154135218095
217.99,-0.2,-0.16606685081788575,-0.3459247556172762
217.995,-0.2,-0.16686178780456745,-0.4126523475864845
218.0,-0.2,-0.16781812612509767,-0.2992192795046338
218.005,-0.2,-0.16906589191583007,0.16909341629469252
218.01,-0.2,-0.17066763686127956,0.25005659079593456
218.015,-0.2,-0.17252650200655253,0.15609742685993802
218.02,-0.2,-0.17438684037461144,-0.13327522441336365
218.025,-0.2,-0.1759385960280866,-0.33095598101510076
218.03,-0.2,-0.17694296514072663,-0.2476269431239883
218.035,-0.2,-0.17730291003391616,-0.5519884823544816
218.04,-0.2,-0.17707404033448215,-0.27509089204711346
218.045,-0.2,-0.17642550858195669,-0.052070804027010975
218.05,-0.2,-0.17554338389098473,0.160160880040434
218.055,-0.2,-0.17452305020788797,0.11725874397826327
218.06,-0.2,-0.1733321949797873,-0.13803510212762496
218.065,-0.2,-0.1718728029832073,-0.40954241177391726
218.07,-0.2,-0.17009458067449673,-0.46020724434380483
218.075,-0.2,-0.16807487336566151,-0.4248223488007694
218.08,-0.2,-0.16601013736302794,-0.09324919648889284
218.085,-0.2,-0.16412516322917609,0.09892588037963868
218.09,-0.2,-0.1625594418901077,0.09953471258188415
218.095,-0.2,-0.16130430443244834,0.169984717258324
218.1,-0.2,-0.16022534465215948,-0.3746616854247269
218.105,-0.2,-0.15916187572782514,-0.3878782439829539
218.11,-0.2,-0.15804694687413376,-0.5605430901211815
218.115,-0.2,-0.15696923362334517,-0.5048654521710291
218.12,-0.2,-0.15614515219248593,-0.05672981867095267
218.125,-0.2,-0.1558147721851328,-0.025776933019869386
218.13,-0.2,-0.15612672214375747,-0.07659757694548319
218.135,-0.2,-0.15708769951672275,0.22092905177230332
218.14,-0.2,-0.1585709143388059,-0.16673559240562522
218.145,-0.2,-0.16036543771550546,-0.25898834239797197
218.15,-0.2,-0.1622743239896608,-0.6043249879222347
218.155,-0.2,-0.1642118044808012,-0.3279028229135095
218.16,-0.2,-0.1662222800774155,-0.27192551732851067
218.165,-0.2,-0.16841042480726928,0.00976113184631311
218.17,-0.2,-0.17083787467216394,0.1466394345061101
218.175,-0.2,-0.17344908359183045,0.019611718853050672
218.18,-0.2,-0.17606667301886197,-0.0354191205432548
218.185,-0.2,-0.17845873225313488,-0.3969522581530512
218.19,-0.2,-0.1804399071777474,-0.39670746769271503
218.195,-0.2,-0.18194736210299836,-0.3587869003521162
218.2,-0.2,-0.18304587036518086,-0.270561003817294
218.205,-0.2,-0.18386612074142514,0.05765320037366091
218.21,-0.2,-0.1845101695967782,0.16354779242415202
218.215,-0.2,-0.18497514256387101,-0.047464546163392546
218.22,-0.2,-0.18515863163760368,-0.23745554687661607
218.225,-0.2,-0.18494783317556826,-0.4625730939491986
218.23,-0.2,-0.18432519212827136,-0.6172338404759382
218.235,-0.2,-0.18342418177305397,-0.3406986292684864
218.24,-0.2,-0.1824939928278351,-0.12100837675022427
218.245,-0.2,-0.18179195728969685,-0.11603039985880714
218.25,-0.2,-0.18148539267269037,0.0677204024528468
218.255,-0.2,-0.18161544040538422,-0.16568217625539314
218.26,-0.2,-0.18211866187525003,-0.10102124092711683
218.265,-0.2,-0.18288270521230904,-0.3222909087309249
218.27,-0.2,-0.18381568308856944,-0.612174842297259
218.275,-0.2,-0.18491544401191445,-0.4544534068119798
218.28,-0.2,-0.18629029552914203,-0.21177080164919815
218.285,-0.2,-0.1880866347372375,0.06109051882169185
218.29,-0.2,-0.19037488496395957,-0.025496511692759877
218.295,-0.2,-0.19308974421461836,-0.018367911511567074
218.3,-0.2,-0.19605300125790015,-0.14182514292628362
218.305,-0.2,-0.19904123069034033,-0.3050112913613952
218.31,-0.2,-0.20186470371303628,-0.4810482390284298
218.315,-0.2,-0.2044372665328895,-0.5208843620584809
218.32,-0.2,-0.20679944809645892,-0.18546032229735987
218.325,-0.2,-0.209059959480257,0.015706775516107288
218.33,-0.2,-0.21128233286488263,0.19028180677269768
218.335,-0.2,-0.21340046093593787,0.01598961066141659
218.34,-0.2,-0.21522329949698432,-0.09679994462967635
218.345,-0.2,-0.21652629007940533,-0.6362305662141288
218.35,-0.2,-0.2171774211571758,-0.37701277295768254
218.355,-0.2,-0.21721431404179242,-0.5909237064974086
218.36,-0.2,-0.21682528585853342,-0.1693017124856461
218.365,-0.2,-0.2162548388322343,0.05085313283359908
218.37,-0.2,-0.21568090746726626,0.1061443851209484
218.375,-0.2,-0.21513208528431885,0.09918867277556934
218.38,-0.2,-0.21449964349469755,-0.33766210866720037
218.385,-0.2,-0.21363086934330514,-0.23921087842103897
218.39,-0.2,-0.2124314325609021,-0.45124075119849894
218.395,-0.2,-0.21092123662853624,-0.5591959550804502
218.4,-0.2,-0.20924543977576207,-0.3369040242258593
218.405,-0.2,-0.20763028226188235,0.0003851849576495406
218.41,-0.2,-0.20627477799749644,0.09386189903078983
218.415,-0.2,-0.2052490024703556,0.007558187851352847
218.42,-0.2,-0.20448289799081082,-0.24191459538492752
218.425,-0.2,-0.2038460887769822,-0.3875372389768432
218.43,-0.2,-0.2032491871910859,-0.3996330572431787
218.435,-0.2,-0.20269968123838783,-0.4389886921914682
218.44,-0.2,-0.2022934846000074,-0.17019100478754826
218.445,-0.2,-0.20215211234915667,0.013175193588750604
218.45,-0.2,-0.20232858977106655,0.2556461525120631
218.455,-0.2,-0.20273455194691584,0.029736153897035406
218.46,-0.2,-0.20315336486650276,-0.2984695409551026
218.465,-0.2,-0.2033526138473794,-0.5599356096180778
218.47,-0.2,-0.20322238827934558,-0.605052224263111
218.475,-0.2,-0.20284248114122996,-0.4767605931403781
218.48,-0.2,-0.2024426247209349,-0.21624215836014715
218.485,-0.2,-0.20228685025957244,0.031719914441467795
218.49,-0.2,-0.20254494986658161,0.14574659210323532
218.495,-0.2,-0.20321806775214915,-0.03059456391747472
218.5,-0.2,-0.20415623537409697,-0.12054347714554856
218.505,-0.2,-0.20514703973300394,-0.3842625172478818
218.51,-0.2,-0.20601442059547925,-0.27452542650255485
218.515,-0.2,-0.20667626132629235,-0.4475877277006427
218.52,-0.2,-0.20714828554278464,-0.19556135817223133
218.525,-0.2,-0.20750143012265804,-0.024301783522608957
218.53,-0.2,-0.20778432671910074,0.1233414609034111
218.535,-0.2,-0.2079549882111785,0.009442413300814802
218.54,-0.2,-0.2078778916167949,-0.17433708702658704
218.545,-0.2,-0.20739345410027973,-0.38768380373083156
218.55,-0.2,-0.20641108579540338,-0.4014892045221926
218.555,-0.2,-0.20496728822642285,-0.4927903695821626
218.56,-0.2,-0.2032269008028843,-0.35612429188644584
218.565,-0.2,-0.20142914875192294,0.015227900899108474
218.57,-0.2,-0.1997897498147698,-0.03442904151374826
218.575,-0.2,-0.19841402491233195,0.05374548118874197
218.58,-0.2,-0.19728366219903262,-0.2713646387985895
218.585,-0.2,-0.19631565973296694,-0.23091467140581853
218.59,-0.2,-0.1954517909929881,-0.7635515150321246
218.595,-0.2,-0.19474076854990977,-0.45192525246860127
218.6,-0.2,-0.19436200427998976,-0.3815987988289014
218.605,-0.2,-0.19455170572937955,0.06320549152095309
218.61,-0.2,-0.19546914144128716,0.18023719403880267
218.615,-0.2,-0.19709258393437618,0.08370362056507795
218.62,-0.2,-0.19921170883715494,-0.04310973186526368
218.625,-0.2,-0.20151485946295047,-0.34870808209932097
218.63,-0.2,-0.2037216586102482,-0.6828121140429549
218.635,-0.2,-0.20569389475983996,-0.22411294262903436
218.64,-0.2,-0.20744351067281047,-0.17992780304469014
218.645,-0.2,-0.20903346330637101,0.08970423304088777
218.65,-0.2,-0.2104665563737077,0.137134335826171
218.655,-0.2,-0.21163128343854848,0.0871102021123658
218.66,-0.2,-0.2123219068384346,-0.2494278430133855
218.665,-0.2,-0.21232849971194923,-0.3930853580450855
218.67,-0.2,-0.21154212042259468,-0.3608349538806212
218.675,-0.2,-0.21000086979835608,-0.35831092268640496
218.68,-0.2,-0.20786073818452275,-0.1698923364458118
218.685,-0.2,-0.2053291600346118,-0.20951296876001202
218.69,-0.2,-0.20259424515280514,0.19330340398107987
218.695,-0.2,-0.19975867348801957,0.09137786868536418
218.7,-0.2,-0.1968063992706352,-0.1034232614307917
218.705,-0.2,-0.1936465876266978,-0.30028392046628477
218.71,-0.2,-0.19021418721423508,-0.46051881336116895
218.715,-0.2,-0.1865564474426108,-0.5466789404149703
218.72,-0.2,-0.18285304066768715,-0.09747130221771438
218.725,-0.2,-0.17934697877333144,-0.059674288828051966
218.73,-0.2,-0.17623429922063105,-0.05185698699412428
218.735,-0.2,-0.1736040393307762,-0.048506076085456644
218.74,-0.2,-0.17144586311098456,-0.06263458568975269
218.745,-0.2,-0.16969282899764918,-0.45416915254891166
218.75,-0.2,-0.16829384347622714,-0.46702606723339285
218.755,-0.2,-0.16728067744915087,-0.2891864042622293
218.76,-0.2,-0.16675777942380163,-0.05712527645433435
218.765,-0.2,-0.1668193697704699,-0.07080772592141137
218.77,-0.2,-0.1674715070377247,0.1552762546960531
218.775,-0.2,-0.16860119131309662,-0.0034154228259024033
218.78,-0.2,-0.1699993188028477,-0.25518589040241724
218.785,-0.2,-0.17143765187508472,-0.2682325053994141
218.79,-0.2,-0.1727556606943008,-0.4285504019712489
218.795,-0.2,-0.1738975705639474,-0.11669614495324931
218.8,-0.2,-0.17488395585873728,-0.17727453966469142
218.805,-0.2,-0.17575163512894715,-0.07110168919312376
218.81,-0.2,-0.1765034760441143,0.1513174839989699
218.815,-0.2,-0.17707742103089694,-0.07624196742091519
218.82,-0.2,-0.1773507301750617,-0.13576686429417545
218.825,-0.2,-0.17719725450410617,-0.3809643870336507
218.83,-0.2,-0.1765634353160292,-0.37987997057371575
218.835,-0.2,-0.17550772679387736,-0.25095651145077325
218.84,-0.2,-0.17417455658522837,-0.10700515626099151
218.845,-0.2,-0.17272591068989496,-0.16269735970646065
218.85,-0.2,-0.1712845749479579,0.02215208889932649
218.855,-0.2,-0.16989538076322516,0.3414588764568566
218.86,-0.2,-0.16849066889142889,-0.1036080797637796
218.865,-0.2,-0.16691172668891668,-0.2285472072803588
218.87,-0.2,-0.16501864268181626,-0.6559303359864441
218.875,-0.2,-0.1628076776793611,-0.29608995269048943
218.88,-0.2,-0.16043318407915025,-0.27444522446346803
218.885,-0.2,-0.1581250189594466,0.010461515325829101
218.89,-0.2,-0.15607739330345943,0.014821317960743943
218.895,-0.2,-0.15437792552296106,0.060897605428858775
218.9,-0.2,-0.1530022116258305,-0.22912593700569306
218.905,-0.2,-0.151882066725553,-0.631939461325889
218.91,-0.2,-0.15101808342158496,-0.5041084602557615
218.915,-0.2,-0.15054446500435073,-0.35321592204845476
218.92,-0.2,-0.1506785047558488,-0.015599408206657034
218.925,-0.2,-0.15159911050731503,0.00651157204394049
218.93,-0.2,-0.15334408711779837,0.2799567678901428
218.935,-0.2,-0.1557687296658868,0.08744295699681466
218.94,-0.2,-0.15857634842269108,-0.12501901334072832
218.945,-0.2,-0.16141803826430748,-0.3135869560133477
218.95,-0.2,-0.16401272304554182,-0.3956668309025136
218.955,-0.2,-0.1662222935428307,-0.4257464694862138
218.96,-0.2,-0.16806012946254423,-0.31321156324396315
218.965,-0.2,-0.16963799023035817,0.03548399044660148
218.97,-0.2,-0.17106825971430575,0.04307951582987368
218.975,-0.2,-0.17237619079067182,0.08308600611516948
218.98,-0.2,-0.1734865371820634,-0.3048909254793136
218.985,-0.2,-0.17429576167400423,-0.4113738921502812
218.99,-0.2,-0.17477493417176213,-0.5363314261430673
218.995,-0.2,-0.17502736007687505,-0.40038495702115556
219.0,-0.2,-0.17526611060650957,-0.25003825569522176
219.005,-0.2,-0.17572725373218295,0.08909733207541645
219.01,-0.2,-0.17655818616417593,0.184279971254583
219.015,-0.2,-0.17774573391874982,-0.12266138046386402
219.02,-0.2,-0.1791385167823626,-0.0372624031511217
219.025,-0.2,-0.1805307998883695,-0.2090148992928751
219.03,-0.2,-0.18174297577177823,-0.48601326007897033
219.035,-0.2,-0.1826844311924985,-0.27729857142540737
219.04,-0.2,-0.18337136975198087,-0.1381082407246711
219.045,-0.2,-0.18386560249976308,0.1585344877915294
219.05,-0.2,-0.1841752718402704,0.17655394493593055
219.055,-0.2,-0.18419793184170669,-0.015654587157737557
219.06,-0.2,-0.18375461673645763,-0.2939319716561246
219.065,-0.2,-0.18268752044671593,-0.2020142044951998
219.07,-0.2,-0.18093906315895741,-0.40745976255691907
219.075,-0.2,-0.17857518884493076,-0.34100949424454924
219.08,-0.2,-0.1757689745127108,-0.21707362630480892
219.085,-0.2,-0.17274357979343669,0.08421686677715992
219.09,-0.2,-0.16967914875349038,0.15394712703057395
219.095,-0.2,-0.16664389760861475,-0.1408445669600943
219.1,-0.2,-0.16361068170134824,-0.13268270528708048
219.105,-0.2,-0.16053972820473292,-0.4919839026379622
219.11,-0.2,-0.15746737772590053,-0.557536009484912
219.115,-0.2,-0.15455729515006036,-0.36385691501047435
219.12,-0.2,-0.15206853537036238,-0.0018438041710265862
219.125,-0.2,-0.1502395167356398,0.09048147921162061
219.13,-0.2,-0.14917289157378535,0.11665095793530932
219.135,-0.2,-0.14880036359184298,0.02033441599786183
219.14,-0.2,-0.14892521120493515,-0.025096478912933956
219.145,-0.2,-0.14930143689642153,-0.32772849764440304
219.15,-0.2,-0.14972807168117394,-0.5298444396106227
219.155,-0.2,-0.15012737546335309,-0.21796966721716293
219.16,-0.2,-0.15054714817069953,-0.2379871462122538
219.165,-0.2,-0.15108247180670104,0.1215563432626203
219.17,-0.2,-0.15177459577306837,0.2496763830719423
219.175,-0.2,-0.1525413093623925,0.021698397708474412
219.18,-0.2,-0.15319084751664944,-0.2264694028256964
219.185,-0.2,-0.15353084151784707,-0.6260530158875357
219.19,-0.2,-0.15349920757668187,-0.4663535900770971
219.195,-0.2,-0.15321136576828656,-0.18157341657834772
219.2,-0.2,-0.15288803138487364,-0.2072331026289213
219.205,-0.2,-0.15274013752719173,0.050351163216937306
219.21,-0.2,-0.15288709802383924,0.11700647665989367
219.215,-0.2,-0.15331601960480112,0.09132933362684974
219.22,-0.2,-0.1538913539903938,-0.14271646377656275
219.225,-0.2,-0.15443052445471742,-0.4382482089705643
219.23,-0.2,-0.1548114414430464,-0.3700187286762098
219.235,-0.2,-0.15503495262870062,-0.27213425251981405
219.24,-0.2,-0.15519961286611422,-0.1414587177797239
219.245,-0.2,-0.1554238669823719,0.015218676938929317
219.25,-0.2,-0.1557708079154728,0.07387933865884794
219.255,-0.2,-0.15620901296061848,-0.0380384652496186
219.26,-0.2,-0.1566295824099483,-0.18999253893998663
219.265,-0.2,-0.15690756008728687,-0.20816874163798532
219.27,-0.2,-0.15697238910550096,-0.6258377321164187
219.275,-0.2,-0.1568657066179148,-0.3643539471960125
219.28,-0.2,-0.15675340458247214,-0.3180740948889349
219.285,-0.2,-0.1568563655927088,0.15173169956825272
219.29,-0.2,-0.15732732752783812,0.20024500005367554
219.295,-0.2,-0.15815643268296078,0.08225699107047593
219.3,-0.2,-0.1591709706322471,0.01769039959877655
219.305,-0.2,-0.16012533174164167,-0.5060072500952786
219.31,-0.2,-0.16082624731556286,-0.312445863583348
219.315,-0.2,-0.16121755424047068,-0.39224232456692715
219.32,-0.2,-0.16137173845065003,-0.09553833189973215
219.325,-0.2,-0.1614118475902906,-0.036294924578577914
219.33,-0.2,-0.16142807236363332,-0.031074081590342084
219.335,-0.2,-0.16143217810226315,0.11681107656344557
219.34,-0.2,-0.1613513245764385,-0.017398123958685507
219.345,-0.2,-0.16106092832915092,-0.4132717144849373
219.35,-0.2,-0.16046670725949336,-0.3733646582102559
219.355,-0.2,-0.15958866671047137,-0.5027165352865236
219.36,-0.2,-0.15857496813856548,-0.14058977417565688
219.365,-0.2,-0.15762737226885695,0.16933909749502707
219.37,-0.2,-0.1568728101970597,0.3463252273933586
219.375,-0.2,-0.15627071562607664,-0.06684696352876388
219.38,-0.2,-0.15564286234760197,-0.1702262994209194
219.385,-0.2,-0.15479772977304287,-0.4044523831902259
219.39,-0.2,-0.15364622287690033,-0.46636803174144636
219.395,-0.2,-0.15225122164647684,-0.3974890848734208
219.4,-0.2,-0.15079921083557846,-0.040176887501788675
219.405,-0.2,-0.14950438207602723,-0.014813566966472888
219.41,-0.2,-0.14850099531975938,0.2089725236839451
219.415,-0.2,-0.14779136561201192,-0.14517299711544965
219.42,-0.2,-0.14727524464847797,-0.11405280602418683
219.425,-0.2,-0.14682995045783756,-0.32434809061698094
219.43,-0.2,-0.14638821459439658,-0.48244882063588573
219.435,-0.2,-0.14598404388288272,-0.2783732357056689
219.44,-0.2,-0.1457371861922017,-0.00488998760760101
219.445,-0.2,-0.14576220887941632,0.2206077941414914
219.45,-0.2,-0.14605802156251926,0.3053444508728168
219.455,-0.2,-0.14645969239273815,0.035419823791615374
219.46,-0.2,-0.14668973162116747,-0.13277837965308273
219.465,-0.2,-0.146474512368147,-0.30108985831095936
219.47,-0.2,-0.14565166159954393,-0.41933789445790526
219.475,-0.2,-0.14422323844097354,-0.3936239679645981
219.48,-0.2,-0.14234301384459114,-0.14242332044488687
219.485,-0.2,-0.140235600770961,0.11496644953588947
219.49,-0.2,-0.13808442620867517,0.03877293465187795
219.495,-0.2,-0.13596522966799765,0.005587809144763242
219.5,-0.2,-0.13386337936459908,-0.2095260077544181
219.505,-0.2,-0.13174580272264053,-0.3705519106875826
219.51,-0.2,-0.12964087242811156,-0.4785579806751362
219.515,-0.2,-0.1276849033693671,-0.3664986024457581
219.52,-0.2,-0.12610505532363275,-0.21402959738780236
219.525,-0.2,-0.12514157765971248,0.06473342853920873
219.53,-0.2,-0.12494715099329493,0.13745918303493646
219.535,-0.2,-0.1255171835599172,0.12154467390428364
219.54,-0.2,-0.1266978337504007,-0.269309855232327
219.545,-0.2,-0.12827261748680394,-0.19377227459633029
219.55,-0.2,-0.13007220547878734,-0.6721440234480043
219.555,-0.2,-0.13204731499686947,-0.20728605181821477
219.56,-0.2,-0.13426313168959755,-0.19712225102600645
219.565,-0.2,-0.13681454471134324,0.05850408340939908
219.57,-0.2,-0.1397225271094962,0.26855782471626394
219.575,-0.2,-0.14287135362115194,0.017018016988551918
219.58,-0.2,-0.14602006200355316,-0.03186404561498399
219.585,-0.2,-0.14888660851023824,-0.31500869227942424
219.59,-0.2,-0.1512555288599811,-0.48499743579070953
219.595,-0.2,-0.15305697363226808,-0.37286161460159456
219.6,-0.2,-0.15437254169822284,-0.11944067482072268
219.605,-0.2,-0.15535449366743215,0.04000522374887428
219.61,-0.2,-0.15611238357574736,0.2208028374631149
219.615,-0.2,-0.15663561685900154,0.17075899559770807
219.62,-0.2,-0.1567837899806901,0.07252582737566352
219.625,-0.2,-0.15634938208117116,-0.34014502038749395
219.63,-0.2,-0.15516833821078485,-0.31253972973239247
219.635,-0.2,-0.15320850274178932,-0.2571964198949435
219.64,-0.2,-0.15057296883803584,-0.13271824622629805
219.645,-0.2,-0.147433770453246,-0.0004294253654600899
219.65,-0.2,-0.14394951768836522,0.18558307810342053
219.655,-0.2,-0.14020639914280725,-0.060091631273469726
219.66,-0.2,-0.13621811301569595,-0.11841920091901158
219.665,-0.2,-0.13198630565700475,-0.34360848354025436
219.67,-0.2,-0.12757214454766194,-0.33226118894600637
219.675,-0.2,-0.12313169995749937,-0.33331006276901637
219.68,-0.2,-0.11889966756375224,-0.1878412812053618
219.685,-0.2,-0.11512641154987562,0.11104747499440429
219.69,-0.2,-0.1119911879515478,0.0694166965904912
219.695,-0.2,-0.10954243401446727,0.05830615240343918
219.7,-0.2,-0.10770964474982057,-0.19040186785802088
219.705,-0.2,-0.10637423222529863,-0.2242640859886483
219.71,-0.2,-0.10544623267650224,-0.3034153327554099
219.715,-0.2,-0.10490462322382457,-0.27678911853945665
219.72,-0.2,-0.1047897902455449,-0.07088767051255207
219.725,-0.2,-0.1051605809447562,-0.1801011562584495
219.73,-0.2,-0.10603887008059783,0.31977436262192066
219.735,-0.2,-0.10735774291155191,-0.0033455443123372453
219.74,-0.2,-0.10895052566330149,-0.1620991641753725
219.745,-0.2,-0.11062003364966487,-0.366396256240652
219.75,-0.2,-0.11224331996913012,-0.46379709420760956
219.755,-0.2,-0.11383321487597471,-0.41976763975819237
219.76,-0.2,-0.11552244506767695,-0.035658949169428356
219.765,-0.2,-0.11747491230258858,-0.023566139731180574
219.77,-0.2,-0.11978370981714312,0.03514540076583167
219.775,-0.2,-0.12242403970250708,0.09877035875144179
219.78,-0.2,-0.1252646778956227,-0.10916312820067862
219.785,-0.2,-0.1281241057928263,-0.37739297841744446
219.79,-0.2,-0.1308600642332563,-0.3671443515204207
219.795,-0.2,-0.13343865444967992,-0.3832190752309535
219.8,-0.2,-0.13592831761473317,-0.007234370901047768
219.805,-0.2,-0.13841999212787365,0.10439210709487065
219.81,-0.2,-0.1409271079106888,0.18512609787851653
219.815,-0.2,-0.14333081274159798,0.22215996751468092
219.82,-0.2,-0.14540364418715224,-0.32907587236242375
219.825,-0.2,-0.14691371169519496,-0.42170934586110503
219.83,-0.2,-0.14775942702416628,-0.6390936812369289
219.835,-0.2,-0.1480420059688375,-0.4087366229595727
219.84,-0.2,-0.14802968268601702,-0.2207695827795673
219.845,-0.2,-0.1480518745023338,-0.29052380604907413
219.85,-0.2,-0.1483928630546862,0.20586230614586992
219.855,-0.2,-0.1492083931793,0.13693873093917347
219.86,-0.2,-0.15048503050756626,-0.24249407658604016
219.865,-0.2,-0.1520960990198342,-0.30021450155455637
219.87,-0.2,-0.15392237811311293,-0.5012717228194566
219.875,-0.2,-0.15593864754794104,-0.4498627004528341
219.88,-0.2,-0.15822491155548474,-0.23939202686745514
219.885,-0.2,-0.16090229818679913,0.11866891415446915
219.89,-0.2,-0.16401743212134912,0.28435148397023774
219.895,-0.2,-0.16745912022988835,-0.2054265341368953
219.9,-0.2,-0.17099356388878995,-0.2131558509581611
219.905,-0.2,-0.17438512450214783,-0.40100998859344616
219.91,-0.2,-0.17749224890650375,-0.3890922342997993
219.915,-0.2,-0.18029526852838457,-0.37804751422727473
219.92,-0.2,-0.18287718401376632,-0.3623294935633009
219.925,-0.2,-0.18537025561272527,0.09211907704335975
219.93,-0.2,-0.187869326148418,0.07435700361608652
219.935,-0.2,-0.19035299314971585,0.033057366174804134
219.94,-0.2,-0.19268192045396598,-0.21201885438987467
219.945,-0.2,-0.19468350740406495,-0.5142899541762915
219.95,-0.2,-0.19626860651736042,-0.6205259328698822
219.955,-0.2,-0.1975052346952842,-0.35615534316604186
219.96,-0.2,-0.19859153761116397,-0.22630086400680474
219.965,-0.2,-0.19974965387483565,-0.002952404800795505
219.97,-0.2,-0.2011221846406722,-0.06991772265679655
219.975,-0.2,-0.2027274970304105,-0.009234283406189266
219.98,-0.2,-0.20447621360809454,-0.18310032673742702
219.985,-0.2,-0.20623427528415075,-0.5415243329456719
219.99,-0.2,-0.2079146591727596,-0.4460170158526404
219.995,-0.2,-0.20953651863039302,-0.26975570205875293
220.0,-0.2,-0.21119895460912647,-0.29722365430946085
220.005,-0.2,-0.2130071962506955,-0.01076599469273127
220.01,-0.2,-0.21500041939864672,0.16796272198053425
220.015,-0.2,-0.2170919155728991,0.1361735628813816
220.02,-0.2,-0.21905777699733914,-0.0848613339827625
220.025,-0.2,-0.2206100486204622,-0.40736862358336784
220.03,-0.2,-0.22152250337398627,-0.5006548915333315
220.035,-0.2,-0.22172731695165343,-0.4214318986533193
220.04,-0.2,-0.22131827592573117,-0.16455813527649688
220.045,-0.2,-0.2204600279794635,0.1546018622868202
220.05,-0.2,-0.2192557283600851,0.36889770322976384
220.055,-0.2,-0.21765413368435715,0.018514125202410713
220.06,-0.2,-0.21546947299651895,-0.13837936508824172
220.065,-0.2,-0.2125015404754987,-0.41104258050941384
220.07,-0.2,-0.2086654965604529,-0.5317273297828302
220.075,-0.2,-0.20405680800120257,-0.3038279160965558
220.08,-0.2,-0.19892907697965057,-0.41106810375632974
220.085,-0.2,-0.19361412001429282,-0.05750305498156774
220.09,-0.2,-0.18842796453291344,-0.012220098675989513
220.095,-0.2,-0.18359132439272552,-0.004203092031258479
220.1,-0.2,-0.1792018744871146,-0.16822890758706135
220.105,-0.2,-0.17527897076681087,-0.4437581867178914
220.11,-0.2,-0.17185535588048714,-0.6195457339494623
220.115,-0.2,-0.16905614830342588,-0.426049052833633
220.12,-0.2,-0.16710540686021227,-0.45714047097477256
220.125,-0.2,-0.16625487890226212,0.05183164996762687
220.13,-0.2,-0.16667527485021835,0.0013668137220286813
220.135,-0.2,-0.16837337280794132,-0.07103143004812712
220.14,-0.2,-0.17118857222173942,0.03507761388199901
220.145,-0.2,-0.17484771135363833,-0.20110753583505878
220.15,-0.2,-0.17903875317106063,-0.39851528045838736
220.155,-0.2,-0.18349931275106549,-0.5090995448983715
220.16,-0.2,-0.1880751199671583,-0.043642946190273535
220.165,-0.2,-0.1926807112724117,0.09478305189437664
220.17,-0.2,-0.1971953792186727,0.07327029748424754
220.175,-0.2,-0.2014013241884021,0.13909871935146256
220.18,-0.2,-0.20499416376915666,0.15946570858691106
220.185,-0.2,-0.20763216067817727,-0.28249575125593407
220.19,-0.2,-0.20902722616993047,-0.4818494162493777
220.195,-0.2,-0.20905441017572066,-0.37643103343782786
220.2,-0.2,-0.20778939498478732,-0.2136552151749591
220.205,-0.2,-0.20543869970371045,-0.0025827991419605373
220.21,-0.2,-0.20222198522473767,0.1893755755223266
220.215,-0.2,-0.198279530831836,0.029351876142424887
220.22,-0.2,-0.19365385907036783,-0.09237850170941392
220.225,-0.2,-0.18834655356068022,-0.2323759742536008
220.23,-0.2,-0.18240653719399377,-0.6263645158961124
220.235,-0.2,-0.1760083319579448,-0.4281320274187511
220.24,-0.2,-0.16947236361545212,-0.3265553693516624
220.245,-0.2,-0.16319017901260577,0.0861138178592233
220.25,-0.2,-0.1574944210399785,0.044814169942757526
220.255,-0.2,-0.15256693859718462,-0.04076733467595735
220.26,-0.2,-0.14844154660701028,-0.15575836115710062
220.265,-0.2,-0.145082090682093,-0.5363657042026719
220.27,-0.2,-0.14248005404206954,-0.3723372602307561
220.275,-0.2,-0.14071260263085889,-0.4852219357695037
220.28,-0.2,-0.13992539811246846,-0.09511720837682702
220.285,-0.2,-0.14025584866559226,-0.0708703048088633
220.29,-0.2,-0.14174534682121395,0.10734181037291174
220.295,-0.2,-0.1442874831344841,0.09573481870416263
220.3,-0.2,-0.14763671706753476,-0.1794587513835491
220.305,-0.2,-0.15148025351985858,-0.29044625600554996
220.31,-0.2,-0.1555418746603545,-0.45965839677605647
220.315,-0.2,-0.15965649228935314,-0.3304737369663535
220.32,-0.2,-0.16377477098828463,-0.1952669315179421
220.325,-0.2,-0.16790331418710838,-0.021510372517088774
220.33,-0.2,-0.17202383937232452,0.026208967095484148
220.335,-0.2,-0.17603765774303942,0.14261637124118073
220.34,-0.2,-0.17975435309834803,-0.04208493234735142
220.345,-0.2,-0.18293791815144947,-0.4429566055068606
220.35,-0.2,-0.18540954055895278,-0.4700592546218421
