t,reference,measured,noisy
220.69,0.2,0.18966615509344678,0.18966615509344678
220.695,0.2,0.2979256893037857,0.2979256893037857
220.7,0.2,-0.0972273677367052,-0.0972273677367052
220.705,0.2,-0.32342744742033297,-0.32342744742033297
220.71,0.2,-0.20162846555053188,-0.20162846555053188
220.715,0.2,-0.05790162325618983,-0.05790162325618983
220.72,0.2,0.07669664848512524,0.07669664848512524
220.725,0.2,0.24718346651545692,0.24718346651545692
220.73,0.2,0.22346997767180732,0.22346997767180732
220.735,0.2,0.28453402740079925,0.28453402740079925
220.74,0.2,0.0352631586732109,0.0352631586732109
220.745,0.2,-0.35825528497662196,-0.35825528497662196
220.75,0.2,-0.4216456898928975,-0.4216456898928975
220.755,0.2,-0.18191569309703745,-0.18191569309703745
220.76,0.2,0.2520766600755445,0.2520766600755445
220.765,0.2,0.44130074952523696,0.44130074952523696
220.77,0.2,0.48394372140309927,0.48394372140309927
220.775,0.2,0.29752181709090614,0.29752181709090614
220.78,0.2,0.15737077740680935,0.15737077740680935
220.785,0.2,-0.3074323995507548,-0.3074323995507548
220.79,0.2,-0.39513409048383374,-0.39513409048383374
220.795,0.2,-0.031434309366225904,-0.031434309366225904
220.8,0.2,0.029694210656865436,0.029694210656865436
220.805,0.2,0.10857939924795773,0.10857939924795773
220.81,0.2,0.3612805844597481,0.3612805844597481
220.815,0.2,0.3190385576751602,0.3190385576751602
220.82,0.2,0.12865429973026093,0.12865429973026093
220.825,0.2,-0.36449457333402774,-0.36449457333402774
220.83,0.2,-0.20878338923669956,-0.20878338923669956
220.835,0.2,-0.1112264103296313,-0.1112264103296313
220.84,0.2,0.08196284021163483,0.08196284021163483
220.845,0.2,0.32559306965275353,0.32559306965275353
220.85,0.2,0.5570039993712901,0.5570039993712901
220.855,0.2,0.35181517800515016,0.35181517800515016
220.86,0.2,0.1246812617283107,0.1246812617283107
220.865,0.2,-0.22498524873199255,-0.22498524873199255
220.87,0.2,-0.19414205845343735,-0.19414205845343735
220.875,0.2,-0.06583717100024206,-0.06583717100024206
220.88,0.2,0.07665856497388447,0.07665856497388447
220.885,0.2,0.41270513706393547,0.41270513706393547
220.89,0.2,0.4528317960133333,0.4528317960133333
220.895,0.2,0.49771771782598095,0.49771771782598095
220.9,0.2,0.16035445096318549,0.16035445096318549
220.905,0.2,-0.08503424534274169,-0.08503424534274169
220.91,0.2,-0.3471442267723762,-0.3471442267723762
220.915,0.2,-0.1700193287509345,-0.1700193287509345
220.92,0.2,0.16069997292442476,0.16069997292442476
220.925,0.2,0.4291532215044869,0.4291532215044869
220.93,0.2,0.38703562953804393,0.38703562953804393
220.935,0.2,0.40343921830302865,0.40343921830302865
220.94,0.2,0.16985260758217963,0.16985260758217963
220.945,0.2,-0.11021790040143653,-0.11021790040143653
220.95,0.2,-0.1432773294474578,-0.1432773294474578
220.955,0.2,-0.035038258019221474,-0.035038258019221474
220.96,0.2,0.18441435283432517,0.18441435283432517
220.965,0.2,0.3956250738093023,0.3956250738093023
220.97,0.2,0.4928636313438477,0.4928636313438477
220.975,0.2,0.4217085351859054,0.4217085351859054
220.98,0.2,0.14641321679544816,0.14641321679544816
220.985,0.2,-0.08017342184403067,-0.08017342184403067
220.99,0.2,-0.30562550897959273,-0.30562550897959273
220.995,0.2,0.09108662270107526,0.09108662270107526
221.0,0.2,0.22918667132142106,0.22918667132142106
221.005,0.2,0.6598320872267533,0.6598320872267533
221.01,0.2,0.4427950617683354,0.4427950617683354
221.015,0.2,0.483593715435189,0.483593715435189
221.02,0.2,0.13449173510876627,0.13449173510876627
221.025,0.2,-0.01577799498533744,-0.01577799498533744
221.03,0.2,-0.3919260887594873,-0.3919260887594873
221.035,0.2,-0.11464562199625243,-0.11464562199625243
221.04,0.2,0.36885525652402656,0.36885525652402656
221.045,0.2,0.5937214353299965,0.5937214353299965
221.05,0.2,0.609050969904389,0.609050969904389
221.055,0.2,0.4415422478611649,0.4415422478611649
221.06,0.2,-0.13098904241231998,-0.13098904241231998
221.065,0.2,0.06653400509188057,0.06653400509188057
221.07,0.2,-0.20010988911587269,-0.20010988911587269
221.075,0.2,-0.05217240534282531,-0.05217240534282531
221.08,0.2,0.15201617862571504,0.15201617862571504
221.085,0.2,0.49340754967393674,0.49340754967393674
221.09,0.2,0.661655877014459,0.661655877014459
221.095,0.2,0.45546520287920383,0.45546520287920383
221.1,0.2,0.20852149980267928,0.20852149980267928
221.105,0.2,-0.14688619242869128,-0.14688619242869128
221.11,0.2,-0.27730862224309016,-0.27730862224309016
221.115,0.2,-0.17376402409986705,-0.17376402409986705
221.12,0.2,0.27376642817222785,0.27376642817222785
221.125,0.2,0.38976085575992553,0.38976085575992553
221.13,0.2,0.6103807655423322,0.6103807655423322
221.135,0.2,0.4633405780811272,0.4633405780811272
221.14,0.2,0.31561310516164653,0.31561310516164653
221.145,0.2,-0.05781883021679941,-0.05781883021679941
221.15,0.2,-0.07682965995304546,-0.07682965995304546
221.155,0.2,-0.0784902473140339,-0.0784902473140339
221.16,0.2,0.21154595022118355,0.21154595022118355
221.165,0.2,0.4279562424961962,0.4279562424961962
221.17,0.2,0.5673547321416571,0.5673547321416571
221.175,0.2,0.5001788545451024,0.5001788545451024
221.18,0.2,0.24190111001850415,0.24190111001850415
221.185,0.2,-0.2219420452853578,-0.2219420452853578
221.19,0.2,-0.20181512991518463,-0.20181512991518463
221.195,0.2,-0.1607970542228968,-0.1607970542228968
221.2,0.2,0.16276631555533966,0.16276631555533966
221.205,0.2,0.4282079578428812,0.4282079578428812
221.21,0.2,0.7005755473531696,0.7005755473531696
221.215,0.2,0.6003270069148603,0.6003270069148603
221.22,0.2,0.23604160120919754,0.23604160120919754
221.225,0.2,-0.06609927292989243,-0.06609927292989243
221.23,0.2,-0.08552558569293382,-0.08552558569293382
221.235,0.2,-0.19014055238781483,-0.19014055238781483
221.24,0.2,0.11219808967361089,0.11219808967361089
221.245,0.2,0.4073038075720353,0.4073038075720353
221.25,0.2,0.7062954870680241,0.7062954870680241
221.255,0.2,0.48224832270735807,0.48224832270735807
221.26,0.2,0.10949923372655057,0.10949923372655057
221.265,0.2,-0.032093404343466754,-0.032093404343466754
221.27,0.2,-0.2473858451480695,-0.2473858451480695
221.275,0.2,-0.18712314398370986,-0.18712314398370986
221.28,0.2,0.23013286038132064,0.23013286038132064
221.285,0.2,0.48128894777377473,0.48128894777377473
221.29,0.2,0.6308237864256839,0.6308237864256839
221.295,0.2,0.3817300446856161,0.3817300446856161
221.3,0.2,0.115778318343579,0.115778318343579
221.305,0.2,-0.241130506282064,-0.241130506282064
221.31,0.2,-0.06669019679894639,-0.06669019679894639
221.315,0.2,0.014318024303288865,0.014318024303288865
221.32,0.2,0.274420011353908,0.274420011353908
221.325,0.2,0.40606250960468165,0.40606250960468165
221.33,0.2,0.5812056011407203,0.5812056011407203
221.335,0.2,0.2730453326291159,0.2730453326291159
221.34,0.2,0.08645394007999964,0.08645394007999964
221.345,0.2,-0.17293290611445167,-0.17293290611445167
221.35,0.2,-0.09121384443603867,-0.09121384443603867
221.355,0.2,-0.011765746382187258,-0.011765746382187258
221.36,0.2,0.22436063445228138,0.22436063445228138
221.365,0.2,0.4859590042291857,0.4859590042291857
221.37,0.2,0.47399009879172305,0.47399009879172305
221.375,0.2,0.3507933993092591,0.3507933993092591
221.38,0.2,0.007127042598914057,0.007127042598914057
221.385,0.2,-0.020361313103483755,-0.020361313103483755
221.39,0.2,-0.0754341114531634,-0.0754341114531634
221.395,0.2,0.024670416683056307,0.024670416683056307
221.4,0.2,0.09328018565872431,0.09328018565872431
221.405,0.2,0.5319301260019811,0.5319301260019811
221.41,0.2,0.46519751274918186,0.46519751274918186
221.415,0.2,0.32641997677483053,0.32641997677483053
221.42,0.2,0.12306612731391828,0.12306612731391828
221.425,0.2,-0.13962105605243927,-0.13962105605243927
221.43,0.2,-0.18886011965240732,-0.18886011965240732
221.435,0.2,-0.09026490168050719,-0.09026490168050719
221.44,0.2,0.18932366710730011,0.18932366710730011
221.445,0.2,0.45424831163847074,0.45424831163847074
221.45,0.2,0.542383111353195,0.542383111353195
221.455,0.2,0.28762939133786947,0.28762939133786947
221.46,0.2,0.0066195266921866835,0.0066195266921866835
221.465,0.2,-0.06696775083773084,-0.06696775083773084
221.47,0.2,-0.11320960513289352,-0.11320960513289352
221.475,0.2,-0.2630835895033998,-0.2630835895033998
221.48,0.2,0.1535230436471358,0.1535230436471358
221.485,0.2,0.35902953955890327,0.35902953955890327
221.49,0.2,0.6429456105867637,0.6429456105867637
221.495,0.2,0.40003006595058394,0.40003006595058394
221.5,0.2,0.3011136367177059,0.3011136367177059
221.505,0.2,-0.19994794995280682,-0.19994794995280682
221.51,0.2,-0.2701261009421801,-0.2701261009421801
221.515,0.2,-0.15225651394512751,-0.15225651394512751
221.52,0.2,0.23794299885663145,0.23794299885663145
221.525,0.2,0.3049420923500571,0.3049420923500571
221.53,0.2,0.5382702448513141,0.5382702448513141
221.535,0.2,0.45761514296532874,0.45761514296532874
221.54,0.2,0.12270277585346559,0.12270277585346559
221.545,0.2,-0.2993448677100461,-0.2993448677100461
221.55,0.2,-0.03578185160820663,-0.03578185160820663
221.555,0.2,-0.03709601003177495,-0.03709601003177495
221.56,0.2,0.2898016740285406,0.2898016740285406
221.565,0.2,0.43786507519107554,0.43786507519107554
221.57,0.2,0.7999101713159454,0.7999101713159454
221.575,0.2,0.30063847452842696,0.30063847452842696
221.58,0.2,0.17940718002854633,0.17940718002854633
221.585,0.2,-0.13766883511402542,-0.13766883511402542
221.59,0.2,-0.1296146912232873,-0.1296146912232873
221.595,0.2,-0.02610780007730603,-0.02610780007730603
221.6,0.2,0.4226003937284013,0.4226003937284013
221.605,0.2,0.4582756607866635,0.4582756607866635
221.61,0.2,0.5142804325767163,0.5142804325767163
221.615,0.2,0.36296398163323385,0.36296398163323385
221.62,0.2,0.047953355321215446,0.047953355321215446
221.625,0.2,-0.2250301633395293,-0.2250301633395293
221.63,0.2,-0.2083214107009496,-0.2083214107009496
221.635,0.2,-0.041017925409421285,-0.041017925409421285
221.64,0.2,0.20296084528813957,0.20296084528813957
221.645,0.2,0.4907724785209234,0.4907724785209234
221.65,0.2,0.5391299944655044,0.5391299944655044
221.655,0.2,0.37810577280016505,0.37810577280016505
221.66,0.2,0.27827891006571687,0.27827891006571687
221.665,0.2,-0.13138832089343933,-0.13138832089343933
221.67,0.2,-0.31827954706248696,-0.31827954706248696
221.675,0.2,-0.17536473446782042,-0.17536473446782042
221.68,0.2,0.14568004705978718,0.14568004705978718
221.685,0.2,0.6034042343058446,0.6034042343058446
221.69,0.2,0.5081314104610636,0.5081314104610636
221.695,0.2,0.5192922804764114,0.5192922804764114
221.7,0.2,0.23502442779161514,0.23502442779161514
221.705,0.2,0.006998098332236136,0.006998098332236136
221.71,0.2,-0.16313700464844286,-0.16313700464844286
221.715,0.2,-0.037639670463813335,-0.037639670463813335
221.72,0.2,0.21962051712561553,0.21962051712561553
221.725,0.2,0.4949405591271309,0.4949405591271309
221.73,0.2,0.5272160454472739,0.5272160454472739
221.735,0.2,0.45571073634677806,0.45571073634677806
221.74,0.2,0.10212443329213011,0.10212443329213011
221.745,0.2,-0.11079846274406172,-0.11079846274406172
221.75,0.2,-0.1557502714097079,-0.1557502714097079
221.755,0.2,-0.11007715658712158,-0.11007715658712158
221.76,0.2,0.18153899879407542,0.18153899879407542
221.765,0.2,0.4612416833139221,0.4612416833139221
221.77,0.2,0.5019763733880833,0.5019763733880833
221.775,0.2,0.45363575005466106,0.45363575005466106
221.78,0.2,0.10824891308770997,0.10824891308770997
221.785,0.2,-0.04057464491314289,-0.04057464491314289
221.79,0.2,-0.21559886145703447,-0.21559886145703447
221.795,0.2,-0.026148195892488745,-0.026148195892488745
221.8,0.2,0.20159270094750997,0.20159270094750997
221.805,0.2,0.49173983833475043,0.49173983833475043
221.81,0.2,0.4192353744387548,0.4192353744387548
221.815,0.2,0.3934614691003866,0.3934614691003866
221.82,0.2,0.15533920328465206,0.15533920328465206
221.825,0.2,-0.03740765913335561,-0.03740765913335561
221.83,0.2,-0.18000513671952795,-0.18000513671952795
221.835,0.2,0.21221427273407648,0.21221427273407648
221.84,0.2,0.41800400836961094,0.41800400836961094
221.845,0.2,0.43436746815891525,0.43436746815891525
221.85,0.2,0.5537400740014469,0.5537400740014469
221.855,0.2,0.36774745961500305,0.36774745961500305
221.86,0.2,0.007487237687837323,0.007487237687837323
221.865,0.2,0.05134562029493353,0.05134562029493353
221.87,0.2,-0.0377015146452641,-0.0377015146452641
221.875,0.2,-0.19027516596119176,-0.19027516596119176
221.88,0.2,0.3360701446251312,0.3360701446251312
221.885,0.2,0.5578663952618043,0.5578663952618043
221.89,0.2,0.6293264095518222,0.6293264095518222
221.895,0.2,0.42482845790220214,0.42482845790220214
221.9,0.2,0.1282342718815534,0.1282342718815534
221.905,0.2,0.01445792463561077,0.01445792463561077
221.91,0.2,-0.059356286796152805,-0.059356286796152805
221.915,0.2,-0.003701752289722967,-0.003701752289722967
221.92,0.2,0.31146938526180185,0.31146938526180185
221.925,0.2,0.43878613016033075,0.43878613016033075
221.93,0.2,0.6507808230116169,0.6507808230116169
221.935,0.2,0.4990822312174657,0.4990822312174657
221.94,0.2,0.32440844363894555,0.32440844363894555
221.945,0.2,-0.06413649284853365,-0.06413649284853365
221.95,0.2,-0.021071107070860767,-0.021071107070860767
221.955,0.2,0.035986022887329126,0.035986022887329126
221.96,0.2,0.3133147880970768,0.3133147880970768
221.965,0.2,0.49318835070413164,0.49318835070413164
221.97,0.2,0.5682856465301841,0.5682856465301841
221.975,0.2,0.4164310079860369,0.4164310079860369
221.98,0.2,0.13946142925962915,0.13946142925962915
221.985,0.2,-0.12720446575783895,-0.12720446575783895
221.99,0.2,-0.1782116277937853,-0.1782116277937853
221.995,0.2,0.1441777355608438,0.1441777355608438
222.0,0.2,0.2547057215969431,0.2547057215969431
222.005,0.2,0.5381776670180273,0.5381776670180273
222.01,0.2,0.6362191569316462,0.6362191569316462
222.015,0.2,0.4309497408811653,0.4309497408811653
222.02,0.2,0.03390369090055692,0.03390369090055692
222.025,0.2,-0.1276384466364335,-0.1276384466364335
222.03,0.2,-0.12162556671481467,-0.12162556671481467
222.035,0.2,0.044753411457295854,0.044753411457295854
222.04,0.2,0.20503691735758361,0.20503691735758361
222.045,0.2,0.6754601006795516,0.6754601006795516
222.05,0.2,0.7159812679145938,0.7159812679145938
222.055,0.2,0.544075394203524,0.544075394203524
222.06,0.2,0.20376547023439467,0.20376547023439467
222.065,0.2,-0.02507172480060323,-0.02507172480060323
222.07,0.2,-0.1501213589476391,-0.1501213589476391
222.075,0.2,0.18391162226834393,0.18391162226834393
222.08,0.2,0.025455960151294643,0.025455960151294643
222.085,0.2,0.6601988510674928,0.6601988510674928
222.09,0.2,0.49446915188900337,0.49446915188900337
222.095,0.2,0.3770318228467931,0.3770318228467931
222.1,0.2,0.4176900302523361,0.4176900302523361
222.105,0.2,-0.018380244751412988,-0.018380244751412988
222.11,0.2,-0.08298942764262257,-0.08298942764262257
222.115,0.2,-0.02346379058827442,-0.02346379058827442
222.12,0.2,0.3806099013662668,0.3806099013662668
222.125,0.2,0.539533157909727,0.539533157909727
222.13,0.2,0.6110979784816789,0.6110979784816789
222.135,0.2,0.5729074890161275,0.5729074890161275
222.14,0.2,0.23443438493277163,0.23443438493277163
222.145,0.2,0.15571859256193918,0.15571859256193918
222.15,0.2,-0.11008750768237273,-0.11008750768237273
222.155,0.2,-0.06341628696094048,-0.06341628696094048
222.16,0.2,0.35402651691290576,0.35402651691290576
222.165,0.2,0.5408884723383142,0.5408884723383142
222.17,0.2,0.6216506847871995,0.6216506847871995
222.175,0.2,0.402514423442949,0.402514423442949
222.18,0.2,0.1655899934874724,0.1655899934874724
222.185,0.2,0.042750655908002304,0.042750655908002304
222.19,0.2,-0.257023605247861,-0.257023605247861
222.195,0.2,-0.03528882953760866,-0.03528882953760866
222.2,0.2,0.2604670310155042,0.2604670310155042
222.205,0.2,0.49408444780957156,0.49408444780957156
222.21,0.2,0.4582289904620805,0.4582289904620805
222.215,0.2,0.4218769084200938,0.4218769084200938
222.22,0.2,0.04108789989771039,0.04108789989771039
222.225,0.2,-0.08380043159456671,-0.08380043159456671
222.23,0.2,-0.2373076884048046,-0.2373076884048046
222.235,0.2,0.02859466970626246,0.02859466970626246
222.24,0.2,0.1802697488958638,0.1802697488958638
222.245,0.2,0.6184751754109019,0.6184751754109019
222.25,0.2,0.5078752828119583,0.5078752828119583
222.255,0.2,0.5490591723743918,0.5490591723743918
222.26,0.2,0.06466985045614639,0.06466985045614639
222.265,0.2,-0.019755085869654333,-0.019755085869654333
222.27,0.2,-0.35795248938608293,-0.35795248938608293
222.275,0.2,-0.14073241713162488,-0.14073241713162488
222.28,0.2,0.21949003161415476,0.21949003161415476
222.285,0.2,0.5426196402643833,0.5426196402643833
222.29,0.2,0.6501027548146742,0.6501027548146742
222.295,0.2,0.38839934961860145,0.38839934961860145
222.3,0.2,0.23776340120818076,0.23776340120818076
222.305,0.2,-0.007023959339424221,-0.007023959339424221
222.31,0.2,-0.10446879759853776,-0.10446879759853776
222.315,0.2,-0.008286866759720846,-0.008286866759720846
222.32,0.2,0.29713320037807156,0.29713320037807156
222.325,0.2,0.48951155097899723,0.48951155097899723
222.33,0.2,0.4473622720428383,0.4473622720428383
222.335,0.2,0.5710051669672286,0.5710051669672286
222.34,0.2,0.05550896301471092,0.05550896301471092
222.345,0.2,0.02455558173005566,0.02455558173005566
222.35,0.2,-0.09654037658305456,-0.09654037658305456
222.355,0.2,0.047608970619096136,0.047608970619096136
222.36,0.2,0.2953490261020215,0.2953490261020215
222.365,0.2,0.33580598300324704,0.33580598300324704
222.37,0.2,0.445006769082506,0.445006769082506
222.375,0.2,0.40225182057907977,0.40225182057907977
222.38,0.2,0.21656467585770456,0.21656467585770456
222.385,0.2,0.1730507643229001,0.1730507643229001
222.39,0.2,-0.08992255250782166,-0.08992255250782166
222.395,0.2,-0.14489081912941357,-0.14489081912941357
222.4,0.2,0.3533527849461379,0.3533527849461379
222.405,0.2,0.42739260260018813,0.42739260260018813
222.41,0.2,0.42039488013647164,0.42039488013647164
222.415,0.2,0.44461115634795956,0.44461115634795956
222.42,0.2,0.27708061763002645,0.27708061763002645
222.425,0.2,-0.04833347693523317,-0.04833347693523317
222.43,0.2,-0.07036871852072062,-0.07036871852072062
222.435,0.2,-0.0671757831732566,-0.0671757831732566
222.44,0.2,0.2851154033846141,0.2851154033846141
222.445,0.2,0.45681310598805863,0.45681310598805863
222.45,0.2,0.49793899540166253,0.49793899540166253
222.455,0.2,0.5752264893336889,0.5752264893336889
222.46,0.2,0.19627305885592705,0.19627305885592705
222.465,0.2,-0.006725971933745661,-0.006725971933745661
222.47,0.2,-0.3757721539374409,-0.3757721539374409
222.475,0.2,-0.06770328341442479,-0.06770328341442479
222.48,0.2,0.29984528842618574,0.29984528842618574
222.485,0.2,0.5601055414033598,0.5601055414033598
222.49,0.2,0.6216225578764478,0.6216225578764478
222.495,0.2,0.6947777954884442,0.6947777954884442
222.5,0.2,0.43753028784803794,0.43753028784803794
222.505,0.2,-0.027652763996385,-0.027652763996385
222.51,0.2,-0.1664415847745987,-0.1664415847745987
222.515,0.2,0.04829862559916104,0.04829862559916104
222.52,0.2,0.22705319390747195,0.22705319390747195
222.525,0.2,0.5154155610649332,0.5154155610649332
222.53,0.2,0.6284431156946453,0.6284431156946453
222.535,0.2,0.4861027107167945,0.4861027107167945
222.54,0.2,0.22070530857992648,0.22070530857992648
222.545,0.2,-0.13017485567314666,-0.13017485567314666
222.55,0.2,-0.12470810690827384,-0.12470810690827384
222.555,0.2,-0.026428148857662467,-0.026428148857662467
222.56,0.2,0.3630656520032328,0.3630656520032328
222.565,0.2,0.6331595701216483,0.6331595701216483
222.57,0.2,0.7515410222224537,0.7515410222224537
222.575,0.2,0.47546372184268904,0.47546372184268904
222.58,0.2,0.43716451625061503,0.43716451625061503
222.585,0.2,-0.12609540340447267,-0.12609540340447267
222.59,0.2,-0.1120539065971039,-0.1120539065971039
222.595,0.2,0.11512590439804496,0.11512590439804496
222.6,0.2,0.16979416055928648,0.16979416055928648
222.605,0.2,0.5344898154058579,0.5344898154058579
222.61,0.2,0.6417777811443612,0.6417777811443612
222.615,0.2,0.7261668321615655,0.7261668321615655
222.62,0.2,0.32475944842598903,0.32475944842598903
222.625,0.2,0.068344440362151,0.068344440362151
222.63,0.2,-0.0721241250854598,-0.0721241250854598
222.635,0.2,0.16920249835573875,0.16920249835573875
222.64,0.2,0.04050089308291932,0.04050089308291932
222.645,0.2,0.6175198454266397,0.6175198454266397
222.65,0.2,0.5003383248977001,0.5003383248977001
222.655,0.2,0.363053876851125,0.363053876851125
222.66,0.2,0.2899361475825608,0.2899361475825608
222.665,0.2,0.02784774842913401,0.02784774842913401
222.67,0.2,-0.08257319670874295,-0.08257319670874295
222.675,0.2,0.08563518964976098,0.08563518964976098
222.68,0.2,0.2148569434995847,0.2148569434995847
222.685,0.2,0.4881953927491468,0.4881953927491468
222.69,0.2,0.47249041373891826,0.47249041373891826
222.695,0.2,0.4578259616698959,0.4578259616698959
222.7,0.2,0.29989363966033916,0.29989363966033916
222.705,0.2,-0.025646653122097175,-0.025646653122097175
222.71,0.2,-0.09151599055182152,-0.09151599055182152
222.715,0.2,-0.03070239657841062,-0.03070239657841062
222.72,0.2,0.23294310703930746,0.23294310703930746
222.725,0.2,0.418024816518553,0.418024816518553
222.73,0.2,0.5382081985582596,0.5382081985582596
222.735,0.2,0.39442763015463783,0.39442763015463783
222.74,0.2,0.13264637461697604,0.13264637461697604
222.745,0.2,-0.012197322321016644,-0.012197322321016644
222.75,0.2,-0.021897874357307057,-0.021897874357307057
222.755,0.2,-0.005847815112352366,-0.005847815112352366
222.76,0.2,0.3624620871690766,0.3624620871690766
222.765,0.2,0.5346954150307335,0.5346954150307335
222.77,0.2,0.47397008165525284,0.47397008165525284
222.775,0.2,0.5084007016499479,0.5084007016499479
222.78,0.2,0.16209774997704773,0.16209774997704773
222.785,0.2,-0.12733412916894934,-0.12733412916894934
222.79,0.2,-0.14777296746693352,-0.14777296746693352
222.795,0.2,0.004959602714452824,0.004959602714452824
222.8,0.2,0.24376852952864278,0.24376852952864278
222.805,0.2,0.3810526037378353,0.3810526037378353
222.81,0.2,0.6022869335899805,0.6022869335899805
222.815,0.2,0.43658248092437263,0.43658248092437263
222.82,0.2,0.06297108527777265,0.06297108527777265
222.825,0.2,-0.23565799433909815,-0.23565799433909815
222.83,0.2,-0.05920105976079659,-0.05920105976079659
222.835,0.2,-0.07990805450377164,-0.07990805450377164
222.84,0.2,0.17139817350583075,0.17139817350583075
222.845,0.2,0.45797403444680773,0.45797403444680773
222.85,0.2,0.7092145717539206,0.7092145717539206
222.855,0.2,0.3724313497848806,0.3724313497848806
222.86,0.2,0.36562284026625014,0.36562284026625014
222.865,0.2,-0.08949606388854833,-0.08949606388854833
222.87,0.2,-0.18583678372835416,-0.18583678372835416
222.875,0.2,-0.29755650592557426,-0.29755650592557426
222.88,0.2,0.14461919561410952,0.14461919561410952
222.885,0.2,0.4931935084961012,0.4931935084961012
222.89,0.2,0.6849032063024385,0.6849032063024385
222.895,0.2,0.6114016281355887,0.6114016281355887
222.9,0.2,0.2178093678487378,0.2178093678487378
222.905,0.2,-0.09664121137817032,-0.09664121137817032
222.91,0.2,-0.10501527667875765,-0.10501527667875765
222.915,0.2,0.006821158181312369,0.006821158181312369
222.92,0.2,0.19279823299922644,0.19279823299922644
222.925,0.2,0.5509068176840444,0.5509068176840444
222.93,0.2,0.6164700862005572,0.6164700862005572
222.935,0.2,0.5231740844872201,0.5231740844872201
222.94,0.2,0.19633282983419292,0.19633282983419292
222.945,0.2,-0.2073015964004389,-0.2073015964004389
222.95,0.2,-0.04771133136669345,-0.04771133136669345
222.955,0.2,0.15893882023099487,0.15893882023099487
222.96,0.2,0.298021180305248,0.298021180305248
222.965,0.2,0.2720156706513274,0.2720156706513274
222.97,0.2,0.45652483800370847,0.45652483800370847
222.975,0.2,0.30394489767806077,0.30394489767806077
222.98,0.2,0.08790484764073841,0.08790484764073841
222.985,0.2,0.00786335051757997,0.00786335051757997
222.99,0.2,-0.02670887144512453,-0.02670887144512453
222.995,0.2,0.13579484301180303,0.13579484301180303
223.0,0.2,0.39979948441274404,0.39979948441274404
223.005,0.2,0.6043301253412011,0.6043301253412011
223.01,0.2,0.48328530253949886,0.48328530253949886
223.015,0.2,0.4858389943653208,0.4858389943653208
223.02,0.2,0.34407421066756355,0.34407421066756355
223.025,0.2,0.020984208915906827,0.020984208915906827
223.03,0.2,-0.22085791518435585,-0.22085791518435585
223.035,0.2,0.07756810678692798,0.07756810678692798
223.04,0.2,0.30628526470243533,0.30628526470243533
223.045,0.2,0.5220406646221223,0.5220406646221223
223.05,0.2,0.604622845153221,0.604622845153221
223.055,0.2,0.2275775041260198,0.2275775041260198
223.06,0.2,0.29734703028036136,0.29734703028036136
223.065,0.2,0.19709566842251652,0.19709566842251652
223.07,0.2,-0.010201849110575353,-0.010201849110575353
223.075,0.2,0.03611477885476565,0.03611477885476565
223.08,0.2,0.36237774931946315,0.36237774931946315
223.085,0.2,0.5570907078525824,0.5570907078525824
223.09,0.2,0.3995866481675978,0.3995866481675978
223.095,0.2,0.43647069673402306,0.43647069673402306
223.1,0.2,0.3807118091701196,0.3807118091701196
223.105,0.2,-0.06741446261972636,-0.06741446261972636
223.11,0.2,-0.01059715568501432,-0.01059715568501432
223.115,0.2,-0.02139005699552897,-0.02139005699552897
223.12,0.2,0.35764853629686555,0.35764853629686555
223.125,0.2,0.686437433452759,0.686437433452759
223.13,0.2,0.6103072550857759,0.6103072550857759
223.135,0.2,0.6673437246642051,0.6673437246642051
223.14,0.2,0.2780121931623981,0.2780121931623981
223.145,0.2,-0.0717161681233969,-0.0717161681233969
223.15,0.2,-0.15609497505799214,-0.15609497505799214
223.155,0.2,0.05662077074788743,0.05662077074788743
223.16,0.2,0.19600428515736762,0.19600428515736762
223.165,0.2,0.5624523333054385,0.5624523333054385
223.17,0.2,0.7315124835874388,0.7315124835874388
223.175,0.2,0.5886776091874173,0.5886776091874173
223.18,0.2,0.31296585042747915,0.31296585042747915
223.185,0.2,-0.00657246470531243,-0.00657246470531243
223.19,0.2,-0.13309187824736934,-0.13309187824736934
223.195,0.2,0.04958676082229653,0.04958676082229653
223.2,0.2,0.24053918216266443,0.24053918216266443
223.205,0.2,0.6268926506174063,0.6268926506174063
223.21,0.2,0.4862440946235446,0.4862440946235446
223.215,0.2,0.6251883101798245,0.6251883101798245
223.22,0.2,0.4113697062136653,0.4113697062136653
223.225,0.2,-0.060132920143472816,-0.060132920143472816
223.23,0.2,-0.011665552570480409,-0.011665552570480409
223.235,0.2,-0.032913276840755304,-0.032913276840755304
223.24,0.2,0.05991294936499297,0.05991294936499297
223.245,0.2,0.46148226975785067,0.46148226975785067
223.25,0.2,0.4582682450687042,0.4582682450687042
223.255,0.2,0.6484674004237732,0.6484674004237732
223.26,0.2,0.3182082485191975,0.3182082485191975
223.265,0.2,-0.03605572139055463,-0.03605572139055463
223.27,0.2,-0.1800397813927907,-0.1800397813927907
223.275,0.2,0.031363676263282486,0.031363676263282486
223.28,0.2,0.20906063887965265,0.20906063887965265
223.285,0.2,0.49365890671795487,0.49365890671795487
223.29,0.2,0.6205556141058429,0.6205556141058429
223.295,0.2,0.4916702417673319,0.4916702417673319
223.3,0.2,0.17639431552423793,0.17639431552423793
223.305,0.2,0.09037840741959649,0.09037840741959649
223.31,0.2,-0.2645660064685216,-0.2645660064685216
223.315,0.2,0.058790297577553996,0.058790297577553996
223.32,0.2,0.10358161720663633,0.10358161720663633
223.325,0.2,0.4121962065629437,0.4121962065629437
223.33,0.2,0.5860208537185945,0.5860208537185945
223.335,0.2,0.3734037132081664,0.3734037132081664
223.34,0.2,0.3265388441101942,0.3265388441101942
223.345,0.2,-0.15307109899478538,-0.15307109899478538
223.35,0.2,-0.0630286368953063,-0.0630286368953063
223.355,0.2,-0.06355724605349237,-0.06355724605349237
223.36,0.2,0.25409998626468544,0.25409998626468544
223.365,0.2,0.47504072333226866,0.47504072333226866
223.37,0.2,0.6189976611213189,0.6189976611213189
223.375,0.2,0.47056387943282635,0.47056387943282635
223.38,0.2,0.18360978145228057,0.18360978145228057
223.385,0.2,-0.018459754001349846,-0.018459754001349846
223.39,0.2,-0.15520660459248584,-0.15520660459248584
223.395,0.2,0.1413617215559543,0.1413617215559543
223.4,0.2,0.2910023130802201,0.2910023130802201
223.405,0.2,0.5472010915920674,0.5472010915920674
223.41,0.2,0.5582139827530288,0.5582139827530288
223.415,0.2,0.5685398966692752,0.5685398966692752
223.42,0.2,0.08268430700107901,0.08268430700107901
223.425,0.2,-0.21911631004741192,-0.21911631004741192
223.43,0.2,-0.07937113561334654,-0.07937113561334654
223.435,0.2,-0.1763412631767265,-0.1763412631767265
223.44,0.2,0.13606736293825716,0.13606736293825716
223.445,0.2,0.5927115911368308,0.5927115911368308
223.45,0.2,0.6370010645130835,0.6370010645130835
223.455,0.2,0.4998511048383239,0.4998511048383239
223.46,0.2,0.29925210504663297,0.29925210504663297
223.465,0.2,0.09617866941879866,0.09617866941879866
223.47,0.2,-0.3093788326247888,-0.3093788326247888
223.475,0.2,-0.14533790108996916,-0.14533790108996916
223.48,0.2,0.17960344761505767,0.17960344761505767
223.485,0.2,0.4182138876540286,0.4182138876540286
223.49,0.2,0.5780829148646264,0.5780829148646264
223.495,0.2,0.5478657911924221,0.5478657911924221
223.5,0.2,0.15775859205996717,0.15775859205996717
223.505,0.2,-0.03130631699912592,-0.03130631699912592
223.51,0.2,-0.12838966740502025,-0.12838966740502025
223.515,0.2,0.11605989625631011,0.11605989625631011
223.52,0.2,0.3687330287052368,0.3687330287052368
223.525,0.2,0.5523898322612004,0.5523898322612004
223.53,0.2,0.6175372124250065,0.6175372124250065
223.535,0.2,0.38780222956786814,0.38780222956786814
223.54,0.2,0.392847646283559,0.392847646283559
223.545,0.2,-0.1079785302743937,-0.1079785302743937
223.55,0.2,-0.06470459851772253,-0.06470459851772253
223.555,0.2,-0.1503030081639021,-0.1503030081639021
223.56,0.2,0.20786420899748947,0.20786420899748947
223.565,0.2,0.544188682008379,0.544188682008379
223.57,0.2,0.6222907835319703,0.6222907835319703
223.575,0.2,0.5591967119133178,0.5591967119133178
223.58,0.2,0.19611976902400718,0.19611976902400718
223.585,0.2,-0.08582256428409664,-0.08582256428409664
223.59,0.2,-0.1850780914326154,-0.1850780914326154
223.595,0.2,0.18091955864481024,0.18091955864481024
223.6,0.2,0.23134617855671266,0.23134617855671266
223.605,0.2,0.5011522668113116,0.5011522668113116
223.61,0.2,0.6633576966968109,0.6633576966968109
223.615,0.2,0.5333356186868288,0.5333356186868288
223.62,0.2,0.3490880227572274,0.3490880227572274
223.625,0.2,0.024993684397416643,0.024993684397416643
223.63,0.2,-0.1862320404017921,-0.1862320404017921
223.635,0.2,-0.09584350332983213,-0.09584350332983213
223.64,0.2,0.15060234140401724,0.15060234140401724
223.645,0.2,0.43482649063268747,0.43482649063268747
223.65,0.2,0.6580298339251047,0.6580298339251047
223.655,0.2,0.684564623885552,0.684564623885552
223.66,0.2,0.27443162256727116,0.27443162256727116
223.665,0.2,0.04969495009402824,0.04969495009402824
223.67,0.2,-0.08702361809394071,-0.08702361809394071
223.675,0.2,-0.09293932438938546,-0.09293932438938546
223.68,0.2,0.2410104833449835,0.2410104833449835
223.685,0.2,0.3776467457236854,0.3776467457236854
223.69,0.2,0.598135511053904,0.598135511053904
223.695,0.2,0.231283635205487,0.231283635205487
223.7,0.2,0.24069114159752092,0.24069114159752092
223.705,0.2,-0.06586741494622947,-0.06586741494622947
223.71,0.2,-0.0934389200634686,-0.0934389200634686
223.715,0.2,0.11364932024394517,0.11364932024394517
223.72,0.2,0.22880767650660114,0.22880767650660114
223.725,0.2,0.3809095528253249,0.3809095528253249
223.73,0.2,0.5704292994169715,0.5704292994169715
223.735,0.2,0.2578473872279776,0.2578473872279776
223.74,0.2,0.042208671432021255,0.042208671432021255
223.745,0.2,-0.12223594876759522,-0.12223594876759522
223.75,0.2,-0.33408139071630427,-0.33408139071630427
223.755,0.2,-0.052982305436841945,-0.052982305436841945
223.76,0.2,0.2187863905249183,0.2187863905249183
223.765,0.2,0.43329279419202493,0.43329279419202493
223.77,0.2,0.7450561946495644,0.7450561946495644
223.775,0.2,0.24503067321718033,0.24503067321718033
223.78,0.2,0.009136151361135783,0.009136151361135783
223.785,0.2,-0.06212910020357994,-0.06212910020357994
223.79,0.2,-0.4319244009903309,-0.4319244009903309
223.795,0.2,-0.061975752868198924,-0.061975752868198924
223.8,0.2,0.07706051654626223,0.07706051654626223
223.805,0.2,0.30530473821898163,0.30530473821898163
223.81,0.2,0.32874681257937965,0.32874681257937965
223.815,0.2,0.41183050599472787,0.41183050599472787
223.82,0.2,0.0753509067487107,0.0753509067487107
223.825,0.2,-0.037774036942969796,-0.037774036942969796
223.83,0.2,-0.1786179947729074,-0.1786179947729074
223.835,0.2,-0.23328396712833194,-0.23328396712833194
223.84,0.2,0.21396981726207331,0.21396981726207331
223.845,0.2,0.411374959052462,0.411374959052462
223.85,0.2,0.5885426639787895,0.5885426639787895
223.855,0.2,0.4503201126768574,0.4503201126768574
223.86,0.2,-0.05487675796003978,-0.05487675796003978
223.865,0.2,-0.13776204089552033,-0.13776204089552033
223.87,0.2,-0.3240876549855565,-0.3240876549855565
223.875,0.2,-0.04144950242703471,-0.04144950242703471
223.88,0.2,0.023142104225757965,0.023142104225757965
223.885,0.2,0.41146802642698205,0.41146802642698205
223.89,0.2,0.5669299124983901,0.5669299124983901
223.895,0.2,0.5181576229541633,0.5181576229541633
223.9,0.2,0.09284905056930444,0.09284905056930444
223.905,0.2,-0.08393980793764863,-0.08393980793764863
223.91,0.2,-0.156954615264351,-0.156954615264351
223.915,0.2,-0.21169754795468146,-0.21169754795468146
223.92,0.2,0.2710522880101106,0.2710522880101106
223.925,0.2,0.267868373390168,0.267868373390168
223.93,0.2,0.5101459079391374,0.5101459079391374
223.935,0.2,0.14235102959724755,0.14235102959724755
223.94,0.2,0.21611535033918974,0.21611535033918974
223.945,0.2,-0.23556582708118506,-0.23556582708118506
223.95,0.2,-0.3490045681759721,-0.3490045681759721
223.955,0.2,-0.20549180131365385,-0.20549180131365385
223.96,0.2,-0.09747976533722974,-0.09747976533722974
223.965,0.2,0.18281566750574538,0.18281566750574538
223.97,0.2,0.4709802305633596,0.4709802305633596
223.975,0.2,0.28233635141313496,0.28233635141313496
223.98,0.2,0.19173089424086798,0.19173089424086798
223.985,0.2,-0.164100618032079,-0.164100618032079
223.99,0.2,-0.1522504103161727,-0.1522504103161727
223.995,0.2,-0.14414884346874057,-0.14414884346874057
224.0,0.2,0.11197839464732089,0.11197839464732089
224.005,0.2,0.3905581748763752,0.3905581748763752
224.01,0.2,0.554118616986192,0.554118616986192
224.015,0.2,0.1246193393959476,0.1246193393959476
224.02,0.2,0.01205883047911907,0.01205883047911907
224.025,0.2,-0.05628210288438598,-0.05628210288438598
224.03,0.2,-0.049866482746966756,-0.049866482746966756
224.035,0.2,-0.14981885527476138,-0.14981885527476138
224.04,0.2,0.10751772197431259,0.10751772197431259
224.045,0.2,0.43851226889642264,0.43851226889642264
224.05,0.2,0.43343831308813074,0.43343831308813074
224.055,0.2,0.3157965478622501,0.3157965478622501
224.06,0.2,0.07967328166850238,0.07967328166850238
224.065,0.2,-0.1843468160754035,-0.1843468160754035
224.07,0.2,-0.2909134824158801,-0.2909134824158801
224.075,0.2,-0.10752447550327035,-0.10752447550327035
224.08,0.2,0.12972543038497075,0.12972543038497075
224.085,0.2,0.36328743536984676,0.36328743536984676
224.09,0.2,0.577346022951854,0.577346022951854
224.095,0.2,0.43654680199597956,0.43654680199597956
224.1,0.2,0.20611394899127783,0.20611394899127783
224.105,0.2,-0.20841392567252542,-0.20841392567252542
224.11,0.2,-0.2182754859924382,-0.2182754859924382
224.115,0.2,0.0044399898778516855,0.0044399898778516855
224.12,0.2,0.36810908739077086,0.36810908739077086
224.125,0.2,0.42340340184735287,0.42340340184735287
224.13,0.2,0.5350471044540114,0.5350471044540114
224.135,0.2,0.3292517315926941,0.3292517315926941
224.14,0.2,0.15820524892433246,0.15820524892433246
224.145,0.2,-0.18583241499190248,-0.18583241499190248
224.15,0.2,-0.25563274179313455,-0.25563274179313455
224.155,0.2,0.21118547242104382,0.21118547242104382
224.16,0.2,0.15794747571610784,0.15794747571610784
224.165,0.2,0.4003353508954942,0.4003353508954942
224.17,0.2,0.6857139118201832,0.6857139118201832
224.175,0.2,0.5317443354154384,0.5317443354154384
224.18,0.2,0.16657830814842153,0.16657830814842153
224.185,0.2,-0.09826691412978475,-0.09826691412978475
224.19,0.2,-0.0952145424840107,-0.0952145424840107
224.195,0.2,-0.20487740200541935,-0.20487740200541935
224.2,0.2,0.21319613124576298,0.21319613124576298
224.205,0.2,0.5224599537463382,0.5224599537463382
224.21,0.2,0.5409713513933054,0.5409713513933054
224.215,0.2,0.6811284708754013,0.6811284708754013
224.22,0.2,0.3008645153949364,0.3008645153949364
224.225,0.2,-0.12356651598899118,-0.12356651598899118
224.23,0.2,-0.1929774866717709,-0.1929774866717709
224.235,0.2,-0.0793097806826234,-0.0793097806826234
224.24,0.2,0.2688922955492647,0.2688922955492647
224.245,0.2,0.4536012646147432,0.4536012646147432
224.25,0.2,0.6857813055718416,0.6857813055718416
224.255,0.2,0.45650871846749413,0.45650871846749413
224.26,0.2,0.2436003505306271,0.2436003505306271
224.265,0.2,-0.1650553568782766,-0.1650553568782766
224.27,0.2,-0.07731147154709066,-0.07731147154709066
224.275,0.2,-0.15356181354097423,-0.15356181354097423
224.28,0.2,0.21916759181137868,0.21916759181137868
224.285,0.2,0.4140345090578395,0.4140345090578395
224.29,0.2,0.5804324742330765,0.5804324742330765
224.295,0.2,0.503518158692097,0.503518158692097
224.3,0.2,0.26876196287007315,0.26876196287007315
224.305,0.2,-0.1558541761586842,-0.1558541761586842
224.31,0.2,-0.25918176369362445,-0.25918176369362445
224.315,0.2,0.10107323184138528,0.10107323184138528
224.32,0.2,0.49301123809842196,0.49301123809842196
224.325,0.2,0.36392854840438615,0.36392854840438615
224.33,0.2,0.5165080497147037,0.5165080497147037
224.335,0.2,0.3413327856888153,0.3413327856888153
224.34,0.2,0.16265291013023386,0.16265291013023386
224.345,0.2,0.06436811463464126,0.06436811463464126
224.35,0.2,-0.09938064348646547,-0.09938064348646547
224.355,0.2,0.09985623479286883,0.09985623479286883
224.36,0.2,0.24177395525261458,0.24177395525261458
224.365,0.2,0.5689374589414747,0.5689374589414747
224.37,0.2,0.5466437266535961,0.5466437266535961
224.375,0.2,0.36646795450160424,0.36646795450160424
224.38,0.2,0.17096640469802615,0.17096640469802615
224.385,0.2,-0.03481725401720463,-0.03481725401720463
224.39,0.2,-0.1792337660962861,-0.1792337660962861
224.395,0.2,0.13531366473759962,0.13531366473759962
224.4,0.2,0.31421212549918065,0.31421212549918065
224.405,0.2,0.4901485587311732,0.4901485587311732
224.41,0.2,0.5477294881349857,0.5477294881349857
224.415,0.2,0.48426135948335325,0.48426135948335325
224.42,0.2,0.022852293766143283,0.022852293766143283
224.425,0.2,-0.16608196872977576,-0.16608196872977576
224.43,0.2,-0.26727646765862423,-0.26727646765862423
224.435,0.2,0.022503812826676746,0.022503812826676746
224.44,0.2,0.25367179137923224,0.25367179137923224
224.445,0.2,0.42744893990001975,0.42744893990001975
224.45,0.2,0.7715325220156555,0.7715325220156555
224.455,0.2,0.6570409281006732,0.6570409281006732
224.46,0.2,0.06705390593863378,0.06705390593863378
224.465,0.2,-0.04330025478645761,-0.04330025478645761
224.47,0.2,-0.2029200653013321,-0.2029200653013321
224.475,0.2,-0.1764423673591755,-0.1764423673591755
224.48,0.2,0.24482566901013822,0.24482566901013822
224.485,0.2,0.4733873917283129,0.4733873917283129
224.49,0.2,0.5092164002388136,0.5092164002388136
224.495,0.2,0.6065702273639415,0.6065702273639415
224.5,0.2,0.21803365008426737,0.21803365008426737
224.505,0.2,-0.018973936141508614,-0.018973936141508614
224.51,0.2,-0.07147197200210022,-0.07147197200210022
224.515,0.2,-0.24885956944049162,-0.24885956944049162
224.52,0.2,0.28475431560512915,0.28475431560512915
224.525,0.2,0.43433881689421655,0.43433881689421655
224.53,0.2,0.6129753509491082,0.6129753509491082
224.535,0.2,0.5562284365989222,0.5562284365989222
224.54,0.2,0.35066997820090406,0.35066997820090406
224.545,0.2,0.16481575966059053,0.16481575966059053
224.55,0.2,-0.13477419676704006,-0.13477419676704006
224.555,0.2,-0.07748827786631893,-0.07748827786631893
224.56,0.2,0.2982661509494775,0.2982661509494775
224.565,0.2,0.41565508708214804,0.41565508708214804
224.57,0.2,0.6648432512653677,0.6648432512653677
224.575,0.2,0.4476932561040618,0.4476932561040618
224.58,0.2,0.30548234193692186,0.30548234193692186
224.585,0.2,0.04683128079619274,0.04683128079619274
224.59,0.2,-0.028123508608564468,-0.028123508608564468
224.595,0.2,0.007148461641387907,0.007148461641387907
224.6,0.2,0.18362047657219793,0.18362047657219793
224.605,0.2,0.7344166870320299,0.7344166870320299
224.61,0.2,0.6211786120498259,0.6211786120498259
224.615,0.2,0.2807824805927735,0.2807824805927735
224.62,0.2,0.43953665963611555,0.43953665963611555
224.625,0.2,0.03447354061710682,0.03447354061710682
224.63,0.2,-0.07610309336503585,-0.07610309336503585
224.635,0.2,0.14044762930966959,0.14044762930966959
224.64,0.2,0.22631398381206838,0.22631398381206838
224.645,0.2,0.5356512196305104,0.5356512196305104
224.65,0.2,0.5259582975150573,0.5259582975150573
224.655,0.2,0.43632527610548855,0.43632527610548855
224.66,0.2,0.31844142505060063,0.31844142505060063
224.665,0.2,-0.21726113989147652,-0.21726113989147652
224.67,0.2,-0.1601875391531204,-0.1601875391531204
224.675,0.2,0.05617575243630163,0.05617575243630163
224.68,0.2,0.34534810839017843,0.34534810839017843
224.685,0.2,0.43999323184036726,0.43999323184036726
224.69,0.2,0.7257811602099509,0.7257811602099509
224.695,0.2,0.6820020348509555,0.6820020348509555
224.7,0.2,0.08504431948692828,0.08504431948692828
224.705,0.2,-0.19312096165742698,-0.19312096165742698
224.71,0.2,-0.14711761735722495,-0.14711761735722495
224.715,0.2,0.08841679687099445,0.08841679687099445
224.72,0.2,0.2762584555220371,0.2762584555220371
224.725,0.2,0.39017499682247025,0.39017499682247025
224.73,0.2,0.8668213968665306,0.8668213968665306
224.735,0.2,0.43945564311933993,0.43945564311933993
224.74,0.2,0.18431199545519966,0.18431199545519966
224.745,0.2,-0.04436642890736952,-0.04436642890736952
224.75,0.2,-0.15515044409662332,-0.15515044409662332
224.755,0.2,-0.17832164883412474,-0.17832164883412474
224.76,0.2,0.2902559313679208,0.2902559313679208
224.765,0.2,0.5653344121386821,0.5653344121386821
224.77,0.2,0.6082679539952852,0.6082679539952852
224.775,0.2,0.410288002519518,0.410288002519518
224.78,0.2,0.036822967335305656,0.036822967335305656
224.785,0.2,0.0031204351691185087,0.0031204351691185087
224.79,0.2,-0.3275925888847631,-0.3275925888847631
224.795,0.2,0.19008217845781722,0.19008217845781722
224.8,0.2,0.1428781002699965,0.1428781002699965
224.805,0.2,0.4619109091747621,0.4619109091747621
224.81,0.2,0.6454186702822492,0.6454186702822492
224.815,0.2,0.3587886605221609,0.3587886605221609
224.82,0.2,0.18291090501438068,0.18291090501438068
224.825,0.2,0.10861098678683129,0.10861098678683129
224.83,0.2,-0.08839345873754544,-0.08839345873754544
224.835,0.2,-0.05288186720173325,-0.05288186720173325
224.84,0.2,0.20011521762845944,0.20011521762845944
224.845,0.2,0.6812258011335154,0.6812258011335154
224.85,0.2,0.5469573651529034,0.5469573651529034
224.855,0.2,0.2970533366955873,0.2970533366955873
224.86,0.2,0.12737555112520646,0.12737555112520646
224.865,0.2,0.020101428726182993,0.020101428726182993
224.87,0.2,-0.06480870130373496,-0.06480870130373496
224.875,0.2,0.07626140523266796,0.07626140523266796
224.88,0.2,0.3959423564895618,0.3959423564895618
224.885,0.2,0.5503065684023735,0.5503065684023735
224.89,0.2,0.4849387058891317,0.4849387058891317
224.895,0.2,0.34051621531416126,0.34051621531416126
224.9,0.2,0.2307369885593536,0.2307369885593536
224.905,0.2,-0.10962891423056181,-0.10962891423056181
224.91,0.2,-0.16819980335972412,-0.16819980335972412
224.915,0.2,-0.10308320259227166,-0.10308320259227166
224.92,0.2,0.21002705823741286,0.21002705823741286
224.925,0.2,0.41904896874498776,0.41904896874498776
224.93,0.2,0.5960250399445925,0.5960250399445925
224.935,0.2,0.4579242511018687,0.4579242511018687
224.94,0.2,0.2615672813828572,0.2615672813828572
224.945,0.2,-0.16624450551720465,-0.16624450551720465
224.95,0.2,0.017364525794744068,0.017364525794744068
224.955,0.2,0.021336100871901978,0.021336100871901978
224.96,0.2,0.13732892115670503,0.13732892115670503
224.965,0.2,0.3935758051119454,0.3935758051119454
224.97,0.2,0.569758835456477,0.569758835456477
224.975,0.2,0.4749016521125931,0.4749016521125931
224.98,0.2,0.23802399695444468,0.23802399695444468
224.985,0.2,-0.03981694042609808,-0.03981694042609808
224.99,0.2,-0.13931008797884006,-0.13931008797884006
224.995,0.2,0.09465394699434923,0.09465394699434923
225.0,0.2,0.1530163618268856,0.1530163618268856
225.005,0.2,0.3614488259616956,0.3614488259616956
225.01,0.2,0.6486032046764715,0.6486032046764715
225.015,0.2,0.3448288238175603,0.3448288238175603
225.02,0.2,0.24512555088826782,0.24512555088826782
225.025,0.2,-0.09559169966363773,-0.09559169966363773
225.03,0.2,0.01788255330297206,0.01788255330297206
225.035,0.2,-0.03847642153015024,-0.03847642153015024
225.04,0.2,0.233985134704202,0.233985134704202
225.045,0.2,0.5955530543676586,0.5955530543676586
225.05,0.2,0.5627410786225486,0.5627410786225486
225.055,0.2,0.3748872674905884,0.3748872674905884
225.06,0.2,0.07069110622711086,0.07069110622711086
225.065,0.2,-0.017551428533338673,-0.017551428533338673
225.07,0.2,-0.21689840594620563,-0.21689840594620563
225.075,0.2,0.15652395547954712,0.15652395547954712
225.08,0.2,-0.029922552352608295,-0.029922552352608295
225.085,0.2,0.7377155173070498,0.7377155173070498
225.09,0.2,0.663792922301227,0.663792922301227
225.095,0.2,0.5390315076533617,0.5390315076533617
225.1,0.2,0.2795917745983489,0.2795917745983489
225.105,0.2,-0.16645265216447686,-0.16645265216447686
225.11,0.2,-0.13756925446443663,-0.13756925446443663
225.115,0.2,-0.10454637565326007,-0.10454637565326007
225.12,0.2,0.10916670323251433,0.10916670323251433
225.125,0.2,0.4962026519252322,0.4962026519252322
225.13,0.2,0.5009755303015068,0.5009755303015068
225.135,0.2,0.5033211058063765,0.5033211058063765
225.14,0.2,0.32384883004742376,0.32384883004742376
225.145,0.2,0.024187774257695416,0.024187774257695416
225.15,0.2,-0.23753941477956378,-0.23753941477956378
225.155,0.2,0.08719368994106419,0.08719368994106419
225.16,0.2,0.2041161531637999,0.2041161531637999
225.165,0.2,0.47569256053334713,0.47569256053334713
225.17,0.2,0.5506435921394005,0.5506435921394005
225.175,0.2,0.485778909575084,0.485778909575084
225.18,0.2,0.3009422187028169,0.3009422187028169
225.185,0.2,-0.15652337332404437,-0.15652337332404437
225.19,0.2,-0.24700213605575053,-0.24700213605575053
225.195,0.2,0.011962134899047166,0.011962134899047166
225.2,0.2,0.1637044104555643,0.1637044104555643
225.205,0.2,0.5791925515178176,0.5791925515178176
225.21,0.2,0.794349309193001,0.794349309193001
225.215,0.2,0.46412103634670254,0.46412103634670254
225.22,0.2,0.1634659632951262,0.1634659632951262
225.225,0.2,-0.15390463814775052,-0.15390463814775052
225.23,0.2,-0.26862633773409506,-0.26862633773409506
225.235,0.2,0.0725436775998262,0.0725436775998262
225.24,0.2,0.18978108989746673,0.18978108989746673
225.245,0.2,0.6979638281379638,0.6979638281379638
225.25,0.2,0.7642804999946485,0.7642804999946485
225.255,0.2,0.2674259460296928,0.2674259460296928
225.26,0.2,0.16816291755417717,0.16816291755417717
225.265,0.2,0.07644208973138432,0.07644208973138432
225.27,0.2,-0.2564460029194027,-0.2564460029194027
225.275,0.2,-0.1526414669782184,-0.1526414669782184
225.28,0.2,0.21284065711043756,0.21284065711043756
225.285,0.2,0.4681828917831815,0.4681828917831815
225.29,0.2,0.455158523123362,0.455158523123362
225.295,0.2,0.4281945062146021,0.4281945062146021
225.3,0.2,0.16440451384876295,0.16440451384876295
225.305,0.2,-0.1196810324862982,-0.1196810324862982
225.31,0.2,-0.24335157839127558,-0.24335157839127558
225.315,0.2,-0.17912533209287856,-0.17912533209287856
225.32,0.2,0.14948332679067328,0.14948332679067328
225.325,0.2,0.630122955131674,0.630122955131674
225.33,0.2,0.4945063507704331,0.4945063507704331
225.335,0.2,0.42806608133284035,0.42806608133284035
225.34,0.2,0.25232927106775993,0.25232927106775993
225.345,0.2,0.1400238262582559,0.1400238262582559
225.35,0.2,-0.3116635829795035,-0.3116635829795035
225.355,0.2,0.0860456678257237,0.0860456678257237
225.36,0.2,0.13265020266490618,0.13265020266490618
225.365,0.2,0.5590575751148257,0.5590575751148257
225.37,0.2,0.549682543898092,0.549682543898092
225.375,0.2,0.5507644704036149,0.5507644704036149
225.38,0.2,0.059956845451827334,0.059956845451827334
225.385,0.2,-0.014291633752456262,-0.014291633752456262
225.39,0.2,-0.09837688032010976,-0.09837688032010976
225.395,0.2,-0.11005617381977381,-0.11005617381977381
225.4,0.2,0.28366851126614473,0.28366851126614473
225.405,0.2,0.4714403528038511,0.4714403528038511
225.41,0.2,0.48308533870749304,0.48308533870749304
225.415,0.2,0.4016818819690364,0.4016818819690364
225.42,0.2,-0.021936504251438033,-0.021936504251438033
225.425,0.2,-0.19176726556270218,-0.19176726556270218
225.43,0.2,-0.2234312356594212,-0.2234312356594212
225.435,0.2,-0.16735706570947895,-0.16735706570947895
225.44,0.2,0.18191768095313973,0.18191768095313973
225.445,0.2,0.6357171205289389,0.6357171205289389
225.45,0.2,0.5611578832338487,0.5611578832338487
225.455,0.2,0.3124253138056907,0.3124253138056907
225.46,0.2,0.29711966372664644,0.29711966372664644
225.465,0.2,-0.2114224173981118,-0.2114224173981118
225.47,0.2,-0.08639461804598231,-0.08639461804598231
225.475,0.2,0.06983396265825019,0.06983396265825019
225.48,0.2,0.10425053697026215,0.10425053697026215
225.485,0.2,0.23637817760387073,0.23637817760387073
225.49,0.2,0.5640506832114102,0.5640506832114102
225.495,0.2,0.455024398069236,0.455024398069236
225.5,0.2,0.34929868681586695,0.34929868681586695
225.505,0.2,-0.1884497998869846,-0.1884497998869846
225.51,0.2,-0.14490499027319537,-0.14490499027319537
225.515,0.2,0.08150753651751194,0.08150753651751194
225.52,0.2,0.3241126123002121,0.3241126123002121
225.525,0.2,0.2698557002339033,0.2698557002339033
225.53,0.2,0.6588698180225517,0.6588698180225517
225.535,0.2,0.5598087288244306,0.5598087288244306
225.54,0.2,0.2713526860103819,0.2713526860103819
225.545,0.2,0.056189142184126156,0.056189142184126156
225.55,0.2,-0.09708616676705739,-0.09708616676705739
225.555,0.2,-0.04192065441822351,-0.04192065441822351
225.56,0.2,0.18987706722480674,0.18987706722480674
225.565,0.2,0.484371701728672,0.484371701728672
225.57,0.2,0.6288600033894342,0.6288600033894342
225.575,0.2,0.308411123696947,0.308411123696947
225.58,0.2,0.2280667609391736,0.2280667609391736
225.585,0.2,0.06721248051557326,0.06721248051557326
225.59,0.2,-0.15111293035268136,-0.15111293035268136
225.595,0.2,-0.0635512853791433,-0.0635512853791433
225.6,0.2,0.09130341729025096,0.09130341729025096
225.605,0.2,0.27118075799296903,0.27118075799296903
225.61,0.2,0.5026365404417933,0.5026365404417933
225.615,0.2,0.4832275192301037,0.4832275192301037
225.62,0.2,0.2662185495479795,0.2662185495479795
225.625,0.2,-0.1274375504112586,-0.1274375504112586
225.63,0.2,-0.07437362839225406,-0.07437362839225406
225.635,0.2,0.037461419244084346,0.037461419244084346
225.64,0.2,0.26132807097276295,0.26132807097276295
225.645,0.2,0.4797628772972101,0.4797628772972101
225.65,0.2,0.7014072544574108,0.7014072544574108
225.655,0.2,0.44112853542162284,0.44112853542162284
225.66,0.2,0.0503364719302164,0.0503364719302164
225.665,0.2,-0.08803440648828707,-0.08803440648828707
225.67,0.2,-0.28410935301490126,-0.28410935301490126
225.675,0.2,0.14986730977049956,0.14986730977049956
225.68,0.2,0.1922613074984662,0.1922613074984662
225.685,0.2,0.3542340102581688,0.3542340102581688
225.69,-0.2,0.6300196080790278,0.6300196080790278
225.695,-0.2,0.44537258219015463,0.44537258219015463
225.7,-0.2,0.2020584154375053,0.2020584154375053
225.705,-0.2,-0.20596608694551738,-0.20596608694551738
225.71,-0.2,-0.14247424391958652,-0.14247424391958652
225.715,-0.2,0.011263616600468339,0.011263616600468339
225.72,-0.2,0.3239009911858661,0.3239009911858661
225.725,-0.2,0.5151288205592154,0.5151288205592154
225.73,-0.2,0.6477603681463434,0.6477603681463434
225.735,-0.2,0.5540971089180855,0.5540971089180855
225.74,-0.2,0.10582729930928052,0.10582729930928052
225.745,-0.2,-0.15831268632293566,-0.15831268632293566
225.75,-0.2,-0.23603132222167642,-0.23603132222167642
225.755,-0.2,-0.08745389715102285,-0.08745389715102285
225.76,-0.2,0.4318488851318918,0.4318488851318918
225.765,-0.2,0.4861069336403249,0.4861069336403249
225.77,-0.2,0.41392319353360585,0.41392319353360585
225.775,-0.2,0.5640194917324682,0.5640194917324682
225.78,-0.2,0.15743888533367886,0.15743888533367886
225.785,-0.2,-0.09449306085613399,-0.09449306085613399
225.79,-0.2,-0.2017390883195609,-0.2017390883195609
225.795,-0.2,0.07895492761697294,0.07895492761697294
225.8,-0.2,0.16520479512487318,0.16520479512487318
225.805,-0.2,0.5331986732973056,0.5331986732973056
225.81,-0.2,0.4353001509041557,0.4353001509041557
225.815,-0.2,0.5276520268592318,0.5276520268592318
225.82,-0.2,0.29532892684436907,0.29532892684436907
225.825,-0.2,-0.07926708935448906,-0.07926708935448906
225.83,-0.2,-0.10179488924445623,-0.10179488924445623
225.835,-0.2,-0.15099498258253588,-0.15099498258253588
225.84,-0.2,-0.04734045685287991,-0.04734045685287991
225.845,-0.2,0.5079014695470947,0.5079014695470947
225.85,-0.2,0.6390033993587516,0.6390033993587516
225.855,-0.2,0.44742072236040953,0.44742072236040953
225.86,-0.2,0.23557611761440558,0.23557611761440558
225.865,-0.2,-0.09403117818748391,-0.09403117818748391
225.87,-0.2,-0.2620155354406387,-0.2620155354406387
225.875,-0.2,-0.19893918077549855,-0.19893918077549855
225.88,-0.2,0.21158790079318268,0.21158790079318268
225.885,-0.2,0.6493356779115038,0.6493356779115038
225.89,-0.2,0.672221183591768,0.672221183591768
225.895,-0.2,0.40790252623882584,0.40790252623882584
225.9,-0.2,0.2032798742042352,0.2032798742042352
225.905,-0.2,-0.044124642967062686,-0.044124642967062686
225.91,-0.2,-0.2928758082955008,-0.2928758082955008
225.915,-0.2,-0.02128203966576736,-0.02128203966576736
225.92,-0.2,0.23711745224377875,0.23711745224377875
225.925,-0.2,0.43465166351328605,0.43465166351328605
225.93,-0.2,0.6777800016332741,0.6777800016332741
225.935,-0.2,0.36359597719389225,0.36359597719389225
225.94,-0.2,0.17446012683240722,0.17446012683240722
225.945,-0.2,-0.14261273794150492,-0.14261273794150492
225.95,-0.2,-0.2744092689145009,-0.2744092689145009
225.955,-0.2,0.16413659665742586,0.16413659665742586
225.96,-0.2,0.2299593891911758,0.2299593891911758
225.965,-0.2,0.42025688861189775,0.42025688861189775
225.97,-0.2,0.6350934930760572,0.6350934930760572
225.975,-0.2,0.37637157140176547,0.37637157140176547
225.98,-0.2,0.10597938578872913,0.10597938578872913
225.985,-0.2,-0.20292434684159905,-0.20292434684159905
225.99,-0.2,-0.14645908800965649,-0.14645908800965649
225.995,-0.2,0.08796977131156314,0.08796977131156314
226.0,-0.2,0.4157286265423097,0.4157286265423097
226.005,-0.2,0.6123978467394418,0.6123978467394418
226.01,-0.2,0.662120600837028,0.662120600837028
226.015,-0.2,0.5314660216546027,0.5314660216546027
226.02,-0.2,0.3769491996468351,0.3769491996468351
226.025,-0.2,-0.02509664643246263,-0.02509664643246263
226.03,-0.2,-0.2169722038765989,-0.2169722038765989
226.035,-0.2,-0.04989484907355793,-0.04989484907355793
226.04,-0.2,0.11760561948192574,0.11760561948192574
226.045,-0.2,0.7175915596098827,0.7175915596098827
226.05,-0.2,0.843731987438739,0.843731987438739
226.055,-0.2,0.39480664951960065,0.39480664951960065
226.06,-0.2,0.34399737469035885,0.34399737469035885
226.065,-0.2,0.018761863652390534,0.018761863652390534
226.07,-0.2,-0.1681048342917658,-0.1681048342917658
226.075,-0.2,0.24444660379001354,0.24444660379001354
226.08,-0.2,0.16359452997523355,0.16359452997523355
226.085,-0.2,0.5431804053843696,0.5431804053843696
226.09,-0.2,0.7717476984098257,0.7717476984098257
226.095,-0.2,0.6758442685643314,0.6758442685643314
226.1,-0.2,0.3013626937886146,0.3013626937886146
226.105,-0.2,0.04726397994000112,0.04726397994000112
226.11,-0.2,-4.402502993613999e-05,-4.402502993613999e-05
226.115,-0.2,0.14628351038114717,0.14628351038114717
226.12,-0.2,0.35795813002219523,0.35795813002219523
226.125,-0.2,0.45749641809903485,0.45749641809903485
226.13,-0.2,0.5063903651886671,0.5063903651886671
226.135,-0.2,0.5419459540525314,0.5419459540525314
226.14,-0.2,0.2786158988530065,0.2786158988530065
226.145,-0.2,0.06844106549478572,0.06844106549478572
226.15,-0.2,-0.056962098206606526,-0.056962098206606526
226.155,-0.2,0.023488139855683147,0.023488139855683147
226.16,-0.2,0.40819239993403844,0.40819239993403844
226.165,-0.2,0.48551332530569713,0.48551332530569713
226.17,-0.2,0.581285340216455,0.581285340216455
226.175,-0.2,0.39161369394024603,0.39161369394024603
226.18,-0.2,0.1906861107035999,0.1906861107035999
226.185,-0.2,0.0416690030103202,0.0416690030103202
226.19,-0.2,-0.059933090996497254,-0.059933090996497254
226.195,-0.2,0.2197450765754742,0.2197450765754742
226.2,-0.2,0.4506948374125931,0.4506948374125931
226.205,-0.2,0.7762846549160088,0.7762846549160088
226.21,-0.2,0.7684751641195818,0.7684751641195818
226.215,-0.2,0.5822833004219353,0.5822833004219353
226.22,-0.2,0.3066780021378087,0.3066780021378087
226.225,-0.2,0.16111025992736125,0.16111025992736125
226.23,-0.2,0.06431227176877582,0.06431227176877582
226.235,-0.2,-0.1729898978871578,-0.1729898978871578
226.24,-0.2,0.36694971599892706,0.36694971599892706
226.245,-0.2,0.5932987668876603,0.5932987668876603
226.25,-0.2,0.5449451251403413,0.5449451251403413
226.255,-0.2,0.51056783560228,0.51056783560228
226.26,-0.2,0.3767350977572712,0.3767350977572712
226.265,-0.2,-0.12562879605137464,-0.12562879605137464
226.27,-0.2,-0.19300397114686207,-0.19300397114686207
226.275,-0.2,0.04374303862245199,0.04374303862245199
226.28,-0.2,0.11291422733238621,0.11291422733238621
226.285,-0.2,0.5664656493387429,0.5664656493387429
226.29,-0.2,0.7893129373081181,0.7893129373081181
226.295,-0.2,0.6788085187029292,0.6788085187029292
226.3,-0.2,0.2453460232414056,0.2453460232414056
226.305,-0.2,0.1162080947033829,0.1162080947033829
226.31,-0.2,-0.2937889859967021,-0.2937889859967021
226.315,-0.2,-0.018773629787332616,-0.018773629787332616
226.32,-0.2,0.40463582307003987,0.40463582307003987
226.325,-0.2,0.4926639807011217,0.4926639807011217
226.33,-0.2,0.5954825636664136,0.5954825636664136
226.335,-0.2,0.47858908367292713,0.47858908367292713
226.34,-0.2,0.23078413086895896,0.23078413086895896
226.345,-0.2,0.0759826466818457,0.0759826466818457
226.35,-0.2,-0.2741264607917129,-0.2741264607917129
226.355,-0.2,0.28936014590329473,0.28936014590329473
226.36,-0.2,0.2748488058183531,0.2748488058183531
226.365,-0.2,0.583467311391569,0.583467311391569
226.37,-0.2,0.5969523510825856,0.5969523510825856
226.375,-0.2,0.5766990817377468,0.5766990817377468
226.38,-0.2,0.24045037087441878,0.24045037087441878
226.385,-0.2,-0.13778632236408983,-0.13778632236408983
226.39,-0.2,-0.12404411143758999,-0.12404411143758999
226.395,-0.2,0.011494088051850943,0.011494088051850943
226.4,-0.2,0.2666231118587385,0.2666231118587385
226.405,-0.2,0.41622343742963874,0.41622343742963874
226.41,-0.2,0.695393656165048,0.695393656165048
226.415,-0.2,0.42713046576225355,0.42713046576225355
226.42,-0.2,0.360429180607617,0.360429180607617
226.425,-0.2,-0.13914825180143292,-0.13914825180143292
226.43,-0.2,-0.15925987594934538,-0.15925987594934538
226.435,-0.2,0.14657687389375348,0.14657687389375348
226.44,-0.2,0.19946226571394957,0.19946226571394957
226.445,-0.2,0.5135565265038288,0.5135565265038288
226.45,-0.2,0.6291342694219089,0.6291342694219089
226.455,-0.2,0.8259612443841189,0.8259612443841189
226.46,-0.2,0.23448530652019445,0.23448530652019445
226.465,-0.2,-0.01951356729528378,-0.01951356729528378
226.47,-0.2,-0.10698409810330874,-0.10698409810330874
226.475,-0.2,0.0192841843303283,0.0192841843303283
226.48,-0.2,0.3411985450542003,0.3411985450542003
226.485,-0.2,0.5964993256419739,0.5964993256419739
226.49,-0.2,0.4471790824805748,0.4471790824805748
226.495,-0.2,0.5974220070081415,0.5974220070081415
226.5,-0.2,0.3598180998289462,0.3598180998289462
226.505,-0.2,-0.02817060770885813,-0.02817060770885813
226.51,-0.2,-0.07880642175420913,-0.07880642175420913
226.515,-0.2,-0.0258472840973977,-0.0258472840973977
226.52,-0.2,0.3215935699518219,0.3215935699518219
226.525,-0.2,0.6535309597631604,0.6535309597631604
226.53,-0.2,0.46164450197361534,0.46164450197361534
226.535,-0.2,0.6419964627252241,0.6419964627252241
226.54,-0.2,0.18187055677516523,0.18187055677516523
226.545,-0.2,-0.03407054988149009,-0.03407054988149009
226.55,-0.2,-0.10434447177084474,-0.10434447177084474
226.555,-0.2,-0.08357119259534349,-0.08357119259534349
226.56,-0.2,0.17093468558976918,0.17093468558976918
226.565,-0.2,0.5779612018604611,0.5779612018604611
226.57,-0.2,0.635752809085509,0.635752809085509
226.575,-0.2,0.513052043275717,0.513052043275717
226.58,-0.2,0.3754149214398823,0.3754149214398823
226.585,-0.2,0.015107276975014933,0.015107276975014933
226.59,-0.2,-0.12344539321434835,-0.12344539321434835
226.595,-0.2,-0.10992880051038488,-0.10992880051038488
226.6,-0.2,0.265258634151857,0.265258634151857
226.605,-0.2,0.5918705067480017,0.5918705067480017
226.61,-0.2,0.5781172071803975,0.5781172071803975
226.615,-0.2,0.588625544552743,0.588625544552743
226.62,-0.2,0.4785575056342113,0.4785575056342113
226.625,-0.2,0.04130435710421505,0.04130435710421505
226.63,-0.2,-0.19016499688158334,-0.19016499688158334
226.635,-0.2,-0.029699066281882618,-0.029699066281882618
226.64,-0.2,0.28749459569286184,0.28749459569286184
226.645,-0.2,0.6428017884755813,0.6428017884755813
226.65,-0.2,0.6324902878436462,0.6324902878436462
226.655,-0.2,0.7551885362337354,0.7551885362337354
226.66,-0.2,0.19942980296552287,0.19942980296552287
226.665,-0.2,0.15433484359847638,0.15433484359847638
226.67,-0.2,-0.1657970495167698,-0.1657970495167698
226.675,-0.2,-0.1227371106374966,-0.1227371106374966
226.68,-0.2,0.2968048920602247,0.2968048920602247
226.685,-0.2,0.5092971237830379,0.5092971237830379
226.69,-0.2,0.7565669613721595,0.7565669613721595
226.695,-0.2,0.3093753162349959,0.3093753162349959
226.7,-0.2,0.12451056111056463,0.12451056111056463
226.705,-0.2,-0.16968131251524443,-0.16968131251524443
226.71,-0.2,-0.1907526389683886,-0.1907526389683886
226.715,-0.2,0.04706872403905575,0.04706872403905575
226.72,-0.2,0.3771158974233838,0.3771158974233838
226.725,-0.2,0.522861475542844,0.522861475542844
226.73,-0.2,0.6793896726033242,0.6793896726033242
226.735,-0.2,0.40241367290283586,0.40241367290283586
226.74,-0.2,0.34377275063676427,0.34377275063676427
226.745,-0.2,-0.04288413794996799,-0.04288413794996799
226.75,-0.2,-0.21603554228155208,-0.21603554228155208
226.755,-0.2,0.017143841105992333,0.017143841105992333
226.76,-0.2,0.3897070205790235,0.3897070205790235
226.765,-0.2,0.452421472502728,0.452421472502728
226.77,-0.2,0.6402283659332746,0.6402283659332746
226.775,-0.2,0.39910282793150986,0.39910282793150986
226.78,-0.2,0.3526091408724491,0.3526091408724491
226.785,-0.2,-0.01776535033618746,-0.01776535033618746
226.79,-0.2,-0.24400542165296246,-0.24400542165296246
226.795,-0.2,-0.008372956836004069,-0.008372956836004069
226.8,-0.2,0.3447484881572638,0.3447484881572638
226.805,-0.2,0.6168328437227153,0.6168328437227153
226.81,-0.2,0.6009268397846167,0.6009268397846167
226.815,-0.2,0.6685720038089615,0.6685720038089615
226.82,-0.2,0.39101979650985386,0.39101979650985386
226.825,-0.2,-0.030924740404481243,-0.030924740404481243
226.83,-0.2,-0.0073860597633836345,-0.0073860597633836345
226.835,-0.2,0.11716022956472498,0.11716022956472498
226.84,-0.2,0.3387576941468501,0.3387576941468501
226.845,-0.2,0.39102176015568196,0.39102176015568196
226.85,-0.2,0.5886408423782494,0.5886408423782494
226.855,-0.2,0.6150056946806042,0.6150056946806042
226.86,-0.2,0.30497509259947386,0.30497509259947386
226.865,-0.2,0.01551958410444159,0.01551958410444159
226.87,-0.2,-0.1668486668456613,-0.1668486668456613
226.875,-0.2,0.21029178798832585,0.21029178798832585
226.88,-0.2,0.21058599819599116,0.21058599819599116
226.885,-0.2,0.5832250569499169,0.5832250569499169
226.89,-0.2,0.6311455713470696,0.6311455713470696
226.895,-0.2,0.41564407486648847,0.41564407486648847
226.9,-0.2,0.3134391129979524,0.3134391129979524
226.905,-0.2,-0.05333174518402385,-0.05333174518402385
226.91,-0.2,-0.3702401898889509,-0.3702401898889509
226.915,-0.2,0.1644741825302702,0.1644741825302702
226.92,-0.2,0.33907215579409744,0.33907215579409744
226.925,-0.2,0.6084873543909891,0.6084873543909891
226.93,-0.2,0.5782189189480088,0.5782189189480088
226.935,-0.2,0.6939874561841433,0.6939874561841433
226.94,-0.2,0.3224758423452917,0.3224758423452917
226.945,-0.2,0.04084701912020888,0.04084701912020888
226.95,-0.2,-0.12710265967271744,-0.12710265967271744
226.955,-0.2,0.04981647650765982,0.04981647650765982
226.96,-0.2,0.4000631117287382,0.4000631117287382
226.965,-0.2,0.5996638134445623,0.5996638134445623
226.97,-0.2,0.8072290448042923,0.8072290448042923
226.975,-0.2,0.35563852266933216,0.35563852266933216
226.98,-0.2,0.21373801352212207,0.21373801352212207
226.985,-0.2,0.06150642209703954,0.06150642209703954
226.99,-0.2,-0.12338749761793627,-0.12338749761793627
226.995,-0.2,0.03278514279739338,0.03278514279739338
227.0,-0.2,0.3176993408806124,0.3176993408806124
227.005,-0.2,0.7601658904245105,0.7601658904245105
227.01,-0.2,0.6000647151580625,0.6000647151580625
227.015,-0.2,0.46546952835580535,0.46546952835580535
227.02,-0.2,0.2404336496892579,0.2404336496892579
227.025,-0.2,0.14525211746431813,0.14525211746431813
227.03,-0.2,-0.1175114466850015,-0.1175114466850015
227.035,-0.2,-0.13730316267133147,-0.13730316267133147
227.04,-0.2,0.16814239291810937,0.16814239291810937
227.045,-0.2,0.4607968883246637,0.4607968883246637
227.05,-0.2,0.6451405253095253,0.6451405253095253
227.055,-0.2,0.4512088860376498,0.4512088860376498
227.06,-0.2,0.21013432248161973,0.21013432248161973
227.065,-0.2,-0.12021135144376124,-0.12021135144376124
227.07,-0.2,-0.1998509668099586,-0.1998509668099586
227.075,-0.2,0.02782392091938877,0.02782392091938877
227.08,-0.2,0.43947446678816626,0.43947446678816626
227.085,-0.2,0.5582739200409679,0.5582739200409679
227.09,-0.2,0.8789913815109271,0.8789913815109271
227.095,-0.2,0.6959381991387547,0.6959381991387547
227.1,-0.2,-0.05606339410942046,-0.05606339410942046
227.105,-0.2,0.04108747695881729,0.04108747695881729
227.11,-0.2,-0.4111244169662319,-0.4111244169662319
227.115,-0.2,0.18947150143338365,0.18947150143338365
227.12,-0.2,0.3080611935149594,0.3080611935149594
227.125,-0.2,0.371003164603677,0.371003164603677
227.13,-0.2,0.5960545647961368,0.5960545647961368
227.135,-0.2,0.49013865706766807,0.49013865706766807
227.14,-0.2,0.09795536970632004,0.09795536970632004
227.145,-0.2,-0.1180948122347095,-0.1180948122347095
227.15,-0.2,-0.0653549367027077,-0.0653549367027077
227.155,-0.2,0.08982507669137038,0.08982507669137038
227.16,-0.2,0.12229572156285959,0.12229572156285959
227.165,-0.2,0.4996076272995496,0.4996076272995496
227.17,-0.2,0.5404609657464452,0.5404609657464452
227.175,-0.2,0.49685284137382757,0.49685284137382757
227.18,-0.2,0.26821535979004946,0.26821535979004946
227.185,-0.2,0.08710073686318222,0.08710073686318222
227.19,-0.2,-0.134022773184635,-0.134022773184635
227.195,-0.2,0.0613609550327988,0.0613609550327988
227.2,-0.2,0.25552620480336735,0.25552620480336735
227.205,-0.2,0.4615078945762204,0.4615078945762204
227.21,-0.2,0.717991807807714,0.717991807807714
227.215,-0.2,0.35633367531668725,0.35633367531668725
227.22,-0.2,0.2678280759818473,0.2678280759818473
227.225,-0.2,0.007388905841914185,0.007388905841914185
227.23,-0.2,-0.1810550134895798,-0.1810550134895798
227.235,-0.2,-0.02605112606191657,-0.02605112606191657
227.24,-0.2,0.3594218306788836,0.3594218306788836
227.245,-0.2,0.49640513907007405,0.49640513907007405
227.25,-0.2,0.4878064472704824,0.4878064472704824
227.255,-0.2,0.4760612032906665,0.4760612032906665
227.26,-0.2,0.19482154691928155,0.19482154691928155
227.265,-0.2,-0.0311816035967351,-0.0311816035967351
227.27,-0.2,-0.02797402388353476,-0.02797402388353476
227.275,-0.2,0.05549514739371443,0.05549514739371443
227.28,-0.2,0.19672278416966427,0.19672278416966427
227.285,-0.2,0.4103926771767566,0.4103926771767566
227.29,-0.2,0.6111881593431905,0.6111881593431905
227.295,-0.2,0.43321398444682085,0.43321398444682085
227.3,-0.2,0.19755315423181966,0.19755315423181966
227.305,-0.2,0.001415244864880115,0.001415244864880115
227.31,-0.2,-0.13106173409755859,-0.13106173409755859
227.315,-0.2,-0.09967123657464785,-0.09967123657464785
227.32,-0.2,0.27629811771199775,0.27629811771199775
227.325,-0.2,0.3934728744259435,0.3934728744259435
227.33,-0.2,0.6687614030120672,0.6687614030120672
227.335,-0.2,0.424274969586689,0.424274969586689
227.34,-0.2,0.34818951448264757,0.34818951448264757
227.345,-0.2,0.0065687788487492765,0.0065687788487492765
227.35,-0.2,-0.24884235699247786,-0.24884235699247786
227.355,-0.2,-0.13925397127834815,-0.13925397127834815
227.36,-0.2,0.22163884700793113,0.22163884700793113
227.365,-0.2,0.47141177648842575,0.47141177648842575
227.37,-0.2,0.6288547890079337,0.6288547890079337
227.375,-0.2,0.5425407570923337,0.5425407570923337
227.38,-0.2,0.2855700175603942,0.2855700175603942
227.385,-0.2,0.0720659705260068,0.0720659705260068
227.39,-0.2,-0.14840510108904248,-0.14840510108904248
227.395,-0.2,-0.07945352524287892,-0.07945352524287892
227.4,-0.2,0.21030776577364102,0.21030776577364102
227.405,-0.2,0.6203306505336594,0.6203306505336594
227.41,-0.2,0.6846351421018352,0.6846351421018352
227.415,-0.2,0.5155150068345794,0.5155150068345794
227.42,-0.2,0.2790617072328629,0.2790617072328629
227.425,-0.2,-0.1357753151135609,-0.1357753151135609
227.43,-0.2,-0.056924099469345735,-0.056924099469345735
227.435,-0.2,-0.03970763165301615,-0.03970763165301615
227.44,-0.2,0.14371790282072566,0.14371790282072566
227.445,-0.2,0.6611254179098061,0.6611254179098061
227.45,-0.2,0.510028691040421,0.510028691040421
227.455,-0.2,0.5762665085651753,0.5762665085651753
227.46,-0.2,0.22501117692502523,0.22501117692502523
227.465,-0.2,-0.008990946250357311,-0.008990946250357311
227.47,-0.2,-0.2181137638504863,-0.2181137638504863
227.475,-0.2,0.04191293431375115,0.04191293431375115
227.48,-0.2,0.1407117041887082,0.1407117041887082
227.485,-0.2,0.4342803260696977,0.4342803260696977
227.49,-0.2,0.5486986622122789,0.5486986622122789
227.495,-0.2,0.518323552076155,0.518323552076155
227.5,-0.2,0.1782240389973096,0.1782240389973096
227.505,-0.2,0.028398995889510587,0.028398995889510587
227.51,-0.2,-0.3057075391466288,-0.3057075391466288
227.515,-0.2,-0.07692284097389843,-0.07692284097389843
227.52,-0.2,0.16506138883677435,0.16506138883677435
227.525,-0.2,0.5299857582222811,0.5299857582222811
227.53,-0.2,0.6746732212427012,0.6746732212427012
227.535,-0.2,0.3732342243510747,0.3732342243510747
227.54,-0.2,0.17410914264652033,0.17410914264652033
227.545,-0.2,0.07032674412476514,0.07032674412476514
227.55,-0.2,-0.21013611956909198,-0.21013611956909198
227.555,-0.2,-0.06916406142987223,-0.06916406142987223
227.56,-0.2,0.11857868927912185,0.11857868927912185
227.565,-0.2,0.39884954561863883,0.39884954561863883
227.57,-0.2,0.5052048891325314,0.5052048891325314
227.575,-0.2,0.3370952806006343,0.3370952806006343
227.58,-0.2,0.11871601519054828,0.11871601519054828
227.585,-0.2,-0.17437170033848617,-0.17437170033848617
227.59,-0.2,-0.09551042665923382,-0.09551042665923382
227.595,-0.2,-0.1527823920614998,-0.1527823920614998
227.6,-0.2,0.05644180089886003,0.05644180089886003
227.605,-0.2,0.37551421755826647,0.37551421755826647
227.61,-0.2,0.5016248270734486,0.5016248270734486
227.615,-0.2,0.48253735593823166,0.48253735593823166
227.62,-0.2,0.09169891762102036,0.09169891762102036
227.625,-0.2,-0.004313577194983778,-0.004313577194983778
227.63,-0.2,-0.19201265166024425,-0.19201265166024425
227.635,-0.2,0.04829751831986073,0.04829751831986073
227.64,-0.2,0.19474917564957958,0.19474917564957958
227.645,-0.2,0.5234568510712425,0.5234568510712425
227.65,-0.2,0.6097452008361895,0.6097452008361895
227.655,-0.2,0.18753041070621929,0.18753041070621929
227.66,-0.2,-0.06511167746016122,-0.06511167746016122
227.665,-0.2,-0.11188867071453425,-0.11188867071453425
227.67,-0.2,-0.14864734640322821,-0.14864734640322821
227.675,-0.2,-0.049811831044529534,-0.049811831044529534
227.68,-0.2,0.08077883291460813,0.08077883291460813
227.685,-0.2,0.3636110154221337,0.3636110154221337
227.69,-0.2,0.6494049590673858,0.6494049590673858
227.695,-0.2,0.2988698658618908,0.2988698658618908
227.7,-0.2,-0.1012163912685865,-0.1012163912685865
227.705,-0.2,-0.1703097818401333,-0.1703097818401333
227.71,-0.2,-0.30765140321571766,-0.30765140321571766
227.715,-0.2,-0.2196561968157611,-0.2196561968157611
227.72,-0.2,0.08470919264180116,0.08470919264180116
227.725,-0.2,0.4228299174796311,0.4228299174796311
227.73,-0.2,0.5456122006668425,0.5456122006668425
227.735,-0.2,0.2542350892572446,0.2542350892572446
227.74,-0.2,0.0511447901836242,0.0511447901836242
227.745,-0.2,-0.2532569481853455,-0.2532569481853455
227.75,-0.2,-0.11838555364112,-0.11838555364112
227.755,-0.2,-0.35189878372932804,-0.35189878372932804
227.76,-0.2,-0.03677443740164599,-0.03677443740164599
227.765,-0.2,0.41368270565905985,0.41368270565905985
227.77,-0.2,0.5119447052370758,0.5119447052370758
227.775,-0.2,0.3134135954523291,0.3134135954523291
227.78,-0.2,0.014543521231520869,0.014543521231520869
227.785,-0.2,-0.28984972604506154,-0.28984972604506154
227.79,-0.2,-0.28905838972812614,-0.28905838972812614
227.795,-0.2,-0.28458622195888117,-0.28458622195888117
227.8,-0.2,0.08438161390925313,0.08438161390925313
227.805,-0.2,0.3462794122405951,0.3462794122405951
227.81,-0.2,0.4766472685255143,0.4766472685255143
227.815,-0.2,0.10944296783666346,0.10944296783666346
227.82,-0.2,0.02296263731172897,0.02296263731172897
227.825,-0.2,-0.2121572004354909,-0.2121572004354909
227.83,-0.2,-0.3006897024976821,-0.3006897024976821
227.835,-0.2,-0.19553827024845916,-0.19553827024845916
227.84,-0.2,0.04577884634745066,0.04577884634745066
227.845,-0.2,0.40800213856135237,0.40800213856135237
227.85,-0.2,0.4293061016219925,0.4293061016219925
227.855,-0.2,0.37282335151526425,0.37282335151526425
227.86,-0.2,0.18045721358922562,0.18045721358922562
227.865,-0.2,-0.20941486559626277,-0.20941486559626277
227.87,-0.2,-0.33197000377266384,-0.33197000377266384
227.875,-0.2,-0.218514861966347,-0.218514861966347
227.88,-0.2,0.08903482451522741,0.08903482451522741
227.885,-0.2,0.360719269844988,0.360719269844988
227.89,-0.2,0.45162452211231596,0.45162452211231596
227.895,-0.2,0.3879017088867255,0.3879017088867255
227.9,-0.2,0.17524475060164907,0.17524475060164907
227.905,-0.2,-0.31772919094720786,-0.31772919094720786
227.91,-0.2,-0.2031947447670329,-0.2031947447670329
227.915,-0.2,-0.15602124028019945,-0.15602124028019945
227.92,-0.2,0.14149313725033183,0.14149313725033183
227.925,-0.2,0.4415418806564693,0.4415418806564693
227.93,-0.2,0.5378014809321789,0.5378014809321789
227.935,-0.2,0.5006946631973443,0.5006946631973443
227.94,-0.2,0.009458467949628624,0.009458467949628624
227.945,-0.2,-0.13454296997833443,-0.13454296997833443
227.95,-0.2,-0.27695240288549966,-0.27695240288549966
227.955,-0.2,-0.1821044192226104,-0.1821044192226104
227.96,-0.2,0.161391938191637,0.161391938191637
227.965,-0.2,0.42281459603059945,0.42281459603059945
227.97,-0.2,0.415623208947716,0.415623208947716
227.975,-0.2,0.43416595936029184,0.43416595936029184
227.98,-0.2,0.1270598013400917,0.1270598013400917
227.985,-0.2,-0.004449984401898949,-0.004449984401898949
227.99,-0.2,-0.08637176967251867,-0.08637176967251867
227.995,-0.2,-0.10821687952036424,-0.10821687952036424
228.0,-0.2,0.04887765530672,0.04887765530672
228.005,-0.2,0.3251383144375953,0.3251383144375953
228.01,-0.2,0.5557206071337367,0.5557206071337367
228.015,-0.2,0.4822970727636706,0.4822970727636706
228.02,-0.2,0.18054474446718083,0.18054474446718083
228.025,-0.2,-0.02841289905959951,-0.02841289905959951
228.03,-0.2,-0.240544878579355,-0.240544878579355
228.035,-0.2,-0.10967759731585569,-0.10967759731585569
228.04,-0.2,0.3449951958585181,0.3449951958585181
228.045,-0.2,0.2686436274456643,0.2686436274456643
228.05,-0.2,0.5046168721290286,0.5046168721290286
228.055,-0.2,0.3708727004502565,0.3708727004502565
228.06,-0.2,0.19432670110466052,0.19432670110466052
228.065,-0.2,-0.11795009617017109,-0.11795009617017109
228.07,-0.2,-0.12725295943771733,-0.12725295943771733
228.075,-0.2,-0.12103685265078971,-0.12103685265078971
228.08,-0.2,0.029497193550159395,0.029497193550159395
228.085,-0.2,0.3105662521635998,0.3105662521635998
228.09,-0.2,0.6565541635162857,0.6565541635162857
228.095,-0.2,0.47278238438692494,0.47278238438692494
228.1,-0.2,0.22114871240648581,0.22114871240648581
228.105,-0.2,-0.15373121325082195,-0.15373121325082195
228.11,-0.2,-0.18599410050006937,-0.18599410050006937
228.115,-0.2,-0.08912949058229441,-0.08912949058229441
228.12,-0.2,0.1688550743235916,0.1688550743235916
228.125,-0.2,0.5309262728816317,0.5309262728816317
228.13,-0.2,0.3075884808947218,0.3075884808947218
228.135,-0.2,0.3721519218826731,0.3721519218826731
228.14,-0.2,0.15193126209588853,0.15193126209588853
228.145,-0.2,-0.1545557207694617,-0.1545557207694617
228.15,-0.2,-0.0886861893180237,-0.0886861893180237
228.155,-0.2,-0.11702081836210773,-0.11702081836210773
228.16,-0.2,0.16929990423769894,0.16929990423769894
228.165,-0.2,0.5350714954175593,0.5350714954175593
228.17,-0.2,0.42592258900771196,0.42592258900771196
228.175,-0.2,0.35918585513115575,0.35918585513115575
228.18,-0.2,0.21997593487871198,0.21997593487871198
228.185,-0.2,-0.2155321609084616,-0.2155321609084616
228.19,-0.2,-0.2436102963752502,-0.2436102963752502
228.195,-0.2,-0.04078286581727913,-0.04078286581727913
228.2,-0.2,0.24247581999963896,0.24247581999963896
228.205,-0.2,0.34091093543595746,0.34091093543595746
228.21,-0.2,0.47911723411822005,0.47911723411822005
228.215,-0.2,0.17492363425821233,0.17492363425821233
228.22,-0.2,0.2580638193186457,0.2580638193186457
228.225,-0.2,-0.11202855585508165,-0.11202855585508165
228.23,-0.2,-0.17302909573923167,-0.17302909573923167
228.235,-0.2,0.12063067876022965,0.12063067876022965
228.24,-0.2,0.1520327661455881,0.1520327661455881
228.245,-0.2,0.5215759238355744,0.5215759238355744
228.25,-0.2,0.7448649682540943,0.7448649682540943
228.255,-0.2,0.43346889912339387,0.43346889912339387
228.26,-0.2,0.022689257284146835,0.022689257284146835
228.265,-0.2,-0.15248778116941436,-0.15248778116941436
228.27,-0.2,-0.2250513204382708,-0.2250513204382708
228.275,-0.2,0.04856169383427751,0.04856169383427751
228.28,-0.2,0.011123750531273568,0.011123750531273568
228.285,-0.2,0.2607153900202832,0.2607153900202832
228.29,-0.2,0.6515877167773548,0.6515877167773548
228.295,-0.2,0.6216765543779506,0.6216765543779506
228.3,-0.2,0.07217157054563607,0.07217157054563607
228.305,-0.2,-0.05007990040492539,-0.05007990040492539
228.31,-0.2,-0.2337086598701329,-0.2337086598701329
228.315,-0.2,-0.10010819591108494,-0.10010819591108494
228.32,-0.2,0.07907789913881537,0.07907789913881537
228.325,-0.2,0.5564072787387406,0.5564072787387406
228.33,-0.2,0.49287968676953625,0.49287968676953625
228.335,-0.2,0.2592127548507427,0.2592127548507427
228.34,-0.2,0.25266138193822496,0.25266138193822496
228.345,-0.2,-0.016875443560538148,-0.016875443560538148
228.35,-0.2,-0.12183460749717023,-0.12183460749717023
228.355,-0.2,-0.07450725876918278,-0.07450725876918278
228.36,-0.2,0.20237605334246753,0.20237605334246753
228.365,-0.2,0.6191050912329403,0.6191050912329403
228.37,-0.2,0.3254435520021707,0.3254435520021707
228.375,-0.2,0.28784114230978775,0.28784114230978775
228.38,-0.2,0.03769716161650283,0.03769716161650283
228.385,-0.2,-0.09877115431540712,-0.09877115431540712
228.39,-0.2,-0.14247329037793316,-0.14247329037793316
228.395,-0.2,-0.047167136483425486,-0.047167136483425486
228.4,-0.2,0.15638962258212621,0.15638962258212621
228.405,-0.2,0.4370247900124922,0.4370247900124922
228.41,-0.2,0.4603096855549711,0.4603096855549711
228.415,-0.2,0.44568283786735047,0.44568283786735047
228.42,-0.2,0.1628938460246773,0.1628938460246773
228.425,-0.2,-0.17879732177486882,-0.17879732177486882
228.43,-0.2,-0.10034731709696057,-0.10034731709696057
228.435,-0.2,-0.2970937197798694,-0.2970937197798694
228.44,-0.2,0.16225379037310816,0.16225379037310816
228.445,-0.2,0.33758894423448393,0.33758894423448393
228.45,-0.2,0.41336658218534306,0.41336658218534306
228.455,-0.2,0.5254022156830892,0.5254022156830892
228.46,-0.2,0.0802910326229678,0.0802910326229678
228.465,-0.2,-0.3233296113016046,-0.3233296113016046
228.47,-0.2,-0.030102982583612853,-0.030102982583612853
228.475,-0.2,-0.07466762676229263,-0.07466762676229263
228.48,-0.2,0.3059436919581088,0.3059436919581088
228.485,-0.2,0.3093070464343426,0.3093070464343426
228.49,-0.2,0.5915292114419508,0.5915292114419508
228.495,-0.2,0.29970651702705603,0.29970651702705603
228.5,-0.2,0.10672909749067513,0.10672909749067513
228.505,-0.2,-0.10699259984937964,-0.10699259984937964
228.51,-0.2,-0.23512031550195367,-0.23512031550195367
228.515,-0.2,0.059548845100735714,0.059548845100735714
228.52,-0.2,0.17267977620368746,0.17267977620368746
228.525,-0.2,0.5067245666632306,0.5067245666632306
228.53,-0.2,0.5395451340039757,0.5395451340039757
228.535,-0.2,0.29097103053979756,0.29097103053979756
228.54,-0.2,0.1469211660180043,0.1469211660180043
228.545,-0.2,-0.07128424193070612,-0.07128424193070612
228.55,-0.2,-0.26109658051902845,-0.26109658051902845
228.555,-0.2,-0.10868758123260693,-0.10868758123260693
228.56,-0.2,0.14235894040601527,0.14235894040601527
228.565,-0.2,0.3179981938793759,0.3179981938793759
228.57,-0.2,0.5853334050866935,0.5853334050866935
228.575,-0.2,0.4719236576046658,0.4719236576046658
228.58,-0.2,0.0038375657848783162,0.0038375657848783162
228.585,-0.2,-0.1631116319029232,-0.1631116319029232
228.59,-0.2,-0.39881421061166067,-0.39881421061166067
228.595,-0.2,0.011046724715367509,0.011046724715367509
228.6,-0.2,0.26354112562494686,0.26354112562494686
228.605,-0.2,0.32395719205896695,0.32395719205896695
228.61,-0.2,0.48867862754383184,0.48867862754383184
228.615,-0.2,0.3808612327072168,0.3808612327072168
228.62,-0.2,0.1788584844669021,0.1788584844669021
228.625,-0.2,-0.24702854604944177,-0.24702854604944177
228.63,-0.2,-0.22969994586846623,-0.22969994586846623
228.635,-0.2,-0.007057177281597847,-0.007057177281597847
228.64,-0.2,0.30362074299449515,0.30362074299449515
228.645,-0.2,0.4741837953271644,0.4741837953271644
228.65,-0.2,0.4408476722979624,0.4408476722979624
228.655,-0.2,0.4381717120590365,0.4381717120590365
228.66,-0.2,0.16677474116065966,0.16677474116065966
228.665,-0.2,-0.005150227583352596,-0.005150227583352596
228.67,-0.2,-0.17324242369457069,-0.17324242369457069
228.675,-0.2,0.06516802101502801,0.06516802101502801
228.68,-0.2,0.002401468142419566,0.002401468142419566
228.685,-0.2,0.6139192613988237,0.6139192613988237
228.69,-0.2,0.4107083278581227,0.4107083278581227
228.695,-0.2,0.4910303218700923,0.4910303218700923
228.7,-0.2,0.23902109847813274,0.23902109847813274
228.705,-0.2,-0.04068764923601372,-0.04068764923601372
228.71,-0.2,-0.07604336158104952,-0.07604336158104952
228.715,-0.2,-0.20479414302183802,-0.20479414302183802
228.72,-0.2,0.3689211559355281,0.3689211559355281
228.725,-0.2,0.5072912831573757,0.5072912831573757
228.73,-0.2,0.41943607927571286,0.41943607927571286
228.735,-0.2,0.30822801012986045,0.30822801012986045
228.74,-0.2,0.17105315059998183,0.17105315059998183
228.745,-0.2,-0.08597013532554068,-0.08597013532554068
228.75,-0.2,-0.1769738465043542,-0.1769738465043542
228.755,-0.2,-0.07774662974109,-0.07774662974109
228.76,-0.2,0.24989479537819895,0.24989479537819895
228.765,-0.2,0.5669989771120643,0.5669989771120643
228.77,-0.2,0.5225433421637828,0.5225433421637828
228.775,-0.2,0.4556410295675135,0.4556410295675135
228.78,-0.2,0.16334315923260773,0.16334315923260773
228.785,-0.2,0.054514118156364186,0.054514118156364186
228.79,-0.2,-0.17589588045775975,-0.17589588045775975
228.795,-0.2,-0.1565015753106071,-0.1565015753106071
228.8,-0.2,0.0554964247391658,0.0554964247391658
228.805,-0.2,0.35947981009304375,0.35947981009304375
228.81,-0.2,0.5002714412155047,0.5002714412155047
228.815,-0.2,0.42048987599643944,0.42048987599643944
228.82,-0.2,0.19428788008530626,0.19428788008530626
228.825,-0.2,-0.04178544225183198,-0.04178544225183198
228.83,-0.2,-0.2435265982729015,-0.2435265982729015
228.835,-0.2,-0.007075511501034429,-0.007075511501034429
228.84,-0.2,0.20326951710783703,0.20326951710783703
228.845,-0.2,0.6627066078529684,0.6627066078529684
228.85,-0.2,0.5065443066558716,0.5065443066558716
228.855,-0.2,0.42827067618369735,0.42827067618369735
228.86,-0.2,0.12506618212057158,0.12506618212057158
228.865,-0.2,-0.07229057345256805,-0.07229057345256805
228.87,-0.2,-0.18088962105524362,-0.18088962105524362
228.875,-0.2,-0.021169121383597788,-0.021169121383597788
228.88,-0.2,0.24034823062336244,0.24034823062336244
228.885,-0.2,0.5768428298342425,0.5768428298342425
228.89,-0.2,0.49444166477343987,0.49444166477343987
228.895,-0.2,0.28580774246946417,0.28580774246946417
228.9,-0.2,0.18299586654381383,0.18299586654381383
228.905,-0.2,-0.2163610758690958,-0.2163610758690958
228.91,-0.2,-0.12778655316794799,-0.12778655316794799
228.915,-0.2,-0.11069667315339878,-0.11069667315339878
228.92,-0.2,0.40321736295057675,0.40321736295057675
228.925,-0.2,0.1943805193236789,0.1943805193236789
228.93,-0.2,0.4953067818876327,0.4953067818876327
228.935,-0.2,0.23663323552699,0.23663323552699
228.94,-0.2,0.20547345716500048,0.20547345716500048
228.945,-0.2,-0.028994840317456763,-0.028994840317456763
228.95,-0.2,-0.13152841379070018,-0.13152841379070018
228.955,-0.2,0.08225823377840222,0.08225823377840222
228.96,-0.2,0.23732395225773237,0.23732395225773237
228.965,-0.2,0.23021992031376046,0.23021992031376046
228.97,-0.2,0.6906190917278313,0.6906190917278313
228.975,-0.2,0.4107042313127261,0.4107042313127261
228.98,-0.2,0.20637219868491657,0.20637219868491657
228.985,-0.2,-0.06609769853100025,-0.06609769853100025
228.99,-0.2,-0.09292183224404395,-0.09292183224404395
228.995,-0.2,-0.09885987736970099,-0.09885987736970099
229.0,-0.2,0.21694667631044304,0.21694667631044304
229.005,-0.2,0.6006970804754626,0.6006970804754626
229.01,-0.2,0.621321111669549,0.621321111669549
229.015,-0.2,0.47663969791094646,0.47663969791094646
229.02,-0.2,-0.03584500311664121,-0.03584500311664121
229.025,-0.2,0.0180713696245402,0.0180713696245402
229.03,-0.2,-0.09045416567013367,-0.09045416567013367
229.035,-0.2,0.05854470421355076,0.05854470421355076
229.04,-0.2,0.3354481138892624,0.3354481138892624
229.045,-0.2,0.5244132209942831,0.5244132209942831
229.05,-0.2,0.4487530939400716,0.4487530939400716
229.055,-0.2,0.5459607321368425,0.5459607321368425
229.06,-0.2,0.1068936768153002,0.1068936768153002
229.065,-0.2,-0.22258902135003233,-0.22258902135003233
229.07,-0.2,-0.20783811044158615,-0.20783811044158615
229.075,-0.2,0.1241333799552477,0.1241333799552477
229.08,-0.2,0.20356288180883686,0.20356288180883686
229.085,-0.2,0.5370059671229712,0.5370059671229712
229.09,-0.2,0.7207456300934442,0.7207456300934442
229.095,-0.2,0.6002067579017474,0.6002067579017474
229.1,-0.2,0.10876023972346567,0.10876023972346567
229.105,-0.2,0.00324422034077667,0.00324422034077667
229.11,-0.2,-0.15794745718112002,-0.15794745718112002
229.115,-0.2,-0.08381792475739819,-0.08381792475739819
229.12,-0.2,0.3754995289568096,0.3754995289568096
229.125,-0.2,0.5649816323844834,0.5649816323844834
229.13,-0.2,0.8835358894030558,0.8835358894030558
229.135,-0.2,0.4723574946907323,0.4723574946907323
229.14,-0.2,0.1041662764517346,0.1041662764517346
229.145,-0.2,-0.024614550357218417,-0.024614550357218417
229.15,-0.2,-0.2537740017767644,-0.2537740017767644
229.155,-0.2,0.037201101349318796,0.037201101349318796
229.16,-0.2,0.26716764732104814,0.26716764732104814
229.165,-0.2,0.621252063781385,0.621252063781385
229.17,-0.2,0.75657552290462,0.75657552290462
229.175,-0.2,0.5514268780944136,0.5514268780944136
229.18,-0.2,0.02207060593773974,0.02207060593773974
229.185,-0.2,-0.14147994545623022,-0.14147994545623022
229.19,-0.2,0.17032684210037574,0.17032684210037574
229.195,-0.2,0.061159885881915996,0.061159885881915996
229.2,-0.2,0.4099848270765415,0.4099848270765415
229.205,-0.2,0.3343016983695685,0.3343016983695685
229.21,-0.2,0.7004420816655355,0.7004420816655355
229.215,-0.2,0.3707868098934619,0.3707868098934619
229.22,-0.2,0.19522948096937157,0.19522948096937157
229.225,-0.2,-0.1314107163957246,-0.1314107163957246
229.23,-0.2,-0.08473442892671021,-0.08473442892671021
229.235,-0.2,-0.03715797136152228,-0.03715797136152228
229.24,-0.2,0.017192573029486458,0.017192573029486458
229.245,-0.2,0.47482357410116305,0.47482357410116305
229.25,-0.2,0.6099161123082018,0.6099161123082018
229.255,-0.2,0.6017326261502542,0.6017326261502542
229.26,-0.2,0.14737953768746434,0.14737953768746434
229.265,-0.2,0.06882473353430588,0.06882473353430588
229.27,-0.2,-0.1644890773593859,-0.1644890773593859
229.275,-0.2,-0.06335104769653889,-0.06335104769653889
229.28,-0.2,0.22104507834268575,0.22104507834268575
229.285,-0.2,0.4905652034537793,0.4905652034537793
229.29,-0.2,0.4758855648695309,0.4758855648695309
229.295,-0.2,0.2552204711122902,0.2552204711122902
229.3,-0.2,0.13685195608946732,0.13685195608946732
229.305,-0.2,-0.20405251852687512,-0.20405251852687512
229.31,-0.2,-0.1652460282416627,-0.1652460282416627
229.315,-0.2,-0.20532295983446622,-0.20532295983446622
229.32,-0.2,0.16465814220577082,0.16465814220577082
229.325,-0.2,0.364600608212594,0.364600608212594
229.33,-0.2,0.49494707733522064,0.49494707733522064
229.335,-0.2,0.31719377866101295,0.31719377866101295
229.34,-0.2,0.1834652977182637,0.1834652977182637
229.345,-0.2,-0.07035206310153422,-0.07035206310153422
229.35,-0.2,-0.3789934148197844,-0.3789934148197844
229.355,-0.2,0.05540556249220083,0.05540556249220083
229.36,-0.2,0.358517135063835,0.358517135063835
229.365,-0.2,0.42081877427760284,0.42081877427760284
229.37,-0.2,0.6374334629300571,0.6374334629300571
229.375,-0.2,0.44662379363090565,0.44662379363090565
229.38,-0.2,0.26950245343590146,0.26950245343590146
229.385,-0.2,-0.04097808941955505,-0.04097808941955505
229.39,-0.2,-0.213086621512746,-0.213086621512746
229.395,-0.2,-0.14076400601060063,-0.14076400601060063
229.4,-0.2,0.4262178298615289,0.4262178298615289
229.405,-0.2,0.5722722717990225,0.5722722717990225
229.41,-0.2,0.6487225401115468,0.6487225401115468
229.415,-0.2,0.4325584080501099,0.4325584080501099
229.42,-0.2,0.2599848324215134,0.2599848324215134
229.425,-0.2,-0.020484907325823497,-0.020484907325823497
229.43,-0.2,-0.3202766013157344,-0.3202766013157344
229.435,-0.2,0.03708526035691865,0.03708526035691865
229.44,-0.2,0.15044813171724164,0.15044813171724164
229.445,-0.2,0.43159602487039794,0.43159602487039794
229.45,-0.2,0.6251751193447097,0.6251751193447097
229.455,-0.2,0.6406882301838736,0.6406882301838736
229.46,-0.2,0.2557494448553161,0.2557494448553161
229.465,-0.2,-0.06698107642045655,-0.06698107642045655
229.47,-0.2,-0.17309761835840987,-0.17309761835840987
229.475,-0.2,0.11017148672954036,0.11017148672954036
229.48,-0.2,0.2786035367108194,0.2786035367108194
229.485,-0.2,0.4233875947455991,0.4233875947455991
229.49,-0.2,0.7413623671386529,0.7413623671386529
229.495,-0.2,0.37654488814417114,0.37654488814417114
229.5,-0.2,0.26002430890784056,0.26002430890784056
229.505,-0.2,0.05834434871680805,0.05834434871680805
229.51,-0.2,-0.16093363664688543,-0.16093363664688543
229.515,-0.2,-0.07400143718102063,-0.07400143718102063
229.52,-0.2,0.0005790184683446831,0.0005790184683446831
229.525,-0.2,0.49587844427849304,0.49587844427849304
229.53,-0.2,0.7672586177780997,0.7672586177780997
229.535,-0.2,0.40259893172748507,0.40259893172748507
229.54,-0.2,0.18621912885995623,0.18621912885995623
229.545,-0.2,-0.09732555769615242,-0.09732555769615242
229.55,-0.2,-0.1645027007291417,-0.1645027007291417
229.555,-0.2,-0.08614849813341183,-0.08614849813341183
229.56,-0.2,0.09268382538597404,0.09268382538597404
229.565,-0.2,0.5120133056802924,0.5120133056802924
229.57,-0.2,0.6285977818357215,0.6285977818357215
229.575,-0.2,0.4263733165760245,0.4263733165760245
229.58,-0.2,0.10868664258347305,0.10868664258347305
229.585,-0.2,-0.18255269569811,-0.18255269569811
229.59,-0.2,-0.30707049960624166,-0.30707049960624166
229.595,-0.2,-0.12222457329681707,-0.12222457329681707
229.6,-0.2,0.33406329271857166,0.33406329271857166
229.605,-0.2,0.2672943022394517,0.2672943022394517
229.61,-0.2,0.5377780871601545,0.5377780871601545
229.615,-0.2,0.24295793946679486,0.24295793946679486
229.62,-0.2,0.23859966521213843,0.23859966521213843
229.625,-0.2,-0.06308703430265082,-0.06308703430265082
229.63,-0.2,-0.18347504328523526,-0.18347504328523526
229.635,-0.2,0.09975836524260401,0.09975836524260401
229.64,-0.2,0.04282478425975356,0.04282478425975356
229.645,-0.2,0.5628861707734343,0.5628861707734343
229.65,-0.2,0.4868897097883281,0.4868897097883281
229.655,-0.2,0.45909370245533965,0.45909370245533965
229.66,-0.2,0.04417304106528924,0.04417304106528924
229.665,-0.2,-0.2673061159460368,-0.2673061159460368
229.67,-0.2,-0.1199209577928972,-0.1199209577928972
229.675,-0.2,0.06556984168734337,0.06556984168734337
229.68,-0.2,0.14446031987229618,0.14446031987229618
229.685,-0.2,0.5346673761458948,0.5346673761458948
229.69,-0.2,0.4122154990693633,0.4122154990693633
229.695,-0.2,0.4244422601809398,0.4244422601809398
229.7,-0.2,0.2601070631388756,0.2601070631388756
229.705,-0.2,0.11119319303675196,0.11119319303675196
229.71,-0.2,-0.2875789978841948,-0.2875789978841948
229.715,-0.2,-0.054058333776415314,-0.054058333776415314
229.72,-0.2,0.18537965116548286,0.18537965116548286
229.725,-0.2,0.4727640026140727,0.4727640026140727
229.73,-0.2,0.5525429494815542,0.5525429494815542
229.735,-0.2,0.5717551468526065,0.5717551468526065
229.74,-0.2,0.12945439867671765,0.12945439867671765
229.745,-0.2,0.002040489327970088,0.002040489327970088
229.75,-0.2,-0.3634050314715122,-0.3634050314715122
229.755,-0.2,0.0038151596187924117,0.0038151596187924117
229.76,-0.2,0.26658394373874644,0.26658394373874644
229.765,-0.2,0.4571832137190017,0.4571832137190017
229.77,-0.2,0.6648587986499377,0.6648587986499377
229.775,-0.2,0.591342046748319,0.591342046748319
229.78,-0.2,0.34127575978620683,0.34127575978620683
229.785,-0.2,0.0770124165174734,0.0770124165174734
229.79,-0.2,-0.19111221056353528,-0.19111221056353528
229.795,-0.2,-0.019010414007902068,-0.019010414007902068
229.8,-0.2,0.28634217604542594,0.28634217604542594
229.805,-0.2,0.5174941398978941,0.5174941398978941
229.81,-0.2,0.5670080663916401,0.5670080663916401
229.815,-0.2,0.49530871391255804,0.49530871391255804
229.82,-0.2,0.2783344151784034,0.2783344151784034
229.825,-0.2,-0.1479590997043773,-0.1479590997043773
229.83,-0.2,-0.19024422521101902,-0.19024422521101902
229.835,-0.2,-0.06665804211076225,-0.06665804211076225
229.84,-0.2,0.24598012366727795,0.24598012366727795
229.845,-0.2,0.48917405368157496,0.48917405368157496
229.85,-0.2,0.6038334319111117,0.6038334319111117
229.855,-0.2,0.41230243696744107,0.41230243696744107
229.86,-0.2,0.21480139418324748,0.21480139418324748
229.865,-0.2,-0.06557285132068719,-0.06557285132068719
229.87,-0.2,-0.09708736045213023,-0.09708736045213023
229.875,-0.2,-0.15424188958865256,-0.15424188958865256
229.88,-0.2,0.39325975975918814,0.39325975975918814
229.885,-0.2,0.25898801090807533,0.25898801090807533
229.89,-0.2,0.7212459825377432,0.7212459825377432
229.895,-0.2,0.38850978332921837,0.38850978332921837
229.9,-0.2,0.16897204905277993,0.16897204905277993
229.905,-0.2,0.028725790359728443,0.028725790359728443
229.91,-0.2,-0.22631401736849355,-0.22631401736849355
229.915,-0.2,0.060603920029348446,0.060603920029348446
229.92,-0.2,0.23492334207611285,0.23492334207611285
229.925,-0.2,0.4146345985662818,0.4146345985662818
229.93,-0.2,0.535770419754995,0.535770419754995
229.935,-0.2,0.4514913595360269,0.4514913595360269
229.94,-0.2,0.13897318939223652,0.13897318939223652
229.945,-0.2,-0.011429196892788998,-0.011429196892788998
229.95,-0.2,-0.05127303875842554,-0.05127303875842554
229.955,-0.2,0.19099379302001457,0.19099379302001457
229.96,-0.2,0.2548870139687011,0.2548870139687011
229.965,-0.2,0.6347923046239674,0.6347923046239674
229.97,-0.2,0.6993356144607343,0.6993356144607343
229.975,-0.2,0.4772137881297937,0.4772137881297937
229.98,-0.2,0.13603854027942694,0.13603854027942694
229.985,-0.2,0.0029510437466047923,0.0029510437466047923
229.99,-0.2,-0.2311236656286915,-0.2311236656286915
229.995,-0.2,0.03994876472599741,0.03994876472599741
230.0,-0.2,0.2882235508159593,0.2882235508159593
230.005,-0.2,0.6498708454097217,0.6498708454097217
230.01,-0.2,0.6518219715872929,0.6518219715872929
230.015,-0.2,0.4445907531500719,0.4445907531500719
230.02,-0.2,0.2650154406370899,0.2650154406370899
230.025,-0.2,-0.12751533776569296,-0.12751533776569296
230.03,-0.2,-0.1443258819524142,-0.1443258819524142
230.035,-0.2,-0.0573339022145367,-0.0573339022145367
230.04,-0.2,0.378667948367584,0.378667948367584
230.045,-0.2,0.6465167015996868,0.6465167015996868
230.05,-0.2,0.6674429158159408,0.6674429158159408
230.055,-0.2,0.523744363842863,0.523744363842863
230.06,-0.2,-0.06333319061423906,-0.06333319061423906
230.065,-0.2,0.0834423282663681,0.0834423282663681
230.07,-0.2,-0.24577757866727878,-0.24577757866727878
230.075,-0.2,-0.0565311985312304,-0.0565311985312304
230.08,-0.2,0.2118357781162382,0.2118357781162382
230.085,-0.2,0.4633349401483989,0.4633349401483989
230.09,-0.2,0.5129643945978368,0.5129643945978368
230.095,-0.2,0.5485730851875117,0.5485730851875117
230.1,-0.2,0.08660182591455473,0.08660182591455473
230.105,-0.2,-0.20548663358908925,-0.20548663358908925
230.11,-0.2,-0.15216167560413132,-0.15216167560413132
230.115,-0.2,-0.02589516255651787,-0.02589516255651787
230.12,-0.2,0.18143905593792098,0.18143905593792098
230.125,-0.2,0.5429876828349561,0.5429876828349561
230.13,-0.2,0.5359129591257071,0.5359129591257071
230.135,-0.2,0.5648976634536907,0.5648976634536907
230.14,-0.2,0.2041600727384045,0.2041600727384045
230.145,-0.2,-0.06280593647731623,-0.06280593647731623
230.15,-0.2,-0.03397206684152379,-0.03397206684152379
230.155,-0.2,-0.24380790671978783,-0.24380790671978783
230.16,-0.2,0.1403226884949183,0.1403226884949183
230.165,-0.2,0.2754383531193598,0.2754383531193598
230.17,-0.2,0.5163954113961762,0.5163954113961762
230.175,-0.2,0.36606245157669604,0.36606245157669604
230.18,-0.2,-0.17575584040401548,-0.17575584040401548
230.185,-0.2,-0.027069728210874763,-0.027069728210874763
230.19,-0.2,-0.10489330341766288,-0.10489330341766288
230.195,-0.2,-0.15072611094120286,-0.15072611094120286
230.2,-0.2,0.25631753280148556,0.25631753280148556
230.205,-0.2,0.4016603115377439,0.4016603115377439
230.21,-0.2,0.45006933390354625,0.45006933390354625
230.215,-0.2,0.31154000748878957,0.31154000748878957
230.22,-0.2,0.1955368797988699,0.1955368797988699
230.225,-0.2,0.011519449614124683,0.011519449614124683
230.23,-0.2,-0.4809585684928198,-0.4809585684928198
230.235,-0.2,-0.13748788531330514,-0.13748788531330514
230.24,-0.2,0.1503220457632538,0.1503220457632538
230.245,-0.2,0.5005398000567698,0.5005398000567698
230.25,-0.2,0.5198845201281938,0.5198845201281938
230.255,-0.2,0.2073025407922859,0.2073025407922859
230.26,-0.2,0.18978704268774188,0.18978704268774188
230.265,-0.2,-0.1749750307393949,-0.1749750307393949
230.27,-0.2,-0.21667466818175196,-0.21667466818175196
230.275,-0.2,-0.1132508887443607,-0.1132508887443607
230.28,-0.2,0.06174208018042707,0.06174208018042707
230.285,-0.2,0.2817061014860551,0.2817061014860551
230.29,-0.2,0.5475766911900584,0.5475766911900584
230.295,-0.2,0.35353117035030684,0.35353117035030684
230.3,-0.2,0.10501556084138516,0.10501556084138516
230.305,-0.2,-0.3095497570131899,-0.3095497570131899
230.31,-0.2,-0.26306631776183353,-0.26306631776183353
230.315,-0.2,-0.10073236109343792,-0.10073236109343792
230.32,-0.2,0.01720770140952188,0.01720770140952188
230.325,-0.2,0.4654150185026653,0.4654150185026653
230.33,-0.2,0.6538763322964354,0.6538763322964354
230.335,-0.2,0.29010838004544937,0.29010838004544937
230.34,-0.2,0.10350197095097427,0.10350197095097427
230.345,-0.2,-0.06726931237522743,-0.06726931237522743
230.35,-0.2,-0.12095847147489422,-0.12095847147489422
230.355,-0.2,-0.012793368338115452,-0.012793368338115452
230.36,-0.2,0.1403634107740273,0.1403634107740273
230.365,-0.2,0.3944771428228862,0.3944771428228862
230.37,-0.2,0.48400013570250067,0.48400013570250067
230.375,-0.2,0.4141738990799381,0.4141738990799381
230.38,-0.2,0.26066982793205057,0.26066982793205057
230.385,-0.2,0.14176566887463377,0.14176566887463377
230.39,-0.2,-0.19311790915295327,-0.19311790915295327
230.395,-0.2,-0.0005113994435759911,-0.0005113994435759911
230.4,-0.2,0.20198945384645653,0.20198945384645653
230.405,-0.2,0.4318047045727558,0.4318047045727558
230.41,-0.2,0.6816041182598958,0.6816041182598958
230.415,-0.2,0.25386393059944734,0.25386393059944734
230.42,-0.2,0.1482649106614612,0.1482649106614612
230.425,-0.2,-0.15795213303203148,-0.15795213303203148
230.43,-0.2,-0.16053512638725412,-0.16053512638725412
230.435,-0.2,0.011039058056079486,0.011039058056079486
230.44,-0.2,0.20647384763645416,0.20647384763645416
230.445,-0.2,0.34628630040703556,0.34628630040703556
230.45,-0.2,0.5164829815219067,0.5164829815219067
230.455,-0.2,0.1505915633809859,0.1505915633809859
230.46,-0.2,0.18019961561218065,0.18019961561218065
230.465,-0.2,-0.21486522063338165,-0.21486522063338165
230.47,-0.2,-0.2810634644047543,-0.2810634644047543
230.475,-0.2,0.1639455795251585,0.1639455795251585
230.48,-0.2,0.3981244985214881,0.3981244985214881
230.485,-0.2,0.513716753897479,0.513716753897479
230.49,-0.2,0.3909324894577997,0.3909324894577997
230.495,-0.2,0.5259890881654663,0.5259890881654663
230.5,-0.2,0.18945101753827245,0.18945101753827245
230.505,-0.2,-0.14016173687207467,-0.14016173687207467
230.51,-0.2,-0.036533315004252775,-0.036533315004252775
230.515,-0.2,0.3359336742307285,0.3359336742307285
230.52,-0.2,0.3688362831012708,0.3688362831012708
230.525,-0.2,0.5146826181074005,0.5146826181074005
230.53,-0.2,0.630101000918975,0.630101000918975
230.535,-0.2,0.4499768191801228,0.4499768191801228
230.54,-0.2,0.19078516650191668,0.19078516650191668
230.545,-0.2,0.08234354116663603,0.08234354116663603
230.55,-0.2,-0.03718015821392205,-0.03718015821392205
230.555,-0.2,0.18408946393442213,0.18408946393442213
230.56,-0.2,0.5202560601036227,0.5202560601036227
230.565,-0.2,0.4618675184600342,0.4618675184600342
230.57,-0.2,0.6484000069371398,0.6484000069371398
230.575,-0.2,0.39867666500494425,0.39867666500494425
230.58,-0.2,0.33478178350244253,0.33478178350244253
230.585,-0.2,-0.043217864413844925,-0.043217864413844925
230.59,-0.2,-0.11559936903139244,-0.11559936903139244
230.595,-0.2,0.11360960448739342,0.11360960448739342
230.6,-0.2,0.20176633015302672,0.20176633015302672
230.605,-0.2,0.6826947741247589,0.6826947741247589
230.61,-0.2,0.5485100985854754,0.5485100985854754
230.615,-0.2,0.5948148259775782,0.5948148259775782
230.62,-0.2,0.1388976608343373,0.1388976608343373
230.625,-0.2,-0.029090223983059098,-0.029090223983059098
230.63,-0.2,-0.06029721565190403,-0.06029721565190403
230.635,-0.2,-0.015890785738397112,-0.015890785738397112
230.64,-0.2,0.34388577835016737,0.34388577835016737
230.645,-0.2,0.5219736375803703,0.5219736375803703
230.65,-0.2,0.6579582973892572,0.6579582973892572
230.655,-0.2,0.442465102837988,0.442465102837988
230.66,-0.2,0.14225759312763664,0.14225759312763664
230.665,-0.2,-0.15872306725985508,-0.15872306725985508
230.67,-0.2,-0.0439156631139741,-0.0439156631139741
230.675,-0.2,0.1235830332978192,0.1235830332978192
230.68,-0.2,0.20017542884951467,0.20017542884951467
230.685,-0.2,0.5219727797339531,0.5219727797339531
