t,reference,measured,noisy
45.23,0.2,-8.781109652130327e-06,-0.2810946618206467
45.235,0.2,-7.085578060773482e-05,-0.13475137568322765
45.24,0.2,-0.00027985720717049186,0.045495807124204944
45.245,0.2,-0.0007340306368579566,0.23093554305403832
45.25,0.2,-0.0014629398836573566,0.12705885328455183
45.255,0.2,-0.002393767370581213,0.24053584888096083
45.26,0.2,-0.003374897441790056,-0.07644641157198558
45.265,0.2,-0.004237067079837595,-0.079679720165992
45.27,0.2,-0.00485817036594193,-0.03101130866828558
45.275,0.2,-0.005192240264784982,-0.1840580121975498
45.28,0.2,-0.005257358986354815,0.19361194131227932
45.285,0.2,-0.005082980178421649,0.43360996610437574
45.29,0.2,-0.004628081786485181,0.26978918882520697
45.295,0.2,-0.003745524450300797,0.1912700394898308
45.3,0.2,-0.002236543764110034,-0.022088619066237075
45.305,0.2,6.210539566094409e-05,0.07900161787825544
45.31,0.2,0.0032205950364245003,-0.2193888342398497
45.315,0.2,0.007188869666299855,-0.16255125077816185
45.32,0.2,0.011794024069205728,-0.009937056075735126
45.325,0.2,0.01678709219404272,0.1765974466001239
45.33,0.2,0.02193178654047609,0.2648310535700555
45.335,0.2,0.027083865032835216,0.43147437399246596
45.34,0.2,0.032220415378590744,0.05135963821905595
45.345,0.2,0.037389464177192716,-0.24109664500681716
45.35,0.2,0.04259785756914118,-0.1785089493750578
45.355,0.2,0.047734863196323606,-0.10274331613549396
45.36,0.2,0.05259217054305566,-0.025487269964860115
45.365,0.2,0.056935788220495276,0.07650410370466398
45.37,0.2,0.060580271289233024,0.39298689341867044
45.375,0.2,0.06345283981700356,0.20458459757358713
45.38,0.2,0.0656122431657928,0.09520300352407085
45.385,0.2,0.06719569854905985,-0.005746703520183083
45.39,0.2,0.06833621277957798,-0.14171535819697095
45.395,0.2,0.06911251320443987,0.1699324730951334
45.4,0.2,0.06955760596579776,0.026018171821589567
45.405,0.2,0.0697011681710598,0.23352365748941484
45.41,0.2,0.0696064749775066,0.2912946286395185
45.415,0.2,0.06939337518930196,0.24773031353696523
45.42,0.2,0.06923362256357762,0.06641517102632437
45.425,0.2,0.06930446232110497,0.05665757662881073
45.43,0.2,0.06972287739384253,-0.3181839334671549
45.435,0.2,0.07048636515926276,-0.2005497835871341
45.44,0.2,0.0714580731493627,0.12668464753807526
45.445,0.2,0.07244292834695598,0.39163113944242683
45.45,0.2,0.07331451825261188,0.31959480765352144
45.455,0.2,0.07408232610207956,0.20717551578170018
45.46,0.2,0.07486006306691816,0.16039839426049068
45.465,0.2,0.07578928792868352,-0.02400787585670762
45.47,0.2,0.07696282874274715,-0.28784018069049533
45.475,0.2,0.07835688110283631,-0.2529979585905356
45.48,0.2,0.07981036696584864,0.08394454378311109
45.485,0.2,0.08109758016737514,0.31453881826433894
45.49,0.2,0.08205764934937126,0.4516803511919219
45.495,0.2,0.08268517747985792,0.3369049725199581
45.5,0.2,0.08312621460465151,0.1778991748321025
45.505,0.2,0.08359547848032658,-0.02843321750141295
45.51,0.2,0.0842740718609762,0.0006192719361270416
45.515,0.2,0.0852484667000721,-0.0027983435461522987
45.52,0.2,0.08650997849760445,0.052534524584486014
45.525,0.2,0.08799559025779888,0.2959524736159085
45.53,0.2,0.08965411652995227,0.45541922807599944
45.535,0.2,0.09151327690266747,0.3771036246942329
45.54,0.2,0.09369749823896589,0.26310689229682227
45.545,0.2,0.09638009965767311,0.19521383823018887
45.55,0.2,0.09970056869963756,-0.288268689615434
45.555,0.2,0.10367231863027333,-0.22794681379074583
45.56,0.2,0.10813438505754797,0.1649769492599112
45.565,0.2,0.11281445155617305,0.228584417605602
45.57,0.2,0.11746145914756326,0.4654668053221139
45.575,0.2,0.12194492486225157,0.4567883513254825
45.58,0.2,0.12627773705113915,0.21277140633060979
45.585,0.2,0.13055829056152518,-0.017414249742997157
45.59,0.2,0.13486557233894886,-0.010674598521860784
45.595,0.2,0.13918177547396138,-0.118473785258405
45.6,0.2,0.14338623727357142,0.23308056120442314
45.605,0.2,0.14732216141384732,0.4915870704039989
45.61,0.2,0.15089817610289177,0.3037060908514817
45.615,0.2,0.1541435940975831,0.45779849554221363
45.62,0.2,0.15717898223179974,-0.026717934123808795
45.625,0.2,0.16013111244941997,-0.011392398015113627
45.63,0.2,0.16304141214569517,-0.1676263770317661
45.635,0.2,0.1658217741862211,-0.06360626984767256
45.64,0.2,0.16828667007286033,0.34034819254169946
45.645,0.2,0.17025057485969644,0.3525685796897394
45.65,0.2,0.17163644361817396,0.6130851765873264
45.655,0.2,0.17253456853949226,0.5498002045031937
45.66,0.2,0.1731868967747002,0.1705729223399468
45.665,0.2,0.17388532748396368,-0.1544203228317664
45.67,0.2,0.174820709568072,-0.2515327120717961
45.675,0.2,0.17598768451357347,0.00198132650499264
45.68,0.2,0.17721435730443913,0.14835901936627155
45.685,0.2,0.17828057173356546,0.4218224509288843
45.69,0.2,0.17904057942483034,0.4580047224980768
45.695,0.2,0.17949079567224183,0.43765349650434315
45.7,0.2,0.17976137989126414,0.24821491154495487
45.705,0.2,0.18003862840255455,-0.10143471155662817
45.71,0.2,0.1804553531651658,-0.030919081731062822
45.715,0.2,0.1810233849098879,0.14313922106487023
45.72,0.2,0.18165659488233302,0.11519054093383924
45.725,0.2,0.18224667007479856,0.466399418237578
45.73,0.2,0.18273923192311473,0.4332297115413318
45.735,0.2,0.1831838283159666,0.4489456245210952
45.74,0.2,0.18372886324202956,0.2652108875571471
45.745,0.2,0.18455819381102317,0.06660108612551816
45.75,0.2,0.18579952373978054,-0.1495695480826968
45.755,0.2,0.18744134507480303,-0.2502242271587013
45.76,0.2,0.18930972250042732,0.2849902369156421
45.765,0.2,0.19114790173755136,0.3321928770668592
45.77,0.2,0.1927510647605956,0.4589759925991691
45.775,0.2,0.19405162841878537,0.46015659316636986
45.78,0.2,0.19511692384894544,0.1815390067163297
45.785,0.2,0.19608109025993958,0.10817528015835999
45.79,0.2,0.1970435930673765,-0.3168458826040119
45.795,0.2,0.1979858959355034,0.11711114097522543
45.8,0.2,0.1987664058354855,0.0402048584267696
45.805,0.2,0.1992002180925149,0.42038738459819003
45.81,0.2,0.1991649240125525,0.5058890229816365
45.815,0.2,0.19867346437990435,0.3904820494513943
45.82,0.2,0.19786640277516707,0.013198248550268882
45.825,0.2,0.19691687877587094,0.02742786108321322
45.83,0.2,0.19592202244197596,-0.2048259556154732
45.835,0.2,0.19485173335038034,-0.021443635028415405
45.84,0.2,0.19356836921817255,0.11811367670623568
45.845,0.2,0.19190760991955724,0.4428073674154433
45.85,0.2,0.18978746280567663,0.5444542161268154
45.855,0.2,0.1872839496589974,0.4398899420567812
45.86,0.2,0.18462574959793526,0.36539841164436804
45.865,0.2,0.18211170399585302,-0.03999808931456362
45.87,0.2,0.17998623283257176,-0.26869682064726286
45.875,0.2,0.17833165545647744,0.01838364069102104
45.88,0.2,0.17706223848632205,0.2614433388861678
45.885,0.2,0.1760314301802105,0.40426431455890094
45.89,0.2,0.1751542335019917,0.45447643788143455
45.895,0.2,0.174459335564184,0.31764452298487417
45.9,0.2,0.17406059984059644,0.15720747591771628
45.905,0.2,0.17407978592062745,0.025666147978092628
45.91,0.2,0.1745737598243443,0.12455322322902326
45.915,0.2,0.17550495565022786,-0.1040590752733125
45.92,0.2,0.1767522015955259,0.277444196588071
45.925,0.2,0.17816304450636558,0.47898360643562515
45.93,0.2,0.17964222499591379,0.4404247603685642
45.935,0.2,0.18121264786430316,0.49932157080815864
45.94,0.2,0.18300029966813303,0.19485723370333974
45.945,0.2,0.18514893222586462,-0.2621833465518206
45.95,0.2,0.1877040620527371,0.09754995763351429
45.955,0.2,0.1905560041781747,-0.08642054188265431
45.96,0.2,0.1934848327373073,0.2802751220115334
45.965,0.2,0.19625818131252565,0.4855137383394591
45.97,0.2,0.19873254379346547,0.4713304386405269
45.975,0.2,0.20091340780213313,0.5638015282515212
45.98,0.2,0.20294165882337106,0.23645518377330216
45.985,0.2,0.20500878455340193,-0.1239035371414154
45.99,0.2,0.20723034298567256,-0.1375888017878386
45.995,0.2,0.2095561914332034,-0.08209349493138818
46.0,0.2,0.21178138709443212,0.06721545903932638
46.005,0.2,0.21363908189182146,0.4400753165075601
46.01,0.2,0.2149229226166245,0.4777992423942782
46.015,0.2,0.21557235489472457,0.2683579923493671
46.02,0.2,0.215660568359536,0.15201231389627873
46.025,0.2,0.21530707415555536,0.008095961791604694
46.03,0.2,0.2145904608950463,-0.07855275742015069
46.035,0.2,0.2135044365532996,0.01911777342160479
46.04,0.2,0.2119679541197345,0.12614916348831223
46.045,0.2,0.20988343717511437,0.3543596235335423
46.05,0.2,0.20721512561264532,0.45181447281818754
46.055,0.2,0.20404504542082466,0.3626381362990904
46.06,0.2,0.2005695731237343,0.2700225408597582
46.065,0.2,0.19703418756583896,-0.020980156351865273
46.07,0.2,0.19363667268547763,-0.17185211592438054
46.075,0.2,0.19044624224782936,-0.0746814772345609
46.08,0.2,0.1873886190613929,-0.02147161507889042
46.085,0.2,0.18431061216901487,0.4261797464273869
46.09,0.2,0.1810954828801494,0.5472583731142333
46.095,0.2,0.1777646939421534,0.38888178742854723
46.1,0.2,0.174487550422232,0.2140416960929325
46.105,0.2,0.17149530734973475,0.09013567531429273
46.11,0.2,0.16897596922575042,-0.0478270846585349
46.115,0.2,0.16700824838747183,-0.0066463578968255985
46.12,0.2,0.16554879981430712,0.009194227500087943
46.125,0.2,0.16447212605041123,0.34858804361301277
46.13,0.2,0.16365467893212285,0.4924782343321868
46.135,0.2,0.16306333212635563,0.42380251879789393
46.14,0.2,0.16277692864084772,0.1050085309521728
46.145,0.2,0.16290770521371226,-0.19462040377253953
46.15,0.2,0.16348291255719494,-0.042094209316607
46.155,0.2,0.16439215011531835,0.06358626285090299
46.16,0.2,0.165435752565585,0.1753127456400318
46.165,0.2,0.16641628434802072,0.38468858026078107
46.17,0.2,0.16721261779468824,0.28623609690360474
46.175,0.2,0.1678131650549811,0.47297944085332155
46.18,0.2,0.1683063661870387,0.18129271226050397
46.185,0.2,0.16882719823007078,-0.05619666521410048
46.19,0.2,0.1694630616250697,-0.21933030999124017
46.195,0.2,0.17017234519009886,-0.061241265378438985
46.2,0.2,0.1707896089008615,0.24416956205769924
46.205,0.2,0.17111636910765224,0.1771496493697512
46.21,0.2,0.17101681324087803,0.3708908131879626
46.215,0.2,0.17046048871867583,0.2703937602590171
46.22,0.2,0.16951551336968115,0.20556400098457814
46.225,0.2,0.16830635920763598,0.10140295904052062
46.23,0.2,0.16695406550624278,-0.017047896651067693
46.235,0.2,0.1655262781187288,-0.00039791315256095666
46.24,0.2,0.16401793291581332,0.02987073895778336
46.245,0.2,0.16237681134732315,0.3657941996663685
46.25,0.2,0.16057388812339843,0.467563131062027
46.255,0.2,0.15867705192988568,0.38770351887995363
46.26,0.2,0.15686069907872097,0.16254756714790217
46.265,0.2,0.15533493504163207,0.0357101258721067
46.27,0.2,0.15424172937466016,-0.34218189939949695
46.275,0.2,0.15357494645371256,0.0017505757305899573
46.28,0.2,0.153184510842021,0.2445512906501363
46.285,0.2,0.1528807635212641,0.3865610708128024
46.29,0.2,0.152555332587237,0.4283784173386273
46.295,0.2,0.15223125462624884,0.3392081135971282
46.3,0.2,0.15203299258162292,0.13501355692385228
46.305,0.2,0.15210317272707166,-0.10656465090898207
46.31,0.2,0.15250946549312558,-0.020346422246952434
46.315,0.2,0.15319961519877148,-0.026781358623285307
46.32,0.2,0.15402970532941707,0.2364701696866722
46.325,0.2,0.15484018851851925,0.3126679566991983
46.33,0.2,0.15554176952000948,0.6247027389010116
46.335,0.2,0.15618034757365956,0.5078390547388655
46.34,0.2,0.15693921623062823,0.1538312908155628
46.345,0.2,0.1580488833410054,-0.034504231949880934
46.35,0.2,0.15965255838682474,-0.2135057956068206
46.355,0.2,0.1617286803785665,0.1905560661397486
46.36,0.2,0.16412529667629724,0.18502553378163825
46.365,0.2,0.16666954295993147,0.587396378981409
46.37,0.2,0.1692747925243271,0.49624602021627395
46.375,0.2,0.17198585958159207,0.31870790195548593
46.38,0.2,0.1749374807828173,0.22367209124250081
46.385,0.2,0.17826212059995783,0.037574943106655746
46.39,0.2,0.18200531639567075,-0.15910169528706974
46.395,0.2,0.1860801114705445,0.16458122902401467
46.4,0.2,0.1902885773943995,0.11611260721549749
46.405,0.2,0.19440233967287351,0.41032041727784235
46.41,0.2,0.19825310488522838,0.5628488638203814
46.415,0.2,0.2017981131284914,0.4469222539568445
46.42,0.2,0.20512612702262634,0.3044533081217306
46.425,0.2,0.20838008634397853,-0.20785017762179045
46.43,0.2,0.21162491293917143,-0.3090453582634474
46.435,0.2,0.21474731366458655,-0.009016191201342803
46.44,0.2,0.217483775569546,0.347136353021429
46.445,0.2,0.2195668140122721,0.4998574386059603
46.45,0.2,0.22086161646180263,0.29827250312095543
46.455,0.2,0.22139435607792954,0.34473427871500373
46.46,0.2,0.22129487254491823,0.17586441849299092
46.465,0.2,0.22071931726067975,-0.02107171344619313
46.47,0.2,0.21977764456104462,-0.04487690142618596
46.475,0.2,0.21847983302519056,-0.23664368499954289
46.48,0.2,0.21672783077061206,0.20463247013194896
46.485,0.2,0.21438225929712332,0.5068243558171924
46.49,0.2,0.2113901893302366,0.6101195243766486
46.495,0.2,0.20788121642094032,0.4991721168003438
46.5,0.2,0.20414982982512628,0.16212442727504622
46.505,0.2,0.20053958757125073,0.02903931219994594
46.51,0.2,0.19731007946755605,-0.11810146024790463
46.515,0.2,0.1945652360865363,0.11071297582528952
46.52,0.2,0.19227256209587523,0.1774499443948387
46.525,0.2,0.1903429063404204,0.34971385453828807
46.53,0.2,0.18871552935324573,0.4783713587241909
46.535,0.2,0.18741696802812466,0.5482963400711712
46.54,0.2,0.18657366332701744,0.20308037547414698
46.545,0.2,0.18635129906794468,-0.02347725772487303
46.55,0.2,0.18684294045860417,-0.11573240192613844
46.555,0.2,0.18798982416201848,-0.015731029009084185
46.56,0.2,0.18958884309460397,0.05067598166560505
46.565,0.2,0.19136695507740098,0.32140500187255616
46.57,0.2,0.1930837762445629,0.5672340887939006
46.575,0.2,0.19462764328337626,0.5334489528053463
46.58,0.2,0.1960444898226213,0.10649406875963552
46.585,0.2,0.1974578472119919,-0.011320349858253111
46.59,0.2,0.19893510535144746,-0.2544076730388698
46.595,0.2,0.2003966806351527,-0.16708085714083717
46.6,0.2,0.20162045720610589,0.25097854330270525
46.605,0.2,0.2023437161723726,0.3684743652117668
46.61,0.2,0.20240046651779575,0.5822120408598106
46.615,0.2,0.20179828915132839,0.2553097280559414
46.62,0.2,0.20069069957158064,0.22179546647471213
46.625,0.2,0.19928134523152757,0.02775534077478546
46.63,0.2,0.19772625710704708,-0.1636628582684561
46.635,0.2,0.19606517220742375,-0.2216133076478672
46.64,0.2,0.19420876202776166,0.3346396282306981
46.645,0.2,0.19202448361821567,0.5086882702840957
46.65,0.2,0.18947652004986967,0.5192079721637631
46.655,0.2,0.1866966280274693,0.37107572759701607
46.66,0.2,0.18393964244395572,0.20306600035131836
46.665,0.2,0.18147762863522152,-0.021173031669884376
46.67,0.2,0.17949262558368648,-0.18155444151012198
46.675,0.2,0.1780123460802082,0.062063207157272565
46.68,0.2,0.1769301369957249,0.24896231760353327
46.685,0.2,0.17610134865305457,0.40107234525741586
46.69,0.2,0.175448267271747,0.5554046632331598
46.695,0.2,0.17501578823068892,0.4102054301551019
46.7,0.2,0.17495600263167274,0.24044049882023802
46.705,0.2,0.1754502935846805,0.09226269039358474
46.71,0.2,0.17661392775900267,-0.08462694434099688
46.715,0.2,0.17843439461512756,0.07465032695004511
46.72,0.2,0.18077643932999296,0.2111384915682733
46.725,0.2,0.18345631625265096,0.5044405447863087
46.73,0.2,0.18633739778357267,0.33456199867222225
46.735,0.2,0.18937673692804707,0.35997567160033117
46.74,0.2,0.19260101346107045,0.20728032496560056
46.745,0.2,0.19604319768135142,-0.0713380581026748
46.75,0.2,0.1996646062767764,-0.2216523521693687
46.755,0.2,0.20329177889146435,-0.13472324349052944
46.76,0.2,0.2066268148945644,0.2622714920711706
46.765,0.2,0.20935406306834783,0.4662591926006544
46.77,0.2,0.211278908040033,0.557532862483882
46.775,0.2,0.21240319371696842,0.4393642709607674
46.78,0.2,0.21289646082652605,0.17201184847919296
46.785,0.2,0.21298744622427274,-0.07984281331702331
46.79,0.2,0.21283637290847734,-0.1596719202164188
46.795,0.2,0.21245954063101877,-0.024260327336279953
46.8,0.2,0.21174740464307482,0.18551572868298322
46.805,0.2,0.2105576692943811,0.4046627350901048
46.81,0.2,0.20882323910393913,0.4757164519660185
46.815,0.2,0.20662062308027657,0.5997522022782386
46.82,0.2,0.20416925938534608,0.12546452199287766
46.825,0.2,0.20174851857780984,0.015177849685998918
46.83,0.2,0.19957142562667807,-0.11093011089737523
46.835,0.2,0.19770594184455914,0.061859104920548816
46.84,0.2,0.196090493073944,0.1642923353501279
46.845,0.2,0.1946105593197353,0.2954054796605019
46.85,0.2,0.19318005526355095,0.3971892288151052
46.855,0.2,0.19179595647897527,0.4866356713990285
46.86,0.2,0.19055201557128465,0.20949708164211642
46.865,0.2,0.18959209276127634,0.0032498601680298334
46.87,0.2,0.1890157027636263,-0.0967552998490677
46.875,0.2,0.18880529332105145,0.047085323582387005
46.88,0.2,0.18883228259989215,0.155770748453311
46.885,0.2,0.18893201341662913,0.45814135441053605
46.89,0.2,0.18899890445196788,0.4551982097990828
46.895,0.2,0.18904614411171022,0.3955792181666695
46.9,0.2,0.18919540363066534,0.308757184334389
46.905,0.2,0.18960919669442258,0.009098169222294516
46.91,0.2,0.19039704386301315,-0.18243388955370352
46.915,0.2,0.1915394192538111,0.11611590584706827
46.92,0.2,0.19289304928651474,0.20026385601893465
46.925,0.2,0.19428171788253892,0.48640292144608094
46.93,0.2,0.19559875394460557,0.42410819721476184
46.935,0.2,0.19684804501847555,0.16573542171466152
46.94,0.2,0.19810008383998523,0.14109610304155357
46.945,0.2,0.19940705616841997,-0.07936949265510956
46.95,0.2,0.2007333261252473,-0.23345191755106615
46.955,0.2,0.20192439647986657,0.07351967046171462
46.96,0.2,0.20274167361030507,0.1712330186611841
46.965,0.2,0.20295175379717525,0.14980874186927634
46.97,0.2,0.2024084538390362,0.6236118500678943
46.975,0.2,0.2011132055953561,0.5324929431960087
46.98,0.2,0.1992367727391141,0.12425853052747043
46.985,0.2,0.1970442227230849,0.03513671983164032
46.99,0.2,0.1947602282998835,-0.12550627315615348
46.995,0.2,0.19248482333912462,0.05129257997583975
47.0,0.2,0.19020348637831672,0.22473972385905472
47.005,0.2,0.18786127637867714,0.27108334120027683
47.01,0.2,0.18543844191970904,0.31584552934551746
47.015,0.2,0.18298027104980452,0.22331171541619985
47.02,0.2,0.18057670359515418,0.06107731708648281
47.025,0.2,0.1783092165710181,-0.01650845627188522
47.03,0.2,0.17619309484089157,-0.17950324064455614
47.035,0.2,0.17414446707354733,-0.05408575926168386
47.04,0.2,0.17200342676109845,0.37489274452166393
47.045,0.2,0.16962875651206094,0.45811922327459875
47.05,0.2,0.16699725348319758,0.2037566114824489
47.055,0.2,0.16420864100855445,0.15634394649340042
47.06,0.2,0.1614058438199714,0.007849163241007442
47.065,0.2,0.15870012413578957,0.1389772705676193
47.07,0.2,0.1561378565581908,-0.24331719097226873
47.075,0.2,0.15367916956381655,-0.15192841260380407
47.08,0.2,0.15119739456500794,0.3558340387575171
47.085,0.2,0.14854762755086248,0.1239779293921886
47.09,0.2,0.14565421142882629,0.23953634166004348
47.095,0.2,0.14254178808073983,0.5225301333021333
47.1,0.2,0.1393363704258544,0.1799451379010117
47.105,0.2,0.1362315681143352,-0.17806375259969875
47.11,0.2,0.1333839546488345,-0.18012983679613637
47.115,0.2,0.13081569808244253,-0.10858936163168623
47.12,0.2,0.12841044282245836,-0.11470502728095203
47.125,0.2,0.1259839197110161,0.3729670507171462
47.13,0.2,0.12338905121666276,0.3793909861991204
47.135,0.2,0.12060952475655695,0.387721196197951
47.14,0.2,0.11777336262155226,0.09179941337383342
47.145,0.2,0.11507531275252723,-0.008448700237024778
47.15,0.2,0.11266702223626124,-0.27116393715896553
47.155,0.2,0.11057171321513422,-0.29050852580551706
47.16,0.2,0.10866339008543038,0.10199672715627482
47.165,0.2,0.10673748998334098,0.20514876355746114
47.17,0.2,0.10463209053040058,0.3493731669503033
47.175,0.2,0.10231025817959337,0.2836456743225915
47.18,0.2,0.09985790396818711,-0.012230898717982677
47.185,0.2,0.09740966378343746,-0.05501476861985154
47.19,0.2,0.09504702663948038,-0.48345668505294354
47.195,0.2,0.09272524500719145,-0.023699072726461823
47.2,0.2,0.09028143444771594,-0.0475864697016367
47.205,0.2,0.08752916326686647,0.3911368016636652
47.21,0.2,0.08437465374243583,0.32589211973920107
47.215,0.2,0.08087839874278953,0.21630959507773997
47.22,0.2,0.07722840050341517,0.10721087537702435
47.225,0.2,0.07365082409133532,-0.16696105472527242
47.23,0.2,0.07030788131980799,-0.33802085249432423
47.235,0.2,0.06722472047764899,-0.1505281876466956
47.24,0.2,0.06429405812972591,0.06917456460801016
47.245,0.2,0.061366955263003876,0.2690982784045775
47.25,0.2,0.058366045780267765,0.3917616097259875
47.255,0.2,0.055352919373246996,0.33700162980842935
47.26,0.2,0.05251728172002914,0.02949953758325388
47.265,0.2,0.05009000170168305,-0.11039943079024075
47.27,0.2,0.04823300243973104,-0.14677859879821667
47.275,0.2,0.04697492496409671,-0.23088673104379093
47.28,0.2,0.04621199988240504,-0.030003967468556145
47.285,0.2,0.04576239163487461,0.16333449974324554
47.29,0.2,0.045451440506278425,0.13685568371995074
47.295,0.2,0.04517833825116166,0.24143428850006116
47.3,0.2,0.04492708140385921,-0.04955216878474834
47.305,0.2,0.044721057903461696,-0.17126805329720504
47.31,0.2,0.044547686971200054,-0.26111952632553576
47.315,0.2,0.04430458145576106,-0.24426722703794665
47.32,0.2,0.043807074714561106,0.04317608805778171
47.325,0.2,0.04285606364821975,0.10198505767844385
47.33,0.2,0.041324917594302644,0.24829780036705495
47.335,0.2,0.03921510865722191,0.27344806020579554
47.34,0.2,0.036656446948111786,-0.013416211866974781
47.345,0.2,0.03384121391268678,-0.26792601987770026
47.35,0.2,0.030921261401024438,-0.10483288242785324
47.355,0.2,0.027949375308775275,-0.17799780116749037
47.36,0.2,0.02490390611428655,0.21007445068925484
47.365,0.2,0.021752908869550242,-0.16298140170066888
47.37,0.2,0.01849999199329689,0.34378704857310466
47.375,0.2,0.015208720512316485,0.1706519374073898
47.38,0.2,0.012020221540642344,0.20707127547707788
47.385,0.2,0.009129886708991905,-0.19470940100496367
47.39,0.2,0.006701492483905089,-0.3494646682206662
47.395,0.2,0.004778251248408053,-0.06359827480271982
47.4,0.2,0.0032767146654445484,-0.018361239419434325
47.405,0.2,0.0020627940109054564,0.08111995338821833
47.41,0.2,0.0010335418853997603,0.26818020684025273
47.415,0.2,0.00017165504386899543,0.35237282860308544
47.42,0.2,-0.00043664706983220563,-0.06172590482252523
47.425,0.2,-0.0006577782329195317,-0.20617522534537816
47.43,0.2,-0.00042543086788916025,-0.4556211865381906
47.435,0.2,0.00017846247283324822,-0.08154735705634722
47.44,0.2,0.0009489246545473087,0.050119821946373766
47.445,0.2,0.001669631979200855,0.29704255414587066
47.45,0.2,0.0022213885117173576,0.17164788814120413
47.455,0.2,0.0026172960332845213,0.1832659629783868
47.46,0.2,0.0029640392947226668,-0.04766448907161487
47.465,0.2,0.0033839717742406355,-0.20842176264070394
47.47,0.2,0.003927697937778316,-0.45072577992178664
47.475,0.2,0.0045121285388346165,-0.21692099969755552
47.48,0.2,0.004937063077232177,0.11093403133011424
47.485,0.2,0.004990892822478194,0.19757170194021803
47.49,0.2,0.004570889315429761,0.38656712341182553
47.495,0.2,0.003740250207250199,0.2275073735185919
47.5,0.2,0.002704218597759402,0.09650034964971269
47.505,0.2,0.0017220133416798262,-0.19557637388435967
47.51,0.2,0.000989427009996787,-0.43300227593749796
47.515,0.2,0.0005493872373914274,-0.13715770311475006
47.52,0.2,0.0002923798090211895,-0.07687131876850721
47.525,0.2,4.6615718424743476e-05,0.2043796030701962
47.53,0.2,-0.0003101034710996454,0.322416254752395
47.535,0.2,-0.0007846910353119041,-0.023884492052608897
47.54,0.2,-0.0012902701447491398,-0.02803689759650681
47.545,0.2,-0.0017289425030321973,-0.15991030182223276
47.55,0.2,-0.0020660757565066057,-0.3861615209138624
47.555,0.2,-0.0023679941870376935,-0.1240234432927417
47.56,0.2,-0.0027842398759069234,0.06135557326564435
47.565,0.2,-0.0034688700444765086,0.05929914922321576
47.57,0.2,-0.004503345518963147,0.1542859285846837
47.575,0.2,-0.005868556761054359,0.18831334739733022
47.58,0.2,-0.007456889835981026,-0.06087163148008943
47.585,0.2,-0.009126745294343224,-0.29393506755475907
47.59,0.2,-0.010794315731212308,-0.4215013055648761
47.595,0.2,-0.012494270365795477,0.032048354687065295
47.6,0.2,-0.014344749281943372,-0.10019456252273454
47.605,0.2,-0.01646015524028169,0.029094917513640184
47.61,0.2,-0.018883060005923463,0.5009022411379668
47.615,0.2,-0.021537059504430755,-0.006676856469424314
47.62,0.2,-0.024230685693430166,0.024878856299081535
47.625,0.2,-0.02674817699673941,-0.3915436217195095
47.63,0.2,-0.028958859590596537,-0.14356590775784397
47.635,0.2,-0.030864269566806275,-0.36888405102409827
47.64,0.2,-0.03257789969645305,-0.056700317746914974
47.645,0.2,-0.03426932040304252,-0.16360081946152516
47.65,0.2,-0.03610063085980174,0.09930554309317663
47.655,0.2,-0.03816953807105718,0.16697838388317884
47.66,0.2,-0.04047401278870238,-0.035342714589760356
47.665,0.2,-0.04293382117473355,-0.28162863233959495
47.67,0.2,-0.045476089750217455,-0.4228120137439874
47.675,0.2,-0.048125446835569796,-0.5133744324102781
47.68,0.2,-0.05102364153018054,0.08326395257785768
47.685,0.2,-0.054347135980425613,0.02231272349080092
47.69,0.2,-0.05818558526156995,0.17887873272644111
47.695,0.2,-0.062480722714410485,0.1386714832862764
47.7,0.2,-0.06704272711283868,0.017513664179470395
47.705,0.2,-0.07162070866930197,-0.4039011948187
47.71,0.2,-0.07601063195359081,-0.3383799915541703
47.715,0.2,-0.0801438464965191,-0.48544613818745486
47.72,0.2,-0.0840920332602097,0.03845024037673883
47.725,0.2,-0.08798033778107384,0.08540678490267618
47.73,0.2,-0.09186425440892156,0.3337182754174357
47.735,0.2,-0.09565519775158426,0.06764927398344087
47.74,0.2,-0.09914394664602237,-0.11906645851508493
47.745,0.2,-0.10210028344873258,-0.24941332397103488
47.75,0.2,-0.10438579979264052,-0.6118595484165101
47.755,0.2,-0.10602791100305708,-0.3079671588998497
47.76,0.2,-0.10721376747743994,-0.1573598823156968
47.765,0.2,-0.10819400677634587,0.06050602806389481
47.77,0.2,-0.10915670708900403,0.29662496300936947
47.775,0.2,-0.11014491426618682,0.05131770207459435
47.78,0.2,-0.1110641270022593,-0.19303234619604637
47.785,0.2,-0.11177875806917165,-0.31111000217553303
47.79,0.2,-0.11222222252811674,-0.3867785090756739
47.795,0.2,-0.11244243005134973,-0.15446475035838647
47.8,0.2,-0.11256714733712633,-0.0868093281376321
47.805,0.2,-0.11272293138936494,0.15911261920629166
47.81,0.2,-0.11296045815964015,0.04578883596013747
47.815,0.2,-0.11322950916551756,0.010277948571040293
47.82,0.2,-0.11341599757196082,-0.22365284144870834
47.825,0.2,-0.11341479087444414,-0.2547287501913328
47.83,0.2,-0.11320126288864096,-0.5929854248338815
47.835,0.2,-0.11287924131755929,-0.3779516541095309
47.84,0.2,-0.11267740584947974,-0.30443562201753177
47.845,0.2,-0.11287063242350831,0.16399661883139985
47.85,0.2,-0.11364846690718083,0.3658144129292858
47.855,0.2,-0.11500766584243353,0.046613987115667076
47.86,0.2,-0.11676241884107746,-0.24238187877834833
47.865,0.2,-0.11867509788966507,-0.4032378781822426
47.87,0.2,-0.12059572947881636,-0.4323022180809528
47.875,0.2,-0.12252295221683637,-0.49338928545448196
47.88,0.2,-0.12458074879472249,-0.030193067968618648
47.885,0.2,-0.12693004584503234,-0.08509482860249554
47.89,0.2,-0.12965944846448904,0.28285458464012414
47.895,0.2,-0.13271376537547572,0.09408082108176652
47.9,0.2,-0.1358993315267879,-0.236468423571426
47.905,0.2,-0.13897679077329742,-0.3557344679221898
47.91,0.2,-0.14178381420135347,-0.46808933990306606
47.915,0.2,-0.14430811077254158,-0.5999489627999112
47.92,0.2,-0.14669041599673566,-0.24921562267785957
47.925,0.2,-0.14915694366610593,-0.07617788507370052
47.93,0.2,-0.15190596376295118,-0.05526772771822874
47.935,0.2,-0.15502253146830264,0.055955526642651354
47.94,0.2,-0.1584662806533665,-0.263768392118061
47.945,0.2,-0.16213111857732124,-0.5196247477247425
47.95,0.2,-0.16595069114309358,-0.6038617620808492
47.955,0.2,-0.16997906585835945,-0.5372667050470841
47.96,0.2,-0.1743777622294793,-0.06798535077528674
47.965,0.2,-0.17930876663972395,0.014930509955400411
47.97,0.2,-0.1848060947206032,0.24314050913210847
47.975,0.2,-0.19071246391840754,-0.003320811743399113
47.98,0.2,-0.19671661807788807,-0.18831679037602536
47.985,0.2,-0.20246726748171331,-0.4247489650777019
47.99,0.2,-0.207694516066425,-0.36461797994086964
47.995,0.2,-0.21226937541576424,-0.37483922386578744
48.0,0.2,-0.21619045052831662,-0.2998898398640828
48.005,0.2,-0.21953397357684126,-0.21601360819009088
48.01,0.2,-0.22239207046855658,0.050412464210605745
48.015,0.2,-0.2248116118658208,-0.13830371956976004
48.02,0.2,-0.22677031419240792,-0.16595504777809916
48.025,0.2,-0.22821716345218965,-0.4906045478716163
48.03,0.2,-0.22914552235015903,-0.3572519584388021
48.035,0.2,-0.22963283230804796,-0.26468946041874497
48.04,0.2,-0.229818280868313,-0.35969032145816204
48.045,0.2,-0.22985120237063345,0.024720553593711694
48.05,0.2,-0.22983249276936485,0.04633262551742498
48.055,0.2,-0.22975878955139617,0.05357909710050981
48.06,0.2,-0.2295139433393765,-0.12813065672017604
48.065,0.2,-0.22893184567702493,-0.4219073776162291
48.07,0.2,-0.22790178911986383,-0.6019063252576776
48.075,0.2,-0.22645352382873016,-0.36148633623147725
48.08,0.2,-0.22475283227452775,-0.19419379437948717
48.085,0.2,-0.22300153372077133,0.1868157171004984
48.09,0.2,-0.2213133407629287,0.08344637740290192
48.095,0.2,-0.21965579547499262,-0.11484655412288629
48.1,0.2,-0.21790094101105012,-0.3516580967151942
48.105,0.2,-0.21593776818554147,-0.4330294466981153
48.11,0.2,-0.2137628938751306,-0.5613717442613233
48.115,0.2,-0.21150789570757464,-0.35558623296552033
48.12,0.2,-0.20940036564234557,-0.27314534804103136
48.125,0.2,-0.20767388472467846,0.1266964587708737
48.13,0.2,-0.20646717407913062,-0.05177247691437739
48.135,0.2,-0.2057755844706749,-0.09530330540344295
48.14,0.2,-0.20548319797452927,-0.1210371163386514
48.145,0.2,-0.20543238911785072,-0.32317387501474154
48.15,0.2,-0.20549395569777265,-0.5343116630178272
48.155,0.2,-0.2056272732255553,-0.32299937971775694
48.16,0.2,-0.20588543261257447,-0.12267691644153614
48.165,0.2,-0.2063401067172665,0.10328826737550725
48.17,0.2,-0.20698388649903565,0.08386213296515316
48.175,0.2,-0.20768652716465844,0.004789937528274805
48.18,0.2,-0.20822893605688697,-0.1844758691470071
48.185,0.2,-0.20839105623145412,-0.4690194230394216
48.19,0.2,-0.20804911131559348,-0.4120011597813454
48.195,0.2,-0.2072279309631586,-0.4215474114566103
48.2,0.2,-0.20608219495002347,-0.3195940655025643
48.205,0.2,-0.20482825745764288,-0.054414991798799106
48.21,0.2,-0.20365280749465745,0.10994644895320652
48.215,0.2,-0.20262899679431548,0.07891703366147046
48.22,0.2,-0.20169727053034667,-0.2810215000935701
48.225,0.2,-0.2007426375247365,-0.5038683543529843
48.23,0.2,-0.19971116724481533,-0.3641147139985155
48.235,0.2,-0.19866333457594978,-0.3337271486911922
48.24,0.2,-0.19773491252477132,-0.12968454019092837
48.245,0.2,-0.19706255399370776,-0.1917690255762842
48.25,0.2,-0.19672857929537765,-0.008466776591387254
48.255,0.2,-0.1967327497378715,0.02359260608343406
48.26,0.2,-0.196981412538525,-0.006054140635283145
48.265,0.2,-0.19731031288353426,-0.3436964193495556
48.27,0.2,-0.1975612880266696,-0.5038789783333162
48.275,0.2,-0.19767478556473644,-0.4336913659981765
48.28,0.2,-0.1977175847721848,-0.1679084689379313
48.285,0.2,-0.1978192895788504,-0.1255919612261947
48.29,0.2,-0.1980797121015112,-0.008984366326020482
48.295,0.2,-0.19851014022111438,0.08744488394324866
48.3,0.2,-0.1990229947453179,-0.21973014493268841
48.305,0.2,-0.1994834578689375,-0.5111322361225119
48.31,0.2,-0.1998122205677213,-0.49815079275626345
48.315,0.2,-0.20006049200052947,-0.47675784933041787
48.32,0.2,-0.20039308587067145,-0.12436613535206277
48.325,0.2,-0.20099050780225117,0.11679768759678302
48.33,0.2,-0.20192580113457628,0.2611602924752857
48.335,0.2,-0.20308791407470683,0.1668902518194334
48.34,0.2,-0.20419926316557635,-0.05978027283555687
48.345,0.2,-0.2049217259678909,-0.4303203757351294
48.35,0.2,-0.20500052523226583,-0.5194459980094607
48.355,0.2,-0.2043695544551257,-0.5200781658438098
48.36,0.2,-0.2031575234210245,-0.18119566412626975
48.365,0.2,-0.20158752593350887,0.20421700529474862
48.37,0.2,-0.1998332517837677,-0.04396922882814425
48.375,0.2,-0.19794225520708394,-0.016594267685253735
48.38,0.2,-0.19586428154771254,-0.09812992100502933
48.385,0.2,-0.19353064339449164,-0.6302731132607092
48.39,0.2,-0.1909481111703449,-0.4364846515651851
48.395,0.2,-0.18826192849318568,-0.46184646019740494
48.4,0.2,-0.185727299370318,-0.12732748199579952
48.405,0.2,-0.18360864259334653,-0.04555627817146499
48.41,0.2,-0.18207823599158013,0.05308439495434478
48.415,0.2,-0.18116461465034117,0.02028604700321458
48.42,0.2,-0.18076323301069921,-0.09135607473073112
48.425,0.2,-0.18070098020804856,-0.45793162697637735
48.43,0.2,-0.1808393932245832,-0.5771423958787556
48.435,0.2,-0.18116965094000018,-0.6004187773965116
48.44,0.2,-0.18183426641126094,-0.3418348499529613
48.445,0.2,-0.18305330995582741,-0.05444445420931966
48.45,0.2,-0.1850005849644257,-0.031729011029113935
48.455,0.2,-0.18770592902453148,0.19411721414208924
48.46,0.2,-0.19102825855467578,-0.13238408607608987
48.465,0.2,-0.19471533194690213,-0.5427064465520293
48.47,0.2,-0.1985357827650694,-0.5213141928688451
48.475,0.2,-0.20238932330088302,-0.4309048849980044
48.48,0.2,-0.20630909109089315,-0.3035403778451816
48.485,0.2,-0.2103823775022274,-0.08061738552297394
48.49,0.2,-0.21466126555188053,-0.1281751325332952
48.495,0.2,-0.2191067765024415,0.06427846544868279
48.5,0.2,-0.2235822144864351,-0.27551604536766117
48.505,0.2,-0.22790160004118232,-0.3947935673926221
48.51,0.2,-0.23191156854133188,-0.33451067212788144
48.515,0.2,-0.23554566262277132,-0.45096975725028865
48.52,0.2,-0.23881951115721073,-0.13919188623568024
48.525,0.2,-0.2417812913311581,-0.10409766948515493
48.53,0.2,-0.24444652885284351,-0.04327284158879896
48.535,0.2,-0.246763771911212,-0.17765628659712826
48.54,0.2,-0.24863269235036325,-0.15733598150523717
48.545,0.2,-0.2499512493432918,-0.4025309361074906
48.55,0.2,-0.2506722838105189,-0.5316118623370536
48.555,0.2,-0.2508511930406686,-0.3734650881273077
48.56,0.2,-0.2506455114482444,-0.3467752121654011
48.565,0.2,-0.25025249911081865,0.026787144734167496
48.57,0.2,-0.24981887106604475,-0.02722683312761491
48.575,0.2,-0.24937531993644527,0.03571839163595143
48.58,0.2,-0.24883965158912372,-0.3159746768727917
48.585,0.2,-0.24809015633829465,-0.3727910757714816
48.59,0.2,-0.24705625772842552,-0.3901148252163244
48.595,0.2,-0.24576059116021978,-0.30034471312499417
48.6,0.2,-0.24429632976294288,-0.21722479386489144
48.605,0.2,-0.24277025583027403,-0.029072358035592317
48.61,0.2,-0.24123948132707446,0.07442551232537463
48.615,0.2,-0.2396641600563777,0.06570112768587238
48.62,0.2,-0.2379066534572494,-0.16427376016015421
48.625,0.2,-0.23579528605900973,-0.42024048027083555
48.63,0.2,-0.23323151933558559,-0.6695177398737839
48.635,0.2,-0.23026955087487117,-0.18610398104762904
48.64,0.2,-0.22709123152178712,-0.18089728392794518
48.645,0.2,-0.22390029524878785,-0.1137485086335337
48.65,0.2,-0.2208283572796538,0.3055228743660705
48.655,0.2,-0.21788515319589477,-0.16212724303598788
48.66,0.2,-0.21497095396174778,-0.16889917224840562
48.665,0.2,-0.21196587903468073,-0.5114980439893297
48.67,0.2,-0.20883654818954128,-0.5256967341141522
48.675,0.2,-0.20569000437755247,-0.4273116443075863
48.68,0.2,-0.20274908238552902,-0.25283595887457144
48.685,0.2,-0.2002625061388044,0.01936302545944875
48.69,0.2,-0.1983927896544572,0.22253872123650406
48.695,0.2,-0.19713425047360247,0.07273165980786737
48.7,0.2,-0.19631371686483373,-0.13919764961751369
48.705,0.2,-0.19568105007385894,-0.3044895934844069
48.71,0.2,-0.1950296094821505,-0.5181301568147325
48.715,0.2,-0.19428288386642953,-0.471771946794425
48.72,0.2,-0.1935080933573016,-0.14656694748243107
48.725,0.2,-0.19284059176069446,0.04338042381480455
48.73,0.2,-0.19236275867258518,0.20475336590483756
48.735,0.2,-0.19202131073917272,0.0797757501881144
48.74,0.2,-0.19163267968264308,-0.0999929486277024
48.745,0.2,-0.19097325127905795,-0.549884912365198
48.75,0.2,-0.1899083305264678,-0.4862364035197256
48.755,0.2,-0.18847539241620612,-0.42317225808746156
48.76,0.2,-0.18687020676917945,-0.454257338373015
48.765,0.2,-0.1853636555084996,0.10364984296865498
48.77,0.2,-0.1841808101807347,0.23927573656238874
48.775,0.2,-0.18338836116832127,-0.021720658517197927
48.78,0.2,-0.18288325149650467,-0.14314807407402752
48.785,0.2,-0.18248785075164675,-0.2566470282548078
48.79,0.2,-0.18206241330768153,-0.6127798283045084
48.795,0.2,-0.1815815414634951,-0.3119301528339401
48.8,0.2,-0.18114299219966545,-0.2441889626995595
48.805,0.2,-0.18089346288492456,0.05805854738072146
48.81,0.2,-0.18092216672572653,0.12586988875994246
48.815,0.2,-0.1811954403401095,-0.0727514309829857
48.82,0.2,-0.18157341648342862,-0.16545444669887047
48.825,0.2,-0.18189225989675725,-0.40446433685618177
48.83,0.2,-0.1820523568576347,-0.37959414598723606
48.835,0.2,-0.18206588609118823,-0.44690906439802647
48.84,0.2,-0.1820462469194742,-0.1346291695524876
48.845,0.2,-0.1821424621365214,-0.05967855151189082
48.85,0.2,-0.18244804257901204,0.20386973246785353
48.855,0.2,-0.18292945132374047,0.15529578877631234
48.86,0.2,-0.18342504926480163,-0.4213379460031111
48.865,0.2,-0.18374359797465525,-0.39906175591894966
48.87,0.2,-0.1837953499657749,-0.5377981027385311
48.875,0.2,-0.18364777238761498,-0.3875685461898725
48.88,0.2,-0.18348349409151496,-0.10653592365379433
48.885,0.2,-0.18350027758442147,-0.01273171544295558
48.89,0.2,-0.1838061381275928,0.20097039036557057
48.895,0.2,-0.1843606214884889,0.0551655244458957
48.9,0.2,-0.18498533219990615,-0.022276861712978907
48.905,0.2,-0.18544404684499086,-0.5192369307446235
48.91,0.2,-0.18556694061210494,-0.5246053988112507
48.915,0.2,-0.18534694608902336,-0.4315316991373859
48.92,0.2,-0.18493714440928985,-0.2747473318586856
48.925,0.2,-0.18456264401001252,-0.1130959480551755
48.93,0.2,-0.18440781913895793,0.29425666814351137
48.935,0.2,-0.1845168598483606,0.16180116324829075
48.94,0.2,-0.18476463824642275,-0.270570140220338
48.945,0.2,-0.18494379069701533,-0.27683894164959344
48.95,0.2,-0.18489601788431811,-0.4054435636490009
48.955,0.2,-0.1845880563402862,-0.5660166181700748
48.96,0.2,-0.1841227296751059,-0.2581683277746393
48.965,0.2,-0.18368764386685807,0.0017073852326486613
48.97,0.2,-0.18344571225297615,0.0850425896461065
48.975,0.2,-0.18344098575135792,0.019281132055554893
48.98,0.2,-0.1835856780702872,-0.01823551511720911
48.985,0.2,-0.18372039370811527,-0.4296160371769984
48.99,0.2,-0.1837072138404267,-0.2547143332869085
48.995,0.2,-0.18349689662355484,-0.32904967366108434
49.0,0.2,-0.18312323818244836,-0.01916707139424248
49.005,0.2,-0.18264330799953896,-0.10708439793168854
49.01,0.2,-0.18207527687982805,0.16237456623986685
49.015,0.2,-0.18135684485240486,0.19052673742416343
49.02,0.2,-0.1803433377312566,-0.3894155643230163
49.025,0.2,-0.178883455541618,-0.3738695045756694
49.03,0.2,-0.17693395922720795,-0.4887656802089866
49.035,0.2,-0.17460841503974545,-0.3135643857475342
49.04,0.2,-0.17213287107274375,-0.18506060179568182
49.045,0.2,-0.16975647227539983,-0.051450832800754354
49.05,0.2,-0.16766667480288902,0.017158097166867475
49.055,0.2,-0.16594212285639612,-0.0022382216949680504
49.06,0.2,-0.16455681225614854,-0.18589032971901423
49.065,0.2,-0.16343671963601633,-0.43525934800884536
49.07,0.2,-0.1625476135258064,-0.5141453458092149
49.075,0.2,-0.16195556297808006,-0.28682623239247007
49.08,0.2,-0.16181068884575314,-0.305611232705735
49.085,0.2,-0.16227313599935148,0.011978460900322795
49.09,0.2,-0.16342614884554682,0.20625949712664865
49.095,0.2,-0.16520843261655452,0.0021995304331721317
49.1,0.2,-0.16741849631983408,-0.2367327912523606
49.105,0.2,-0.16980207045644963,-0.16038156622664526
49.11,0.2,-0.1721494630857796,-0.5099353832134398
49.115,0.2,-0.17435848973989107,-0.497740829375773
49.12,0.2,-0.17645730463611642,-0.19451464320114625
49.125,0.2,-0.17855173368623004,0.05655917967192839
49.13,0.2,-0.1807077313673542,0.20596891352661573
49.135,0.2,-0.18286075171575752,0.02099729814722249
49.14,0.2,-0.1848237918247222,-0.19225527621846678
49.145,0.2,-0.1863767478554459,-0.212537585327719
49.15,0.2,-0.18736720173432675,-0.5953058477128682
49.155,0.2,-0.18777533601170282,-0.2711192491146368
49.16,0.2,-0.18771498100687245,-0.2607681458957512
49.165,0.2,-0.18736217397963206,0.03039332236449796
49.17,0.2,-0.18685924435047332,0.0014437334222848763
49.175,0.2,-0.18625714941241422,-0.0363191734807205
49.18,0.2,-0.18551900924248327,-0.08565651042949327
49.185,0.2,-0.1845728909823472,-0.4567619522282458
49.19,0.2,-0.18338919274025042,-0.3786627340917954
49.195,0.2,-0.18204092544574157,-0.47584050818503965
49.2,0.2,-0.18070014625528394,-0.10394123735666569
49.205,0.2,-0.17956540432946333,-0.03397201492537966
49.21,0.2,-0.1787647370993006,0.13853141538513178
49.215,0.2,-0.17829415678797467,0.031145004655129562
49.22,0.2,-0.17803494031830686,-0.42193374831420105
49.225,0.2,-0.1778491326523644,-0.3464282199474907
49.23,0.2,-0.17768066132941485,-0.4306759001440307
49.235,0.2,-0.1775849502977577,-0.34329795012994335
49.24,0.2,-0.17769308970789016,-0.22397611984878846
49.245,0.2,-0.1781489870694176,-0.09371096807073037
49.25,0.2,-0.1790408165465381,0.06672463050068195
49.255,0.2,-0.1803557549969573,-0.17758953230534477
49.26,0.2,-0.18199666964251277,-0.3480014527088005
49.265,0.2,-0.18385938794328074,-0.4420815221777038
49.27,0.2,-0.18590810334658725,-0.43284909300738966
49.275,0.2,-0.18820186684021245,-0.5695904476147401
49.28,0.2,-0.19087841599727295,-0.2576063306159122
49.285,0.2,-0.1940987760981245,-0.12826259439126478
49.29,0.2,-0.1979586404146081,0.08359175567099465
49.295,0.2,-0.20241045710142408,0.12734285120754896
49.3,0.2,-0.2072447521773,-0.12510255185333707
49.305,0.2,-0.21215092955115192,-0.29125268107839003
49.31,0.2,-0.21682997815656893,-0.4662730506418983
49.315,0.2,-0.22108781032520905,-0.31232388708300435
49.32,0.2,-0.22484929902710804,-0.10142737825515392
49.325,0.2,-0.22808931069839136,0.14195064791031048
49.33,0.2,-0.23073957575680046,0.03478712661121951
49.335,0.2,-0.2326430974255775,0.17721353763150516
49.34,0.2,-0.23357460130589422,-0.14888472941251157
49.345,0.2,-0.2333110650025623,-0.33865828896444455
49.35,0.2,-0.23172776576150247,-0.4179935668801282
49.355,0.2,-0.22886543080866162,-0.3958113287734612
49.36,0.2,-0.22492097161080216,-0.13115486652139197
49.365,0.2,-0.22016782867732143,-0.027078400839733716
49.37,0.2,-0.21484744338300985,0.3170009282359091
49.375,0.2,-0.20908676195671422,-0.054078013874307954
49.38,0.2,-0.20289472058537877,-0.029547360232314773
49.385,0.2,-0.19623997667604373,-0.4086760591156643
49.39,0.2,-0.1891600678738577,-0.6717522253827286
49.395,0.2,-0.1818497887394187,-0.5024848771798754
49.4,0.2,-0.1746646986857063,-0.14852409920093568
49.405,0.2,-0.1680105512547309,0.0008558823599696119
49.41,0.2,-0.1621978559013202,0.10971650362244238
49.415,0.2,-0.15736490975936115,-0.07874078894176881
49.42,0.2,-0.15349978225771607,-0.23048358768348437
49.425,0.2,-0.15053174776465186,-0.5388231391054279
49.43,0.2,-0.14844098009672807,-0.6565861228417608
49.435,0.2,-0.14732359586383179,-0.3155605365003995
49.44,0.2,-0.14736360179728772,-0.3657399774082276
49.445,0.2,-0.14873493713249558,0.08355777732080903
49.45,0.2,-0.15149483518895326,0.14726498425998025
49.455,0.2,-0.15551215611385938,0.09964032728533438
49.46,0.2,-0.16047233701104088,-0.07088705578025803
49.465,0.2,-0.16597563038769111,-0.6336397383919811
49.47,0.2,-0.17168612264988434,-0.4761509207148931
49.475,0.2,-0.17743525902135818,-0.44679924114078384
49.48,0.2,-0.18320902223237584,-0.23358159963602532
49.485,0.2,-0.18905306941650588,-0.029513981945467956
49.49,0.2,-0.1949705205222956,0.022184676610331452
49.495,0.2,-0.20085864629956446,0.07483780473242421
49.5,0.2,-0.20650916405693343,-0.21628454633476218
49.505,0.2,-0.2116760925713537,-0.4099012009679957
49.51,0.2,-0.2161768038698676,-0.4294391196470394
49.515,0.2,-0.2199589459434927,-0.42928678356124994
49.52,0.2,-0.2230941833633112,-0.22430427013839843
49.525,0.2,-0.22571094709209108,0.0038126997873580686
49.53,0.2,-0.2279037080698075,-0.00730630055024678
49.535,0.2,-0.22967760305218254,-0.1384213419911797
49.54,0.2,-0.23096299994265812,-0.10177119603744612
49.545,0.2,-0.231668129311659,-0.2773459224253254
49.55,0.2,-0.23173986780605374,-0.6418666568749382
49.555,0.2,-0.23122557185466908,-0.27463024405965686
49.56,0.2,-0.23028307382048843,-0.2387024679943628
49.565,0.2,-0.2291062464408076,0.03251739753916638
49.57,0.2,-0.22782620381115531,0.07560333782130162
49.575,0.2,-0.2264541990759214,0.04343954273898336
49.58,0.2,-0.22488639133361316,-0.04532577889472936
49.585,0.2,-0.22296831663813207,-0.4731151170381034
49.59,0.2,-0.22059707655187807,-0.4294720838306286
49.595,0.2,-0.21780499488102337,-0.5192096973323443
49.6,0.2,-0.21476441819560033,-0.15208159648392278
49.605,0.2,-0.21170472072167548,0.06952716069410654
49.61,0.2,-0.20879025149041786,0.1641333406144755
49.615,0.2,-0.20603843323234072,0.06902287901596933
49.62,0.2,-0.2033406029093086,-0.4867174439274649
49.625,0.2,-0.2005704707211522,-0.14917958739058962
49.63,0.2,-0.19768359576730019,-0.5481895588406135
49.635,0.2,-0.19475321505095575,-0.521409039506182
49.64,0.2,-0.19196403294344655,-0.19411280695804475
49.645,0.2,-0.1895470912095159,0.10215009700514957
49.65,0.2,-0.18766504263248834,-0.11694323728411007
49.655,0.2,-0.18634395253496172,0.1250169065511639
49.66,0.2,-0.18548691943494736,-0.17630139718584967
49.665,0.2,-0.1849413257194022,-0.5695253390062012
49.67,0.2,-0.18460132426020415,-0.36871983453905355
49.675,0.2,-0.18447495583183388,-0.32804827122081437
49.68,0.2,-0.18464825485095437,0.031074720691213586
49.685,0.2,-0.18518580100501508,0.026138966206060585
49.69,0.2,-0.18605844050159787,-0.16102394748110205
49.695,0.2,-0.18714487247842784,0.06347489832667763
49.7,0.2,-0.18827737584330984,-0.33910247003671207
49.705,0.2,-0.18930269165899188,-0.4511170295206002
49.71,0.2,-0.19015586842995508,-0.48918160917764564
49.715,0.2,-0.1909021279779896,-0.40739812005813475
49.72,0.2,-0.19170925465685457,-0.2968089146844958
49.725,0.2,-0.19277241521534405,-0.04247930897040621
49.73,0.2,-0.19422654131210398,0.010079566148093994
49.735,0.2,-0.19608101912650774,0.08865481208455876
49.74,0.2,-0.19821122860389062,-0.1928818493936515
49.745,0.2,-0.20042021903203638,-0.37517427179164586
49.75,0.2,-0.2025405861156264,-0.4499374892845901
49.755,0.2,-0.20450856873488402,-0.3638159526935023
49.76,0.2,-0.2063630455964489,-0.1957679112609646
49.765,0.2,-0.2081767643897844,0.10866770778597984
49.77,0.2,-0.20996465544518134,0.012387112600620795
49.775,0.2,-0.2116343958993532,-0.03442496697369998
49.78,0.2,-0.21301287071233074,-0.1505304022835338
49.785,0.2,-0.2139176817904453,-0.33136571936754167
49.79,0.2,-0.21423107695646226,-0.4111254514008554
49.795,0.2,-0.21395477726243295,-0.5607518598147523
49.8,0.2,-0.2132250098008777,-0.2662321773078708
49.805,0.2,-0.21225857903461628,0.0701808727106629
49.81,0.2,-0.21124053327578463,-0.014034581096596443
49.815,0.2,-0.2102420486042986,-0.10863071333328474
49.82,0.2,-0.20923189848458765,-0.14084666535188184
49.825,0.2,-0.20814569528815977,-0.4717754743466178
49.83,0.2,-0.20696517493103495,-0.5021502154697636
49.835,0.2,-0.20577461218661555,-0.39467943547188367
49.84,0.2,-0.2047459623292457,-0.07062291690102557
49.845,0.2,-0.20404852346035027,0.005093682958423455
49.85,0.2,-0.2037515902248418,0.07955587859074477
49.855,0.2,-0.20378552106808512,0.009420990461218224
49.86,0.2,-0.20397053867134207,-0.14518064866663966
49.865,0.2,-0.2040978227737167,-0.5540582116303687
49.87,0.2,-0.20403990115067167,-0.5585859610438937
49.875,0.2,-0.2038304689897792,-0.5190212517493324
49.88,0.2,-0.20365038905004104,-0.17935366177595463
49.885,0.2,-0.2037222671481775,0.05813517884040732
49.89,0.2,-0.20417454839654606,0.28951914186799776
49.895,0.2,-0.2049547203615533,-0.034316991947991954
49.9,0.2,-0.2058553141538776,-0.2822567867128073
49.905,0.2,-0.20663979398707685,-0.48172765460829337
49.91,0.2,-0.20717696854721152,-0.6129275514303505
49.915,0.2,-0.20750429738559806,-0.41260360053325645
49.92,0.2,-0.20779119920702624,-0.056416576693745835
49.925,0.2,-0.20822517673593993,-0.08395233418329087
49.93,0.2,-0.20890363760283517,0.05317180009134989
49.935,0.2,-0.20979292520567372,0.05369353375394848
49.94,0.2,-0.2107418017044868,-0.03178711839913606
49.945,0.2,-0.2115289143587793,-0.18048416637360248
49.95,0.2,-0.21193884901912746,-0.40201912056788813
49.955,0.2,-0.21184360335153252,-0.418754867392382
49.96,0.2,-0.21123486573227318,0.07530590274512802
49.965,0.2,-0.2101688183344583,-0.13471324855532057
49.97,0.2,-0.20868094073012328,0.07534845323344122
49.975,0.2,-0.2067466915151315,0.0729750951223281
49.98,0.2,-0.20428382086775645,-0.06501915630361718
49.985,0.2,-0.2011896483126463,-0.3573648971283538
49.99,0.2,-0.19742158629636183,-0.4971778094193623
49.995,0.2,-0.19307358860463936,-0.4078725328508275
50.0,0.2,-0.18837942660771698,-0.17774698817328904
50.005,0.2,-0.18363248103374138,-0.04793254403263025
50.01,0.2,-0.17908149598778184,0.007541600343565588
50.015,0.2,-0.17486239051175664,0.16776513211309949
50.02,0.2,-0.17098241536788356,-0.1291567119210123
50.025,0.2,-0.16736962591695576,-0.487864336377138
50.03,0.2,-0.16398474910845215,-0.5538022210701132
50.035,0.2,-0.16091801378276013,-0.4834920691666615
50.04,0.2,-0.1583902418056592,-0.2873081030880069
50.045,0.2,-0.15666275312506334,0.05042635264382864
50.05,0.2,-0.15590940457101063,0.25072400388006466
50.055,0.2,-0.15611761881157576,0.08703102535224927
50.06,0.2,-0.15708558373565243,-0.12349888247403398
50.065,0.2,-0.15851833123554548,-0.2577465101291836
50.07,0.2,-0.16014942212267072,-0.4188706956896713
50.075,0.2,-0.16182481771369844,-0.47706859060214657
50.08,0.2,-0.1635179653561447,0.05710747328133764
50.085,0.2,-0.1652585373301978,-0.022047642173577006
50.09,0.2,-0.16703282454377652,-0.03597343019594901
50.095,0.2,-0.16875098910898984,-0.07587242058231458
50.1,0.2,-0.17028597139184865,-0.30111851698818193
50.105,0.2,-0.17153321859677326,-0.2508846965771323
50.11,0.2,-0.17245726241425885,-0.3912791351386495
50.115,0.2,-0.17310551018290393,-0.23727019529016616
50.12,0.2,-0.17358243294091055,-0.09450996239971361
50.125,0.2,-0.1739884175295581,0.08142004327795124
50.13,0.2,-0.17434633034135708,0.24274661973077405
50.135,0.2,-0.17455665674175044,0.047814823208124545
50.14,0.2,-0.17442080883847386,-0.1723561705555126
50.145,0.2,-0.17373425868808437,-0.35422167823380046
50.15,0.2,-0.17239047830420537,-0.3766265348768697
50.155,0.2,-0.17043007042034036,-0.34296446689277477
50.16,0.2,-0.16802100486419083,-0.2492243730711166
50.165,0.2,-0.16538799489749315,0.1332676375340689
50.17,0.2,-0.1627083974465584,0.27947953198730247
50.175,0.2,-0.1600224610450317,0.06058243722229118
50.18,0.2,-0.15723703393085842,-0.24361887467348392
50.185,0.2,-0.15423402104710623,-0.4504048431595634
50.19,0.2,-0.150995297406436,-0.4502327893317419
50.195,0.2,-0.14765197383889103,-0.2816277122733589
50.2,0.2,-0.14444229707212733,-0.28105321039780296
50.205,0.2,-0.14162460728370682,0.06415912785619232
50.21,0.2,-0.13938912550700266,0.022184111421163333
50.215,0.2,-0.1377980829954256,0.09404141256471515
50.22,0.2,-0.1367806932907511,-0.046179915721989734
50.225,0.2,-0.13618384000182665,-0.2610865516939745
50.23,-0.2,-0.13585220910282236,-0.25952842886823735
50.235,-0.2,-0.13569177958716325,-0.23384185799601478
50.24,-0.2,-0.13567728860151912,-0.09085427011385472
50.245,-0.2,-0.13580959600272943,0.031189535192399455
50.25,-0.2,-0.13605772797842874,0.11369523188064137
50.255,-0.2,-0.13632031800902014,0.06304665781065294
50.26,-0.2,-0.13643618544939526,-0.23679345589993134
50.265,-0.2,-0.13625629552039661,-0.473861215388795
50.27,-0.2,-0.13573855991488448,-0.3854671614849579
50.275,-0.2,-0.13498585292395437,-0.2570909888627857
50.28,-0.2,-0.13419597429891988,-0.15816162472171724
50.285,-0.2,-0.13357200189848917,0.0155600182042012
50.29,-0.2,-0.13323651601554043,0.3602075217421844
50.295,-0.2,-0.13316846196895835,-0.016949907148199522
50.3,-0.2,-0.13321258427207971,-0.1444365969278544
50.305,-0.2,-0.13317766245816548,-0.32659326296303964
50.31,-0.2,-0.13294725172350785,-0.40800500482955
50.315,-0.2,-0.13252735805172622,-0.14039957213256116
50.32,-0.2,-0.1320120979434835,-0.04637036614753795
50.325,-0.2,-0.13149723196887955,0.13337931609809164
50.33,-0.2,-0.1309945397364535,0.3933800473148261
50.335,-0.2,-0.13038271555538453,0.08949411379054237
50.34,-0.2,-0.12943070843958554,-0.09013092325299663
50.345,-0.2,-0.12789901500096704,-0.24596157184362433
50.35,-0.2,-0.12565128630151168,-0.40345462770536017
50.355,-0.2,-0.12271347014940912,-0.3237931524322368
50.36,-0.2,-0.11926528117653874,-0.2069563800127166
50.365,-0.2,-0.11556498511319473,0.19128373757176792
50.37,-0.2,-0.11183323594801692,0.1922343073027694
50.375,-0.2,-0.10816665036265198,0.0328991882842504
50.38,-0.2,-0.10454852451773641,-0.20883948430093455
50.385,-0.2,-0.10094056545564549,-0.32137723729503054
50.39,-0.2,-0.09737553438825176,-0.3823026809059982
50.395,-0.2,-0.09399437187375895,-0.313824599250199
50.4,-0.2,-0.09101915527184465,-0.11657262545819762
50.405,-0.2,-0.08867945555500774,0.006280054972945273
50.41,-0.2,-0.08712619099628298,0.19646328199330593
50.415,-0.2,-0.08637250377800786,0.09682939015161719
50.42,-0.2,-0.08629290414020585,-0.035615393971481585
50.425,-0.2,-0.08668836501337328,-0.285862641651774
50.43,-0.2,-0.0873840697359064,-0.3285280521677372
50.435,-0.2,-0.08829605004705147,-0.1437579895218387
50.44,-0.2,-0.08942334167028766,-0.11624695484153069
50.445,-0.2,-0.09078401431662891,0.16857903941019872
50.45,-0.2,-0.09234223686016392,0.17958928504936647
50.455,-0.2,-0.09396477689195766,0.10602334573445252
50.46,-0.2,-0.09543233730281772,0.0903403289294127
50.465,-0.2,-0.09650140648353653,-0.3145277437096707
50.47,-0.2,-0.09700292435807026,-0.6260326329989477
50.475,-0.2,-0.09694198161803375,-0.32384751793954714
50.48,-0.2,-0.096503387390201,0.045511756473371925
50.485,-0.2,-0.09592837132113602,0.13094488834124848
50.49,-0.2,-0.09537404078791518,0.10762605324123041
50.495,-0.2,-0.09486248672987481,0.12224855796812686
50.5,-0.2,-0.09431403427454356,-0.16377352398795533
50.505,-0.2,-0.0936216797917901,-0.200894583113125
50.51,-0.2,-0.09273668163662688,-0.5469386917926289
50.515,-0.2,-0.0917338950464216,-0.3668902900661792
50.52,-0.2,-0.09081228982189132,-0.036437885211150926
50.525,-0.2,-0.09020979452059767,-0.04956240186240399
50.53,-0.2,-0.09009226417900341,0.21517007171306507
50.535,-0.2,-0.09048949451374057,0.09472253618904164
50.54,-0.2,-0.0912911123244193,0.11262411463272957
50.545,-0.2,-0.09229750173116243,-0.28443713665023
50.55,-0.2,-0.09331613091993206,-0.3593907121232724
50.555,-0.2,-0.09425668509349672,-0.3689920592487318
50.56,-0.2,-0.09515751673993288,-0.06759177497527413
50.565,-0.2,-0.0961205083195427,0.09415288127032263
50.57,-0.2,-0.09720125564740334,0.3393300562914937
50.575,-0.2,-0.09833068030554054,0.038428441354981996
50.58,-0.2,-0.09932156462557169,0.07178434598470082
50.585,-0.2,-0.09995540098769704,-0.49626576090658303
50.59,-0.2,-0.10010184380947636,-0.41855049777083275
50.595,-0.2,-0.09980097011980857,-0.3474977278438919
50.6,-0.2,-0.09924135097562911,0.03748983440151635
50.605,-0.2,-0.0986506590305842,-0.09036519090932174
50.61,-0.2,-0.0981885944866328,0.2986103688959207
50.615,-0.2,-0.09788741465753983,0.17891090562561893
50.62,-0.2,-0.09764426054149121,-0.03172814073818843
50.625,-0.2,-0.09728316857668885,-0.22317732805081256
50.63,-0.2,-0.09666815077524059,-0.5337204949099996
50.635,-0.2,-0.0957968268102346,-0.2530277744258997
50.64,-0.2,-0.09481547659725051,-0.37637263839374147
50.645,-0.2,-0.09395077433095107,0.18698257366241117
50.65,-0.2,-0.09339365179685187,0.22506009121896267
50.655,-0.2,-0.0931977544135216,0.07641511787378386
50.66,-0.2,-0.09326632718828606,0.014602645133209413
50.665,-0.2,-0.09342853356412066,-0.2484272490372849
50.67,-0.2,-0.0935394237136857,-0.3405110043783871
50.675,-0.2,-0.0935525269959383,-0.28859323415071
50.68,-0.2,-0.09352797675769337,-0.03139463184975734
50.685,-0.2,-0.09356075359136048,0.29141928914953724
50.69,-0.2,-0.09367223658349748,0.22465619017264782
50.695,-0.2,-0.09375296255466893,0.034537257357696194
50.7,-0.2,-0.09360310616469705,-0.0031506721051280245
50.705,-0.2,-0.09302638568032498,-0.32310855369031544
50.71,-0.2,-0.09192335673941722,-0.4905314672384367
50.715,-0.2,-0.09034647668890357,-0.01165557159799524
50.72,-0.2,-0.08846610427884825,-0.12094340381945715
50.725,-0.2,-0.08646475940566754,0.2971155909243855
50.73,-0.2,-0.08444301463972459,0.09643929378767134
50.735,-0.2,-0.08238809067490994,0.0666141670239407
50.74,-0.2,-0.08021153784063652,-0.08868688389459428
50.745,-0.2,-0.07782519950726077,-0.2701142438088788
50.75,-0.2,-0.07521652673474355,-0.4327826257638351
50.755,-0.2,-0.07249828163599019,-0.32585901384824306
50.76,-0.2,-0.06989730205396023,-0.05237235686532273
50.765,-0.2,-0.06766828442166618,0.11408199432096189
50.77,-0.2,-0.06598395863755395,0.17047024460738577
50.775,-0.2,-0.06487802513067756,-0.012115644990515095
50.78,-0.2,-0.0642681465469545,0.007592950117256317
50.785,-0.2,-0.06402877385928046,-0.39003979747646755
50.79,-0.2,-0.06407644929172038,-0.3358252743462674
50.795,-0.2,-0.06442552185470073,-0.19953963651855722
50.8,-0.2,-0.06517437527805284,-0.22404066266279488
50.805,-0.2,-0.06643615798353177,0.2315054695130273
50.81,-0.2,-0.06825463662803699,0.1077505329009999
50.815,-0.2,-0.07055153823275327,0.006215094980788538
50.82,-0.2,-0.07315348720493657,-0.18195085655267554
50.825,-0.2,-0.07588097665883749,-0.35991845523642485
50.83,-0.2,-0.0786361784248342,-0.43551976173335616
50.835,-0.2,-0.08144454411442945,-0.27143306708895315
50.84,-0.2,-0.08441880708929517,0.13718534533518384
50.845,-0.2,-0.08765289040082273,0.1296673529403834
50.85,-0.2,-0.09111582884047947,0.41392353046342323
50.855,-0.2,-0.0946042252747956,0.3444836255439615
50.86,-0.2,-0.09776713369931396,-0.037366783505495015
50.865,-0.2,-0.100212298653388,-0.2713844291802689
50.87,-0.2,-0.10165492658852755,-0.41149122563325685
50.875,-0.2,-0.10201449773033075,-0.2888706222267116
50.88,-0.2,-0.10140358758458444,-0.03446172252622082
50.885,-0.2,-0.10002803753639997,0.13714851692349647
50.89,-0.2,-0.09806294733230136,0.32213581186840856
50.895,-0.2,-0.09557005446949794,0.2030732138653939
50.9,-0.2,-0.09249624109549742,-0.0575413983572699
50.905,-0.2,-0.088760524433218,-0.45326366921927597
50.91,-0.2,-0.08437254038774043,-0.11419847391243815
50.915,-0.2,-0.07948511243641689,-0.38196326899254573
50.92,-0.2,-0.07436109163470889,-0.09993849911139849
50.925,-0.2,-0.06930292557864247,0.07998071515500262
50.93,-0.2,-0.06457281192891888,-0.035624354673870345
50.935,-0.2,-0.0603339660650336,0.24964624206244035
50.94,-0.2,-0.05663289945599126,0.0412458889309989
50.945,-0.2,-0.053423235798728826,-0.2294922657726941
50.95,-0.2,-0.05063893962362806,-0.23857880746176444
50.955,-0.2,-0.048275799920481206,-0.3500718214931754
50.96,-0.2,-0.04641883331465234,-0.16092918789595678
50.965,-0.2,-0.04520751375576829,-0.06443556378848575
50.97,-0.2,-0.04475876583494518,0.31551842845461997
50.975,-0.2,-0.04507820670784858,0.22978910818821738
50.98,-0.2,-0.04602098650448805,-0.036412923021379544
50.985,-0.2,-0.04735426502218894,-0.319728304737883
50.99,-0.2,-0.04888205710330022,-0.3080496095475047
50.995,-0.2,-0.05052995316644683,-0.2792608085322567
51.0,-0.2,-0.052338761542398464,-0.0745714770198703
51.005,-0.2,-0.05438999091661745,0.15904054427151082
51.01,-0.2,-0.05671039205727676,0.2234351441366944
51.015,-0.2,-0.05920688053983304,0.23058446359030565
51.02,-0.2,-0.06167450397829167,-0.17611926497643454
51.025,-0.2,-0.06388405658364002,-0.2872379356136052
51.03,-0.2,-0.06569614382424376,-0.3794286673738557
51.035,-0.2,-0.06712935286873123,-0.5151767175104021
51.04,-0.2,-0.06835307216769189,-0.009246903564773278
51.045,-0.2,-0.06959836884812755,0.16794588482468953
51.05,-0.2,-0.07101907332398066,0.3343396246969067
51.055,-0.2,-0.07259429179488998,0.28503335878411074
51.06,-0.2,-0.07413281365937528,-0.007373343945953889
51.065,-0.2,-0.07537050036308017,-0.282659594872607
51.07,-0.2,-0.07610772359961879,-0.40439404080466423
51.075,-0.2,-0.07630316168188926,-0.21688133886226446
51.08,-0.2,-0.07605913583998525,0.13676900929734626
51.085,-0.2,-0.07551412063778143,0.15142327142366757
51.09,-0.2,-0.07473686007338975,0.13788462969335985
51.095,-0.2,-0.07369894174840473,0.05957086952760647
51.1,-0.2,-0.07231953153959543,-0.2013802753580755
51.105,-0.2,-0.07054456748652009,-0.34233935923406267
51.11,-0.2,-0.06842212976341902,-0.3479057698406056
51.115,-0.2,-0.06613139800235024,-0.3658966665564895
51.12,-0.2,-0.0639553060887749,-0.26866495288814635
51.125,-0.2,-0.062214492355365865,0.026354633845194278
51.13,-0.2,-0.06117755342959637,0.058822683235341344
51.135,-0.2,-0.0609806478706106,0.2050783987651006
51.14,-0.2,-0.06160185684342742,-0.09240197937497661
51.145,-0.2,-0.06291140634973598,-0.27589733683294554
51.15,-0.2,-0.06477521034977818,-0.4484308658297365
51.155,-0.2,-0.06714390465878192,-0.3065021499519155
51.16,-0.2,-0.07006035065240236,-0.022943040665332134
51.165,-0.2,-0.07358192656808886,0.08500432936436307
51.17,-0.2,-0.07768711278236645,0.06365493565818467
51.175,-0.2,-0.08223549657314375,0.19000692960843718
51.18,-0.2,-0.08699100949494513,-0.25529634337902957
51.185,-0.2,-0.09169285522399757,-0.1301107925114667
51.19,-0.2,-0.09613846463157498,-0.35120194262735227
51.195,-0.2,-0.10023278310827,-0.3547767792434605
51.2,-0.2,-0.10399014861572131,-0.06939779509868355
51.205,-0.2,-0.10747839081334219,0.1732741664172884
51.21,-0.2,-0.11071845711925087,0.2320404176547085
51.215,-0.2,-0.11361283532397384,0.16656552411113673
51.22,-0.2,-0.11595485278979788,0.0428135517867934
51.225,-0.2,-0.11750951989668965,-0.42710414728518925
51.23,-0.2,-0.11813770980678065,-0.6110165503392816
51.235,-0.2,-0.11790048767569163,-0.3585968567070046
51.24,-0.2,-0.11704810541959232,0.024151893216806913
51.245,-0.2,-0.11588397191881437,0.1445077000344399
51.25,-0.2,-0.11461739898042388,0.14652768473243888
51.255,-0.2,-0.1133072949866044,0.06086289715550608
51.26,-0.2,-0.11189797761125249,-0.08741342834365122
51.265,-0.2,-0.11030405229030381,-0.42654346050274905
51.27,-0.2,-0.1085113660540962,-0.5016582564549615
51.275,-0.2,-0.10664093430482122,-0.1948067487074981
51.28,-0.2,-0.10491497963047088,-0.040095548445749196
51.285,-0.2,-0.10354483970137053,0.1652985622815722
51.29,-0.2,-0.10263353206515925,-0.006880274182135854
51.295,-0.2,-0.10215402545365472,0.0736011690369688
51.3,-0.2,-0.10198796647714278,-0.07222204040052832
51.305,-0.2,-0.10198295205631414,-0.1661318370593006
51.31,-0.2,-0.10202069110441245,-0.6030472442259447
51.315,-0.2,-0.10209439301277012,-0.39962699870212637
51.32,-0.2,-0.10233179544648426,-0.006342206160982744
51.325,-0.2,-0.10291043226658017,-0.007631144299793655
51.33,-0.2,-0.10393366091604714,0.22868034538348933
51.335,-0.2,-0.10536503151023727,0.0733733163677065
51.34,-0.2,-0.10704364158291708,-0.14372039216506338
51.345,-0.2,-0.10876046112188113,-0.14208341188374185
51.35,-0.2,-0.11033977420099969,-0.15124296496231132
51.355,-0.2,-0.11167102934334858,-0.10513608926624193
51.36,-0.2,-0.11269215604224474,0.07761384189632091
51.365,-0.2,-0.11334383638158575,0.2359989374098595
51.37,-0.2,-0.11351533844429891,0.24012016619485
51.375,-0.2,-0.11302029338957992,0.17370025470960315
51.38,-0.2,-0.11162794514805773,-0.02408597545914694
51.385,-0.2,-0.10913952753552174,-0.24914505071424137
51.39,-0.2,-0.10547944150387813,-0.4375606573467512
51.395,-0.2,-0.10075112783518055,-0.08491047927323794
51.4,-0.2,-0.09520257901396857,0.03277274906951658
51.405,-0.2,-0.08911970302757068,0.056764178795922174
51.41,-0.2,-0.08273918561823598,0.04889563345824652
51.415,-0.2,-0.07622627191666714,0.03932732905951261
51.42,-0.2,-0.06969233972822697,-0.0871804661557687
51.425,-0.2,-0.06323332402463896,-0.2870645450750952
51.43,-0.2,-0.056981483697364825,-0.28777792239334593
51.435,-0.2,-0.051142419057209995,-0.3736337656160671
51.44,-0.2,-0.04599385271127263,-0.2893020466711968
51.445,-0.2,-0.041840241252466076,0.09849932208512933
51.45,-0.2,-0.038918714898889144,0.2928491880922878
51.455,-0.2,-0.037297974976654026,0.14581718344101374
51.46,-0.2,-0.03686006542819145,-0.10892938352661377
51.465,-0.2,-0.037387507230162494,-0.1915766802536777
51.47,-0.2,-0.03868240187904511,-0.4748302608387365
51.475,-0.2,-0.04064439968352501,-0.18765650870309403
51.48,-0.2,-0.04326540772180644,0.07642243033466442
51.485,-0.2,-0.04654281691779718,0.10561533087853454
51.49,-0.2,-0.05038706321661578,0.2279934643571885
51.495,-0.2,-0.0545879542113295,0.2190808737811789
51.5,-0.2,-0.05883393477915495,0.1051394126304057
51.505,-0.2,-0.06277115801819874,-0.13295363237390395
51.51,-0.2,-0.06609444113962186,-0.28895621320697695
51.515,-0.2,-0.06863071992412868,-0.2332784873964852
51.52,-0.2,-0.07036006208154355,-0.035692810497388434
51.525,-0.2,-0.07135154357553337,0.3179981025934764
51.53,-0.2,-0.07165281493423915,0.2506049582898597
51.535,-0.2,-0.07122211948724892,0.02767836353237685
51.54,-0.2,-0.0699610245401643,-0.09543217323048847
51.545,-0.2,-0.06781134873175304,-0.40871777401110343
51.55,-0.2,-0.06484628735486525,-0.43183613598287374
51.555,-0.2,-0.061308055466741083,-0.26777662157783455
51.56,-0.2,-0.05756015718597609,-0.008557960067677818
51.565,-0.2,-0.053968761369262534,0.2210804430522168
51.57,-0.2,-0.05078072137601802,0.24683849999947496
51.575,-0.2,-0.04806629355331924,0.1226622903206363
51.58,-0.2,-0.04575662323621995,-0.22882473367130335
51.585,-0.2,-0.04374785755736977,-0.16348037521600456
51.59,-0.2,-0.041990468640036506,-0.15375047755303112
51.595,-0.2,-0.04050643571144986,-0.12227329879519283
51.6,-0.2,-0.03935463043882903,0.030018074161543742
51.605,-0.2,-0.03858083317580456,0.14283479609766075
51.61,-0.2,-0.0381664242407036,0.24865714367108027
51.615,-0.2,-0.03799078429677163,0.36179937844511456
51.62,-0.2,-0.03783502957942349,-0.15441035583063417
51.625,-0.2,-0.037462846749954565,-0.3793159046551093
51.63,-0.2,-0.03674925268418445,-0.32304751213699096
51.635,-0.2,-0.03574784935025472,-0.24426439819831774
51.64,-0.2,-0.034649306790305395,-0.1022718630797326
51.645,-0.2,-0.03368283897089209,0.17737956539826047
51.65,-0.2,-0.0330096466292841,0.3363753431049679
51.655,-0.2,-0.0326443021828044,0.22824789563407463
51.66,-0.2,-0.0324612235329566,-0.28061343969372665
51.665,-0.2,-0.032298190542100584,-0.09517232104934759
51.67,-0.2,-0.03206667645513339,-0.31184284192961387
51.675,-0.2,-0.0317916760448559,-0.27921094362110277
51.68,-0.2,-0.031592583766450244,0.008151083471798964
51.685,-0.2,-0.03161979105197402,0.09131131425690857
51.69,-0.2,-0.031967751720186253,0.19940328183342515
51.695,-0.2,-0.03261835860722365,0.21990246546759523
51.7,-0.2,-0.03344116361675289,0.028261711534320826
51.705,-0.2,-0.03425476917492142,-0.38185414359067904
51.71,-0.2,-0.034935286958933144,-0.33732726911983707
51.715,-0.2,-0.03550129815315202,-0.3687145612398217
51.72,-0.2,-0.03610655333018248,-0.0005442704170306734
51.725,-0.2,-0.03694395253932896,0.2234024150835872
51.73,-0.2,-0.038121978159246686,0.26024671638483465
51.735,-0.2,-0.039587355653691494,0.3847516508652863
51.74,-0.2,-0.04113536335501017,-0.16773438941878305
51.745,-0.2,-0.042508689809867994,-0.2265258891055095
51.75,-0.2,-0.043532963883160566,-0.4256373318516844
51.755,-0.2,-0.04419606108511057,-0.19097265284743675
51.76,-0.2,-0.044625713225228264,-0.07602932310215631
51.765,-0.2,-0.04500139405135207,0.00911515062623025
51.77,-0.2,-0.045468114520727486,0.07483642929498041
51.775,-0.2,-0.046086498728614596,0.24472284764791685
51.78,-0.2,-0.046820837373647624,-0.16578142177689847
51.785,-0.2,-0.047581901566999596,-0.18886120944944187
51.79,-0.2,-0.048307550112877115,-0.21503296191923188
51.795,-0.2,-0.04900948561106922,-0.16218015415276163
51.8,-0.2,-0.049759220651016435,-0.09073859273129646
51.805,-0.2,-0.050637809460801445,0.22542373223772116
51.81,-0.2,-0.051662828296515244,0.3665879028889948
51.815,-0.2,-0.05272426455126884,0.21386510966507516
51.82,-0.2,-0.05359498620379462,-0.11434050629686537
51.825,-0.2,-0.054039328278149126,-0.47244858013169255
51.83,-0.2,-0.05395743073351909,-0.5399279100943348
51.835,-0.2,-0.053460241285877154,-0.1813592710022587
51.84,-0.2,-0.05281803052228479,-0.1952603334462061
51.845,-0.2,-0.052329285852821754,0.2994391027930615
51.85,-0.2,-0.05218097368098701,0.554693703396584
51.855,-0.2,-0.052341933488736544,0.4066294673315256
51.86,-0.2,-0.0525591268927777,-0.03938902642833116
51.865,-0.2,-0.05248802618172059,-0.15423072196908272
51.87,-0.2,-0.05186198476619308,-0.3268399477319155
51.875,-0.2,-0.05058563455544018,-0.14194313466611586
51.88,-0.2,-0.04872315145179787,-0.031389956010464154
51.885,-0.2,-0.04642073527949103,0.025359409391490867
51.89,-0.2,-0.04381571730803982,0.4353723527257987
51.895,-0.2,-0.04095827328525923,0.2610111793581109
51.9,-0.2,-0.037783260006675735,0.0069251111279053715
51.905,-0.2,-0.0341782859393901,-0.2968192449971725
51.91,-0.2,-0.03010544041797723,-0.25812412771433824
51.915,-0.2,-0.02567319904476145,-0.2441644246689857
51.92,-0.2,-0.021122848193489863,-0.27268449829166475
51.925,-0.2,-0.016762678567500165,0.1808580086763841
51.93,-0.2,-0.012870579146949624,0.21958824294843138
51.935,-0.2,-0.009603149328832015,0.04833624807856794
51.94,-0.2,-0.006986981687275298,-0.12661793840956398
51.945,-0.2,-0.005001017849044667,-0.4176515147210861
51.95,-0.2,-0.0036679303498076536,-0.050468001526061956
51.955,-0.2,-0.003068987136947833,-0.0383135181871844
51.96,-0.2,-0.0032806584338260733,0.10353764041332128
51.965,-0.2,-0.004305228897406455,0.1936580883231839
51.97,-0.2,-0.006034646395193794,0.29972587261104594
51.975,-0.2,-0.008243622481130579,0.18742785309806542
51.98,-0.2,-0.010624597288037541,-0.043148126612157736
51.985,-0.2,-0.012869127795636747,-0.12057977778529033
51.99,-0.2,-0.014757094751254612,-0.29064906387940664
51.995,-0.2,-0.016213343110399677,-0.36044439665154077
52.0,-0.2,-0.01731768917137293,-0.16388937451647406
52.005,-0.2,-0.01824260282398881,0.4536455499710763
52.01,-0.2,-0.01911619142043716,0.31123679349830946
52.015,-0.2,-0.01991480756712419,0.1079244842938638
52.02,-0.2,-0.020489076200500896,-0.032054162232273024
52.025,-0.2,-0.02067806541627395,-0.24111545301428894
52.03,-0.2,-0.0204100714442089,-0.2830304264271278
52.035,-0.2,-0.019743594507166905,-0.10450249594078759
52.04,-0.2,-0.018832869860635103,0.09637432449876049
52.045,-0.2,-0.017832541208925985,0.37193262431248997
52.05,-0.2,-0.016802404793514605,0.1538054532796954
52.055,-0.2,-0.015678579226435816,0.23652753519615105
52.06,-0.2,-0.014320066512468504,-0.07077255118030226
52.065,-0.2,-0.012589174851448885,-0.10989582926988123
52.07,-0.2,-0.010431724174210519,-0.4184563571371757
52.075,-0.2,-0.007929588169942336,-0.13211892004024223
52.08,-0.2,-0.005290285228514583,-0.14100683993453944
52.085,-0.2,-0.002771372917651221,0.15954685089420767
52.09,-0.2,-0.0005826423465441097,0.23947534888918628
52.095,-0.2,0.0011877432376446396,0.2615531437226087
52.1,-0.2,0.002589258251265924,0.0654085170044844
52.105,-0.2,0.003748726461917062,-0.3146369869122153
52.11,-0.2,0.00475716876002052,-0.3516406817867447
52.115,-0.2,0.005583732874103946,-0.13453163425226122
52.12,-0.2,0.00609602862396771,0.1752852347826055
52.125,-0.2,0.006170985013465891,0.26913451160018903
52.13,-0.2,0.005797032558285223,0.2109571409695706
52.135,-0.2,0.005098380537919919,0.2620532924773545
52.14,-0.2,0.0042909899220183985,-0.05700411591237034
52.145,-0.2,0.0036025913289528633,-0.10990225997377355
52.15,-0.2,0.0031857254003198336,-0.29451660542863456
52.155,-0.2,0.003067827209802107,-0.044105030585085664
52.16,-0.2,0.003170817443085668,-3.940500713605667e-05
52.165,-0.2,0.00338521253068769,0.24108944125696932
52.17,-0.2,0.0036544364987105148,0.3588148396721027
52.175,-0.2,0.0040296364951754714,0.24023397203579208
52.18,-0.2,0.004662154540015951,0.0595411227522541
52.185,-0.2,0.00572470528216121,-0.27143274899837116
52.19,-0.2,0.007306366910188921,-0.15409908736405178
52.195,-0.2,0.009356289270374647,-0.1602635539454864
52.2,-0.2,0.011713145084668376,0.14219588072831146
52.205,-0.2,0.014189580018002967,0.12132906151090063
52.21,-0.2,0.016645502340065812,0.042459914073257554
52.215,-0.2,0.01900705252592403,0.1393252757152128
52.22,-0.2,0.021242837423796068,-0.17961509610572024
52.225,-0.2,0.023317356187193255,-0.24241460366901776
52.23,-0.2,0.02513465388031656,-0.3151063492323093
52.235,-0.2,0.026513192733265706,-0.15991960311864073
52.24,-0.2,0.027226548271662983,0.14005933924567127
52.245,-0.2,0.02709412774891155,0.15678283240565155
52.25,-0.2,0.02606711537876321,0.39869921369300915
52.255,-0.2,0.024264724985581132,0.21634163278649934
52.26,-0.2,0.021939995029185217,-0.1293496878873327
52.265,-0.2,0.019379417655254357,-0.0474523194437855
52.27,-0.2,0.016799387325399644,-0.27123517275904163
52.275,-0.2,0.014299052338909431,-0.16384940035490927
52.28,-0.2,0.011869112874571253,-0.029623866567902685
52.285,-0.2,0.009448654577169787,0.211178300365857
52.29,-0.2,0.007019660548146525,0.5424510337078811
52.295,-0.2,0.0046941084415123195,0.30063397385465135
52.3,-0.2,0.002723646357634245,0.11641414533162696
52.305,-0.2,0.001405913232078616,-0.173258635030217
52.31,-0.2,0.0009505261893520643,-0.30608814626217423
52.315,-0.2,0.0013854494026468835,-0.3608327164643738
52.32,-0.2,0.002548479574090937,0.053265090525468274
52.325,-0.2,0.004176223786380385,0.20617137279167133
52.33,-0.2,0.006040066599910995,0.31684519102230163
52.335,-0.2,0.0080316791965734,0.08070914997293119
52.34,-0.2,0.010147498770122193,-0.025328819267184874
52.345,-0.2,0.012407713732575964,-0.18574302510460922
52.35,-0.2,0.014775332478293641,-0.294284982982323
52.355,-0.2,0.01711756158974549,-0.10275741705756605
52.36,-0.2,0.019225071075118998,-0.13175496052311295
52.365,-0.2,0.020876116005954393,0.19634304484962717
52.37,-0.2,0.021917216105425557,0.300330886690244
52.375,-0.2,0.022326023818408546,0.13429878400329293
52.38,-0.2,0.022201661705963553,-0.2013947011526491
52.385,-0.2,0.02167742705281307,-0.019461598609312902
52.39,-0.2,0.0208400824150583,-0.21878709450849682
52.395,-0.2,0.019700240558623485,-0.3653721832116618
52.4,-0.2,0.018184339742226746,-0.12513557182388968
52.405,-0.2,0.016162969611372487,0.13637592922205977
52.41,-0.2,0.013537403064742892,0.17440817040098494
52.415,-0.2,0.010325001256269502,0.3055795392570318
52.42,-0.2,0.006682482835936012,0.10182095800643569
52.425,-0.2,0.002859035397384481,-0.12112573881867011
52.43,-0.2,-0.0008980453805344951,-0.18062751759613405
52.435,-0.2,-0.00442370451023805,-0.04271231358131505
52.44,-0.2,-0.0076454180057982666,-0.013710997772036763
52.445,-0.2,-0.010529351824243234,0.4042711784167035
52.45,-0.2,-0.01300674722576521,0.11386007351279193
52.455,-0.2,-0.014939830755190765,0.18657071289409044
52.46,-0.2,-0.016155914374271427,-0.018310380595530345
52.465,-0.2,-0.016517148305051722,-0.22890299995753122
52.47,-0.2,-0.015985337253532465,-0.11399931605642089
52.475,-0.2,-0.014643204161698512,-0.00806235284310422
52.48,-0.2,-0.012651579981438342,0.04370919916268401
52.485,-0.2,-0.010182112830160892,0.12291498936201015
52.49,-0.2,-0.007363291756517494,0.3697247642809277
52.495,-0.2,-0.0042348308386262485,0.38507253247260553
52.5,-0.2,-0.0007336179424295815,-0.07357498749704014
52.505,-0.2,0.003235193740201911,-0.28367000998199265
52.51,-0.2,0.007673276601946872,-0.2782589654587466
52.515,-0.2,0.012423650630954873,-0.129612862170927
52.52,-0.2,0.01721528672245672,0.08614972729037464
52.525,-0.2,0.021771228111548697,0.27368982582149426
52.53,-0.2,0.025912005455289704,0.31343914159887404
52.535,-0.2,0.029602723898871135,0.1657769122537072
52.54,-0.2,0.03291990786822681,-0.07561807684201462
52.545,-0.2,0.03596202481978674,-0.11391327018106082
52.55,-0.2,0.03876386078414373,-0.2808741464684104
52.555,-0.2,0.04125981627129937,-0.07471771941674575
52.56,-0.2,0.04330600019230703,-0.05152336539677757
52.565,-0.2,0.04474613934855031,0.21134305592696068
52.57,-0.2,0.04549209257839333,0.3535390573360837
52.575,-0.2,0.0455887614826284,0.3767829072448484
52.58,-0.2,0.045222482128885334,-0.00733646768634736
52.585,-0.2,0.04464462962906805,-0.09560245852970832
52.59,-0.2,0.04405078993134931,-0.3784390465843826
52.595,-0.2,0.04349203497609216,-0.2529465080984362
52.6,-0.2,0.04287533521673051,0.23960140271473435
52.605,-0.2,0.04206792651667138,0.30465746245516057
52.61,-0.2,0.04102446678169563,0.17514387916308508
52.615,-0.2,0.03981794709221741,-0.030187684200625342
52.62,-0.2,0.03857658614369587,0.16369057730752
52.625,-0.2,0.03741448682689112,-0.31269802356307763
52.63,-0.2,0.03637587272219351,-0.3183767341602601
52.635,-0.2,0.03538764991762888,-0.1736957369902122
52.64,-0.2,0.03427838376243453,0.17996808832133748
52.645,-0.2,0.032881601747105076,0.2377840900758324
52.65,-0.2,0.031138775088153107,0.22120315891339076
52.655,-0.2,0.02912942043110444,0.27331950096622415
52.66,-0.2,0.027038558510675225,0.09360018485451838
52.665,-0.2,0.025087973252641164,-0.22302221370036882
52.67,-0.2,0.0234358211707982,-0.42202244924680016
52.675,-0.2,0.022093765455660413,-0.021514097110137048
52.68,-0.2,0.02094543591064149,0.10749140710285521
52.685,-0.2,0.019857971226930782,0.2784274879321797
52.69,-0.2,0.018789918595334007,0.4151605278888641
52.695,-0.2,0.01783490658951681,0.21170605786172655
52.7,-0.2,0.017186148310761207,-0.07904800941335657
52.705,-0.2,0.017030744217035192,-0.25444919812045846
52.71,-0.2,0.017433659015936465,-0.4013791477159382
52.715,-0.2,0.018279471783949227,-0.2960248755619361
52.72,-0.2,0.019299669168043713,-0.03170856660717861
52.725,-0.2,0.02017829360604476,0.2738086256899414
52.73,-0.2,0.02068802784798884,0.3573021032618527
52.735,-0.2,0.020779312078890968,0.2798041406283687
52.74,-0.2,0.020569504879426,-0.033050143440576496
52.745,-0.2,0.020245401683517624,-0.11042331191070039
52.75,-0.2,0.01994495564573255,-0.37969819764307516
52.755,-0.2,0.019685212310149768,-0.05518506142910451
52.76,-0.2,0.019368425603373717,-0.1822875549166707
52.765,-0.2,0.018850003048625313,0.24759411288800712
52.77,-0.2,0.018030136894122972,0.33039325687593607
52.775,-0.2,0.016930181928848303,0.23589906658333243
52.78,-0.2,0.01570253947383575,0.10499651204439994
52.785,-0.2,0.01455924595622196,-0.17233075380569288
52.79,-0.2,0.013666093141620114,-0.28465472527997115
52.795,-0.2,0.013065338794794485,-0.13327876778289174
52.8,-0.2,0.012677449093330826,0.0498063617377476
52.805,-0.2,0.012380348656704843,0.2404009891387054
52.81,-0.2,0.01211130321407587,0.45279784323097494
52.815,-0.2,0.01193342709997754,0.2172651521844716
52.82,-0.2,0.012017227918305985,-0.1424467062326676
52.825,-0.2,0.012531173408844645,-0.25385277880749846
52.83,-0.2,0.013522354058849424,-0.2963528779979097
52.835,-0.2,0.014874610559916355,-0.200344817105344
52.84,-0.2,0.016350573125806057,-0.06920839628091821
52.845,-0.2,0.01767944424316844,0.1748419601391727
52.85,-0.2,0.018655099508970516,0.2712944915733729
52.855,-0.2,0.019206063887696925,0.2370075097576962
52.86,-0.2,0.019401641151208054,0.0909703218546761
52.865,-0.2,0.019384159669560717,-0.34070015083481553
52.87,-0.2,0.019258648000718033,-0.19838923282770876
52.875,-0.2,0.01901841523951443,-0.15432391680801244
52.88,-0.2,0.018561395158091777,-0.040103117673810224
52.885,-0.2,0.01776372109237523,0.1536864590543277
52.89,-0.2,0.016559756338921174,0.34588854353899673
52.895,-0.2,0.015001875025708029,0.19800002657115426
52.9,-0.2,0.013259591625807367,-0.012195490955959551
52.905,-0.2,0.011540428206629096,-0.23748200458826543
52.91,-0.2,0.009980596638822616,-0.3552867501452572
52.915,-0.2,0.00858231431500396,-0.021395639955242962
52.92,-0.2,0.007240664445081673,-0.10185241662615302
52.925,-0.2,0.005828762591461234,0.25815523975920274
52.93,-0.2,0.004286462018152269,0.38164944797954414
52.935,-0.2,0.0026833633188429614,0.2701772828420816
52.94,-0.2,0.0012184970130505906,0.10895858990686269
52.945,-0.2,0.0001371511884133372,-0.2724886995195999
52.95,-0.2,-0.0003863787911968216,-0.1226772217800842
52.955,-0.2,-0.00032129367095441144,-0.2702399861760185
52.96,-0.2,0.00023114847143814742,0.13839770326444845
52.965,-0.2,0.0011204228874110108,0.3169688080762438
52.97,-0.2,0.002259181158246848,0.44449058849553774
52.975,-0.2,0.0036947859602935104,0.24622939842149094
52.98,-0.2,0.005584249311110311,-0.0022594220572938863
52.985,-0.2,0.008088914431599726,-0.22580715808120533
52.99,-0.2,0.011261667521812383,-0.20968817316517668
52.995,-0.2,0.014992813294478028,-0.31569153353301505
53.0,-0.2,0.019030203988438785,0.01571452486769614
53.005,-0.2,0.023061679269073584,0.20405105739268958
53.01,-0.2,0.026830932221092216,0.34551554836882964
53.015,-0.2,0.03022163947197594,0.1873672038791611
53.02,-0.2,0.03325441981890342,0.01692983623414845
53.025,-0.2,0.036005963692924914,-0.21607010235113353
53.03,-0.2,0.03851147659305925,-0.15501603102266315
53.035,-0.2,0.04071261260120332,-0.22366522944505018
53.04,-0.2,0.04246843908832895,-0.03326852870105687
53.045,-0.2,0.043612093419919076,0.15236213286234207
53.05,-0.2,0.04403408196416713,0.38619423920667556
53.055,-0.2,0.043754871494853693,0.18560960022556613
53.06,-0.2,0.042934578843861565,0.22722743258089412
53.065,-0.2,0.04180676689781439,-0.28463959619943047
53.07,-0.2,0.0405682906342593,-0.261230869835524
53.075,-0.2,0.039285000661529554,-0.30205802184148783
53.08,-0.2,0.03787817172012917,-0.015744631132543097
53.085,-0.2,0.03621111565054596,0.4980816691554207
53.09,-0.2,0.03422880019299335,0.33295052195472774
53.095,-0.2,0.032042420479369234,0.16931085389608924
53.1,-0.2,0.0298889768295906,0.11761455716800454
53.105,-0.2,0.028026726102163127,-0.06994135274595145
53.11,-0.2,0.026643085395291838,-0.32858627465016477
53.115,-0.2,0.025782727271957722,-0.3770208792941053
53.12,-0.2,0.0253216315563535,0.00979834886040087
53.125,-0.2,0.025038575744726708,0.2783161061967487
53.13,-0.2,0.024754685913794258,0.33410970269892043
53.135,-0.2,0.024429645206393326,0.1607603162680153
53.14,-0.2,0.02414469512937504,-0.09029839651788205
53.145,-0.2,0.02400444982541875,-0.1949690098354373
53.15,-0.2,0.024034741132139038,-0.39882938185731465
53.155,-0.2,0.02413420094639615,-0.08076653543100615
53.16,-0.2,0.024108500938693628,0.07178363473277007
53.165,-0.2,0.023768211125794327,0.16722399671346982
53.17,-0.2,0.023024527068474642,0.4409641098810061
53.175,-0.2,0.0219370428024873,0.16255249904008945
53.18,-0.2,0.02069356086768572,0.0747222384865657
53.185,-0.2,0.019517849594013485,-0.33184765037331054
53.19,-0.2,0.01855109022469626,-0.28217480529356304
53.195,-0.2,0.01778270464917638,-0.18655760764291512
53.2,-0.2,0.017081990475434756,0.23784794730200878
53.205,-0.2,0.016306971865360703,0.09683258230102573
53.21,-0.2,0.015402266464971132,0.36728796266353403
53.215,-0.2,0.014437754781281379,0.3482540100557478
53.22,-0.2,0.013594647509495697,-0.0384260124209059
53.225,-0.2,0.013089448907063065,-0.15762403663094227
53.23,-0.2,0.013068884555187819,-0.011233698662433289
53.235,-0.2,0.013560829751866899,-0.2135894516820639
53.24,-0.2,0.014492191830280892,0.0650935462659511
53.245,-0.2,0.015737600173889595,0.1401278645194919
53.25,-0.2,0.01719048146305864,0.3797309229494671
53.255,-0.2,0.018831890901406967,0.31824606321523335
53.26,-0.2,0.020740798775312853,-0.14375967957162855
53.265,-0.2,0.02301730295540518,-0.1005061994680389
53.27,-0.2,0.025675712337050655,-0.3533795043350874
53.275,-0.2,0.02859050978455833,-0.17951097249051148
53.28,-0.2,0.03151967070875411,0.018889893428501992
53.285,-0.2,0.03419528014779156,0.34129168163403223
53.29,-0.2,0.03643671526219055,0.18474423272336266
53.295,-0.2,0.03821401568303691,0.43105657333715297
53.3,-0.2,0.03964011846179643,0.12404017840471246
53.305,-0.2,0.04090581567753529,-0.19250386269208752
53.31,-0.2,0.04216445259333145,-0.38696518509291894
53.315,-0.2,0.04341772806319004,-0.4503928879938973
53.32,-0.2,0.044483389403214765,-0.10448374310080652
53.325,-0.2,0.04507785466407092,0.23843132597309058
53.33,-0.2,0.04496676976676004,0.26795412464502416
53.335,-0.2,0.044073006999302444,0.09501062256971002
53.34,-0.2,0.04246916893983856,-0.021910762922594203
53.345,-0.2,0.040293595469681844,-0.10297888819505362
53.35,-0.2,0.03766760040955634,-0.2449229398695553
53.355,-0.2,0.034644676429186984,-0.2619057021012002
53.36,-0.2,0.031198836705572542,-0.04211542742851626
53.365,-0.2,0.027274349962766356,0.3494075374702194
53.37,-0.2,0.022884298224768045,0.2103453460921021
53.375,-0.2,0.018174073518810924,0.17096548869801947
53.38,-0.2,0.013395145014676127,0.11165553963775685
53.385,-0.2,0.008826889871968868,-0.17863447210672423
53.39,-0.2,0.004690596409149875,-0.2562293334354376
53.395,-0.2,0.0010790093118504829,-0.30753172949762503
53.4,-0.2,-0.0020588530279780875,-0.022852493311325953
53.405,-0.2,-0.0048554331994673135,0.15166682474736382
53.41,-0.2,-0.0074142760480991835,0.447244840554958
53.415,-0.2,-0.009717919133289222,0.1937055705949491
53.42,-0.2,-0.011620060286175501,0.07089542520545715
53.425,-0.2,-0.012924930929795448,-0.0503410236892704
53.43,-0.2,-0.013486110204989622,-0.20408155749144927
53.435,-0.2,-0.013270782075114972,-0.22498350257832228
53.44,-0.2,-0.01237550384098304,-0.07591692152812582
53.445,-0.2,-0.010980794999254554,0.23069667950339984
53.45,-0.2,-0.009254064533918423,0.320368582775297
53.455,-0.2,-0.007260612927849404,0.2992928949606295
53.46,-0.2,-0.0049500557068318145,-0.031218081680636542
53.465,-0.2,-0.00223544457235587,-0.3119145975759964
53.47,-0.2,0.0008850961172671139,-0.3855892362402788
53.475,-0.2,0.0042558676866384015,-0.14702291937922846
53.48,-0.2,0.007600171005961625,0.05753906702183786
53.485,-0.2,0.010634824066159178,0.21520734498127048
53.49,-0.2,0.013179651690430848,0.2937692204229466
53.495,-0.2,0.015207809896862661,0.24249979423257573
53.5,-0.2,0.01682657900387359,0.027830096959744373
53.505,-0.2,0.018201340817345077,-0.11766071678159287
53.51,-0.2,0.019457050981100107,-0.3433031666126442
53.515,-0.2,0.020602889694477433,-0.2556761836244136
53.52,-0.2,0.021522889595990972,0.005368158404311317
53.525,-0.2,0.02204352466203374,0.01419878937983085
53.53,-0.2,0.02203566101405685,0.47810510949412477
53.535,-0.2,0.021498182325316997,0.19287088022362725
53.54,-0.2,0.020572551917974774,-0.04198593369816254
53.545,-0.2,0.01946205129154929,-0.12026487434131809
53.55,-0.2,0.018318196376407914,-0.3311575324431811
53.555,-0.2,0.01716994682717909,-0.32923941485071695
53.56,-0.2,0.015918330746941663,0.02304369744334919
53.565,-0.2,0.014408333894036339,0.19376518566419607
53.57,-0.2,0.012549738104941326,0.45294365249042023
53.575,-0.2,0.01040605504748175,0.2223056117661435
53.58,-0.2,0.008189373376022319,0.07466900303414176
53.585,-0.2,0.006165360112010161,-0.20918339953886672
53.59,-0.2,0.00452925279385666,-0.3479444979019436
53.595,-0.2,0.0033252362312444104,-0.1324538459845752
53.6,-0.2,0.0024566458631066625,-0.0011552032027768964
53.605,-0.2,0.0017784316135871596,0.3288473788188282
53.61,-0.2,0.0012059661499631503,0.1939380075559236
53.615,-0.2,0.0007667390084128744,0.16068740937264359
53.62,-0.2,0.0005711698191635519,0.010399528104560588
53.625,-0.2,0.0007327543841697515,-0.3535592514923559
53.63,-0.2,0.0012752262909198361,-0.33896083762272816
53.635,-0.2,0.0020778304137415013,-0.146247686281826
53.64,-0.2,0.0029099726155107407,-0.02145427839408299
53.645,-0.2,0.003537746074015296,0.394857730877611
53.65,-0.2,0.0038418484434619513,0.4068334491888503
53.655,-0.2,0.0038883884792943824,0.34798988902402894
53.66,-0.2,0.003902249397000186,-0.05712734389867168
53.665,-0.2,0.004149724881685142,-0.132176375440235
53.67,-0.2,0.004804275542029553,-0.41229262775532743
53.675,-0.2,0.0058675295143678806,-0.21963172751117943
53.68,-0.2,0.007182873759221524,0.0995934680936929
53.685,-0.2,0.008534760926644269,0.09236981337931104
53.69,-0.2,0.009759606280497232,0.21198937613956725
53.695,-0.2,0.010796101901975089,0.12607877624934705
53.7,-0.2,0.011671716648188672,-0.025128885752328422
53.705,-0.2,0.012446035952869802,-0.20119166131789876
53.71,-0.2,0.013130236960734655,-0.4858757125209001
53.715,-0.2,0.013625273747902048,-0.0892948236549759
53.72,-0.2,0.013741636605846977,0.08611668495221694
53.725,-0.2,0.013306156820726065,0.2760132129467536
53.73,-0.2,0.012269895568362547,0.2873384614525162
53.735,-0.2,0.010737874625675353,0.027931323222575383
53.74,-0.2,0.00891112751809363,-0.06137595387393662
53.745,-0.2,0.006984498772906546,-0.30339325815239293
53.75,-0.2,0.005056882670363166,-0.36378568673732864
53.755,-0.2,0.0030914417122550357,-0.1873772431571016
53.76,-0.2,0.0009494930698005549,0.02975352060811092
53.765,-0.2,-0.001518011682934409,0.049298281627313395
53.77,-0.2,-0.004384752353595848,0.22496229228231404
53.775,-0.2,-0.00760724582668636,0.2122480402364889
53.78,-0.2,-0.01103248511389212,-0.11675001705654636
53.785,-0.2,-0.014469760420503937,-0.3514236501578537
53.79,-0.2,-0.01779423874979908,-0.13386079013182461
53.795,-0.2,-0.02099445991069788,-0.2637918343014435
53.8,-0.2,-0.02413828429248596,0.088949561454625
53.805,-0.2,-0.0273015593824005,0.072424393685208
53.81,-0.2,-0.030497356727227736,0.2900589750839567
53.815,-0.2,-0.03363239439676977,0.2233632907241299
53.82,-0.2,-0.036515020919781566,-0.05155538653149127
53.825,-0.2,-0.03892581224247888,-0.18892979295925763
53.83,-0.2,-0.04071501662366744,-0.22489046194589463
53.835,-0.2,-0.041859871984677284,-0.23879410846887666
53.84,-0.2,-0.0424589806036907,-0.14294980997212933
53.845,-0.2,-0.042678739119177855,0.1654896064992551
53.85,-0.2,-0.042666950693498296,0.22736231731368012
53.855,-0.2,-0.042479017686149145,0.07355523552403948
53.86,-0.2,-0.04207418748884564,0.03662861222624984
53.865,-0.2,-0.04137375897861911,-0.12936005848620447
53.87,-0.2,-0.04033418630896422,-0.37257058027627943
53.875,-0.2,-0.03900954961741795,-0.2894181961916383
53.88,-0.2,-0.037566751029750926,-0.021601220034921733
53.885,-0.2,-0.03622212361118108,0.06462800525127427
53.89,-0.2,-0.03514128114324787,0.2431369770338177
53.895,-0.2,-0.0343713262092622,0.18150572700104076
53.9,-0.2,-0.033834694340870365,0.05647432468016143
53.905,-0.2,-0.033389833791233864,-0.35979194335886655
53.91,-0.2,-0.03294051432405286,-0.40673216705879
53.915,-0.2,-0.0325206187106575,-0.15434019822199938
53.92,-0.2,-0.03227606653348973,0.011777434255152965
53.925,-0.2,-0.03236111189923398,0.20465493817319944
53.93,-0.2,-0.03283750491478289,0.20738143455114788
53.935,-0.2,-0.033637176647777024,0.08097921371001714
53.94,-0.2,-0.03459661967609293,-0.019450889605434108
53.945,-0.2,-0.03553529922639266,-0.25873191093501036
53.95,-0.2,-0.03633907214094866,-0.3171251850164453
53.955,-0.2,-0.03700881148191444,-0.13423770809891233
53.96,-0.2,-0.037641546727654795,-0.0739550329179275
53.965,-0.2,-0.038358427185866004,0.12642993785775944
53.97,-0.2,-0.03921814396490356,0.5168480235671438
53.975,-0.2,-0.04015071256285032,-0.049173028842501465
53.98,-0.2,-0.04096865260011153,0.15325168852821616
53.985,-0.2,-0.04146493510055186,-0.48481748298802796
53.99,-0.2,-0.04153092696034318,-0.3351134727349809
53.995,-0.2,-0.04122115951794853,-0.15164281366968502
54.0,-0.2,-0.0407120003168695,0.11426760431415027
54.005,-0.2,-0.04018737687639666,0.02394559068695301
54.01,-0.2,-0.03975246278798788,0.2173258340672244
54.015,-0.2,-0.0394121581043285,0.042848962144726915
54.02,-0.2,-0.03909493350357817,-0.03409632961259122
54.025,-0.2,-0.03871539003433329,-0.39269236568412497
54.03,-0.2,-0.038260487194926335,-0.40349973872769285
54.035,-0.2,-0.03784731380591086,-0.30310595439509846
54.04,-0.2,-0.037701652936443786,-0.0934662213602826
54.045,-0.2,-0.03806579550781572,0.11181934406791985
54.05,-0.2,-0.03908952032192832,0.31679947044435613
54.055,-0.2,-0.04075581969268809,0.209228135303564
54.06,-0.2,-0.04288511392467226,-0.10854145219195799
54.065,-0.2,-0.04522833324179473,-0.21928063974851542
54.07,-0.2,-0.047584397022252686,-0.2282543708119627
54.075,-0.2,-0.04986719282515807,-0.43368583662174237
54.08,-0.2,-0.05211388637324972,-0.14273699841383514
54.085,-0.2,-0.054438992326264445,0.10884308520102638
54.09,-0.2,-0.05693388282581467,0.2750192055451397
54.095,-0.2,-0.059563748356898684,0.4181759303203608
54.1,-0.2,-0.06213860542808941,-0.16287951580295487
54.105,-0.2,-0.06439466163968859,-0.17683917363639168
54.11,-0.2,-0.06612965475144601,-0.317451908345229
54.115,-0.2,-0.06728161359117672,-0.15214487318749229
54.12,-0.2,-0.06791835347762003,-0.2539120254605893
54.125,-0.2,-0.06817583084281299,0.28836850858573676
54.13,-0.2,-0.0681677141769556,0.17667078272256725
54.135,-0.2,-0.06790337507264937,0.30717474042633836
54.14,-0.2,-0.06727910895967323,-0.15717939430363423
54.145,-0.2,-0.06615920156505305,-0.23796699098679014
54.15,-0.2,-0.06449428497935167,-0.5585014418521439
54.155,-0.2,-0.06240146076014627,-0.29565464628898913
54.16,-0.2,-0.06015263922940977,-0.16211757519783532
54.165,-0.2,-0.058070567496120516,0.25719443153457666
54.17,-0.2,-0.05639283695351026,0.17312331668171457
54.175,-0.2,-0.05518677343604105,0.2713388471167708
54.18,-0.2,-0.054359846866428155,-0.16285689971226391
54.185,-0.2,-0.05374536063873899,-0.005924598387639812
54.19,-0.2,-0.05319708738954749,-0.26307455556915166
54.195,-0.2,-0.052648544893231904,-0.35940532070975384
54.2,-0.2,-0.05214013204703846,-0.20649157044203637
54.205,-0.2,-0.05179637234956073,0.12107969609916969
54.21,-0.2,-0.05174145667254707,0.037261661544556346
54.215,-0.2,-0.052021799194831624,0.04490733068293762
54.22,-0.2,-0.05259434047526681,0.08276370840012989
54.225,-0.2,-0.053360126291329316,-0.209077244580109
54.23,-0.2,-0.0542242586658552,-0.3864235481529439
54.235,-0.2,-0.05516450445523474,-0.1660526222213608
54.24,-0.2,-0.05623961101879486,0.108186476619333
54.245,-0.2,-0.057514556291513814,0.03643384705296644
54.25,-0.2,-0.05898147488775843,0.23247656299168934
54.255,-0.2,-0.060527959260493425,0.3069788262313994
54.26,-0.2,-0.06194608272132725,-0.12639955196567115
54.265,-0.2,-0.06299818818356089,-0.1860397596505266
54.27,-0.2,-0.06352571562869495,-0.4353796269817963
54.275,-0.2,-0.06352972585811699,-0.39977412966079695
54.28,-0.2,-0.06317497420366429,-0.09811578578052993
54.285,-0.2,-0.06270697776510827,0.18008376273591278
54.29,-0.2,-0.06232088358298501,0.21580477789198302
54.295,-0.2,-0.0620733923064567,0.10410336659121991
54.3,-0.2,-0.061897804722674546,-0.21462534643787679
54.305,-0.2,-0.06169587770809919,-0.17624240346839998
54.31,-0.2,-0.06142776255084234,-0.33092326205809885
54.315,-0.2,-0.061150354406099304,-0.309725300673381
54.32,-0.2,-0.06100329313905116,-0.008312271893693712
54.325,-0.2,-0.06114421247144908,0.09869747061089637
54.33,-0.2,-0.06166127008710749,0.1359572362964474
54.335,-0.2,-0.06252587521529991,0.09519275320943477
54.34,-0.2,-0.06360889127758093,0.004873592374236173
54.345,-0.2,-0.06473242208274374,-0.021657311811013547
54.35,-0.2,-0.06573128227596436,-0.3476322095939302
54.355,-0.2,-0.06651458347698637,-0.23234207133244222
54.36,-0.2,-0.06709409446650186,-0.02020443700891307
54.365,-0.2,-0.06753960680781397,0.1084466803403298
54.37,-0.2,-0.06788791834535926,0.3546181962837327
54.375,-0.2,-0.06807442826686656,0.1219829603257301
54.38,-0.2,-0.06793625992216397,0.014400725874124373
54.385,-0.2,-0.06729038090412602,-0.29132279328405325
54.39,-0.2,-0.0660377424728539,-0.3369857479344932
54.395,-0.2,-0.06422674831472754,-0.21718650417980945
54.4,-0.2,-0.06203535929575371,-0.042045887731653936
54.405,-0.2,-0.05968611501033775,0.10949657953853226
54.41,-0.2,-0.0573468568878491,0.3301365151656838
54.415,-0.2,-0.05506323383515827,0.15441252428806684
54.42,-0.2,-0.052759310102711746,-0.021454149030829373
54.425,-0.2,-0.050316318671681716,-0.30727171571508916
54.43,-0.2,-0.04767891597652365,-0.2450109144751635
54.435,-0.2,-0.04491556975480865,-0.31138398660613353
54.44,-0.2,-0.04220785864362076,-0.16016119695286118
54.445,-0.2,-0.03978291822084281,0.26401148081626913
54.45,-0.2,-0.03780593447163327,0.30895274695903946
54.455,-0.2,-0.03628983679889635,0.18097160243214355
54.46,-0.2,-0.03510239033695704,-0.12691999183564823
54.465,-0.2,-0.03407042781258563,-0.2900298819864282
54.47,-0.2,-0.03309421035871859,-0.204641220566732
54.475,-0.2,-0.03219597943312425,-0.3451387727509245
54.48,-0.2,-0.03149800303862832,0.0004013955523803972
54.485,-0.2,-0.031149599624790927,0.2466623519276656
54.49,-0.2,-0.03122537500660073,0.23846313399607422
54.495,-0.2,-0.031652313460318125,0.4296180838646534
54.5,-0.2,-0.03221068451449716,0.004432151702957188
54.505,-0.2,-0.0326127282687167,-0.17604676132902367
54.51,-0.2,-0.0326327171292026,-0.45786812446728004
54.515,-0.2,-0.032210342314606545,-0.1522517837322077
54.52,-0.2,-0.031445326705775274,0.09393970856086739
54.525,-0.2,-0.03048636775695396,0.3023264946022499
54.53,-0.2,-0.029409143010740144,0.18233291393352946
54.535,-0.2,-0.02817698529836737,0.05748595093543006
54.54,-0.2,-0.02668723446885748,0.05989223465894378
54.545,-0.2,-0.02484258822922367,-0.19952280419068455
54.55,-0.2,-0.022620169463108564,-0.5051520800226899
54.555,-0.2,-0.020132339003259798,-0.18303245207655378
54.56,-0.2,-0.01761865380295035,0.06841410491430881
54.565,-0.2,-0.015342543435166837,0.09561789432673694
54.57,-0.2,-0.013480400796620943,0.21726430802693067
54.575,-0.2,-0.012080448950311752,0.054732387356494744
54.58,-0.2,-0.011089572471013536,-0.05483895686545527
54.585,-0.2,-0.010422852087722539,-0.2636370541421938
54.59,-0.2,-0.010044935687554109,-0.39785586139107787
54.595,-0.2,-0.01002788653198738,-0.3863862805670101
54.6,-0.2,-0.010546375645567551,0.07326607775134553
54.605,-0.2,-0.011786169674958408,0.22875215117376688
54.61,-0.2,-0.013812268974026896,0.45231461234639664
54.615,-0.2,-0.016494763116030094,0.08739081966235075
54.62,-0.2,-0.01954596483228106,0.10145286862021749
54.625,-0.2,-0.022631302275481078,-0.20523199972808373
54.63,-0.2,-0.025483131461046693,-0.3262079453548703
54.635,-0.2,-0.027979244181304316,-0.3592672768245893
54.64,-0.2,-0.030157378224890282,-0.01881461163351116
54.645,-0.2,-0.03214489767516194,0.09995931858985707
54.65,-0.2,-0.03404873080157647,0.14260740571644226
54.655,-0.2,-0.03588867570678527,0.05405527086690887
54.66,-0.2,-0.037599444578962554,0.15662949827997927
54.665,-0.2,-0.039070241814845454,-0.22013069868731427
54.67,-0.2,-0.040208873586865486,-0.3114602228449177
54.675,-0.2,-0.04101715600052771,-0.36543794182524536
54.68,-0.2,-0.041620522092057494,-0.09321811654140195
54.685,-0.2,-0.0422052592841684,0.3400337970564614
54.69,-0.2,-0.042893337450937395,0.239204347573627
54.695,-0.2,-0.04365341124865794,0.26035338717972756
54.7,-0.2,-0.044316025451984015,-0.02228566596820413
54.705,-0.2,-0.04466459226177935,-0.1048001967453554
54.71,-0.2,-0.0445439276081284,-0.5052894397798245
54.715,-0.2,-0.043948797068975365,-0.3538450215116916
54.72,-0.2,-0.04303968629380861,0.0724487497242689
54.725,-0.2,-0.04204454982238706,0.25962917402897523
54.73,-0.2,-0.041110851493618664,0.31965360394239906
54.735,-0.2,-0.04022692547611113,0.17834966531781551
54.74,-0.2,-0.03925342065590792,-0.05558154287527586
54.745,-0.2,-0.03801971579914263,-0.08048895346814014
54.75,-0.2,-0.03641569586882113,-0.2330408491924854
54.755,-0.2,-0.03444496288986816,-0.4052683637954707
54.76,-0.2,-0.032243428320169756,-0.1737918068432913
54.765,-0.2,-0.030042077220939246,0.14359972564083326
54.77,-0.2,-0.02805945089328704,0.2975164088314363
54.775,-0.2,-0.026389669528735733,0.2651432885550393
54.78,-0.2,-0.024976354408856725,-0.1000860870607249
54.785,-0.2,-0.023697891435467442,-0.4080174953604545
54.79,-0.2,-0.022500129691190286,-0.31371024161280286
54.795,-0.2,-0.021472053841450647,-0.38853234914914964
54.8,-0.2,-0.02082258344630672,-0.07052055214800304
54.805,-0.2,-0.02078446014312766,0.30128724562244885
54.81,-0.2,-0.02148467825546924,0.3655581109527013
54.815,-0.2,-0.022860325515780617,0.055529970193121225
54.82,-0.2,-0.02468765065269172,0.1631427075378014
54.825,-0.2,-0.026683847171345604,-0.23578658377259465
54.83,-0.2,-0.02861494249442076,-0.4123587201622533
54.835,-0.2,-0.030381165311799786,-0.22040163294831758
54.84,-0.2,-0.03202434965497812,0.09502747044622184
54.845,-0.2,-0.03363703367157237,0.0864939077797189
54.85,-0.2,-0.0352533954258575,0.3704402968275143
54.855,-0.2,-0.03679203307331542,0.19554866494719342
54.86,-0.2,-0.038062535891078796,0.11071347036924112
54.865,-0.2,-0.038835133530844765,-0.23881105698325972
54.87,-0.2,-0.03895281255970712,-0.49062397456448625
54.875,-0.2,-0.03843954177019796,-0.6330910134542445
54.88,-0.2,-0.037536686289293436,-0.07155927702127826
54.885,-0.2,-0.03660895821768339,0.16901967339507362
54.89,-0.2,-0.03596933964352373,0.1954643714311945
54.895,-0.2,-0.035761250085157875,0.159855290104657
54.9,-0.2,-0.03596276164368113,-0.08871629574575024
54.905,-0.2,-0.036478074073308976,-0.43154704269471056
54.91,-0.2,-0.037256125575729784,-0.34009914733388535
54.915,-0.2,-0.03835402109204544,-0.10387027675016033
54.92,-0.2,-0.03989220473698601,0.07437602527134207
54.925,-0.2,-0.041953151706244314,0.09574271787632876
54.93,-0.2,-0.04450969598009239,0.27332407895896854
54.935,-0.2,-0.0474061993597179,0.16302863004511264
54.94,-0.2,-0.050382469470465555,0.08778302206794228
54.945,-0.2,-0.05314345861210627,-0.3107466613273311
54.95,-0.2,-0.05546770612360133,-0.47365441113826096
54.955,-0.2,-0.05729647609790468,-0.13431543328521006
54.96,-0.2,-0.05872518090165763,-0.10910828771702513
54.965,-0.2,-0.05990209940332369,0.26202377715442243
54.97,-0.2,-0.060915581254911776,0.20783812801613222
54.975,-0.2,-0.06173472211518822,0.14397784156846452
54.98,-0.2,-0.062235274569984435,-0.228507192388325
54.985,-0.2,-0.06229659463387339,-0.2762822422360667
54.99,-0.2,-0.061897461288150504,-0.287216424114706
54.995,-0.2,-0.06114886015273707,-0.359531967713957
55.0,-0.2,-0.06026179106798983,0.031623019914192606
55.005,-0.2,-0.059467357609090485,0.08141221163405925
55.01,-0.2,-0.058921251355339405,0.18511408221670136
55.015,-0.2,-0.058648723999416744,0.17718787799873187
55.02,-0.2,-0.058555202982337545,-0.05279029640449184
55.025,-0.2,-0.05849538936107298,-0.31570023184054735
55.03,-0.2,-0.058379749795254135,-0.5231525189753541
55.035,-0.2,-0.05825712615638251,-0.23203491185576977
55.04,-0.2,-0.05830070333640642,-0.011591953147844059
55.045,-0.2,-0.058703594511664334,0.051334687469277634
55.05,-0.2,-0.05957470087939911,0.14081533595408136
55.055,-0.2,-0.06089475262172995,0.19072751803215493
55.06,-0.2,-0.06253178403727752,-0.22379840766317247
55.065,-0.2,-0.06431296074703742,-0.2004173117998081
55.07,-0.2,-0.06612207124217874,-0.48085206495745314
55.075,-0.2,-0.06795698502541056,-0.13552725612317498
55.08,-0.2,-0.0699117143186003,-0.20100214268964334
55.085,-0.2,-0.07210059536592336,0.22048919174452442
55.09,-0.2,-0.07456751871803292,0.18162222808076528
55.095,-0.2,-0.07723040909806855,0.0617474133523402
55.1,-0.2,-0.07990009933567861,-0.012171535908234901
55.105,-0.2,-0.08235264363657721,-0.07379522511450504
55.11,-0.2,-0.0844073076386968,-0.5060260348829552
55.115,-0.2,-0.0859974676483696,-0.28514516357713626
55.12,-0.2,-0.08720118197215733,-0.2353738522651278
55.125,-0.2,-0.0881906777787325,0.0018815424130924352
55.13,-0.2,-0.0891313437521341,0.19987129016272281
55.135,-0.2,-0.09009134796981268,0.1845530363716516
55.14,-0.2,-0.09100865281083101,0.001773702093467333
55.145,-0.2,-0.09173789182100782,-0.17538924422036872
55.15,-0.2,-0.0921419976143001,-0.20335035557236697
55.155,-0.2,-0.09216884163693093,-0.4651535591695162
55.16,-0.2,-0.09187858541770615,0.051607212901642385
55.165,-0.2,-0.09139058069064557,0.2915209464174791
55.17,-0.2,-0.09076841992960265,0.15655613505207489
55.175,-0.2,-0.0899509975920772,0.17118023763347992
55.18,-0.2,-0.08878475143196456,-0.05192950753346773
55.185,-0.2,-0.08711141792579451,-0.33392784082245647
55.19,-0.2,-0.084866050615241,-0.39523547168411394
55.195,-0.2,-0.08214129437637838,-0.3305463908138617
55.2,-0.2,-0.07916989070832965,-0.03978099179556524
55.205,-0.2,-0.07623093955490816,0.05064011169690741
55.21,-0.2,-0.07354186784393889,0.16342990701742277
55.215,-0.2,-0.07118716661600667,0.4168951688787091
55.22,-0.2,-0.06909936176044654,-0.1044987692510563
55.225,-0.2,-0.06712127571397782,-0.3279216070085893
