t,reference,measured,noisy
354.87,0.2,-0.18987375464941528,-0.18987375464941528
354.875,0.2,-0.29934763034997847,-0.29934763034997847
354.88,0.2,0.0590568111588057,0.0590568111588057
354.885,0.2,0.318274279793984,0.318274279793984
354.89,0.2,0.08250226261311938,0.08250226261311938
354.895,0.2,0.22952218078484996,0.22952218078484996
354.9,0.2,-0.011022594531847127,-0.011022594531847127
354.905,0.2,-0.3462155852545039,-0.3462155852545039
354.91,0.2,-0.24693703413287513,-0.24693703413287513
354.915,0.2,-0.1823124555452849,-0.1823124555452849
354.92,0.2,-0.0637209714884393,-0.0637209714884393
354.925,0.2,0.29197048630510036,0.29197048630510036
354.93,0.2,0.4723401746613133,0.4723401746613133
354.935,0.2,0.23410374755241886,0.23410374755241886
354.94,0.2,0.24112920645361358,0.24112920645361358
354.945,0.2,-0.22970096537739895,-0.22970096537739895
354.95,0.2,-0.2096987966614494,-0.2096987966614494
354.955,0.2,-0.2572265484726342,-0.2572265484726342
354.96,0.2,-0.014823193604369032,-0.014823193604369032
354.965,0.2,0.15956580969364478,0.15956580969364478
354.97,0.2,0.4463174427599717,0.4463174427599717
354.975,0.2,0.4212144749895132,0.4212144749895132
354.98,0.2,0.07896683473500231,0.07896683473500231
354.985,0.2,-0.3701980376422066,-0.3701980376422066
354.99,0.2,-0.4767348720525751,-0.4767348720525751
354.995,0.2,-0.2927524019346371,-0.2927524019346371
355.0,0.2,0.045386685098770724,0.045386685098770724
355.005,0.2,0.13374094568246145,0.13374094568246145
355.01,0.2,0.3567975859275349,0.3567975859275349
355.015,0.2,0.30139458405538,0.30139458405538
355.02,0.2,0.036963581129242896,0.036963581129242896
355.025,0.2,-0.2542381087061347,-0.2542381087061347
355.03,0.2,-0.24955682489208775,-0.24955682489208775
355.035,0.2,-0.18728951112801023,-0.18728951112801023
355.04,0.2,0.054196894130354216,0.054196894130354216
355.045,0.2,0.4131752630460484,0.4131752630460484
355.05,0.2,0.3852049672683667,0.3852049672683667
355.055,0.2,0.24834414500205587,0.24834414500205587
355.06,0.2,0.13034951410983647,0.13034951410983647
355.065,0.2,-0.13495539667623416,-0.13495539667623416
355.07,0.2,-0.2133110745203059,-0.2133110745203059
355.075,0.2,-0.17613431214408473,-0.17613431214408473
355.08,0.2,0.076453291408843,0.076453291408843
355.085,0.2,0.4442056544500694,0.4442056544500694
355.09,0.2,0.5352251995286469,0.5352251995286469
355.095,0.2,0.2876464718557848,0.2876464718557848
355.1,0.2,0.03496352908775248,0.03496352908775248
355.105,0.2,-0.05553311087228796,-0.05553311087228796
355.11,0.2,-0.26672399626901894,-0.26672399626901894
355.115,0.2,-0.0355469881157818,-0.0355469881157818
355.12,0.2,0.20828292870281187,0.20828292870281187
355.125,0.2,0.38583928423302694,0.38583928423302694
355.13,0.2,0.6401873594500067,0.6401873594500067
355.135,0.2,0.38465182465755565,0.38465182465755565
355.14,0.2,0.08747504272466845,0.08747504272466845
355.145,0.2,-0.043409193066940674,-0.043409193066940674
355.15,0.2,-0.304382942446972,-0.304382942446972
355.155,0.2,0.1467463171422922,0.1467463171422922
355.16,0.2,0.26815592820971,0.26815592820971
355.165,0.2,0.38648675790136683,0.38648675790136683
355.17,0.2,0.41025434780482745,0.41025434780482745
355.175,0.2,0.524848470298731,0.524848470298731
355.18,0.2,0.04193665034525641,0.04193665034525641
355.185,0.2,-0.08310053153585648,-0.08310053153585648
355.19,0.2,-0.3262623612952006,-0.3262623612952006
355.195,0.2,0.11852276994749963,0.11852276994749963
355.2,0.2,0.3284873793952812,0.3284873793952812
355.205,0.2,0.5558082972955722,0.5558082972955722
355.21,0.2,0.5454179076358372,0.5454179076358372
355.215,0.2,0.4948968737086954,0.4948968737086954
355.22,0.2,0.09598056639852146,0.09598056639852146
355.225,0.2,-0.13323027463736242,-0.13323027463736242
355.23,0.2,-0.062137785750806696,-0.062137785750806696
355.235,0.2,-0.11896842667859989,-0.11896842667859989
355.24,0.2,0.4791654850126592,0.4791654850126592
355.245,0.2,0.5717140421912026,0.5717140421912026
355.25,0.2,0.45278931333057276,0.45278931333057276
355.255,0.2,0.3721646585227405,0.3721646585227405
355.26,0.2,0.38782717143008116,0.38782717143008116
355.265,0.2,0.0380078952191818,0.0380078952191818
355.27,0.2,-0.13007797079332106,-0.13007797079332106
355.275,0.2,0.14373891800786734,0.14373891800786734
355.28,0.2,0.10650716265074583,0.10650716265074583
355.285,0.2,0.4230637317146143,0.4230637317146143
355.29,0.2,0.5585889403796185,0.5585889403796185
355.295,0.2,0.5298599998444735,0.5298599998444735
355.3,0.2,0.22417029971596236,0.22417029971596236
355.305,0.2,0.0630721460601198,0.0630721460601198
355.31,0.2,-0.06889123330486946,-0.06889123330486946
355.315,0.2,0.05007352797256658,0.05007352797256658
355.32,0.2,0.19838642601822531,0.19838642601822531
355.325,0.2,0.5686518015910893,0.5686518015910893
355.33,0.2,0.5872366497506891,0.5872366497506891
355.335,0.2,0.5822170492920085,0.5822170492920085
355.34,0.2,0.3030495873772386,0.3030495873772386
355.345,0.2,-0.1919489439847728,-0.1919489439847728
355.35,0.2,-0.265042133131976,-0.265042133131976
355.355,0.2,0.075901979072341,0.075901979072341
355.36,0.2,0.16286404509490476,0.16286404509490476
355.365,0.2,0.592396872466528,0.592396872466528
355.37,0.2,0.43689082025438575,0.43689082025438575
355.375,0.2,0.5435928048339195,0.5435928048339195
355.38,0.2,0.3906878465049118,0.3906878465049118
355.385,0.2,0.020367446981736093,0.020367446981736093
355.39,0.2,-0.03326517772299706,-0.03326517772299706
355.395,0.2,0.03959665997989824,0.03959665997989824
355.4,0.2,0.2963061109326308,0.2963061109326308
355.405,0.2,0.48780120558403195,0.48780120558403195
355.41,0.2,0.44161146753887404,0.44161146753887404
355.415,0.2,0.5707993584642844,0.5707993584642844
355.42,0.2,0.4941405549731579,0.4941405549731579
355.425,0.2,0.0532687734398329,0.0532687734398329
355.43,0.2,-0.0963438688231623,-0.0963438688231623
355.435,0.2,-0.09871634184969702,-0.09871634184969702
355.44,0.2,0.257395830402243,0.257395830402243
355.445,0.2,0.7753348644669278,0.7753348644669278
355.45,0.2,0.8012338565611703,0.8012338565611703
355.455,0.2,0.5085000850079732,0.5085000850079732
355.46,0.2,0.38090180368700394,0.38090180368700394
355.465,0.2,-0.0349159662188919,-0.0349159662188919
355.47,0.2,-0.1512611505597129,-0.1512611505597129
355.475,0.2,-0.0012003088010408766,-0.0012003088010408766
355.48,0.2,0.35489186735394695,0.35489186735394695
355.485,0.2,0.611503459833263,0.611503459833263
355.49,0.2,0.5308634266343653,0.5308634266343653
355.495,0.2,0.6286139729830739,0.6286139729830739
355.5,0.2,0.21802402565969353,0.21802402565969353
355.505,0.2,0.151620612348066,0.151620612348066
355.51,0.2,0.13599963148241745,0.13599963148241745
355.515,0.2,-0.04880039738858785,-0.04880039738858785
355.52,0.2,0.3379244836989912,0.3379244836989912
355.525,0.2,0.6549733210597561,0.6549733210597561
355.53,0.2,0.8153619981957755,0.8153619981957755
355.535,0.2,0.6647061851717831,0.6647061851717831
355.54,0.2,0.33486091594316164,0.33486091594316164
355.545,0.2,0.049781472122960815,0.049781472122960815
355.55,0.2,-0.20497093507305092,-0.20497093507305092
355.555,0.2,0.3097657107189467,0.3097657107189467
355.56,0.2,0.3092869076393122,0.3092869076393122
355.565,0.2,0.7801768538696472,0.7801768538696472
355.57,0.2,0.7516703611878173,0.7516703611878173
355.575,0.2,0.6877160073502746,0.6877160073502746
355.58,0.2,0.32319050306503205,0.32319050306503205
355.585,0.2,0.017611857762624816,0.017611857762624816
355.59,0.2,0.07152397607243248,0.07152397607243248
355.595,0.2,0.03178275932616207,0.03178275932616207
355.6,0.2,0.4046202590087671,0.4046202590087671
355.605,0.2,0.48685205920890867,0.48685205920890867
355.61,0.2,0.7124315134170144,0.7124315134170144
355.615,0.2,0.537362390243157,0.537362390243157
355.62,0.2,0.44529937514162393,0.44529937514162393
355.625,0.2,0.16464534274223666,0.16464534274223666
355.63,0.2,-0.18182120042954672,-0.18182120042954672
355.635,0.2,0.402816341405866,0.402816341405866
355.64,0.2,0.4578326923803589,0.4578326923803589
355.645,0.2,0.6844048750468326,0.6844048750468326
355.65,0.2,0.7687605625943639,0.7687605625943639
355.655,0.2,0.5324198511679328,0.5324198511679328
355.66,0.2,0.10210895876782902,0.10210895876782902
355.665,0.2,0.0713440980420387,0.0713440980420387
355.67,0.2,0.07442539219436678,0.07442539219436678
355.675,0.2,0.11798665887480943,0.11798665887480943
355.68,0.2,0.45977894818678133,0.45977894818678133
355.685,0.2,0.7891641689588133,0.7891641689588133
355.69,0.2,1.0357461662508776,1.0357461662508776
355.695,0.2,0.6211666617272094,0.6211666617272094
355.7,0.2,0.20456239916312177,0.20456239916312177
355.705,0.2,0.19114427793775887,0.19114427793775887
355.71,0.2,0.023875465433079994,0.023875465433079994
355.715,0.2,0.11012086052179325,0.11012086052179325
355.72,0.2,0.48093100346141954,0.48093100346141954
355.725,0.2,0.6014772487573692,0.6014772487573692
355.73,0.2,0.7648787629851257,0.7648787629851257
355.735,0.2,0.6297835223209015,0.6297835223209015
355.74,0.2,0.3155131286990384,0.3155131286990384
355.745,0.2,0.16795651806346074,0.16795651806346074
355.75,0.2,-0.2221201999545193,-0.2221201999545193
355.755,0.2,0.17911242539246114,0.17911242539246114
355.76,0.2,0.2605758942908545,0.2605758942908545
355.765,0.2,0.4852561006364786,0.4852561006364786
355.77,0.2,0.7824992853827175,0.7824992853827175
355.775,0.2,0.6825148739386858,0.6825148739386858
355.78,0.2,0.39294359130661516,0.39294359130661516
355.785,0.2,0.09956630836986179,0.09956630836986179
355.79,0.2,0.048929148294930766,0.048929148294930766
355.795,0.2,-0.01400719988305918,-0.01400719988305918
355.8,0.2,0.3327050078145009,0.3327050078145009
355.805,0.2,0.6061364019317794,0.6061364019317794
355.81,0.2,0.7693950931694093,0.7693950931694093
355.815,0.2,0.9352577115185433,0.9352577115185433
355.82,0.2,0.22787694866687708,0.22787694866687708
355.825,0.2,0.08943886240607603,0.08943886240607603
355.83,0.2,-0.1604325937958942,-0.1604325937958942
355.835,0.2,0.13071356463585893,0.13071356463585893
355.84,0.2,0.2859467952767196,0.2859467952767196
355.845,0.2,0.5740908619953087,0.5740908619953087
355.85,0.2,0.7127715789006881,0.7127715789006881
355.855,0.2,0.5611915095120684,0.5611915095120684
355.86,0.2,0.11995608224757409,0.11995608224757409
355.865,0.2,-0.03261824535122263,-0.03261824535122263
355.87,0.2,-0.11755342681914781,-0.11755342681914781
355.875,0.2,-0.07742833136107806,-0.07742833136107806
355.88,0.2,0.16638111326218566,0.16638111326218566
355.885,0.2,0.6742674151572199,0.6742674151572199
355.89,0.2,0.6254498421538122,0.6254498421538122
355.895,0.2,0.5863080108636949,0.5863080108636949
355.9,0.2,0.2278471645358433,0.2278471645358433
355.905,0.2,0.008809341899236609,0.008809341899236609
355.91,0.2,-0.16162590900165635,-0.16162590900165635
355.915,0.2,-0.07260764836276194,-0.07260764836276194
355.92,0.2,0.35796179532286576,0.35796179532286576
355.925,0.2,0.28877694621350325,0.28877694621350325
355.93,0.2,0.34747034515666214,0.34747034515666214
355.935,0.2,0.4210647294906884,0.4210647294906884
355.94,0.2,0.21956151235019272,0.21956151235019272
355.945,0.2,0.025684658498519627,0.025684658498519627
355.95,0.2,-0.1779733312655691,-0.1779733312655691
355.955,0.2,0.20610555793235455,0.20610555793235455
355.96,0.2,0.10036521143583602,0.10036521143583602
355.965,0.2,0.5959247914825738,0.5959247914825738
355.97,0.2,0.5481174274952691,0.5481174274952691
355.975,0.2,0.43180334445607627,0.43180334445607627
355.98,0.2,0.3269005063797892,0.3269005063797892
355.985,0.2,-0.040520203525120826,-0.040520203525120826
355.99,0.2,-0.06665863985249289,-0.06665863985249289
355.995,0.2,0.07297007411832804,0.07297007411832804
356.0,0.2,0.41104991314746253,0.41104991314746253
356.005,0.2,0.47071852341970327,0.47071852341970327
356.01,0.2,0.6447045840015594,0.6447045840015594
356.015,0.2,0.4130268382932296,0.4130268382932296
356.02,0.2,0.1979364981721097,0.1979364981721097
356.025,0.2,0.09859189337482985,0.09859189337482985
356.03,0.2,0.05275135826091462,0.05275135826091462
356.035,0.2,0.24245213569271604,0.24245213569271604
356.04,0.2,0.1930373963029031,0.1930373963029031
356.045,0.2,0.5852775808617328,0.5852775808617328
356.05,0.2,0.6438976859630208,0.6438976859630208
356.055,0.2,0.4897116648444995,0.4897116648444995
356.06,0.2,0.13333249762713284,0.13333249762713284
356.065,0.2,-0.21316536292361557,-0.21316536292361557
356.07,0.2,-0.2958204600786032,-0.2958204600786032
356.075,0.2,-0.002090305364416494,-0.002090305364416494
356.08,0.2,0.1884536406305228,0.1884536406305228
356.085,0.2,0.6140593772870281,0.6140593772870281
356.09,0.2,0.5642858184790549,0.5642858184790549
356.095,0.2,0.41079205662683554,0.41079205662683554
356.1,0.2,0.3434559460077986,0.3434559460077986
356.105,0.2,-0.06045481357280803,-0.06045481357280803
356.11,0.2,-0.29914503966516054,-0.29914503966516054
356.115,0.2,0.053718399232829075,0.053718399232829075
356.12,0.2,0.33885207165181697,0.33885207165181697
356.125,0.2,0.4094936512296736,0.4094936512296736
356.13,0.2,0.6809728332328476,0.6809728332328476
356.135,0.2,0.7107792215664028,0.7107792215664028
356.14,0.2,0.18395331746027546,0.18395331746027546
356.145,0.2,-0.060716536549310286,-0.060716536549310286
356.15,0.2,0.038925933391636525,0.038925933391636525
356.155,0.2,-0.020661879698155278,-0.020661879698155278
356.16,0.2,0.26007426386028726,0.26007426386028726
356.165,0.2,0.6515665368548702,0.6515665368548702
356.17,0.2,0.5708967488990618,0.5708967488990618
356.175,0.2,0.3924499017863325,0.3924499017863325
356.18,0.2,0.0909607798319293,0.0909607798319293
356.185,0.2,0.03242709987496356,0.03242709987496356
356.19,0.2,-0.10296673354390387,-0.10296673354390387
356.195,0.2,-0.009657782861587324,-0.009657782861587324
356.2,0.2,0.23300653648372566,0.23300653648372566
356.205,0.2,0.38535652826865086,0.38535652826865086
356.21,0.2,0.5711737389255227,0.5711737389255227
356.215,0.2,0.5358682354196078,0.5358682354196078
356.22,0.2,0.26961047032668484,0.26961047032668484
356.225,0.2,-0.06410261625348661,-0.06410261625348661
356.23,0.2,-0.047570586783944144,-0.047570586783944144
356.235,0.2,-0.03691158339291935,-0.03691158339291935
356.24,0.2,0.20048689414073873,0.20048689414073873
356.245,0.2,0.4238131351362666,0.4238131351362666
356.25,0.2,0.5172313316181256,0.5172313316181256
356.255,0.2,0.5765252637628525,0.5765252637628525
356.26,0.2,0.32826047718260337,0.32826047718260337
356.265,0.2,-0.0261836429204648,-0.0261836429204648
356.27,0.2,-0.07904343256354866,-0.07904343256354866
356.275,0.2,-0.03257644501769832,-0.03257644501769832
356.28,0.2,0.18309066120228001,0.18309066120228001
356.285,0.2,0.5680844857924535,0.5680844857924535
356.29,0.2,0.5114403626933451,0.5114403626933451
356.295,0.2,0.35356742915917116,0.35356742915917116
356.3,0.2,0.35224374366721733,0.35224374366721733
356.305,0.2,0.08357422699756659,0.08357422699756659
356.31,0.2,-0.014452574127616663,-0.014452574127616663
356.315,0.2,0.0007341945780528665,0.0007341945780528665
356.32,0.2,0.1873525644809056,0.1873525644809056
356.325,0.2,0.4031089718300948,0.4031089718300948
356.33,0.2,0.6592650302014346,0.6592650302014346
356.335,0.2,0.3201389568993872,0.3201389568993872
356.34,0.2,0.37850338148539,0.37850338148539
356.345,0.2,0.023520680695194016,0.023520680695194016
356.35,0.2,-0.15989019640649588,-0.15989019640649588
356.355,0.2,-0.05690911527246914,-0.05690911527246914
356.36,0.2,0.20173561972588247,0.20173561972588247
356.365,0.2,0.429540306931298,0.429540306931298
356.37,0.2,0.6454081644644173,0.6454081644644173
356.375,0.2,0.48288264397388536,0.48288264397388536
356.38,0.2,0.07498358540211589,0.07498358540211589
356.385,0.2,-0.22040545386624036,-0.22040545386624036
356.39,0.2,-0.1562305064322959,-0.1562305064322959
356.395,0.2,0.026941708518797083,0.026941708518797083
356.4,0.2,0.2696308245260647,0.2696308245260647
356.405,0.2,0.5492140773564474,0.5492140773564474
356.41,0.2,0.611188563992805,0.611188563992805
356.415,0.2,0.37510093811424816,0.37510093811424816
356.42,0.2,0.1420733806588515,0.1420733806588515
356.425,0.2,-0.19112876736242698,-0.19112876736242698
356.43,0.2,-0.11849363646012523,-0.11849363646012523
356.435,0.2,-0.03751911410464047,-0.03751911410464047
356.44,0.2,0.4230234616833131,0.4230234616833131
356.445,0.2,0.47381081032605044,0.47381081032605044
356.45,0.2,0.6704937216270613,0.6704937216270613
356.455,0.2,0.6052336391246118,0.6052336391246118
356.46,0.2,0.17692183809268386,0.17692183809268386
356.465,0.2,0.01905846859338578,0.01905846859338578
356.47,0.2,-0.09615908647609571,-0.09615908647609571
356.475,0.2,-0.1558489428078923,-0.1558489428078923
356.48,0.2,0.3780280410628646,0.3780280410628646
356.485,0.2,0.4086655453827218,0.4086655453827218
356.49,0.2,0.48911262473687694,0.48911262473687694
356.495,0.2,0.4726811232109799,0.4726811232109799
356.5,0.2,0.10257005200279316,0.10257005200279316
356.505,0.2,-0.22350984617538944,-0.22350984617538944
356.51,0.2,-0.19656733139637733,-0.19656733139637733
356.515,0.2,-0.025281757992056647,-0.025281757992056647
356.52,0.2,0.13955759959462744,0.13955759959462744
356.525,0.2,0.5945581167338241,0.5945581167338241
356.53,0.2,0.5008246640333771,0.5008246640333771
356.535,0.2,0.6354280825486552,0.6354280825486552
356.54,0.2,0.2275019519306708,0.2275019519306708
356.545,0.2,-0.15357325670472846,-0.15357325670472846
356.55,0.2,-0.32311496329746686,-0.32311496329746686
356.555,0.2,0.0699138312358029,0.0699138312358029
356.56,0.2,0.08658370838172541,0.08658370838172541
356.565,0.2,0.43387912157653163,0.43387912157653163
356.57,0.2,0.7179170101875136,0.7179170101875136
356.575,0.2,0.435293085173275,0.435293085173275
356.58,0.2,0.09323427858664406,0.09323427858664406
356.585,0.2,0.0031440825574279435,0.0031440825574279435
356.59,0.2,-0.24265922749189012,-0.24265922749189012
356.595,0.2,-0.2798540735374212,-0.2798540735374212
356.6,0.2,0.15327710016908047,0.15327710016908047
356.605,0.2,0.42135210342286267,0.42135210342286267
356.61,0.2,0.5383518821358175,0.5383518821358175
356.615,0.2,0.6250288863904141,0.6250288863904141
356.62,0.2,0.1993524237936949,0.1993524237936949
356.625,0.2,-0.2629527995119205,-0.2629527995119205
356.63,0.2,-0.3984901062124814,-0.3984901062124814
356.635,0.2,0.08934832682256022,0.08934832682256022
356.64,0.2,0.26777640727350716,0.26777640727350716
356.645,0.2,0.45734741303836934,0.45734741303836934
356.65,0.2,0.5901509816767353,0.5901509816767353
356.655,0.2,0.6174955907803854,0.6174955907803854
356.66,0.2,0.19772587461630287,0.19772587461630287
356.665,0.2,-0.010361248087263075,-0.010361248087263075
356.67,0.2,-0.09627632565342373,-0.09627632565342373
356.675,0.2,0.10073263093067786,0.10073263093067786
356.68,0.2,0.18035389750339442,0.18035389750339442
356.685,0.2,0.5738641862003538,0.5738641862003538
356.69,0.2,0.5083445006826053,0.5083445006826053
356.695,0.2,0.6158702762387395,0.6158702762387395
356.7,0.2,0.2825533301522177,0.2825533301522177
356.705,0.2,-0.18570861181088724,-0.18570861181088724
356.71,0.2,-0.2447335221604545,-0.2447335221604545
356.715,0.2,-0.01687619883664809,-0.01687619883664809
356.72,0.2,0.35597499801866817,0.35597499801866817
356.725,0.2,0.6301531397434202,0.6301531397434202
356.73,0.2,0.7076661922469798,0.7076661922469798
356.735,0.2,0.3700582614432826,0.3700582614432826
356.74,0.2,0.24619286237427157,0.24619286237427157
356.745,0.2,-0.05544387883489656,-0.05544387883489656
356.75,0.2,-0.21979169848354138,-0.21979169848354138
356.755,0.2,0.0505493139973838,0.0505493139973838
356.76,0.2,0.34776025116606235,0.34776025116606235
356.765,0.2,0.5857386118245865,0.5857386118245865
356.77,0.2,0.6539436658354505,0.6539436658354505
356.775,0.2,0.18562393457872634,0.18562393457872634
356.78,0.2,0.10521634107251993,0.10521634107251993
356.785,0.2,0.05891734093513984,0.05891734093513984
356.79,0.2,-0.0882414628914973,-0.0882414628914973
356.795,0.2,0.15801596249381217,0.15801596249381217
356.8,0.2,0.10151507834603499,0.10151507834603499
356.805,0.2,0.5694743609772622,0.5694743609772622
356.81,0.2,0.44151512292835293,0.44151512292835293
356.815,0.2,0.401806354717765,0.401806354717765
356.82,0.2,0.2691902415957763,0.2691902415957763
356.825,0.2,-0.18570394605525642,-0.18570394605525642
356.83,0.2,-0.22534770878868177,-0.22534770878868177
356.835,0.2,-0.09773838553364601,-0.09773838553364601
356.84,0.2,0.18132450923517873,0.18132450923517873
356.845,0.2,0.5460694629298455,0.5460694629298455
356.85,0.2,0.5011551647737555,0.5011551647737555
356.855,0.2,0.34223530948383096,0.34223530948383096
356.86,0.2,0.1277810779524075,0.1277810779524075
356.865,0.2,0.08871956789264906,0.08871956789264906
356.87,0.2,-0.16371819250705594,-0.16371819250705594
356.875,0.2,0.04868113981102554,0.04868113981102554
356.88,0.2,0.1385798658343697,0.1385798658343697
356.885,0.2,0.45312765464990507,0.45312765464990507
356.89,0.2,0.6961892313492241,0.6961892313492241
356.895,0.2,0.398918439411045,0.398918439411045
356.9,0.2,0.3696213715486938,0.3696213715486938
356.905,0.2,0.015734433241640616,0.015734433241640616
356.91,0.2,-0.10386870236271672,-0.10386870236271672
356.915,0.2,-0.13120461248182108,-0.13120461248182108
356.92,0.2,0.2629960588435314,0.2629960588435314
356.925,0.2,0.46457048864909334,0.46457048864909334
356.93,0.2,0.573488527897151,0.573488527897151
356.935,0.2,0.3701736724738015,0.3701736724738015
356.94,0.2,0.23156488873994907,0.23156488873994907
356.945,0.2,-0.11841847024309013,-0.11841847024309013
356.95,0.2,-0.12311841789568798,-0.12311841789568798
356.955,0.2,0.012576870738913323,0.012576870738913323
356.96,0.2,0.2011600611196204,0.2011600611196204
356.965,0.2,0.5378023291284879,0.5378023291284879
356.97,0.2,0.5868876079363352,0.5868876079363352
356.975,0.2,0.5885010610845391,0.5885010610845391
356.98,0.2,0.09428180165157775,0.09428180165157775
356.985,0.2,-0.08271452167200653,-0.08271452167200653
356.99,0.2,-0.20868094455759437,-0.20868094455759437
356.995,0.2,-0.0685510424985683,-0.0685510424985683
357.0,0.2,0.20186200793449974,0.20186200793449974
357.005,0.2,0.6021104659958207,0.6021104659958207
357.01,0.2,0.7096254651268137,0.7096254651268137
357.015,0.2,0.5273007288044428,0.5273007288044428
357.02,0.2,-0.011852422620587055,-0.011852422620587055
357.025,0.2,-0.07351010069137347,-0.07351010069137347
357.03,0.2,-0.23351804504660548,-0.23351804504660548
357.035,0.2,0.0746034093559979,0.0746034093559979
357.04,0.2,0.0839303384447393,0.0839303384447393
357.045,0.2,0.38964996256130185,0.38964996256130185
357.05,0.2,0.5441141012198859,0.5441141012198859
357.055,0.2,0.6000138219863562,0.6000138219863562
357.06,0.2,0.2803759205050846,0.2803759205050846
357.065,0.2,0.0035600842193917875,0.0035600842193917875
357.07,0.2,-0.14309008800533526,-0.14309008800533526
357.075,0.2,-0.11155708072657416,-0.11155708072657416
357.08,0.2,0.43964118983587486,0.43964118983587486
357.085,0.2,0.39140860026238644,0.39140860026238644
357.09,0.2,0.4248390781131446,0.4248390781131446
357.095,0.2,0.3614486352802299,0.3614486352802299
357.1,0.2,-0.03443012619839808,-0.03443012619839808
357.105,0.2,-0.10329201421993832,-0.10329201421993832
357.11,0.2,-0.16019987900216942,-0.16019987900216942
357.115,0.2,0.20754231916206822,0.20754231916206822
357.12,0.2,0.25528544656238755,0.25528544656238755
357.125,0.2,0.5058507932566889,0.5058507932566889
357.13,0.2,0.5193476285588008,0.5193476285588008
357.135,0.2,0.3766956141475336,0.3766956141475336
357.14,0.2,0.2172016534529862,0.2172016534529862
357.145,0.2,-0.09954017385625424,-0.09954017385625424
357.15,0.2,-0.04606833249546517,-0.04606833249546517
357.155,0.2,-0.07398750329180138,-0.07398750329180138
357.16,0.2,0.25667972680396306,0.25667972680396306
357.165,0.2,0.47419960780448267,0.47419960780448267
357.17,0.2,0.5770024746559096,0.5770024746559096
357.175,0.2,0.5012651874328927,0.5012651874328927
357.18,0.2,0.06827300386415551,0.06827300386415551
357.185,0.2,-0.03838651352383865,-0.03838651352383865
357.19,0.2,-0.3433681447120008,-0.3433681447120008
357.195,0.2,-0.11734123335659803,-0.11734123335659803
357.2,0.2,0.3611942492195254,0.3611942492195254
357.205,0.2,0.5543674912180866,0.5543674912180866
357.21,0.2,0.46925022148723305,0.46925022148723305
357.215,0.2,0.2707288319864167,0.2707288319864167
357.22,0.2,0.2822986439472789,0.2822986439472789
357.225,0.2,-0.09715398487492893,-0.09715398487492893
357.23,0.2,-0.260756461569224,-0.260756461569224
357.235,0.2,0.08118488286986675,0.08118488286986675
357.24,0.2,0.24105807797481482,0.24105807797481482
357.245,0.2,0.5038441219423548,0.5038441219423548
357.25,0.2,0.4318957858757907,0.4318957858757907
357.255,0.2,0.43088819610370255,0.43088819610370255
357.26,0.2,0.4475953722000021,0.4475953722000021
357.265,0.2,0.0001304409013799801,0.0001304409013799801
357.27,0.2,-0.24330870352014294,-0.24330870352014294
357.275,0.2,-0.08064475989711559,-0.08064475989711559
357.28,0.2,0.12240097437269001,0.12240097437269001
357.285,0.2,0.5132822355147809,0.5132822355147809
357.29,0.2,0.5642129637241415,0.5642129637241415
357.295,0.2,0.43814766241492187,0.43814766241492187
357.3,0.2,0.2774522613224506,0.2774522613224506
357.305,0.2,-0.0034669078461866624,-0.0034669078461866624
357.31,0.2,-0.253800763420695,-0.253800763420695
357.315,0.2,-0.012738072501867452,-0.012738072501867452
357.32,0.2,0.1664359589699537,0.1664359589699537
357.325,0.2,0.666878684567266,0.666878684567266
357.33,0.2,0.6749146057528763,0.6749146057528763
357.335,0.2,0.47612039772710335,0.47612039772710335
357.34,0.2,0.18253415843016704,0.18253415843016704
357.345,0.2,0.026059099172633007,0.026059099172633007
357.35,0.2,-0.08495969096229651,-0.08495969096229651
357.355,0.2,0.013947735843918507,0.013947735843918507
357.36,0.2,0.40919300808997094,0.40919300808997094
357.365,0.2,0.46076506676850754,0.46076506676850754
357.37,0.2,0.5848844860502753,0.5848844860502753
357.375,0.2,0.38075297323188045,0.38075297323188045
357.38,0.2,0.2701281503004329,0.2701281503004329
357.385,0.2,0.04690963666967668,0.04690963666967668
357.39,0.2,-0.04634915830775349,-0.04634915830775349
357.395,0.2,-0.012207146705020665,-0.012207146705020665
357.4,0.2,0.26133543141900534,0.26133543141900534
357.405,0.2,0.42939374126070906,0.42939374126070906
357.41,0.2,0.605562228689799,0.605562228689799
357.415,0.2,0.4166891549901471,0.4166891549901471
357.42,0.2,0.29812899520482405,0.29812899520482405
357.425,0.2,-0.05794925952004394,-0.05794925952004394
357.43,0.2,-0.244018535738605,-0.244018535738605
357.435,0.2,0.035436196415001314,0.035436196415001314
357.44,0.2,0.2251334023987609,0.2251334023987609
357.445,0.2,0.6312185862853509,0.6312185862853509
357.45,0.2,0.7310436600880479,0.7310436600880479
357.455,0.2,0.4927234790698849,0.4927234790698849
357.46,0.2,0.15836748505019366,0.15836748505019366
357.465,0.2,0.0016962574919711093,0.0016962574919711093
357.47,0.2,-0.24611518154614864,-0.24611518154614864
357.475,0.2,-0.07382072336750164,-0.07382072336750164
357.48,0.2,0.107550085365545,0.107550085365545
357.485,0.2,0.5981823279515508,0.5981823279515508
357.49,0.2,0.5401747812696124,0.5401747812696124
357.495,0.2,0.5821112589807399,0.5821112589807399
357.5,0.2,0.1717924329102549,0.1717924329102549
357.505,0.2,-0.07256934375171803,-0.07256934375171803
357.51,0.2,-0.27020978385050876,-0.27020978385050876
357.515,0.2,-0.025736336530766995,-0.025736336530766995
357.52,0.2,0.13691309746914043,0.13691309746914043
357.525,0.2,0.3813201379430539,0.3813201379430539
357.53,0.2,0.3803765521518394,0.3803765521518394
357.535,0.2,0.5732611223295381,0.5732611223295381
357.54,0.2,0.3410032757545338,0.3410032757545338
357.545,0.2,-0.09696315860287322,-0.09696315860287322
357.55,0.2,-0.08035503708440243,-0.08035503708440243
357.555,0.2,-0.12642373436954607,-0.12642373436954607
357.56,0.2,0.3551536836281371,0.3551536836281371
357.565,0.2,0.48539938394823107,0.48539938394823107
357.57,0.2,0.5613105516158775,0.5613105516158775
357.575,0.2,0.5645278593243362,0.5645278593243362
357.58,0.2,0.3580518999803381,0.3580518999803381
357.585,0.2,-0.12292063391709622,-0.12292063391709622
357.59,0.2,-0.04910367606375017,-0.04910367606375017
357.595,0.2,0.0030072103016679994,0.0030072103016679994
357.6,0.2,0.1798596342044642,0.1798596342044642
357.605,0.2,0.6965134706708176,0.6965134706708176
357.61,0.2,0.5514931642912064,0.5514931642912064
357.615,0.2,0.3597683905619972,0.3597683905619972
357.62,0.2,0.31631654445574653,0.31631654445574653
357.625,0.2,-0.0261770994197337,-0.0261770994197337
357.63,0.2,0.029211574991647005,0.029211574991647005
357.635,0.2,-0.05528889361270353,-0.05528889361270353
357.64,0.2,0.247687513830556,0.247687513830556
357.645,0.2,0.46497210135786154,0.46497210135786154
357.65,0.2,0.6219697529949568,0.6219697529949568
357.655,0.2,0.3847471550737995,0.3847471550737995
357.66,0.2,0.3146245547062766,0.3146245547062766
357.665,0.2,-0.1795637357923512,-0.1795637357923512
357.67,0.2,-0.10967754669483643,-0.10967754669483643
357.675,0.2,-0.00662454264158412,-0.00662454264158412
357.68,0.2,0.24131298874603224,0.24131298874603224
357.685,0.2,0.388113657296982,0.388113657296982
357.69,0.2,0.6915654420021918,0.6915654420021918
357.695,0.2,0.38772742377673086,0.38772742377673086
357.7,0.2,0.3036890450861899,0.3036890450861899
357.705,0.2,-0.269751723693338,-0.269751723693338
357.71,0.2,-0.24132258231928927,-0.24132258231928927
357.715,0.2,-0.06436772679689315,-0.06436772679689315
357.72,0.2,-0.02522298090593464,-0.02522298090593464
357.725,0.2,0.4046565367542502,0.4046565367542502
357.73,0.2,0.753409784263064,0.753409784263064
357.735,0.2,0.31628532637750345,0.31628532637750345
357.74,0.2,0.21115645543206765,0.21115645543206765
357.745,0.2,-0.035314489402825916,-0.035314489402825916
357.75,0.2,-0.0900180276693872,-0.0900180276693872
357.755,0.2,-0.11087085113692122,-0.11087085113692122
357.76,0.2,0.23087576904611687,0.23087576904611687
357.765,0.2,0.39781724122848483,0.39781724122848483
357.77,0.2,0.4663321011685784,0.4663321011685784
357.775,0.2,0.5457317383287964,0.5457317383287964
357.78,0.2,0.08499145234416419,0.08499145234416419
357.785,0.2,-0.029595615097441255,-0.029595615097441255
357.79,0.2,-0.18861428028122032,-0.18861428028122032
357.795,0.2,-0.08422654628239837,-0.08422654628239837
357.8,0.2,0.31994750380746595,0.31994750380746595
357.805,0.2,0.5194691374668525,0.5194691374668525
357.81,0.2,0.6275228007359631,0.6275228007359631
357.815,0.2,0.29054749404287944,0.29054749404287944
357.82,0.2,0.10275836384520262,0.10275836384520262
357.825,0.2,-0.0845381616394925,-0.0845381616394925
357.83,0.2,-0.18545516241469448,-0.18545516241469448
357.835,0.2,-0.006242170736394617,-0.006242170736394617
357.84,0.2,0.2778226047414921,0.2778226047414921
357.845,0.2,0.24691230917389642,0.24691230917389642
357.85,0.2,0.6230680413712745,0.6230680413712745
357.855,0.2,0.45501899600901063,0.45501899600901063
357.86,0.2,0.013834872533841261,0.013834872533841261
357.865,0.2,-0.1130910376979394,-0.1130910376979394
357.87,0.2,-0.3146964592136873,-0.3146964592136873
357.875,0.2,-0.19100814291935592,-0.19100814291935592
357.88,0.2,0.19072940040909428,0.19072940040909428
357.885,0.2,0.4767229900495834,0.4767229900495834
357.89,0.2,0.37583307258949494,0.37583307258949494
357.895,0.2,0.2550285702634454,0.2550285702634454
357.9,0.2,0.21010678683410827,0.21010678683410827
357.905,0.2,-0.092977917367148,-0.092977917367148
357.91,0.2,-0.2950369360467908,-0.2950369360467908
357.915,0.2,-0.03929602024963663,-0.03929602024963663
357.92,0.2,0.08846253635689105,0.08846253635689105
357.925,0.2,0.49361430595928574,0.49361430595928574
357.93,0.2,0.6313308255555355,0.6313308255555355
357.935,0.2,0.34142939394404254,0.34142939394404254
357.94,0.2,0.1968615753509307,0.1968615753509307
357.945,0.2,-0.2187424311528992,-0.2187424311528992
357.95,0.2,-0.10502216252453335,-0.10502216252453335
357.955,0.2,-0.09602023044418181,-0.09602023044418181
357.96,0.2,0.2159244799718238,0.2159244799718238
357.965,0.2,0.33875904126550677,0.33875904126550677
357.97,0.2,0.6106008676515974,0.6106008676515974
357.975,0.2,0.3563708177669939,0.3563708177669939
357.98,0.2,-6.0778686563150996e-05,-6.0778686563150996e-05
357.985,0.2,0.058067497188073636,0.058067497188073636
357.99,0.2,-0.15854244627513597,-0.15854244627513597
357.995,0.2,-0.05044711480960426,-0.05044711480960426
358.0,0.2,0.3238722102189913,0.3238722102189913
358.005,0.2,0.5407470829501485,0.5407470829501485
358.01,0.2,0.40042356343262686,0.40042356343262686
358.015,0.2,0.18318341962981102,0.18318341962981102
358.02,0.2,0.2742254719439968,0.2742254719439968
358.025,0.2,-0.0011264671999875742,-0.0011264671999875742
358.03,0.2,-0.2770785763024448,-0.2770785763024448
358.035,0.2,-0.12215009882390171,-0.12215009882390171
358.04,0.2,0.25443978870361955,0.25443978870361955
358.045,0.2,0.4824482510568482,0.4824482510568482
358.05,0.2,0.38753281826455754,0.38753281826455754
358.055,0.2,0.496704684606393,0.496704684606393
358.06,0.2,0.03679537778027704,0.03679537778027704
358.065,0.2,0.01897848434071546,0.01897848434071546
358.07,0.2,-0.1126850009355952,-0.1126850009355952
358.075,0.2,-0.008246108240124395,-0.008246108240124395
358.08,0.2,0.31714104910662216,0.31714104910662216
358.085,0.2,0.5556725880799444,0.5556725880799444
358.09,0.2,0.7129293072638212,0.7129293072638212
358.095,0.2,0.4138451235992296,0.4138451235992296
358.1,0.2,0.21080528382750474,0.21080528382750474
358.105,0.2,0.03200316297479745,0.03200316297479745
358.11,0.2,-0.23560152918564892,-0.23560152918564892
358.115,0.2,-0.0880720864070198,-0.0880720864070198
358.12,0.2,0.10856381610029521,0.10856381610029521
358.125,0.2,0.5122671672945587,0.5122671672945587
358.13,0.2,0.47034988600459415,0.47034988600459415
358.135,0.2,0.5317798403453979,0.5317798403453979
358.14,0.2,0.15499156793160612,0.15499156793160612
358.145,0.2,-0.03604605784356288,-0.03604605784356288
358.15,0.2,-0.1532845705521274,-0.1532845705521274
358.155,0.2,-0.060089668982989404,-0.060089668982989404
358.16,0.2,0.2016255506069465,0.2016255506069465
358.165,0.2,0.40725388543530244,0.40725388543530244
358.17,0.2,0.6161905404799266,0.6161905404799266
358.175,0.2,0.3661209584282413,0.3661209584282413
358.18,0.2,0.11602494812065868,0.11602494812065868
358.185,0.2,-0.0038460318692379175,-0.0038460318692379175
358.19,0.2,-0.14152885246429497,-0.14152885246429497
358.195,0.2,-0.077304488759397,-0.077304488759397
358.2,0.2,0.44919886290730293,0.44919886290730293
358.205,0.2,0.6141110444427509,0.6141110444427509
358.21,0.2,0.7112098120505045,0.7112098120505045
358.215,0.2,0.4198972583379038,0.4198972583379038
358.22,0.2,0.2314131276542118,0.2314131276542118
358.225,0.2,-0.016545061058939617,-0.016545061058939617
358.23,0.2,-0.30126349514273354,-0.30126349514273354
358.235,0.2,-0.03109767864096311,-0.03109767864096311
358.24,0.2,0.08036851710453527,0.08036851710453527
358.245,0.2,0.616006699778907,0.616006699778907
358.25,0.2,0.4937937029123484,0.4937937029123484
358.255,0.2,0.40345074748178633,0.40345074748178633
358.26,0.2,0.19796869752021196,0.19796869752021196
358.265,0.2,-0.1503270465467843,-0.1503270465467843
358.27,0.2,-0.18175524387201372,-0.18175524387201372
358.275,0.2,0.09851148181076078,0.09851148181076078
358.28,0.2,0.22281239720946105,0.22281239720946105
358.285,0.2,0.5220309353287256,0.5220309353287256
358.29,0.2,0.40841635711283253,0.40841635711283253
358.295,0.2,0.518753445575748,0.518753445575748
358.3,0.2,0.11574979334520037,0.11574979334520037
358.305,0.2,-0.028433166474170463,-0.028433166474170463
358.31,0.2,-0.05030032910161855,-0.05030032910161855
358.315,0.2,0.018255233629583104,0.018255233629583104
358.32,0.2,0.22015186670326797,0.22015186670326797
358.325,0.2,0.6252642667194074,0.6252642667194074
358.33,0.2,0.5435806274577976,0.5435806274577976
358.335,0.2,0.3704665877009714,0.3704665877009714
358.34,0.2,0.2950675097383493,0.2950675097383493
358.345,0.2,-0.17288042847251123,-0.17288042847251123
358.35,0.2,-0.07503166324659016,-0.07503166324659016
358.355,0.2,-0.026222851320035906,-0.026222851320035906
358.36,0.2,0.2878428037530577,0.2878428037530577
358.365,0.2,0.42105108467624264,0.42105108467624264
358.37,0.2,0.6093185937478146,0.6093185937478146
358.375,0.2,0.5439816930822603,0.5439816930822603
358.38,0.2,0.2694964164994698,0.2694964164994698
358.385,0.2,-0.15409616903712353,-0.15409616903712353
358.39,0.2,-0.30095322740735486,-0.30095322740735486
358.395,0.2,-0.11590891469556001,-0.11590891469556001
358.4,0.2,0.10824142381309343,0.10824142381309343
358.405,0.2,0.3227047943840081,0.3227047943840081
358.41,0.2,0.7289268972015532,0.7289268972015532
358.415,0.2,0.5005786819441457,0.5005786819441457
358.42,0.2,0.3077045962042574,0.3077045962042574
358.425,0.2,0.010068038429977819,0.010068038429977819
358.43,0.2,-0.15311658987596408,-0.15311658987596408
358.435,0.2,0.032446000962807586,0.032446000962807586
358.44,0.2,0.3069247568770177,0.3069247568770177
358.445,0.2,0.4319669583207877,0.4319669583207877
358.45,0.2,0.5192566354497954,0.5192566354497954
358.455,0.2,0.5737992912074837,0.5737992912074837
358.46,0.2,0.36268582576228114,0.36268582576228114
358.465,0.2,-0.061074243080628594,-0.061074243080628594
358.47,0.2,-0.1229354518938014,-0.1229354518938014
358.475,0.2,-0.038211360865338634,-0.038211360865338634
358.48,0.2,0.2731591194545663,0.2731591194545663
358.485,0.2,0.38146690684157253,0.38146690684157253
358.49,0.2,0.7727512693818569,0.7727512693818569
358.495,0.2,0.3598333467791852,0.3598333467791852
358.5,0.2,0.2858925078785097,0.2858925078785097
358.505,0.2,0.0511907947238372,0.0511907947238372
358.51,0.2,-0.25372868897576367,-0.25372868897576367
358.515,0.2,-0.0043503687014372905,-0.0043503687014372905
358.52,0.2,0.2052034593876661,0.2052034593876661
358.525,0.2,0.5984941798871419,0.5984941798871419
358.53,0.2,0.5513366815459022,0.5513366815459022
358.535,0.2,0.4356358025213261,0.4356358025213261
358.54,0.2,0.3797674534806791,0.3797674534806791
358.545,0.2,0.04595774831549927,0.04595774831549927
358.55,0.2,-0.05296257762730307,-0.05296257762730307
358.555,0.2,0.10166380864010538,0.10166380864010538
358.56,0.2,0.30609921096917814,0.30609921096917814
358.565,0.2,0.5431401467923141,0.5431401467923141
358.57,0.2,0.724579785931512,0.724579785931512
358.575,0.2,0.4415656512830309,0.4415656512830309
358.58,0.2,0.22166110719259471,0.22166110719259471
358.585,0.2,0.0033703290769763385,0.0033703290769763385
358.59,0.2,-0.04603147496811337,-0.04603147496811337
358.595,0.2,0.02110447905225918,0.02110447905225918
358.6,0.2,0.3030690735812251,0.3030690735812251
358.605,0.2,0.5305607997537287,0.5305607997537287
358.61,0.2,0.6028556065155138,0.6028556065155138
358.615,0.2,0.5171495843580413,0.5171495843580413
358.62,0.2,0.2978480217199718,0.2978480217199718
358.625,0.2,-0.019727448963629234,-0.019727448963629234
358.63,0.2,-0.19655106566335195,-0.19655106566335195
358.635,0.2,-0.06492846526347565,-0.06492846526347565
358.64,0.2,0.18416523717467126,0.18416523717467126
358.645,0.2,0.5164356071737735,0.5164356071737735
358.65,0.2,0.6092824644917703,0.6092824644917703
358.655,0.2,0.41393149167966503,0.41393149167966503
358.66,0.2,0.17850775588289033,0.17850775588289033
358.665,0.2,-0.08284269624054369,-0.08284269624054369
358.67,0.2,-0.14003630920291046,-0.14003630920291046
358.675,0.2,0.02487013351188328,0.02487013351188328
358.68,0.2,0.15081423791366477,0.15081423791366477
358.685,0.2,0.4915966305192394,0.4915966305192394
358.69,0.2,0.529383104215708,0.529383104215708
358.695,0.2,0.4930842215648813,0.4930842215648813
358.7,0.2,0.4626984031836712,0.4626984031836712
358.705,0.2,-0.1733300303750812,-0.1733300303750812
358.71,0.2,-0.06236990887524481,-0.06236990887524481
358.715,0.2,0.16233268557506317,0.16233268557506317
358.72,0.2,0.20913011856567348,0.20913011856567348
358.725,0.2,0.6377007261449189,0.6377007261449189
358.73,0.2,0.7766867144604935,0.7766867144604935
358.735,0.2,0.5923635351683201,0.5923635351683201
358.74,0.2,0.4531502246774632,0.4531502246774632
358.745,0.2,0.16535018902519882,0.16535018902519882
358.75,0.2,-0.14790423182369994,-0.14790423182369994
358.755,0.2,-0.06423529493232297,-0.06423529493232297
358.76,0.2,0.4016677207750491,0.4016677207750491
358.765,0.2,0.5313638207455245,0.5313638207455245
358.77,0.2,0.8902003989622916,0.8902003989622916
358.775,0.2,0.7384049689901863,0.7384049689901863
358.78,0.2,0.3061902800048288,0.3061902800048288
358.785,0.2,0.052348988176289066,0.052348988176289066
358.79,0.2,-0.15562203165408733,-0.15562203165408733
358.795,0.2,0.13361669019668668,0.13361669019668668
358.8,0.2,0.1724083424136696,0.1724083424136696
358.805,0.2,0.5093038428073885,0.5093038428073885
358.81,0.2,0.39287035152059335,0.39287035152059335
358.815,0.2,0.47907106468579713,0.47907106468579713
358.82,0.2,0.2802274268047537,0.2802274268047537
358.825,0.2,0.017301199068193777,0.017301199068193777
358.83,0.2,-0.2080791374898867,-0.2080791374898867
358.835,0.2,-0.011364685975229945,-0.011364685975229945
358.84,0.2,0.18916685070716902,0.18916685070716902
358.845,0.2,0.413199913531907,0.413199913531907
358.85,0.2,0.7450178567593486,0.7450178567593486
358.855,0.2,0.48987953845217685,0.48987953845217685
358.86,0.2,0.3679891553999918,0.3679891553999918
358.865,0.2,0.010222630531416005,0.010222630531416005
358.87,0.2,-0.19645803232526843,-0.19645803232526843
358.875,0.2,0.003829146966785074,0.003829146966785074
358.88,0.2,0.3300656975908293,0.3300656975908293
358.885,0.2,0.6206132989345883,0.6206132989345883
358.89,0.2,0.6539045839677777,0.6539045839677777
358.895,0.2,0.48366697340121806,0.48366697340121806
358.9,0.2,0.23540242351198312,0.23540242351198312
358.905,0.2,-0.1049445252656667,-0.1049445252656667
358.91,0.2,-0.15971865175936048,-0.15971865175936048
358.915,0.2,-0.21586545635873464,-0.21586545635873464
358.92,0.2,0.39082181727486387,0.39082181727486387
358.925,0.2,0.3455831424219466,0.3455831424219466
358.93,0.2,0.5635511765300842,0.5635511765300842
358.935,0.2,0.4784699386501831,0.4784699386501831
358.94,0.2,0.4118851506947394,0.4118851506947394
358.945,0.2,-0.2251417358294807,-0.2251417358294807
358.95,0.2,-0.12858896750721935,-0.12858896750721935
358.955,0.2,-0.1054550626894377,-0.1054550626894377
358.96,0.2,-0.02856431695073136,-0.02856431695073136
358.965,0.2,0.3785247021521364,0.3785247021521364
358.97,0.2,0.5347970552102701,0.5347970552102701
358.975,0.2,0.37915752498344224,0.37915752498344224
358.98,0.2,0.30726765928271693,0.30726765928271693
358.985,0.2,0.057293531991662885,0.057293531991662885
358.99,0.2,-0.09884170430059094,-0.09884170430059094
358.995,0.2,-0.01903090125517368,-0.01903090125517368
359.0,0.2,0.3726377675961219,0.3726377675961219
359.005,0.2,0.5110038305489645,0.5110038305489645
359.01,0.2,0.7585926876623243,0.7585926876623243
359.015,0.2,0.45709930966009343,0.45709930966009343
359.02,0.2,0.19428383351266748,0.19428383351266748
359.025,0.2,-0.021010948762181014,-0.021010948762181014
359.03,0.2,-0.16918834074896522,-0.16918834074896522
359.035,0.2,-0.04520904128331042,-0.04520904128331042
359.04,0.2,0.4124045119600772,0.4124045119600772
359.045,0.2,0.5299599623506841,0.5299599623506841
359.05,0.2,0.7806290768140813,0.7806290768140813
359.055,0.2,0.45049956524806917,0.45049956524806917
359.06,0.2,0.19702093750257899,0.19702093750257899
359.065,0.2,0.20151636066083736,0.20151636066083736
359.07,0.2,-0.12201990309098748,-0.12201990309098748
359.075,0.2,-0.0888721374038044,-0.0888721374038044
359.08,0.2,0.1449767613615811,0.1449767613615811
359.085,0.2,0.39842286762209256,0.39842286762209256
359.09,0.2,0.6859554977407044,0.6859554977407044
359.095,0.2,0.4189815882012056,0.4189815882012056
359.1,0.2,0.2177146382255093,0.2177146382255093
359.105,0.2,0.0511425735229889,0.0511425735229889
359.11,0.2,0.09446075838014778,0.09446075838014778
359.115,0.2,0.12505571883696687,0.12505571883696687
359.12,0.2,0.0041554482268198745,0.0041554482268198745
359.125,0.2,0.4997524601557742,0.4997524601557742
359.13,0.2,0.7571811917309418,0.7571811917309418
359.135,0.2,0.26129499526735595,0.26129499526735595
359.14,0.2,0.17671417826871783,0.17671417826871783
359.145,0.2,0.05836798344459623,0.05836798344459623
359.15,0.2,-0.3132916046968747,-0.3132916046968747
359.155,0.2,-0.1397927076297426,-0.1397927076297426
359.16,0.2,0.2021538164224076,0.2021538164224076
359.165,0.2,0.4025145568761771,0.4025145568761771
359.17,0.2,0.5156403294994735,0.5156403294994735
359.175,0.2,0.3962270252699014,0.3962270252699014
359.18,0.2,0.14179679516304813,0.14179679516304813
359.185,0.2,-0.17236653924521636,-0.17236653924521636
359.19,0.2,-0.13847703870768946,-0.13847703870768946
359.195,0.2,-0.017670165795383386,-0.017670165795383386
359.2,0.2,0.18582255730494054,0.18582255730494054
359.205,0.2,0.3593691411606523,0.3593691411606523
359.21,0.2,0.596004643726697,0.596004643726697
359.215,0.2,0.5506530388289028,0.5506530388289028
359.22,0.2,0.002825111827822968,0.002825111827822968
359.225,0.2,-0.13171571395443632,-0.13171571395443632
359.23,0.2,-0.10853785573145827,-0.10853785573145827
359.235,0.2,0.06167969415883652,0.06167969415883652
359.24,0.2,0.13692509090391916,0.13692509090391916
359.245,0.2,0.6000626389686341,0.6000626389686341
359.25,0.2,0.552681835680734,0.552681835680734
359.255,0.2,0.5418999316194635,0.5418999316194635
359.26,0.2,0.25087827404416785,0.25087827404416785
359.265,0.2,-0.12807457596986416,-0.12807457596986416
359.27,0.2,-0.15794217852328093,-0.15794217852328093
359.275,0.2,-0.008674039935485111,-0.008674039935485111
359.28,0.2,0.26517020043702855,0.26517020043702855
359.285,0.2,0.48806042498690333,0.48806042498690333
359.29,0.2,0.6690992720700828,0.6690992720700828
359.295,0.2,0.3758513774294553,0.3758513774294553
359.3,0.2,0.1450955601329479,0.1450955601329479
359.305,0.2,-0.15078079237791428,-0.15078079237791428
359.31,0.2,-0.21463163876395405,-0.21463163876395405
359.315,0.2,0.06527286254836127,0.06527286254836127
359.32,0.2,0.23164013853511256,0.23164013853511256
359.325,0.2,0.47109412557462443,0.47109412557462443
359.33,0.2,0.6000738667258464,0.6000738667258464
359.335,0.2,0.5790422829630143,0.5790422829630143
359.34,0.2,0.35031832012036596,0.35031832012036596
359.345,0.2,0.045618843901937836,0.045618843901937836
359.35,0.2,-0.1394564140178282,-0.1394564140178282
359.355,0.2,-0.25667095489647923,-0.25667095489647923
359.36,0.2,0.2501499080699202,0.2501499080699202
359.365,0.2,0.4477205040503964,0.4477205040503964
359.37,0.2,0.5572918093268844,0.5572918093268844
359.375,0.2,0.4216861005451855,0.4216861005451855
359.38,0.2,0.17888591437734783,0.17888591437734783
359.385,0.2,0.02251894815129009,0.02251894815129009
359.39,0.2,-0.1790092520470571,-0.1790092520470571
359.395,0.2,-0.09528096422513185,-0.09528096422513185
359.4,0.2,0.209192461482411,0.209192461482411
359.405,0.2,0.5437223662694683,0.5437223662694683
359.41,0.2,0.5801514599560736,0.5801514599560736
359.415,0.2,0.5393391079585677,0.5393391079585677
359.42,0.2,0.07128329505297348,0.07128329505297348
359.425,0.2,-0.1566735047990617,-0.1566735047990617
359.43,0.2,-0.10737928367588709,-0.10737928367588709
359.435,0.2,0.1552787806100518,0.1552787806100518
359.44,0.2,0.1179792817236428,0.1179792817236428
359.445,0.2,0.6028322433277067,0.6028322433277067
359.45,0.2,0.4406858568556345,0.4406858568556345
359.455,0.2,0.3416463761033478,0.3416463761033478
359.46,0.2,0.011053819416698557,0.011053819416698557
359.465,0.2,0.12152258020447038,0.12152258020447038
359.47,0.2,-0.20260253716723056,-0.20260253716723056
359.475,0.2,-0.1771777812229188,-0.1771777812229188
359.48,0.2,0.164503848885746,0.164503848885746
359.485,0.2,0.35074805252617774,0.35074805252617774
359.49,0.2,0.6097874891830557,0.6097874891830557
359.495,0.2,0.1052711142631344,0.1052711142631344
359.5,0.2,0.10480386436428092,0.10480386436428092
359.505,0.2,0.10492908759511876,0.10492908759511876
359.51,0.2,-0.24585427727276565,-0.24585427727276565
359.515,0.2,-0.19659951719805752,-0.19659951719805752
359.52,0.2,0.21894644895203566,0.21894644895203566
359.525,0.2,0.4141974328498882,0.4141974328498882
359.53,0.2,0.4895839840583943,0.4895839840583943
359.535,0.2,0.5592249303380077,0.5592249303380077
359.54,0.2,0.13477149107280417,0.13477149107280417
359.545,0.2,-0.17464766316117658,-0.17464766316117658
359.55,0.2,-0.16828282044127413,-0.16828282044127413
359.555,0.2,-0.015325292248475522,-0.015325292248475522
359.56,0.2,0.10779108057095706,0.10779108057095706
359.565,0.2,0.3298991094011486,0.3298991094011486
359.57,0.2,0.4989407944777806,0.4989407944777806
359.575,0.2,0.44515885940826333,0.44515885940826333
359.58,0.2,0.19345932467864035,0.19345932467864035
359.585,0.2,0.14863447741438818,0.14863447741438818
359.59,0.2,-0.2249326128595855,-0.2249326128595855
359.595,0.2,-0.14040230118430763,-0.14040230118430763
359.6,0.2,0.1518362214523703,0.1518362214523703
359.605,0.2,0.3241922139286962,0.3241922139286962
359.61,0.2,0.5765429665543889,0.5765429665543889
359.615,0.2,0.4347503516452515,0.4347503516452515
359.62,0.2,0.05404946704540092,0.05404946704540092
359.625,0.2,-0.15936773730614828,-0.15936773730614828
359.63,0.2,-0.27899375148562233,-0.27899375148562233
359.635,0.2,-0.04040232748200171,-0.04040232748200171
359.64,0.2,0.19664499875049085,0.19664499875049085
359.645,0.2,0.48049054643561045,0.48049054643561045
359.65,0.2,0.3806768758731554,0.3806768758731554
359.655,0.2,0.40220190645075693,0.40220190645075693
359.66,0.2,0.19530560539465175,0.19530560539465175
359.665,0.2,-0.16042580892679847,-0.16042580892679847
359.67,0.2,-0.0522808416843282,-0.0522808416843282
359.675,0.2,-0.04368740698317969,-0.04368740698317969
359.68,0.2,0.21018207752340012,0.21018207752340012
359.685,0.2,0.3692084350255326,0.3692084350255326
359.69,0.2,0.7738978811830786,0.7738978811830786
359.695,0.2,0.4190344047245102,0.4190344047245102
359.7,0.2,0.2759439757801945,0.2759439757801945
359.705,0.2,-0.05760037589663322,-0.05760037589663322
359.71,0.2,-0.10307411519900019,-0.10307411519900019
359.715,0.2,-0.01302531937268956,-0.01302531937268956
359.72,0.2,0.12159872164645083,0.12159872164645083
359.725,0.2,0.39235897983003937,0.39235897983003937
359.73,0.2,0.7056059300679413,0.7056059300679413
359.735,0.2,0.2808531364801618,0.2808531364801618
359.74,0.2,0.23824496723482402,0.23824496723482402
359.745,0.2,-0.11165520650186225,-0.11165520650186225
359.75,0.2,-0.19770905074884088,-0.19770905074884088
359.755,0.2,-0.08780132803248619,-0.08780132803248619
359.76,0.2,0.1647567216729719,0.1647567216729719
359.765,0.2,0.5724939649492817,0.5724939649492817
359.77,0.2,0.5905841208262799,0.5905841208262799
359.775,0.2,0.600277598301851,0.600277598301851
359.78,0.2,0.03466916424992379,0.03466916424992379
359.785,0.2,-0.03062450540611872,-0.03062450540611872
359.79,0.2,-0.18814000398913588,-0.18814000398913588
359.795,0.2,-0.03771629190223384,-0.03771629190223384
359.8,0.2,0.3141379884003941,0.3141379884003941
359.805,0.2,0.289750303811536,0.289750303811536
359.81,0.2,0.5127721264022445,0.5127721264022445
359.815,0.2,0.43307170555522806,0.43307170555522806
359.82,0.2,0.1297405259316068,0.1297405259316068
359.825,0.2,-0.23311630592574528,-0.23311630592574528
359.83,0.2,-0.27813207866407375,-0.27813207866407375
359.835,0.2,0.010246441439324364,0.010246441439324364
359.84,0.2,0.20465306515642712,0.20465306515642712
359.845,0.2,0.4820116146868236,0.4820116146868236
359.85,0.2,0.6365196952337638,0.6365196952337638
359.855,0.2,0.4252425807807808,0.4252425807807808
359.86,0.2,0.14874792276929263,0.14874792276929263
359.865,0.2,-0.14121398312915953,-0.14121398312915953
359.87,-0.2,-0.06567990358652703,-0.06567990358652703
359.875,-0.2,-0.09882895071225233,-0.09882895071225233
359.88,-0.2,0.13387993946099802,0.13387993946099802
359.885,-0.2,0.4802567815401987,0.4802567815401987
359.89,-0.2,0.5809746500595014,0.5809746500595014
359.895,-0.2,0.28410369584697376,0.28410369584697376
359.9,-0.2,0.22335406557580934,0.22335406557580934
359.905,-0.2,0.003807353590060708,0.003807353590060708
359.91,-0.2,-0.10529240405775958,-0.10529240405775958
359.915,-0.2,-0.05281004757607227,-0.05281004757607227
359.92,-0.2,0.12794705542313456,0.12794705542313456
359.925,-0.2,0.42904615974038945,0.42904615974038945
359.93,-0.2,0.48799088957769526,0.48799088957769526
359.935,-0.2,0.39592906281690515,0.39592906281690515
359.94,-0.2,0.040559714128671764,0.040559714128671764
359.945,-0.2,-0.10775799632450214,-0.10775799632450214
359.95,-0.2,-0.31468311465380744,-0.31468311465380744
359.955,-0.2,-0.02329920264065747,-0.02329920264065747
359.96,-0.2,0.2602856151426281,0.2602856151426281
359.965,-0.2,0.49725101898363233,0.49725101898363233
359.97,-0.2,0.5192327484002721,0.5192327484002721
359.975,-0.2,0.3282361355396635,0.3282361355396635
359.98,-0.2,0.25216222630694296,0.25216222630694296
359.985,-0.2,-0.16218132677654445,-0.16218132677654445
359.99,-0.2,-0.22358073836246847,-0.22358073836246847
359.995,-0.2,0.1045523415987881,0.1045523415987881
360.0,-0.2,0.163429222794409,0.163429222794409
360.005,-0.2,0.5441678481578568,0.5441678481578568
360.01,-0.2,0.5502703416825417,0.5502703416825417
360.015,-0.2,0.4157435544269691,0.4157435544269691
360.02,-0.2,0.27355774754317475,0.27355774754317475
360.025,-0.2,-0.0021800448518436433,-0.0021800448518436433
360.03,-0.2,-0.14787239298653818,-0.14787239298653818
360.035,-0.2,-0.17384997747246161,-0.17384997747246161
360.04,-0.2,0.2597717570154534,0.2597717570154534
360.045,-0.2,0.5304177735096013,0.5304177735096013
360.05,-0.2,0.6264157941903398,0.6264157941903398
360.055,-0.2,0.3923468184014237,0.3923468184014237
360.06,-0.2,0.09191310373641394,0.09191310373641394
360.065,-0.2,-0.0349264172443486,-0.0349264172443486
360.07,-0.2,-0.24996592920539365,-0.24996592920539365
360.075,-0.2,-0.17626935428826182,-0.17626935428826182
360.08,-0.2,0.18062749149026758,0.18062749149026758
360.085,-0.2,0.4192838803871466,0.4192838803871466
360.09,-0.2,0.5026885564231764,0.5026885564231764
360.095,-0.2,0.48148725184245517,0.48148725184245517
360.1,-0.2,0.2871184754271344,0.2871184754271344
360.105,-0.2,-0.09790089251446468,-0.09790089251446468
360.11,-0.2,-0.28148360856821464,-0.28148360856821464
360.115,-0.2,-0.14213832023999196,-0.14213832023999196
360.12,-0.2,0.31202460619275146,0.31202460619275146
360.125,-0.2,0.37777293505471,0.37777293505471
360.13,-0.2,0.5334742830120246,0.5334742830120246
360.135,-0.2,0.5406763206332061,0.5406763206332061
360.14,-0.2,0.15053644508228933,0.15053644508228933
360.145,-0.2,-0.11206951081659228,-0.11206951081659228
360.15,-0.2,-0.2308993387174228,-0.2308993387174228
360.155,-0.2,0.08410408667337005,0.08410408667337005
360.16,-0.2,0.2818309634590375,0.2818309634590375
360.165,-0.2,0.5718289902094189,0.5718289902094189
360.17,-0.2,0.5888376118681988,0.5888376118681988
360.175,-0.2,0.5204630106046031,0.5204630106046031
360.18,-0.2,0.14031881304157662,0.14031881304157662
360.185,-0.2,-0.11569666298098755,-0.11569666298098755
360.19,-0.2,-0.16777097431897603,-0.16777097431897603
360.195,-0.2,0.09066849684922848,0.09066849684922848
360.2,-0.2,0.27647841560063147,0.27647841560063147
360.205,-0.2,0.38970814825390415,0.38970814825390415
360.21,-0.2,0.55123342600439,0.55123342600439
360.215,-0.2,0.599493866526535,0.599493866526535
360.22,-0.2,0.2879699221284712,0.2879699221284712
360.225,-0.2,0.10194356890419579,0.10194356890419579
360.23,-0.2,-0.1037918693757529,-0.1037918693757529
360.235,-0.2,0.1862033343626178,0.1862033343626178
360.24,-0.2,0.35669537871051676,0.35669537871051676
360.245,-0.2,0.8165245840720692,0.8165245840720692
360.25,-0.2,0.5473490397794305,0.5473490397794305
360.255,-0.2,0.5228545933959873,0.5228545933959873
360.26,-0.2,0.2627333138217901,0.2627333138217901
360.265,-0.2,-0.196508864917145,-0.196508864917145
360.27,-0.2,0.04386487699451941,0.04386487699451941
360.275,-0.2,0.1526356440661027,0.1526356440661027
360.28,-0.2,0.37887029568316455,0.37887029568316455
360.285,-0.2,0.6244721095902261,0.6244721095902261
360.29,-0.2,0.8891310719642471,0.8891310719642471
360.295,-0.2,0.40654463878806185,0.40654463878806185
360.3,-0.2,0.34482660401293147,0.34482660401293147
360.305,-0.2,-0.1030287182513301,-0.1030287182513301
360.31,-0.2,0.0025265946547828808,0.0025265946547828808
360.315,-0.2,0.13323180450947422,0.13323180450947422
360.32,-0.2,0.4409370242757747,0.4409370242757747
360.325,-0.2,0.4900548017672305,0.4900548017672305
360.33,-0.2,0.5440837399938215,0.5440837399938215
360.335,-0.2,0.7463142363843105,0.7463142363843105
360.34,-0.2,0.2414083893179838,0.2414083893179838
360.345,-0.2,0.061325627720306225,0.061325627720306225
360.35,-0.2,-0.06200548294856444,-0.06200548294856444
360.355,-0.2,0.025432060254987066,0.025432060254987066
360.36,-0.2,0.4446865571005879,0.4446865571005879
360.365,-0.2,0.7295124131146798,0.7295124131146798
360.37,-0.2,0.7949978346914562,0.7949978346914562
360.375,-0.2,0.5651621909631204,0.5651621909631204
360.38,-0.2,0.26830764229699633,0.26830764229699633
360.385,-0.2,-0.1348894991900151,-0.1348894991900151
360.39,-0.2,0.033774250011597354,0.033774250011597354
360.395,-0.2,-0.0351862226983396,-0.0351862226983396
360.4,-0.2,0.3391577593823862,0.3391577593823862
360.405,-0.2,0.6468543569705058,0.6468543569705058
360.41,-0.2,0.7013120189168138,0.7013120189168138
360.415,-0.2,0.7523023593272986,0.7523023593272986
360.42,-0.2,0.3471158847794147,0.3471158847794147
360.425,-0.2,0.1296731678569119,0.1296731678569119
360.43,-0.2,-0.08914771858017641,-0.08914771858017641
360.435,-0.2,0.0001185208775083546,0.0001185208775083546
360.44,-0.2,0.34645713038762493,0.34645713038762493
360.445,-0.2,0.7723286752869253,0.7723286752869253
360.45,-0.2,0.6243907524806485,0.6243907524806485
360.455,-0.2,0.6051401258332636,0.6051401258332636
360.46,-0.2,0.15072559547728936,0.15072559547728936
360.465,-0.2,-0.05902790495514189,-0.05902790495514189
360.47,-0.2,-0.09508112079367145,-0.09508112079367145
360.475,-0.2,0.16756075907832516,0.16756075907832516
360.48,-0.2,0.3921296711893222,0.3921296711893222
360.485,-0.2,0.49070161583052846,0.49070161583052846
360.49,-0.2,0.6825242533554323,0.6825242533554323
360.495,-0.2,0.632908790893965,0.632908790893965
360.5,-0.2,0.21110840381583984,0.21110840381583984
360.505,-0.2,0.06277174738888464,0.06277174738888464
360.51,-0.2,0.0030913070163850545,0.0030913070163850545
360.515,-0.2,-0.03824235050890215,-0.03824235050890215
360.52,-0.2,0.25406246217481854,0.25406246217481854
360.525,-0.2,0.40473917025374745,0.40473917025374745
360.53,-0.2,0.7072198381606316,0.7072198381606316
360.535,-0.2,0.4722058053744844,0.4722058053744844
360.54,-0.2,0.3022613978087695,0.3022613978087695
360.545,-0.2,0.20193836739617996,0.20193836739617996
360.55,-0.2,-0.15785926084783608,-0.15785926084783608
360.555,-0.2,0.026539526390533023,0.026539526390533023
360.56,-0.2,0.28122228103884184,0.28122228103884184
360.565,-0.2,0.5823654756029484,0.5823654756029484
360.57,-0.2,0.5378335906509576,0.5378335906509576
360.575,-0.2,0.3710516526869255,0.3710516526869255
360.58,-0.2,0.40772009286887023,0.40772009286887023
360.585,-0.2,0.07334443123957286,0.07334443123957286
360.59,-0.2,-0.12264848084077462,-0.12264848084077462
360.595,-0.2,-0.03137933527672534,-0.03137933527672534
360.6,-0.2,0.24964429061954801,0.24964429061954801
360.605,-0.2,0.7123079511435597,0.7123079511435597
360.61,-0.2,0.702999297822845,0.702999297822845
360.615,-0.2,0.6294260851577453,0.6294260851577453
360.62,-0.2,0.28337184979699254,0.28337184979699254
360.625,-0.2,-0.013917622737567446,-0.013917622737567446
360.63,-0.2,-0.2974317392431395,-0.2974317392431395
360.635,-0.2,-0.0032013655311167073,-0.0032013655311167073
360.64,-0.2,0.18885833259871893,0.18885833259871893
360.645,-0.2,0.4496317537666946,0.4496317537666946
360.65,-0.2,0.6514166122753952,0.6514166122753952
360.655,-0.2,0.4819080387757085,0.4819080387757085
360.66,-0.2,0.3372768898764559,0.3372768898764559
360.665,-0.2,-0.1084304088467026,-0.1084304088467026
360.67,-0.2,-0.05137483198935121,-0.05137483198935121
360.675,-0.2,0.09154773275672956,0.09154773275672956
360.68,-0.2,0.26861615252175636,0.26861615252175636
360.685,-0.2,0.5522445013440351,0.5522445013440351
360.69,-0.2,0.7313033460250205,0.7313033460250205
360.695,-0.2,0.6773694386034936,0.6773694386034936
360.7,-0.2,0.12288827337396398,0.12288827337396398
360.705,-0.2,-0.06236609109319488,-0.06236609109319488
360.71,-0.2,-0.15135499512463743,-0.15135499512463743
360.715,-0.2,-0.11115630687782406,-0.11115630687782406
360.72,-0.2,0.3649891591146753,0.3649891591146753
360.725,-0.2,0.27040130785757427,0.27040130785757427
360.73,-0.2,0.7051719287914315,0.7051719287914315
360.735,-0.2,0.5423603198998618,0.5423603198998618
360.74,-0.2,0.2618357569402025,0.2618357569402025
360.745,-0.2,-0.13885303735250776,-0.13885303735250776
360.75,-0.2,-0.2700019994871121,-0.2700019994871121
360.755,-0.2,-0.08339233619712429,-0.08339233619712429
360.76,-0.2,0.328832304733392,0.328832304733392
360.765,-0.2,0.34393217787078356,0.34393217787078356
360.77,-0.2,0.6477420449950935,0.6477420449950935
360.775,-0.2,0.5506914163636629,0.5506914163636629
360.78,-0.2,0.25407043748063945,0.25407043748063945
360.785,-0.2,-0.05857501335798586,-0.05857501335798586
360.79,-0.2,-0.2337205972204651,-0.2337205972204651
360.795,-0.2,0.012427648186895797,0.012427648186895797
360.8,-0.2,0.23373310374564676,0.23373310374564676
360.805,-0.2,0.5101046033809912,0.5101046033809912
360.81,-0.2,0.5859617601781342,0.5859617601781342
360.815,-0.2,0.4995492211612956,0.4995492211612956
360.82,-0.2,0.20224154425162755,0.20224154425162755
360.825,-0.2,0.05850331924151089,0.05850331924151089
360.83,-0.2,-0.11636063275985037,-0.11636063275985037
360.835,-0.2,-0.11511402033258762,-0.11511402033258762
360.84,-0.2,0.2193749733085714,0.2193749733085714
360.845,-0.2,0.5805662452260489,0.5805662452260489
360.85,-0.2,0.632056510641743,0.632056510641743
360.855,-0.2,0.45944788728768454,0.45944788728768454
360.86,-0.2,0.2728303302075309,0.2728303302075309
360.865,-0.2,-0.2682653022442092,-0.2682653022442092
360.87,-0.2,-0.32993557380124106,-0.32993557380124106
360.875,-0.2,-0.026714825275850736,-0.026714825275850736
360.88,-0.2,0.26391698867165303,0.26391698867165303
360.885,-0.2,0.5540639033249833,0.5540639033249833
360.89,-0.2,0.4670417150298058,0.4670417150298058
360.895,-0.2,0.30780220376210765,0.30780220376210765
360.9,-0.2,0.34760436274555984,0.34760436274555984
360.905,-0.2,0.0730119944684122,0.0730119944684122
360.91,-0.2,-0.14963103421160742,-0.14963103421160742
360.915,-0.2,-0.058629352823022104,-0.058629352823022104
360.92,-0.2,0.40632444900132947,0.40632444900132947
360.925,-0.2,0.39868768170775964,0.39868768170775964
360.93,-0.2,0.5393680354165272,0.5393680354165272
360.935,-0.2,0.5147583863043013,0.5147583863043013
360.94,-0.2,0.23625708669742335,0.23625708669742335
360.945,-0.2,-0.22729878769072942,-0.22729878769072942
360.95,-0.2,0.03226851580597476,0.03226851580597476
360.955,-0.2,0.003988051027040362,0.003988051027040362
360.96,-0.2,0.14622247659370557,0.14622247659370557
360.965,-0.2,0.38900430919902423,0.38900430919902423
360.97,-0.2,0.6118541557923572,0.6118541557923572
360.975,-0.2,0.6288389539240544,0.6288389539240544
360.98,-0.2,0.26131315030963514,0.26131315030963514
360.985,-0.2,-0.03371293923789885,-0.03371293923789885
360.99,-0.2,-0.32430114675153926,-0.32430114675153926
360.995,-0.2,0.10845097977600365,0.10845097977600365
361.0,-0.2,0.048986673433759675,0.048986673433759675
361.005,-0.2,0.5225591827854893,0.5225591827854893
361.01,-0.2,0.539232914502863,0.539232914502863
361.015,-0.2,0.45467026036688896,0.45467026036688896
361.02,-0.2,0.2278787729442337,0.2278787729442337
361.025,-0.2,-0.07406240300947636,-0.07406240300947636
361.03,-0.2,-0.09478462834052062,-0.09478462834052062
361.035,-0.2,-0.22994342821461883,-0.22994342821461883
361.04,-0.2,0.32784076314658606,0.32784076314658606
361.045,-0.2,0.3745831220146214,0.3745831220146214
361.05,-0.2,0.32329033806473406,0.32329033806473406
361.055,-0.2,0.5866438774394522,0.5866438774394522
361.06,-0.2,0.21935520228654826,0.21935520228654826
361.065,-0.2,-0.2212937337663388,-0.2212937337663388
361.07,-0.2,-0.12081426851108182,-0.12081426851108182
361.075,-0.2,0.13736924819071927,0.13736924819071927
361.08,-0.2,0.25371564194757446,0.25371564194757446
361.085,-0.2,0.4648935807377411,0.4648935807377411
361.09,-0.2,0.6099120248707617,0.6099120248707617
361.095,-0.2,0.6078511257137031,0.6078511257137031
361.1,-0.2,0.1491478163928675,0.1491478163928675
361.105,-0.2,-0.10192745619074645,-0.10192745619074645
361.11,-0.2,-0.08880517355193826,-0.08880517355193826
361.115,-0.2,-0.11473642698422787,-0.11473642698422787
361.12,-0.2,0.15982370825164072,0.15982370825164072
361.125,-0.2,0.5292068001972509,0.5292068001972509
361.13,-0.2,0.5661170016295634,0.5661170016295634
361.135,-0.2,0.6237592020437664,0.6237592020437664
361.14,-0.2,0.16720828063465434,0.16720828063465434
361.145,-0.2,-0.2697534442089805,-0.2697534442089805
361.15,-0.2,-0.02848739539833263,-0.02848739539833263
361.155,-0.2,-0.04985035791210548,-0.04985035791210548
361.16,-0.2,0.3754700803919161,0.3754700803919161
361.165,-0.2,0.39343790729639316,0.39343790729639316
361.17,-0.2,0.6496973479508729,0.6496973479508729
361.175,-0.2,0.37849616372737555,0.37849616372737555
361.18,-0.2,0.11962977031187755,0.11962977031187755
361.185,-0.2,-0.12488641938082762,-0.12488641938082762
361.19,-0.2,-0.23105914886514417,-0.23105914886514417
361.195,-0.2,0.10629852022103392,0.10629852022103392
361.2,-0.2,0.2056679915489198,0.2056679915489198
361.205,-0.2,0.5177339863724401,0.5177339863724401
361.21,-0.2,0.6971246933229833,0.6971246933229833
361.215,-0.2,0.3950566302643096,0.3950566302643096
361.22,-0.2,0.20668961136575348,0.20668961136575348
361.225,-0.2,-0.1448302949381644,-0.1448302949381644
361.23,-0.2,-0.05382515232630723,-0.05382515232630723
361.235,-0.2,-0.03360237530115742,-0.03360237530115742
361.24,-0.2,0.2601778366205562,0.2601778366205562
361.245,-0.2,0.593573758985845,0.593573758985845
361.25,-0.2,0.712853800115025,0.712853800115025
361.255,-0.2,0.5303166313255456,0.5303166313255456
361.26,-0.2,0.11512589056632544,0.11512589056632544
361.265,-0.2,-0.19049799751760327,-0.19049799751760327
361.27,-0.2,-0.26502085648109197,-0.26502085648109197
361.275,-0.2,-0.09519635684245127,-0.09519635684245127
361.28,-0.2,0.273037200303772,0.273037200303772
361.285,-0.2,0.3084151712135347,0.3084151712135347
361.29,-0.2,0.523769512446343,0.523769512446343
361.295,-0.2,0.47555799256818265,0.47555799256818265
361.3,-0.2,0.20379572564890536,0.20379572564890536
361.305,-0.2,-0.29761952898328525,-0.29761952898328525
361.31,-0.2,-0.24948388401549423,-0.24948388401549423
361.315,-0.2,0.24071406027783043,0.24071406027783043
361.32,-0.2,0.10756473533528342,0.10756473533528342
361.325,-0.2,0.35588587279052564,0.35588587279052564
361.33,-0.2,0.7386229489847038,0.7386229489847038
361.335,-0.2,0.5524903069496286,0.5524903069496286
361.34,-0.2,0.27694530037366905,0.27694530037366905
361.345,-0.2,-0.058016284184589886,-0.058016284184589886
361.35,-0.2,0.1516535461379389,0.1516535461379389
361.355,-0.2,0.0980672165917436,0.0980672165917436
361.36,-0.2,0.28872378174352015,0.28872378174352015
361.365,-0.2,0.5892186202302877,0.5892186202302877
361.37,-0.2,0.6764387660513188,0.6764387660513188
361.375,-0.2,0.44892674268792565,0.44892674268792565
361.38,-0.2,0.2289158018393363,0.2289158018393363
361.385,-0.2,-0.04441712818830504,-0.04441712818830504
361.39,-0.2,-0.14780528141643734,-0.14780528141643734
361.395,-0.2,-0.0018687929054551633,-0.0018687929054551633
361.4,-0.2,0.1512570380389566,0.1512570380389566
361.405,-0.2,0.6610988492676199,0.6610988492676199
361.41,-0.2,0.5364449622109022,0.5364449622109022
361.415,-0.2,0.5497024914486337,0.5497024914486337
361.42,-0.2,0.2843168746535726,0.2843168746535726
361.425,-0.2,0.009126411564756992,0.009126411564756992
361.43,-0.2,-0.25664624534849917,-0.25664624534849917
361.435,-0.2,0.03739435055675187,0.03739435055675187
361.44,-0.2,0.12246099513816591,0.12246099513816591
361.445,-0.2,0.6897360006304953,0.6897360006304953
361.45,-0.2,0.5633864582473455,0.5633864582473455
361.455,-0.2,0.4434245662996819,0.4434245662996819
361.46,-0.2,0.18065209844781488,0.18065209844781488
361.465,-0.2,-0.06547665119169742,-0.06547665119169742
361.47,-0.2,-0.1514107698029338,-0.1514107698029338
361.475,-0.2,-0.032200208773508994,-0.032200208773508994
361.48,-0.2,0.21645520864803913,0.21645520864803913
361.485,-0.2,0.587033484507734,0.587033484507734
361.49,-0.2,0.7143858004273188,0.7143858004273188
361.495,-0.2,0.6197764958810564,0.6197764958810564
361.5,-0.2,0.2038189337645949,0.2038189337645949
361.505,-0.2,-0.254709719382605,-0.254709719382605
361.51,-0.2,-0.23686163927364756,-0.23686163927364756
361.515,-0.2,-0.19142027577505089,-0.19142027577505089
361.52,-0.2,0.26804383972859724,0.26804383972859724
361.525,-0.2,0.37312108517392967,0.37312108517392967
361.53,-0.2,0.44743429287185515,0.44743429287185515
361.535,-0.2,0.5943847089446394,0.5943847089446394
361.54,-0.2,0.22795152368649543,0.22795152368649543
361.545,-0.2,-0.2058643416447269,-0.2058643416447269
361.55,-0.2,-0.1551891764483968,-0.1551891764483968
361.555,-0.2,0.10433716079545471,0.10433716079545471
361.56,-0.2,-0.03592293783245032,-0.03592293783245032
361.565,-0.2,0.6434285528772746,0.6434285528772746
361.57,-0.2,0.6453146605862499,0.6453146605862499
361.575,-0.2,0.3826435896934102,0.3826435896934102
361.58,-0.2,0.14511455354661731,0.14511455354661731
361.585,-0.2,-0.09453947892372982,-0.09453947892372982
361.59,-0.2,-0.15109881982591666,-0.15109881982591666
361.595,-0.2,0.004489168401626276,0.004489168401626276
361.6,-0.2,-0.022373000661655346,-0.022373000661655346
361.605,-0.2,0.36554378236313007,0.36554378236313007
361.61,-0.2,0.4588080385150633,0.4588080385150633
361.615,-0.2,0.35860001464208846,0.35860001464208846
361.62,-0.2,-0.015871293408837833,-0.015871293408837833
361.625,-0.2,-0.058055936618305416,-0.058055936618305416
361.63,-0.2,-0.2675346203327571,-0.2675346203327571
361.635,-0.2,-0.10287382687681824,-0.10287382687681824
361.64,-0.2,0.06708990785683545,0.06708990785683545
361.645,-0.2,0.4158907842844944,0.4158907842844944
361.65,-0.2,0.45525283043870357,0.45525283043870357
361.655,-0.2,0.5028482561670211,0.5028482561670211
361.66,-0.2,0.20385863341712246,0.20385863341712246
361.665,-0.2,-0.0841234147212428,-0.0841234147212428
361.67,-0.2,-0.2795323123798951,-0.2795323123798951
361.675,-0.2,-0.10276841844947755,-0.10276841844947755
361.68,-0.2,0.17173775240545258,0.17173775240545258
361.685,-0.2,0.22179369044961886,0.22179369044961886
361.69,-0.2,0.5253870939895333,0.5253870939895333
361.695,-0.2,0.2743689739879589,0.2743689739879589
361.7,-0.2,0.2117431720746169,0.2117431720746169
361.705,-0.2,-0.2003564745251199,-0.2003564745251199
361.71,-0.2,-0.08768157895624593,-0.08768157895624593
361.715,-0.2,0.18820344202730935,0.18820344202730935
361.72,-0.2,-0.16275764634222173,-0.16275764634222173
361.725,-0.2,0.37514450637660013,0.37514450637660013
361.73,-0.2,0.5212798660130127,0.5212798660130127
361.735,-0.2,0.47030102710499827,0.47030102710499827
361.74,-0.2,0.08268371287669525,0.08268371287669525
361.745,-0.2,-0.16342149256807192,-0.16342149256807192
361.75,-0.2,-0.1195406622127359,-0.1195406622127359
361.755,-0.2,-0.17204412694139892,-0.17204412694139892
361.76,-0.2,0.13640478531172845,0.13640478531172845
361.765,-0.2,0.519436978544819,0.519436978544819
361.77,-0.2,0.5709696293175617,0.5709696293175617
361.775,-0.2,0.3206091106246555,0.3206091106246555
361.78,-0.2,0.09719441619412222,0.09719441619412222
361.785,-0.2,0.013545786593585352,0.013545786593585352
361.79,-0.2,-0.2965897913423217,-0.2965897913423217
361.795,-0.2,0.07548338031668637,0.07548338031668637
361.8,-0.2,0.24501651802992405,0.24501651802992405
361.805,-0.2,0.4260666610579359,0.4260666610579359
361.81,-0.2,0.5713165719750575,0.5713165719750575
361.815,-0.2,0.5504409599446353,0.5504409599446353
361.82,-0.2,0.17107541534856607,0.17107541534856607
361.825,-0.2,-0.2737507682619955,-0.2737507682619955
361.83,-0.2,-0.2131053399950594,-0.2131053399950594
361.835,-0.2,0.0678213071485765,0.0678213071485765
361.84,-0.2,0.241603345235933,0.241603345235933
361.845,-0.2,0.3268170515564414,0.3268170515564414
361.85,-0.2,0.8017776245084507,0.8017776245084507
361.855,-0.2,0.5020739807144533,0.5020739807144533
361.86,-0.2,0.46821882231151873,0.46821882231151873
361.865,-0.2,-0.19921026812610212,-0.19921026812610212
361.87,-0.2,-0.09948490368727161,-0.09948490368727161
361.875,-0.2,0.06283828591694936,0.06283828591694936
361.88,-0.2,0.21103352943091774,0.21103352943091774
361.885,-0.2,0.5041748592621693,0.5041748592621693
361.89,-0.2,0.6927693180103837,0.6927693180103837
361.895,-0.2,0.49184719609459127,0.49184719609459127
361.9,-0.2,0.37032704548719114,0.37032704548719114
361.905,-0.2,0.13182223228324358,0.13182223228324358
361.91,-0.2,-0.21796529245088592,-0.21796529245088592
361.915,-0.2,0.043478848613099516,0.043478848613099516
361.92,-0.2,0.2961418702397178,0.2961418702397178
361.925,-0.2,0.5770081723466658,0.5770081723466658
361.93,-0.2,0.601308741259884,0.601308741259884
361.935,-0.2,0.5030644295204812,0.5030644295204812
361.94,-0.2,0.08183985814746794,0.08183985814746794
361.945,-0.2,-0.014071982365569408,-0.014071982365569408
361.95,-0.2,-0.18415670634547132,-0.18415670634547132
361.955,-0.2,0.09991501494126134,0.09991501494126134
361.96,-0.2,0.10424706363496775,0.10424706363496775
361.965,-0.2,0.5289712687430803,0.5289712687430803
361.97,-0.2,0.77500106838912,0.77500106838912
361.975,-0.2,0.4654025859890671,0.4654025859890671
361.98,-0.2,-0.009163833998174858,-0.009163833998174858
361.985,-0.2,0.10571400154774883,0.10571400154774883
361.99,-0.2,-0.1645047813299415,-0.1645047813299415
361.995,-0.2,-0.05442560095310418,-0.05442560095310418
362.0,-0.2,0.3197992493887591,0.3197992493887591
362.005,-0.2,0.5122247017124024,0.5122247017124024
362.01,-0.2,0.6721753223791636,0.6721753223791636
362.015,-0.2,0.6672629652674356,0.6672629652674356
362.02,-0.2,0.2685434699655399,0.2685434699655399
362.025,-0.2,0.01745302713075675,0.01745302713075675
362.03,-0.2,-0.10215898526828987,-0.10215898526828987
362.035,-0.2,-0.08301397840786512,-0.08301397840786512
362.04,-0.2,0.5321678063420092,0.5321678063420092
362.045,-0.2,0.7328012779236659,0.7328012779236659
362.05,-0.2,0.7675206791933484,0.7675206791933484
362.055,-0.2,0.3886308620072406,0.3886308620072406
362.06,-0.2,0.29585267612659816,0.29585267612659816
362.065,-0.2,-0.05213172085779423,-0.05213172085779423
362.07,-0.2,0.033101116777293466,0.033101116777293466
362.075,-0.2,-0.29478445676453724,-0.29478445676453724
362.08,-0.2,0.1673431517540992,0.1673431517540992
362.085,-0.2,0.3920716431503959,0.3920716431503959
362.09,-0.2,0.581206499690242,0.581206499690242
362.095,-0.2,0.5799947995473536,0.5799947995473536
362.1,-0.2,0.3072703664293708,0.3072703664293708
362.105,-0.2,-0.05706172098087327,-0.05706172098087327
362.11,-0.2,-0.28209046175625774,-0.28209046175625774
362.115,-0.2,-0.07591754670957326,-0.07591754670957326
362.12,-0.2,0.2883016306061814,0.2883016306061814
362.125,-0.2,0.49253794422745784,0.49253794422745784
362.13,-0.2,0.7609358630034855,0.7609358630034855
362.135,-0.2,0.5403662227151446,0.5403662227151446
362.14,-0.2,0.22418576453579614,0.22418576453579614
362.145,-0.2,0.07252079699325081,0.07252079699325081
362.15,-0.2,-0.2956299191922911,-0.2956299191922911
362.155,-0.2,0.0816668697412808,0.0816668697412808
362.16,-0.2,0.30133165684124713,0.30133165684124713
362.165,-0.2,0.5302945224700354,0.5302945224700354
362.17,-0.2,0.5691540403364926,0.5691540403364926
362.175,-0.2,0.3891336242749764,0.3891336242749764
362.18,-0.2,0.17297556761987623,0.17297556761987623
362.185,-0.2,-0.044152094274948164,-0.044152094274948164
362.19,-0.2,0.10034640678534862,0.10034640678534862
362.195,-0.2,0.015197229195474955,0.015197229195474955
362.2,-0.2,0.23825360751843377,0.23825360751843377
362.205,-0.2,0.5043069481809491,0.5043069481809491
362.21,-0.2,0.5667322169768728,0.5667322169768728
362.215,-0.2,0.2538360375413978,0.2538360375413978
362.22,-0.2,0.10083138912531683,0.10083138912531683
362.225,-0.2,0.06292885327381265,0.06292885327381265
362.23,-0.2,-0.2277627914097322,-0.2277627914097322
362.235,-0.2,0.01634986350048826,0.01634986350048826
362.24,-0.2,0.06191408512245172,0.06191408512245172
362.245,-0.2,0.3940576837608918,0.3940576837608918
362.25,-0.2,0.6476260448647211,0.6476260448647211
362.255,-0.2,0.3349680593772822,0.3349680593772822
362.26,-0.2,-0.03176096300148146,-0.03176096300148146
362.265,-0.2,-0.11985671272016296,-0.11985671272016296
362.27,-0.2,-0.14470016082518683,-0.14470016082518683
362.275,-0.2,-0.1300794356709678,-0.1300794356709678
362.28,-0.2,0.27094226136015676,0.27094226136015676
362.285,-0.2,0.5303918432069099,0.5303918432069099
362.29,-0.2,0.40135494396762583,0.40135494396762583
362.295,-0.2,0.39535823644472584,0.39535823644472584
362.3,-0.2,0.07734456599509919,0.07734456599509919
362.305,-0.2,-0.02538807309558193,-0.02538807309558193
362.31,-0.2,-0.26724546719001996,-0.26724546719001996
362.315,-0.2,-0.27714938003939105,-0.27714938003939105
362.32,-0.2,0.19597644380118592,0.19597644380118592
362.325,-0.2,0.29211947139378985,0.29211947139378985
362.33,-0.2,0.4613375558971625,0.4613375558971625
362.335,-0.2,0.4051836881728497,0.4051836881728497
362.34,-0.2,0.09388469133409949,0.09388469133409949
362.345,-0.2,-0.1399789110824528,-0.1399789110824528
362.35,-0.2,-0.19492696937289886,-0.19492696937289886
362.355,-0.2,0.029503752342880052,0.029503752342880052
362.36,-0.2,0.20319332492042141,0.20319332492042141
362.365,-0.2,0.4167126686913328,0.4167126686913328
362.37,-0.2,0.5013473330518461,0.5013473330518461
362.375,-0.2,0.41125096246828696,0.41125096246828696
362.38,-0.2,0.08727388698560154,0.08727388698560154
362.385,-0.2,-0.21745523365461536,-0.21745523365461536
362.39,-0.2,-0.47244352267567724,-0.47244352267567724
362.395,-0.2,-0.20558445178365767,-0.20558445178365767
362.4,-0.2,0.06424704171372755,0.06424704171372755
362.405,-0.2,0.5223493445331376,0.5223493445331376
362.41,-0.2,0.4445911040184469,0.4445911040184469
362.415,-0.2,0.6335902322354376,0.6335902322354376
362.42,-0.2,0.15745467047763528,0.15745467047763528
362.425,-0.2,-0.25130673937221093,-0.25130673937221093
362.43,-0.2,-0.23547148339218438,-0.23547148339218438
362.435,-0.2,-0.1600977728430793,-0.1600977728430793
362.44,-0.2,0.4138005573631343,0.4138005573631343
362.445,-0.2,0.300230261275456,0.300230261275456
362.45,-0.2,0.5708449905597532,0.5708449905597532
362.455,-0.2,0.20290906183446936,0.20290906183446936
362.46,-0.2,0.034863239474118526,0.034863239474118526
362.465,-0.2,-0.1623808107955342,-0.1623808107955342
362.47,-0.2,-0.142413079289131,-0.142413079289131
362.475,-0.2,-0.058841123290058514,-0.058841123290058514
362.48,-0.2,0.10171671134283186,0.10171671134283186
362.485,-0.2,0.5870806728269458,0.5870806728269458
362.49,-0.2,0.46734879678930646,0.46734879678930646
362.495,-0.2,0.3411047828178337,0.3411047828178337
362.5,-0.2,0.01701894404211264,0.01701894404211264
362.505,-0.2,-0.16719449741672876,-0.16719449741672876
362.51,-0.2,-0.20575389083039866,-0.20575389083039866
362.515,-0.2,-0.2714053802279424,-0.2714053802279424
362.52,-0.2,0.23106753914407266,0.23106753914407266
362.525,-0.2,0.3910633881090299,0.3910633881090299
362.53,-0.2,0.6695794035905579,0.6695794035905579
362.535,-0.2,0.11697431794502472,0.11697431794502472
362.54,-0.2,0.14205103174809114,0.14205103174809114
362.545,-0.2,-0.10139715796227933,-0.10139715796227933
362.55,-0.2,-0.21613610060347668,-0.21613610060347668
362.555,-0.2,-0.2333198592274468,-0.2333198592274468
362.56,-0.2,0.13413389155728844,0.13413389155728844
362.565,-0.2,0.4038232529521084,0.4038232529521084
362.57,-0.2,0.4313834110708731,0.4313834110708731
362.575,-0.2,0.3987604151083636,0.3987604151083636
362.58,-0.2,0.33873503384011355,0.33873503384011355
362.585,-0.2,-0.1960328612589051,-0.1960328612589051
362.59,-0.2,-0.21515847045346365,-0.21515847045346365
362.595,-0.2,-0.0842693705299691,-0.0842693705299691
362.6,-0.2,0.11879032644506746,0.11879032644506746
362.605,-0.2,0.39708936712467513,0.39708936712467513
362.61,-0.2,0.5181077853427892,0.5181077853427892
362.615,-0.2,0.34664107142231554,0.34664107142231554
362.62,-0.2,-0.132900094227271,-0.132900094227271
362.625,-0.2,0.12654641975554148,0.12654641975554148
362.63,-0.2,-0.08203426722987893,-0.08203426722987893
362.635,-0.2,-0.011110145008980138,-0.011110145008980138
362.64,-0.2,0.06242094224669084,0.06242094224669084
362.645,-0.2,0.4192286635992363,0.4192286635992363
362.65,-0.2,0.6054081035879537,0.6054081035879537
362.655,-0.2,0.28819170723640186,0.28819170723640186
362.66,-0.2,0.24572266118756747,0.24572266118756747
362.665,-0.2,-0.08607145479709377,-0.08607145479709377
362.67,-0.2,-0.29141965591479935,-0.29141965591479935
362.675,-0.2,-0.08603168152048879,-0.08603168152048879
362.68,-0.2,0.16913015998504913,0.16913015998504913
362.685,-0.2,0.547551753790819,0.547551753790819
362.69,-0.2,0.489217864834423,0.489217864834423
362.695,-0.2,0.43847543055708293,0.43847543055708293
362.7,-0.2,0.024081387604509327,0.024081387604509327
362.705,-0.2,-0.18996154248978403,-0.18996154248978403
362.71,-0.2,-0.12521560097362577,-0.12521560097362577
362.715,-0.2,0.017217493035738274,0.017217493035738274
362.72,-0.2,0.24712001548541052,0.24712001548541052
362.725,-0.2,0.3591600930101008,0.3591600930101008
362.73,-0.2,0.6915892421069163,0.6915892421069163
362.735,-0.2,0.4911789003704825,0.4911789003704825
362.74,-0.2,0.08083714774642728,0.08083714774642728
362.745,-0.2,-0.040483081823939684,-0.040483081823939684
362.75,-0.2,-0.09726291926580888,-0.09726291926580888
362.755,-0.2,-0.20286004760092924,-0.20286004760092924
362.76,-0.2,0.07367205530757545,0.07367205530757545
362.765,-0.2,0.42917310132677866,0.42917310132677866
362.77,-0.2,0.6324609094085027,0.6324609094085027
362.775,-0.2,0.24592541256396322,0.24592541256396322
362.78,-0.2,0.19164814557402418,0.19164814557402418
362.785,-0.2,0.03157446531039307,0.03157446531039307
362.79,-0.2,-0.40054835548565804,-0.40054835548565804
362.795,-0.2,-0.02248114197935791,-0.02248114197935791
362.8,-0.2,0.19465831629439473,0.19465831629439473
362.805,-0.2,0.2607886672468942,0.2607886672468942
362.81,-0.2,0.48637449941580974,0.48637449941580974
362.815,-0.2,0.49781781517470497,0.49781781517470497
362.82,-0.2,0.14395762784190289,0.14395762784190289
362.825,-0.2,-0.01993195043825756,-0.01993195043825756
362.83,-0.2,-0.4884852160790696,-0.4884852160790696
362.835,-0.2,-0.014438308462723454,-0.014438308462723454
362.84,-0.2,0.08552757810982091,0.08552757810982091
362.845,-0.2,0.39301451127691533,0.39301451127691533
362.85,-0.2,0.5983794391411933,0.5983794391411933
362.855,-0.2,0.4263745192354667,0.4263745192354667
362.86,-0.2,0.22768466591877976,0.22768466591877976
362.865,-0.2,0.05730541807215064,0.05730541807215064
362.87,-0.2,-0.18487922970816068,-0.18487922970816068
362.875,-0.2,-0.004311905665564664,-0.004311905665564664
362.88,-0.2,0.17756550404002297,0.17756550404002297
362.885,-0.2,0.2380605148348515,0.2380605148348515
362.89,-0.2,0.5695756172852385,0.5695756172852385
362.895,-0.2,0.37961263374301546,0.37961263374301546
362.9,-0.2,0.19091608574319846,0.19091608574319846
362.905,-0.2,-0.09915479845107451,-0.09915479845107451
362.91,-0.2,-0.11769762167666073,-0.11769762167666073
362.915,-0.2,-0.17261362591275364,-0.17261362591275364
362.92,-0.2,0.09284306265454224,0.09284306265454224
362.925,-0.2,0.3848590730329706,0.3848590730329706
362.93,-0.2,0.5535955376766524,0.5535955376766524
362.935,-0.2,0.6753910986396567,0.6753910986396567
362.94,-0.2,-0.030453590149856186,-0.030453590149856186
362.945,-0.2,-0.07212000282465579,-0.07212000282465579
362.95,-0.2,-0.010047126935347594,-0.010047126935347594
362.955,-0.2,-0.30103217753482964,-0.30103217753482964
362.96,-0.2,0.21329748814089655,0.21329748814089655
362.965,-0.2,0.3367671465135476,0.3367671465135476
362.97,-0.2,0.5905430814416106,0.5905430814416106
362.975,-0.2,0.3785988586147467,0.3785988586147467
362.98,-0.2,0.16462725436513656,0.16462725436513656
362.985,-0.2,-0.11321339781303671,-0.11321339781303671
362.99,-0.2,-0.13558293277635775,-0.13558293277635775
362.995,-0.2,-0.028738822597596664,-0.028738822597596664
363.0,-0.2,0.4046323131758733,0.4046323131758733
363.005,-0.2,0.45173227533368443,0.45173227533368443
363.01,-0.2,0.46479653257923187,0.46479653257923187
363.015,-0.2,0.33859721862098996,0.33859721862098996
363.02,-0.2,0.021172457711490816,0.021172457711490816
363.025,-0.2,-0.09667420722309027,-0.09667420722309027
363.03,-0.2,-0.2397152025279127,-0.2397152025279127
363.035,-0.2,-0.06483999083551334,-0.06483999083551334
363.04,-0.2,0.08821593362647613,0.08821593362647613
363.045,-0.2,0.46242458918206636,0.46242458918206636
363.05,-0.2,0.44963380964741606,0.44963380964741606
363.055,-0.2,0.29903452740706704,0.29903452740706704
363.06,-0.2,0.16422812006004317,0.16422812006004317
363.065,-0.2,-0.050046431999567306,-0.050046431999567306
363.07,-0.2,-0.2911865055093245,-0.2911865055093245
363.075,-0.2,-0.15316197665937364,-0.15316197665937364
363.08,-0.2,0.21315862016193268,0.21315862016193268
363.085,-0.2,0.5003006706013899,0.5003006706013899
363.09,-0.2,0.620899602576016,0.620899602576016
363.095,-0.2,0.2591444963868552,0.2591444963868552
363.1,-0.2,0.02153035699055378,0.02153035699055378
363.105,-0.2,-0.09851123294324357,-0.09851123294324357
363.11,-0.2,-0.20609464979729733,-0.20609464979729733
363.115,-0.2,-0.01846008704700971,-0.01846008704700971
363.12,-0.2,0.04109522698812437,0.04109522698812437
363.125,-0.2,0.4990434645068751,0.4990434645068751
363.13,-0.2,0.4702357889627058,0.4702357889627058
363.135,-0.2,0.41963858220253425,0.41963858220253425
363.14,-0.2,-0.018739285652223256,-0.018739285652223256
363.145,-0.2,-0.04610373786193639,-0.04610373786193639
363.15,-0.2,-0.3081466894449502,-0.3081466894449502
363.155,-0.2,-0.21868702901897769,-0.21868702901897769
363.16,-0.2,0.11403776835422706,0.11403776835422706
363.165,-0.2,0.45737121089304655,0.45737121089304655
363.17,-0.2,0.506316838991989,0.506316838991989
363.175,-0.2,0.44866810246225863,0.44866810246225863
363.18,-0.2,0.07910397528902816,0.07910397528902816
363.185,-0.2,-0.10905992880095543,-0.10905992880095543
363.19,-0.2,-0.2911268290134788,-0.2911268290134788
363.195,-0.2,0.029820528050515785,0.029820528050515785
363.2,-0.2,0.01767992802374478,0.01767992802374478
363.205,-0.2,0.5546231422883675,0.5546231422883675
363.21,-0.2,0.40384762563746956,0.40384762563746956
363.215,-0.2,0.37693181887705524,0.37693181887705524
363.22,-0.2,0.04265971943118847,0.04265971943118847
363.225,-0.2,-0.2535821939914105,-0.2535821939914105
363.23,-0.2,-0.37307212946076435,-0.37307212946076435
363.235,-0.2,-0.16883773656137455,-0.16883773656137455
363.24,-0.2,0.18747797746405015,0.18747797746405015
363.245,-0.2,0.4678518098280373,0.4678518098280373
363.25,-0.2,0.30158758989774004,0.30158758989774004
363.255,-0.2,0.560888623107227,0.560888623107227
363.26,-0.2,0.21338425621486326,0.21338425621486326
363.265,-0.2,-0.266724546713381,-0.266724546713381
363.27,-0.2,-0.2454751120691943,-0.2454751120691943
363.275,-0.2,0.0077178137801685726,0.0077178137801685726
363.28,-0.2,0.324973116373767,0.324973116373767
363.285,-0.2,0.1578191611909323,0.1578191611909323
363.29,-0.2,0.4804371272224198,0.4804371272224198
363.295,-0.2,0.40322055092220455,0.40322055092220455
363.3,-0.2,0.10949040961263178,0.10949040961263178
363.305,-0.2,0.07183807954948164,0.07183807954948164
363.31,-0.2,-0.22607179059482493,-0.22607179059482493
363.315,-0.2,-0.018634844038244815,-0.018634844038244815
363.32,-0.2,0.1533259051077246,0.1533259051077246
363.325,-0.2,0.26969068672176566,0.26969068672176566
363.33,-0.2,0.5470249747045685,0.5470249747045685
363.335,-0.2,0.5037139900153623,0.5037139900153623
363.34,-0.2,0.18565887086966593,0.18565887086966593
363.345,-0.2,-0.15658084955170698,-0.15658084955170698
363.35,-0.2,-0.1834164504576777,-0.1834164504576777
363.355,-0.2,-0.07587732557159867,-0.07587732557159867
363.36,-0.2,0.12083920890470742,0.12083920890470742
363.365,-0.2,0.41911453241810026,0.41911453241810026
363.37,-0.2,0.567531134113874,0.567531134113874
363.375,-0.2,0.5144472172491816,0.5144472172491816
363.38,-0.2,0.11777475856689576,0.11777475856689576
363.385,-0.2,-0.046789187480340555,-0.046789187480340555
363.39,-0.2,-0.1836266409414512,-0.1836266409414512
363.395,-0.2,0.0015378185823183427,0.0015378185823183427
363.4,-0.2,0.16936328969026626,0.16936328969026626
363.405,-0.2,0.47680870670039943,0.47680870670039943
363.41,-0.2,0.5690901193676355,0.5690901193676355
363.415,-0.2,0.3960163671590739,0.3960163671590739
363.42,-0.2,0.1089070036885261,0.1089070036885261
363.425,-0.2,-0.16544191019359183,-0.16544191019359183
363.43,-0.2,-0.1498616595753241,-0.1498616595753241
363.435,-0.2,-0.042947396903929805,-0.042947396903929805
363.44,-0.2,0.29343998844072194,0.29343998844072194
363.445,-0.2,0.47394189428266215,0.47394189428266215
363.45,-0.2,0.5495705311511332,0.5495705311511332
363.455,-0.2,0.44222563874185167,0.44222563874185167
363.46,-0.2,0.11397022690529018,0.11397022690529018
363.465,-0.2,-0.2538383174449801,-0.2538383174449801
363.47,-0.2,-0.32714357918811987,-0.32714357918811987
363.475,-0.2,-0.19030202179349615,-0.19030202179349615
363.48,-0.2,0.20872235797304356,0.20872235797304356
363.485,-0.2,0.5619536860110074,0.5619536860110074
363.49,-0.2,0.634176181685102,0.634176181685102
363.495,-0.2,0.38524243278384707,0.38524243278384707
363.5,-0.2,0.015827699543152635,0.015827699543152635
363.505,-0.2,-0.3065590933697362,-0.3065590933697362
363.51,-0.2,-0.24867191264200517,-0.24867191264200517
363.515,-0.2,-0.01243440245750782,-0.01243440245750782
363.52,-0.2,0.176650293860728,0.176650293860728
363.525,-0.2,0.6379501419605953,0.6379501419605953
363.53,-0.2,0.6137994234336034,0.6137994234336034
363.535,-0.2,0.3410060499631536,0.3410060499631536
363.54,-0.2,0.16461231760679526,0.16461231760679526
363.545,-0.2,-0.14726554682870666,-0.14726554682870666
363.55,-0.2,-0.1676242372535051,-0.1676242372535051
363.555,-0.2,-0.13257232935140092,-0.13257232935140092
363.56,-0.2,0.2824156279695883,0.2824156279695883
363.565,-0.2,0.45586360083403454,0.45586360083403454
363.57,-0.2,0.5406588572371944,0.5406588572371944
363.575,-0.2,0.48448697757758463,0.48448697757758463
363.58,-0.2,0.25267443133945583,0.25267443133945583
363.585,-0.2,-0.2858394681961597,-0.2858394681961597
363.59,-0.2,-0.18171661296108613,-0.18171661296108613
363.595,-0.2,-0.18891381817224334,-0.18891381817224334
363.6,-0.2,0.146077417082543,0.146077417082543
363.605,-0.2,0.46267125979560014,0.46267125979560014
363.61,-0.2,0.668836399102407,0.668836399102407
363.615,-0.2,0.5984911003849879,0.5984911003849879
363.62,-0.2,0.28375705720860384,0.28375705720860384
363.625,-0.2,-0.10425643165959217,-0.10425643165959217
363.63,-0.2,-0.14764405454668833,-0.14764405454668833
363.635,-0.2,0.04546242482912413,0.04546242482912413
363.64,-0.2,0.18606017285276433,0.18606017285276433
363.645,-0.2,0.48379355037381017,0.48379355037381017
363.65,-0.2,0.5972154903084193,0.5972154903084193
363.655,-0.2,0.39702437041684335,0.39702437041684335
363.66,-0.2,0.2116133197906685,0.2116133197906685
363.665,-0.2,-0.039423797402818615,-0.039423797402818615
363.67,-0.2,-0.24908961309077626,-0.24908961309077626
363.675,-0.2,-0.19220729397180333,-0.19220729397180333
363.68,-0.2,0.21298083945098342,0.21298083945098342
363.685,-0.2,0.5112149835598119,0.5112149835598119
363.69,-0.2,0.5990637599384341,0.5990637599384341
363.695,-0.2,0.4378039502362293,0.4378039502362293
363.7,-0.2,0.19671392147096028,0.19671392147096028
363.705,-0.2,-0.057154468366795635,-0.057154468366795635
363.71,-0.2,-0.04984868215237821,-0.04984868215237821
363.715,-0.2,-0.0950030994983472,-0.0950030994983472
363.72,-0.2,0.1888229446465546,0.1888229446465546
363.725,-0.2,0.4314190724209037,0.4314190724209037
363.73,-0.2,0.60580676876306,0.60580676876306
363.735,-0.2,0.28078881291095914,0.28078881291095914
363.74,-0.2,0.1308983991403642,0.1308983991403642
363.745,-0.2,-0.13292223768108613,-0.13292223768108613
363.75,-0.2,-0.32472440436073335,-0.32472440436073335
363.755,-0.2,0.012011077181740389,0.012011077181740389
363.76,-0.2,0.25319802784247136,0.25319802784247136
363.765,-0.2,0.45758409726688515,0.45758409726688515
363.77,-0.2,0.598399260869588,0.598399260869588
363.775,-0.2,0.2593450204638723,0.2593450204638723
363.78,-0.2,0.13288524929972034,0.13288524929972034
363.785,-0.2,0.011658313935694803,0.011658313935694803
363.79,-0.2,-0.40165777181195916,-0.40165777181195916
363.795,-0.2,0.020718836542739677,0.020718836542739677
363.8,-0.2,0.2817241299337208,0.2817241299337208
363.805,-0.2,0.48935473733734086,0.48935473733734086
363.81,-0.2,0.4801100964223,0.4801100964223
363.815,-0.2,0.49620359835041306,0.49620359835041306
363.82,-0.2,0.1454959175845506,0.1454959175845506
363.825,-0.2,-0.05688571364550103,-0.05688571364550103
363.83,-0.2,-0.18695813189168614,-0.18695813189168614
363.835,-0.2,-0.023481462743575057,-0.023481462743575057
363.84,-0.2,0.20773393269809753,0.20773393269809753
363.845,-0.2,0.5208057449445455,0.5208057449445455
363.85,-0.2,0.7577459535633676,0.7577459535633676
363.855,-0.2,0.5495814501414615,0.5495814501414615
363.86,-0.2,0.05246275510154902,0.05246275510154902
363.865,-0.2,0.03460730882399571,0.03460730882399571
363.87,-0.2,-0.2987843659089702,-0.2987843659089702
363.875,-0.2,-0.10551837054118915,-0.10551837054118915
363.88,-0.2,0.296451029624979,0.296451029624979
363.885,-0.2,0.4126153757066094,0.4126153757066094
363.89,-0.2,0.602554418224355,0.602554418224355
363.895,-0.2,0.40803236305854157,0.40803236305854157
363.9,-0.2,0.2873365291292372,0.2873365291292372
363.905,-0.2,-0.058156457693671545,-0.058156457693671545
363.91,-0.2,-0.25773946248164126,-0.25773946248164126
363.915,-0.2,-0.1331715535182685,-0.1331715535182685
363.92,-0.2,0.12728314684617137,0.12728314684617137
363.925,-0.2,0.5291359971688048,0.5291359971688048
363.93,-0.2,0.4421234214110018,0.4421234214110018
363.935,-0.2,0.4892325149941535,0.4892325149941535
363.94,-0.2,0.20532625154841594,0.20532625154841594
363.945,-0.2,-0.053476828769674786,-0.053476828769674786
363.95,-0.2,-0.24054113192438314,-0.24054113192438314
363.955,-0.2,-0.16748553570251717,-0.16748553570251717
363.96,-0.2,0.2292397073453091,0.2292397073453091
363.965,-0.2,0.7199549787005864,0.7199549787005864
363.97,-0.2,0.6766139136298387,0.6766139136298387
363.975,-0.2,0.6735801012979092,0.6735801012979092
363.98,-0.2,0.2865264909182778,0.2865264909182778
363.985,-0.2,-0.07185119021601086,-0.07185119021601086
363.99,-0.2,-0.11734280378436723,-0.11734280378436723
363.995,-0.2,-0.10060852837933644,-0.10060852837933644
364.0,-0.2,0.17543545221076892,0.17543545221076892
364.005,-0.2,0.49958027220593476,0.49958027220593476
364.01,-0.2,0.7222862250317449,0.7222862250317449
364.015,-0.2,0.4648585212284421,0.4648585212284421
364.02,-0.2,0.33831384783874296,0.33831384783874296
364.025,-0.2,-0.08201523741209905,-0.08201523741209905
364.03,-0.2,-0.135437139182585,-0.135437139182585
364.035,-0.2,-0.14173915327313785,-0.14173915327313785
364.04,-0.2,0.21197829110746352,0.21197829110746352
364.045,-0.2,0.2344785557751533,0.2344785557751533
364.05,-0.2,0.5785391004506691,0.5785391004506691
364.055,-0.2,0.4607964300827755,0.4607964300827755
364.06,-0.2,0.31394190790641463,0.31394190790641463
364.065,-0.2,-0.11700360187978134,-0.11700360187978134
364.07,-0.2,-0.24295249649734946,-0.24295249649734946
364.075,-0.2,-0.13957075916055153,-0.13957075916055153
364.08,-0.2,0.4296562298658311,0.4296562298658311
364.085,-0.2,0.4120495730510557,0.4120495730510557
364.09,-0.2,0.7260649393172719,0.7260649393172719
364.095,-0.2,0.4574016543893756,0.4574016543893756
364.1,-0.2,0.1750788431821769,0.1750788431821769
364.105,-0.2,-0.10300655615945767,-0.10300655615945767
364.11,-0.2,-0.16984899539867832,-0.16984899539867832
364.115,-0.2,-0.015670547727372454,-0.015670547727372454
364.12,-0.2,0.3202736624061748,0.3202736624061748
364.125,-0.2,0.5246689098072768,0.5246689098072768
364.13,-0.2,0.7484372006745272,0.7484372006745272
364.135,-0.2,0.39795366821308764,0.39795366821308764
364.14,-0.2,0.1521945723121002,0.1521945723121002
364.145,-0.2,0.22007288738625047,0.22007288738625047
364.15,-0.2,-0.19858869165468881,-0.19858869165468881
364.155,-0.2,0.10656361701865964,0.10656361701865964
364.16,-0.2,0.19265591405638655,0.19265591405638655
364.165,-0.2,0.496558663924701,0.496558663924701
364.17,-0.2,0.6260883334948456,0.6260883334948456
364.175,-0.2,0.632483526259956,0.632483526259956
364.18,-0.2,0.05613370255132105,0.05613370255132105
364.185,-0.2,0.014577643239852812,0.014577643239852812
364.19,-0.2,-0.11961460027398273,-0.11961460027398273
364.195,-0.2,-0.15214015953248736,-0.15214015953248736
364.2,-0.2,0.24949486878100777,0.24949486878100777
364.205,-0.2,0.5301948815180177,0.5301948815180177
364.21,-0.2,0.5898910549347567,0.5898910549347567
364.215,-0.2,0.5356809128125468,0.5356809128125468
364.22,-0.2,0.17457938354319963,0.17457938354319963
364.225,-0.2,-0.04736684400281781,-0.04736684400281781
364.23,-0.2,-0.10836689658682447,-0.10836689658682447
364.235,-0.2,-0.00228865442399135,-0.00228865442399135
364.24,-0.2,0.2592887505211614,0.2592887505211614
364.245,-0.2,0.45381660162606274,0.45381660162606274
364.25,-0.2,0.5186456216422954,0.5186456216422954
364.255,-0.2,0.5221449765837379,0.5221449765837379
364.26,-0.2,0.18925535339730876,0.18925535339730876
364.265,-0.2,-0.052858964323037,-0.052858964323037
364.27,-0.2,-0.3133026189158372,-0.3133026189158372
364.275,-0.2,0.07466480934757508,0.07466480934757508
364.28,-0.2,0.17759217892383347,0.17759217892383347
364.285,-0.2,0.3804495152477359,0.3804495152477359
364.29,-0.2,0.5906734417139899,0.5906734417139899
364.295,-0.2,0.37558311377521414,0.37558311377521414
364.3,-0.2,0.18854266114778928,0.18854266114778928
364.305,-0.2,-0.09532754202685391,-0.09532754202685391
364.31,-0.2,-0.0061071009136351995,-0.0061071009136351995
364.315,-0.2,-0.013046866007293326,-0.013046866007293326
364.32,-0.2,0.2664550994588307,0.2664550994588307
364.325,-0.2,0.46667358648325147,0.46667358648325147
364.33,-0.2,0.630922255482496,0.630922255482496
364.335,-0.2,0.5071667335952674,0.5071667335952674
364.34,-0.2,0.27408985299176647,0.27408985299176647
364.345,-0.2,-0.17262395836615121,-0.17262395836615121
364.35,-0.2,0.015412216428041914,0.015412216428041914
364.355,-0.2,-0.19020351857063306,-0.19020351857063306
364.36,-0.2,0.23293131315689825,0.23293131315689825
364.365,-0.2,0.6278730820281564,0.6278730820281564
364.37,-0.2,0.6509122329868351,0.6509122329868351
364.375,-0.2,0.4230712019842536,0.4230712019842536
364.38,-0.2,0.22746355116493466,0.22746355116493466
364.385,-0.2,-0.03437004827599495,-0.03437004827599495
364.39,-0.2,-0.16168236973195507,-0.16168236973195507
364.395,-0.2,-0.05088155855765375,-0.05088155855765375
364.4,-0.2,0.12560483074778553,0.12560483074778553
364.405,-0.2,0.5973562319613801,0.5973562319613801
364.41,-0.2,0.5089011167144791,0.5089011167144791
364.415,-0.2,0.5067318295491939,0.5067318295491939
364.42,-0.2,0.14054745038239844,0.14054745038239844
364.425,-0.2,-0.15690984371495073,-0.15690984371495073
364.43,-0.2,-0.21592806767729805,-0.21592806767729805
364.435,-0.2,-0.06686955301555975,-0.06686955301555975
364.44,-0.2,0.27012703542182814,0.27012703542182814
364.445,-0.2,0.5246692875173912,0.5246692875173912
364.45,-0.2,0.525875867207938,0.525875867207938
364.455,-0.2,0.4547462333711556,0.4547462333711556
364.46,-0.2,0.17189555745736948,0.17189555745736948
364.465,-0.2,-0.14929969703241716,-0.14929969703241716
364.47,-0.2,-0.2166280991184131,-0.2166280991184131
364.475,-0.2,-0.1480713238367668,-0.1480713238367668
364.48,-0.2,0.36890424760511487,0.36890424760511487
364.485,-0.2,0.5939173107559881,0.5939173107559881
364.49,-0.2,0.5730987124997382,0.5730987124997382
364.495,-0.2,0.254003462935152,0.254003462935152
364.5,-0.2,0.11092800169532739,0.11092800169532739
364.505,-0.2,-0.10887929552570354,-0.10887929552570354
364.51,-0.2,-0.11958952893671407,-0.11958952893671407
364.515,-0.2,0.015989094758624596,0.015989094758624596
364.52,-0.2,0.26637325821460717,0.26637325821460717
364.525,-0.2,0.46511456210798713,0.46511456210798713
364.53,-0.2,0.5732485958307358,0.5732485958307358
364.535,-0.2,0.34837226983100567,0.34837226983100567
364.54,-0.2,0.023927411042029723,0.023927411042029723
364.545,-0.2,-0.0693115263310091,-0.0693115263310091
364.55,-0.2,-0.13417363878352395,-0.13417363878352395
364.555,-0.2,-0.06728742130480836,-0.06728742130480836
364.56,-0.2,0.22525899590069476,0.22525899590069476
364.565,-0.2,0.34021959437412386,0.34021959437412386
364.57,-0.2,0.467763739378044,0.467763739378044
364.575,-0.2,0.30680202645934923,0.30680202645934923
364.58,-0.2,0.1472082106269502,0.1472082106269502
364.585,-0.2,-0.0533050887877244,-0.0533050887877244
364.59,-0.2,0.004975459184694442,0.004975459184694442
364.595,-0.2,-0.0243675953771239,-0.0243675953771239
364.6,-0.2,0.08745247324060845,0.08745247324060845
364.605,-0.2,0.482234471029269,0.482234471029269
364.61,-0.2,0.4807252892965892,0.4807252892965892
364.615,-0.2,0.5764196404381033,0.5764196404381033
364.62,-0.2,0.312765642199506,0.312765642199506
364.625,-0.2,-0.037352099874601946,-0.037352099874601946
364.63,-0.2,-0.25743685243687214,-0.25743685243687214
364.635,-0.2,-0.21223115909031176,-0.21223115909031176
364.64,-0.2,0.36736125605524317,0.36736125605524317
364.645,-0.2,0.5643219399653099,0.5643219399653099
364.65,-0.2,0.6842266375593877,0.6842266375593877
364.655,-0.2,0.489470689968401,0.489470689968401
364.66,-0.2,0.10246863419533911,0.10246863419533911
364.665,-0.2,-0.0203940472711151,-0.0203940472711151
364.67,-0.2,-0.14993312453985586,-0.14993312453985586
364.675,-0.2,-0.10400669553604305,-0.10400669553604305
364.68,-0.2,0.40393616021274875,0.40393616021274875
364.685,-0.2,0.5339381463115616,0.5339381463115616
364.69,-0.2,0.5963409648345478,0.5963409648345478
364.695,-0.2,0.4831570413331557,0.4831570413331557
364.7,-0.2,0.15296292117335195,0.15296292117335195
364.705,-0.2,-0.10736991873905552,-0.10736991873905552
364.71,-0.2,-0.018377419825126418,-0.018377419825126418
364.715,-0.2,-0.25451306831569354,-0.25451306831569354
364.72,-0.2,0.2000507302573679,0.2000507302573679
364.725,-0.2,0.43461937229554604,0.43461937229554604
364.73,-0.2,0.4948153572938697,0.4948153572938697
364.735,-0.2,0.5331543124638541,0.5331543124638541
364.74,-0.2,0.3687358290131437,0.3687358290131437
364.745,-0.2,0.0549567935215681,0.0549567935215681
364.75,-0.2,-0.3791174317853666,-0.3791174317853666
364.755,-0.2,-0.171854522097797,-0.171854522097797
364.76,-0.2,0.1286047069518873,0.1286047069518873
364.765,-0.2,0.3627927732920203,0.3627927732920203
364.77,-0.2,0.8405774769169954,0.8405774769169954
364.775,-0.2,0.46039891316600323,0.46039891316600323
364.78,-0.2,0.24180583989942553,0.24180583989942553
364.785,-0.2,0.08738912806826389,0.08738912806826389
364.79,-0.2,0.07749944353448512,0.07749944353448512
364.795,-0.2,0.0009285989505954315,0.0009285989505954315
364.8,-0.2,0.16536059444830825,0.16536059444830825
364.805,-0.2,0.42070817781184056,0.42070817781184056
364.81,-0.2,0.6404710683102087,0.6404710683102087
364.815,-0.2,0.39549284924398337,0.39549284924398337
364.82,-0.2,0.36938572221431576,0.36938572221431576
364.825,-0.2,-0.0022557942887774587,-0.0022557942887774587
364.83,-0.2,-0.3558377822522981,-0.3558377822522981
364.835,-0.2,-0.019928647720029703,-0.019928647720029703
364.84,-0.2,0.27385213948823495,0.27385213948823495
364.845,-0.2,0.46897479736465936,0.46897479736465936
364.85,-0.2,0.603745466138549,0.603745466138549
364.855,-0.2,0.7123878544868238,0.7123878544868238
364.86,-0.2,0.14341894637746902,0.14341894637746902
364.865,-0.2,-0.017040192570136906,-0.017040192570136906
