t,reference,measured,noisy
396.145,0.2,-0.24913451128786984,-0.24913451128786984
396.15,0.2,-0.35618297235440954,-0.35618297235440954
396.155,0.2,-0.012016978835686198,-0.012016978835686198
396.16,0.2,0.12158778403253472,0.12158778403253472
396.165,0.2,0.03114083430459813,0.03114083430459813
396.17,0.2,0.2483833978918495,0.2483833978918495
396.175,0.2,0.06580670540042491,0.06580670540042491
396.18,0.2,0.05805069539701529,0.05805069539701529
396.185,0.2,-0.1430860763913569,-0.1430860763913569
396.19,0.2,-0.26101615930717625,-0.26101615930717625
396.195,0.2,-0.07999503444182145,-0.07999503444182145
396.2,0.2,-0.07162400599500128,-0.07162400599500128
396.205,0.2,0.09032624348735421,0.09032624348735421
396.21,0.2,0.47227626143872925,0.47227626143872925
396.215,0.2,0.22419451132332116,0.22419451132332116
396.22,0.2,0.12190846134136732,0.12190846134136732
396.225,0.2,-0.07004877204934093,-0.07004877204934093
396.23,0.2,-0.4114666701051195,-0.4114666701051195
396.235,0.2,-0.3021822730039557,-0.3021822730039557
396.24,0.2,0.014232558424155842,0.014232558424155842
396.245,0.2,0.3757794363271938,0.3757794363271938
396.25,0.2,0.5459294980836612,0.5459294980836612
396.255,0.2,0.4632647620409933,0.4632647620409933
396.26,0.2,0.0653841814549258,0.0653841814549258
396.265,0.2,-0.3087218202717939,-0.3087218202717939
396.27,0.2,-0.30067575664990065,-0.30067575664990065
396.275,0.2,-0.27902984503788353,-0.27902984503788353
396.28,0.2,0.2322553800411294,0.2322553800411294
396.285,0.2,0.31317425812775057,0.31317425812775057
396.29,0.2,0.3804917366061417,0.3804917366061417
396.295,0.2,0.14470491632370608,0.14470491632370608
396.3,0.2,0.21559600850666447,0.21559600850666447
396.305,0.2,-0.2834887164196053,-0.2834887164196053
396.31,0.2,-0.2771789213645416,-0.2771789213645416
396.315,0.2,-0.1103934377091275,-0.1103934377091275
396.32,0.2,0.15742803873325525,0.15742803873325525
396.325,0.2,0.34140977418136775,0.34140977418136775
396.33,0.2,0.567249056645071,0.567249056645071
396.335,0.2,0.2518060484023804,0.2518060484023804
396.34,0.2,0.2285300075730249,0.2285300075730249
396.345,0.2,-0.10981595046622651,-0.10981595046622651
396.35,0.2,-0.18532217211229274,-0.18532217211229274
396.355,0.2,-0.1798268390173819,-0.1798268390173819
396.36,0.2,0.13640703002610166,0.13640703002610166
396.365,0.2,0.46856761619360743,0.46856761619360743
396.37,0.2,0.673283092338787,0.673283092338787
396.375,0.2,0.5584740274926081,0.5584740274926081
396.38,0.2,0.23922788353572988,0.23922788353572988
396.385,0.2,-0.060418801288858015,-0.060418801288858015
396.39,0.2,-0.20604945977218364,-0.20604945977218364
396.395,0.2,-0.016434944997223505,-0.016434944997223505
396.4,0.2,0.2800637048497911,0.2800637048497911
396.405,0.2,0.5297592367245141,0.5297592367245141
396.41,0.2,0.6865825501664888,0.6865825501664888
396.415,0.2,0.3375720154248941,0.3375720154248941
396.42,0.2,0.00020000266840858316,0.00020000266840858316
396.425,0.2,-0.1268900141971002,-0.1268900141971002
396.43,0.2,-0.2812878441529898,-0.2812878441529898
396.435,0.2,0.011034645353079825,0.011034645353079825
396.44,0.2,0.06077953990378082,0.06077953990378082
396.445,0.2,0.5593152641146831,0.5593152641146831
396.45,0.2,0.5973670766477905,0.5973670766477905
396.455,0.2,0.478274929352825,0.478274929352825
396.46,0.2,0.10259446582087199,0.10259446582087199
396.465,0.2,-0.15988964229905495,-0.15988964229905495
396.47,0.2,-0.3264848773163539,-0.3264848773163539
396.475,0.2,-0.09413748980970368,-0.09413748980970368
396.48,0.2,0.30088059723474736,0.30088059723474736
396.485,0.2,0.37130753794805305,0.37130753794805305
396.49,0.2,0.3876067212441904,0.3876067212441904
396.495,0.2,0.375466903685189,0.375466903685189
396.5,0.2,-0.05008349271881954,-0.05008349271881954
396.505,0.2,-0.2881044139867709,-0.2881044139867709
396.51,0.2,-0.2714465610407382,-0.2714465610407382
396.515,0.2,0.026269301320456975,0.026269301320456975
396.52,0.2,0.15338691269337482,0.15338691269337482
396.525,0.2,0.36363752746966105,0.36363752746966105
396.53,0.2,0.7320252517598483,0.7320252517598483
396.535,0.2,0.2952679897728962,0.2952679897728962
396.54,0.2,0.38750748822034586,0.38750748822034586
396.545,0.2,-0.17923030416410243,-0.17923030416410243
396.55,0.2,-0.15828681974787912,-0.15828681974787912
396.555,0.2,-0.1945480415771213,-0.1945480415771213
396.56,0.2,0.16139874240063473,0.16139874240063473
396.565,0.2,0.5142571658440828,0.5142571658440828
396.57,0.2,0.38806635972744896,0.38806635972744896
396.575,0.2,0.6634276941242186,0.6634276941242186
396.58,0.2,0.1693739095963806,0.1693739095963806
396.585,0.2,-0.05982061281675917,-0.05982061281675917
396.59,0.2,-0.13697088648202166,-0.13697088648202166
396.595,0.2,-0.2255507520949374,-0.2255507520949374
396.6,0.2,0.19054212651881286,0.19054212651881286
396.605,0.2,0.546411570548159,0.546411570548159
396.61,0.2,0.7403317323700472,0.7403317323700472
396.615,0.2,0.2922279820368248,0.2922279820368248
396.62,0.2,0.024888273141026207,0.024888273141026207
396.625,0.2,-0.07768761838492638,-0.07768761838492638
396.63,0.2,-0.17262320951452398,-0.17262320951452398
396.635,0.2,-0.10768401179870653,-0.10768401179870653
396.64,0.2,0.179396944666801,0.179396944666801
396.645,0.2,0.35185157270139195,0.35185157270139195
396.65,0.2,0.6599345415979389,0.6599345415979389
396.655,0.2,0.4138241256646587,0.4138241256646587
396.66,0.2,0.24253426417554652,0.24253426417554652
396.665,0.2,-0.06812713437421801,-0.06812713437421801
396.67,0.2,-0.1222121558482046,-0.1222121558482046
396.675,0.2,-0.06061523846375644,-0.06061523846375644
396.68,0.2,0.08137874016212598,0.08137874016212598
396.685,0.2,0.4498692275791145,0.4498692275791145
396.69,0.2,0.45151991829334076,0.45151991829334076
396.695,0.2,0.37348780671533355,0.37348780671533355
396.7,0.2,-0.0039119795368547094,-0.0039119795368547094
396.705,0.2,-0.13322068849916285,-0.13322068849916285
396.71,0.2,-0.2932257118770948,-0.2932257118770948
396.715,0.2,0.008159948885527082,0.008159948885527082
396.72,0.2,0.21055276131424527,0.21055276131424527
396.725,0.2,0.2677087930712122,0.2677087930712122
396.73,0.2,0.5975842267548203,0.5975842267548203
396.735,0.2,0.2469088938077606,0.2469088938077606
396.74,0.2,0.1592050184915139,0.1592050184915139
396.745,0.2,-0.13893603453821213,-0.13893603453821213
396.75,0.2,0.053353367780904715,0.053353367780904715
396.755,0.2,0.010830639133575237,0.010830639133575237
396.76,0.2,0.24654090481633412,0.24654090481633412
396.765,0.2,0.4209448354682282,0.4209448354682282
396.77,0.2,0.532873291598641,0.532873291598641
396.775,0.2,0.4272848957577863,0.4272848957577863
396.78,0.2,0.10848908342864,0.10848908342864
396.785,0.2,-0.15360040658340937,-0.15360040658340937
396.79,0.2,-0.08590547878980877,-0.08590547878980877
396.795,0.2,-0.03148741324666546,-0.03148741324666546
396.8,0.2,0.3296605404727519,0.3296605404727519
396.805,0.2,0.5051462393071446,0.5051462393071446
396.81,0.2,0.5815949451424421,0.5815949451424421
396.815,0.2,0.5588913855863507,0.5588913855863507
396.82,0.2,0.25648148928494713,0.25648148928494713
396.825,0.2,-0.09821867652740716,-0.09821867652740716
396.83,0.2,-0.048838366717204346,-0.048838366717204346
396.835,0.2,0.007758757723309445,0.007758757723309445
396.84,0.2,0.18285139929343175,0.18285139929343175
396.845,0.2,0.5416993062293614,0.5416993062293614
396.85,0.2,0.5886092569415641,0.5886092569415641
396.855,0.2,0.4036487617929921,0.4036487617929921
396.86,0.2,0.14086390823116418,0.14086390823116418
396.865,0.2,-0.1944460832170666,-0.1944460832170666
396.87,0.2,-0.11074374890575639,-0.11074374890575639
396.875,0.2,-0.07994584842977817,-0.07994584842977817
396.88,0.2,0.2732895620888157,0.2732895620888157
396.885,0.2,0.6207047007951659,0.6207047007951659
396.89,0.2,0.6263968198880563,0.6263968198880563
396.895,0.2,0.17857000426621417,0.17857000426621417
396.9,0.2,0.20861201505460225,0.20861201505460225
396.905,0.2,-0.08632296964722924,-0.08632296964722924
396.91,0.2,-0.23795531298099837,-0.23795531298099837
396.915,0.2,-0.18045287122994852,-0.18045287122994852
396.92,0.2,0.3566065544506186,0.3566065544506186
396.925,0.2,0.29617650673880125,0.29617650673880125
396.93,0.2,0.5687257965847625,0.5687257965847625
396.935,0.2,0.3484883279583648,0.3484883279583648
396.94,0.2,0.08974778609579764,0.08974778609579764
396.945,0.2,-0.15950467949005753,-0.15950467949005753
396.95,0.2,-0.221343577173762,-0.221343577173762
396.955,0.2,-0.04201101189176108,-0.04201101189176108
396.96,0.2,0.18988457399978323,0.18988457399978323
396.965,0.2,0.4490133623693468,0.4490133623693468
396.97,0.2,0.4454949011673261,0.4454949011673261
396.975,0.2,0.2550856022346809,0.2550856022346809
396.98,0.2,0.08873564589181651,0.08873564589181651
396.985,0.2,-0.21965390990542538,-0.21965390990542538
396.99,0.2,-0.2707586581245806,-0.2707586581245806
396.995,0.2,0.09087562243956082,0.09087562243956082
397.0,0.2,0.329318055558418,0.329318055558418
397.005,0.2,0.37615989358674495,0.37615989358674495
397.01,0.2,0.5645649995334919,0.5645649995334919
397.015,0.2,0.4210591146279592,0.4210591146279592
397.02,0.2,0.12432778192459558,0.12432778192459558
397.025,0.2,-0.09022486382136134,-0.09022486382136134
397.03,0.2,-0.2507930888932432,-0.2507930888932432
397.035,0.2,0.16976084267129962,0.16976084267129962
397.04,0.2,0.228677141631316,0.228677141631316
397.045,0.2,0.5326172599229637,0.5326172599229637
397.05,0.2,0.6438060560644091,0.6438060560644091
397.055,0.2,0.5053502474442955,0.5053502474442955
397.06,0.2,0.26263511488738045,0.26263511488738045
397.065,0.2,-0.2621143890388974,-0.2621143890388974
397.07,0.2,-0.13808037805672393,-0.13808037805672393
397.075,0.2,0.05909291904446101,0.05909291904446101
397.08,0.2,0.17161066834419447,0.17161066834419447
397.085,0.2,0.49477371446446156,0.49477371446446156
397.09,0.2,0.5003664999379731,0.5003664999379731
397.095,0.2,0.4334132342837264,0.4334132342837264
397.1,0.2,0.32854387131751583,0.32854387131751583
397.105,0.2,-0.0480428348012068,-0.0480428348012068
397.11,0.2,-0.39425361318425917,-0.39425361318425917
397.115,0.2,0.15375853311506987,0.15375853311506987
397.12,0.2,0.3282558766797332,0.3282558766797332
397.125,0.2,0.5000040477930912,0.5000040477930912
397.13,0.2,0.6318851465653846,0.6318851465653846
397.135,0.2,0.6028020401361954,0.6028020401361954
397.14,0.2,0.2546565637591668,0.2546565637591668
397.145,0.2,-0.1012833317435086,-0.1012833317435086
397.15,0.2,-0.08727582549780069,-0.08727582549780069
397.155,0.2,-0.13953353935270257,-0.13953353935270257
397.16,0.2,0.13809102441879742,0.13809102441879742
397.165,0.2,0.7669966321357853,0.7669966321357853
397.17,0.2,0.7256215820515228,0.7256215820515228
397.175,0.2,0.456980566814953,0.456980566814953
397.18,0.2,0.38312246373135916,0.38312246373135916
397.185,0.2,-0.06859202383874095,-0.06859202383874095
397.19,0.2,-0.13624728471018058,-0.13624728471018058
397.195,0.2,0.0926676965897664,0.0926676965897664
397.2,0.2,0.11815667437192182,0.11815667437192182
397.205,0.2,0.6110039919779202,0.6110039919779202
397.21,0.2,0.5351802292068599,0.5351802292068599
397.215,0.2,0.6091252969577556,0.6091252969577556
397.22,0.2,0.13394798718972292,0.13394798718972292
397.225,0.2,-0.019881597563090183,-0.019881597563090183
397.23,0.2,0.09334399347656852,0.09334399347656852
397.235,0.2,0.10011320702598056,0.10011320702598056
397.24,0.2,0.3058812671993083,0.3058812671993083
397.245,0.2,0.433519476108926,0.433519476108926
397.25,0.2,0.6247408997321486,0.6247408997321486
397.255,0.2,0.272980626853388,0.272980626853388
397.26,0.2,0.15274724636563386,0.15274724636563386
397.265,0.2,0.04206431207821855,0.04206431207821855
397.27,0.2,-0.17080745093979305,-0.17080745093979305
397.275,0.2,-0.08930573146217713,-0.08930573146217713
397.28,0.2,0.3304654160951553,0.3304654160951553
397.285,0.2,0.576813963688613,0.576813963688613
397.29,0.2,0.6992406230096214,0.6992406230096214
397.295,0.2,0.5562295359844105,0.5562295359844105
397.3,0.2,0.24315219981891295,0.24315219981891295
397.305,0.2,-0.06503055110493515,-0.06503055110493515
397.31,0.2,-0.21566188332263117,-0.21566188332263117
397.315,0.2,0.017336051147516254,0.017336051147516254
397.32,0.2,0.31024598045220925,0.31024598045220925
397.325,0.2,0.4124878408870497,0.4124878408870497
397.33,0.2,0.6780915247926441,0.6780915247926441
397.335,0.2,0.47108082295897885,0.47108082295897885
397.34,0.2,0.4036358225008471,0.4036358225008471
397.345,0.2,0.025837715964566618,0.025837715964566618
397.35,0.2,-0.30543164778533394,-0.30543164778533394
397.355,0.2,-0.004062254702704356,-0.004062254702704356
397.36,0.2,0.30657503900233335,0.30657503900233335
397.365,0.2,0.4667096230128273,0.4667096230128273
397.37,0.2,0.5357263457183606,0.5357263457183606
397.375,0.2,0.5269513567657858,0.5269513567657858
397.38,0.2,0.15037158026829783,0.15037158026829783
397.385,0.2,0.08184533967369872,0.08184533967369872
397.39,0.2,-0.0901369563928558,-0.0901369563928558
397.395,0.2,0.07590476739118063,0.07590476739118063
397.4,0.2,0.3495508979842775,0.3495508979842775
397.405,0.2,0.6347121685110616,0.6347121685110616
397.41,0.2,0.6805010656113636,0.6805010656113636
397.415,0.2,0.48328224995103636,0.48328224995103636
397.42,0.2,0.3646103807789191,0.3646103807789191
397.425,0.2,5.391764828261911e-06,5.391764828261911e-06
397.43,0.2,-0.044393800179109016,-0.044393800179109016
397.435,0.2,0.08134878357334893,0.08134878357334893
397.44,0.2,0.2380301553943372,0.2380301553943372
397.445,0.2,0.5191890422115953,0.5191890422115953
397.45,0.2,0.5396821698738458,0.5396821698738458
397.455,0.2,0.4697281062299563,0.4697281062299563
397.46,0.2,0.33265871639724454,0.33265871639724454
397.465,0.2,0.08406872916485651,0.08406872916485651
397.47,0.2,-0.1100903974400787,-0.1100903974400787
397.475,0.2,-0.020297682415417816,-0.020297682415417816
397.48,0.2,0.1839440900992951,0.1839440900992951
397.485,0.2,0.5108524438721875,0.5108524438721875
397.49,0.2,0.698467602308803,0.698467602308803
397.495,0.2,0.5568200081065725,0.5568200081065725
397.5,0.2,0.2864806799793406,0.2864806799793406
397.505,0.2,-0.035329312989418715,-0.035329312989418715
397.51,0.2,-0.19644867107160022,-0.19644867107160022
397.515,0.2,-0.030655619857431544,-0.030655619857431544
397.52,0.2,0.39143847015260225,0.39143847015260225
397.525,0.2,0.4179778478373238,0.4179778478373238
397.53,0.2,0.6285897852325447,0.6285897852325447
397.535,0.2,0.5623265663095798,0.5623265663095798
397.54,0.2,0.10559980866907774,0.10559980866907774
397.545,0.2,0.022294961674847902,0.022294961674847902
397.55,0.2,-0.17253601525917453,-0.17253601525917453
397.555,0.2,0.12079654260179812,0.12079654260179812
397.56,0.2,0.231435315352922,0.231435315352922
397.565,0.2,0.46739265031516686,0.46739265031516686
397.57,0.2,0.49046656628258944,0.49046656628258944
397.575,0.2,0.43672325277629287,0.43672325277629287
397.58,0.2,0.1247813136621124,0.1247813136621124
397.585,0.2,-0.031792005419573055,-0.031792005419573055
397.59,0.2,-0.0467483389020685,-0.0467483389020685
397.595,0.2,0.030858027312954686,0.030858027312954686
397.6,0.2,0.31601811188314943,0.31601811188314943
397.605,0.2,0.6300575052135339,0.6300575052135339
397.61,0.2,0.5635142815751031,0.5635142815751031
397.615,0.2,0.569953646658417,0.569953646658417
397.62,0.2,0.20621658504981696,0.20621658504981696
397.625,0.2,0.08947445980898067,0.08947445980898067
397.63,0.2,-0.2697247216748254,-0.2697247216748254
397.635,0.2,0.18535555708622045,0.18535555708622045
397.64,0.2,0.5358649695870686,0.5358649695870686
397.645,0.2,0.6262776846392856,0.6262776846392856
397.65,0.2,0.6009282321066506,0.6009282321066506
397.655,0.2,0.4739468551679624,0.4739468551679624
397.66,0.2,0.29688225463111084,0.29688225463111084
397.665,0.2,-0.00983834398560642,-0.00983834398560642
397.67,0.2,-0.10851853371983645,-0.10851853371983645
397.675,0.2,0.03275377995115848,0.03275377995115848
397.68,0.2,0.2926885232171509,0.2926885232171509
397.685,0.2,0.5182265999334861,0.5182265999334861
397.69,0.2,0.7151102744287,0.7151102744287
397.695,0.2,0.5477011113785181,0.5477011113785181
397.7,0.2,-0.05056100390068108,-0.05056100390068108
397.705,0.2,0.2109365806170802,0.2109365806170802
397.71,0.2,0.06713480725776877,0.06713480725776877
397.715,0.2,-0.02874619115812157,-0.02874619115812157
397.72,0.2,0.13765820070575083,0.13765820070575083
397.725,0.2,0.5076036446664453,0.5076036446664453
397.73,0.2,0.6521759157102998,0.6521759157102998
397.735,0.2,0.5723928939618657,0.5723928939618657
397.74,0.2,0.2685441413760193,0.2685441413760193
397.745,0.2,-0.23530956025327854,-0.23530956025327854
397.75,0.2,-0.02268921535757544,-0.02268921535757544
397.755,0.2,0.010196647550736498,0.010196647550736498
397.76,0.2,0.12310091392979997,0.12310091392979997
397.765,0.2,0.3542931751076702,0.3542931751076702
397.77,0.2,0.7079456232107031,0.7079456232107031
397.775,0.2,0.47426808561938194,0.47426808561938194
397.78,0.2,0.2627107699398195,0.2627107699398195
397.785,0.2,0.26645869129422606,0.26645869129422606
397.79,0.2,0.003626786907487606,0.003626786907487606
397.795,0.2,0.02281045965791166,0.02281045965791166
397.8,0.2,0.21668257020637513,0.21668257020637513
397.805,0.2,0.3611486821397154,0.3611486821397154
397.81,0.2,0.7559716769263104,0.7559716769263104
397.815,0.2,0.33989266235055227,0.33989266235055227
397.82,0.2,0.19166220040264825,0.19166220040264825
397.825,0.2,-0.02399217893618589,-0.02399217893618589
397.83,0.2,-0.09560671465875928,-0.09560671465875928
397.835,0.2,-0.02756094965576921,-0.02756094965576921
397.84,0.2,0.31724936071333754,0.31724936071333754
397.845,0.2,0.46156863691026506,0.46156863691026506
397.85,0.2,0.5775407792929012,0.5775407792929012
397.855,0.2,0.6340281024573267,0.6340281024573267
397.86,0.2,0.24721192117431845,0.24721192117431845
397.865,0.2,-0.0898970947297396,-0.0898970947297396
397.87,0.2,0.006334667435089286,0.006334667435089286
397.875,0.2,-0.12662941315155368,-0.12662941315155368
397.88,0.2,0.13194517957588708,0.13194517957588708
397.885,0.2,0.6187676616793978,0.6187676616793978
397.89,0.2,0.5255686693751545,0.5255686693751545
397.895,0.2,0.5388734725718047,0.5388734725718047
397.9,0.2,0.1787759688276769,0.1787759688276769
397.905,0.2,0.09551981154862793,0.09551981154862793
397.91,0.2,-0.17524919618981064,-0.17524919618981064
397.915,0.2,0.014291249015005676,0.014291249015005676
397.92,0.2,0.19612552526737692,0.19612552526737692
397.925,0.2,0.4158357187566836,0.4158357187566836
397.93,0.2,0.41253283200311425,0.41253283200311425
397.935,0.2,0.5340249203677006,0.5340249203677006
397.94,0.2,0.3123633336454023,0.3123633336454023
397.945,0.2,-0.23554555108586195,-0.23554555108586195
397.95,0.2,-0.04745432909540201,-0.04745432909540201
397.955,0.2,0.013783612003793182,0.013783612003793182
397.96,0.2,0.14450336514305223,0.14450336514305223
397.965,0.2,0.5308326115966959,0.5308326115966959
397.97,0.2,0.7005433873545597,0.7005433873545597
397.975,0.2,0.3205962930802513,0.3205962930802513
397.98,0.2,0.25176689174240013,0.25176689174240013
397.985,0.2,-0.03621443615785213,-0.03621443615785213
397.99,0.2,-0.225123188947295,-0.225123188947295
397.995,0.2,0.041512588398868816,0.041512588398868816
398.0,0.2,0.22420433400099837,0.22420433400099837
398.005,0.2,0.5089942340758469,0.5089942340758469
398.01,0.2,0.4234815115718392,0.4234815115718392
398.015,0.2,0.6273448429574122,0.6273448429574122
398.02,0.2,0.1248857962128079,0.1248857962128079
398.025,0.2,-0.06716729577898237,-0.06716729577898237
398.03,0.2,-0.13203723524599373,-0.13203723524599373
398.035,0.2,-0.03329206515132808,-0.03329206515132808
398.04,0.2,0.2683192681994898,0.2683192681994898
398.045,0.2,0.3428216691384742,0.3428216691384742
398.05,0.2,0.42409198656394453,0.42409198656394453
398.055,0.2,0.4240131293008911,0.4240131293008911
398.06,0.2,0.15235898738523407,0.15235898738523407
398.065,0.2,-0.23796815295655782,-0.23796815295655782
398.07,0.2,-0.30422910064397823,-0.30422910064397823
398.075,0.2,-0.016553020310794576,-0.016553020310794576
398.08,0.2,0.3798459987934526,0.3798459987934526
398.085,0.2,0.5375287656233801,0.5375287656233801
398.09,0.2,0.396694012240588,0.396694012240588
398.095,0.2,0.5219345592907397,0.5219345592907397
398.1,0.2,0.15510561716316665,0.15510561716316665
398.105,0.2,0.031863356096272236,0.031863356096272236
398.11,0.2,-0.059810935091721085,-0.059810935091721085
398.115,0.2,0.10840492467852997,0.10840492467852997
398.12,0.2,0.22000629998772822,0.22000629998772822
398.125,0.2,0.52860957373979,0.52860957373979
398.13,0.2,0.6542460921796477,0.6542460921796477
398.135,0.2,0.43476115732786574,0.43476115732786574
398.14,0.2,0.1369689631817394,0.1369689631817394
398.145,0.2,-0.14593791011675888,-0.14593791011675888
398.15,0.2,-0.11945109918177664,-0.11945109918177664
398.155,0.2,0.08789132445236542,0.08789132445236542
398.16,0.2,0.34216306815188835,0.34216306815188835
398.165,0.2,0.4917160068560443,0.4917160068560443
398.17,0.2,0.5612480816628322,0.5612480816628322
398.175,0.2,0.5796294340702556,0.5796294340702556
398.18,0.2,0.11172603961877742,0.11172603961877742
398.185,0.2,-0.11819099378979844,-0.11819099378979844
398.19,0.2,-0.17017827207766806,-0.17017827207766806
398.195,0.2,-0.06939418969511273,-0.06939418969511273
398.2,0.2,0.06794823951502638,0.06794823951502638
398.205,0.2,0.6211244040161248,0.6211244040161248
398.21,0.2,0.6850190485535398,0.6850190485535398
398.215,0.2,0.48411125758220763,0.48411125758220763
398.22,0.2,0.2668736393404159,0.2668736393404159
398.225,0.2,-0.007207334016044996,-0.007207334016044996
398.23,0.2,0.009379305921163844,0.009379305921163844
398.235,0.2,0.027534131890920105,0.027534131890920105
398.24,0.2,0.27690714980397313,0.27690714980397313
398.245,0.2,0.5550422175473376,0.5550422175473376
398.25,0.2,0.6766476291525761,0.6766476291525761
398.255,0.2,0.2538948239506086,0.2538948239506086
398.26,0.2,0.13245379995883266,0.13245379995883266
398.265,0.2,-0.08452235468639581,-0.08452235468639581
398.27,0.2,-0.10933297136427353,-0.10933297136427353
398.275,0.2,-0.12461758288253301,-0.12461758288253301
398.28,0.2,0.27312841541437993,0.27312841541437993
398.285,0.2,0.5771910733313699,0.5771910733313699
398.29,0.2,0.6843930949501413,0.6843930949501413
398.295,0.2,0.4847096085979389,0.4847096085979389
398.3,0.2,0.1359402176706946,0.1359402176706946
398.305,0.2,-0.030952737765564897,-0.030952737765564897
398.31,0.2,-0.3803840883548674,-0.3803840883548674
398.315,0.2,-0.09339123011437955,-0.09339123011437955
398.32,0.2,0.27723982142450576,0.27723982142450576
398.325,0.2,0.2703685850037269,0.2703685850037269
398.33,0.2,0.5843371505701279,0.5843371505701279
398.335,0.2,0.5110165818323098,0.5110165818323098
398.34,0.2,0.2008626910894478,0.2008626910894478
398.345,0.2,-0.12960005546365352,-0.12960005546365352
398.35,0.2,-0.060503394595061294,-0.060503394595061294
398.355,0.2,-0.016408200727629593,-0.016408200727629593
398.36,0.2,0.0523027877019043,0.0523027877019043
398.365,0.2,0.38374349984437583,0.38374349984437583
398.37,0.2,0.5028879125350542,0.5028879125350542
398.375,0.2,0.35890708336358745,0.35890708336358745
398.38,0.2,0.20465088103441362,0.20465088103441362
398.385,0.2,-0.0961082334112219,-0.0961082334112219
398.39,0.2,-0.2146870941791525,-0.2146870941791525
398.395,0.2,-0.2408434677790916,-0.2408434677790916
398.4,0.2,0.07574138461896437,0.07574138461896437
398.405,0.2,0.47416050704551105,0.47416050704551105
398.41,0.2,0.7674465317143924,0.7674465317143924
398.415,0.2,0.20475395322247528,0.20475395322247528
398.42,0.2,0.026666446317495623,0.026666446317495623
398.425,0.2,-0.047719635286369855,-0.047719635286369855
398.43,0.2,-0.19722797445678447,-0.19722797445678447
398.435,0.2,-0.007755144282656515,-0.007755144282656515
398.44,0.2,0.26020060044807575,0.26020060044807575
398.445,0.2,0.5946643605705031,0.5946643605705031
398.45,0.2,0.2815465275360164,0.2815465275360164
398.455,0.2,0.44666959123273026,0.44666959123273026
398.46,0.2,-0.009337761051230284,-0.009337761051230284
398.465,0.2,-0.10817649032268481,-0.10817649032268481
398.47,0.2,-0.2752812887688463,-0.2752812887688463
398.475,0.2,-0.0346973813734549,-0.0346973813734549
398.48,0.2,0.2819044136706922,0.2819044136706922
398.485,0.2,0.38894957565841365,0.38894957565841365
398.49,0.2,0.4529974919792378,0.4529974919792378
398.495,0.2,0.5170573794017044,0.5170573794017044
398.5,0.2,0.05294675951668269,0.05294675951668269
398.505,0.2,-0.1710840715299965,-0.1710840715299965
398.51,0.2,-0.36959237095082004,-0.36959237095082004
398.515,0.2,-0.17035182762009188,-0.17035182762009188
398.52,0.2,0.09462836844172487,0.09462836844172487
398.525,0.2,0.42449286112894846,0.42449286112894846
398.53,0.2,0.6266616860320343,0.6266616860320343
398.535,0.2,0.4569061037401408,0.4569061037401408
398.54,0.2,0.11731911318004647,0.11731911318004647
398.545,0.2,-0.08568804104019123,-0.08568804104019123
398.55,0.2,-0.17536797166245421,-0.17536797166245421
398.555,0.2,-0.16414214875483985,-0.16414214875483985
398.56,0.2,0.16237127560666825,0.16237127560666825
398.565,0.2,0.45872918394384793,0.45872918394384793
398.57,0.2,0.49401376244920864,0.49401376244920864
398.575,0.2,0.29337572637243514,0.29337572637243514
398.58,0.2,0.06240798886484157,0.06240798886484157
398.585,0.2,-0.23007697503249455,-0.23007697503249455
398.59,0.2,-0.06871295033143804,-0.06871295033143804
398.595,0.2,-0.11430697034264758,-0.11430697034264758
398.6,0.2,0.13444660063622924,0.13444660063622924
398.605,0.2,0.33753729804957955,0.33753729804957955
398.61,0.2,0.5075913643854969,0.5075913643854969
398.615,0.2,0.4020568418114824,0.4020568418114824
398.62,0.2,0.09374778239818185,0.09374778239818185
398.625,0.2,-0.3868526599011644,-0.3868526599011644
398.63,0.2,-0.278021422960128,-0.278021422960128
398.635,0.2,-0.07041868937590015,-0.07041868937590015
398.64,0.2,0.15305370279758046,0.15305370279758046
398.645,0.2,0.31653586258010746,0.31653586258010746
398.65,0.2,0.6129767998811809,0.6129767998811809
398.655,0.2,0.6001958297236444,0.6001958297236444
398.66,0.2,0.08510949106097104,0.08510949106097104
398.665,0.2,-0.09943446749778725,-0.09943446749778725
398.67,0.2,-0.38493898166963536,-0.38493898166963536
398.675,0.2,0.11841691896666903,0.11841691896666903
398.68,0.2,0.38277943733821806,0.38277943733821806
398.685,0.2,0.2862214755731156,0.2862214755731156
398.69,0.2,0.5390834634212531,0.5390834634212531
398.695,0.2,0.3117975376567982,0.3117975376567982
398.7,0.2,0.15781694997698753,0.15781694997698753
398.705,0.2,-0.2429417850305019,-0.2429417850305019
398.71,0.2,-0.1419681583533304,-0.1419681583533304
398.715,0.2,0.0817903432235182,0.0817903432235182
398.72,0.2,0.32793771918246595,0.32793771918246595
398.725,0.2,0.5668874490354385,0.5668874490354385
398.73,0.2,0.593560203302823,0.593560203302823
398.735,0.2,0.4417065468229092,0.4417065468229092
398.74,0.2,0.19040696194694906,0.19040696194694906
398.745,0.2,-0.16096312439428015,-0.16096312439428015
398.75,0.2,0.04116638976801423,0.04116638976801423
398.755,0.2,0.05506632949773833,0.05506632949773833
398.76,0.2,0.5003578089409665,0.5003578089409665
398.765,0.2,0.4726480547843806,0.4726480547843806
398.77,0.2,0.5447517782552622,0.5447517782552622
398.775,0.2,0.4576214636139025,0.4576214636139025
398.78,0.2,0.002147075200779003,0.002147075200779003
398.785,0.2,-0.09203570736986622,-0.09203570736986622
398.79,0.2,-0.27588285284119346,-0.27588285284119346
398.795,0.2,0.2547456968301642,0.2547456968301642
398.8,0.2,0.03930318398174337,0.03930318398174337
398.805,0.2,0.653630194388553,0.653630194388553
398.81,0.2,0.5078082214941371,0.5078082214941371
398.815,0.2,0.5925829955140316,0.5925829955140316
398.82,0.2,0.17860328040573442,0.17860328040573442
398.825,0.2,0.004783332139953557,0.004783332139953557
398.83,0.2,-0.2119312323064509,-0.2119312323064509
398.835,0.2,-0.17039986414873545,-0.17039986414873545
398.84,0.2,0.33202211472094834,0.33202211472094834
398.845,0.2,0.5515210183559668,0.5515210183559668
398.85,0.2,0.5110585321421531,0.5110585321421531
398.855,0.2,0.5476820734226875,0.5476820734226875
398.86,0.2,0.18141686605480772,0.18141686605480772
398.865,0.2,0.05915432618552005,0.05915432618552005
398.87,0.2,-0.08688077654184834,-0.08688077654184834
398.875,0.2,-0.11257233882783735,-0.11257233882783735
398.88,0.2,0.3741779210071666,0.3741779210071666
398.885,0.2,0.411494151986901,0.411494151986901
398.89,0.2,0.6556082914328084,0.6556082914328084
398.895,0.2,0.3605131234062239,0.3605131234062239
398.9,0.2,0.15182885726336243,0.15182885726336243
398.905,0.2,-0.04315415421050657,-0.04315415421050657
398.91,0.2,-0.32044968320252243,-0.32044968320252243
398.915,0.2,-0.17453914598739273,-0.17453914598739273
398.92,0.2,0.37795830582033096,0.37795830582033096
398.925,0.2,0.4389124746128743,0.4389124746128743
398.93,0.2,0.6018490035297911,0.6018490035297911
398.935,0.2,0.2088663342358994,0.2088663342358994
398.94,0.2,0.07096339119792938,0.07096339119792938
398.945,0.2,-0.16574965973055664,-0.16574965973055664
398.95,0.2,-0.438909078454014,-0.438909078454014
398.955,0.2,-0.06314182101999644,-0.06314182101999644
398.96,0.2,0.31749033791143827,0.31749033791143827
398.965,0.2,0.4366909140457073,0.4366909140457073
398.97,0.2,0.5117587931564246,0.5117587931564246
398.975,0.2,0.2018196715086978,0.2018196715086978
398.98,0.2,0.1534411923557123,0.1534411923557123
398.985,0.2,-0.12274099242522905,-0.12274099242522905
398.99,0.2,-0.12366233324761154,-0.12366233324761154
398.995,0.2,-0.31990787185166936,-0.31990787185166936
399.0,0.2,0.1140954741060446,0.1140954741060446
399.005,0.2,0.5739077053515756,0.5739077053515756
399.01,0.2,0.38213158268168174,0.38213158268168174
399.015,0.2,0.3146329779694319,0.3146329779694319
399.02,0.2,0.058604046202671775,0.058604046202671775
399.025,0.2,-0.43167994811422883,-0.43167994811422883
399.03,0.2,-0.18315527082635574,-0.18315527082635574
399.035,0.2,-0.09542674042017994,-0.09542674042017994
399.04,0.2,0.22393156133723016,0.22393156133723016
399.045,0.2,0.6263756321852878,0.6263756321852878
399.05,0.2,0.6424561115421544,0.6424561115421544
399.055,0.2,0.3655603253809517,0.3655603253809517
399.06,0.2,0.08749425511210611,0.08749425511210611
399.065,0.2,-0.09751381200445186,-0.09751381200445186
399.07,0.2,-0.44947606228891146,-0.44947606228891146
399.075,0.2,-0.16665491241791613,-0.16665491241791613
399.08,0.2,0.14768804816142486,0.14768804816142486
399.085,0.2,0.3115511472337429,0.3115511472337429
399.09,0.2,0.46834055901727534,0.46834055901727534
399.095,0.2,0.3462394513358782,0.3462394513358782
399.1,0.2,0.2403247149706969,0.2403247149706969
399.105,0.2,-0.2508825051015987,-0.2508825051015987
399.11,0.2,-0.24555696703596477,-0.24555696703596477
399.115,0.2,-0.10693312473199591,-0.10693312473199591
399.12,0.2,0.12814628155261126,0.12814628155261126
399.125,0.2,0.5345807244631302,0.5345807244631302
399.13,0.2,0.4693861158775325,0.4693861158775325
399.135,0.2,0.4407559331062621,0.4407559331062621
399.14,0.2,0.17115512011003758,0.17115512011003758
399.145,0.2,-0.1261938749716763,-0.1261938749716763
399.15,0.2,-0.12582080661651493,-0.12582080661651493
399.155,0.2,-0.09320418475034664,-0.09320418475034664
399.16,0.2,0.24988578577429219,0.24988578577429219
399.165,0.2,0.3872315160244114,0.3872315160244114
399.17,0.2,0.6425159957789647,0.6425159957789647
399.175,0.2,0.4578607298375951,0.4578607298375951
399.18,0.2,0.31254082438122566,0.31254082438122566
399.185,0.2,-0.19790025072520778,-0.19790025072520778
399.19,0.2,-0.20659310802936515,-0.20659310802936515
399.195,0.2,-0.019921553991545042,-0.019921553991545042
399.2,0.2,0.18854873396029162,0.18854873396029162
399.205,0.2,0.5166913860189228,0.5166913860189228
399.21,0.2,0.586341591011971,0.586341591011971
399.215,0.2,0.5501795697982037,0.5501795697982037
399.22,0.2,0.1261110171433887,0.1261110171433887
399.225,0.2,0.07275261148939774,0.07275261148939774
399.23,0.2,-0.2533977827789889,-0.2533977827789889
399.235,0.2,0.0205211839137161,0.0205211839137161
399.24,0.2,0.12702624787001734,0.12702624787001734
399.245,0.2,0.42044740736756936,0.42044740736756936
399.25,0.2,0.6204545380848464,0.6204545380848464
399.255,0.2,0.5345911554876916,0.5345911554876916
399.26,0.2,0.26628840852104585,0.26628840852104585
399.265,0.2,-0.010440328092761922,-0.010440328092761922
399.27,0.2,-0.2356455996331029,-0.2356455996331029
399.275,0.2,-0.07526160692808102,-0.07526160692808102
399.28,0.2,0.35114257622475825,0.35114257622475825
399.285,0.2,0.5501161687814722,0.5501161687814722
399.29,0.2,0.6677001325273122,0.6677001325273122
399.295,0.2,0.503493610061577,0.503493610061577
399.3,0.2,0.16876154501693172,0.16876154501693172
399.305,0.2,-0.012536496578804526,-0.012536496578804526
399.31,0.2,-0.12172673819820445,-0.12172673819820445
399.315,0.2,0.09372803818420256,0.09372803818420256
399.32,0.2,0.13361035565702345,0.13361035565702345
399.325,0.2,0.6773621184338947,0.6773621184338947
399.33,0.2,0.6388099115278274,0.6388099115278274
399.335,0.2,0.1951391281550825,0.1951391281550825
399.34,0.2,0.25639516761793374,0.25639516761793374
399.345,0.2,-0.11119292291925019,-0.11119292291925019
399.35,0.2,-0.16969523107292783,-0.16969523107292783
399.355,0.2,-0.052803439050036906,-0.052803439050036906
399.36,0.2,0.23703591328503895,0.23703591328503895
399.365,0.2,0.40041771567034157,0.40041771567034157
399.37,0.2,0.48547677627294084,0.48547677627294084
399.375,0.2,0.42654313303108754,0.42654313303108754
399.38,0.2,0.07861512356786583,0.07861512356786583
399.385,0.2,-0.21086338744683875,-0.21086338744683875
399.39,0.2,-0.3497175288436845,-0.3497175288436845
399.395,0.2,-0.05174470140979529,-0.05174470140979529
399.4,0.2,0.16634428041061838,0.16634428041061838
399.405,0.2,0.48860743510205945,0.48860743510205945
399.41,0.2,0.6373222461106309,0.6373222461106309
399.415,0.2,0.4423123183813499,0.4423123183813499
399.42,0.2,0.21981945641171727,0.21981945641171727
399.425,0.2,-0.11431380564650107,-0.11431380564650107
399.43,0.2,-0.3082405346793743,-0.3082405346793743
399.435,0.2,0.08091286144096643,0.08091286144096643
399.44,0.2,0.042772606906709365,0.042772606906709365
399.445,0.2,0.5628729283971672,0.5628729283971672
399.45,0.2,0.5457289643662478,0.5457289643662478
399.455,0.2,0.422855757826582,0.422855757826582
399.46,0.2,0.20673976826324392,0.20673976826324392
399.465,0.2,0.08552257352977327,0.08552257352977327
399.47,0.2,-0.07804117526398079,-0.07804117526398079
399.475,0.2,0.0006730950512303518,0.0006730950512303518
399.48,0.2,0.17164542409687844,0.17164542409687844
399.485,0.2,0.49747994742890145,0.49747994742890145
399.49,0.2,0.557001469875432,0.557001469875432
399.495,0.2,0.539609312537015,0.539609312537015
399.5,0.2,0.24777498306692083,0.24777498306692083
399.505,0.2,-0.04539264130665723,-0.04539264130665723
399.51,0.2,-0.12846395828564555,-0.12846395828564555
399.515,0.2,0.13345136403208518,0.13345136403208518
399.52,0.2,-0.10491179060928774,-0.10491179060928774
399.525,0.2,0.7047826587488496,0.7047826587488496
399.53,0.2,0.46756992342026105,0.46756992342026105
399.535,0.2,0.5386459118464323,0.5386459118464323
399.54,0.2,0.22242729910033732,0.22242729910033732
399.545,0.2,0.09749105136438271,0.09749105136438271
399.55,0.2,-0.12883314172984026,-0.12883314172984026
399.555,0.2,-0.25669220344644095,-0.25669220344644095
399.56,0.2,0.20323515586972085,0.20323515586972085
399.565,0.2,0.5119989951172834,0.5119989951172834
399.57,0.2,0.5267883305912583,0.5267883305912583
399.575,0.2,0.25603174235878606,0.25603174235878606
399.58,0.2,0.178074489136874,0.178074489136874
399.585,0.2,-0.1837348298439678,-0.1837348298439678
399.59,0.2,-0.05527518499349225,-0.05527518499349225
399.595,0.2,0.06200174326111474,0.06200174326111474
399.6,0.2,0.33819203742905357,0.33819203742905357
399.605,0.2,0.43937776760383285,0.43937776760383285
399.61,0.2,0.6000255228380702,0.6000255228380702
399.615,0.2,0.6092162169420171,0.6092162169420171
399.62,0.2,0.08392141746665488,0.08392141746665488
399.625,0.2,0.035304835329233134,0.035304835329233134
399.63,0.2,-0.23499535180079684,-0.23499535180079684
399.635,0.2,-0.2375220422738239,-0.2375220422738239
399.64,0.2,0.31720203278333337,0.31720203278333337
399.645,0.2,0.5528781013266181,0.5528781013266181
399.65,0.2,0.6633338022109264,0.6633338022109264
399.655,0.2,0.38196997924728104,0.38196997924728104
399.66,0.2,0.24260629112981685,0.24260629112981685
399.665,0.2,-0.06604273106820667,-0.06604273106820667
399.67,0.2,-0.18289692154025947,-0.18289692154025947
399.675,0.2,-0.05795310056368529,-0.05795310056368529
399.68,0.2,0.4490399826652497,0.4490399826652497
399.685,0.2,0.42858152303855596,0.42858152303855596
399.69,0.2,0.5952349038669553,0.5952349038669553
399.695,0.2,0.41127960544094866,0.41127960544094866
399.7,0.2,0.3921866186144658,0.3921866186144658
399.705,0.2,0.11018903863667967,0.11018903863667967
399.71,0.2,-0.19861150384006512,-0.19861150384006512
399.715,0.2,0.09866093093550843,0.09866093093550843
399.72,0.2,0.025137502151688723,0.025137502151688723
399.725,0.2,0.49186005327073573,0.49186005327073573
399.73,0.2,0.6694055533355204,0.6694055533355204
399.735,0.2,0.606799956556225,0.606799956556225
399.74,0.2,0.22835646276037283,0.22835646276037283
399.745,0.2,0.03257539107629417,0.03257539107629417
399.75,0.2,-0.04484226670398715,-0.04484226670398715
399.755,0.2,-0.0996072061225646,-0.0996072061225646
399.76,0.2,0.16631081700943956,0.16631081700943956
399.765,0.2,0.39367824042519484,0.39367824042519484
399.77,0.2,0.5790814177038994,0.5790814177038994
399.775,0.2,0.5056262756887434,0.5056262756887434
399.78,0.2,0.25087457533538704,0.25087457533538704
399.785,0.2,-0.09943562503523444,-0.09943562503523444
399.79,0.2,-0.16753399507758795,-0.16753399507758795
399.795,0.2,-0.018032908674022567,-0.018032908674022567
399.8,0.2,0.2294626853811732,0.2294626853811732
399.805,0.2,0.48324572540514416,0.48324572540514416
399.81,0.2,0.6550765933848084,0.6550765933848084
399.815,0.2,0.5375447569758274,0.5375447569758274
399.82,0.2,0.15207503344998072,0.15207503344998072
399.825,0.2,-0.08280930933064429,-0.08280930933064429
399.83,0.2,-0.024242790873785697,-0.024242790873785697
399.835,0.2,-0.013703111646868688,-0.013703111646868688
399.84,0.2,0.1411146179539713,0.1411146179539713
399.845,0.2,0.4715290622464359,0.4715290622464359
399.85,0.2,0.46550727142336285,0.46550727142336285
399.855,0.2,0.5796470889301193,0.5796470889301193
399.86,0.2,0.12351545716465671,0.12351545716465671
399.865,0.2,-0.1817617331569557,-0.1817617331569557
399.87,0.2,0.017365576506546743,0.017365576506546743
399.875,0.2,-0.10925660905084836,-0.10925660905084836
399.88,0.2,0.2801392665376379,0.2801392665376379
399.885,0.2,0.32958796023914216,0.32958796023914216
399.89,0.2,0.4728783396349707,0.4728783396349707
399.895,0.2,0.335913858606942,0.335913858606942
399.9,0.2,0.1467506034254279,0.1467506034254279
399.905,0.2,-0.19230280143580855,-0.19230280143580855
399.91,0.2,-0.2046783749989869,-0.2046783749989869
399.915,0.2,-0.1141181620535405,-0.1141181620535405
399.92,0.2,0.1853915784271395,0.1853915784271395
399.925,0.2,0.6217365687066206,0.6217365687066206
399.93,0.2,0.5249967086947398,0.5249967086947398
399.935,0.2,0.6216914189674138,0.6216914189674138
399.94,0.2,-0.00036033805125218477,-0.00036033805125218477
399.945,0.2,-0.2600858247493592,-0.2600858247493592
399.95,0.2,-0.3190376480385784,-0.3190376480385784
399.955,0.2,-0.07337538735684107,-0.07337538735684107
399.96,0.2,0.42015280701823565,0.42015280701823565
399.965,0.2,0.5500648135661762,0.5500648135661762
399.97,0.2,0.5627462177971017,0.5627462177971017
399.975,0.2,0.49699463022111684,0.49699463022111684
399.98,0.2,0.0527493680706627,0.0527493680706627
399.985,0.2,-0.2572251273278182,-0.2572251273278182
399.99,0.2,-0.06697905403471027,-0.06697905403471027
399.995,0.2,-0.08724365527457983,-0.08724365527457983
400.0,0.2,0.2682569326888074,0.2682569326888074
400.005,0.2,0.33440036090872804,0.33440036090872804
400.01,0.2,0.6358060437046814,0.6358060437046814
400.015,0.2,0.38744261521339257,0.38744261521339257
400.02,0.2,0.2738573354413941,0.2738573354413941
400.025,0.2,-0.1793834244983017,-0.1793834244983017
400.03,0.2,-0.05571082551024306,-0.05571082551024306
400.035,0.2,0.002166903834194621,0.002166903834194621
400.04,0.2,0.1941865890533696,0.1941865890533696
400.045,0.2,0.5170811128836411,0.5170811128836411
400.05,0.2,0.45656181367314064,0.45656181367314064
400.055,0.2,0.5149369364281589,0.5149369364281589
400.06,0.2,0.057651346231121225,0.057651346231121225
400.065,0.2,-0.09605429773718449,-0.09605429773718449
400.07,0.2,0.038437122784806654,0.038437122784806654
400.075,0.2,0.05626304195942082,0.05626304195942082
400.08,0.2,0.2964165857302119,0.2964165857302119
400.085,0.2,0.27414763877871307,0.27414763877871307
400.09,0.2,0.6096368908821412,0.6096368908821412
400.095,0.2,0.4080032191380953,0.4080032191380953
400.1,0.2,0.3098861695373479,0.3098861695373479
400.105,0.2,-0.03123771879746985,-0.03123771879746985
400.11,0.2,-0.20384558113073023,-0.20384558113073023
400.115,0.2,-0.13573432075397546,-0.13573432075397546
400.12,0.2,0.06479848789703477,0.06479848789703477
400.125,0.2,0.33078580051799555,0.33078580051799555
400.13,0.2,0.5635743536479526,0.5635743536479526
400.135,0.2,0.5356049904283504,0.5356049904283504
400.14,0.2,0.36625784491042834,0.36625784491042834
400.145,0.2,-0.1142861868458947,-0.1142861868458947
400.15,0.2,-0.21378477554017364,-0.21378477554017364
400.155,0.2,0.02663004895319257,0.02663004895319257
400.16,0.2,0.2790585358657484,0.2790585358657484
400.165,0.2,0.40499259585916114,0.40499259585916114
400.17,0.2,0.6724686739424256,0.6724686739424256
400.175,0.2,0.4559321662889486,0.4559321662889486
400.18,0.2,0.2468151795696079,0.2468151795696079
400.185,0.2,-0.1548668419842612,-0.1548668419842612
400.19,0.2,-0.09792772814575196,-0.09792772814575196
400.195,0.2,-0.09834052350017736,-0.09834052350017736
400.2,0.2,0.25626175990280803,0.25626175990280803
400.205,0.2,0.48722041738421007,0.48722041738421007
400.21,0.2,0.61152677935205,0.61152677935205
400.215,0.2,0.42697301428163104,0.42697301428163104
400.22,0.2,0.2293658378158142,0.2293658378158142
400.225,0.2,-0.06982004660452637,-0.06982004660452637
400.23,0.2,0.02411512318409495,0.02411512318409495
400.235,0.2,-0.02291666779689025,-0.02291666779689025
400.24,0.2,0.38140218153610894,0.38140218153610894
400.245,0.2,0.3655293863336261,0.3655293863336261
400.25,0.2,0.4769223018079287,0.4769223018079287
400.255,0.2,0.5219494888723599,0.5219494888723599
400.26,0.2,0.22411702130505665,0.22411702130505665
400.265,0.2,-0.08854898923830004,-0.08854898923830004
400.27,0.2,-0.18048047060187716,-0.18048047060187716
400.275,0.2,-0.02480191753074091,-0.02480191753074091
400.28,0.2,0.17230516127743484,0.17230516127743484
400.285,0.2,0.7305196379617325,0.7305196379617325
400.29,0.2,0.628549693601207,0.628549693601207
400.295,0.2,0.4734645146625683,0.4734645146625683
400.3,0.2,0.26948946879400293,0.26948946879400293
400.305,0.2,-0.1678881231573966,-0.1678881231573966
400.31,0.2,-0.25013893977918455,-0.25013893977918455
400.315,0.2,0.01596099494095657,0.01596099494095657
400.32,0.2,0.18820906377434238,0.18820906377434238
400.325,0.2,0.4248796315266352,0.4248796315266352
400.33,0.2,0.5316960895091634,0.5316960895091634
400.335,0.2,0.4301422341343038,0.4301422341343038
400.34,0.2,0.22808367449854847,0.22808367449854847
400.345,0.2,-0.09550019291729549,-0.09550019291729549
400.35,0.2,-0.03449272118087321,-0.03449272118087321
400.355,0.2,0.072941642098535,0.072941642098535
400.36,0.2,0.3085147792293649,0.3085147792293649
400.365,0.2,0.5457619959386174,0.5457619959386174
400.37,0.2,0.3977531285765358,0.3977531285765358
400.375,0.2,0.4536408940637768,0.4536408940637768
400.38,0.2,0.17553466718594699,0.17553466718594699
400.385,0.2,-0.01110466560749157,-0.01110466560749157
400.39,0.2,-0.13129757698700772,-0.13129757698700772
400.395,0.2,0.07242411749235125,0.07242411749235125
400.4,0.2,0.2551204456297674,0.2551204456297674
400.405,0.2,0.4866692563081091,0.4866692563081091
400.41,0.2,0.4657071928385821,0.4657071928385821
400.415,0.2,0.7031319364889035,0.7031319364889035
400.42,0.2,0.3693295523865444,0.3693295523865444
400.425,0.2,0.07448920874831605,0.07448920874831605
400.43,0.2,-0.10272822026559182,-0.10272822026559182
400.435,0.2,-0.2909492583640233,-0.2909492583640233
400.44,0.2,0.23311944877788282,0.23311944877788282
400.445,0.2,0.39943107805587325,0.39943107805587325
400.45,0.2,0.6230717725054217,0.6230717725054217
400.455,0.2,0.6062430910649017,0.6062430910649017
400.46,0.2,0.009310801069405267,0.009310801069405267
400.465,0.2,-0.06002094510203229,-0.06002094510203229
400.47,0.2,-0.322420693554079,-0.322420693554079
400.475,0.2,0.21158161648846333,0.21158161648846333
400.48,0.2,0.34640556838196473,0.34640556838196473
400.485,0.2,0.4832091651377923,0.4832091651377923
400.49,0.2,0.737373163628442,0.737373163628442
400.495,0.2,0.3546573750690001,0.3546573750690001
400.5,0.2,0.20015420022497468,0.20015420022497468
400.505,0.2,-0.023779703175121816,-0.023779703175121816
400.51,0.2,-0.09288951633087374,-0.09288951633087374
400.515,0.2,0.08455519591489474,0.08455519591489474
400.52,0.2,0.39761850251478315,0.39761850251478315
400.525,0.2,0.5180434635627414,0.5180434635627414
400.53,0.2,0.6668352583144311,0.6668352583144311
400.535,0.2,0.43703374382984966,0.43703374382984966
400.54,0.2,0.16377619578594238,0.16377619578594238
400.545,0.2,0.07824005917196786,0.07824005917196786
400.55,0.2,-0.174862952964553,-0.174862952964553
400.555,0.2,0.07065213549047596,0.07065213549047596
400.56,0.2,0.25359668518785405,0.25359668518785405
400.565,0.2,0.5609703615315795,0.5609703615315795
400.57,0.2,0.7065379201684787,0.7065379201684787
400.575,0.2,0.25973760992174677,0.25973760992174677
400.58,0.2,0.24579266286004284,0.24579266286004284
400.585,0.2,-0.005247270745397669,-0.005247270745397669
400.59,0.2,0.004974574972085033,0.004974574972085033
400.595,0.2,0.03207038950273949,0.03207038950273949
400.6,0.2,0.3527151310573151,0.3527151310573151
400.605,0.2,0.6212138517929162,0.6212138517929162
400.61,0.2,0.5944234103349785,0.5944234103349785
400.615,0.2,0.4327733563898087,0.4327733563898087
400.62,0.2,0.09163565140731972,0.09163565140731972
400.625,0.2,-0.026407130982179144,-0.026407130982179144
400.63,0.2,-0.0844306674921813,-0.0844306674921813
400.635,0.2,0.156013434619309,0.156013434619309
400.64,0.2,0.26702746182703935,0.26702746182703935
400.645,0.2,0.5617391937629944,0.5617391937629944
400.65,0.2,0.6146302481333198,0.6146302481333198
400.655,0.2,0.46668878972993805,0.46668878972993805
400.66,0.2,0.27512651566875734,0.27512651566875734
400.665,0.2,-0.018714442166515407,-0.018714442166515407
400.67,0.2,-0.038210910623247774,-0.038210910623247774
400.675,0.2,-0.02333176237132641,-0.02333176237132641
400.68,0.2,0.22300960926853625,0.22300960926853625
400.685,0.2,0.5760564621152566,0.5760564621152566
400.69,0.2,0.6321482539390182,0.6321482539390182
400.695,0.2,0.49497234238774374,0.49497234238774374
400.7,0.2,0.22488144396835477,0.22488144396835477
400.705,0.2,-0.046844122708938674,-0.046844122708938674
400.71,0.2,0.028518478781032863,0.028518478781032863
400.715,0.2,-0.10766089638017276,-0.10766089638017276
400.72,0.2,0.3713612976223883,0.3713612976223883
400.725,0.2,0.5649125387649403,0.5649125387649403
400.73,0.2,0.5250475428805906,0.5250475428805906
400.735,0.2,0.5801445232920127,0.5801445232920127
400.74,0.2,0.3259573611012534,0.3259573611012534
400.745,0.2,-0.07383390350343812,-0.07383390350343812
400.75,0.2,-0.2872558628373242,-0.2872558628373242
400.755,0.2,-0.15194534013523497,-0.15194534013523497
400.76,0.2,0.33579508744996994,0.33579508744996994
400.765,0.2,0.5614723558890914,0.5614723558890914
400.77,0.2,0.5121768368147864,0.5121768368147864
400.775,0.2,0.6046362649537369,0.6046362649537369
400.78,0.2,0.367164245770297,0.367164245770297
400.785,0.2,-0.07365194443398863,-0.07365194443398863
400.79,0.2,-0.12060007240528176,-0.12060007240528176
400.795,0.2,-0.0067142808543626635,-0.0067142808543626635
400.8,0.2,0.14768535157336812,0.14768535157336812
400.805,0.2,0.5555707000311527,0.5555707000311527
400.81,0.2,0.7650221678887332,0.7650221678887332
400.815,0.2,0.647518520804831,0.647518520804831
400.82,0.2,0.23289105661835185,0.23289105661835185
400.825,0.2,-0.12324721139032191,-0.12324721139032191
400.83,0.2,-0.0996032801153543,-0.0996032801153543
400.835,0.2,-0.055432968808695804,-0.055432968808695804
400.84,0.2,0.3050984509339106,0.3050984509339106
400.845,0.2,0.6512102604245291,0.6512102604245291
400.85,0.2,0.6631932646130692,0.6631932646130692
400.855,0.2,0.6600190394551759,0.6600190394551759
400.86,0.2,0.25633025552175015,0.25633025552175015
400.865,0.2,0.010464719077837643,0.010464719077837643
400.87,0.2,-0.0986780063639757,-0.0986780063639757
400.875,0.2,-0.07180207648946167,-0.07180207648946167
400.88,0.2,0.1018487181926595,0.1018487181926595
400.885,0.2,0.5531581400261324,0.5531581400261324
400.89,0.2,0.5582086073396694,0.5582086073396694
400.895,0.2,0.6081512093978153,0.6081512093978153
400.9,0.2,0.15223039014313422,0.15223039014313422
400.905,0.2,-0.06107757667138218,-0.06107757667138218
400.91,0.2,-0.200251130680359,-0.200251130680359
400.915,0.2,0.0034025518575742375,0.0034025518575742375
400.92,0.2,0.36270767023630746,0.36270767023630746
400.925,0.2,0.4917703397505287,0.4917703397505287
400.93,0.2,0.6494135783937397,0.6494135783937397
400.935,0.2,0.42376790235694667,0.42376790235694667
400.94,0.2,0.03930377685011274,0.03930377685011274
400.945,0.2,-0.3028051021453995,-0.3028051021453995
400.95,0.2,-0.07255282934914947,-0.07255282934914947
400.955,0.2,-0.017838965812148506,-0.017838965812148506
400.96,0.2,0.2055353435401799,0.2055353435401799
400.965,0.2,0.6188306772774029,0.6188306772774029
400.97,0.2,0.7296605134098275,0.7296605134098275
400.975,0.2,0.36598466600966384,0.36598466600966384
400.98,0.2,-0.010218289665500202,-0.010218289665500202
400.985,0.2,-0.12686215591727298,-0.12686215591727298
400.99,0.2,-0.05265638174049543,-0.05265638174049543
400.995,0.2,-0.07224403107354234,-0.07224403107354234
401.0,0.2,0.2560857770742058,0.2560857770742058
401.005,0.2,0.42686060430343786,0.42686060430343786
401.01,0.2,0.7167968406628102,0.7167968406628102
401.015,0.2,0.2588795812923766,0.2588795812923766
401.02,0.2,0.04942218727915221,0.04942218727915221
401.025,0.2,-0.17513437702514079,-0.17513437702514079
401.03,0.2,-0.32346181296329823,-0.32346181296329823
401.035,0.2,0.005569004771404054,0.005569004771404054
401.04,0.2,0.251890666773099,0.251890666773099
401.045,0.2,0.42799241385032716,0.42799241385032716
401.05,0.2,0.5908927825054089,0.5908927825054089
401.055,0.2,0.3797850391582062,0.3797850391582062
401.06,0.2,0.1505706242445289,0.1505706242445289
401.065,0.2,-0.024046996720027525,-0.024046996720027525
401.07,0.2,-0.3660196120643323,-0.3660196120643323
401.075,0.2,-0.1581314547094563,-0.1581314547094563
401.08,0.2,0.1472432417739562,0.1472432417739562
401.085,0.2,0.4666622147543559,0.4666622147543559
401.09,0.2,0.6117957667745969,0.6117957667745969
401.095,0.2,0.3553761110070178,0.3553761110070178
401.1,0.2,0.22159001416347934,0.22159001416347934
401.105,0.2,-0.10049775839632034,-0.10049775839632034
401.11,0.2,0.04775609919350454,0.04775609919350454
401.115,0.2,-0.02704113094052453,-0.02704113094052453
401.12,0.2,0.2019268736308414,0.2019268736308414
401.125,0.2,0.3151808052943542,0.3151808052943542
401.13,0.2,0.5671367904835969,0.5671367904835969
401.135,0.2,0.46446536586626574,0.46446536586626574
401.14,0.2,0.06754914315979936,0.06754914315979936
401.145,-0.2,-0.10877541363430554,-0.10877541363430554
401.15,-0.2,0.009937780600738633,0.009937780600738633
401.155,-0.2,-0.04541269090659148,-0.04541269090659148
401.16,-0.2,0.3268723464394217,0.3268723464394217
401.165,-0.2,0.2812284222454978,0.2812284222454978
401.17,-0.2,0.45063479871106005,0.45063479871106005
401.175,-0.2,0.3110286348192739,0.3110286348192739
401.18,-0.2,0.13576913633204513,0.13576913633204513
401.185,-0.2,0.030094694836638763,0.030094694836638763
401.19,-0.2,-0.12568901120921028,-0.12568901120921028
401.195,-0.2,-0.0640906018447136,-0.0640906018447136
401.2,-0.2,0.30903123713744574,0.30903123713744574
401.205,-0.2,0.5030463779342348,0.5030463779342348
401.21,-0.2,0.4915963761249521,0.4915963761249521
401.215,-0.2,0.4295548067432315,0.4295548067432315
401.22,-0.2,0.04734986398308423,0.04734986398308423
401.225,-0.2,-0.11741863709473975,-0.11741863709473975
401.23,-0.2,-0.18286529632357174,-0.18286529632357174
401.235,-0.2,0.03180449459283455,0.03180449459283455
401.24,-0.2,0.3195698789129228,0.3195698789129228
401.245,-0.2,0.2863721394980706,0.2863721394980706
401.25,-0.2,0.41380121635533706,0.41380121635533706
401.255,-0.2,0.36119192886470053,0.36119192886470053
401.26,-0.2,0.19387812972293136,0.19387812972293136
401.265,-0.2,0.003910372960252387,0.003910372960252387
401.27,-0.2,-0.10496350456559106,-0.10496350456559106
401.275,-0.2,0.05947756577606464,0.05947756577606464
401.28,-0.2,0.3218203222646375,0.3218203222646375
401.285,-0.2,0.712629776429275,0.712629776429275
401.29,-0.2,0.5315683002084327,0.5315683002084327
401.295,-0.2,0.44665426724152274,0.44665426724152274
401.3,-0.2,0.1462725158955991,0.1462725158955991
401.305,-0.2,-0.17976978605235516,-0.17976978605235516
401.31,-0.2,-0.26510697033283637,-0.26510697033283637
401.315,-0.2,0.11319978352500627,0.11319978352500627
401.32,-0.2,0.3620067690898142,0.3620067690898142
401.325,-0.2,0.44487457164707134,0.44487457164707134
401.33,-0.2,0.782935697089978,0.782935697089978
401.335,-0.2,0.373233776062976,0.373233776062976
401.34,-0.2,0.19427447078894494,0.19427447078894494
401.345,-0.2,-0.08262126012426738,-0.08262126012426738
401.35,-0.2,-0.06901892925235578,-0.06901892925235578
401.355,-0.2,0.02539246903351921,0.02539246903351921
401.36,-0.2,0.44352437748605567,0.44352437748605567
401.365,-0.2,0.48043019401607273,0.48043019401607273
401.37,-0.2,0.6299380115314852,0.6299380115314852
401.375,-0.2,0.6837966702643158,0.6837966702643158
401.38,-0.2,0.1686225079735292,0.1686225079735292
401.385,-0.2,-0.04485685334178625,-0.04485685334178625
401.39,-0.2,-0.04875176248570763,-0.04875176248570763
401.395,-0.2,-0.0952950322926156,-0.0952950322926156
401.4,-0.2,0.3814190816855469,0.3814190816855469
401.405,-0.2,0.44155750102492514,0.44155750102492514
401.41,-0.2,0.4870274134985282,0.4870274134985282
401.415,-0.2,0.5136225161697607,0.5136225161697607
401.42,-0.2,0.200305422402572,0.200305422402572
401.425,-0.2,-0.0903023185261427,-0.0903023185261427
401.43,-0.2,-0.22694271381898215,-0.22694271381898215
401.435,-0.2,-0.17599753609726917,-0.17599753609726917
401.44,-0.2,0.1839347935501301,0.1839347935501301
401.445,-0.2,0.44755125579444555,0.44755125579444555
401.45,-0.2,0.6817434742263891,0.6817434742263891
401.455,-0.2,0.21259326063111933,0.21259326063111933
401.46,-0.2,0.17711298588613822,0.17711298588613822
401.465,-0.2,-0.0948103963754649,-0.0948103963754649
401.47,-0.2,0.021713396130826235,0.021713396130826235
401.475,-0.2,-0.007241853550020345,-0.007241853550020345
401.48,-0.2,0.23523732923631457,0.23523732923631457
401.485,-0.2,0.37820323200380157,0.37820323200380157
401.49,-0.2,0.47777922294470293,0.47777922294470293
401.495,-0.2,0.3409747165684204,0.3409747165684204
401.5,-0.2,0.12147171173798627,0.12147171173798627
401.505,-0.2,-0.12680683049762734,-0.12680683049762734
401.51,-0.2,-0.08455755083700378,-0.08455755083700378
401.515,-0.2,-0.15044859916542652,-0.15044859916542652
401.52,-0.2,0.12882396274041447,0.12882396274041447
401.525,-0.2,0.36322038258139294,0.36322038258139294
401.53,-0.2,0.4120784137582911,0.4120784137582911
401.535,-0.2,0.4535197296441448,0.4535197296441448
401.54,-0.2,0.1352452466829814,0.1352452466829814
401.545,-0.2,-0.2380318505140245,-0.2380318505140245
401.55,-0.2,-0.35281834656074235,-0.35281834656074235
401.555,-0.2,-0.10768791773740569,-0.10768791773740569
401.56,-0.2,0.20490395000110098,0.20490395000110098
401.565,-0.2,0.346810652242717,0.346810652242717
401.57,-0.2,0.8622460076724126,0.8622460076724126
401.575,-0.2,0.3659292667019212,0.3659292667019212
401.58,-0.2,0.2151909349484452,0.2151909349484452
401.585,-0.2,-0.11603440089101655,-0.11603440089101655
401.59,-0.2,-0.16577817986650822,-0.16577817986650822
401.595,-0.2,0.004606279488489115,0.004606279488489115
401.6,-0.2,0.2698279167751116,0.2698279167751116
401.605,-0.2,0.4643164722851207,0.4643164722851207
401.61,-0.2,0.5530786373506349,0.5530786373506349
401.615,-0.2,0.283912324169254,0.283912324169254
401.62,-0.2,0.2441306957077845,0.2441306957077845
401.625,-0.2,-0.08063741913229028,-0.08063741913229028
401.63,-0.2,-0.254515794692575,-0.254515794692575
401.635,-0.2,-0.015177023156670709,-0.015177023156670709
401.64,-0.2,0.04411466684285531,0.04411466684285531
401.645,-0.2,0.3633404337577152,0.3633404337577152
401.65,-0.2,0.3847967807931446,0.3847967807931446
401.655,-0.2,0.3484695395619844,0.3484695395619844
401.66,-0.2,0.018436843862018465,0.018436843862018465
401.665,-0.2,-0.05907110827221798,-0.05907110827221798
401.67,-0.2,-0.3310350828046748,-0.3310350828046748
401.675,-0.2,0.014926389646107166,0.014926389646107166
401.68,-0.2,0.07586066812534664,0.07586066812534664
401.685,-0.2,0.5462899401387675,0.5462899401387675
401.69,-0.2,0.673540061391596,0.673540061391596
401.695,-0.2,0.47635540706097684,0.47635540706097684
401.7,-0.2,0.09293255043645993,0.09293255043645993
401.705,-0.2,-0.23836053430415863,-0.23836053430415863
401.71,-0.2,-0.15649155385492608,-0.15649155385492608
401.715,-0.2,-0.050809421069115936,-0.050809421069115936
401.72,-0.2,0.3515247025176846,0.3515247025176846
401.725,-0.2,0.5554731356334329,0.5554731356334329
401.73,-0.2,0.6625713691736933,0.6625713691736933
401.735,-0.2,0.4560841637013453,0.4560841637013453
401.74,-0.2,0.1586707891207352,0.1586707891207352
401.745,-0.2,-0.13634226532202798,-0.13634226532202798
401.75,-0.2,-0.06845468624688605,-0.06845468624688605
401.755,-0.2,-0.01703757710169717,-0.01703757710169717
401.76,-0.2,0.2192501235595639,0.2192501235595639
401.765,-0.2,0.30158863756459575,0.30158863756459575
401.77,-0.2,0.6794934601940906,0.6794934601940906
401.775,-0.2,0.6946025371530655,0.6946025371530655
401.78,-0.2,0.18583207389476109,0.18583207389476109
401.785,-0.2,-0.13842503388795152,-0.13842503388795152
401.79,-0.2,-0.20306857390351696,-0.20306857390351696
401.795,-0.2,-0.14320868261792324,-0.14320868261792324
401.8,-0.2,0.20808971916411453,0.20808971916411453
401.805,-0.2,0.42986981915037475,0.42986981915037475
401.81,-0.2,0.6624881282065764,0.6624881282065764
401.815,-0.2,0.4056608103232022,0.4056608103232022
401.82,-0.2,0.1609880994127936,0.1609880994127936
401.825,-0.2,-0.1161840251360223,-0.1161840251360223
401.83,-0.2,-0.3951457388462417,-0.3951457388462417
401.835,-0.2,-0.04834067063701398,-0.04834067063701398
401.84,-0.2,0.3211507927578323,0.3211507927578323
401.845,-0.2,0.43180651998593306,0.43180651998593306
401.85,-0.2,0.578869360086015,0.578869360086015
401.855,-0.2,0.4843907677615658,0.4843907677615658
401.86,-0.2,0.3488300623408215,0.3488300623408215
401.865,-0.2,-0.24805164421813936,-0.24805164421813936
401.87,-0.2,-0.18773021244512986,-0.18773021244512986
401.875,-0.2,-0.021779316854977266,-0.021779316854977266
401.88,-0.2,0.32222811912845783,0.32222811912845783
401.885,-0.2,0.4566292401840041,0.4566292401840041
401.89,-0.2,0.5734720396627186,0.5734720396627186
401.895,-0.2,0.4612486084497247,0.4612486084497247
401.9,-0.2,0.24088377237379413,0.24088377237379413
401.905,-0.2,-0.07998732376569735,-0.07998732376569735
401.91,-0.2,-0.18379586762863526,-0.18379586762863526
401.915,-0.2,-0.2269823563816217,-0.2269823563816217
401.92,-0.2,0.2533553955389518,0.2533553955389518
401.925,-0.2,0.6699116420011217,0.6699116420011217
401.93,-0.2,0.7841473300573516,0.7841473300573516
401.935,-0.2,0.4695761630399163,0.4695761630399163
401.94,-0.2,0.19978066583603885,0.19978066583603885
401.945,-0.2,-0.17661652044265788,-0.17661652044265788
401.95,-0.2,-0.07469750131064394,-0.07469750131064394
401.955,-0.2,-0.12305444587157495,-0.12305444587157495
401.96,-0.2,0.23468753620064495,0.23468753620064495
401.965,-0.2,0.5894675215245544,0.5894675215245544
401.97,-0.2,0.5166533665115497,0.5166533665115497
401.975,-0.2,0.6065274431102906,0.6065274431102906
401.98,-0.2,0.22696714167066975,0.22696714167066975
401.985,-0.2,-0.035277768060092474,-0.035277768060092474
401.99,-0.2,-0.19811704920207207,-0.19811704920207207
401.995,-0.2,-0.12542208639314437,-0.12542208639314437
402.0,-0.2,0.02431866347625347,0.02431866347625347
402.005,-0.2,0.38429927571325107,0.38429927571325107
402.01,-0.2,0.5179461744870504,0.5179461744870504
402.015,-0.2,0.32326641721456995,0.32326641721456995
402.02,-0.2,0.1937189934496736,0.1937189934496736
402.025,-0.2,-0.1292671672051009,-0.1292671672051009
402.03,-0.2,-0.36984652406268803,-0.36984652406268803
402.035,-0.2,-0.0013846769499641642,-0.0013846769499641642
402.04,-0.2,0.2427716910401943,0.2427716910401943
402.045,-0.2,0.46851685582695374,0.46851685582695374
402.05,-0.2,0.675786048524085,0.675786048524085
402.055,-0.2,0.4931157149159328,0.4931157149159328
402.06,-0.2,0.04091729916258362,0.04091729916258362
402.065,-0.2,-0.05045222729558611,-0.05045222729558611
402.07,-0.2,-0.034615448736100396,-0.034615448736100396
402.075,-0.2,-0.08338170363786362,-0.08338170363786362
402.08,-0.2,0.203764001856983,0.203764001856983
402.085,-0.2,0.28371291930681497,0.28371291930681497
402.09,-0.2,0.6493650342842188,0.6493650342842188
402.095,-0.2,0.4202692793479495,0.4202692793479495
402.1,-0.2,0.008515717920805993,0.008515717920805993
402.105,-0.2,-0.2863325276019927,-0.2863325276019927
402.11,-0.2,-0.10741315988131006,-0.10741315988131006
402.115,-0.2,0.03666475906797645,0.03666475906797645
402.12,-0.2,0.32573383770043507,0.32573383770043507
402.125,-0.2,0.41172236044256316,0.41172236044256316
402.13,-0.2,0.48166136447321284,0.48166136447321284
402.135,-0.2,0.415237780430883,0.415237780430883
402.14,-0.2,0.09690622352674608,0.09690622352674608
402.145,-0.2,-0.044131131720114354,-0.044131131720114354
402.15,-0.2,-0.020512307495337723,-0.020512307495337723
402.155,-0.2,-0.07757454727686738,-0.07757454727686738
402.16,-0.2,0.21733575923072193,0.21733575923072193
402.165,-0.2,0.5545005500875002,0.5545005500875002
402.17,-0.2,0.560124613099855,0.560124613099855
402.175,-0.2,0.5400111092588771,0.5400111092588771
402.18,-0.2,0.21102338617119054,0.21102338617119054
402.185,-0.2,0.013100476777838904,0.013100476777838904
402.19,-0.2,-0.18428121232543168,-0.18428121232543168
402.195,-0.2,0.06788625794447434,0.06788625794447434
402.2,-0.2,0.11627416130857376,0.11627416130857376
402.205,-0.2,0.6328971398482571,0.6328971398482571
402.21,-0.2,0.6133798466701734,0.6133798466701734
402.215,-0.2,0.46680987827540904,0.46680987827540904
402.22,-0.2,0.2379928056712149,0.2379928056712149
402.225,-0.2,0.023110239886312334,0.023110239886312334
402.23,-0.2,-0.14199374100820633,-0.14199374100820633
402.235,-0.2,0.050912263500012864,0.050912263500012864
402.24,-0.2,0.3435543028603911,0.3435543028603911
402.245,-0.2,0.6018513639816319,0.6018513639816319
402.25,-0.2,0.46017557132175796,0.46017557132175796
402.255,-0.2,0.7213778725571196,0.7213778725571196
402.26,-0.2,0.30270234088365533,0.30270234088365533
402.265,-0.2,0.05481718822193729,0.05481718822193729
402.27,-0.2,-0.08992023803725803,-0.08992023803725803
402.275,-0.2,0.08697195553129661,0.08697195553129661
402.28,-0.2,0.18750453033674785,0.18750453033674785
402.285,-0.2,0.7577619346793928,0.7577619346793928
402.29,-0.2,0.6637793451435064,0.6637793451435064
402.295,-0.2,0.4208526995723756,0.4208526995723756
402.3,-0.2,0.30471696175625324,0.30471696175625324
402.305,-0.2,-0.1081468021984048,-0.1081468021984048
402.31,-0.2,-0.13000374091799288,-0.13000374091799288
402.315,-0.2,0.07488394565864331,0.07488394565864331
402.32,-0.2,0.37552549792309464,0.37552549792309464
402.325,-0.2,0.6514023057999196,0.6514023057999196
402.33,-0.2,0.5502431638572332,0.5502431638572332
402.335,-0.2,0.5841330687504499,0.5841330687504499
402.34,-0.2,0.24367283434143494,0.24367283434143494
402.345,-0.2,0.059833903504077524,0.059833903504077524
402.35,-0.2,-0.0177591638046255,-0.0177591638046255
402.355,-0.2,-0.007427862753967153,-0.007427862753967153
402.36,-0.2,0.1994042541923933,0.1994042541923933
402.365,-0.2,0.4967422744604377,0.4967422744604377
402.37,-0.2,0.6039117360526394,0.6039117360526394
402.375,-0.2,0.6123327020808198,0.6123327020808198
402.38,-0.2,0.2087517260544348,0.2087517260544348
402.385,-0.2,-0.05317155979577895,-0.05317155979577895
402.39,-0.2,-0.01609999974141081,-0.01609999974141081
402.395,-0.2,0.07203467601245062,0.07203467601245062
402.4,-0.2,0.3671167300453475,0.3671167300453475
402.405,-0.2,0.6362199554289987,0.6362199554289987
402.41,-0.2,0.5309883401800951,0.5309883401800951
402.415,-0.2,0.3916382344251535,0.3916382344251535
402.42,-0.2,0.24631050892710782,0.24631050892710782
402.425,-0.2,-0.060912048690849666,-0.060912048690849666
402.43,-0.2,-0.0640321628925933,-0.0640321628925933
402.435,-0.2,0.10121792965312285,0.10121792965312285
402.44,-0.2,0.37280568357833377,0.37280568357833377
402.445,-0.2,0.5830595279563938,0.5830595279563938
402.45,-0.2,0.48988259992078653,0.48988259992078653
402.455,-0.2,0.4741775325714458,0.4741775325714458
402.46,-0.2,0.3170011489653083,0.3170011489653083
402.465,-0.2,0.17933149278890143,0.17933149278890143
402.47,-0.2,0.02571494690344206,0.02571494690344206
402.475,-0.2,-0.004410582531841588,-0.004410582531841588
402.48,-0.2,0.1894254432216793,0.1894254432216793
402.485,-0.2,0.45835245823038406,0.45835245823038406
402.49,-0.2,0.6770783394768888,0.6770783394768888
402.495,-0.2,0.42502870146708804,0.42502870146708804
402.5,-0.2,0.1304388353980852,0.1304388353980852
402.505,-0.2,-0.024679224581567943,-0.024679224581567943
402.51,-0.2,-0.10609985805115957,-0.10609985805115957
402.515,-0.2,-0.0883827152290788,-0.0883827152290788
402.52,-0.2,0.3954700074637232,0.3954700074637232
402.525,-0.2,0.514206897127622,0.514206897127622
402.53,-0.2,0.6729511714662276,0.6729511714662276
402.535,-0.2,0.5924791435252397,0.5924791435252397
402.54,-0.2,0.35113886047059306,0.35113886047059306
402.545,-0.2,-0.0256702138564492,-0.0256702138564492
402.55,-0.2,-0.1198645629974062,-0.1198645629974062
402.555,-0.2,-0.10515293971045409,-0.10515293971045409
402.56,-0.2,0.20771346927968737,0.20771346927968737
402.565,-0.2,0.6346414194603577,0.6346414194603577
402.57,-0.2,0.545699369022736,0.545699369022736
402.575,-0.2,0.3504884171705097,0.3504884171705097
402.58,-0.2,0.2798318129608834,0.2798318129608834
402.585,-0.2,-0.1630159801972863,-0.1630159801972863
402.59,-0.2,-0.23115764828984742,-0.23115764828984742
402.595,-0.2,-0.015231882706631016,-0.015231882706631016
402.6,-0.2,0.03701057191020807,0.03701057191020807
402.605,-0.2,0.3469159912916432,0.3469159912916432
402.61,-0.2,0.6125104043645047,0.6125104043645047
402.615,-0.2,0.43514734748421174,0.43514734748421174
402.62,-0.2,0.16068918186856024,0.16068918186856024
402.625,-0.2,-0.018618812524798932,-0.018618812524798932
402.63,-0.2,-0.21522081410565586,-0.21522081410565586
402.635,-0.2,-0.09247475125007085,-0.09247475125007085
402.64,-0.2,0.011652236580389053,0.011652236580389053
402.645,-0.2,0.45720992423357454,0.45720992423357454
402.65,-0.2,0.7740554037672034,0.7740554037672034
402.655,-0.2,0.4115108711816768,0.4115108711816768
402.66,-0.2,0.18349655834182596,0.18349655834182596
402.665,-0.2,-0.2634544111595023,-0.2634544111595023
402.67,-0.2,-0.10806670947123204,-0.10806670947123204
402.675,-0.2,-0.25671333894501125,-0.25671333894501125
402.68,-0.2,0.3420219718868339,0.3420219718868339
402.685,-0.2,0.4704504920658716,0.4704504920658716
402.69,-0.2,0.3825605935260141,0.3825605935260141
402.695,-0.2,0.3110834296757456,0.3110834296757456
402.7,-0.2,0.09209805270210061,0.09209805270210061
402.705,-0.2,0.0969722663041628,0.0969722663041628
402.71,-0.2,-0.24275680525199395,-0.24275680525199395
402.715,-0.2,-0.14084442614726833,-0.14084442614726833
402.72,-0.2,0.2608874064895423,0.2608874064895423
402.725,-0.2,0.316014795459937,0.316014795459937
402.73,-0.2,0.47267697559339195,0.47267697559339195
402.735,-0.2,0.4169440590065539,0.4169440590065539
402.74,-0.2,0.1635239859262301,0.1635239859262301
402.745,-0.2,-0.21688806779898268,-0.21688806779898268
402.75,-0.2,-0.20339316107209457,-0.20339316107209457
402.755,-0.2,-0.07508046563847667,-0.07508046563847667
402.76,-0.2,0.1748686654628199,0.1748686654628199
402.765,-0.2,0.38721380476888007,0.38721380476888007
402.77,-0.2,0.7404823824059386,0.7404823824059386
402.775,-0.2,0.5307995959919302,0.5307995959919302
402.78,-0.2,0.1851089476318664,0.1851089476318664
402.785,-0.2,-0.09945048311618743,-0.09945048311618743
402.79,-0.2,-0.14857461334758484,-0.14857461334758484
402.795,-0.2,-0.10345520901797389,-0.10345520901797389
402.8,-0.2,0.25165596816133784,0.25165596816133784
402.805,-0.2,0.42420784833401876,0.42420784833401876
402.81,-0.2,0.4857541593811735,0.4857541593811735
402.815,-0.2,0.6393017354026465,0.6393017354026465
402.82,-0.2,0.27432073571484594,0.27432073571484594
402.825,-0.2,-0.19137642481636097,-0.19137642481636097
402.83,-0.2,-0.37929093903285893,-0.37929093903285893
402.835,-0.2,-0.07728034943262888,-0.07728034943262888
402.84,-0.2,0.2671761174391194,0.2671761174391194
402.845,-0.2,0.5331176827202022,0.5331176827202022
402.85,-0.2,0.46313689950984366,0.46313689950984366
402.855,-0.2,0.36718394292298895,0.36718394292298895
402.86,-0.2,0.16499886076335124,0.16499886076335124
402.865,-0.2,-0.01160354499132149,-0.01160354499132149
402.87,-0.2,-0.251093284790952,-0.251093284790952
402.875,-0.2,0.0777802702154874,0.0777802702154874
402.88,-0.2,0.21789439200229954,0.21789439200229954
402.885,-0.2,0.45063883761296963,0.45063883761296963
402.89,-0.2,0.481909588640864,0.481909588640864
402.895,-0.2,0.44622021363527165,0.44622021363527165
402.9,-0.2,0.3268812709292069,0.3268812709292069
402.905,-0.2,-0.033322339413796344,-0.033322339413796344
402.91,-0.2,-0.18569574360680433,-0.18569574360680433
402.915,-0.2,0.07942235711005777,0.07942235711005777
402.92,-0.2,0.358466273225412,0.358466273225412
402.925,-0.2,0.38511548878570645,0.38511548878570645
402.93,-0.2,0.5836222576860107,0.5836222576860107
402.935,-0.2,0.6241225995523889,0.6241225995523889
402.94,-0.2,0.14601333682622927,0.14601333682622927
402.945,-0.2,-0.17845889652122265,-0.17845889652122265
402.95,-0.2,-0.005493849592871025,-0.005493849592871025
402.955,-0.2,0.03212497201992661,0.03212497201992661
402.96,-0.2,0.176825066124494,0.176825066124494
402.965,-0.2,0.5867014905781017,0.5867014905781017
402.97,-0.2,0.4697035748692451,0.4697035748692451
402.975,-0.2,0.3408846469351166,0.3408846469351166
402.98,-0.2,0.32376655895180195,0.32376655895180195
402.985,-0.2,-0.1120085404462571,-0.1120085404462571
402.99,-0.2,-0.20121675330883665,-0.20121675330883665
402.995,-0.2,-0.10931992455064342,-0.10931992455064342
403.0,-0.2,0.1999607508891964,0.1999607508891964
403.005,-0.2,0.6329207710312089,0.6329207710312089
403.01,-0.2,0.587364111097763,0.587364111097763
403.015,-0.2,0.5352825121487524,0.5352825121487524
403.02,-0.2,0.23062349988143618,0.23062349988143618
403.025,-0.2,-0.16673745878750917,-0.16673745878750917
403.03,-0.2,0.021060725276366404,0.021060725276366404
403.035,-0.2,-0.03672609243225284,-0.03672609243225284
403.04,-0.2,0.22579521012418646,0.22579521012418646
403.045,-0.2,0.4113212508865498,0.4113212508865498
403.05,-0.2,0.5189030057757897,0.5189030057757897
403.055,-0.2,0.5887415707472037,0.5887415707472037
403.06,-0.2,0.3453136811251828,0.3453136811251828
403.065,-0.2,0.017424418935528305,0.017424418935528305
403.07,-0.2,-0.1345923694186437,-0.1345923694186437
403.075,-0.2,-0.20315235837751214,-0.20315235837751214
403.08,-0.2,0.24206205345459972,0.24206205345459972
403.085,-0.2,0.3252377315222199,0.3252377315222199
403.09,-0.2,0.6071226278005701,0.6071226278005701
403.095,-0.2,0.5565185395848447,0.5565185395848447
403.1,-0.2,0.3013592902265883,0.3013592902265883
403.105,-0.2,-0.027983257790046213,-0.027983257790046213
403.11,-0.2,0.019616958610540025,0.019616958610540025
403.115,-0.2,-0.01834089040320537,-0.01834089040320537
403.12,-0.2,0.3328549124058385,0.3328549124058385
403.125,-0.2,0.5423116253541436,0.5423116253541436
403.13,-0.2,0.38664797815873575,0.38664797815873575
403.135,-0.2,0.4944391397600622,0.4944391397600622
403.14,-0.2,0.27099724381330165,0.27099724381330165
403.145,-0.2,0.024608710817178303,0.024608710817178303
403.15,-0.2,-0.03953792774176405,-0.03953792774176405
403.155,-0.2,0.04179895624655516,0.04179895624655516
403.16,-0.2,0.2747562090926796,0.2747562090926796
403.165,-0.2,0.5612574854893577,0.5612574854893577
403.17,-0.2,0.567980565148811,0.567980565148811
403.175,-0.2,0.5156760564997053,0.5156760564997053
403.18,-0.2,0.2682181695785263,0.2682181695785263
403.185,-0.2,0.09428735806883762,0.09428735806883762
403.19,-0.2,-0.3175295944477582,-0.3175295944477582
403.195,-0.2,0.018158232844849312,0.018158232844849312
403.2,-0.2,0.2870014200533883,0.2870014200533883
403.205,-0.2,0.5788693646683667,0.5788693646683667
403.21,-0.2,0.6426421738181485,0.6426421738181485
403.215,-0.2,0.3267787496385577,0.3267787496385577
403.22,-0.2,0.08757028936188482,0.08757028936188482
403.225,-0.2,-0.2112852117927906,-0.2112852117927906
403.23,-0.2,-0.08609286371538066,-0.08609286371538066
403.235,-0.2,0.14017584837890068,0.14017584837890068
403.24,-0.2,0.3304252021282193,0.3304252021282193
403.245,-0.2,0.5101398858247598,0.5101398858247598
403.25,-0.2,0.5337357956379138,0.5337357956379138
403.255,-0.2,0.5397018472009968,0.5397018472009968
403.26,-0.2,-0.05459785578916315,-0.05459785578916315
403.265,-0.2,-0.15178467573735327,-0.15178467573735327
403.27,-0.2,-0.01321119772721377,-0.01321119772721377
403.275,-0.2,-0.020080434648887695,-0.020080434648887695
403.28,-0.2,0.21224371286640742,0.21224371286640742
403.285,-0.2,0.710486198329888,0.710486198329888
403.29,-0.2,0.6074308538887528,0.6074308538887528
403.295,-0.2,0.49046009154943154,0.49046009154943154
403.3,-0.2,0.33680941480882326,0.33680941480882326
403.305,-0.2,-0.013633595152089301,-0.013633595152089301
403.31,-0.2,-0.06926024715421479,-0.06926024715421479
403.315,-0.2,0.0898212070529992,0.0898212070529992
403.32,-0.2,0.23599111682310953,0.23599111682310953
403.325,-0.2,0.3814899631603032,0.3814899631603032
403.33,-0.2,0.6375705599039765,0.6375705599039765
403.335,-0.2,0.46135332363433884,0.46135332363433884
403.34,-0.2,0.3080978389562063,0.3080978389562063
403.345,-0.2,0.07979007375519417,0.07979007375519417
403.35,-0.2,-0.10492790639518695,-0.10492790639518695
403.355,-0.2,0.11697063962186868,0.11697063962186868
403.36,-0.2,0.3121739118601434,0.3121739118601434
403.365,-0.2,0.4878715350826815,0.4878715350826815
403.37,-0.2,0.5838108151168908,0.5838108151168908
403.375,-0.2,0.5536266796695356,0.5536266796695356
403.38,-0.2,0.08739528742698263,0.08739528742698263
403.385,-0.2,0.10869683056780369,0.10869683056780369
403.39,-0.2,-0.06294684844771052,-0.06294684844771052
403.395,-0.2,-0.012103826177857518,-0.012103826177857518
403.4,-0.2,0.24559207594487303,0.24559207594487303
403.405,-0.2,0.514781088951381,0.514781088951381
403.41,-0.2,0.5205320963570074,0.5205320963570074
403.415,-0.2,0.6492706066950871,0.6492706066950871
403.42,-0.2,0.22776521358116186,0.22776521358116186
403.425,-0.2,0.09229065679939008,0.09229065679939008
403.43,-0.2,-0.0361075683522666,-0.0361075683522666
403.435,-0.2,0.05539485135263592,0.05539485135263592
403.44,-0.2,0.270300737512776,0.270300737512776
403.445,-0.2,0.5572973368897025,0.5572973368897025
403.45,-0.2,0.6410937928349482,0.6410937928349482
403.455,-0.2,0.46175231893066015,0.46175231893066015
403.46,-0.2,0.10576489357016064,0.10576489357016064
403.465,-0.2,-0.1490444719683143,-0.1490444719683143
403.47,-0.2,-0.12336859718086457,-0.12336859718086457
403.475,-0.2,0.14397920322468974,0.14397920322468974
403.48,-0.2,0.04803132074834168,0.04803132074834168
403.485,-0.2,0.42864113271982085,0.42864113271982085
403.49,-0.2,0.6423207581170581,0.6423207581170581
403.495,-0.2,0.5550588486682644,0.5550588486682644
403.5,-0.2,0.12003373843714475,0.12003373843714475
403.505,-0.2,-0.02894226251748502,-0.02894226251748502
403.51,-0.2,-0.2839628825235307,-0.2839628825235307
403.515,-0.2,-0.0948664490120649,-0.0948664490120649
403.52,-0.2,0.4497293890547405,0.4497293890547405
403.525,-0.2,0.5771887312981989,0.5771887312981989
403.53,-0.2,0.5761181273850344,0.5761181273850344
403.535,-0.2,0.4621451783163168,0.4621451783163168
403.54,-0.2,0.23579176000590518,0.23579176000590518
403.545,-0.2,0.013337385557974465,0.013337385557974465
403.55,-0.2,-0.24301366354258222,-0.24301366354258222
403.555,-0.2,0.031220058193473205,0.031220058193473205
403.56,-0.2,0.1821475927156147,0.1821475927156147
403.565,-0.2,0.5071603148418097,0.5071603148418097
403.57,-0.2,0.4247959534511,0.4247959534511
403.575,-0.2,0.4774141118634413,0.4774141118634413
403.58,-0.2,0.1398535268134675,0.1398535268134675
403.585,-0.2,-0.057447672662938966,-0.057447672662938966
403.59,-0.2,-0.1309001102737929,-0.1309001102737929
403.595,-0.2,0.024416659616920897,0.024416659616920897
403.6,-0.2,0.28057354311206806,0.28057354311206806
403.605,-0.2,0.4821865860638179,0.4821865860638179
403.61,-0.2,0.43717698960783713,0.43717698960783713
403.615,-0.2,0.520402330093211,0.520402330093211
403.62,-0.2,0.24721641428449104,0.24721641428449104
403.625,-0.2,0.06016061539434325,0.06016061539434325
403.63,-0.2,-0.16177333087596857,-0.16177333087596857
403.635,-0.2,-0.03170068670567593,-0.03170068670567593
403.64,-0.2,-0.10717892341742596,-0.10717892341742596
403.645,-0.2,0.560826624726699,0.560826624726699
403.65,-0.2,0.5921085923123077,0.5921085923123077
403.655,-0.2,0.5016175960326891,0.5016175960326891
403.66,-0.2,0.09228941874907391,0.09228941874907391
403.665,-0.2,-0.09820634183957877,-0.09820634183957877
403.67,-0.2,-0.26590972644798627,-0.26590972644798627
403.675,-0.2,-0.0771804720936011,-0.0771804720936011
403.68,-0.2,0.2821980679135922,0.2821980679135922
403.685,-0.2,0.38160426764646593,0.38160426764646593
403.69,-0.2,0.5467908865294548,0.5467908865294548
403.695,-0.2,0.24714116068951933,0.24714116068951933
403.7,-0.2,0.2528419422090468,0.2528419422090468
403.705,-0.2,-0.18545017597878782,-0.18545017597878782
403.71,-0.2,-0.12533802755323797,-0.12533802755323797
403.715,-0.2,-0.230209953976459,-0.230209953976459
403.72,-0.2,0.24887270795683689,0.24887270795683689
403.725,-0.2,0.36388080396255135,0.36388080396255135
403.73,-0.2,0.7946483482351594,0.7946483482351594
403.735,-0.2,0.16049495485553003,0.16049495485553003
403.74,-0.2,0.2029623176614639,0.2029623176614639
403.745,-0.2,-0.06626574536818856,-0.06626574536818856
403.75,-0.2,-0.17939386821100153,-0.17939386821100153
403.755,-0.2,-0.05542433606882501,-0.05542433606882501
403.76,-0.2,0.2936832714944204,0.2936832714944204
403.765,-0.2,0.3773570378862825,0.3773570378862825
403.77,-0.2,0.43792205505279297,0.43792205505279297
403.775,-0.2,0.4366950761750496,0.4366950761750496
403.78,-0.2,0.02026382117228652,0.02026382117228652
403.785,-0.2,-0.10333888306675523,-0.10333888306675523
403.79,-0.2,-0.317845845120716,-0.317845845120716
403.795,-0.2,-0.012990169726884992,-0.012990169726884992
403.8,-0.2,0.22483245424774478,0.22483245424774478
403.805,-0.2,0.49505943658736273,0.49505943658736273
403.81,-0.2,0.4052073887905772,0.4052073887905772
403.815,-0.2,0.3655021516729487,0.3655021516729487
403.82,-0.2,0.011289918874158394,0.011289918874158394
403.825,-0.2,-0.061083620670898425,-0.061083620670898425
403.83,-0.2,-0.3008671814244627,-0.3008671814244627
403.835,-0.2,-0.10687692931094478,-0.10687692931094478
403.84,-0.2,0.12228676444676895,0.12228676444676895
403.845,-0.2,0.49110309173576217,0.49110309173576217
403.85,-0.2,0.7851497391450651,0.7851497391450651
403.855,-0.2,0.40611223190507034,0.40611223190507034
403.86,-0.2,0.0907121466350802,0.0907121466350802
403.865,-0.2,-0.14703159198314503,-0.14703159198314503
403.87,-0.2,-0.17714451050927865,-0.17714451050927865
403.875,-0.2,-0.08422298711052938,-0.08422298711052938
403.88,-0.2,0.10119192162263009,0.10119192162263009
403.885,-0.2,0.44850367256657925,0.44850367256657925
403.89,-0.2,0.4898143320914141,0.4898143320914141
403.895,-0.2,0.25398486508679374,0.25398486508679374
403.9,-0.2,0.011796291237013978,0.011796291237013978
403.905,-0.2,-0.3381657260087715,-0.3381657260087715
403.91,-0.2,-0.07981925696146835,-0.07981925696146835
403.915,-0.2,-0.0539801589626143,-0.0539801589626143
403.92,-0.2,0.1038736775807584,0.1038736775807584
403.925,-0.2,0.3913537984088567,0.3913537984088567
403.93,-0.2,0.4431076623667552,0.4431076623667552
403.935,-0.2,0.3535927704758139,0.3535927704758139
403.94,-0.2,0.05077194678212472,0.05077194678212472
403.945,-0.2,-0.0791507319962951,-0.0791507319962951
403.95,-0.2,-0.23798377322994646,-0.23798377322994646
403.955,-0.2,-0.20892611518677967,-0.20892611518677967
403.96,-0.2,0.00017013703164461824,0.00017013703164461824
403.965,-0.2,0.5117023849434883,0.5117023849434883
403.97,-0.2,0.5129417397406524,0.5129417397406524
403.975,-0.2,0.27193347926168643,0.27193347926168643
403.98,-0.2,0.32748889664399894,0.32748889664399894
403.985,-0.2,-0.07668348480686356,-0.07668348480686356
403.99,-0.2,-0.3298016778286901,-0.3298016778286901
403.995,-0.2,-0.14579877688321005,-0.14579877688321005
404.0,-0.2,0.09406054915363755,0.09406054915363755
404.005,-0.2,0.3665087032985388,0.3665087032985388
404.01,-0.2,0.4609626987616243,0.4609626987616243
404.015,-0.2,0.31984222798802964,0.31984222798802964
404.02,-0.2,0.30004829095365204,0.30004829095365204
404.025,-0.2,-0.07214456752704745,-0.07214456752704745
404.03,-0.2,-0.26023842939455316,-0.26023842939455316
404.035,-0.2,-0.1854585202342467,-0.1854585202342467
404.04,-0.2,0.16512063197326032,0.16512063197326032
404.045,-0.2,0.3830243918527693,0.3830243918527693
404.05,-0.2,0.6795513469004425,0.6795513469004425
404.055,-0.2,0.28107893631230196,0.28107893631230196
404.06,-0.2,0.09258317962981978,0.09258317962981978
404.065,-0.2,-0.13751466722369776,-0.13751466722369776
404.07,-0.2,-0.23146704624652703,-0.23146704624652703
404.075,-0.2,-0.003096263632572087,-0.003096263632572087
404.08,-0.2,0.30248777544011374,0.30248777544011374
404.085,-0.2,0.4493847461844764,0.4493847461844764
404.09,-0.2,0.6368789441925617,0.6368789441925617
404.095,-0.2,0.30123343628699933,0.30123343628699933
404.1,-0.2,0.12398334743812985,0.12398334743812985
404.105,-0.2,-0.24735629004716597,-0.24735629004716597
404.11,-0.2,-0.24532688934481858,-0.24532688934481858
404.115,-0.2,-0.12988431289997943,-0.12988431289997943
404.12,-0.2,0.2886109365504163,0.2886109365504163
404.125,-0.2,0.3384935748777086,0.3384935748777086
404.13,-0.2,0.5773713080463647,0.5773713080463647
404.135,-0.2,0.5121593612829127,0.5121593612829127
404.14,-0.2,0.07990427115735808,0.07990427115735808
404.145,-0.2,-0.156340763085561,-0.156340763085561
404.15,-0.2,-0.06009716822747874,-0.06009716822747874
404.155,-0.2,0.011333894126948074,0.011333894126948074
404.16,-0.2,0.12936063767134437,0.12936063767134437
404.165,-0.2,0.47987198779987844,0.47987198779987844
404.17,-0.2,0.5600735667951464,0.5600735667951464
404.175,-0.2,0.6038377316739855,0.6038377316739855
404.18,-0.2,0.048432627438989406,0.048432627438989406
404.185,-0.2,-0.13660713786315248,-0.13660713786315248
404.19,-0.2,-0.13872431874211857,-0.13872431874211857
404.195,-0.2,0.020878007042862537,0.020878007042862537
404.2,-0.2,0.03540274474743818,0.03540274474743818
404.205,-0.2,0.47017035427194126,0.47017035427194126
404.21,-0.2,0.6127098842858907,0.6127098842858907
404.215,-0.2,0.4603672632855243,0.4603672632855243
404.22,-0.2,0.10469503045697146,0.10469503045697146
404.225,-0.2,-0.24461144525488848,-0.24461144525488848
404.23,-0.2,-0.1598752455975057,-0.1598752455975057
404.235,-0.2,0.09882659141386634,0.09882659141386634
404.24,-0.2,0.06420239091836749,0.06420239091836749
404.245,-0.2,0.35969661909326006,0.35969661909326006
404.25,-0.2,0.3990573871274829,0.3990573871274829
404.255,-0.2,0.5037567188309777,0.5037567188309777
404.26,-0.2,0.2032683882153313,0.2032683882153313
404.265,-0.2,-0.01761066703446862,-0.01761066703446862
404.27,-0.2,-0.268527079429345,-0.268527079429345
404.275,-0.2,0.03501742917033222,0.03501742917033222
404.28,-0.2,0.21099020302543478,0.21099020302543478
404.285,-0.2,0.5768302780718273,0.5768302780718273
404.29,-0.2,0.7217651959193403,0.7217651959193403
404.295,-0.2,0.4240041668350242,0.4240041668350242
404.3,-0.2,0.12806771096525854,0.12806771096525854
404.305,-0.2,0.03251199819255238,0.03251199819255238
404.31,-0.2,-0.06666208542083782,-0.06666208542083782
404.315,-0.2,-0.24155745040301335,-0.24155745040301335
404.32,-0.2,0.2081576566239925,0.2081576566239925
404.325,-0.2,0.6430532194099344,0.6430532194099344
404.33,-0.2,0.4715500250890203,0.4715500250890203
404.335,-0.2,0.6808945542218158,0.6808945542218158
404.34,-0.2,0.1025160813515929,0.1025160813515929
404.345,-0.2,0.010579095960577281,0.010579095960577281
404.35,-0.2,-0.32967707915072547,-0.32967707915072547
404.355,-0.2,-0.19357433440828517,-0.19357433440828517
404.36,-0.2,0.182693807844911,0.182693807844911
404.365,-0.2,0.35472166113554865,0.35472166113554865
404.37,-0.2,0.4378204251117139,0.4378204251117139
404.375,-0.2,0.3232645281664385,0.3232645281664385
404.38,-0.2,0.14112995083654442,0.14112995083654442
404.385,-0.2,-0.1994070479155617,-0.1994070479155617
404.39,-0.2,-0.25572905624252357,-0.25572905624252357
404.395,-0.2,-0.14864157842438652,-0.14864157842438652
404.4,-0.2,0.1729702577966273,0.1729702577966273
404.405,-0.2,0.5305793747144217,0.5305793747144217
404.41,-0.2,0.7489313794606581,0.7489313794606581
404.415,-0.2,0.4064435044678704,0.4064435044678704
404.42,-0.2,0.02801425491967352,0.02801425491967352
404.425,-0.2,-0.155074680698212,-0.155074680698212
404.43,-0.2,-0.19459866727925462,-0.19459866727925462
404.435,-0.2,-0.09794276413753944,-0.09794276413753944
404.44,-0.2,0.27305924170312834,0.27305924170312834
404.445,-0.2,0.5580588394345806,0.5580588394345806
404.45,-0.2,0.6485734344001267,0.6485734344001267
404.455,-0.2,0.34299631019605925,0.34299631019605925
404.46,-0.2,0.0972997072017352,0.0972997072017352
404.465,-0.2,0.08766357710833611,0.08766357710833611
404.47,-0.2,-0.2884799891960256,-0.2884799891960256
404.475,-0.2,-0.09552772818966963,-0.09552772818966963
404.48,-0.2,0.056829562316589394,0.056829562316589394
404.485,-0.2,0.3670688883135135,0.3670688883135135
404.49,-0.2,0.5760685202318646,0.5760685202318646
404.495,-0.2,0.5402736931443418,0.5402736931443418
404.5,-0.2,0.10962823203739785,0.10962823203739785
404.505,-0.2,-0.19709333769183082,-0.19709333769183082
404.51,-0.2,-0.24003647360931432,-0.24003647360931432
404.515,-0.2,-0.12184100879011714,-0.12184100879011714
404.52,-0.2,0.007130097627687931,0.007130097627687931
404.525,-0.2,0.35733474378025093,0.35733474378025093
404.53,-0.2,0.6466716931375427,0.6466716931375427
404.535,-0.2,0.3619487627597711,0.3619487627597711
404.54,-0.2,0.13146766624363113,0.13146766624363113
404.545,-0.2,-0.12831960686556762,-0.12831960686556762
404.55,-0.2,-0.33754871835333,-0.33754871835333
404.555,-0.2,-0.05577931208356919,-0.05577931208356919
404.56,-0.2,0.25337888911672446,0.25337888911672446
404.565,-0.2,0.33199673957201004,0.33199673957201004
404.57,-0.2,0.5693363434280387,0.5693363434280387
404.575,-0.2,0.2849454181262597,0.2849454181262597
404.58,-0.2,0.33153113250377275,0.33153113250377275
404.585,-0.2,-0.08582599347720213,-0.08582599347720213
404.59,-0.2,-0.2590228382039596,-0.2590228382039596
404.595,-0.2,-0.15604470435762768,-0.15604470435762768
404.6,-0.2,0.05255757448266837,0.05255757448266837
404.605,-0.2,0.5211730691672017,0.5211730691672017
404.61,-0.2,0.4984464955176178,0.4984464955176178
404.615,-0.2,0.5078498544856158,0.5078498544856158
404.62,-0.2,0.2300401042299898,0.2300401042299898
404.625,-0.2,-0.10450938635499388,-0.10450938635499388
404.63,-0.2,-0.020311764006551408,-0.020311764006551408
404.635,-0.2,-0.1910015234996394,-0.1910015234996394
404.64,-0.2,0.10406640023646237,0.10406640023646237
404.645,-0.2,0.26276024754653926,0.26276024754653926
404.65,-0.2,0.6429856848446033,0.6429856848446033
404.655,-0.2,0.4617523600248556,0.4617523600248556
404.66,-0.2,0.2350138982097132,0.2350138982097132
404.665,-0.2,-0.17540449489573362,-0.17540449489573362
404.67,-0.2,-0.27780671596844236,-0.27780671596844236
404.675,-0.2,-0.13438056182325905,-0.13438056182325905
404.68,-0.2,0.4997823951827305,0.4997823951827305
404.685,-0.2,0.4688178032499983,0.4688178032499983
404.69,-0.2,0.6078975182815245,0.6078975182815245
404.695,-0.2,0.5080294703342334,0.5080294703342334
404.7,-0.2,0.2292184219765096,0.2292184219765096
404.705,-0.2,-0.07861209177629323,-0.07861209177629323
404.71,-0.2,-0.09474107871390791,-0.09474107871390791
404.715,-0.2,-0.028798959162426842,-0.028798959162426842
404.72,-0.2,0.39975343489534576,0.39975343489534576
404.725,-0.2,0.43265789898901263,0.43265789898901263
404.73,-0.2,0.6858416482240228,0.6858416482240228
404.735,-0.2,0.46812574318291555,0.46812574318291555
404.74,-0.2,0.13859935545118554,0.13859935545118554
404.745,-0.2,-0.17906381452378867,-0.17906381452378867
404.75,-0.2,0.0009747139816628503,0.0009747139816628503
404.755,-0.2,-0.05162651765443338,-0.05162651765443338
404.76,-0.2,0.01969756413429924,0.01969756413429924
404.765,-0.2,0.3910187402787284,0.3910187402787284
404.77,-0.2,0.6909305212460383,0.6909305212460383
404.775,-0.2,0.41902856028272634,0.41902856028272634
404.78,-0.2,0.3033038983184647,0.3033038983184647
404.785,-0.2,-0.07897289915820818,-0.07897289915820818
404.79,-0.2,-0.05937829888746715,-0.05937829888746715
404.795,-0.2,-0.09531000124342967,-0.09531000124342967
404.8,-0.2,0.13477270306496988,0.13477270306496988
404.805,-0.2,0.4241919285076077,0.4241919285076077
404.81,-0.2,0.6329228111411744,0.6329228111411744
404.815,-0.2,0.2569054319873928,0.2569054319873928
404.82,-0.2,0.2468162071181522,0.2468162071181522
404.825,-0.2,0.08025305534592655,0.08025305534592655
404.83,-0.2,-0.24580377106750118,-0.24580377106750118
404.835,-0.2,0.08150977631881468,0.08150977631881468
404.84,-0.2,0.11295379422783272,0.11295379422783272
404.845,-0.2,0.6514887101295588,0.6514887101295588
404.85,-0.2,0.5418180244066652,0.5418180244066652
404.855,-0.2,0.3246064482435622,0.3246064482435622
404.86,-0.2,0.0605857009980839,0.0605857009980839
404.865,-0.2,-0.12356922498743741,-0.12356922498743741
404.87,-0.2,0.05818723548138954,0.05818723548138954
404.875,-0.2,-0.1519537374072667,-0.1519537374072667
404.88,-0.2,0.3186692073027133,0.3186692073027133
404.885,-0.2,0.4764955058883109,0.4764955058883109
404.89,-0.2,0.49204522649669186,0.49204522649669186
404.895,-0.2,0.49430495730363194,0.49430495730363194
404.9,-0.2,0.08215404181332236,0.08215404181332236
404.905,-0.2,-0.14952379093440832,-0.14952379093440832
404.91,-0.2,-0.011591911864208465,-0.011591911864208465
404.915,-0.2,-0.011739105947006806,-0.011739105947006806
404.92,-0.2,0.02612317018598473,0.02612317018598473
404.925,-0.2,0.3507544349933401,0.3507544349933401
404.93,-0.2,0.6478936651465831,0.6478936651465831
404.935,-0.2,0.38188306897390367,0.38188306897390367
404.94,-0.2,0.37193047850519884,0.37193047850519884
404.945,-0.2,-0.28639515045343555,-0.28639515045343555
404.95,-0.2,-0.19083750988816378,-0.19083750988816378
404.955,-0.2,-0.19320231155219486,-0.19320231155219486
404.96,-0.2,0.03322875830643324,0.03322875830643324
404.965,-0.2,0.24378390967821423,0.24378390967821423
404.97,-0.2,0.6251119846654899,0.6251119846654899
404.975,-0.2,0.32274580024760946,0.32274580024760946
404.98,-0.2,0.20173826686700494,0.20173826686700494
404.985,-0.2,0.016891471674052957,0.016891471674052957
404.99,-0.2,-0.12925011157791289,-0.12925011157791289
404.995,-0.2,-0.008357446572752392,-0.008357446572752392
405.0,-0.2,0.17797768289200863,0.17797768289200863
405.005,-0.2,0.6866856429816783,0.6866856429816783
405.01,-0.2,0.6383528759776735,0.6383528759776735
405.015,-0.2,0.42498745643238867,0.42498745643238867
405.02,-0.2,0.2492372271878773,0.2492372271878773
405.025,-0.2,-0.12164835030016671,-0.12164835030016671
405.03,-0.2,-0.10681376050780433,-0.10681376050780433
405.035,-0.2,-0.038538662951070196,-0.038538662951070196
405.04,-0.2,0.2539206261217808,0.2539206261217808
405.045,-0.2,0.626666351833744,0.626666351833744
405.05,-0.2,0.5617060514887151,0.5617060514887151
405.055,-0.2,0.41930656312345094,0.41930656312345094
405.06,-0.2,0.18627141566063732,0.18627141566063732
405.065,-0.2,-0.05495915561158073,-0.05495915561158073
405.07,-0.2,-0.38815099639592887,-0.38815099639592887
405.075,-0.2,-0.16488962453687753,-0.16488962453687753
405.08,-0.2,0.17683691649818217,0.17683691649818217
405.085,-0.2,0.435034229214211,0.435034229214211
405.09,-0.2,0.6029789246583356,0.6029789246583356
405.095,-0.2,0.40787925382481444,0.40787925382481444
405.1,-0.2,0.07463522458788316,0.07463522458788316
405.105,-0.2,-0.10090434336401803,-0.10090434336401803
405.11,-0.2,-0.06753043673246523,-0.06753043673246523
405.115,-0.2,-0.07106377316106406,-0.07106377316106406
405.12,-0.2,0.20233051554906156,0.20233051554906156
405.125,-0.2,0.43219148373716637,0.43219148373716637
405.13,-0.2,0.5699399959364198,0.5699399959364198
405.135,-0.2,0.47142272431844606,0.47142272431844606
405.14,-0.2,0.25834820367874106,0.25834820367874106
405.145,-0.2,-0.09474010346633445,-0.09474010346633445
405.15,-0.2,-0.23509763084018065,-0.23509763084018065
405.155,-0.2,0.08607541959497406,0.08607541959497406
405.16,-0.2,0.16162635928013322,0.16162635928013322
405.165,-0.2,0.42473295693820173,0.42473295693820173
405.17,-0.2,0.6213434590351902,0.6213434590351902
405.175,-0.2,0.46985396005186036,0.46985396005186036
405.18,-0.2,0.2640687700354157,0.2640687700354157
405.185,-0.2,-0.24752478108537834,-0.24752478108537834
405.19,-0.2,-0.145604131782223,-0.145604131782223
405.195,-0.2,0.020699157134488867,0.020699157134488867
405.2,-0.2,0.2883009665188025,0.2883009665188025
405.205,-0.2,0.6150199978264357,0.6150199978264357
405.21,-0.2,0.473088177980771,0.473088177980771
405.215,-0.2,0.4913373053668499,0.4913373053668499
405.22,-0.2,0.32055780454105165,0.32055780454105165
405.225,-0.2,0.008651113371371338,0.008651113371371338
405.23,-0.2,-0.14504399357044498,-0.14504399357044498
405.235,-0.2,-0.0510059620214945,-0.0510059620214945
405.24,-0.2,0.41986339378978454,0.41986339378978454
405.245,-0.2,0.44705672686821957,0.44705672686821957
405.25,-0.2,0.6177357950737455,0.6177357950737455
405.255,-0.2,0.5193776935076942,0.5193776935076942
405.26,-0.2,0.25432583400729664,0.25432583400729664
405.265,-0.2,0.06373227180003213,0.06373227180003213
405.27,-0.2,-0.11877265311228914,-0.11877265311228914
405.275,-0.2,0.14634967005829924,0.14634967005829924
405.28,-0.2,0.3099520948451805,0.3099520948451805
405.285,-0.2,0.48683184500861076,0.48683184500861076
405.29,-0.2,0.6305270519150877,0.6305270519150877
405.295,-0.2,0.31235743337672095,0.31235743337672095
405.3,-0.2,0.23021173086878904,0.23021173086878904
405.305,-0.2,0.035825784574985475,0.035825784574985475
405.31,-0.2,-0.1262459825253667,-0.1262459825253667
405.315,-0.2,0.06825028361550156,0.06825028361550156
405.32,-0.2,0.37594998578780336,0.37594998578780336
405.325,-0.2,0.5186087869948408,0.5186087869948408
405.33,-0.2,0.49864880492811076,0.49864880492811076
405.335,-0.2,0.3073229599382602,0.3073229599382602
405.34,-0.2,0.23361679061663573,0.23361679061663573
405.345,-0.2,-0.13428014206175623,-0.13428014206175623
405.35,-0.2,-0.2548847156305856,-0.2548847156305856
405.355,-0.2,0.048747331114702086,0.048747331114702086
405.36,-0.2,0.0831407077897271,0.0831407077897271
405.365,-0.2,0.46532800683141234,0.46532800683141234
405.37,-0.2,0.551163881898322,0.551163881898322
405.375,-0.2,0.3851710854841819,0.3851710854841819
405.38,-0.2,0.2411766757301817,0.2411766757301817
405.385,-0.2,-0.04331454930220953,-0.04331454930220953
405.39,-0.2,-0.03995741780250245,-0.03995741780250245
405.395,-0.2,0.12276811058522968,0.12276811058522968
405.4,-0.2,0.23293546149217584,0.23293546149217584
405.405,-0.2,0.29065506849671996,0.29065506849671996
405.41,-0.2,0.3659025783638009,0.3659025783638009
405.415,-0.2,0.38339356693315413,0.38339356693315413
405.42,-0.2,0.2977906010191077,0.2977906010191077
405.425,-0.2,0.003593779854915123,0.003593779854915123
405.43,-0.2,-0.3331800684377962,-0.3331800684377962
405.435,-0.2,-0.12737033735028833,-0.12737033735028833
405.44,-0.2,0.3327676004899089,0.3327676004899089
405.445,-0.2,0.329860816600666,0.329860816600666
405.45,-0.2,0.5202099656380289,0.5202099656380289
405.455,-0.2,0.6493833588522708,0.6493833588522708
405.46,-0.2,0.19061264565658426,0.19061264565658426
405.465,-0.2,0.039859092876921076,0.039859092876921076
405.47,-0.2,-0.046221422557151004,-0.046221422557151004
405.475,-0.2,-0.002982005474804577,-0.002982005474804577
405.48,-0.2,0.24431262331611414,0.24431262331611414
405.485,-0.2,0.4678324680617639,0.4678324680617639
405.49,-0.2,0.49804974157257587,0.49804974157257587
405.495,-0.2,0.3389416881206181,0.3389416881206181
405.5,-0.2,0.14550978116980268,0.14550978116980268
405.505,-0.2,-0.04371164344341057,-0.04371164344341057
405.51,-0.2,-0.29921137917877166,-0.29921137917877166
405.515,-0.2,-0.15034244541433936,-0.15034244541433936
405.52,-0.2,0.0543688501985031,0.0543688501985031
405.525,-0.2,0.6067593823594095,0.6067593823594095
405.53,-0.2,0.6080838195872632,0.6080838195872632
405.535,-0.2,0.1404104278322637,0.1404104278322637
405.54,-0.2,0.22824606168980402,0.22824606168980402
405.545,-0.2,-0.17637182814798458,-0.17637182814798458
405.55,-0.2,-0.2728827863138054,-0.2728827863138054
405.555,-0.2,-0.08827203498589702,-0.08827203498589702
405.56,-0.2,0.2488895368773697,0.2488895368773697
405.565,-0.2,0.2495728749799091,0.2495728749799091
405.57,-0.2,0.47854723715432446,0.47854723715432446
405.575,-0.2,0.5567621045284448,0.5567621045284448
405.58,-0.2,0.20068049424300555,0.20068049424300555
405.585,-0.2,-0.08009796241950692,-0.08009796241950692
405.59,-0.2,-0.13258451800569102,-0.13258451800569102
405.595,-0.2,-0.05602036262523575,-0.05602036262523575
405.6,-0.2,0.14085528050362883,0.14085528050362883
405.605,-0.2,0.5595179088087079,0.5595179088087079
405.61,-0.2,0.464095824302149,0.464095824302149
405.615,-0.2,0.5061000733667194,0.5061000733667194
405.62,-0.2,0.27756045440115285,0.27756045440115285
405.625,-0.2,-0.23512042978121295,-0.23512042978121295
405.63,-0.2,-0.05963460923799768,-0.05963460923799768
405.635,-0.2,0.059584242936673304,0.059584242936673304
405.64,-0.2,0.2011878144638494,0.2011878144638494
405.645,-0.2,0.46836509589684566,0.46836509589684566
405.65,-0.2,0.7485729981619251,0.7485729981619251
405.655,-0.2,0.5579877727699001,0.5579877727699001
405.66,-0.2,0.041656612374866536,0.041656612374866536
405.665,-0.2,-0.2781486531178953,-0.2781486531178953
405.67,-0.2,-0.009129742152530151,-0.009129742152530151
405.675,-0.2,-0.08134699659365902,-0.08134699659365902
405.68,-0.2,0.19182221074758748,0.19182221074758748
405.685,-0.2,0.416656939670271,0.416656939670271
405.69,-0.2,0.6659155384528903,0.6659155384528903
405.695,-0.2,0.395020464799256,0.395020464799256
405.7,-0.2,0.2828323796472617,0.2828323796472617
405.705,-0.2,-0.0971717502329843,-0.0971717502329843
405.71,-0.2,-0.14782263389985834,-0.14782263389985834
405.715,-0.2,-0.08827201304221022,-0.08827201304221022
405.72,-0.2,0.16641056974257692,0.16641056974257692
405.725,-0.2,0.43846326169053407,0.43846326169053407
405.73,-0.2,0.6741570586466804,0.6741570586466804
405.735,-0.2,0.5260077831305177,0.5260077831305177
405.74,-0.2,0.20684240231535064,0.20684240231535064
405.745,-0.2,-0.16882432159358063,-0.16882432159358063
405.75,-0.2,-0.28138118107237753,-0.28138118107237753
405.755,-0.2,-0.09939071381575842,-0.09939071381575842
405.76,-0.2,0.09834432667878963,0.09834432667878963
405.765,-0.2,0.4568548062705217,0.4568548062705217
405.77,-0.2,0.669955731086477,0.669955731086477
405.775,-0.2,0.6561177673295242,0.6561177673295242
405.78,-0.2,0.07357493992487904,0.07357493992487904
405.785,-0.2,-0.18650096273326175,-0.18650096273326175
405.79,-0.2,-0.15906943904843315,-0.15906943904843315
405.795,-0.2,-0.0992353814888105,-0.0992353814888105
405.8,-0.2,0.38679355862735537,0.38679355862735537
405.805,-0.2,0.34348353781457747,0.34348353781457747
405.81,-0.2,0.7971626189518188,0.7971626189518188
405.815,-0.2,0.26527274746207186,0.26527274746207186
405.82,-0.2,0.13509295065295454,0.13509295065295454
405.825,-0.2,-0.04796193494284347,-0.04796193494284347
405.83,-0.2,-0.2672699792087475,-0.2672699792087475
405.835,-0.2,-0.2298310422761612,-0.2298310422761612
405.84,-0.2,0.20616535318169701,0.20616535318169701
405.845,-0.2,0.3284341491982332,0.3284341491982332
405.85,-0.2,0.6058552325613402,0.6058552325613402
405.855,-0.2,0.44967386625171885,0.44967386625171885
405.86,-0.2,-0.03092508044353967,-0.03092508044353967
405.865,-0.2,-0.16896130573092766,-0.16896130573092766
405.87,-0.2,-0.1646733338090569,-0.1646733338090569
405.875,-0.2,0.09817878443124534,0.09817878443124534
405.88,-0.2,0.21165299734048895,0.21165299734048895
405.885,-0.2,0.447055125062123,0.447055125062123
405.89,-0.2,0.5525557636250428,0.5525557636250428
405.895,-0.2,0.37313327051007444,0.37313327051007444
405.9,-0.2,0.23491710075151712,0.23491710075151712
405.905,-0.2,-0.06244074007861262,-0.06244074007861262
405.91,-0.2,-0.24784084861036063,-0.24784084861036063
405.915,-0.2,0.13178772319337304,0.13178772319337304
405.92,-0.2,0.2776586381019282,0.2776586381019282
405.925,-0.2,0.3600018132407844,0.3600018132407844
405.93,-0.2,0.6007171898718349,0.6007171898718349
405.935,-0.2,0.5652348300921229,0.5652348300921229
405.94,-0.2,0.16368608714151478,0.16368608714151478
405.945,-0.2,-0.264943462017403,-0.264943462017403
405.95,-0.2,0.06245142758636238,0.06245142758636238
405.955,-0.2,-0.11676181169881085,-0.11676181169881085
405.96,-0.2,0.11180307159015937,0.11180307159015937
405.965,-0.2,0.5910044267780162,0.5910044267780162
405.97,-0.2,0.7395554008331126,0.7395554008331126
405.975,-0.2,0.7425798680206233,0.7425798680206233
405.98,-0.2,0.23204099501567893,0.23204099501567893
405.985,-0.2,0.11542517905654542,0.11542517905654542
405.99,-0.2,-0.3887075255103595,-0.3887075255103595
405.995,-0.2,-0.015680513055334397,-0.015680513055334397
406.0,-0.2,0.18156786688038418,0.18156786688038418
406.005,-0.2,0.3176558162384664,0.3176558162384664
406.01,-0.2,0.48553627919140824,0.48553627919140824
406.015,-0.2,0.5377024224041267,0.5377024224041267
406.02,-0.2,0.274844310611915,0.274844310611915
406.025,-0.2,0.0522148105720049,0.0522148105720049
406.03,-0.2,-0.20013327901743597,-0.20013327901743597
406.035,-0.2,0.08214804576754647,0.08214804576754647
406.04,-0.2,0.3159568688516712,0.3159568688516712
406.045,-0.2,0.554235129340603,0.554235129340603
406.05,-0.2,0.6895741867484106,0.6895741867484106
406.055,-0.2,0.26385772352398335,0.26385772352398335
406.06,-0.2,0.39388318817442936,0.39388318817442936
406.065,-0.2,-0.017743068957474316,-0.017743068957474316
406.07,-0.2,-0.172301473340018,-0.172301473340018
406.075,-0.2,0.11109652543312067,0.11109652543312067
406.08,-0.2,0.3054194863849306,0.3054194863849306
406.085,-0.2,0.6645835054387836,0.6645835054387836
406.09,-0.2,0.8208170991559691,0.8208170991559691
406.095,-0.2,0.38020862153613577,0.38020862153613577
406.1,-0.2,0.05440013541117927,0.05440013541117927
406.105,-0.2,0.10440144621993494,0.10440144621993494
406.11,-0.2,-0.03383204462969043,-0.03383204462969043
406.115,-0.2,0.023385933121168434,0.023385933121168434
406.12,-0.2,0.2401427130271553,0.2401427130271553
406.125,-0.2,0.3575994753115219,0.3575994753115219
406.13,-0.2,0.5539079139158667,0.5539079139158667
406.135,-0.2,0.3897377452558383,0.3897377452558383
406.14,-0.2,0.15633133322592208,0.15633133322592208
