t,reference,measured,noisy
179.395,0.2,-0.38595867420510566,-0.38595867420510566
179.4,0.2,0.08936001849338669,0.08936001849338669
179.405,0.2,0.14677258101426244,0.14677258101426244
179.41,0.2,0.3258110267020997,0.3258110267020997
179.415,0.2,0.030492468211040902,0.030492468211040902
179.42,0.2,0.15512756209062464,0.15512756209062464
179.425,0.2,-0.3631997833814773,-0.3631997833814773
179.43,0.2,-0.31657586987166986,-0.31657586987166986
179.435,0.2,-0.09891417311901546,-0.09891417311901546
179.44,0.2,0.06567213145402953,0.06567213145402953
179.445,0.2,0.4655752750938925,0.4655752750938925
179.45,0.2,0.4820445779910319,0.4820445779910319
179.455,0.2,0.511280206670574,0.511280206670574
179.46,0.2,-0.09505108173936865,-0.09505108173936865
179.465,0.2,-0.253310450351752,-0.253310450351752
179.47,0.2,-0.2787570086980461,-0.2787570086980461
179.475,0.2,-0.07933504051916296,-0.07933504051916296
179.48,0.2,0.11332921283751833,0.11332921283751833
179.485,0.2,0.4129898780895528,0.4129898780895528
179.49,0.2,0.4423353609908896,0.4423353609908896
179.495,0.2,0.24287732330241152,0.24287732330241152
179.5,0.2,0.010157985753642532,0.010157985753642532
179.505,0.2,-0.2065500529008289,-0.2065500529008289
179.51,0.2,-0.23016439750848683,-0.23016439750848683
179.515,0.2,-0.008122205971942256,-0.008122205971942256
179.52,0.2,0.12982297378109522,0.12982297378109522
179.525,0.2,0.44664573578944133,0.44664573578944133
179.53,0.2,0.5620853912304714,0.5620853912304714
179.535,0.2,0.2894681407995296,0.2894681407995296
179.54,0.2,0.027105521243495197,0.027105521243495197
179.545,0.2,-0.28803824511985243,-0.28803824511985243
179.55,0.2,-0.2022757667315243,-0.2022757667315243
179.555,0.2,-0.04883258106329306,-0.04883258106329306
179.56,0.2,-0.012639200802782385,-0.012639200802782385
179.565,0.2,0.5327589874381383,0.5327589874381383
179.57,0.2,0.36829458974093293,0.36829458974093293
179.575,0.2,0.3868855147917833,0.3868855147917833
179.58,0.2,0.08364200606190551,0.08364200606190551
179.585,0.2,-0.17693685292047165,-0.17693685292047165
179.59,0.2,-0.29372418027122676,-0.29372418027122676
179.595,0.2,0.008604836473064675,0.008604836473064675
179.6,0.2,0.26713218731197536,0.26713218731197536
179.605,0.2,0.31904321564625726,0.31904321564625726
179.61,0.2,0.5885581835611402,0.5885581835611402
179.615,0.2,0.2837194581408401,0.2837194581408401
179.62,0.2,0.0043717336705311055,0.0043717336705311055
179.625,0.2,0.17835815562135426,0.17835815562135426
179.63,0.2,-0.08314593628060982,-0.08314593628060982
179.635,0.2,0.017595570080560313,0.017595570080560313
179.64,0.2,0.25410981800214344,0.25410981800214344
179.645,0.2,0.44914349196686165,0.44914349196686165
179.65,0.2,0.340964984526692,0.340964984526692
179.655,0.2,0.32267156153470855,0.32267156153470855
179.66,0.2,0.03356818960949626,0.03356818960949626
179.665,0.2,-0.015004209599756707,-0.015004209599756707
179.67,0.2,-0.18751004118703296,-0.18751004118703296
179.675,0.2,-0.06463665712547736,-0.06463665712547736
179.68,0.2,0.1825543679732935,0.1825543679732935
179.685,0.2,0.48564121884287353,0.48564121884287353
179.69,0.2,0.28955172361592957,0.28955172361592957
179.695,0.2,0.46254681178169876,0.46254681178169876
179.7,0.2,0.2689255649760586,0.2689255649760586
179.705,0.2,-0.06618866031595655,-0.06618866031595655
179.71,0.2,-0.22915484449612625,-0.22915484449612625
179.715,0.2,-0.15750654206223835,-0.15750654206223835
179.72,0.2,0.12744204701472955,0.12744204701472955
179.725,0.2,0.36102575521133773,0.36102575521133773
179.73,0.2,0.6933349279496538,0.6933349279496538
179.735,0.2,0.4293231912509457,0.4293231912509457
179.74,0.2,0.23969830860032773,0.23969830860032773
179.745,0.2,-0.19196786576437824,-0.19196786576437824
179.75,0.2,-0.26120977275165674,-0.26120977275165674
179.755,0.2,-0.14226462915661806,-0.14226462915661806
179.76,0.2,0.1293662675177988,0.1293662675177988
179.765,0.2,0.4781811989991766,0.4781811989991766
179.77,0.2,0.468454439240455,0.468454439240455
179.775,0.2,0.42175539354663666,0.42175539354663666
179.78,0.2,0.14014769039594832,0.14014769039594832
179.785,0.2,0.11646469115983059,0.11646469115983059
179.79,0.2,-0.27529552717173766,-0.27529552717173766
179.795,0.2,0.00791528207096999,0.00791528207096999
179.8,0.2,0.15481384645059615,0.15481384645059615
179.805,0.2,0.5745136162050527,0.5745136162050527
179.81,0.2,0.5160747698343561,0.5160747698343561
179.815,0.2,0.4221189692413053,0.4221189692413053
179.82,0.2,-0.002397011167878438,-0.002397011167878438
179.825,0.2,-0.1266880329919729,-0.1266880329919729
179.83,0.2,-0.04317089199597286,-0.04317089199597286
179.835,0.2,-0.2498835307071887,-0.2498835307071887
179.84,0.2,0.29905348747531363,0.29905348747531363
179.845,0.2,0.5115642024015039,0.5115642024015039
179.85,0.2,0.5902993188290641,0.5902993188290641
179.855,0.2,0.42762943903534634,0.42762943903534634
179.86,0.2,0.2943394281861544,0.2943394281861544
179.865,0.2,-0.1559024970975988,-0.1559024970975988
179.87,0.2,-0.1807487555626729,-0.1807487555626729
179.875,0.2,-0.07156654234919363,-0.07156654234919363
179.88,0.2,0.2836688405325337,0.2836688405325337
179.885,0.2,0.32915814553155426,0.32915814553155426
179.89,0.2,0.6558345564134976,0.6558345564134976
179.895,0.2,0.505368730833849,0.505368730833849
179.9,0.2,0.1587272444518981,0.1587272444518981
179.905,0.2,0.08073674310083859,0.08073674310083859
179.91,0.2,-0.22511823486914434,-0.22511823486914434
179.915,0.2,-0.09600081014315491,-0.09600081014315491
179.92,0.2,0.10652293183000591,0.10652293183000591
179.925,0.2,0.6628667780723073,0.6628667780723073
179.93,0.2,0.5456765548611503,0.5456765548611503
179.935,0.2,0.4487976658336327,0.4487976658336327
179.94,0.2,0.10447178283986633,0.10447178283986633
179.945,0.2,-0.0535236974657192,-0.0535236974657192
179.95,0.2,-0.3435981314867297,-0.3435981314867297
179.955,0.2,-0.08407096444010415,-0.08407096444010415
179.96,0.2,0.24050567398524114,0.24050567398524114
179.965,0.2,0.4300029708776022,0.4300029708776022
179.97,0.2,0.5582818957050982,0.5582818957050982
179.975,0.2,0.446462789458624,0.446462789458624
179.98,0.2,0.21530116114627693,0.21530116114627693
179.985,0.2,-0.07145163529876221,-0.07145163529876221
179.99,0.2,-0.16315377941225084,-0.16315377941225084
179.995,0.2,-0.018334315264470158,-0.018334315264470158
180.0,0.2,0.3226973029129977,0.3226973029129977
180.005,0.2,0.43413552226736213,0.43413552226736213
180.01,0.2,0.6135274508399283,0.6135274508399283
180.015,0.2,0.41629742944962356,0.41629742944962356
180.02,0.2,0.06915068301330098,0.06915068301330098
180.025,0.2,-0.10750378105255537,-0.10750378105255537
180.03,0.2,-0.07532575479842092,-0.07532575479842092
180.035,0.2,0.11983086427198023,0.11983086427198023
180.04,0.2,0.08110126602365669,0.08110126602365669
180.045,0.2,0.49548121817039203,0.49548121817039203
180.05,0.2,0.7148308303834954,0.7148308303834954
180.055,0.2,0.5345132221344596,0.5345132221344596
180.06,0.2,0.159684942214099,0.159684942214099
180.065,0.2,0.09512002491117122,0.09512002491117122
180.07,0.2,-0.04211399951671585,-0.04211399951671585
180.075,0.2,-0.024057752121368417,-0.024057752121368417
180.08,0.2,0.17235420155193676,0.17235420155193676
180.085,0.2,0.4797144420529879,0.4797144420529879
180.09,0.2,0.36949706247599656,0.36949706247599656
180.095,0.2,0.41630032810651063,0.41630032810651063
180.1,0.2,0.08103884795814419,0.08103884795814419
180.105,0.2,0.018234664001234427,0.018234664001234427
180.11,0.2,-0.047621459465582244,-0.047621459465582244
180.115,0.2,-0.008996187057864653,-0.008996187057864653
180.12,0.2,0.2512459499183456,0.2512459499183456
180.125,0.2,0.5440933685167673,0.5440933685167673
180.13,0.2,0.5965582238115814,0.5965582238115814
180.135,0.2,0.5270519089759127,0.5270519089759127
180.14,0.2,0.09333396836897867,0.09333396836897867
180.145,0.2,-0.1492353157007637,-0.1492353157007637
180.15,0.2,-0.19632281605430177,-0.19632281605430177
180.155,0.2,-0.06495083194377912,-0.06495083194377912
180.16,0.2,0.30078030901325853,0.30078030901325853
180.165,0.2,0.39715875282405405,0.39715875282405405
180.17,0.2,0.39348398801704776,0.39348398801704776
180.175,0.2,0.47636179372074583,0.47636179372074583
180.18,0.2,0.09209287964708952,0.09209287964708952
180.185,0.2,0.009575553591841451,0.009575553591841451
180.19,0.2,0.0001233563739453103,0.0001233563739453103
180.195,0.2,-0.07735506108309015,-0.07735506108309015
180.2,0.2,0.11575516198596737,0.11575516198596737
180.205,0.2,0.4342481340516642,0.4342481340516642
180.21,0.2,0.59718899773636,0.59718899773636
180.215,0.2,0.3850406908486837,0.3850406908486837
180.22,0.2,0.14838482157025476,0.14838482157025476
180.225,0.2,-0.17901831831901224,-0.17901831831901224
180.23,0.2,-0.22230014149395844,-0.22230014149395844
180.235,0.2,-0.06054242509241117,-0.06054242509241117
180.24,0.2,0.1624653833437783,0.1624653833437783
180.245,0.2,0.539530543523412,0.539530543523412
180.25,0.2,0.5584418222636762,0.5584418222636762
180.255,0.2,0.4269669713289739,0.4269669713289739
180.26,0.2,0.010855095342535898,0.010855095342535898
180.265,0.2,-0.09509982646688941,-0.09509982646688941
180.27,0.2,-0.3151644399727739,-0.3151644399727739
180.275,0.2,0.034729204659553606,0.034729204659553606
180.28,0.2,0.04929585587376184,0.04929585587376184
180.285,0.2,0.3649910222843982,0.3649910222843982
180.29,0.2,0.41400150272832636,0.41400150272832636
180.295,0.2,0.36620963579183485,0.36620963579183485
180.3,0.2,-0.03350335372734067,-0.03350335372734067
180.305,0.2,0.11566620055105542,0.11566620055105542
180.31,0.2,-0.043294122900539134,-0.043294122900539134
180.315,0.2,-0.20271223074797512,-0.20271223074797512
180.32,0.2,0.10329035784830176,0.10329035784830176
180.325,0.2,0.4591956486071986,0.4591956486071986
180.33,0.2,0.6050468663489645,0.6050468663489645
180.335,0.2,0.09728773048638495,0.09728773048638495
180.34,0.2,0.3281523941610759,0.3281523941610759
180.345,0.2,-0.07798949129129469,-0.07798949129129469
180.35,0.2,-0.01914336597159616,-0.01914336597159616
180.355,0.2,0.13149481135458055,0.13149481135458055
180.36,0.2,0.12390812729429498,0.12390812729429498
180.365,0.2,0.21477142471995936,0.21477142471995936
180.37,0.2,0.5016391714266657,0.5016391714266657
180.375,0.2,0.30356820105421795,0.30356820105421795
180.38,0.2,0.1871607132945446,0.1871607132945446
180.385,0.2,0.019921299920799565,0.019921299920799565
180.39,0.2,-0.1351203039659593,-0.1351203039659593
180.395,0.2,-0.024252716322275603,-0.024252716322275603
180.4,0.2,0.2718973343029083,0.2718973343029083
180.405,0.2,0.4611626245978928,0.4611626245978928
180.41,0.2,0.4907977706905303,0.4907977706905303
180.415,0.2,0.22840606702160743,0.22840606702160743
180.42,0.2,0.16340134253794075,0.16340134253794075
180.425,0.2,-0.19280220352083094,-0.19280220352083094
180.43,0.2,-0.27503730687875305,-0.27503730687875305
180.435,0.2,-0.06106368633569277,-0.06106368633569277
180.44,0.2,0.3700423223973259,0.3700423223973259
180.445,0.2,0.5157363787097938,0.5157363787097938
180.45,0.2,0.5515208804158608,0.5515208804158608
180.455,0.2,0.3346399257898275,0.3346399257898275
180.46,0.2,-0.08917659143622272,-0.08917659143622272
180.465,0.2,-0.04277105636215654,-0.04277105636215654
180.47,0.2,-0.16412652197241545,-0.16412652197241545
180.475,0.2,-0.07963245772871456,-0.07963245772871456
180.48,0.2,0.23271416280630103,0.23271416280630103
180.485,0.2,0.5370775795347313,0.5370775795347313
180.49,0.2,0.6353574621330267,0.6353574621330267
180.495,0.2,0.4257838168659184,0.4257838168659184
180.5,0.2,-0.003900871390366198,-0.003900871390366198
180.505,0.2,-0.1410385190669991,-0.1410385190669991
180.51,0.2,-0.2451556269543362,-0.2451556269543362
180.515,0.2,-0.04850757542229249,-0.04850757542229249
180.52,0.2,0.09969875895853501,0.09969875895853501
180.525,0.2,0.45993991199204504,0.45993991199204504
180.53,0.2,0.5485934244122872,0.5485934244122872
180.535,0.2,0.5559582894149669,0.5559582894149669
180.54,0.2,0.2734002944718447,0.2734002944718447
180.545,0.2,-0.2110526764672201,-0.2110526764672201
180.55,0.2,-0.22351500532299587,-0.22351500532299587
180.555,0.2,0.005999666351411345,0.005999666351411345
180.56,0.2,0.14661497323492928,0.14661497323492928
180.565,0.2,0.3582367500367054,0.3582367500367054
180.57,0.2,0.6341715771789379,0.6341715771789379
180.575,0.2,0.4087386743428954,0.4087386743428954
180.58,0.2,0.11934032680515316,0.11934032680515316
180.585,0.2,0.07022105846168375,0.07022105846168375
180.59,0.2,0.012476897961220201,0.012476897961220201
180.595,0.2,-0.0010471824369116811,-0.0010471824369116811
180.6,0.2,0.1594643801353177,0.1594643801353177
180.605,0.2,0.5257848413924197,0.5257848413924197
180.61,0.2,0.602996108760682,0.602996108760682
180.615,0.2,0.4279969468588601,0.4279969468588601
180.62,0.2,0.05957643448485317,0.05957643448485317
180.625,0.2,-0.16341354379898126,-0.16341354379898126
180.63,0.2,-0.19197820987458927,-0.19197820987458927
180.635,0.2,-0.03856145037495566,-0.03856145037495566
180.64,0.2,0.09217043273580786,0.09217043273580786
180.645,0.2,0.5283923337471216,0.5283923337471216
180.65,0.2,0.38816258395159675,0.38816258395159675
180.655,0.2,0.4560750375278526,0.4560750375278526
180.66,0.2,0.24760635843335074,0.24760635843335074
180.665,0.2,0.2056694823228011,0.2056694823228011
180.67,0.2,-0.23036884664552823,-0.23036884664552823
180.675,0.2,-0.22795285539683208,-0.22795285539683208
180.68,0.2,0.10469532748976206,0.10469532748976206
180.685,0.2,0.38649251766284465,0.38649251766284465
180.69,0.2,0.4022274184840855,0.4022274184840855
180.695,0.2,0.4159029607881169,0.4159029607881169
180.7,0.2,0.055705050873112616,0.055705050873112616
180.705,0.2,0.0752182349501522,0.0752182349501522
180.71,0.2,-0.26040744677874156,-0.26040744677874156
180.715,0.2,-0.0390525240970806,-0.0390525240970806
180.72,0.2,0.2971822710529959,0.2971822710529959
180.725,0.2,0.39426666812130756,0.39426666812130756
180.73,0.2,0.5820545203469056,0.5820545203469056
180.735,0.2,0.5205648241334153,0.5205648241334153
180.74,0.2,0.14368298638633933,0.14368298638633933
180.745,0.2,0.023799471823201565,0.023799471823201565
180.75,0.2,-0.18702374482486628,-0.18702374482486628
180.755,0.2,-0.0026054931930789074,-0.0026054931930789074
180.76,0.2,0.1498369302245151,0.1498369302245151
180.765,0.2,0.2832986345291214,0.2832986345291214
180.77,0.2,0.6662621470131307,0.6662621470131307
180.775,0.2,0.407037894361448,0.407037894361448
180.78,0.2,0.30349906696784,0.30349906696784
180.785,0.2,-0.09086791651685115,-0.09086791651685115
180.79,0.2,-0.03684022700017758,-0.03684022700017758
180.795,0.2,-0.0908328877977888,-0.0908328877977888
180.8,0.2,-0.02145450454714029,-0.02145450454714029
180.805,0.2,0.44220841943943756,0.44220841943943756
180.81,0.2,0.36037085215670817,0.36037085215670817
180.815,0.2,0.31453538134679615,0.31453538134679615
180.82,0.2,0.15123076810181715,0.15123076810181715
180.825,0.2,0.13967528169778004,0.13967528169778004
180.83,0.2,-0.18429104307472827,-0.18429104307472827
180.835,0.2,-0.1431353185939893,-0.1431353185939893
180.84,0.2,0.24559884240418442,0.24559884240418442
180.845,0.2,0.33899715135809505,0.33899715135809505
180.85,0.2,0.45065768218971786,0.45065768218971786
180.855,0.2,0.3890402842998682,0.3890402842998682
180.86,0.2,0.3103222173961873,0.3103222173961873
180.865,0.2,-0.09716693947019,-0.09716693947019
180.87,0.2,-0.21770840250829926,-0.21770840250829926
180.875,0.2,-0.13523309153748325,-0.13523309153748325
180.88,0.2,0.1774038701705573,0.1774038701705573
180.885,0.2,0.4041999112942464,0.4041999112942464
180.89,0.2,0.39261883790985974,0.39261883790985974
180.895,0.2,0.47656401186577413,0.47656401186577413
180.9,0.2,0.17137526169577885,0.17137526169577885
180.905,0.2,-0.06953936258369899,-0.06953936258369899
180.91,0.2,-0.25810869250136104,-0.25810869250136104
180.915,0.2,0.11659838106367915,0.11659838106367915
180.92,0.2,0.27763295474027644,0.27763295474027644
180.925,0.2,0.4400871534509724,0.4400871534509724
180.93,0.2,0.5396844212719994,0.5396844212719994
180.935,0.2,0.6190744938334561,0.6190744938334561
180.94,0.2,0.2864693644612329,0.2864693644612329
180.945,0.2,0.06277618092906466,0.06277618092906466
180.95,0.2,0.0646385750101793,0.0646385750101793
180.955,0.2,-0.060565064877514736,-0.060565064877514736
180.96,0.2,0.14210491076407944,0.14210491076407944
180.965,0.2,0.4878772262926431,0.4878772262926431
180.97,0.2,0.5879425981382237,0.5879425981382237
180.975,0.2,0.6430285591759972,0.6430285591759972
180.98,0.2,0.13592103569550854,0.13592103569550854
180.985,0.2,-0.009070387260292849,-0.009070387260292849
180.99,0.2,-0.06885615421848587,-0.06885615421848587
180.995,0.2,0.15108626108019013,0.15108626108019013
181.0,0.2,0.16328908806516923,0.16328908806516923
181.005,0.2,0.5915842571573121,0.5915842571573121
181.01,0.2,0.888985026131143,0.888985026131143
181.015,0.2,0.3125540867492791,0.3125540867492791
181.02,0.2,0.1664440042558539,0.1664440042558539
181.025,0.2,-0.09473616759537756,-0.09473616759537756
181.03,0.2,-0.12082051856875056,-0.12082051856875056
181.035,0.2,-0.0318721382893762,-0.0318721382893762
181.04,0.2,0.16225001590020238,0.16225001590020238
181.045,0.2,0.5741399120550302,0.5741399120550302
181.05,0.2,0.7068203950112766,0.7068203950112766
181.055,0.2,0.4445961763235398,0.4445961763235398
181.06,0.2,0.1429393649654221,0.1429393649654221
181.065,0.2,-0.20841272267219688,-0.20841272267219688
181.07,0.2,-0.22619058711426207,-0.22619058711426207
181.075,0.2,-0.21053580033484584,-0.21053580033484584
181.08,0.2,0.21793467314021,0.21793467314021
181.085,0.2,0.39713318425120075,0.39713318425120075
181.09,0.2,0.5675221459593982,0.5675221459593982
181.095,0.2,0.4317242813605997,0.4317242813605997
181.1,0.2,0.11382688111161257,0.11382688111161257
181.105,0.2,-0.24970180021575816,-0.24970180021575816
181.11,0.2,-0.28630475676915096,-0.28630475676915096
181.115,0.2,-0.05135736765369225,-0.05135736765369225
181.12,0.2,0.2381679511371759,0.2381679511371759
181.125,0.2,0.36640590714271715,0.36640590714271715
181.13,0.2,0.5721304546971652,0.5721304546971652
181.135,0.2,0.31236176974187624,0.31236176974187624
181.14,0.2,0.011996234457719246,0.011996234457719246
181.145,0.2,-0.1281014109768709,-0.1281014109768709
181.15,0.2,-0.15848401315581612,-0.15848401315581612
181.155,0.2,0.009249413098762573,0.009249413098762573
181.16,0.2,0.16204114621415044,0.16204114621415044
181.165,0.2,0.3706548967489473,0.3706548967489473
181.17,0.2,0.5600605918843392,0.5600605918843392
181.175,0.2,0.3657400328599285,0.3657400328599285
181.18,0.2,0.03824466075091279,0.03824466075091279
181.185,0.2,-0.11901467433052389,-0.11901467433052389
181.19,0.2,-0.15184326296430262,-0.15184326296430262
181.195,0.2,-0.11278720350435384,-0.11278720350435384
181.2,0.2,0.2572470185693578,0.2572470185693578
181.205,0.2,0.3510960336800473,0.3510960336800473
181.21,0.2,0.4945595196704375,0.4945595196704375
181.215,0.2,0.4959231512990428,0.4959231512990428
181.22,0.2,0.30208654014004027,0.30208654014004027
181.225,0.2,-0.04455603560733995,-0.04455603560733995
181.23,0.2,-0.33299442573181093,-0.33299442573181093
181.235,0.2,-0.16915955994508958,-0.16915955994508958
181.24,0.2,-0.022164906842314508,-0.022164906842314508
181.245,0.2,0.51660804598375,0.51660804598375
181.25,0.2,0.45589734594297204,0.45589734594297204
181.255,0.2,0.46177255278314516,0.46177255278314516
181.26,0.2,0.08989186698961409,0.08989186698961409
181.265,0.2,0.07201103222296654,0.07201103222296654
181.27,0.2,-0.3919731518402426,-0.3919731518402426
181.275,0.2,-0.06588326773636294,-0.06588326773636294
181.28,0.2,0.18113998070188178,0.18113998070188178
181.285,0.2,0.3646861712684919,0.3646861712684919
181.29,0.2,0.43675725195911996,0.43675725195911996
181.295,0.2,0.31162543599095865,0.31162543599095865
181.3,0.2,0.17808350520138203,0.17808350520138203
181.305,0.2,-0.13088764642773212,-0.13088764642773212
181.31,0.2,-0.026324593111998973,-0.026324593111998973
181.315,0.2,0.011348969609134618,0.011348969609134618
181.32,0.2,0.07235639085484483,0.07235639085484483
181.325,0.2,0.5034676545018122,0.5034676545018122
181.33,0.2,0.6049201745576446,0.6049201745576446
181.335,0.2,0.3404282552567427,0.3404282552567427
181.34,0.2,0.12348584706933992,0.12348584706933992
181.345,0.2,-0.15364521239699774,-0.15364521239699774
181.35,0.2,-0.15021283372319308,-0.15021283372319308
181.355,0.2,-0.14380619430136654,-0.14380619430136654
181.36,0.2,0.2841955203056406,0.2841955203056406
181.365,0.2,0.4368280387734495,0.4368280387734495
181.37,0.2,0.5053872697363773,0.5053872697363773
181.375,0.2,0.39411171361039293,0.39411171361039293
181.38,0.2,0.12293035668688149,0.12293035668688149
181.385,0.2,-0.2654525572216158,-0.2654525572216158
181.39,0.2,-0.3240791531272579,-0.3240791531272579
181.395,0.2,-0.2564789383670828,-0.2564789383670828
181.4,0.2,0.22182959744684358,0.22182959744684358
181.405,0.2,0.3636038304930075,0.3636038304930075
181.41,0.2,0.4192364746260382,0.4192364746260382
181.415,0.2,0.5813773322030173,0.5813773322030173
181.42,0.2,0.17193698528555712,0.17193698528555712
181.425,0.2,-0.2077142964290265,-0.2077142964290265
181.43,0.2,-0.09773702163964416,-0.09773702163964416
181.435,0.2,-0.12699304603371717,-0.12699304603371717
181.44,0.2,0.37227469629757937,0.37227469629757937
181.445,0.2,0.3976886323661345,0.3976886323661345
181.45,0.2,0.4894106190211479,0.4894106190211479
181.455,0.2,0.32481375363618525,0.32481375363618525
181.46,0.2,0.01557801028760919,0.01557801028760919
181.465,0.2,-0.20669142042876573,-0.20669142042876573
181.47,0.2,-0.10305377018500565,-0.10305377018500565
181.475,0.2,-0.018649872417926178,-0.018649872417926178
181.48,0.2,0.3305297289415592,0.3305297289415592
181.485,0.2,0.44025518642766365,0.44025518642766365
181.49,0.2,0.36181317440552296,0.36181317440552296
181.495,0.2,0.4440779609881707,0.4440779609881707
181.5,0.2,0.1483392324334311,0.1483392324334311
181.505,0.2,-0.05690661328130299,-0.05690661328130299
181.51,0.2,-0.3383012437813805,-0.3383012437813805
181.515,0.2,-0.10719233953716384,-0.10719233953716384
181.52,0.2,0.34005686499799403,0.34005686499799403
181.525,0.2,0.5619411769276886,0.5619411769276886
181.53,0.2,0.6207029052891363,0.6207029052891363
181.535,0.2,0.5427781606000684,0.5427781606000684
181.54,0.2,-0.08712332391465186,-0.08712332391465186
181.545,0.2,-0.006337830627055646,-0.006337830627055646
181.55,0.2,-0.20502062454483105,-0.20502062454483105
181.555,0.2,-0.0567502131364002,-0.0567502131364002
181.56,0.2,0.1844050709851907,0.1844050709851907
181.565,0.2,0.6086521313377917,0.6086521313377917
181.57,0.2,0.5222658970111139,0.5222658970111139
181.575,0.2,0.46416088146849277,0.46416088146849277
181.58,0.2,0.22552094809128176,0.22552094809128176
181.585,0.2,-0.13651353049062565,-0.13651353049062565
181.59,0.2,-0.3506351843395299,-0.3506351843395299
181.595,0.2,-0.12696086002483814,-0.12696086002483814
181.6,0.2,0.050412255541494505,0.050412255541494505
181.605,0.2,0.4885405230084713,0.4885405230084713
181.61,0.2,0.4731702638357544,0.4731702638357544
181.615,0.2,0.30039323941021495,0.30039323941021495
181.62,0.2,0.19564490848432006,0.19564490848432006
181.625,0.2,0.05661353014888956,0.05661353014888956
181.63,0.2,-0.142736575050389,-0.142736575050389
181.635,0.2,-0.10038159978661276,-0.10038159978661276
181.64,0.2,0.2586804921589855,0.2586804921589855
181.645,0.2,0.5652864380395244,0.5652864380395244
181.65,0.2,0.37045845800483257,0.37045845800483257
181.655,0.2,0.34439084766224604,0.34439084766224604
181.66,0.2,0.20238129730675017,0.20238129730675017
181.665,0.2,-0.19163175758855444,-0.19163175758855444
181.67,0.2,-0.20502581003729262,-0.20502581003729262
181.675,0.2,0.131907727131308,0.131907727131308
181.68,0.2,0.2725037493867737,0.2725037493867737
181.685,0.2,0.49092456594588957,0.49092456594588957
181.69,0.2,0.4915908895879969,0.4915908895879969
181.695,0.2,0.46436459844900724,0.46436459844900724
181.7,0.2,0.22824782571954544,0.22824782571954544
181.705,0.2,0.054726724354817194,0.054726724354817194
181.71,0.2,-0.23761734286784558,-0.23761734286784558
181.715,0.2,-0.06260652468144112,-0.06260652468144112
181.72,0.2,0.19353351946817873,0.19353351946817873
181.725,0.2,0.4740559751796078,0.4740559751796078
181.73,0.2,0.6844243432578311,0.6844243432578311
181.735,0.2,0.5388606918439887,0.5388606918439887
181.74,0.2,0.2174718793311846,0.2174718793311846
181.745,0.2,0.0644830451844301,0.0644830451844301
181.75,0.2,-0.20634337246418505,-0.20634337246418505
181.755,0.2,0.04542294828763077,0.04542294828763077
181.76,0.2,0.366105056572722,0.366105056572722
181.765,0.2,0.5631140945553209,0.5631140945553209
181.77,0.2,0.6779968138420136,0.6779968138420136
181.775,0.2,0.6302246944022808,0.6302246944022808
181.78,0.2,0.20469497039233545,0.20469497039233545
181.785,0.2,0.08571683943289049,0.08571683943289049
181.79,0.2,-0.28925303743582187,-0.28925303743582187
181.795,0.2,0.006380549377448095,0.006380549377448095
181.8,0.2,0.305014052490247,0.305014052490247
181.805,0.2,0.598556898945399,0.598556898945399
181.81,0.2,0.7340516639694219,0.7340516639694219
181.815,0.2,0.33441677022557825,0.33441677022557825
181.82,0.2,0.2640947064102662,0.2640947064102662
181.825,0.2,-0.14334975895786406,-0.14334975895786406
181.83,0.2,-0.30554034069555974,-0.30554034069555974
181.835,0.2,-0.17898194687048385,-0.17898194687048385
181.84,0.2,0.30734714899383964,0.30734714899383964
181.845,0.2,0.5181834446000825,0.5181834446000825
181.85,0.2,0.375763126866614,0.375763126866614
181.855,0.2,0.36864115654722285,0.36864115654722285
181.86,0.2,0.3108245441771864,0.3108245441771864
181.865,0.2,0.07476361394148404,0.07476361394148404
181.87,0.2,-0.15427510433685518,-0.15427510433685518
181.875,0.2,-0.03028205351909642,-0.03028205351909642
181.88,0.2,0.30653038229447555,0.30653038229447555
181.885,0.2,0.455401527264236,0.455401527264236
181.89,0.2,0.627586735134637,0.627586735134637
181.895,0.2,0.5450115777465816,0.5450115777465816
181.9,0.2,0.08196828726809897,0.08196828726809897
181.905,0.2,-0.04007295571823952,-0.04007295571823952
181.91,0.2,-0.06884986309872665,-0.06884986309872665
181.915,0.2,0.01868225294992458,0.01868225294992458
181.92,0.2,0.1856478820839521,0.1856478820839521
181.925,0.2,0.5513840833255493,0.5513840833255493
181.93,0.2,0.5188332313787518,0.5188332313787518
181.935,0.2,0.33121821108854366,0.33121821108854366
181.94,0.2,0.025262202569760306,0.025262202569760306
181.945,0.2,-0.09275249849794726,-0.09275249849794726
181.95,0.2,-0.22797272248113085,-0.22797272248113085
181.955,0.2,0.2556094426561542,0.2556094426561542
181.96,0.2,0.2991532990728873,0.2991532990728873
181.965,0.2,0.569071061904934,0.569071061904934
181.97,0.2,0.5928505847406009,0.5928505847406009
181.975,0.2,0.38611748858862754,0.38611748858862754
181.98,0.2,0.21667038089124813,0.21667038089124813
181.985,0.2,-0.1901807500695022,-0.1901807500695022
181.99,0.2,-0.22760870267155967,-0.22760870267155967
181.995,0.2,-0.08008408304792004,-0.08008408304792004
182.0,0.2,0.16520236789715848,0.16520236789715848
182.005,0.2,0.5675092310739209,0.5675092310739209
182.01,0.2,0.5889051953429036,0.5889051953429036
182.015,0.2,0.43534875460343725,0.43534875460343725
182.02,0.2,-0.03220224851048445,-0.03220224851048445
182.025,0.2,-0.061712766009090377,-0.061712766009090377
182.03,0.2,-0.19113834487361211,-0.19113834487361211
182.035,0.2,-0.12955816209560977,-0.12955816209560977
182.04,0.2,0.18462993253198953,0.18462993253198953
182.045,0.2,0.4299622927367611,0.4299622927367611
182.05,0.2,0.7220677562722156,0.7220677562722156
182.055,0.2,0.5756033631033741,0.5756033631033741
182.06,0.2,0.2387105095605963,0.2387105095605963
182.065,0.2,-0.06692193978381944,-0.06692193978381944
182.07,0.2,-0.19302192471596732,-0.19302192471596732
182.075,0.2,-0.2051597759656991,-0.2051597759656991
182.08,0.2,0.12334274521031272,0.12334274521031272
182.085,0.2,0.2148281608543463,0.2148281608543463
182.09,0.2,0.5483198417599996,0.5483198417599996
182.095,0.2,0.42383890384438394,0.42383890384438394
182.1,0.2,0.2477387680838673,0.2477387680838673
182.105,0.2,-0.20584511819051424,-0.20584511819051424
182.11,0.2,-0.12237758229388002,-0.12237758229388002
182.115,0.2,-0.06890831407354071,-0.06890831407354071
182.12,0.2,0.28316997730965704,0.28316997730965704
182.125,0.2,0.46035144987718807,0.46035144987718807
182.13,0.2,0.4049055823125256,0.4049055823125256
182.135,0.2,0.5207136658605699,0.5207136658605699
182.14,0.2,0.25234906284560277,0.25234906284560277
182.145,0.2,-0.22184708501656475,-0.22184708501656475
182.15,0.2,-0.12337740491133645,-0.12337740491133645
182.155,0.2,-0.0377281939982178,-0.0377281939982178
182.16,0.2,0.3394155029654371,0.3394155029654371
182.165,0.2,0.4731115739812354,0.4731115739812354
182.17,0.2,0.7146188148817587,0.7146188148817587
182.175,0.2,0.350224610295893,0.350224610295893
182.18,0.2,0.1850035305056208,0.1850035305056208
182.185,0.2,0.013784571801461643,0.013784571801461643
182.19,0.2,-0.10601225327191985,-0.10601225327191985
182.195,0.2,0.13661778500890015,0.13661778500890015
182.2,0.2,0.280135313480128,0.280135313480128
182.205,0.2,0.3247734612966153,0.3247734612966153
182.21,0.2,0.558679974764387,0.558679974764387
182.215,0.2,0.4303694178730733,0.4303694178730733
182.22,0.2,0.15966647432589176,0.15966647432589176
182.225,0.2,0.03464491453788851,0.03464491453788851
182.23,0.2,-0.13139316116633798,-0.13139316116633798
182.235,0.2,0.12829791344343164,0.12829791344343164
182.24,0.2,0.27753584307597884,0.27753584307597884
182.245,0.2,0.47733865213163484,0.47733865213163484
182.25,0.2,0.5478894273128706,0.5478894273128706
182.255,0.2,0.40413298030917444,0.40413298030917444
182.26,0.2,0.23724918430917902,0.23724918430917902
182.265,0.2,0.032503529917678034,0.032503529917678034
182.27,0.2,-0.034654907393528445,-0.034654907393528445
182.275,0.2,0.03623508972684923,0.03623508972684923
182.28,0.2,0.07914233646630589,0.07914233646630589
182.285,0.2,0.6039131775766542,0.6039131775766542
182.29,0.2,0.5755849421218133,0.5755849421218133
182.295,0.2,0.4264134402151644,0.4264134402151644
182.3,0.2,0.1656578885330347,0.1656578885330347
182.305,0.2,-0.09554979144233958,-0.09554979144233958
182.31,0.2,-0.04229274975856251,-0.04229274975856251
182.315,0.2,-0.08710994926268464,-0.08710994926268464
182.32,0.2,0.3857917300522721,0.3857917300522721
182.325,0.2,0.5091477104301927,0.5091477104301927
182.33,0.2,0.5377632691678317,0.5377632691678317
182.335,0.2,0.37791218972656326,0.37791218972656326
182.34,0.2,0.28386466800959376,0.28386466800959376
182.345,0.2,-0.04216532286796602,-0.04216532286796602
182.35,0.2,-0.20462230916666435,-0.20462230916666435
182.355,0.2,-0.004287555355523852,-0.004287555355523852
182.36,0.2,0.15641564786605033,0.15641564786605033
182.365,0.2,0.5427810107090772,0.5427810107090772
182.37,0.2,0.630391928600358,0.630391928600358
182.375,0.2,0.3645672373748115,0.3645672373748115
182.38,0.2,0.3006630760037792,0.3006630760037792
182.385,0.2,0.10669484606383087,0.10669484606383087
182.39,0.2,-0.32189434977597475,-0.32189434977597475
182.395,0.2,-0.06063093320013209,-0.06063093320013209
182.4,0.2,0.27700990612812026,0.27700990612812026
182.405,0.2,0.5747181649865283,0.5747181649865283
182.41,0.2,0.5792065390364433,0.5792065390364433
182.415,0.2,0.526845474491298,0.526845474491298
182.42,0.2,0.2237917476919088,0.2237917476919088
182.425,0.2,0.05803140248373928,0.05803140248373928
182.43,0.2,-0.2513688267192341,-0.2513688267192341
182.435,0.2,-0.07760782889704214,-0.07760782889704214
182.44,0.2,0.2581713109833858,0.2581713109833858
182.445,0.2,0.20143228820651637,0.20143228820651637
182.45,0.2,0.7484836165195572,0.7484836165195572
182.455,0.2,0.4936234950075697,0.4936234950075697
182.46,0.2,0.049967243587620336,0.049967243587620336
182.465,0.2,0.15169883960285452,0.15169883960285452
182.47,0.2,-0.18904636250429446,-0.18904636250429446
182.475,0.2,-0.18775371712895347,-0.18775371712895347
182.48,0.2,0.07566066588657608,0.07566066588657608
182.485,0.2,0.47034158519064456,0.47034158519064456
182.49,0.2,0.6083379814269091,0.6083379814269091
182.495,0.2,0.3380583647321306,0.3380583647321306
182.5,0.2,0.25825787562900543,0.25825787562900543
182.505,0.2,-0.0517252425995832,-0.0517252425995832
182.51,0.2,-0.22438717729571783,-0.22438717729571783
182.515,0.2,-0.08397260496812785,-0.08397260496812785
182.52,0.2,0.23685154220689167,0.23685154220689167
182.525,0.2,0.3698647148279305,0.3698647148279305
182.53,0.2,0.47108610455231825,0.47108610455231825
182.535,0.2,0.37944172164697754,0.37944172164697754
182.54,0.2,0.11566728894783673,0.11566728894783673
182.545,0.2,-0.06818926062648956,-0.06818926062648956
182.55,0.2,-0.2548339057714221,-0.2548339057714221
182.555,0.2,0.17243421845115864,0.17243421845115864
182.56,0.2,0.189486518699507,0.189486518699507
182.565,0.2,0.3813687486685461,0.3813687486685461
182.57,0.2,0.5178858280104792,0.5178858280104792
182.575,0.2,0.4270757004176758,0.4270757004176758
182.58,0.2,0.35554067416403456,0.35554067416403456
182.585,0.2,-0.05090771769240888,-0.05090771769240888
182.59,0.2,-0.18085391618448646,-0.18085391618448646
182.595,0.2,-0.005938897929770639,-0.005938897929770639
182.6,0.2,0.18673875013784252,0.18673875013784252
182.605,0.2,0.5040866383121877,0.5040866383121877
182.61,0.2,0.729784121075242,0.729784121075242
182.615,0.2,0.6865306162714881,0.6865306162714881
182.62,0.2,0.28138723904165763,0.28138723904165763
182.625,0.2,0.010992780862959135,0.010992780862959135
182.63,0.2,-0.11585810535737126,-0.11585810535737126
182.635,0.2,-0.10440712835515918,-0.10440712835515918
182.64,0.2,0.19025431801542209,0.19025431801542209
182.645,0.2,0.3575470720965056,0.3575470720965056
182.65,0.2,0.6945417384730952,0.6945417384730952
182.655,0.2,0.5462786832909958,0.5462786832909958
182.66,0.2,0.22799744833634386,0.22799744833634386
182.665,0.2,-0.2030939258966742,-0.2030939258966742
182.67,0.2,-0.2212956851487967,-0.2212956851487967
182.675,0.2,-0.11341813174600675,-0.11341813174600675
182.68,0.2,0.36299318519740986,0.36299318519740986
182.685,0.2,0.4362520134116819,0.4362520134116819
182.69,0.2,0.6117332552982646,0.6117332552982646
182.695,0.2,0.5871840318317547,0.5871840318317547
182.7,0.2,0.07118752472259779,0.07118752472259779
182.705,0.2,-0.031103372626339873,-0.031103372626339873
182.71,0.2,-0.3612386028183268,-0.3612386028183268
182.715,0.2,0.055745936324998246,0.055745936324998246
182.72,0.2,0.1070487619960511,0.1070487619960511
182.725,0.2,0.266152673135335,0.266152673135335
182.73,0.2,0.7004279581355821,0.7004279581355821
182.735,0.2,0.3778256797763864,0.3778256797763864
182.74,0.2,0.052286497829910045,0.052286497829910045
182.745,0.2,-0.1492430173600206,-0.1492430173600206
182.75,0.2,-0.1703243357952905,-0.1703243357952905
182.755,0.2,-0.06504822523760088,-0.06504822523760088
182.76,0.2,0.20778673499940647,0.20778673499940647
182.765,0.2,0.5185036998573757,0.5185036998573757
182.77,0.2,0.38741906857343145,0.38741906857343145
182.775,0.2,0.282996539775639,0.282996539775639
182.78,0.2,0.13732073269056166,0.13732073269056166
182.785,0.2,-0.13437754264514953,-0.13437754264514953
182.79,0.2,-0.18709637720555153,-0.18709637720555153
182.795,0.2,-0.14438593799135185,-0.14438593799135185
182.8,0.2,0.10674773651143882,0.10674773651143882
182.805,0.2,0.3913632860691079,0.3913632860691079
182.81,0.2,0.4982771162995726,0.4982771162995726
182.815,0.2,0.5462169553074726,0.5462169553074726
182.82,0.2,0.17906766053184217,0.17906766053184217
182.825,0.2,0.1656062711307941,0.1656062711307941
182.83,0.2,-0.36645987869260604,-0.36645987869260604
182.835,0.2,-0.0208761217361266,-0.0208761217361266
182.84,0.2,0.32553971539556076,0.32553971539556076
182.845,0.2,0.5243693191370484,0.5243693191370484
182.85,0.2,0.6018030281235835,0.6018030281235835
182.855,0.2,0.5066296255549982,0.5066296255549982
182.86,0.2,0.1260390628329576,0.1260390628329576
182.865,0.2,0.08237261309401075,0.08237261309401075
182.87,0.2,-0.20699779157337322,-0.20699779157337322
182.875,0.2,0.06378268109648678,0.06378268109648678
182.88,0.2,0.28360808789575637,0.28360808789575637
182.885,0.2,0.5145788944858288,0.5145788944858288
182.89,0.2,0.5877413022835359,0.5877413022835359
182.895,0.2,0.44171912331810553,0.44171912331810553
182.9,0.2,0.1710487363490554,0.1710487363490554
182.905,0.2,-0.13818729424930154,-0.13818729424930154
182.91,0.2,-0.2548878192091557,-0.2548878192091557
182.915,0.2,-0.08711453279291631,-0.08711453279291631
182.92,0.2,0.17434145495983444,0.17434145495983444
182.925,0.2,0.5029460932219272,0.5029460932219272
182.93,0.2,0.7155287606786879,0.7155287606786879
182.935,0.2,0.43859282784056636,0.43859282784056636
182.94,0.2,0.39426225297023043,0.39426225297023043
182.945,0.2,-0.1033960300578034,-0.1033960300578034
182.95,0.2,-0.13200072819383363,-0.13200072819383363
182.955,0.2,-0.11800648089534391,-0.11800648089534391
182.96,0.2,0.052095248249081905,0.052095248249081905
182.965,0.2,0.591751225971876,0.591751225971876
182.97,0.2,0.6119342063135695,0.6119342063135695
182.975,0.2,0.5553455084649435,0.5553455084649435
182.98,0.2,0.1663278978654789,0.1663278978654789
182.985,0.2,0.024627536167686363,0.024627536167686363
182.99,0.2,-0.12363260440764456,-0.12363260440764456
182.995,0.2,-0.007544931350076507,-0.007544931350076507
183.0,0.2,0.1285341075638881,0.1285341075638881
183.005,0.2,0.36201133100711114,0.36201133100711114
183.01,0.2,0.6076465964641458,0.6076465964641458
183.015,0.2,0.5503511385609016,0.5503511385609016
183.02,0.2,0.3376968279405984,0.3376968279405984
183.025,0.2,-0.07416139655467843,-0.07416139655467843
183.03,0.2,-0.4184272008367355,-0.4184272008367355
183.035,0.2,-0.07885981920615215,-0.07885981920615215
183.04,0.2,0.20388637721252081,0.20388637721252081
183.045,0.2,0.5586763956091804,0.5586763956091804
183.05,0.2,0.5463679170563601,0.5463679170563601
183.055,0.2,0.4272114322058272,0.4272114322058272
183.06,0.2,0.17518664385287694,0.17518664385287694
183.065,0.2,-0.14962464926774757,-0.14962464926774757
183.07,0.2,-0.13418066774323123,-0.13418066774323123
183.075,0.2,0.14181876626284579,0.14181876626284579
183.08,0.2,0.3582353371364183,0.3582353371364183
183.085,0.2,0.5649495178233023,0.5649495178233023
183.09,0.2,0.6943262929919486,0.6943262929919486
183.095,0.2,0.5783453749765516,0.5783453749765516
183.1,0.2,0.42143821949278004,0.42143821949278004
183.105,0.2,-0.12017670320583823,-0.12017670320583823
183.11,0.2,0.09536774298370165,0.09536774298370165
183.115,0.2,0.13526363751858542,0.13526363751858542
183.12,0.2,0.17308575045496594,0.17308575045496594
183.125,0.2,0.7494600222241645,0.7494600222241645
183.13,0.2,0.7021881960329917,0.7021881960329917
183.135,0.2,0.4658278369390647,0.4658278369390647
183.14,0.2,0.28485277850904384,0.28485277850904384
183.145,0.2,0.0643293880617553,0.0643293880617553
183.15,0.2,-0.05002352232486949,-0.05002352232486949
183.155,0.2,-0.1415930165873907,-0.1415930165873907
183.16,0.2,0.23908089334061386,0.23908089334061386
183.165,0.2,0.5908923911548049,0.5908923911548049
183.17,0.2,0.6710115980900634,0.6710115980900634
183.175,0.2,0.5131769148532587,0.5131769148532587
183.18,0.2,-0.03712417371947971,-0.03712417371947971
183.185,0.2,-0.3049617567037546,-0.3049617567037546
183.19,0.2,-0.17627095656680333,-0.17627095656680333
183.195,0.2,-0.12741861424588202,-0.12741861424588202
183.2,0.2,0.26097754530028816,0.26097754530028816
183.205,0.2,0.6258356958734456,0.6258356958734456
183.21,0.2,0.5918806070745024,0.5918806070745024
183.215,0.2,0.6639134818324226,0.6639134818324226
183.22,0.2,0.14973479633606462,0.14973479633606462
183.225,0.2,-0.18302228056428174,-0.18302228056428174
183.23,0.2,-0.1838975398094704,-0.1838975398094704
183.235,0.2,-0.01442578923802197,-0.01442578923802197
183.24,0.2,0.18981095705233259,0.18981095705233259
183.245,0.2,0.41012166205713463,0.41012166205713463
183.25,0.2,0.8254341114579142,0.8254341114579142
183.255,0.2,0.5319342590374412,0.5319342590374412
183.26,0.2,0.33715478498583795,0.33715478498583795
183.265,0.2,-0.11638796209196428,-0.11638796209196428
183.27,0.2,-0.12573785449293473,-0.12573785449293473
183.275,0.2,-0.06292266039678407,-0.06292266039678407
183.28,0.2,0.21148262360311024,0.21148262360311024
183.285,0.2,0.4859353058098575,0.4859353058098575
183.29,0.2,0.4100212803715141,0.4100212803715141
183.295,0.2,0.33855318428202097,0.33855318428202097
183.3,0.2,0.12724130215263954,0.12724130215263954
183.305,0.2,-0.0023215864137715383,-0.0023215864137715383
183.31,0.2,-0.24766823864701024,-0.24766823864701024
183.315,0.2,0.013983651228208244,0.013983651228208244
183.32,0.2,0.29467451368525294,0.29467451368525294
183.325,0.2,0.3239599284111988,0.3239599284111988
183.33,0.2,0.6634946541289108,0.6634946541289108
183.335,0.2,0.6059104073103495,0.6059104073103495
183.34,0.2,0.1158936504167868,0.1158936504167868
183.345,0.2,0.0007012488316659737,0.0007012488316659737
183.35,0.2,-0.11123347379931944,-0.11123347379931944
183.355,0.2,0.04089266678099289,0.04089266678099289
183.36,0.2,0.37241634417018277,0.37241634417018277
183.365,0.2,0.4899499083147596,0.4899499083147596
183.37,0.2,0.7125358360666365,0.7125358360666365
183.375,0.2,0.4826660253832363,0.4826660253832363
183.38,0.2,0.19163457313660917,0.19163457313660917
183.385,0.2,0.014317556313034024,0.014317556313034024
183.39,0.2,-0.2271776681323156,-0.2271776681323156
183.395,0.2,0.18358103989423635,0.18358103989423635
183.4,0.2,0.2535933841762748,0.2535933841762748
183.405,0.2,0.5268721904325951,0.5268721904325951
183.41,0.2,0.6674064264338891,0.6674064264338891
183.415,0.2,0.5789171322302188,0.5789171322302188
183.42,0.2,0.13621489263288433,0.13621489263288433
183.425,0.2,-0.034591050405320095,-0.034591050405320095
183.43,0.2,-0.025069250288591582,-0.025069250288591582
183.435,0.2,0.09245767214520732,0.09245767214520732
183.44,0.2,0.253900691414515,0.253900691414515
183.445,0.2,0.7088571592569197,0.7088571592569197
183.45,0.2,0.5675796344625421,0.5675796344625421
183.455,0.2,0.3453358418073865,0.3453358418073865
183.46,0.2,0.3013473335880614,0.3013473335880614
183.465,0.2,-0.14879860643338527,-0.14879860643338527
183.47,0.2,-0.14443982485307044,-0.14443982485307044
183.475,0.2,-0.20375421820668815,-0.20375421820668815
183.48,0.2,0.14643840714876727,0.14643840714876727
183.485,0.2,0.44428290171682056,0.44428290171682056
183.49,0.2,0.5873566368508412,0.5873566368508412
183.495,0.2,0.6062323735451325,0.6062323735451325
183.5,0.2,0.2735405877299498,0.2735405877299498
183.505,0.2,-0.09651084284355962,-0.09651084284355962
183.51,0.2,-0.15878228978397438,-0.15878228978397438
183.515,0.2,-0.14472821072063663,-0.14472821072063663
183.52,0.2,0.1832627086721784,0.1832627086721784
183.525,0.2,0.4704968305529999,0.4704968305529999
183.53,0.2,0.6623448487214377,0.6623448487214377
183.535,0.2,0.5226162272118606,0.5226162272118606
183.54,0.2,0.1520416885549702,0.1520416885549702
183.545,0.2,-0.09857478995835221,-0.09857478995835221
183.55,0.2,-0.09887961522227146,-0.09887961522227146
183.555,0.2,-0.06834366657988805,-0.06834366657988805
183.56,0.2,0.22053979770935164,0.22053979770935164
183.565,0.2,0.20051601537300462,0.20051601537300462
183.57,0.2,0.8524294682044429,0.8524294682044429
183.575,0.2,0.2589107594273632,0.2589107594273632
183.58,0.2,0.30666257261076946,0.30666257261076946
183.585,0.2,-0.1519905865887777,-0.1519905865887777
183.59,0.2,-0.2598908523508324,-0.2598908523508324
183.595,0.2,-0.15615856451684235,-0.15615856451684235
183.6,0.2,0.12492778368097074,0.12492778368097074
183.605,0.2,0.34984657813564857,0.34984657813564857
183.61,0.2,0.5056161527987664,0.5056161527987664
183.615,0.2,0.5044736546843366,0.5044736546843366
183.62,0.2,0.13510647287034644,0.13510647287034644
183.625,0.2,-0.09637594363112098,-0.09637594363112098
183.63,0.2,-0.11752695944307456,-0.11752695944307456
183.635,0.2,-0.09330228741631667,-0.09330228741631667
183.64,0.2,0.2644541784127773,0.2644541784127773
183.645,0.2,0.37042105124133634,0.37042105124133634
183.65,0.2,0.6088067314042043,0.6088067314042043
183.655,0.2,0.063334071915427,0.063334071915427
183.66,0.2,0.18899390027535057,0.18899390027535057
183.665,0.2,-0.04176578184495644,-0.04176578184495644
183.67,0.2,0.04805038968604736,0.04805038968604736
183.675,0.2,0.1805957382825372,0.1805957382825372
183.68,0.2,0.2721056931840662,0.2721056931840662
183.685,0.2,0.5323509545544541,0.5323509545544541
183.69,0.2,0.5189968134580186,0.5189968134580186
183.695,0.2,0.4107652691362221,0.4107652691362221
183.7,0.2,-0.010825132208733879,-0.010825132208733879
183.705,0.2,-0.04498489358972298,-0.04498489358972298
183.71,0.2,-0.16565930191887007,-0.16565930191887007
183.715,0.2,0.16048611667386556,0.16048611667386556
183.72,0.2,0.21265241216803366,0.21265241216803366
183.725,0.2,0.5677290260758369,0.5677290260758369
183.73,0.2,0.5702456408742778,0.5702456408742778
183.735,0.2,0.3940726476737074,0.3940726476737074
183.74,0.2,0.16799603527703422,0.16799603527703422
183.745,0.2,-0.10076613772836826,-0.10076613772836826
183.75,0.2,0.11560074444402074,0.11560074444402074
183.755,0.2,-0.18395033724203222,-0.18395033724203222
183.76,0.2,0.1174845259610221,0.1174845259610221
183.765,0.2,0.5497420357008851,0.5497420357008851
183.77,0.2,0.5713053087707484,0.5713053087707484
183.775,0.2,0.38857853031203754,0.38857853031203754
183.78,0.2,0.38230518705127275,0.38230518705127275
183.785,0.2,0.0351165029828021,0.0351165029828021
183.79,0.2,-0.12346905102496401,-0.12346905102496401
183.795,0.2,0.04512315449102987,0.04512315449102987
183.8,0.2,0.3540669970905934,0.3540669970905934
183.805,0.2,0.5051928048953969,0.5051928048953969
183.81,0.2,0.6506682855888131,0.6506682855888131
183.815,0.2,0.47351164308308374,0.47351164308308374
183.82,0.2,0.15257729820964416,0.15257729820964416
183.825,0.2,0.006205478111140653,0.006205478111140653
183.83,0.2,-0.15003113893105754,-0.15003113893105754
183.835,0.2,-0.018758292951856922,-0.018758292951856922
183.84,0.2,0.3280872864297082,0.3280872864297082
183.845,0.2,0.5764732038111203,0.5764732038111203
183.85,0.2,0.7135013545465592,0.7135013545465592
183.855,0.2,0.5468477816404813,0.5468477816404813
183.86,0.2,0.3055286810592721,0.3055286810592721
183.865,0.2,-0.08895963895027986,-0.08895963895027986
183.87,0.2,-0.23999436046399222,-0.23999436046399222
183.875,0.2,-0.2322493132938763,-0.2322493132938763
183.88,0.2,0.2982709909770322,0.2982709909770322
183.885,0.2,0.542856110886768,0.542856110886768
183.89,0.2,0.6423761772537759,0.6423761772537759
183.895,0.2,0.6083356166074839,0.6083356166074839
183.9,0.2,0.4068565134460063,0.4068565134460063
183.905,0.2,-0.03257085172457959,-0.03257085172457959
183.91,0.2,-0.1098916772769738,-0.1098916772769738
183.915,0.2,-0.07693791199754008,-0.07693791199754008
183.92,0.2,0.4043218026838287,0.4043218026838287
183.925,0.2,0.6937367345599311,0.6937367345599311
183.93,0.2,0.7267025869070072,0.7267025869070072
183.935,0.2,0.6191564023360868,0.6191564023360868
183.94,0.2,0.3416027630965021,0.3416027630965021
183.945,0.2,0.15262742260242954,0.15262742260242954
183.95,0.2,-0.12261288764739264,-0.12261288764739264
183.955,0.2,0.052105414383142486,0.052105414383142486
183.96,0.2,0.19601674869599836,0.19601674869599836
183.965,0.2,0.5650348305070427,0.5650348305070427
183.97,0.2,0.6444627682271253,0.6444627682271253
183.975,0.2,0.49042551917796295,0.49042551917796295
183.98,0.2,0.36095072296807124,0.36095072296807124
183.985,0.2,0.05064038448779004,0.05064038448779004
183.99,0.2,-0.2282028253528443,-0.2282028253528443
183.995,0.2,0.14015061887886004,0.14015061887886004
184.0,0.2,0.41463352629925276,0.41463352629925276
184.005,0.2,0.5928830889642076,0.5928830889642076
184.01,0.2,0.7182810190885098,0.7182810190885098
184.015,0.2,0.552744808819175,0.552744808819175
184.02,0.2,0.20056132176976088,0.20056132176976088
184.025,0.2,0.10380482217536324,0.10380482217536324
184.03,0.2,-0.1498612548008843,-0.1498612548008843
184.035,0.2,0.07462654744982325,0.07462654744982325
184.04,0.2,0.27634174739004785,0.27634174739004785
184.045,0.2,0.6447393574784626,0.6447393574784626
184.05,0.2,0.6736330364586356,0.6736330364586356
184.055,0.2,0.47031167159290116,0.47031167159290116
184.06,0.2,0.3287294372427462,0.3287294372427462
184.065,0.2,0.07750231459016593,0.07750231459016593
184.07,0.2,-0.08194139486460342,-0.08194139486460342
184.075,0.2,-0.10461005399078022,-0.10461005399078022
184.08,0.2,0.34637686160232295,0.34637686160232295
184.085,0.2,0.620904443152703,0.620904443152703
184.09,0.2,0.7037963219933309,0.7037963219933309
184.095,0.2,0.4777087211044703,0.4777087211044703
184.1,0.2,0.2905876713061004,0.2905876713061004
184.105,0.2,-0.05367075152318454,-0.05367075152318454
184.11,0.2,-0.14636133482329183,-0.14636133482329183
184.115,0.2,-0.042026209643986956,-0.042026209643986956
184.12,0.2,0.45453351762853833,0.45453351762853833
184.125,0.2,0.6227193670080444,0.6227193670080444
184.13,0.2,0.634514511160355,0.634514511160355
184.135,0.2,0.5336598349406706,0.5336598349406706
184.14,0.2,0.031325394887775304,0.031325394887775304
184.145,0.2,0.15562018105257283,0.15562018105257283
184.15,0.2,-0.2964990465111941,-0.2964990465111941
184.155,0.2,-0.012368637231063712,-0.012368637231063712
184.16,0.2,0.40479562556743254,0.40479562556743254
184.165,0.2,0.5657251429469999,0.5657251429469999
184.17,0.2,0.6249198929510413,0.6249198929510413
184.175,0.2,0.6701623012957327,0.6701623012957327
184.18,0.2,0.24610946201572279,0.24610946201572279
184.185,0.2,-0.006402399402484094,-0.006402399402484094
184.19,0.2,-0.021172425875668546,-0.021172425875668546
184.195,0.2,-0.04968841814237049,-0.04968841814237049
184.2,0.2,0.5315995803703853,0.5315995803703853
184.205,0.2,0.5689847249648291,0.5689847249648291
184.21,0.2,0.7173560120466771,0.7173560120466771
184.215,0.2,0.36534378607046325,0.36534378607046325
184.22,0.2,0.2155067021675489,0.2155067021675489
184.225,0.2,-0.16468447273682307,-0.16468447273682307
184.23,0.2,-0.09739968457800119,-0.09739968457800119
184.235,0.2,0.07550891125055127,0.07550891125055127
184.24,0.2,0.41895482501959175,0.41895482501959175
184.245,0.2,0.32551326002042635,0.32551326002042635
184.25,0.2,0.6025250996710677,0.6025250996710677
184.255,0.2,0.40123546860044923,0.40123546860044923
184.26,0.2,0.08913686742268416,0.08913686742268416
184.265,0.2,-0.07043971288636278,-0.07043971288636278
184.27,0.2,-0.10672938792344563,-0.10672938792344563
184.275,0.2,-0.13114076677647354,-0.13114076677647354
184.28,0.2,0.351760479065499,0.351760479065499
184.285,0.2,0.5011952430751065,0.5011952430751065
184.29,0.2,0.5864623735372295,0.5864623735372295
184.295,0.2,0.5298480517736155,0.5298480517736155
184.3,0.2,0.15294732331556057,0.15294732331556057
184.305,0.2,0.09344765546914804,0.09344765546914804
184.31,0.2,-0.28041160504284524,-0.28041160504284524
184.315,0.2,-0.008185196126086801,-0.008185196126086801
184.32,0.2,0.14827243263087966,0.14827243263087966
184.325,0.2,0.5446612913956008,0.5446612913956008
184.33,0.2,0.5101384040906201,0.5101384040906201
184.335,0.2,0.5931012812995894,0.5931012812995894
184.34,0.2,0.2169278480819077,0.2169278480819077
184.345,0.2,-0.08550414687952784,-0.08550414687952784
184.35,0.2,-0.17718674597533324,-0.17718674597533324
184.355,0.2,-0.08016865563878979,-0.08016865563878979
184.36,0.2,0.12646711549495038,0.12646711549495038
184.365,0.2,0.6017683167262706,0.6017683167262706
184.37,0.2,0.5977516017571614,0.5977516017571614
184.375,0.2,0.5676356583741574,0.5676356583741574
184.38,0.2,0.24580549054427858,0.24580549054427858
184.385,0.2,-0.021265262684545504,-0.021265262684545504
184.39,0.2,-0.07518405515041612,-0.07518405515041612
184.395,-0.2,0.009819836706343323,0.009819836706343323
184.4,-0.2,0.16302492803033686,0.16302492803033686
184.405,-0.2,0.4257393479561127,0.4257393479561127
184.41,-0.2,0.6366365788951874,0.6366365788951874
184.415,-0.2,0.6187260820476398,0.6187260820476398
184.42,-0.2,0.0713765470772996,0.0713765470772996
184.425,-0.2,0.007590547957275609,0.007590547957275609
184.43,-0.2,-0.259792884274184,-0.259792884274184
184.435,-0.2,-0.09623217042411894,-0.09623217042411894
184.44,-0.2,0.13988265077716217,0.13988265077716217
184.445,-0.2,0.5236135186718349,0.5236135186718349
184.45,-0.2,0.699964097956448,0.699964097956448
184.455,-0.2,0.301969953701471,0.301969953701471
184.46,-0.2,0.3530187326489307,0.3530187326489307
184.465,-0.2,-0.08059689321370059,-0.08059689321370059
184.47,-0.2,-0.30208444234028775,-0.30208444234028775
184.475,-0.2,-0.16411449763902525,-0.16411449763902525
184.48,-0.2,0.15297814565896667,0.15297814565896667
184.485,-0.2,0.40800173367724235,0.40800173367724235
184.49,-0.2,0.5756859108960073,0.5756859108960073
184.495,-0.2,0.7067680063920634,0.7067680063920634
184.5,-0.2,0.22227094546395,0.22227094546395
184.505,-0.2,-0.19989604879767706,-0.19989604879767706
184.51,-0.2,-0.24627736201204367,-0.24627736201204367
184.515,-0.2,-0.1026765955605784,-0.1026765955605784
184.52,-0.2,0.15750104016287206,0.15750104016287206
184.525,-0.2,0.5060957192388817,0.5060957192388817
184.53,-0.2,0.6469783975054023,0.6469783975054023
184.535,-0.2,0.46556438807557726,0.46556438807557726
184.54,-0.2,0.2849176606369241,0.2849176606369241
184.545,-0.2,-0.08363906230972207,-0.08363906230972207
184.55,-0.2,-0.2254393927508946,-0.2254393927508946
184.555,-0.2,-0.13008079167269232,-0.13008079167269232
184.56,-0.2,0.4473885800463602,0.4473885800463602
184.565,-0.2,0.47149712644885655,0.47149712644885655
184.57,-0.2,0.46062277851589667,0.46062277851589667
184.575,-0.2,0.516605685337042,0.516605685337042
184.58,-0.2,0.11957730780413377,0.11957730780413377
184.585,-0.2,-0.01865928001686598,-0.01865928001686598
184.59,-0.2,-0.0004952856929188454,-0.0004952856929188454
184.595,-0.2,0.013436068558938603,0.013436068558938603
184.6,-0.2,0.3445242023216199,0.3445242023216199
184.605,-0.2,0.6103015897591432,0.6103015897591432
184.61,-0.2,0.4348777807115788,0.4348777807115788
184.615,-0.2,0.5745076484364623,0.5745076484364623
184.62,-0.2,0.15237582078108852,0.15237582078108852
184.625,-0.2,-0.07922065922959459,-0.07922065922959459
184.63,-0.2,-0.10057477730441433,-0.10057477730441433
184.635,-0.2,0.0877183500180577,0.0877183500180577
184.64,-0.2,0.11576447533236009,0.11576447533236009
184.645,-0.2,0.5382751341047316,0.5382751341047316
184.65,-0.2,0.637322333371803,0.637322333371803
184.655,-0.2,0.5580573403601917,0.5580573403601917
184.66,-0.2,0.07426475622021517,0.07426475622021517
184.665,-0.2,-0.07242739058735345,-0.07242739058735345
184.67,-0.2,-0.1718366389266207,-0.1718366389266207
184.675,-0.2,-0.14464700047324064,-0.14464700047324064
184.68,-0.2,0.44265831755991447,0.44265831755991447
184.685,-0.2,0.3944670246690042,0.3944670246690042
184.69,-0.2,0.6711751274404394,0.6711751274404394
184.695,-0.2,0.48498207302146734,0.48498207302146734
184.7,-0.2,0.20372879930856985,0.20372879930856985
184.705,-0.2,-0.032204471769743455,-0.032204471769743455
184.71,-0.2,-0.12088098959113859,-0.12088098959113859
184.715,-0.2,0.07637706528146768,0.07637706528146768
184.72,-0.2,0.14310691471017123,0.14310691471017123
184.725,-0.2,0.43981979285373096,0.43981979285373096
184.73,-0.2,0.5626375974214757,0.5626375974214757
184.735,-0.2,0.3871270440223068,0.3871270440223068
184.74,-0.2,0.18647766875080035,0.18647766875080035
184.745,-0.2,-0.23893310363737202,-0.23893310363737202
184.75,-0.2,-0.24652884925253646,-0.24652884925253646
184.755,-0.2,-0.10980402187734818,-0.10980402187734818
184.76,-0.2,0.36421883870386473,0.36421883870386473
184.765,-0.2,0.4947176917845668,0.4947176917845668
184.77,-0.2,0.6160493027816013,0.6160493027816013
184.775,-0.2,0.36347982290867537,0.36347982290867537
184.78,-0.2,0.003364907222800362,0.003364907222800362
184.785,-0.2,0.01902166779781242,0.01902166779781242
184.79,-0.2,-0.09874764729819155,-0.09874764729819155
184.795,-0.2,-0.04622914241852196,-0.04622914241852196
184.8,-0.2,0.045640075760690096,0.045640075760690096
184.805,-0.2,0.4429237375483523,0.4429237375483523
184.81,-0.2,0.5786418429170218,0.5786418429170218
184.815,-0.2,0.4669756539558714,0.4669756539558714
184.82,-0.2,0.3485608277611695,0.3485608277611695
184.825,-0.2,0.0242194000840788,0.0242194000840788
184.83,-0.2,-0.4214796217647707,-0.4214796217647707
184.835,-0.2,-0.10405412432266732,-0.10405412432266732
184.84,-0.2,0.12139238530633883,0.12139238530633883
184.845,-0.2,0.48523026139858444,0.48523026139858444
184.85,-0.2,0.41844805703072907,0.41844805703072907
184.855,-0.2,0.4406053753658418,0.4406053753658418
184.86,-0.2,0.2714703543642469,0.2714703543642469
184.865,-0.2,-0.14135133511514103,-0.14135133511514103
184.87,-0.2,-0.13669122228008007,-0.13669122228008007
184.875,-0.2,-0.1807939520603424,-0.1807939520603424
184.88,-0.2,0.15484999886218617,0.15484999886218617
184.885,-0.2,0.4463094702122493,0.4463094702122493
184.89,-0.2,0.5942384803472227,0.5942384803472227
184.895,-0.2,0.5796369771751196,0.5796369771751196
184.9,-0.2,0.22118636569153505,0.22118636569153505
184.905,-0.2,-0.07769300076619044,-0.07769300076619044
184.91,-0.2,-0.2043276973519877,-0.2043276973519877
184.915,-0.2,-0.2156610426414739,-0.2156610426414739
184.92,-0.2,0.16304781995970574,0.16304781995970574
184.925,-0.2,0.391336677351139,0.391336677351139
184.93,-0.2,0.49010751984835693,0.49010751984835693
184.935,-0.2,0.5880543364805559,0.5880543364805559
184.94,-0.2,0.06981623968005757,0.06981623968005757
184.945,-0.2,-0.13898209342333528,-0.13898209342333528
184.95,-0.2,-0.26569901744295543,-0.26569901744295543
184.955,-0.2,-0.03711823068787229,-0.03711823068787229
184.96,-0.2,0.24279146319179312,0.24279146319179312
184.965,-0.2,0.6429403122269527,0.6429403122269527
184.97,-0.2,0.5855157561228387,0.5855157561228387
184.975,-0.2,0.2970683353107922,0.2970683353107922
184.98,-0.2,0.19207509662688063,0.19207509662688063
184.985,-0.2,0.03383886458332458,0.03383886458332458
184.99,-0.2,-0.15641969942911527,-0.15641969942911527
184.995,-0.2,-0.12040022193302298,-0.12040022193302298
185.0,-0.2,0.25203236960753805,0.25203236960753805
185.005,-0.2,0.4959184135731421,0.4959184135731421
185.01,-0.2,0.3614142867720647,0.3614142867720647
185.015,-0.2,0.4440251381351425,0.4440251381351425
185.02,-0.2,0.032024486062574506,0.032024486062574506
185.025,-0.2,0.07741428209246089,0.07741428209246089
185.03,-0.2,-0.1274776135521696,-0.1274776135521696
185.035,-0.2,-0.09355514418566457,-0.09355514418566457
185.04,-0.2,0.15369142385162737,0.15369142385162737
185.045,-0.2,0.5164801278244456,0.5164801278244456
185.05,-0.2,0.6874941134044015,0.6874941134044015
185.055,-0.2,0.42084576436408677,0.42084576436408677
185.06,-0.2,-0.002448003359262957,-0.002448003359262957
185.065,-0.2,-0.12814153234311487,-0.12814153234311487
185.07,-0.2,-0.1467421713155222,-0.1467421713155222
185.075,-0.2,-0.008158059400730881,-0.008158059400730881
185.08,-0.2,0.19395129973953673,0.19395129973953673
185.085,-0.2,0.4096848720663523,0.4096848720663523
185.09,-0.2,0.691015819567052,0.691015819567052
185.095,-0.2,0.4035233592269327,0.4035233592269327
185.1,-0.2,0.15147751510159663,0.15147751510159663
185.105,-0.2,-0.10158555304034647,-0.10158555304034647
185.11,-0.2,-0.1460066063673622,-0.1460066063673622
185.115,-0.2,0.026758077024481408,0.026758077024481408
185.12,-0.2,0.1632185119881206,0.1632185119881206
185.125,-0.2,0.5376116543954895,0.5376116543954895
185.13,-0.2,0.5843406542055212,0.5843406542055212
185.135,-0.2,0.5020920349422449,0.5020920349422449
185.14,-0.2,0.2489531772344889,0.2489531772344889
185.145,-0.2,-0.061353204525239596,-0.061353204525239596
185.15,-0.2,-0.20664354813428434,-0.20664354813428434
185.155,-0.2,-0.04817719737927286,-0.04817719737927286
185.16,-0.2,0.2374746184696043,0.2374746184696043
185.165,-0.2,0.4033012625755741,0.4033012625755741
185.17,-0.2,0.5754017434835637,0.5754017434835637
185.175,-0.2,0.5673310667063333,0.5673310667063333
185.18,-0.2,0.1364943459885781,0.1364943459885781
185.185,-0.2,-0.04054391266971186,-0.04054391266971186
185.19,-0.2,0.021274274998979853,0.021274274998979853
185.195,-0.2,-0.1666636963041206,-0.1666636963041206
185.2,-0.2,-0.04297789577870298,-0.04297789577870298
185.205,-0.2,0.4368312656290986,0.4368312656290986
185.21,-0.2,0.42495552985089324,0.42495552985089324
185.215,-0.2,0.5922398786212737,0.5922398786212737
185.22,-0.2,0.1600695179731636,0.1600695179731636
185.225,-0.2,0.042488969583068706,0.042488969583068706
185.23,-0.2,-0.18138319541823533,-0.18138319541823533
185.235,-0.2,-0.07311375028527982,-0.07311375028527982
185.24,-0.2,0.09878985605848656,0.09878985605848656
185.245,-0.2,0.4311473976882334,0.4311473976882334
185.25,-0.2,0.5270857459202077,0.5270857459202077
185.255,-0.2,0.4377590271373296,0.4377590271373296
185.26,-0.2,0.1395350749694135,0.1395350749694135
185.265,-0.2,0.007694062792072964,0.007694062792072964
185.27,-0.2,-0.4016525671886586,-0.4016525671886586
185.275,-0.2,-0.07344783444936373,-0.07344783444936373
185.28,-0.2,0.05313952898996874,0.05313952898996874
185.285,-0.2,0.37802702975245805,0.37802702975245805
185.29,-0.2,0.5183549720457923,0.5183549720457923
185.295,-0.2,0.3963879941902062,0.3963879941902062
185.3,-0.2,0.059691298929280115,0.059691298929280115
185.305,-0.2,-0.11002876212888664,-0.11002876212888664
185.31,-0.2,-0.17321010811959214,-0.17321010811959214
185.315,-0.2,-0.025480224295726703,-0.025480224295726703
185.32,-0.2,0.2087375755713478,0.2087375755713478
185.325,-0.2,0.5888882905776859,0.5888882905776859
185.33,-0.2,0.539431796708582,0.539431796708582
185.335,-0.2,0.5678726853195014,0.5678726853195014
185.34,-0.2,0.2504409119207164,0.2504409119207164
185.345,-0.2,-0.0728435605432005,-0.0728435605432005
185.35,-0.2,-0.18999216834534852,-0.18999216834534852
185.355,-0.2,-0.017196045092745714,-0.017196045092745714
185.36,-0.2,0.26881947048165133,0.26881947048165133
185.365,-0.2,0.4054250779525095,0.4054250779525095
185.37,-0.2,0.4930734573001945,0.4930734573001945
185.375,-0.2,0.27961428972017,0.27961428972017
185.38,-0.2,0.17308043115240765,0.17308043115240765
185.385,-0.2,0.005105351921663004,0.005105351921663004
185.39,-0.2,-0.19071899985138707,-0.19071899985138707
185.395,-0.2,0.03401050318883431,0.03401050318883431
185.4,-0.2,0.1928280967344166,0.1928280967344166
185.405,-0.2,0.4678160971503209,0.4678160971503209
185.41,-0.2,0.6205695536810323,0.6205695536810323
185.415,-0.2,0.5068167368730733,0.5068167368730733
185.42,-0.2,0.12944543529829333,0.12944543529829333
185.425,-0.2,-0.2466105927439534,-0.2466105927439534
185.43,-0.2,-0.12074845818897498,-0.12074845818897498
185.435,-0.2,-0.18014755675093316,-0.18014755675093316
185.44,-0.2,0.3604571444166813,0.3604571444166813
185.445,-0.2,0.40292959486316926,0.40292959486316926
185.45,-0.2,0.5048963513357756,0.5048963513357756
185.455,-0.2,0.4114548494714806,0.4114548494714806
185.46,-0.2,0.08252588661190852,0.08252588661190852
185.465,-0.2,-0.0026750884670656006,-0.0026750884670656006
185.47,-0.2,-0.1316484672838532,-0.1316484672838532
185.475,-0.2,0.15789381948781056,0.15789381948781056
185.48,-0.2,0.28188235203523154,0.28188235203523154
185.485,-0.2,0.3609031737036183,0.3609031737036183
185.49,-0.2,0.65094026877935,0.65094026877935
185.495,-0.2,0.4042581110624555,0.4042581110624555
185.5,-0.2,-0.015233393548673174,-0.015233393548673174
185.505,-0.2,0.031051627140878807,0.031051627140878807
185.51,-0.2,-0.17329682769883542,-0.17329682769883542
185.515,-0.2,-0.13028998959195798,-0.13028998959195798
185.52,-0.2,0.2323473801746389,0.2323473801746389
185.525,-0.2,0.3268903074769139,0.3268903074769139
185.53,-0.2,0.7458788755774944,0.7458788755774944
185.535,-0.2,0.3885078654260256,0.3885078654260256
185.54,-0.2,0.30671054674784415,0.30671054674784415
185.545,-0.2,0.030249962606556893,0.030249962606556893
185.55,-0.2,-0.14834534518773607,-0.14834534518773607
185.555,-0.2,-0.17335383449966657,-0.17335383449966657
185.56,-0.2,0.2638663123999718,0.2638663123999718
185.565,-0.2,0.5145983737771802,0.5145983737771802
185.57,-0.2,0.47866460984700115,0.47866460984700115
185.575,-0.2,0.4932429102313267,0.4932429102313267
185.58,-0.2,0.3399412155197262,0.3399412155197262
185.585,-0.2,-0.23363048874315762,-0.23363048874315762
185.59,-0.2,-0.025516953953528404,-0.025516953953528404
185.595,-0.2,-0.08514287711011526,-0.08514287711011526
185.6,-0.2,0.27164565439949173,0.27164565439949173
185.605,-0.2,0.5501940286927799,0.5501940286927799
185.61,-0.2,0.6565634418971632,0.6565634418971632
185.615,-0.2,0.4975254804845148,0.4975254804845148
185.62,-0.2,0.07972406750103697,0.07972406750103697
185.625,-0.2,-0.05821469291254598,-0.05821469291254598
185.63,-0.2,-0.24067913911823294,-0.24067913911823294
185.635,-0.2,0.059198255187567106,0.059198255187567106
185.64,-0.2,0.11540225556929398,0.11540225556929398
185.645,-0.2,0.460167595938899,0.460167595938899
185.65,-0.2,0.5794307808182707,0.5794307808182707
185.655,-0.2,0.4866214330970379,0.4866214330970379
185.66,-0.2,0.0341722093903159,0.0341722093903159
185.665,-0.2,-0.013206999671379747,-0.013206999671379747
185.67,-0.2,-0.10600275337594307,-0.10600275337594307
185.675,-0.2,-0.08634500931739872,-0.08634500931739872
185.68,-0.2,0.3410302096663675,0.3410302096663675
185.685,-0.2,0.43804069076317964,0.43804069076317964
185.69,-0.2,0.6278702780343809,0.6278702780343809
185.695,-0.2,0.47485267803622444,0.47485267803622444
185.7,-0.2,0.05201346488774081,0.05201346488774081
185.705,-0.2,0.02932700149201642,0.02932700149201642
185.71,-0.2,0.044100723377656276,0.044100723377656276
185.715,-0.2,-0.01756014449921546,-0.01756014449921546
185.72,-0.2,0.2763235191429433,0.2763235191429433
185.725,-0.2,0.4437477437556902,0.4437477437556902
185.73,-0.2,0.6032903603079538,0.6032903603079538
185.735,-0.2,0.5089563883803786,0.5089563883803786
185.74,-0.2,0.2747181400747522,0.2747181400747522
185.745,-0.2,-0.018434382413184153,-0.018434382413184153
185.75,-0.2,-0.0558093906453508,-0.0558093906453508
185.755,-0.2,0.07337128636979035,0.07337128636979035
185.76,-0.2,0.35821338185400975,0.35821338185400975
185.765,-0.2,0.544087230173992,0.544087230173992
185.77,-0.2,0.6884192250108254,0.6884192250108254
185.775,-0.2,0.42996452666777196,0.42996452666777196
185.78,-0.2,0.2606272508027018,0.2606272508027018
185.785,-0.2,-0.16499539813757755,-0.16499539813757755
185.79,-0.2,-0.11067338561248477,-0.11067338561248477
185.795,-0.2,0.09950766763226858,0.09950766763226858
185.8,-0.2,0.13119189373577791,0.13119189373577791
185.805,-0.2,0.5795015100419139,0.5795015100419139
185.81,-0.2,0.6644268624756796,0.6644268624756796
185.815,-0.2,0.3354000800467249,0.3354000800467249
185.82,-0.2,0.3518929705797141,0.3518929705797141
185.825,-0.2,-0.15047112937793178,-0.15047112937793178
185.83,-0.2,-0.1358494343446686,-0.1358494343446686
185.835,-0.2,0.018120491366833698,0.018120491366833698
185.84,-0.2,0.48190413970572055,0.48190413970572055
185.845,-0.2,0.6408199096101973,0.6408199096101973
185.85,-0.2,0.5040867633752161,0.5040867633752161
185.855,-0.2,0.4299617818102463,0.4299617818102463
185.86,-0.2,0.13995599246414342,0.13995599246414342
185.865,-0.2,-0.1243121386222593,-0.1243121386222593
185.87,-0.2,-0.09230869406501391,-0.09230869406501391
185.875,-0.2,-0.20624593321304813,-0.20624593321304813
185.88,-0.2,0.26761965938771903,0.26761965938771903
185.885,-0.2,0.5270366741143654,0.5270366741143654
185.89,-0.2,0.6340596275270601,0.6340596275270601
185.895,-0.2,0.48309798946987326,0.48309798946987326
185.9,-0.2,0.22438996827804583,0.22438996827804583
185.905,-0.2,-0.11652342838572904,-0.11652342838572904
185.91,-0.2,-0.19034820869849134,-0.19034820869849134
185.915,-0.2,-0.0366195564262599,-0.0366195564262599
185.92,-0.2,0.0626136985228169,0.0626136985228169
185.925,-0.2,0.42922509863738045,0.42922509863738045
185.93,-0.2,0.6241691503348237,0.6241691503348237
185.935,-0.2,0.4264778828209225,0.4264778828209225
185.94,-0.2,0.2069031336222554,0.2069031336222554
185.945,-0.2,-0.10029679095593622,-0.10029679095593622
185.95,-0.2,-0.22792060784674184,-0.22792060784674184
185.955,-0.2,-0.024209951365905986,-0.024209951365905986
185.96,-0.2,0.17528448095867089,0.17528448095867089
185.965,-0.2,0.5045346633470613,0.5045346633470613
185.97,-0.2,0.48548710242214893,0.48548710242214893
185.975,-0.2,0.3929039862025982,0.3929039862025982
185.98,-0.2,0.14249755375907916,0.14249755375907916
185.985,-0.2,-0.037560038528941825,-0.037560038528941825
185.99,-0.2,-0.16588958143147395,-0.16588958143147395
185.995,-0.2,-0.06753397682988613,-0.06753397682988613
186.0,-0.2,0.27299464473814844,0.27299464473814844
186.005,-0.2,0.388213197915087,0.388213197915087
186.01,-0.2,0.6668374499308709,0.6668374499308709
186.015,-0.2,0.5605762408542925,0.5605762408542925
186.02,-0.2,0.1444890137236311,0.1444890137236311
186.025,-0.2,-0.28695738471585086,-0.28695738471585086
186.03,-0.2,0.015217463622290789,0.015217463622290789
186.035,-0.2,0.08548628289069235,0.08548628289069235
186.04,-0.2,0.20860160808327338,0.20860160808327338
186.045,-0.2,0.23284183610536885,0.23284183610536885
186.05,-0.2,0.5886769999783061,0.5886769999783061
186.055,-0.2,0.431770715868527,0.431770715868527
186.06,-0.2,0.18056907256178847,0.18056907256178847
186.065,-0.2,-0.1966441316338605,-0.1966441316338605
186.07,-0.2,-0.12206151451138772,-0.12206151451138772
186.075,-0.2,-0.01769402743847261,-0.01769402743847261
186.08,-0.2,0.36509047572688713,0.36509047572688713
186.085,-0.2,0.5040947984708272,0.5040947984708272
186.09,-0.2,0.6265731088839966,0.6265731088839966
186.095,-0.2,0.35865637295437836,0.35865637295437836
186.1,-0.2,0.20159109382585258,0.20159109382585258
186.105,-0.2,-0.20736741122011926,-0.20736741122011926
186.11,-0.2,-0.10036202319202057,-0.10036202319202057
186.115,-0.2,-0.08010090911665202,-0.08010090911665202
186.12,-0.2,0.1191568019062197,0.1191568019062197
186.125,-0.2,0.5450903157320248,0.5450903157320248
186.13,-0.2,0.6092167988674482,0.6092167988674482
186.135,-0.2,0.4500082630637873,0.4500082630637873
186.14,-0.2,0.12406406217375554,0.12406406217375554
186.145,-0.2,-0.056753440491675675,-0.056753440491675675
186.15,-0.2,-0.15414005640052728,-0.15414005640052728
186.155,-0.2,-0.04015985009606618,-0.04015985009606618
186.16,-0.2,0.2629563631050553,0.2629563631050553
186.165,-0.2,0.48357098149496297,0.48357098149496297
186.17,-0.2,0.5385082696846913,0.5385082696846913
186.175,-0.2,0.5677337197205353,0.5677337197205353
186.18,-0.2,0.060631183601694616,0.060631183601694616
186.185,-0.2,-0.11371494267748725,-0.11371494267748725
186.19,-0.2,-0.17835317631775754,-0.17835317631775754
186.195,-0.2,-0.019076711806653462,-0.019076711806653462
186.2,-0.2,0.11027716321142751,0.11027716321142751
186.205,-0.2,0.6079158368778647,0.6079158368778647
186.21,-0.2,0.6037967499921776,0.6037967499921776
186.215,-0.2,0.3970033681248011,0.3970033681248011
186.22,-0.2,0.24113615708980687,0.24113615708980687
186.225,-0.2,-0.0436458039480777,-0.0436458039480777
186.23,-0.2,-0.193442148800684,-0.193442148800684
186.235,-0.2,-0.14192085735806304,-0.14192085735806304
186.24,-0.2,0.2317587495234404,0.2317587495234404
186.245,-0.2,0.3568183738424544,0.3568183738424544
186.25,-0.2,0.5455433400976245,0.5455433400976245
186.255,-0.2,0.42038343242891646,0.42038343242891646
186.26,-0.2,0.03958924265595734,0.03958924265595734
186.265,-0.2,-0.10057079109896729,-0.10057079109896729
186.27,-0.2,-0.08797559421007231,-0.08797559421007231
186.275,-0.2,-0.0038839123758601934,-0.0038839123758601934
186.28,-0.2,0.13054547307999176,0.13054547307999176
186.285,-0.2,0.49127256035433725,0.49127256035433725
186.29,-0.2,0.7054507968755892,0.7054507968755892
186.295,-0.2,0.35425645662635263,0.35425645662635263
186.3,-0.2,0.12229508819585053,0.12229508819585053
186.305,-0.2,-0.08704579824526466,-0.08704579824526466
186.31,-0.2,-0.15543788937218528,-0.15543788937218528
186.315,-0.2,-0.16889660156518033,-0.16889660156518033
186.32,-0.2,0.27747487696884693,0.27747487696884693
186.325,-0.2,0.456904675422709,0.456904675422709
186.33,-0.2,0.520461094593571,0.520461094593571
186.335,-0.2,0.31471608229686415,0.31471608229686415
186.34,-0.2,0.07060961934630987,0.07060961934630987
186.345,-0.2,0.049471302603837544,0.049471302603837544
186.35,-0.2,-0.1892555321993227,-0.1892555321993227
186.355,-0.2,-0.13140344044441926,-0.13140344044441926
186.36,-0.2,0.09771555416238814,0.09771555416238814
186.365,-0.2,0.5401303139983049,0.5401303139983049
186.37,-0.2,0.5806447147800377,0.5806447147800377
186.375,-0.2,0.4603733230200097,0.4603733230200097
186.38,-0.2,0.09029861670169012,0.09029861670169012
186.385,-0.2,0.02008102140120574,0.02008102140120574
186.39,-0.2,-0.41798279633792845,-0.41798279633792845
186.395,-0.2,-0.15586473761705547,-0.15586473761705547
186.4,-0.2,0.06825015181820768,0.06825015181820768
186.405,-0.2,0.41308549540518363,0.41308549540518363
186.41,-0.2,0.46849176027989886,0.46849176027989886
186.415,-0.2,0.3136977576198325,0.3136977576198325
186.42,-0.2,-0.027529512022980512,-0.027529512022980512
186.425,-0.2,-0.06735660643822614,-0.06735660643822614
186.43,-0.2,-0.20324097209008896,-0.20324097209008896
186.435,-0.2,-0.21020290991410126,-0.21020290991410126
186.44,-0.2,0.046954671921688645,0.046954671921688645
186.445,-0.2,0.2906584574155011,0.2906584574155011
186.45,-0.2,0.588618271389791,0.588618271389791
186.455,-0.2,0.4542264698601288,0.4542264698601288
186.46,-0.2,0.1309756351390387,0.1309756351390387
186.465,-0.2,-0.35379957790234307,-0.35379957790234307
186.47,-0.2,-0.5395550290798221,-0.5395550290798221
186.475,-0.2,-0.12874660111502895,-0.12874660111502895
186.48,-0.2,0.2082589384327802,0.2082589384327802
186.485,-0.2,0.21309384060066636,0.21309384060066636
186.49,-0.2,0.40016949475569463,0.40016949475569463
186.495,-0.2,0.44594673808333246,0.44594673808333246
186.5,-0.2,0.0877961548170827,0.0877961548170827
186.505,-0.2,-0.14603846107053473,-0.14603846107053473
186.51,-0.2,-0.3380272321364614,-0.3380272321364614
186.515,-0.2,-0.18310597348968527,-0.18310597348968527
186.52,-0.2,0.1678700887760755,0.1678700887760755
186.525,-0.2,0.36462266089270057,0.36462266089270057
186.53,-0.2,0.4659273554211371,0.4659273554211371
186.535,-0.2,0.4483896129009806,0.4483896129009806
186.54,-0.2,7.626609493113778e-05,7.626609493113778e-05
186.545,-0.2,-0.14381173739313158,-0.14381173739313158
186.55,-0.2,-0.2085449741173806,-0.2085449741173806
186.555,-0.2,0.06917138051315787,0.06917138051315787
186.56,-0.2,0.2111046033928381,0.2111046033928381
186.565,-0.2,0.2575066469103903,0.2575066469103903
186.57,-0.2,0.6102202808687281,0.6102202808687281
186.575,-0.2,0.4551294719795872,0.4551294719795872
186.58,-0.2,-0.030385351346962713,-0.030385351346962713
186.585,-0.2,-0.19861622363631987,-0.19861622363631987
186.59,-0.2,-0.2030042141398656,-0.2030042141398656
186.595,-0.2,0.1039256156840207,0.1039256156840207
186.6,-0.2,0.1963389760542739,0.1963389760542739
186.605,-0.2,0.550159019762077,0.550159019762077
186.61,-0.2,0.5062345196662897,0.5062345196662897
186.615,-0.2,0.3907436196312132,0.3907436196312132
186.62,-0.2,0.11991169872143453,0.11991169872143453
186.625,-0.2,-0.10411106840861173,-0.10411106840861173
186.63,-0.2,-0.2503958893556415,-0.2503958893556415
186.635,-0.2,0.05692781349254704,0.05692781349254704
186.64,-0.2,0.3996551688147001,0.3996551688147001
186.645,-0.2,0.3395486108235358,0.3395486108235358
186.65,-0.2,0.6798458145792354,0.6798458145792354
186.655,-0.2,0.4335565623333267,0.4335565623333267
186.66,-0.2,0.25134601621104424,0.25134601621104424
186.665,-0.2,0.10824224347203953,0.10824224347203953
186.67,-0.2,-0.16603967086018034,-0.16603967086018034
186.675,-0.2,-0.08834771960916532,-0.08834771960916532
186.68,-0.2,0.02036097432093001,0.02036097432093001
186.685,-0.2,0.33289625536111367,0.33289625536111367
186.69,-0.2,0.6902251637880236,0.6902251637880236
186.695,-0.2,0.6195475378582815,0.6195475378582815
186.7,-0.2,0.06765281993761948,0.06765281993761948
186.705,-0.2,-0.027758522252333127,-0.027758522252333127
186.71,-0.2,-0.11247795949263222,-0.11247795949263222
186.715,-0.2,-0.08476074211049983,-0.08476074211049983
186.72,-0.2,-0.0614847985702682,-0.0614847985702682
186.725,-0.2,0.3036349734432303,0.3036349734432303
186.73,-0.2,0.6184270489512866,0.6184270489512866
186.735,-0.2,0.3501229231936555,0.3501229231936555
186.74,-0.2,0.15455662998343817,0.15455662998343817
186.745,-0.2,-0.23461418111365145,-0.23461418111365145
186.75,-0.2,-0.18252416576268948,-0.18252416576268948
186.755,-0.2,-0.20124032722098117,-0.20124032722098117
186.76,-0.2,0.19279839892004003,0.19279839892004003
186.765,-0.2,0.33097272507054964,0.33097272507054964
186.77,-0.2,0.39171867707993235,0.39171867707993235
186.775,-0.2,0.3062585137947462,0.3062585137947462
186.78,-0.2,0.17222026336377516,0.17222026336377516
186.785,-0.2,-0.22292927561438597,-0.22292927561438597
186.79,-0.2,-0.3337567714792944,-0.3337567714792944
186.795,-0.2,-0.11311294007816156,-0.11311294007816156
186.8,-0.2,0.11624050988437953,0.11624050988437953
186.805,-0.2,0.3568953847122488,0.3568953847122488
186.81,-0.2,0.6342188540471734,0.6342188540471734
186.815,-0.2,0.7036053158267317,0.7036053158267317
186.82,-0.2,0.20226536040470916,0.20226536040470916
186.825,-0.2,-0.005686113209599025,-0.005686113209599025
186.83,-0.2,-0.21619704805598106,-0.21619704805598106
186.835,-0.2,-0.032353096187880626,-0.032353096187880626
186.84,-0.2,0.10638672314079595,0.10638672314079595
186.845,-0.2,0.57470521823265,0.57470521823265
186.85,-0.2,0.5738393518466375,0.5738393518466375
186.855,-0.2,0.2945548076146781,0.2945548076146781
186.86,-0.2,0.027356252847205692,0.027356252847205692
186.865,-0.2,-0.24715688881350262,-0.24715688881350262
186.87,-0.2,-0.05113044616745563,-0.05113044616745563
186.875,-0.2,-0.07430891146555042,-0.07430891146555042
186.88,-0.2,0.2977156053162563,0.2977156053162563
186.885,-0.2,0.4645446333378827,0.4645446333378827
186.89,-0.2,0.4709195270102546,0.4709195270102546
186.895,-0.2,0.25070384270645757,0.25070384270645757
186.9,-0.2,0.13440130690211805,0.13440130690211805
186.905,-0.2,-0.1429703383228633,-0.1429703383228633
186.91,-0.2,-0.22099985629199168,-0.22099985629199168
186.915,-0.2,-0.04678655586736012,-0.04678655586736012
186.92,-0.2,0.011342438991330028,0.011342438991330028
186.925,-0.2,0.43620471876124495,0.43620471876124495
186.93,-0.2,0.42120986529472554,0.42120986529472554
186.935,-0.2,0.3243088443459044,0.3243088443459044
186.94,-0.2,0.22145243358854455,0.22145243358854455
186.945,-0.2,-0.09233170957981454,-0.09233170957981454
186.95,-0.2,-0.2489372996391505,-0.2489372996391505
186.955,-0.2,-0.054261498390902274,-0.054261498390902274
186.96,-0.2,0.17105983820535453,0.17105983820535453
186.965,-0.2,0.4624648462459719,0.4624648462459719
186.97,-0.2,0.524470099026924,0.524470099026924
186.975,-0.2,0.3792910164053801,0.3792910164053801
186.98,-0.2,0.24529913800628228,0.24529913800628228
186.985,-0.2,-0.29803451401644776,-0.29803451401644776
186.99,-0.2,-0.08913896397021404,-0.08913896397021404
186.995,-0.2,-0.05563326060019645,-0.05563326060019645
187.0,-0.2,0.1476028292338778,0.1476028292338778
187.005,-0.2,0.2993640246089587,0.2993640246089587
187.01,-0.2,0.4425669929180009,0.4425669929180009
187.015,-0.2,0.4623151250460132,0.4623151250460132
187.02,-0.2,0.18386865772220456,0.18386865772220456
187.025,-0.2,0.011904195363316536,0.011904195363316536
187.03,-0.2,-0.2120067221966484,-0.2120067221966484
187.035,-0.2,-0.1508700381989247,-0.1508700381989247
187.04,-0.2,0.17584334122780063,0.17584334122780063
187.045,-0.2,0.25357475069474267,0.25357475069474267
187.05,-0.2,0.8087599521116815,0.8087599521116815
187.055,-0.2,0.4974676878541699,0.4974676878541699
187.06,-0.2,0.25352913493279794,0.25352913493279794
187.065,-0.2,-0.09057369100263232,-0.09057369100263232
187.07,-0.2,-0.24004356712915428,-0.24004356712915428
187.075,-0.2,-0.05591531034361628,-0.05591531034361628
187.08,-0.2,0.06429800809164887,0.06429800809164887
187.085,-0.2,0.22026324072038805,0.22026324072038805
187.09,-0.2,0.7203744480484253,0.7203744480484253
187.095,-0.2,0.5920471438129695,0.5920471438129695
187.1,-0.2,0.3129568582765686,0.3129568582765686
187.105,-0.2,-0.14530199379191577,-0.14530199379191577
187.11,-0.2,-0.2782226673325105,-0.2782226673325105
187.115,-0.2,-0.05761766221232077,-0.05761766221232077
187.12,-0.2,0.1423110375968243,0.1423110375968243
187.125,-0.2,0.36294111085115566,0.36294111085115566
187.13,-0.2,0.5959104221979267,0.5959104221979267
187.135,-0.2,0.44427401475247197,0.44427401475247197
187.14,-0.2,0.41079673831235075,0.41079673831235075
187.145,-0.2,-0.18814938028979816,-0.18814938028979816
187.15,-0.2,-0.203353063283111,-0.203353063283111
187.155,-0.2,0.033681059496591115,0.033681059496591115
187.16,-0.2,0.1663680309697508,0.1663680309697508
187.165,-0.2,0.5688350673089331,0.5688350673089331
187.17,-0.2,0.763377111338553,0.763377111338553
187.175,-0.2,0.40342711866165953,0.40342711866165953
187.18,-0.2,0.30322917763282475,0.30322917763282475
187.185,-0.2,0.04074725278119119,0.04074725278119119
187.19,-0.2,0.09487731736131327,0.09487731736131327
187.195,-0.2,-0.002839123931566886,-0.002839123931566886
187.2,-0.2,0.28071020074735714,0.28071020074735714
187.205,-0.2,0.34153747424074693,0.34153747424074693
187.21,-0.2,0.6804262854034091,0.6804262854034091
187.215,-0.2,0.23265848706913508,0.23265848706913508
187.22,-0.2,0.19093899597921762,0.19093899597921762
187.225,-0.2,-0.04509265914026162,-0.04509265914026162
187.23,-0.2,-0.101851719410581,-0.101851719410581
187.235,-0.2,-0.03988579513707479,-0.03988579513707479
187.24,-0.2,0.1219765857480283,0.1219765857480283
187.245,-0.2,0.6015179686206104,0.6015179686206104
187.25,-0.2,0.3506645138505569,0.3506645138505569
187.255,-0.2,0.3253344285641612,0.3253344285641612
187.26,-0.2,0.3958782015953879,0.3958782015953879
187.265,-0.2,-0.16762840995098888,-0.16762840995098888
187.27,-0.2,-0.13069118805475827,-0.13069118805475827
187.275,-0.2,0.14158637311823855,0.14158637311823855
187.28,-0.2,0.24844223740455273,0.24844223740455273
187.285,-0.2,0.39784080230018726,0.39784080230018726
187.29,-0.2,0.43176306775234996,0.43176306775234996
187.295,-0.2,0.747283823436766,0.747283823436766
187.3,-0.2,0.4543624318190378,0.4543624318190378
187.305,-0.2,0.16822913291414934,0.16822913291414934
187.31,-0.2,-0.037575303360217346,-0.037575303360217346
187.315,-0.2,0.1387293359815466,0.1387293359815466
187.32,-0.2,0.29882674693370326,0.29882674693370326
187.325,-0.2,0.48374406696339206,0.48374406696339206
187.33,-0.2,0.723271368462592,0.723271368462592
187.335,-0.2,0.5017779439209445,0.5017779439209445
187.34,-0.2,0.36516328608581194,0.36516328608581194
187.345,-0.2,0.10364143663871574,0.10364143663871574
187.35,-0.2,-0.07342660943354427,-0.07342660943354427
187.355,-0.2,0.0942531967903967,0.0942531967903967
187.36,-0.2,0.3985548495450594,0.3985548495450594
187.365,-0.2,0.7361826527462176,0.7361826527462176
187.37,-0.2,0.8945802927795701,0.8945802927795701
187.375,-0.2,0.7007921124978245,0.7007921124978245
187.38,-0.2,0.3630381961288457,0.3630381961288457
187.385,-0.2,-0.06808465520934107,-0.06808465520934107
187.39,-0.2,-0.13313905675569465,-0.13313905675569465
187.395,-0.2,0.08959008993812359,0.08959008993812359
187.4,-0.2,0.3380552262261497,0.3380552262261497
187.405,-0.2,0.5395107737254534,0.5395107737254534
187.41,-0.2,0.7027318895619672,0.7027318895619672
187.415,-0.2,0.3410275279476404,0.3410275279476404
187.42,-0.2,0.286433735190174,0.286433735190174
187.425,-0.2,0.01995434470869065,0.01995434470869065
187.43,-0.2,-0.09344824503696975,-0.09344824503696975
187.435,-0.2,-0.0358891928963008,-0.0358891928963008
187.44,-0.2,0.29035998507906835,0.29035998507906835
187.445,-0.2,0.7510135680026713,0.7510135680026713
187.45,-0.2,0.5827066007338328,0.5827066007338328
187.455,-0.2,0.45311449198364595,0.45311449198364595
187.46,-0.2,0.24553569213206913,0.24553569213206913
187.465,-0.2,0.0963161349415087,0.0963161349415087
187.47,-0.2,-0.03926997954890013,-0.03926997954890013
187.475,-0.2,0.09857000592950613,0.09857000592950613
187.48,-0.2,0.15732330428555188,0.15732330428555188
187.485,-0.2,0.4657277558331223,0.4657277558331223
187.49,-0.2,0.6090979798807782,0.6090979798807782
187.495,-0.2,0.4015202951649201,0.4015202951649201
187.5,-0.2,0.14059271719816624,0.14059271719816624
187.505,-0.2,-0.1437699621423485,-0.1437699621423485
187.51,-0.2,-0.12633680358179628,-0.12633680358179628
187.515,-0.2,-0.0950412567171023,-0.0950412567171023
187.52,-0.2,0.20923226447681015,0.20923226447681015
187.525,-0.2,0.592326003129142,0.592326003129142
187.53,-0.2,0.43966871948699715,0.43966871948699715
187.535,-0.2,0.356052780181804,0.356052780181804
187.54,-0.2,0.2955126618972969,0.2955126618972969
187.545,-0.2,-0.2917239568929414,-0.2917239568929414
187.55,-0.2,-0.23418186653193218,-0.23418186653193218
187.555,-0.2,-0.15207920016717844,-0.15207920016717844
187.56,-0.2,0.12387646002275265,0.12387646002275265
187.565,-0.2,0.5023765876599229,0.5023765876599229
187.57,-0.2,0.5228166875334664,0.5228166875334664
187.575,-0.2,0.5049226496053687,0.5049226496053687
187.58,-0.2,0.1328245070914678,0.1328245070914678
187.585,-0.2,-0.12980037631695543,-0.12980037631695543
187.59,-0.2,-0.0020463803082125254,-0.0020463803082125254
187.595,-0.2,0.011832294298990548,0.011832294298990548
187.6,-0.2,0.10292130861127777,0.10292130861127777
187.605,-0.2,0.370149319639972,0.370149319639972
187.61,-0.2,0.3609195928616362,0.3609195928616362
187.615,-0.2,0.360917622367765,0.360917622367765
187.62,-0.2,0.12997373460761735,0.12997373460761735
187.625,-0.2,-0.03621167506607514,-0.03621167506607514
187.63,-0.2,-0.1321004499665763,-0.1321004499665763
187.635,-0.2,-0.1132512482389724,-0.1132512482389724
187.64,-0.2,0.13679166369646267,0.13679166369646267
187.645,-0.2,0.4936598769057675,0.4936598769057675
187.65,-0.2,0.6627036882884388,0.6627036882884388
187.655,-0.2,0.5310279897921379,0.5310279897921379
187.66,-0.2,0.13041741460648226,0.13041741460648226
187.665,-0.2,-0.2614585532715754,-0.2614585532715754
187.67,-0.2,-0.2905381144012087,-0.2905381144012087
187.675,-0.2,-0.06939716775907945,-0.06939716775907945
187.68,-0.2,0.17208287575265108,0.17208287575265108
187.685,-0.2,0.40350950065434577,0.40350950065434577
187.69,-0.2,0.4405289171634813,0.4405289171634813
187.695,-0.2,0.371432275172027,0.371432275172027
187.7,-0.2,0.088201677589996,0.088201677589996
187.705,-0.2,-0.16934924480817798,-0.16934924480817798
187.71,-0.2,-0.18628625241192415,-0.18628625241192415
187.715,-0.2,-0.18836674632270423,-0.18836674632270423
187.72,-0.2,0.16951488612174492,0.16951488612174492
187.725,-0.2,0.17138426862999934,0.17138426862999934
187.73,-0.2,0.6675744769323597,0.6675744769323597
187.735,-0.2,0.21711101820362427,0.21711101820362427
187.74,-0.2,0.1559407970842657,0.1559407970842657
187.745,-0.2,-0.0798301696407862,-0.0798301696407862
187.75,-0.2,-0.05909303955057002,-0.05909303955057002
187.755,-0.2,-0.11852026169514665,-0.11852026169514665
187.76,-0.2,0.3477848039930334,0.3477848039930334
187.765,-0.2,0.2673724028538633,0.2673724028538633
187.77,-0.2,0.6173801742391698,0.6173801742391698
187.775,-0.2,0.3880397634317886,0.3880397634317886
187.78,-0.2,0.06403378429922374,0.06403378429922374
187.785,-0.2,-0.059579760815923866,-0.059579760815923866
187.79,-0.2,-0.07124545505618354,-0.07124545505618354
187.795,-0.2,0.1322885281338494,0.1322885281338494
187.8,-0.2,0.023143788646194485,0.023143788646194485
187.805,-0.2,0.4864455692935857,0.4864455692935857
187.81,-0.2,0.47387240114336027,0.47387240114336027
187.815,-0.2,0.316920778773622,0.316920778773622
187.82,-0.2,0.17306659362601648,0.17306659362601648
187.825,-0.2,-0.04365583131760146,-0.04365583131760146
187.83,-0.2,-0.29791368258062123,-0.29791368258062123
187.835,-0.2,0.12191647711400916,0.12191647711400916
187.84,-0.2,-0.054947454719252775,-0.054947454719252775
187.845,-0.2,0.5633417564835456,0.5633417564835456
187.85,-0.2,0.5410218329505712,0.5410218329505712
187.855,-0.2,0.5189594042646721,0.5189594042646721
187.86,-0.2,0.17553524445803595,0.17553524445803595
187.865,-0.2,-0.050130663601111215,-0.050130663601111215
187.87,-0.2,-0.22004788385707133,-0.22004788385707133
187.875,-0.2,-0.11120083128650715,-0.11120083128650715
187.88,-0.2,0.23028660491874609,0.23028660491874609
187.885,-0.2,0.39394438611817695,0.39394438611817695
187.89,-0.2,0.5285402793086839,0.5285402793086839
187.895,-0.2,0.5546146838207958,0.5546146838207958
187.9,-0.2,0.13915043996167997,0.13915043996167997
187.905,-0.2,0.023071252144526364,0.023071252144526364
187.91,-0.2,-0.24258837513208847,-0.24258837513208847
187.915,-0.2,-0.10500352146087033,-0.10500352146087033
187.92,-0.2,0.15421127711803612,0.15421127711803612
187.925,-0.2,0.35310838271963374,0.35310838271963374
187.93,-0.2,0.6504519858524278,0.6504519858524278
187.935,-0.2,0.38093682676687085,0.38093682676687085
187.94,-0.2,0.25943085745458216,0.25943085745458216
187.945,-0.2,-0.08853998228866301,-0.08853998228866301
187.95,-0.2,-0.25701264252679457,-0.25701264252679457
187.955,-0.2,-0.0002815969462446055,-0.0002815969462446055
187.96,-0.2,0.28934305564858626,0.28934305564858626
187.965,-0.2,0.5871366990813564,0.5871366990813564
187.97,-0.2,0.4891763948908713,0.4891763948908713
187.975,-0.2,0.49552772765473907,0.49552772765473907
187.98,-0.2,0.12197599844319237,0.12197599844319237
187.985,-0.2,-0.047584718214232456,-0.047584718214232456
187.99,-0.2,-0.14828602304273603,-0.14828602304273603
187.995,-0.2,-0.008887658731354775,-0.008887658731354775
188.0,-0.2,0.14990104045868546,0.14990104045868546
188.005,-0.2,0.551299780837833,0.551299780837833
188.01,-0.2,0.5791412480813426,0.5791412480813426
188.015,-0.2,0.46127390516896744,0.46127390516896744
188.02,-0.2,0.12480686997602639,0.12480686997602639
188.025,-0.2,0.014544638489676603,0.014544638489676603
188.03,-0.2,-0.08288058853120422,-0.08288058853120422
188.035,-0.2,-0.13495106505208682,-0.13495106505208682
188.04,-0.2,0.3084013015166789,0.3084013015166789
188.045,-0.2,0.5190370621386549,0.5190370621386549
188.05,-0.2,0.6934757217013519,0.6934757217013519
188.055,-0.2,0.3491261178209034,0.3491261178209034
188.06,-0.2,0.1736237421823102,0.1736237421823102
188.065,-0.2,-0.14108439073165377,-0.14108439073165377
188.07,-0.2,-0.1924240068703743,-0.1924240068703743
188.075,-0.2,-0.18392913799990288,-0.18392913799990288
188.08,-0.2,0.3542873392712528,0.3542873392712528
188.085,-0.2,0.635785883620454,0.635785883620454
188.09,-0.2,0.5056475162365434,0.5056475162365434
188.095,-0.2,0.4428112474138135,0.4428112474138135
188.1,-0.2,0.22820490645408795,0.22820490645408795
188.105,-0.2,-0.12281198015260317,-0.12281198015260317
188.11,-0.2,-0.29000824855750995,-0.29000824855750995
188.115,-0.2,-0.10474793379161537,-0.10474793379161537
188.12,-0.2,0.05278926271113962,0.05278926271113962
188.125,-0.2,0.43863993545257407,0.43863993545257407
188.13,-0.2,0.8329881081507327,0.8329881081507327
188.135,-0.2,0.3873025322381417,0.3873025322381417
188.14,-0.2,0.1715341593144262,0.1715341593144262
188.145,-0.2,-0.1407473126012476,-0.1407473126012476
188.15,-0.2,-0.2642091319293919,-0.2642091319293919
188.155,-0.2,0.04617531157044244,0.04617531157044244
188.16,-0.2,0.17082515108436136,0.17082515108436136
188.165,-0.2,0.48822493713974363,0.48822493713974363
188.17,-0.2,0.4334813072375609,0.4334813072375609
188.175,-0.2,0.31851445992584804,0.31851445992584804
188.18,-0.2,-0.04894093528712695,-0.04894093528712695
188.185,-0.2,-0.12433576786089916,-0.12433576786089916
188.19,-0.2,-0.3713235343733833,-0.3713235343733833
188.195,-0.2,-0.08532053383654886,-0.08532053383654886
188.2,-0.2,0.2684024593800671,0.2684024593800671
188.205,-0.2,0.313065490550564,0.313065490550564
188.21,-0.2,0.8978505841790476,0.8978505841790476
188.215,-0.2,0.4202684413854755,0.4202684413854755
188.22,-0.2,0.15979466799884495,0.15979466799884495
188.225,-0.2,-0.07421369485346661,-0.07421369485346661
188.23,-0.2,-0.24383600283225038,-0.24383600283225038
188.235,-0.2,0.022904120894685243,0.022904120894685243
188.24,-0.2,0.19923167407926856,0.19923167407926856
188.245,-0.2,0.6978720110825052,0.6978720110825052
188.25,-0.2,0.3903148039720401,0.3903148039720401
188.255,-0.2,0.5706321579059704,0.5706321579059704
188.26,-0.2,0.1795101047866794,0.1795101047866794
188.265,-0.2,-0.15598232503430579,-0.15598232503430579
188.27,-0.2,-0.28627521931691435,-0.28627521931691435
188.275,-0.2,-0.18291855744553906,-0.18291855744553906
188.28,-0.2,0.11580687919434088,0.11580687919434088
188.285,-0.2,0.4969850581626102,0.4969850581626102
188.29,-0.2,0.7242180975942863,0.7242180975942863
188.295,-0.2,0.556523019907482,0.556523019907482
188.3,-0.2,0.20740703625791468,0.20740703625791468
188.305,-0.2,0.09212723880394116,0.09212723880394116
188.31,-0.2,-0.034369092537953505,-0.034369092537953505
188.315,-0.2,-0.017804901196363382,-0.017804901196363382
188.32,-0.2,0.29740877420802975,0.29740877420802975
188.325,-0.2,0.4240383901518433,0.4240383901518433
188.33,-0.2,0.6045988400558248,0.6045988400558248
188.335,-0.2,0.4880570076984254,0.4880570076984254
188.34,-0.2,0.12696765178855232,0.12696765178855232
188.345,-0.2,-0.15166473204468234,-0.15166473204468234
188.35,-0.2,-0.13892272947732992,-0.13892272947732992
188.355,-0.2,-0.12316412458722725,-0.12316412458722725
188.36,-0.2,0.06622503131480045,0.06622503131480045
188.365,-0.2,0.5846215529481931,0.5846215529481931
188.37,-0.2,0.6099240867061146,0.6099240867061146
188.375,-0.2,0.3267279688942562,0.3267279688942562
188.38,-0.2,0.19373575545269678,0.19373575545269678
188.385,-0.2,-0.13053517465952813,-0.13053517465952813
188.39,-0.2,-0.22675073923165914,-0.22675073923165914
188.395,-0.2,-0.04594401040869778,-0.04594401040869778
188.4,-0.2,0.2716999393975345,0.2716999393975345
188.405,-0.2,0.5275696748665388,0.5275696748665388
188.41,-0.2,0.71183127572077,0.71183127572077
188.415,-0.2,0.4512064448722953,0.4512064448722953
188.42,-0.2,0.12840657747417433,0.12840657747417433
188.425,-0.2,-0.16975567304783742,-0.16975567304783742
188.43,-0.2,-0.262483892594893,-0.262483892594893
188.435,-0.2,-0.1574412161244975,-0.1574412161244975
188.44,-0.2,0.24089792597484835,0.24089792597484835
188.445,-0.2,0.38810074736153216,0.38810074736153216
188.45,-0.2,0.456276976424368,0.456276976424368
188.455,-0.2,0.32058039090037177,0.32058039090037177
188.46,-0.2,0.04626505384804118,0.04626505384804118
188.465,-0.2,-0.002615362582618755,-0.002615362582618755
188.47,-0.2,-0.2802985513891367,-0.2802985513891367
188.475,-0.2,0.006524033512157509,0.006524033512157509
188.48,-0.2,0.17410542797610995,0.17410542797610995
188.485,-0.2,0.42404030969471274,0.42404030969471274
188.49,-0.2,0.608186097688747,0.608186097688747
188.495,-0.2,0.40745495653157576,0.40745495653157576
188.5,-0.2,0.27015169302692754,0.27015169302692754
188.505,-0.2,-0.06627669920191265,-0.06627669920191265
188.51,-0.2,-0.1420292227493607,-0.1420292227493607
188.515,-0.2,-0.021155951632597064,-0.021155951632597064
188.52,-0.2,0.16408946648163916,0.16408946648163916
188.525,-0.2,0.5079528914406002,0.5079528914406002
188.53,-0.2,0.31507844315853845,0.31507844315853845
188.535,-0.2,0.3258639374649763,0.3258639374649763
188.54,-0.2,0.14308141655117015,0.14308141655117015
188.545,-0.2,-0.20837780439007328,-0.20837780439007328
188.55,-0.2,-0.1715785691345516,-0.1715785691345516
188.555,-0.2,-0.12224649809176578,-0.12224649809176578
188.56,-0.2,0.1435763087081341,0.1435763087081341
188.565,-0.2,0.38203997718259525,0.38203997718259525
188.57,-0.2,0.7940863142391741,0.7940863142391741
188.575,-0.2,0.41782621122480246,0.41782621122480246
188.58,-0.2,0.042247615922065315,0.042247615922065315
188.585,-0.2,-0.23224358060128122,-0.23224358060128122
188.59,-0.2,-0.1428155514214244,-0.1428155514214244
188.595,-0.2,0.07442661116125746,0.07442661116125746
188.6,-0.2,0.37221085525515685,0.37221085525515685
188.605,-0.2,0.5005494590305605,0.5005494590305605
188.61,-0.2,0.581455222902679,0.581455222902679
188.615,-0.2,0.5301747586654514,0.5301747586654514
188.62,-0.2,0.07197947969610108,0.07197947969610108
188.625,-0.2,-0.08459820875313218,-0.08459820875313218
188.63,-0.2,-0.18794580047875387,-0.18794580047875387
188.635,-0.2,0.0996945560103639,0.0996945560103639
188.64,-0.2,0.2701905756790648,0.2701905756790648
188.645,-0.2,0.7471131267542914,0.7471131267542914
188.65,-0.2,0.6917773091380923,0.6917773091380923
188.655,-0.2,0.4258895705714502,0.4258895705714502
188.66,-0.2,0.24684642824939693,0.24684642824939693
188.665,-0.2,-0.09473805704268827,-0.09473805704268827
188.67,-0.2,-0.004259185634536616,-0.004259185634536616
188.675,-0.2,0.012671012196839686,0.012671012196839686
188.68,-0.2,0.4523687870183755,0.4523687870183755
188.685,-0.2,0.5182081161924775,0.5182081161924775
188.69,-0.2,0.5322942630796751,0.5322942630796751
188.695,-0.2,0.3543986286624678,0.3543986286624678
188.7,-0.2,0.1696049291735262,0.1696049291735262
188.705,-0.2,0.02044764084534967,0.02044764084534967
188.71,-0.2,-0.12611523844434602,-0.12611523844434602
188.715,-0.2,-0.0474135800340362,-0.0474135800340362
188.72,-0.2,0.23032783015417463,0.23032783015417463
188.725,-0.2,0.762834814934046,0.762834814934046
188.73,-0.2,0.5721176160392506,0.5721176160392506
188.735,-0.2,0.4215443959489874,0.4215443959489874
188.74,-0.2,0.10408204399817028,0.10408204399817028
188.745,-0.2,-0.13244998085098555,-0.13244998085098555
188.75,-0.2,-0.18740152486760867,-0.18740152486760867
188.755,-0.2,-0.0876947658483232,-0.0876947658483232
188.76,-0.2,0.20072839344088522,0.20072839344088522
188.765,-0.2,0.6056915046155824,0.6056915046155824
188.77,-0.2,0.7145499582544166,0.7145499582544166
188.775,-0.2,0.47647525575831945,0.47647525575831945
188.78,-0.2,0.20275030412385023,0.20275030412385023
188.785,-0.2,0.02072177123743725,0.02072177123743725
188.79,-0.2,-0.3475042324138855,-0.3475042324138855
188.795,-0.2,-0.03136511700638718,-0.03136511700638718
188.8,-0.2,0.16245921467851898,0.16245921467851898
188.805,-0.2,0.5699312018636526,0.5699312018636526
188.81,-0.2,0.715253869819856,0.715253869819856
188.815,-0.2,0.3055993728380244,0.3055993728380244
188.82,-0.2,0.17429788969370572,0.17429788969370572
188.825,-0.2,-0.07584816887654977,-0.07584816887654977
188.83,-0.2,-0.13113175517609005,-0.13113175517609005
188.835,-0.2,0.06660009626184948,0.06660009626184948
188.84,-0.2,0.2644943178165354,0.2644943178165354
188.845,-0.2,0.4258822642621378,0.4258822642621378
188.85,-0.2,0.6485034588971021,0.6485034588971021
188.855,-0.2,0.5306410000636621,0.5306410000636621
188.86,-0.2,-0.0648632335746307,-0.0648632335746307
188.865,-0.2,-0.15963200298231017,-0.15963200298231017
188.87,-0.2,-0.2263708740220483,-0.2263708740220483
188.875,-0.2,0.019481913972338755,0.019481913972338755
188.88,-0.2,0.12213360203907166,0.12213360203907166
188.885,-0.2,0.45693118981834485,0.45693118981834485
188.89,-0.2,0.6577419990499458,0.6577419990499458
188.895,-0.2,0.574867758957021,0.574867758957021
188.9,-0.2,0.22173230265863186,0.22173230265863186
188.905,-0.2,-0.17345881835276405,-0.17345881835276405
188.91,-0.2,-0.31313186823320427,-0.31313186823320427
188.915,-0.2,-0.1468848706018883,-0.1468848706018883
188.92,-0.2,0.43664588295461354,0.43664588295461354
188.925,-0.2,0.43699903250311717,0.43699903250311717
188.93,-0.2,0.6222859414992068,0.6222859414992068
188.935,-0.2,0.5669812802829846,0.5669812802829846
188.94,-0.2,0.17233413996685248,0.17233413996685248
188.945,-0.2,-0.1667334883081843,-0.1667334883081843
188.95,-0.2,-0.20423665259924234,-0.20423665259924234
188.955,-0.2,-0.1453752169046972,-0.1453752169046972
188.96,-0.2,0.3375625820045615,0.3375625820045615
188.965,-0.2,0.5300386696106056,0.5300386696106056
188.97,-0.2,0.5838548041227187,0.5838548041227187
188.975,-0.2,0.41316406663194244,0.41316406663194244
188.98,-0.2,0.3789163926742115,0.3789163926742115
188.985,-0.2,-0.13911118432267647,-0.13911118432267647
188.99,-0.2,-0.047528768407765334,-0.047528768407765334
188.995,-0.2,-0.01628117124375311,-0.01628117124375311
189.0,-0.2,0.4314407932167721,0.4314407932167721
189.005,-0.2,0.547960314817703,0.547960314817703
189.01,-0.2,0.7146236304652244,0.7146236304652244
189.015,-0.2,0.5669131735043264,0.5669131735043264
189.02,-0.2,0.29532559702003003,0.29532559702003003
189.025,-0.2,0.02147760321477027,0.02147760321477027
189.03,-0.2,-0.12202015784767996,-0.12202015784767996
189.035,-0.2,-0.08182254701149608,-0.08182254701149608
189.04,-0.2,0.42481812418690507,0.42481812418690507
189.045,-0.2,0.4538196115627352,0.4538196115627352
189.05,-0.2,0.7037124064917695,0.7037124064917695
189.055,-0.2,0.49392285672317154,0.49392285672317154
189.06,-0.2,0.33826387649529666,0.33826387649529666
189.065,-0.2,0.01923117135475569,0.01923117135475569
189.07,-0.2,-0.131319010666731,-0.131319010666731
189.075,-0.2,0.025864709706447518,0.025864709706447518
189.08,-0.2,0.31799049658157935,0.31799049658157935
189.085,-0.2,0.5982024519211374,0.5982024519211374
189.09,-0.2,0.7267040853193667,0.7267040853193667
189.095,-0.2,0.5138772440539026,0.5138772440539026
189.1,-0.2,0.4393607335358414,0.4393607335358414
189.105,-0.2,-0.2374783347326845,-0.2374783347326845
189.11,-0.2,-0.2583496413122747,-0.2583496413122747
189.115,-0.2,6.302848587594334e-05,6.302848587594334e-05
189.12,-0.2,0.3835414508201605,0.3835414508201605
189.125,-0.2,0.47682448808001565,0.47682448808001565
189.13,-0.2,0.723364195789432,0.723364195789432
189.135,-0.2,0.7472337105477018,0.7472337105477018
189.14,-0.2,0.3047102871159081,0.3047102871159081
189.145,-0.2,0.06487211810991445,0.06487211810991445
189.15,-0.2,-0.14734484724833613,-0.14734484724833613
189.155,-0.2,0.10276671434271144,0.10276671434271144
189.16,-0.2,0.38657364247771087,0.38657364247771087
189.165,-0.2,0.7231341795426609,0.7231341795426609
189.17,-0.2,0.8142752049274491,0.8142752049274491
189.175,-0.2,0.48169683804407,0.48169683804407
189.18,-0.2,0.28838525404118315,0.28838525404118315
189.185,-0.2,0.07116410670197809,0.07116410670197809
189.19,-0.2,0.03246651009545344,0.03246651009545344
189.195,-0.2,0.07435527695873743,0.07435527695873743
189.2,-0.2,0.3556805023411059,0.3556805023411059
189.205,-0.2,0.6909870134621137,0.6909870134621137
189.21,-0.2,0.4809513991241063,0.4809513991241063
189.215,-0.2,0.7104703050181069,0.7104703050181069
189.22,-0.2,0.2817927904307359,0.2817927904307359
189.225,-0.2,0.1048198464525629,0.1048198464525629
189.23,-0.2,-0.01178369179182348,-0.01178369179182348
189.235,-0.2,0.10327977894687353,0.10327977894687353
189.24,-0.2,0.47595778036099146,0.47595778036099146
189.245,-0.2,0.6981094516266542,0.6981094516266542
189.25,-0.2,0.6489880017087652,0.6489880017087652
189.255,-0.2,0.6806231135516378,0.6806231135516378
189.26,-0.2,0.18123680926433855,0.18123680926433855
189.265,-0.2,-0.05777125794696493,-0.05777125794696493
189.27,-0.2,0.011835514557579474,0.011835514557579474
189.275,-0.2,0.12747328428620053,0.12747328428620053
189.28,-0.2,0.4552273101539503,0.4552273101539503
189.285,-0.2,0.7043977180267809,0.7043977180267809
189.29,-0.2,0.5961803592722601,0.5961803592722601
189.295,-0.2,0.5041581479810042,0.5041581479810042
189.3,-0.2,0.29556536612742995,0.29556536612742995
189.305,-0.2,-0.07409865566172344,-0.07409865566172344
189.31,-0.2,-0.1936261369182465,-0.1936261369182465
189.315,-0.2,0.13298380702768386,0.13298380702768386
189.32,-0.2,0.3458521893892464,0.3458521893892464
189.325,-0.2,0.5938130014578521,0.5938130014578521
189.33,-0.2,0.5422375514952599,0.5422375514952599
189.335,-0.2,0.6119901925903338,0.6119901925903338
189.34,-0.2,0.18928878013813702,0.18928878013813702
189.345,-0.2,-0.044115543393745626,-0.044115543393745626
189.35,-0.2,-0.03991737609055619,-0.03991737609055619
189.355,-0.2,0.25305005010284154,0.25305005010284154
189.36,-0.2,0.3605683801651958,0.3605683801651958
189.365,-0.2,0.5597766181905072,0.5597766181905072
189.37,-0.2,0.85119081800988,0.85119081800988
189.375,-0.2,0.5612351896334796,0.5612351896334796
189.38,-0.2,0.30956242323380545,0.30956242323380545
189.385,-0.2,0.10692491551993405,0.10692491551993405
189.39,-0.2,-0.20452876260697786,-0.20452876260697786
