t,reference,measured,noisy
76.175,0.2,1.3002410256886399e-05,0.4162239464947459
76.18,0.2,9.796030072166009e-05,-0.023193237764753297
76.185,0.2,0.0003537664911671097,-0.31764708947644094
76.19,0.2,0.0008361427050227612,-0.14541791487871877
76.195,0.2,0.001488139289180093,-0.23648790226406807
76.2,0.2,0.0021600183598647475,0.06701043548273568
76.205,0.2,0.0026860823557710834,0.16765528878772043
76.21,0.2,0.0029733750239981315,0.4307633205223992
76.215,0.2,0.003066623329497421,0.26674742487702796
76.22,0.2,0.0031465316497623973,0.11482210447582825
76.225,0.2,0.00345075816989975,-0.13543002510142538
76.23,0.2,0.00416161565313815,-0.2551651229055558
76.235,0.2,0.005327346831101277,-0.12800937654371455
76.24,0.2,0.006862046107154918,0.01847560807092065
76.245,0.2,0.008622188655517993,0.3394378402857914
76.25,0.2,0.010513264667480222,0.3656239947086339
76.255,0.2,0.012553621439607561,0.06078165059648313
76.26,0.2,0.014840246606120787,-0.07710708582476447
76.265,0.2,0.017451689673141833,-0.08168177846546122
76.27,0.2,0.020373986230919617,-0.326777242184204
76.275,0.2,0.023473037818798417,-0.24939092197709295
76.28,0.2,0.026510954341982498,0.10979832345670668
76.285,0.2,0.029227674269181814,0.2253202070509711
76.29,0.2,0.03145321943649634,0.3202419649344402
76.295,0.2,0.03316900202739655,0.22700362567849908
76.3,0.2,0.03448699735704311,0.03710257727854886
76.305,0.2,0.03556943563325226,-0.14669095307192714
76.31,0.2,0.036537848354281595,-0.06753182394235557
76.315,0.2,0.03742633418478636,-0.1237969983494779
76.32,0.2,0.03819328911462491,0.04889385320390907
76.325,0.2,0.03877271401409533,0.2840550083049872
76.33,0.2,0.039147524310628457,0.3619197725026183
76.335,0.2,0.03941107769411313,0.4216247090881784
76.34,0.2,0.03976538827654365,-0.09285990956869604
76.345,0.2,0.040429830808761266,-0.2416147620415945
76.35,0.2,0.0415115653107916,-0.2926108927624782
76.355,0.2,0.042948277228674614,0.10303405290068782
76.36,0.2,0.044570215970779974,0.07564724928378858
76.365,0.2,0.04621569260739702,0.4214290593246446
76.37,0.2,0.047826783115782624,0.517469739452907
76.375,0.2,0.04949616511460926,0.28789228115245047
76.38,0.2,0.051436212115582504,0.14353090084734052
76.385,0.2,0.05388100182008413,0.06322513883487334
76.39,0.2,0.05698378915335458,-0.32299497089580936
76.395,0.2,0.060743980430656035,-0.16610664136447217
76.4,0.2,0.06499558637377953,0.18300556770115675
76.405,0.2,0.06948993251917132,0.17930738702400145
76.41,0.2,0.07402399007020871,0.6894125888022546
76.415,0.2,0.07853297158364896,0.23449917356934669
76.42,0.2,0.08309580862872823,0.256946166594309
76.425,0.2,0.08785129893118122,-0.02332666913211459
76.43,0.2,0.09289034276339908,-0.11833129769933379
76.435,0.2,0.09817822710169605,-0.3555432992769957
76.44,0.2,0.103528139793285,0.13359901633716162
76.445,0.2,0.10866492167580541,0.37311879494912314
76.45,0.2,0.11336423091009036,0.482467617256159
76.455,0.2,0.11755941752960782,0.3573212624947294
76.46,0.2,0.12133608523941768,0.08425139154569569
76.465,0.2,0.1248396920873119,0.06911898059366639
76.47,0.2,0.12817864460524686,-0.006644218934822366
76.475,0.2,0.1313786533643593,-0.01838760360842189
76.48,0.2,0.13438800352948943,0.1633976843609866
76.485,0.2,0.137120574499996,0.2597791575554709
76.49,0.2,0.13952415078934902,0.5173416049275783
76.495,0.2,0.14164348284545303,0.4255352937714155
76.5,0.2,0.14363608028205785,0.287692216068383
76.505,0.2,0.1457171626489615,0.0453346014815932
76.51,0.2,0.1480594049019255,-0.1321927249085239
76.515,0.2,0.15070341147116093,-0.18770741547606018
76.52,0.2,0.1535283092354212,0.042816140141249764
76.525,0.2,0.15631350722457327,0.48028089923571315
76.53,0.2,0.15887334361873306,0.5571994836739896
76.535,0.2,0.16117264580820562,0.4326960249644497
76.54,0.2,0.16333225178242755,0.18755279694081783
76.545,0.2,0.16552762751597058,-0.1413894976789815
76.55,0.2,0.16786003771945962,-0.05932473656143745
76.555,0.2,0.1702871425512774,-0.04882467647578047
76.56,0.2,0.17264885138413302,0.2305840889265086
76.565,0.2,0.17475924457639577,0.41139914881003853
76.57,0.2,0.17650425321152186,0.32015516045676723
76.575,0.2,0.17789258603956798,0.5768723180161139
76.58,0.2,0.17904949334065864,0.1709255935223074
76.585,0.2,0.1801544056763491,-0.07923664585103707
76.59,0.2,0.1813305726736931,-0.14894398963296526
76.595,0.2,0.18255721524952548,-0.12727080459904966
76.6,0.2,0.1836710683636369,0.09556090198355122
76.605,0.2,0.1844481656091449,0.3342204867376742
76.61,0.2,0.18471407323972008,0.3620349022213765
76.615,0.2,0.18442207634539345,0.4568101241928123
76.62,0.2,0.18365597052255017,-0.04062678177644696
76.625,0.2,0.18254953409020513,-0.09567484043494542
76.63,0.2,0.18118130885215353,0.04881578003581549
76.635,0.2,0.17954068988379795,0.09087319571419272
76.64,0.2,0.17757433303776374,0.1809209634669115
76.645,0.2,0.1752532984062991,0.5100396143834651
76.65,0.2,0.17263616794795353,0.4384258682918774
76.655,0.2,0.16990631365805417,0.49112941336489946
76.66,0.2,0.16734704310275567,0.1636282279318833
76.665,0.2,0.16525692218880672,0.07310118849415921
76.67,0.2,0.16384953910619407,-0.07836843010504878
76.675,0.2,0.16319020659894334,-0.022778758089271083
76.68,0.2,0.16320065233458608,0.21595316980936877
76.685,0.2,0.16372633789775695,0.23448983599609216
76.69,0.2,0.16462163381247358,0.37648535605065486
76.695,0.2,0.16580223837935415,0.2645362332333627
76.7,0.2,0.16724566324461124,0.1393534032126089
76.705,0.2,0.16894320744953736,-0.10337855189707049
76.71,0.2,0.1708246354845354,-0.26547810984165837
76.715,0.2,0.17270478879741327,0.00906641730584648
76.72,0.2,0.17431392885644495,0.35581235191449
76.725,0.2,0.17541055719315393,0.30882694084758744
76.73,0.2,0.17587981163571106,0.3219248075811182
76.735,0.2,0.1757542716387022,0.5339894938783027
76.74,0.2,0.17518856854252313,0.14338680954133995
76.745,0.2,0.17439287594582992,-0.1817091851672017
76.75,0.2,0.17351589454627755,-0.17868080336039452
76.755,0.2,0.1725563677319143,-0.11052719291293352
76.76,0.2,0.17138394866979,0.30142575857894205
76.765,0.2,0.16984628445554123,0.24998967394574736
76.77,0.2,0.16787365321442396,0.3878736244851915
76.775,0.2,0.16552147872981218,0.39615145349850434
76.78,0.2,0.16295583215825288,0.19833088306374372
76.785,0.2,0.16039100433231804,-0.11384034150478459
76.79,0.2,0.1579875066015925,-0.189279921735157
76.795,0.2,0.1557729800605446,-0.007743854333783091
76.8,0.2,0.15365478295238694,0.2040942274641864
76.805,0.2,0.1515125776911289,0.34519254415852063
76.81,0.2,0.1493036043918468,0.6396627548256385
76.815,0.2,0.14713137151986966,0.4810937634728039
76.82,0.2,0.14524405207965985,0.28856130553197384
76.825,0.2,0.14395123729522633,0.14400551446534013
76.83,0.2,0.14351302182250827,0.10093477118880773
76.835,0.2,0.14406612644211783,-0.08227173570938828
76.84,0.2,0.14559965796952656,0.11357889781361206
76.845,0.2,0.14799193411860712,0.5792999287144618
76.85,0.2,0.15111660364089327,0.5186506417743555
76.855,0.2,0.15494234441902288,0.47782362301525516
76.86,0.2,0.15953332382724192,0.1572171075710018
76.865,0.2,0.1649560872827052,-0.09109759754458162
76.87,0.2,0.17116784762951062,-0.06777532132639064
76.875,0.2,0.1779628559641825,-0.03674354430259169
76.88,0.2,0.18500254805919994,0.04648541664948144
76.885,0.2,0.1918968476010421,0.3217664491743962
76.89,0.2,0.19830698101099317,0.5720044670497231
76.895,0.2,0.20403945858943748,0.39433832547419684
76.9,0.2,0.20906767145744376,0.19790481971794419
76.905,0.2,0.21345605674927046,-0.004643175889398115
76.91,0.2,0.21724605906750216,-0.1792575331022136
76.915,0.2,0.22037937300278335,-0.009772524799312895
76.92,0.2,0.2227042624122341,0.2577669382424485
76.925,0.2,0.22406807030012063,0.544961098581507
76.93,0.2,0.22443795091448096,0.6068562838039915
76.935,0.2,0.22396373898204838,0.39094299178980374
76.94,0.2,0.22294098306194657,0.347590913582661
76.945,0.2,0.22170709353998147,-0.0093853517312965
76.95,0.2,0.22053026882552773,0.005743578373591948
76.955,0.2,0.2195401552040458,0.06340028870440755
76.96,0.2,0.21873602399614914,0.2808286519422275
76.965,0.2,0.2180627878034569,0.42064147036991323
76.97,0.2,0.21750691803250496,0.7024328800386185
76.975,0.2,0.21716146623972193,0.3310150063346293
76.98,0.2,0.21720564696765937,0.08595913374160585
76.985,0.2,0.21779803574750187,0.009066514066978025
76.99,0.2,0.218965480630635,-0.3117061666683233
76.995,0.2,0.2205494853091941,-0.13489816447539454
77.0,0.2,0.2222337766200859,0.3178530564325147
77.005,0.2,0.22366840223655718,0.47061475581830337
77.01,0.2,0.22462586142606472,0.6239470400206688
77.015,0.2,0.22508272232811422,0.46284556072166905
77.02,0.2,0.22518624526024433,0.0900246459530796
77.025,0.2,0.22513483855368355,0.016164497032882558
77.03,0.2,0.22505417830595986,-0.0010011358080853489
77.035,0.2,0.2249447163683853,-0.04890616396041343
77.04,0.2,0.22470111612286855,0.17727973083536536
77.045,0.2,0.22418018992784972,0.4795768569048748
77.05,0.2,0.2233029811219009,0.6061187082520205
77.055,0.2,0.2221330279460518,0.3603429862134524
77.06,0.2,0.22086052584130902,0.21936247316673121
77.065,0.2,0.21970370212841658,0.008319524107194793
77.07,0.2,0.21880432544053302,-0.023257813941752456
77.075,0.2,0.21817161769761947,-0.09647757425994846
77.08,0.2,0.21768401056420456,0.07302620167001664
77.085,0.2,0.21714637289908661,0.36826055901087873
77.09,0.2,0.21639340037827776,0.5838611511289944
77.095,0.2,0.21538396382103728,0.27758267883718624
77.1,0.2,0.21420761485956702,0.2407209374954244
77.105,0.2,0.21300590561232904,0.08504396371774356
77.11,0.2,0.21188297344316406,-0.09402972292922676
77.115,0.2,0.21084872937366939,0.006138622084446195
77.12,0.2,0.2098156170996166,0.24547130352584712
77.125,0.2,0.20866408397883757,0.40511807249432386
77.13,0.2,0.20733599350638096,0.45736844268487675
77.135,0.2,0.20588393745790023,0.2878079787093749
77.14,0.2,0.20444331298324378,0.13047372736091345
77.145,0.2,0.2031544568122026,0.07063822534222539
77.15,0.2,0.2020852660087786,-0.2345754504185923
77.155,0.2,0.20118048053768972,-0.08182533190945983
77.16,0.2,0.20026823178730008,0.32782462361896064
77.165,0.2,0.19915471203589263,0.45203951749614235
77.17,0.2,0.1977520628624674,0.5775101275238425
77.175,0.2,0.19613770553071724,0.30378927784693494
77.18,0.2,0.19450574444164198,0.04901431511357007
77.185,0.2,0.19304840219493508,-0.07911690555414055
77.19,0.2,0.19185013423459374,-0.058251211591751256
77.195,0.2,0.19085951194480358,0.0784713772135768
77.2,0.2,0.18993981275836913,0.2563051266077016
77.205,0.2,0.1889544133508313,0.3013419506995735
77.21,0.2,0.18783836682323254,0.4624340016204834
77.215,0.2,0.18663456753769403,0.4451151838228106
77.22,0.2,0.18548472968087817,0.11246031941524054
77.225,0.2,0.18455633369243382,-0.12508970997460406
77.23,0.2,0.18393850788038882,0.06300279172899573
77.235,0.2,0.1835963655491082,0.029954624175751343
77.24,0.2,0.1834092072605245,0.19231939268626866
77.245,0.2,0.18324370099258297,0.427849984225362
77.25,0.2,0.18303413095199358,0.6136524864463775
77.255,0.2,0.18284948339558177,0.5667148847451984
77.26,0.2,0.18289531377483792,0.1947892261622807
77.265,0.2,0.18342003404337137,-0.05541877594304969
77.27,0.2,0.1845816466572687,0.019859708937696202
77.275,0.2,0.18638007015388003,0.11922148135981298
77.28,0.2,0.1886935565242183,0.29087096667056767
77.285,0.2,0.19136467080444744,0.3093849499781328
77.29,0.2,0.19426968819562607,0.37376269626187797
77.295,0.2,0.19735307213054173,0.5340564623837474
77.3,0.2,0.20063165934581315,0.10879700842272963
77.305,0.2,0.20414672110215543,-0.04560415460033573
77.31,0.2,0.20786767569615885,-0.19957872128422033
77.315,0.2,0.21162820253479284,0.11060720379000402
77.32,0.2,0.21516585377317166,0.364406110836906
77.325,0.2,0.2182371113193355,0.3596093486286434
77.33,0.2,0.22071356322311947,0.4783546957132411
77.335,0.2,0.2226151099433493,0.6354937753832487
77.34,0.2,0.22410231023935837,0.3430602980890497
77.345,0.2,0.22541911005826876,0.038135727756290476
77.35,0.2,0.22677867731229095,-0.003952363989180918
77.355,0.2,0.22826588531949427,0.028723974524859232
77.36,0.2,0.2298254746787007,0.13194983606186156
77.365,0.2,0.23132705314805577,0.4933968036405026
77.37,0.2,0.23266518372433406,0.47141327926824633
77.375,0.2,0.23383761728312266,0.4799124223488212
77.38,0.2,0.23494833916319766,0.2121832739207615
77.385,0.2,0.23614189517981607,0.22094617050904067
77.39,0.2,0.23752206161403092,-0.04523984871796312
77.395,0.2,0.23908886764385448,-0.14192376828281866
77.4,0.2,0.24071210025378464,0.17901397465629773
77.405,0.2,0.24217984681351679,0.4494814816991893
77.41,0.2,0.24331670184760293,0.5414069832061819
77.415,0.2,0.2440801827224658,0.41478175145552204
77.42,0.2,0.24455978855161933,0.20134394113540258
77.425,0.2,0.24489377661014775,0.059306650635075495
77.43,0.2,0.24516757967879185,-0.14657974689822956
77.435,0.2,0.245348502509338,0.016335113692000875
77.44,0.2,0.2452893780931109,0.13602214943152796
77.445,0.2,0.24480557111741433,0.5085042986471023
77.45,0.2,0.24378120694528554,0.3532158777935659
77.455,0.2,0.2422334061926992,0.5034480045432114
77.46,0.2,0.24030405300623128,0.27599362710070896
77.465,0.2,0.23819506365032933,-0.02415058930098086
77.47,0.2,0.23606896572181565,-0.09806887691553341
77.475,0.2,0.23396709367454316,0.014262092911039036
77.48,0.2,0.2318122874915772,0.2738951503681398
77.485,0.2,0.2294935286979244,0.3800594565011373
77.49,0.2,0.2269645962208192,0.506101628674424
77.495,0.2,0.22429647869250863,0.4017998701480758
77.5,0.2,0.22166680707002132,0.3748107975163497
77.505,0.2,0.21930097990527744,0.10099378702501931
77.51,0.2,0.21738340086737848,-0.17989902646932082
77.515,0.2,0.2159666820062892,-0.0851377908898063
77.52,0.2,0.21493795191174322,0.05500865917096742
77.525,0.2,0.21408406559908308,0.4711611664662548
77.53,0.2,0.21322259558416784,0.5656452291181054
77.535,0.2,0.21231276746526415,0.5228664369563089
77.54,0.2,0.2114761806070454,0.40225337005081296
77.545,0.2,0.210920374473504,-0.09001796675819185
77.55,0.2,0.21080965600950796,-0.03563919707667826
77.555,0.2,0.2111624946122602,-0.07408389594312763
77.56,0.2,0.21183925514197666,0.03699783331657586
77.565,0.2,0.21261136273004438,0.4078401448560209
77.57,0.2,0.21327674989691567,0.6542635010895654
77.575,0.2,0.21376651545086345,0.30156553079186066
77.58,0.2,0.21415735764086094,0.2945735889783801
77.585,0.2,0.21458761755123204,0.10638010409309093
77.59,0.2,0.21515521216296524,-0.2323692688940471
77.595,0.2,0.21584059376936798,-0.022751347115712254
77.6,0.2,0.2164984035101097,0.39641935035536935
77.605,0.2,0.21695499763336126,0.47126554164457374
77.61,0.2,0.2171364681825065,0.546008210693144
77.615,0.2,0.21711992903079952,0.4097823932611159
77.62,0.2,0.2170941817662747,0.26839041690431986
77.625,0.2,0.2172694968034945,-0.015691734852009906
77.63,0.2,0.21777856524751013,-0.009546171285494925
77.635,0.2,0.2186195423387245,0.07948341338477781
77.64,0.2,0.21967872589752363,0.3313475885184397
77.645,0.2,0.220816342218917,0.423581587543737
77.65,0.2,0.22195589793173662,0.5072627529557047
77.655,0.2,0.22312338310614124,0.3198311724120238
77.66,0.2,0.22441696092004712,0.16164680595502423
77.665,0.2,0.22592583561886614,-0.07020335918861888
77.67,0.2,0.22764827983321445,0.015087877977900246
77.675,0.2,0.2294614025763818,0.01378349373442762
77.68,0.2,0.23115718998216564,0.23552575782017043
77.685,0.2,0.2325233417557793,0.48164958297428084
77.69,0.2,0.23343922538445985,0.6099828535516272
77.695,0.2,0.23393813921180107,0.36756142292243105
77.7,0.2,0.23417996813793618,0.11936767887533016
77.705,0.2,0.23435001726942856,0.2065617348947546
77.71,0.2,0.23456853649348647,-0.06346737594658375
77.715,0.2,0.23485703205059155,0.21421183830110768
77.72,0.2,0.23515829258759202,0.26577071916554634
77.725,0.2,0.23539785011085734,0.3936669707358661
77.73,0.2,0.23555247024692852,0.5718800257039596
77.735,0.2,0.2356888484211649,0.33207413209026265
77.74,0.2,0.23594643236750013,0.21547541576013474
77.745,0.2,0.2364653613176386,0.08244697889776542
77.75,0.2,0.23730647581528927,-0.09292810118600714
77.755,0.2,0.23840363092973774,-0.04856967459926563
77.76,0.2,0.23957479605173246,0.40430949242786196
77.765,0.2,0.24061391939170837,0.5103385689101108
77.77,0.2,0.24141326010023617,0.578836230035931
77.775,0.2,0.24202308101452066,0.5129914336479648
77.78,0.2,0.242618235812457,0.19025885362605252
77.785,0.2,0.24340017094080954,0.07278006704381526
77.79,0.2,0.24448628503800798,-0.10275145822293874
77.795,0.2,0.24584486857669882,0.009196857046729774
77.8,0.2,0.24730713308143662,0.20760594647076305
77.805,0.2,0.2486479094767399,0.36459601255199314
77.81,0.2,0.24969090832097932,0.557993554908698
77.815,0.2,0.25037767043521125,0.24702856198663783
77.82,0.2,0.2507557728447671,0.1981461498252103
77.825,0.2,0.25089772381786896,-0.09556289104185155
77.83,0.2,0.25081483049187114,0.028910182052832245
77.835,0.2,0.25042518355208937,0.0807764518343903
77.84,0.2,0.24959264560560618,0.3395069661881758
77.845,0.2,0.24820457572069354,0.2852333690329132
77.85,0.2,0.24623621382499258,0.5373194329528703
77.855,0.2,0.2437754620147261,0.2812717354271883
77.86,0.2,0.2409953370199387,0.10537476027423423
77.865,0.2,0.23807610054918535,0.052320835554298714
77.87,0.2,0.23512193388701683,-0.20365460392416576
77.875,0.2,0.23211575386375644,-0.008191364714449322
77.88,0.2,0.22893429997248263,0.21212590660326447
77.885,0.2,0.2254361054791454,0.5546727597679073
77.89,0.2,0.22157824770025153,0.44833669858234515
77.895,0.2,0.2174699276268796,0.279073810189603
77.9,0.2,0.21332184249633113,0.12290694235346612
77.905,0.2,0.2093441928384979,0.03787687133782955
77.91,0.2,0.20566851847072012,0.007027979056114159
77.915,0.2,0.20231551018569396,-0.15422579743163897
77.92,0.2,0.19919759840350185,0.1291902519022132
77.925,0.2,0.19617093302922065,0.4942106648509793
77.93,0.2,0.19314342249401706,0.5359760612877997
77.935,0.2,0.19016795189034244,0.5085513278097384
77.94,0.2,0.18743760233509987,0.11044391940501391
77.945,0.2,0.1851777442785239,-0.18741052388330637
77.95,0.2,0.18350397915311578,-0.1884949671186621
77.955,0.2,0.18234678641138874,-0.013472189296693401
77.96,0.2,0.1814911634475833,0.1202227361003197
77.965,0.2,0.18068881184962743,0.47371370649518313
77.97,0.2,0.1797791671752919,0.5577013041029351
77.975,0.2,0.17876604330709106,0.41559487199536044
77.98,0.2,0.17779843600412681,0.05705158430258972
77.985,0.2,0.17706538320114584,0.16070911265686127
77.99,0.2,0.1766917473387503,-0.08238084115381594
77.995,0.2,0.17669098427834826,-0.01644440408729402
78.0,0.2,0.17696465266825426,0.025816294073038926
78.005,0.2,0.17734279457185917,0.28352517141523115
78.01,0.2,0.17766378821891754,0.4417837978927174
78.015,0.2,0.17785164740520484,0.24658471928597114
78.02,0.2,0.17793089323352168,0.21630455773845234
78.025,0.2,0.1779757265996403,0.10020219829034743
78.03,0.2,0.17804347098864423,-0.07936336131829635
78.035,0.2,0.17812782034687466,0.09921124775845733
78.04,0.2,0.1781573809883446,0.21629622816706198
78.045,0.2,0.17805316071925856,0.4873371416710892
78.05,0.2,0.17781238305716335,0.5675929849120781
78.055,0.2,0.1775604669908223,0.41580793827115864
78.06,0.2,0.17752899381426923,0.27182644638279063
78.065,0.2,0.17796562824806947,-0.03569421072131729
78.07,0.2,0.1790206249270882,-0.23541971471806988
78.075,0.2,0.18066497040085203,-0.05109587210558091
78.08,0.2,0.18270037121986452,0.2829835565498072
78.085,0.2,0.18487628520765767,0.5850864005780284
78.09,0.2,0.1870329759999858,0.3991060243355654
78.095,0.2,0.1891609896068753,0.3907034611410304
78.1,0.2,0.19135535608427917,0.16003297742978861
78.105,0.2,0.1937237608477741,0.011853421513241081
78.11,0.2,0.19630273018787495,-0.03297532776645737
78.115,0.2,0.19901154629928608,-0.10656280136676674
78.12,0.2,0.2016616487233448,0.22418983144815563
78.125,0.2,0.20402910349421793,0.46220948407704243
78.13,0.2,0.2059568130324511,0.2566026145534239
78.135,0.2,0.20740645973538285,0.3795670841435025
78.14,0.2,0.20843976370296116,0.3440461637325244
78.145,0.2,0.20917540890786865,0.07404083559267843
78.15,0.2,0.2097293289678579,-0.03175986897314555
78.155,0.2,0.21014604862062614,0.007724906371655162
78.16,0.2,0.2103744574287604,0.119329151102806
78.165,0.2,0.2103129721836456,0.3935922321016006
78.17,0.2,0.20988983818072066,0.3162033359561208
78.175,0.2,0.20911747991734073,0.30958895188063185
78.18,0.2,0.2080786678041446,-0.01670615926943486
78.185,0.2,0.20685566607944744,-0.05672633544971326
78.19,0.2,0.2054534430849588,-0.19305899613521654
78.195,0.2,0.20376441185664745,-0.11517778347403412
78.2,0.2,0.20159842839075665,0.30136009708860334
78.205,0.2,0.1987760433844131,0.29857506285270496
78.21,0.2,0.19523116950608158,0.454900681240768
78.215,0.2,0.1910610128914248,0.5490028385906426
78.22,0.2,0.18651715530363333,0.2846809926969625
78.225,0.2,0.1819332851773753,-0.13594447007934046
78.23,0.2,0.17759077603377854,-0.2067707360000256
78.235,0.2,0.17360821607871163,0.03886818443109804
78.24,0.2,0.1699452709321458,0.06850386551970947
78.245,0.2,0.16649542634976483,0.3717783235231607
78.25,0.2,0.16319043120498808,0.4750203102895166
78.255,0.2,0.16007437273998054,0.5035424147435343
78.26,0.2,0.15731377764368748,0.15147382314365515
78.265,0.2,0.15511937073824308,-0.12047340360859621
78.27,0.2,0.15362256137426739,-0.0701048271791988
78.275,0.2,0.15280628978286012,0.09407201373473151
78.28,0.2,0.15253285371234826,-0.014496367187866593
78.285,0.2,0.15261430867418307,0.30206584334917647
78.29,0.2,0.15288540730870706,0.4720054861854329
78.295,0.2,0.1532733728392401,0.3493067351027857
78.3,0.2,0.15381742830646797,0.16946348141370765
78.305,0.2,0.15460995536331398,0.0825745393874516
78.31,0.2,0.15570741226061668,-0.18127455935489808
78.315,0.2,0.15706627492252842,0.0105089115005857
78.32,0.2,0.15854216909002086,0.243993411839103
78.325,0.2,0.15995693188466156,0.11297057265367944
78.33,0.2,0.16117567794804893,0.47215086374616116
78.335,0.2,0.16215328985842792,0.34091907927352294
78.34,0.2,0.162947083175821,0.23676703067965557
78.345,0.2,0.16367248676863466,-0.09263488171048369
78.35,0.2,0.16440737209359302,-0.18538265377654892
78.355,0.2,0.16511413763689262,-0.013365270629302938
78.36,0.2,0.16564856449773321,0.24070469922689486
78.365,0.2,0.16585425074479265,0.4310952194423421
78.37,0.2,0.16567325205800848,0.5560223439061662
78.375,0.2,0.1652040801650161,0.4244378831060889
78.38,0.2,0.16468027718879402,0.31295132533120074
78.385,0.2,0.1643817180202461,-0.060621548763990854
78.39,0.2,0.1645190007077447,-0.06339522867169337
78.395,0.2,0.16516239082972473,0.2938115576794152
78.4,0.2,0.16626789128581596,0.09088670629799346
78.405,0.2,0.16775622814946875,0.48137208680751664
78.41,0.2,0.16958025961469558,0.4427101017381129
78.415,0.2,0.1717711210180418,0.5476485484164891
78.42,0.2,0.17444352081120026,0.20617952826973454
78.425,0.2,0.17773155290494277,-0.04503832995252039
78.43,0.2,0.18168566697249108,0.02376923125795613
78.435,0.2,0.18620592850999496,-0.18748405706539026
78.44,0.2,0.1910543853028343,0.3704044945565418
78.445,0.2,0.1959483113488783,0.5429009303213167
78.45,0.2,0.20068976263961746,0.44760879175950935
78.455,0.2,0.2052387573278522,0.6567401858505202
78.46,0.2,0.20969950550262872,0.3488802900477118
78.465,0.2,0.21424334485135652,-0.11115290502857107
78.47,0.2,0.21897673303350682,-0.21685710476872555
78.475,0.2,0.22382621391878404,-0.04931574765821913
78.48,0.2,0.22853822832010573,0.06964179976949028
78.485,0.2,0.23278425572501338,0.40794010863212893
78.49,0.2,0.23629210947828877,0.4391001338194292
78.495,0.2,0.23893721404411755,0.47659850700393425
78.5,0.2,0.24074994748635858,0.0627222054085178
78.505,0.2,0.24183805454757162,0.10261101958710912
78.51,0.2,0.2422816518084993,-0.22062860955851116
78.515,0.2,0.24206382698863288,-0.05578032835257335
78.52,0.2,0.24106818293595256,0.14949936935640093
78.525,0.2,0.2391536103469022,0.4605372895563912
78.53,0.2,0.23627009922679154,0.5357124911248796
78.535,0.2,0.23253251349236576,0.3351390723722071
78.54,0.2,0.22819291115177517,0.09538067565627702
78.545,0.2,0.2235313658061566,-0.06426804129471735
78.55,0.2,0.21874433984281613,-0.10348587246278436
78.555,0.2,0.21389794812773305,0.07357907117339196
78.56,0.2,0.20896085201507933,0.17100057774322777
78.565,0.2,0.20388905951633915,0.5319094896775673
78.57,0.2,0.19872110469510432,0.538742869520082
78.575,0.2,0.19363756244952354,0.5480585946013565
78.58,0.2,0.18893794278065962,0.036695569659832394
78.585,0.2,0.184931964040923,0.08417539886557646
78.59,0.2,0.1818223074500564,0.028565408620669114
78.595,0.2,0.17965471547334047,-0.15423589903051238
78.6,0.2,0.1783340113128731,0.3475322004097477
78.605,0.2,0.17769168128059776,0.24776322941390824
78.61,0.2,0.1775735947363333,0.24849771209245386
78.615,0.2,0.17788579320796707,0.449201853813845
78.62,0.2,0.17859289122871988,0.05416588072648157
78.625,0.2,0.17967991895132998,-0.026410750153526105
78.63,0.2,0.18108185273392943,-0.09192988510397568
78.635,0.2,0.1826361795775883,-0.059595156704511626
78.64,0.2,0.1841038246714315,0.2646515817165878
78.645,0.2,0.1852480401677234,0.32028851823651494
78.65,0.2,0.18592693551917974,0.5206815052024538
78.655,0.2,0.1861486495855504,0.4449342995215189
78.66,0.2,0.18605764008363002,0.084669577653583
78.665,0.2,0.18584602673689482,-0.023521156877954374
78.67,0.2,0.18563535297169836,-0.2312541348306873
78.675,0.2,0.1854066009543119,0.013660354905953093
78.68,0.2,0.18502152029975205,0.19215618406934087
78.685,0.2,0.1843139108266346,0.25091693563840656
78.69,0.2,0.18318446999213162,0.4701172767319933
78.695,0.2,0.18165155638426528,0.29859003380319055
78.7,0.2,0.17984443638091818,0.2219848867100611
78.705,0.2,0.17794659533105173,0.17525790240420983
78.71,0.2,0.17612742643193965,0.015511700035038087
78.715,0.2,0.17449017662136238,-0.06265273303419172
78.72,0.2,0.17304863606127094,0.24621937322776094
78.725,0.2,0.1717567292277281,0.20213933416445273
78.73,0.2,0.1705734176454759,0.3502938025175476
78.735,0.2,0.16951343126878,0.4659588332854817
78.74,0.2,0.1686650715119977,0.19778237620140912
78.745,0.2,0.1681567078814069,-0.027951011898958544
78.75,0.2,0.16807353144782827,-0.01561604679839143
78.755,0.2,0.16839270156108715,-0.013330337480511094
78.76,0.2,0.16899144094438523,0.22640454127775517
78.765,0.2,0.16971113150420344,0.22785395280363263
78.77,0.2,0.1704315756191203,0.4645101693055089
78.775,0.2,0.17111999252917723,0.2925585159695816
78.78,0.2,0.17183480809626858,0.3140513140089205
78.785,0.2,0.1726778142915448,-0.09627638180504144
78.79,0.2,0.17371279229293757,-0.012720770182965968
78.795,0.2,0.17491120314888892,0.24959979656281447
78.8,0.2,0.17617840236812118,0.162672755035939
78.805,0.2,0.17742766573918403,0.5096939609820017
78.81,0.2,0.17864480887107687,0.4994481048187121
78.815,0.2,0.17992295299935993,0.4210633763463489
78.82,0.2,0.18143960106289636,0.148026331488864
78.825,0.2,0.1833745878075683,0.14120543110477343
78.83,0.2,0.1858273159212661,0.015725224624929313
78.835,0.2,0.18877674568386393,-0.04408996570590051
78.84,0.2,0.19208808289779566,0.29060855847194156
78.845,0.2,0.1955770765324621,0.5135175570016297
78.85,0.2,0.19910870784671406,0.321002342486414
78.855,0.2,0.202648968062294,0.4494953577338774
78.86,0.2,0.20623984252119945,0.14119054313405532
78.865,0.2,0.20993096075256337,-0.06016148955004863
78.87,0.2,0.21369792617256989,-0.07097843902580753
78.875,0.2,0.21739348526986593,-0.048105663886964654
78.88,0.2,0.22077300948713507,0.2644192702553546
78.885,0.2,0.2235829799364309,0.3701241950257668
78.89,0.2,0.22566275468271496,0.5287311061494275
78.895,0.2,0.22700609544773634,0.47541640909576743
78.9,0.2,0.22774906598455283,0.10461160266267301
78.905,0.2,0.22808316181610708,0.06687726286166304
78.91,0.2,0.22814581657763308,-0.10816739002805419
78.915,0.2,0.22795967011065388,0.04676746581737862
78.92,0.2,0.22744762853857617,0.22480322283493076
78.925,0.2,0.2265095537417461,0.45011550462931554
78.93,0.2,0.2251177921975521,0.5157197140825361
78.935,0.2,0.22337330171258765,0.4199260598809903
78.94,0.2,0.22148468410169586,0.1404269225660289
78.945,0.2,0.21967510021401485,-0.10539957389717518
78.95,0.2,0.21806965537190928,-0.12044856507940466
78.955,0.2,0.21663195966389412,-0.1745646769360575
78.96,0.2,0.21518248709362414,0.18375191454461354
78.965,0.2,0.2134933288528404,0.4707478347345052
78.97,0.2,0.21142019283266394,0.5470042107455065
78.975,0.2,0.20898980389701088,0.4115056461217158
78.98,0.2,0.2063855502347946,0.3025472921456972
78.985,0.2,0.20385314496689133,-0.07415346061246293
78.99,0.2,0.20157860562860677,-0.193055092220598
78.995,0.2,0.1995942685881357,-0.12357278414326131
79.0,0.2,0.1977735203612158,0.20913408341350856
79.005,0.2,0.19593112680796937,0.5590610813743454
79.01,0.2,0.19396532003580758,0.4999223097293815
79.015,0.2,0.1919408897717465,0.5229148305101567
79.02,0.2,0.19007045703791905,0.3383854872260259
79.025,0.2,0.18862756533451353,0.08861586301144436
79.03,0.2,0.18783956994646894,0.04311037554184405
79.035,0.2,0.18780850276874414,0.03118280015522893
79.04,0.2,0.18849870137127653,0.18828381268753508
79.045,0.2,0.18978636911026947,0.2812547123212981
79.05,0.2,0.19153896977397175,0.5630018791979894
79.055,0.2,0.19368637970626784,0.31352195725053944
79.06,0.2,0.1962403811617514,0.37630613303625127
79.065,0.2,0.19924665191656926,-0.08436116404095395
79.07,0.2,0.20269605719946354,-0.12022787790078432
79.075,0.2,0.2064542382673076,0.08714300608672343
79.08,0.2,0.2102739674391008,0.15513048903864154
79.085,0.2,0.21388171208285167,0.35877647068708335
79.09,0.2,0.217069111304998,0.42301860205134456
79.095,0.2,0.2197489775126381,0.47324207161621856
79.1,0.2,0.2219594339151941,0.178754855459582
79.105,0.2,0.22380100374857925,-0.06983026136916187
79.11,0.2,0.2253296976451386,-0.17649917852711294
79.115,0.2,0.22647951805456012,-0.028636170421727968
79.12,0.2,0.22707225573400447,0.09273464330925436
79.125,0.2,0.22689891558442712,0.2911379939571396
79.13,0.2,0.225822718230398,0.6209030446908198
79.135,0.2,0.22386249237928757,0.3994965205165039
79.14,0.2,0.22120247426650358,0.17098548999510538
79.145,0.2,0.21809969390619383,-0.11837504696866448
79.15,0.2,0.21475541399716272,0.010316697134398534
79.155,0.2,0.21124760049441502,-0.09128372736069111
79.16,0.2,0.20754791867284228,0.2081534324341
79.165,0.2,0.20359066098072418,0.28832765290063317
79.17,0.2,0.19935874312901508,0.534117026412698
79.175,0.2,0.19494226061691194,0.20094945492613922
79.18,0.2,0.190517661082078,-0.0011035463192804185
79.185,0.2,0.18625621227825104,0.03844602440215596
79.19,0.2,0.18224318561698816,-0.13468096326852547
79.195,0.2,0.178458158544216,0.07885261345072966
79.2,0.2,0.17481164967062254,0.29377588361498885
79.205,0.2,0.17122979324684276,0.5615159485742005
79.21,0.2,0.16774031356860608,0.24579796353085365
79.215,0.2,0.16448912822972153,0.4812897383238824
79.22,0.2,0.16168826737994135,0.06656331948502642
79.225,0.2,0.15953716255338315,0.00982327857881199
79.23,0.2,0.1581432396732732,-0.03632965265278143
79.235,0.2,0.15748056405548327,-0.014039023375289506
79.24,0.2,0.15740948117789286,0.12349349282602115
79.245,0.2,0.15774403616653349,0.46845583925771833
79.25,0.2,0.15834666620916643,0.47197773319222786
79.255,0.2,0.15919865991765444,0.3836400944527887
79.26,0.2,0.16038685799609215,0.09181288532381612
79.265,0.2,0.1620117709781501,-0.08896320535379645
79.27,0.2,0.16408075583695636,-0.19307846269819828
79.275,0.2,0.166454990875713,0.02064949595254882
79.28,0.2,0.1688845251187143,0.1758676120975839
79.285,0.2,0.17110249064053043,0.21968382141115306
79.29,0.2,0.1729113974404581,0.36980796329704524
79.295,0.2,0.17423224916578675,0.5085255271954084
79.3,0.2,0.1751179659242536,0.16534259433600332
79.305,0.2,0.1757060151065593,-0.016219188237018414
79.31,0.2,0.17611001842672339,-0.2725724629513214
79.315,0.2,0.176323396712173,-0.06860238218264963
79.32,0.2,0.17621087208292588,0.09652192821620592
79.325,0.2,0.17558537964918938,0.12834964621191788
79.33,0.2,0.17430291333091202,0.40109035725183595
79.335,0.2,0.17232588739076182,0.263417944348795
79.34,0.2,0.1697335900815636,0.08467802977478481
79.345,0.2,0.16666859073957438,0.017939174829022617
79.35,0.2,0.16325976744913823,-0.016543424265522022
79.355,0.2,0.15957441253800447,-0.17870085873706817
79.36,0.2,0.15560655932868442,0.09646690306332323
79.365,0.2,0.15130950255862344,0.27773624290991844
79.37,0.2,0.14667685485794119,0.4919416318689331
79.375,0.2,0.1418168035795256,0.2497957486583698
79.38,0.2,0.13694644188026836,0.07791337525487282
79.385,0.2,0.13230392146684394,-0.08599249858901546
79.39,0.2,0.1280466936769529,-0.19699970673929867
79.395,0.2,0.12420207043988292,0.06254930532625212
79.4,0.2,0.1206983992396661,0.21027035337055364
79.405,0.2,0.11745506886720171,0.3636608686557988
79.41,0.2,0.11446450509638137,0.31014763432202297
79.415,0.2,0.11181776345635223,0.36005881534873896
79.42,0.2,0.10967875199940653,0.1918920648315518
79.425,0.2,0.10822334095194075,-0.10407503179690468
79.43,0.2,0.10754989792925516,-0.27900357169773404
79.435,0.2,0.10760422998879081,-0.03045747338748582
79.44,0.2,0.10818306008160328,-0.08767755616934973
79.445,0.2,0.10901291360810575,0.2799884351660457
79.45,0.2,0.10985028141810743,0.2895788564884766
79.455,0.2,0.1105566597887824,0.2596945963718981
79.46,0.2,0.11110728215473996,0.011010691121782941
79.465,0.2,0.11152399324947562,-0.22441129668169268
79.47,0.2,0.11178018434992339,-0.20232267640603807
79.475,0.2,0.11174990272080601,-0.09660604673019041
79.48,0.2,0.11123566919965246,0.0231904582557214
79.485,0.2,0.11004689721330567,0.2556760403543548
79.49,0.2,0.10808683819028764,0.43575662258711556
79.495,0.2,0.10540917373567003,0.13434682613564605
79.5,0.2,0.10219719660136574,0.05576765135940484
79.505,0.2,0.09866587985896863,-0.31449022042369335
79.51,0.2,0.09495150176441199,-0.21698505522335695
79.515,0.2,0.09105583754549526,-0.2268030217298109
79.52,0.2,0.08687569579384931,0.17770793973053
79.525,0.2,0.08229767289231509,0.14715799090484688
79.53,0.2,0.07729337273212854,0.31354640091477415
79.535,0.2,0.07196195948645305,0.25670871995652755
79.54,0.2,0.06651269920969341,0.05991382746314664
79.545,0.2,0.061192482427347164,-0.2605795980409041
79.55,0.2,0.05618009144602267,-0.2550066384843598
79.555,0.2,0.05151651935726449,-0.1070953983153274
79.56,0.2,0.04712546619633642,0.0140260827450535
79.565,0.2,0.04289595064062041,0.1585482726255627
79.57,0.2,0.03876096708308211,0.14210714988195827
79.575,0.2,0.034741909891671904,0.422868247545477
79.58,0.2,0.030960715220339496,0.050681928052963454
79.585,0.2,0.02759575955666125,-0.2985392188435401
79.59,0.2,0.024766391744045834,-0.4414740957083838
79.595,0.2,0.022432493560727067,-0.08170053400986921
79.6,0.2,0.020415845817464372,0.07248592347006298
79.605,0.2,0.01851641550327817,0.12702209972018857
79.61,0.2,0.016610595031014416,0.17983808644070381
79.615,0.2,0.014677296212396156,0.03537760910252685
79.62,0.2,0.012767864339535875,-0.014828382868455873
79.625,0.2,0.010942772935422094,-0.3759426266974002
79.63,0.2,0.009194597885897039,-0.3548106356683592
79.635,0.2,0.007398546267783886,-0.26766175528917735
79.64,0.2,0.005331222793405361,-0.21402469791951428
79.645,0.2,0.002745570992016248,0.09494658107245375
79.65,0.2,-0.0005332289219176383,0.2974335809709975
79.655,0.2,-0.004523705917474537,0.21277162614524048
79.66,0.2,-0.009074951169521266,-0.1262306438577935
79.665,0.2,-0.013952453744705136,-0.19997728519090713
79.67,0.2,-0.018957673623114586,-0.33233372231858027
79.675,0.2,-0.023991029315646388,-0.02309774483131158
79.68,0.2,-0.029029237760287506,-0.05446920661306685
79.685,0.2,-0.03405651535237954,0.16465744120172124
79.69,0.2,-0.03900878835166128,0.031911831985528105
79.695,0.2,-0.04375330081690804,0.3108524193514468
79.7,0.2,-0.04809759704838302,-0.14811447007714643
79.705,0.2,-0.051844379995808855,-0.3554007675034216
79.71,0.2,-0.05489289101870561,-0.44894865938759004
79.715,0.2,-0.057315995260228035,-0.4480075799696632
79.72,0.2,-0.059347335769303865,-0.09833770436529922
79.725,0.2,-0.06127900658966741,0.19934545497757095
79.73,0.2,-0.06332244470371431,0.20926876083671617
79.735,0.2,-0.06551661229487579,0.29275064646840676
79.74,0.2,-0.06772792441791221,0.06798701894862866
79.745,0.2,-0.06973011362969961,-0.3282458448429411
79.75,0.2,-0.0713339490987119,-0.4004343806828688
79.755,0.2,-0.07249850318194435,-0.41264100640553125
79.76,0.2,-0.07335098464834287,-0.1795376877176611
79.765,0.2,-0.07411162831121916,0.036548867830239376
79.77,0.2,-0.0749722232951087,0.33220319889894834
79.775,0.2,-0.07598942982267232,0.2171326739394474
79.78,0.2,-0.07705696591684255,-0.019147823628381022
79.785,0.2,-0.07798020105263144,-0.22098329806703676
79.79,0.2,-0.0785958066356399,-0.28234836689054366
79.795,0.2,-0.0788589615004018,-0.4882376830071439
79.8,0.2,-0.07886146105262758,0.06603999692464306
79.805,0.2,-0.07876730794133772,-0.006274280399494403
79.81,0.2,-0.07870448034465365,0.2124412433225024
79.815,0.2,-0.07869435022520947,0.13525309022702378
79.82,0.2,-0.07865786709930365,-0.23869443207568722
79.825,0.2,-0.07849537069524688,-0.38233400462958567
79.83,0.2,-0.07819450412165362,-0.46481126749013557
79.835,0.2,-0.07788267206538069,-0.2560664759093802
79.84,0.2,-0.07778752023916746,-0.1475283415007738
79.845,0.2,-0.0781353143681924,0.2849902074493704
79.85,0.2,-0.07903769030914214,0.2045672982388705
79.855,0.2,-0.0804312592095074,0.07305009245689523
79.86,0.2,-0.08211157348923251,0.03076483805037361
79.865,0.2,-0.08382955629909977,-0.36018369311975473
79.87,0.2,-0.08539717889758934,-0.3564158186401477
79.875,0.2,-0.08676020398105416,-0.30873885466915696
79.88,0.2,-0.08798904245042805,0.07552154548731527
79.885,0.2,-0.08918801735551371,0.05561093789443915
79.89,0.2,-0.09039648332173815,0.20595716454824997
79.895,0.2,-0.09154974422011894,-0.012326330129598079
79.9,0.2,-0.09250806147317409,-0.022136847134959448
79.905,0.2,-0.09312708491520777,-0.37573942314579956
79.91,0.2,-0.09333787093561273,-0.3163674343612214
79.915,0.2,-0.09319696412750365,-0.34939903991449367
79.92,0.2,-0.0928717038459355,-0.060198510666175806
79.925,0.2,-0.09256420173806021,0.03883393454932428
79.93,0.2,-0.09241322988049332,0.32592160494895894
79.935,0.2,-0.092427253046711,-0.03870857757975829
79.94,0.2,-0.09249934863677639,-0.11898249264588953
79.945,0.2,-0.092500821080767,-0.40271389012519193
79.95,0.2,-0.09238191945929092,-0.3186381026687551
79.955,0.2,-0.09221325807192404,-0.30893068481473496
79.96,0.2,-0.09215663903491217,-0.13320725273974185
79.965,0.2,-0.09239260910686285,0.02477671910007359
79.97,0.2,-0.09303842889041285,0.1869395179004839
79.975,0.2,-0.0940867279064473,0.16766145684600883
79.98,0.2,-0.0954014125331236,-0.16232621791851537
79.985,0.2,-0.09679134969613212,-0.30790418173629
79.99,0.2,-0.09811801268224445,-0.3263183707005271
79.995,0.2,-0.09936369611043534,-0.5083926149177496
80.0,0.2,-0.10063453192292575,-0.1201015778951332
80.005,0.2,-0.10209845807466454,0.04085316792977778
80.01,0.2,-0.10387563680009035,0.23417857353326832
80.015,0.2,-0.10595214529144667,0.04573648846447781
80.02,0.2,-0.10818701735416582,-0.25051539725216887
80.025,0.2,-0.1104087957033376,-0.37147047285830026
80.03,0.2,-0.11252551878732613,-0.4172338318283812
80.035,0.2,-0.11456902517816174,-0.22715710722244858
80.04,0.2,-0.11665566121793645,-0.09114824892296765
80.045,0.2,-0.11889806805040229,0.15439137426626526
80.05,0.2,-0.12131217889371299,0.34968100227680565
80.055,0.2,-0.12376126539342154,0.08092584802513
80.06,0.2,-0.1259832144352742,-0.12380617622325174
80.065,0.2,-0.12770137753934588,-0.34853590902284337
80.07,0.2,-0.1287535810677195,-0.6407671915737851
80.075,0.2,-0.12917645730569913,-0.4834872357788816
80.08,0.2,-0.12919499904623843,0.008321533119316854
80.085,0.2,-0.12909749598502482,0.0952130650307858
80.09,0.2,-0.12908262805799312,0.10270117876419049
80.095,0.2,-0.12919117068278368,0.1460954908604346
80.1,0.2,-0.12933204606929435,-0.15968918784919414
80.105,0.2,-0.129367510646629,-0.4392356054176208
80.11,0.2,-0.129223236701014,-0.3755971490922349
80.115,0.2,-0.12895421500164317,-0.3650718189913618
80.12,0.2,-0.12872101806141875,-0.07914859974337024
80.125,0.2,-0.1287011116251838,0.09986185452220404
80.13,0.2,-0.12898452241851277,0.298053510762584
80.135,0.2,-0.12951192467381464,-0.06532819385785073
80.14,0.2,-0.13010533735422156,-0.12038216525766024
80.145,0.2,-0.13057002167725035,-0.3292963180365011
80.15,0.2,-0.13079454343105232,-0.5005649597955043
80.155,0.2,-0.13080840890597592,-0.43390688682434464
80.16,0.2,-0.13077770519424153,-0.17206034247268007
80.165,0.2,-0.13092401131165407,0.06313868009017792
80.17,0.2,-0.13140514656525795,0.16725774609266203
80.175,0.2,-0.13223297839857281,0.12487386208381353
80.18,0.2,-0.13327183149046323,-0.03204332635924215
80.185,0.2,-0.13431684718440162,-0.505605313002985
80.19,0.2,-0.1352200097652414,-0.4845297943421746
80.195,0.2,-0.13598504780767431,-0.37967345485603515
80.2,0.2,-0.13676036877444217,-0.27066822118803835
80.205,0.2,-0.13774961981406528,0.03211027997241982
80.21,0.2,-0.13910490534589046,0.05598332479759773
80.215,0.2,-0.14085812965983097,-0.07267034645368066
80.22,0.2,-0.14292987621710526,-0.20274487256180973
80.225,0.2,-0.14520181507592642,-0.3732483123531468
80.23,0.2,-0.14759942028203607,-0.4883499851304608
80.235,0.2,-0.1501461584667037,-0.477864910958037
80.24,0.2,-0.1529661256270794,-0.2853924402669188
80.245,0.2,-0.1562203005145455,0.09634218604411109
80.25,0.2,-0.16000078408857318,-0.019909532897977478
80.255,0.2,-0.1642514271855343,0.2747008263668941
80.26,0.2,-0.16876077185417468,-0.16902030218964992
80.265,0.2,-0.1732344121769877,-0.41638345557428114
80.27,0.2,-0.17742044753542802,-0.39820122011657016
80.275,0.2,-0.18120118544555067,-0.3717443911833274
80.28,0.2,-0.1845869854651346,-0.11870632565396963
80.285,0.2,-0.18763900973354442,-0.0006034197162421394
80.29,0.2,-0.19038149810425342,0.05216721037113055
80.295,0.2,-0.192749555629896,0.14651357024785547
80.3,0.2,-0.19459211871646961,-0.21579398831523666
80.305,0.2,-0.1957415176148771,-0.5431556149703792
80.31,0.2,-0.19612696764343096,-0.4404801625872158
80.315,0.2,-0.19584123924098995,-0.3796992884584623
80.32,0.2,-0.1951036055538384,-0.16622593591024765
80.325,0.2,-0.19415583775468523,0.16504325872290632
80.33,0.2,-0.19315078889086815,0.10192683134437144
80.335,0.2,-0.19208746918391595,0.20206487870015286
80.34,0.2,-0.1908281806205706,-0.2136467825315026
80.345,0.2,-0.1891878374611247,-0.259474330486995
80.35,0.2,-0.18704803301014059,-0.5532067767498855
80.355,0.2,-0.18443943562532986,-0.4922974275918563
80.36,0.2,-0.18155215744234895,-0.2196098573482302
80.365,0.2,-0.17866054229883174,-0.04710018716974196
80.37,0.2,-0.17600597276490368,-0.0036197297064175793
80.375,0.2,-0.17371649034077077,0.045582686890429394
80.38,0.2,-0.1717954014815467,-0.10827268344118414
80.385,0.2,-0.1701693808526005,-0.3968688289158705
80.39,0.2,-0.16878361233826417,-0.6736844485843388
80.395,0.2,-0.16769629765792665,-0.4174162236677553
80.4,0.2,-0.16708766330689567,-0.1590225176358434
80.405,0.2,-0.16716184327223482,0.005541683240959886
80.41,0.2,-0.1680221152622062,0.18837025377207012
80.415,0.2,-0.16959983223989122,0.11799059005633243
80.42,0.2,-0.1716668312386659,-0.21824675951149197
80.425,0.2,-0.17393383240048627,-0.45662152934199074
80.43,0.2,-0.1761796823053566,-0.3494367068368043
80.435,0.2,-0.17832008985937225,-0.4384771822725798
80.44,0.2,-0.18038846970242245,-0.13145423707886061
80.445,0.2,-0.182464052099153,-0.06873805060137428
80.45,0.2,-0.18458844166300023,0.06425439862797795
80.455,0.2,-0.1867104582179154,0.05582347639457169
80.46,0.2,-0.1886889339316536,-0.2818242835496814
80.465,0.2,-0.190357405443557,-0.2776607370105141
80.47,0.2,-0.19160784479451606,-0.37821588385466265
80.475,0.2,-0.19243548903282573,-0.39833066106496673
80.48,0.2,-0.19293467142945372,-0.2718626397516869
80.485,0.2,-0.1932550294811521,-0.04836173379956195
80.49,0.2,-0.19352808852793288,-0.03833991780046278
80.495,0.2,-0.19380409749541977,0.04602190637636573
80.5,0.2,-0.19403775427602657,-0.14798514398769294
80.505,0.2,-0.1941363105733265,-0.5497959178147573
80.51,0.2,-0.19405919282052306,-0.5780806767407735
80.515,0.2,-0.19390195992290477,-0.48335823067536077
80.52,0.2,-0.1938858025904123,-0.19992776646465968
80.525,0.2,-0.19425331453360095,0.09916874820990522
80.53,0.2,-0.19514206993868602,0.06139767540906274
80.535,0.2,-0.19652332495994138,-0.14589859545541478
80.54,0.2,-0.19823805335210543,-0.014550688409872364
80.545,0.2,-0.2000725054545947,-0.23739516875296723
80.55,0.2,-0.20183262761600543,-0.6737092156062005
80.555,0.2,-0.20342894198760192,-0.44502858539361273
80.56,0.2,-0.20491636423253423,-0.18309333219090268
80.565,0.2,-0.20641760603509057,0.14868217178337653
80.57,0.2,-0.20797881356749495,0.3786951479009215
80.575,0.2,-0.20947007915266075,0.0663321405461627
80.58,0.2,-0.21060744051433286,-0.19456577765437902
80.585,0.2,-0.21108588276906326,-0.46352753135276514
80.59,0.2,-0.21072574720627613,-0.4712094579158911
80.595,0.2,-0.20954358904586604,-0.5024900289091103
80.6,0.2,-0.20772913238472726,-0.1838063905588273
80.605,0.2,-0.20554538143729745,0.15057729397047329
80.61,0.2,-0.20319191647092763,0.19937275650587763
80.615,0.2,-0.2007142060563348,0.006532755464767021
80.62,0.2,-0.19803189378510347,-0.4380367155708832
80.625,0.2,-0.19506274659566805,-0.3815610694982762
80.63,0.2,-0.1918376617469384,-0.5886033739737901
80.635,0.2,-0.1885403549229928,-0.5678061827581975
80.64,0.2,-0.1854713574031264,0.0025451598241977846
80.645,0.2,-0.18293735248495455,0.017380538078710095
80.65,0.2,-0.18112018402023514,0.05570502128110759
80.655,0.2,-0.1800245514099454,0.0041351154840426835
80.66,0.2,-0.17951880746927926,-0.2166340383884613
80.665,0.2,-0.1794258129529565,-0.4951319888812535
80.67,0.2,-0.17962363523062944,-0.354405117084177
80.675,0.2,-0.18009684042607568,-0.3712788903565712
80.68,0.2,-0.1809112887696788,-0.1996127912127833
80.685,0.2,-0.18214697550506032,-0.03175880220411238
80.69,0.2,-0.18382581719832858,0.06145292420835611
80.695,0.2,-0.18585968735317307,0.11858957184265119
80.7,0.2,-0.18805001945967534,-0.2503736368554291
80.705,0.2,-0.19015870358675327,-0.3972373400745119
80.71,0.2,-0.19201710664408925,-0.4991434356644281
80.715,0.2,-0.19359565950054705,-0.3851658205830305
80.72,0.2,-0.19498621316558007,-0.1024627918661693
80.725,0.2,-0.1963074755871715,0.18824659274133193
80.73,0.2,-0.19758846184769624,0.165615299897036
80.735,0.2,-0.1987123129878655,-0.03770937514176835
80.74,0.2,-0.19946674896219738,-0.3112998995041954
80.745,0.2,-0.19966093036382926,-0.3870187697732865
80.75,0.2,-0.19922268980283542,-0.41676019422970395
80.755,0.2,-0.19822823477815715,-0.461801314222077
80.76,0.2,-0.19687657749252466,-0.3125376754164686
80.765,0.2,-0.19541669982071858,0.2589666369057476
80.77,0.2,-0.19402643548445273,0.15784148329240388
80.775,0.2,-0.1927220537572874,-0.1218831224082666
80.78,0.2,-0.1913952379865462,-0.3067825130761687
80.785,0.2,-0.1899357234500547,-0.38553657957496607
80.79,0.2,-0.1883239434005698,-0.3999715503109076
80.795,0.2,-0.18665719880992887,-0.562016648069478
80.8,0.2,-0.18512851460400287,-0.07318157109040242
80.805,0.2,-0.18395219388045514,0.019222405822776102
80.81,0.2,-0.18325820082781683,0.015713660834048293
80.815,0.2,-0.1830356864725171,0.020017746203997124
80.82,0.2,-0.18315943884228872,-0.2538486672907705
80.825,0.2,-0.1834735752482293,-0.5359556571371082
80.83,0.2,-0.18390107067646005,-0.6816285482689362
80.835,0.2,-0.184512893422991,-0.2538499200280053
80.84,0.2,-0.1854885932345875,-0.22690107001293708
80.845,0.2,-0.18700005315036905,0.03344812799833559
80.85,0.2,-0.18910999914493778,0.08101062155588837
80.855,0.2,-0.19172659619250015,0.11042988490611848
80.86,0.2,-0.19461662548711625,-0.0927810481823026
80.865,0.2,-0.19747925623619147,-0.37279675976257604
80.87,0.2,-0.20006199893545812,-0.5943778232079199
80.875,0.2,-0.2022665281602472,-0.5998044354108077
80.88,0.2,-0.20417651061937916,-0.21552936319357924
80.885,0.2,-0.2059732380949513,0.05266857946210069
80.89,0.2,-0.2077909805977106,0.11714522329757038
80.895,0.2,-0.20962119690922518,-0.02165124159972886
80.9,0.2,-0.21131981299728547,-0.017442772690023395
80.905,0.2,-0.21268855843671836,-0.5638755787987424
80.91,0.2,-0.21359075538741498,-0.5617418423196457
80.915,0.2,-0.21404609079358514,-0.481602333600583
80.92,0.2,-0.21423470695626032,-0.38785314955954947
80.925,0.2,-0.21441149966104303,-0.004413199116188064
80.93,0.2,-0.21478335078885266,0.1701072937865914
80.935,0.2,-0.21540522143360302,0.07542494340849938
80.94,0.2,-0.21616791376105368,-0.3765607516019579
80.945,0.2,-0.21690263762069883,-0.47871656773389176
80.95,0.2,-0.21751733249497282,-0.5286427580328131
80.955,0.2,-0.21806453096864453,-0.6018759918266421
80.96,0.2,-0.21872304799702114,-0.223597662256341
80.965,0.2,-0.21971223291133674,-0.023083138626306694
80.97,0.2,-0.22117064466173156,0.13991865183943564
80.975,0.2,-0.22307285366258917,-0.048926369378185466
80.98,0.2,-0.2252437218656315,-0.22831821990494558
80.985,0.2,-0.2274551413264635,-0.44945401975033195
80.99,0.2,-0.22954237290113602,-0.6199503479927952
80.995,0.2,-0.23148062358227717,-0.49939526143322316
81.0,0.2,-0.23338334684403889,-0.2922112202514955
81.005,0.2,-0.23541451623338325,0.11818454446341298
81.01,0.2,-0.2376589765090887,0.12138107615082999
81.015,0.2,-0.24004036285204533,-0.08759491665181951
81.02,0.2,-0.24235170736320674,-0.27378641537120907
81.025,0.2,-0.2443679411471725,-0.47979937853773574
81.03,0.2,-0.24595125650462707,-0.37384450792367785
81.035,0.2,-0.2470886724413452,-0.38231108556367766
81.04,0.2,-0.24785856110737753,-0.12885360738562757
81.045,0.2,-0.24835662290862703,-0.009120801695889007
81.05,0.2,-0.24862148075819318,-0.025166166784744592
81.055,0.2,-0.24860293525901273,-0.07919292454624369
81.06,0.2,-0.24818191510928778,-0.004214347934643897
81.065,0.2,-0.24721523697829625,-0.3705090505595961
81.07,0.2,-0.2456045912060932,-0.6217578409797347
81.075,0.2,-0.24338322036808666,-0.5326389977022051
81.08,0.2,-0.24074665298071143,-0.2755160065054082
81.085,0.2,-0.23797846479144952,-0.10249113495644403
81.09,0.2,-0.23532722943056916,0.03390000327512442
81.095,0.2,-0.23291236800501208,0.22021453373522923
81.1,0.2,-0.23068585013144607,0.057846274475056525
81.105,0.2,-0.22847510044877017,-0.6077571138432962
81.11,0.2,-0.22611867039247935,-0.4618846625611424
81.115,0.2,-0.2235902279992734,-0.26780937860833987
81.12,0.2,-0.22099236846144354,-0.21583219280148072
81.125,0.2,-0.21845795090619533,0.1069505181606212
81.13,0.2,-0.21605356981563675,0.09367597971116152
81.135,0.2,-0.21372893717513772,0.010754264242248714
81.14,0.2,-0.21133512233080623,-0.12214578466350488
81.145,0.2,-0.20870340589495182,-0.45745622676133496
81.15,0.2,-0.2057430175895119,-0.43665811999141096
81.155,0.2,-0.20250842288895995,-0.5700544248100248
81.16,0.2,-0.19919576601268074,-0.13306726690470866
81.165,0.2,-0.19606088855605425,-0.06804786768818427
81.17,0.2,-0.19330035843234805,0.200787810973303
81.175,-0.2,-0.19097313614890185,-0.1903963521145266
81.18,-0.2,-0.18902042049110823,-0.28015807723109
81.185,-0.2,-0.18736199502608283,-0.4681256929273503
81.19,-0.2,-0.18599089600236707,-0.5612819058558336
81.195,-0.2,-0.18500935070678037,-0.2865653999372738
81.2,-0.2,-0.18458732759113974,-0.13006835492936158
81.205,-0.2,-0.18486394782264504,0.09496357490442137
81.21,-0.2,-0.18584841675366542,0.28601623790309594
81.215,-0.2,-0.1873744680070293,-0.08091877339093047
81.22,-0.2,-0.1891512406020189,-0.36563117275414436
81.225,-0.2,-0.1908968277281446,-0.43142967711261365
81.23,-0.2,-0.192455572172883,-0.4684079055577247
81.235,-0.2,-0.19382947780238688,-0.441879159552088
81.24,-0.2,-0.19514274008696658,-0.3235693324866451
81.245,-0.2,-0.19657179709936942,-0.08545766893564444
81.25,-0.2,-0.19825297876341805,0.15703039446258343
81.255,-0.2,-0.20019585688992508,0.09167394904607463
81.26,-0.2,-0.20225866119234895,-0.1345422218363328
81.265,-0.2,-0.2042156959714667,-0.33915086564665864
81.27,-0.2,-0.20587496656984272,-0.5399639415945979
81.275,-0.2,-0.20716626474170446,-0.2749740356784277
81.28,-0.2,-0.20814340667048392,-0.25358275975811884
81.285,-0.2,-0.2089107309831377,0.04460319553289685
81.29,-0.2,-0.2095305620940622,0.10464180012591733
81.295,-0.2,-0.2099600378982479,0.09753303946988545
81.3,-0.2,-0.21005376776647486,-0.26898706235783076
81.305,-0.2,-0.20964724710819055,-0.4780481491564833
81.31,-0.2,-0.20867441936868106,-0.5578496976286269
81.315,-0.2,-0.20723244848825878,-0.35221312414683015
81.32,-0.2,-0.2055487559728159,-0.2606616345882533
81.325,-0.2,-0.20387440972372714,0.2894211097358704
81.33,-0.2,-0.20236318732696895,-0.08448660925081469
81.335,-0.2,-0.2010150760674542,0.06055328488155859
81.34,-0.2,-0.19971682166814356,-0.22617186365401062
81.345,-0.2,-0.19833368341305688,-0.47567080322391725
81.35,-0.2,-0.19680922151291505,-0.6025268344569948
81.355,-0.2,-0.19523088764841698,-0.3634883073825206
81.36,-0.2,-0.19380857218825268,-0.2824822128543561
81.365,-0.2,-0.19277747153689753,0.05195099583535531
81.37,-0.2,-0.19228893889628784,0.04952329003952283
81.375,-0.2,-0.19234490168925625,0.05096682761076215
81.38,-0.2,-0.19280604049055078,-0.14969540513047513
81.385,-0.2,-0.1934732396859064,-0.5828022946162217
81.39,-0.2,-0.19420560606040516,-0.4305668495293646
81.395,-0.2,-0.1949954861223812,-0.4040551394403173
81.4,-0.2,-0.19594416103196152,-0.16078275344591272
81.405,-0.2,-0.19716486864212737,0.19499492569973376
81.41,-0.2,-0.1986786944113081,-0.06532650699936957
81.415,-0.2,-0.20037774534559843,-0.12661652383019076
81.42,-0.2,-0.20208517920990493,-0.36517035321863955
81.425,-0.2,-0.20364585670941054,-0.17738235501812294
81.43,-0.2,-0.2049740396629225,-0.41836854922568956
81.435,-0.2,-0.20606743300378932,-0.548686139977631
81.44,-0.2,-0.2070184741537819,-0.3097357499705206
81.445,-0.2,-0.20798486172904418,0.042058181203936534
81.45,-0.2,-0.20908885767805854,0.13558729043251797
81.455,-0.2,-0.2103208474606876,-0.01166728947213412
81.46,-0.2,-0.21154218115997167,-0.3299470845582306
81.465,-0.2,-0.2125834214168964,-0.38077072056364614
81.47,-0.2,-0.21334944404591955,-0.42386131258161597
81.475,-0.2,-0.2138654621816117,-0.5468189215231015
81.48,-0.2,-0.21426678219050058,-0.24337334512224346
81.485,-0.2,-0.21473558045132263,0.08077102364632013
81.49,-0.2,-0.2153915669102274,0.08955125855027092
81.495,-0.2,-0.21621307708199597,-0.08768450233322067
81.5,-0.2,-0.21706046031747062,-0.26446159354894294
81.505,-0.2,-0.2177680220315219,-0.2531568696619747
81.51,-0.2,-0.2182279027711265,-0.5734439398096892
81.515,-0.2,-0.2184416392466588,-0.47138734867424253
81.52,-0.2,-0.21853154581823936,-0.3159498499486798
81.525,-0.2,-0.21868451331723962,-0.008957051210030861
81.53,-0.2,-0.2190463697236332,0.02060970035565403
81.535,-0.2,-0.2196398056747598,0.0455905598568676
81.54,-0.2,-0.220357545049692,-0.18268372353515705
81.545,-0.2,-0.2210294291327516,-0.40954241825081106
81.55,-0.2,-0.22152345682174424,-0.46339968801625797
81.555,-0.2,-0.22181533344194812,-0.32561139122884125
81.56,-0.2,-0.22198086840672937,-0.24010515589287446
81.565,-0.2,-0.22212714963173888,0.027955477172633733
81.57,-0.2,-0.2223080932884137,0.09104209385786481
81.575,-0.2,-0.22246913734157864,-0.02915779884359826
81.58,-0.2,-0.22245742873041519,-0.12464340823502994
81.585,-0.2,-0.2220888850589811,-0.26707535359755497
81.59,-0.2,-0.22122751824890047,-0.4312154410342777
81.595,-0.2,-0.2198453473353983,-0.43495834428633534
81.6,-0.2,-0.21803869670335368,-0.24646233597492512
81.605,-0.2,-0.21598213549931644,-0.11097152749299923
81.61,-0.2,-0.21384104992318426,0.0819867811716409
81.615,-0.2,-0.2116969017633251,-0.05005665377568476
81.62,-0.2,-0.20953931554277355,-0.3858334499612336
81.625,-0.2,-0.2073352792220836,-0.3228444671508979
81.63,-0.2,-0.2051094022137294,-0.4343691894820414
81.635,-0.2,-0.20297082944438213,-0.38432009785654
81.64,-0.2,-0.20109209916417758,-0.2812862095185304
81.645,-0.2,-0.19965712589964016,-0.02301924040243968
81.65,-0.2,-0.19878895228823937,-0.04329112570666949
81.655,-0.2,-0.19850091031592354,-0.13747562529678453
81.66,-0.2,-0.19871480325733612,-0.34167211824898525
81.665,-0.2,-0.19933444632951522,-0.4697901244729239
81.67,-0.2,-0.20032179603988032,-0.4892117095724325
81.675,-0.2,-0.20172624294196465,-0.325196388510303
81.68,-0.2,-0.20364870050562042,-0.17101352392844638
81.685,-0.2,-0.20616196981977356,0.05742182107103091
81.69,-0.2,-0.20922716847445674,0.22130146335037343
81.695,-0.2,-0.21265304685560923,-0.18439569280674079
81.7,-0.2,-0.21614218951362424,-0.19515641863253025
81.705,-0.2,-0.21939613445000178,-0.2746058648433183
81.71,-0.2,-0.22219953651551627,-0.48875905935125197
81.715,-0.2,-0.22445813549196936,-0.30319600248429623
81.72,-0.2,-0.22619552253708936,-0.3387358736843309
81.725,-0.2,-0.2275015736343811,0.05873876813894552
81.73,-0.2,-0.22844800144474084,0.04205683148801445
81.735,-0.2,-0.22902007396219842,-0.012295316477789801
81.74,-0.2,-0.22911649466163558,-0.19785992271071695
81.745,-0.2,-0.22861560373642872,-0.3177170920470018
81.75,-0.2,-0.22745841330371722,-0.5190298658168357
81.755,-0.2,-0.2257079647841511,-0.46916229828120326
81.76,-0.2,-0.22355929929553414,-0.38634664530340634
81.765,-0.2,-0.22128314487012266,0.015082371557492077
81.77,-0.2,-0.2191126539666585,0.22863655255602705
81.775,-0.2,-0.21713521156313143,-0.023194611270306642
81.78,-0.2,-0.21528382161873025,-0.3358499140263289
81.785,-0.2,-0.21343735897414562,-0.2361876488698085
81.79,-0.2,-0.21152881746544902,-0.5661196826571874
81.795,-0.2,-0.20959695532644088,-0.3935463031626008
81.8,-0.2,-0.20779042681907647,-0.5073185335253697
81.805,-0.2,-0.20633029658240662,-0.16473079328557452
81.81,-0.2,-0.20542447239849443,0.22224942772992862
81.815,-0.2,-0.20515995283969618,-0.06379536361911116
81.82,-0.2,-0.2054676805848644,-0.4054951807522904
81.825,-0.2,-0.20621573580741012,-0.5168551603686226
81.83,-0.2,-0.20733982386014346,-0.6104537165914415
81.835,-0.2,-0.20889680695690088,-0.336293946454869
81.84,-0.2,-0.21101995834968434,-0.21005529741573886
81.845,-0.2,-0.21382197236997055,-0.04623716044915385
81.85,-0.2,-0.21730851157745118,0.07877719778195583
81.855,-0.2,-0.22133625496889214,0.07579308401610405
81.86,-0.2,-0.22562803497670156,-0.22269248835266314
81.865,-0.2,-0.22985830154560713,-0.5247251430995185
81.87,-0.2,-0.23378025892192147,-0.5618141975278987
81.875,-0.2,-0.23731164247562042,-0.47216351547963986
81.88,-0.2,-0.24052482247726273,-0.34759018248037804
81.885,-0.2,-0.2435589272681842,0.08901877637843778
81.89,-0.2,-0.24650164739624503,0.04384192175817714
81.895,-0.2,-0.2493047976209787,0.06813152404935273
81.9,-0.2,-0.25178280521368096,-0.024610057578187516
81.905,-0.2,-0.2536819282155221,-0.3614687906713761
81.91,-0.2,-0.2547831855161793,-0.42720278269949463
81.915,-0.2,-0.25499034450931973,-0.3509792313279003
81.92,-0.2,-0.25434523240657425,-0.2155313042829879
81.925,-0.2,-0.2529646548216433,0.05119749439895485
81.93,-0.2,-0.2509468352013338,0.0813183827878207
81.935,-0.2,-0.2483120838766952,-0.17079297137143096
81.94,-0.2,-0.24502748811129968,-0.34140102854163407
81.945,-0.2,-0.24109281224266654,-0.42591512082154376
81.95,-0.2,-0.23661090142566168,-0.46638343676825106
81.955,-0.2,-0.23180351476732186,-0.48731275391409956
81.96,-0.2,-0.22697956481889972,-0.22131357860265904
81.965,-0.2,-0.2224581475478489,0.049160474581439795
81.97,-0.2,-0.2184665012102346,-0.014843969281805106
81.975,-0.2,-0.21507148897627373,0.2184590819169778
81.98,-0.2,-0.21218006733047182,-0.1972672357858455
81.985,-0.2,-0.20961600353410711,-0.5653826440659764
81.99,-0.2,-0.20725389938585878,-0.5347606290887744
81.995,-0.2,-0.20511303086186647,-0.32304311807369407
82.0,-0.2,-0.20332802785235699,-0.14861286549557956
82.005,-0.2,-0.20203964057481533,0.04100987765746844
82.01,-0.2,-0.20129587020283563,0.06123786987262317
82.015,-0.2,-0.20101375000173446,-0.06678020666832434
82.02,-0.2,-0.2010113640300158,-0.1592940606897457
82.025,-0.2,-0.2010889341391997,-0.5113477328965234
82.03,-0.2,-0.20112347184905047,-0.49909681278382206
82.035,-0.2,-0.20113137391566122,-0.5038240509609462
82.04,-0.2,-0.20125837377207792,-0.2672224329719203
82.045,-0.2,-0.20169892322205493,-0.03163002085552561
82.05,-0.2,-0.20258584662058673,0.1300243493548312
82.055,-0.2,-0.20390350332428964,0.17086141259368667
82.06,-0.2,-0.20547885671847524,-0.3500008604765691
82.065,-0.2,-0.20707786793612967,-0.5111742647059775
82.07,-0.2,-0.2085489649147641,-0.5455554604306656
82.075,-0.2,-0.2099011600060709,-0.464960874880087
82.08,-0.2,-0.21126835236429428,-0.015769620750482494
82.085,-0.2,-0.21279322056406985,0.06799433324850052
82.09,-0.2,-0.21450669069348197,0.15293136783704747
82.095,-0.2,-0.2162813387396212,-0.008406644012855482
82.1,-0.2,-0.21787750550158877,-0.20354171210707794
82.105,-0.2,-0.21904139295666383,-0.29042436877285366
82.11,-0.2,-0.21960469060862944,-0.6311156069318148
82.115,-0.2,-0.2195505024952535,-0.34677561532732054
82.12,-0.2,-0.21900969649941696,-0.22368850147348518
82.125,-0.2,-0.21817241024955,0.12429477188630969
82.13,-0.2,-0.21716800766182479,0.0924540145438495
82.135,-0.2,-0.21599677342337925,-0.013926164738710146
82.14,-0.2,-0.21456006712579537,-0.4254229537846642
82.145,-0.2,-0.21276738912527512,-0.42750716205828565
82.15,-0.2,-0.21063581712799215,-0.4579539656403875
82.155,-0.2,-0.20831757107396187,-0.5309906814129756
82.16,-0.2,-0.2060663155636754,-0.24840502275084347
82.165,-0.2,-0.20416217240699971,-0.01888066098557555
82.17,-0.2,-0.2028054403685701,0.16801361196504958
82.175,-0.2,-0.20203069030515605,0.06542736788598032
82.18,-0.2,-0.2017066152842025,-0.2584832765214403
82.185,-0.2,-0.20163041258503894,-0.39050095580778577
82.19,-0.2,-0.20164656922282065,-0.36554967821609685
82.195,-0.2,-0.20171229777295893,-0.5796796929314308
82.2,-0.2,-0.2018965070542282,-0.12838549120974313
82.205,-0.2,-0.20231165030566767,0.1842813583368952
82.21,-0.2,-0.2029967305178295,0.03463613851030889
82.215,-0.2,-0.20384795250679175,0.018955923614898076
82.22,-0.2,-0.20464999418869778,-0.022209109187561638
82.225,-0.2,-0.20515475775098777,-0.3480616092409876
82.23,-0.2,-0.20516473399288623,-0.31813988837397444
82.235,-0.2,-0.2045971467724852,-0.36726027131820693
82.24,-0.2,-0.20349929670869413,-0.4091514989827214
82.245,-0.2,-0.2020081038072864,0.20273867629831693
82.25,-0.2,-0.20025122554198543,0.2089021305357418
82.255,-0.2,-0.19823963719827656,0.09705049507006931
82.26,-0.2,-0.19585880980355536,-0.2841439609813981
82.265,-0.2,-0.19297882595863278,-0.5273864368389997
82.27,-0.2,-0.18958508705613367,-0.40319522119546203
82.275,-0.2,-0.18582830452325078,-0.43524701969011603
82.28,-0.2,-0.1819804174664537,-0.23292203108006457
82.285,-0.2,-0.1783437592770518,0.01518043243563041
82.29,-0.2,-0.17514853726223747,0.1433573616940359
82.295,-0.2,-0.17248144430917098,-0.10983562457845131
82.3,-0.2,-0.17029795216463645,-0.17571223309203898
82.305,-0.2,-0.16850405530060053,-0.3482016423559854
82.31,-0.2,-0.16704215910284903,-0.46705961297271803
82.315,-0.2,-0.16593596031276575,-0.2091391787561958
82.32,-0.2,-0.16527216255698418,-0.18383907809492922
82.325,-0.2,-0.16513222446129172,0.04034419712885634
82.33,-0.2,-0.16552452866231016,0.008957551771090075
82.335,-0.2,-0.16635243521818743,0.08466695221129508
82.34,-0.2,-0.1674243623242025,-0.0626194160050033
82.345,-0.2,-0.1685085415970482,-0.4345352644694845
82.35,-0.2,-0.1694278821392267,-0.4761286094733271
82.355,-0.2,-0.17013788677405003,-0.2540581201829808
82.36,-0.2,-0.1707173941301444,-0.2583715210611286
82.365,-0.2,-0.1712904105424226,-0.004156725681589396
82.37,-0.2,-0.17194547418574951,-0.013299138840468322
82.375,-0.2,-0.17268677006562355,0.025522633177658315
82.38,-0.2,-0.17342573002067263,0.049304915704687535
82.385,-0.2,-0.17401648086167834,-0.4575823233647393
82.39,-0.2,-0.1743422800303786,-0.5366438443532598
82.395,-0.2,-0.17440820244458916,-0.2905403611996762
82.4,-0.2,-0.1743414678849389,-0.06814046699320793
82.405,-0.2,-0.1742914312429744,0.04213756806053869
82.41,-0.2,-0.1743260286870494,0.12334977078988775
82.415,-0.2,-0.1743912611783242,0.013425499372523252
82.42,-0.2,-0.17434466557700487,-0.350113619664419
82.425,-0.2,-0.17404998718383377,-0.42283326506115004
82.43,-0.2,-0.17347864801784746,-0.5572796807007404
82.435,-0.2,-0.17275463268971314,-0.4798633290975035
82.44,-0.2,-0.17212418321518888,-0.2122877683809218
82.445,-0.2,-0.17186089475798882,0.057110974249068074
82.45,-0.2,-0.17214296938636686,0.17650580880610678
82.455,-0.2,-0.1729767175470922,-0.09863650370757457
82.46,-0.2,-0.17422022149800495,-0.12700479987931593
82.465,-0.2,-0.1756817687039235,-0.48861278934379576
82.47,-0.2,-0.17723285655020665,-0.6501044340598114
82.475,-0.2,-0.17888545649740828,-0.3809512092255768
82.48,-0.2,-0.1807744971737259,-0.045117658365239066
82.485,-0.2,-0.18303752885638372,0.15999725679201982
82.49,-0.2,-0.18568160448088278,0.2267673601888549
82.495,-0.2,-0.18853363619082114,-0.03869605093713814
82.5,-0.2,-0.19130300718760218,-0.33228998492426187
82.505,-0.2,-0.19371396024098306,-0.42659333820855994
82.51,-0.2,-0.19562206606280128,-0.5568485099164531
82.515,-0.2,-0.19705421025264225,-0.33148493619918584
82.52,-0.2,-0.19817046249631656,-0.3680655232456518
82.525,-0.2,-0.19917827222352488,0.07942812860389878
82.53,-0.2,-0.20023159252479872,0.03524263762613063
82.535,-0.2,-0.20135540093840254,0.09281414792110713
82.54,-0.2,-0.20244433778502668,-0.27837551490215695
82.545,-0.2,-0.2033463086627965,-0.4695769642872769
82.55,-0.2,-0.20397668977847017,-0.46684021648747914
82.555,-0.2,-0.20438394797695772,-0.4980792159071419
82.56,-0.2,-0.20473282529471132,-0.20260846525175538
82.565,-0.2,-0.20521778089681503,0.1660359385140925
82.57,-0.2,-0.20594252443225794,0.1303599388061087
82.575,-0.2,-0.20684450676330438,0.0194860956661616
82.58,-0.2,-0.20772615933405386,-0.22808080991377794
82.585,-0.2,-0.20836144301793313,-0.35083703917304926
82.59,-0.2,-0.2086029844101385,-0.49617625775939966
82.595,-0.2,-0.208436846321685,-0.27805147660969015
82.6,-0.2,-0.20796246703971744,-0.20377777683109427
82.605,-0.2,-0.20731907792246404,-0.09537771621602464
82.61,-0.2,-0.20661662938661585,-0.15702414286211594
82.615,-0.2,-0.20590349728300297,0.07084835948295613
82.62,-0.2,-0.20516211558251743,-0.26114736674443245
82.625,-0.2,-0.2043438115480174,-0.5105344719580484
82.63,-0.2,-0.2034470586700194,-0.4067336992657128
82.635,-0.2,-0.20256351806250336,-0.17083087459001284
82.64,-0.2,-0.20183433626627123,-0.19381918125907835
82.645,-0.2,-0.20137346840375195,-0.08285382323414688
82.65,-0.2,-0.20122201220126576,0.022319572120670247
82.655,-0.2,-0.20133611019722975,-0.19520146647876516
82.66,-0.2,-0.20161257656117576,-0.25781501738117574
82.665,-0.2,-0.20195401684427855,-0.5087800319522545
82.67,-0.2,-0.20233744474075363,-0.4424096393638737
82.675,-0.2,-0.20284412203183208,-0.46081976169116196
82.68,-0.2,-0.20362682698470266,-0.003622017608009953
82.685,-0.2,-0.2048161221418499,0.09332494321424542
82.69,-0.2,-0.20642119376133947,-0.008570628363424787
82.695,-0.2,-0.2083061518090805,-0.0736166810624594
82.7,-0.2,-0.21024711865034193,-0.12688801003961947
82.705,-0.2,-0.21200811403284572,-0.27226253058044564
82.71,-0.2,-0.2134066297307069,-0.47002802302273194
82.715,-0.2,-0.21436967822131558,-0.451871650772506
82.72,-0.2,-0.2149480094049798,-0.09456953094089277
82.725,-0.2,-0.21525214791726824,-0.0023466897613002753
82.73,-0.2,-0.21534681446610596,0.17866177353796972
82.735,-0.2,-0.2151881471209823,-0.1261861073991063
82.74,-0.2,-0.21465125099333737,-0.2725958246765291
82.745,-0.2,-0.21362390887150606,-0.43699092975056425
82.75,-0.2,-0.21209404854006794,-0.42698884651465796
82.755,-0.2,-0.21017885418825608,-0.4273157952494969
82.76,-0.2,-0.20809819196769255,-0.3426158077274346
82.765,-0.2,-0.20611533358776216,-0.14797007681590443
82.77,-0.2,-0.20445560791216774,0.15207603714276757
82.775,-0.2,-0.20322359644706992,-0.01727145415424558
82.78,-0.2,-0.2023802260038318,-0.27217973405083196
82.785,-0.2,-0.20181592351166808,-0.42564677238060206
82.79,-0.2,-0.20145902221214287,-0.44740704084551886
82.795,-0.2,-0.2013275398031913,-0.213972523528674
82.8,-0.2,-0.20149716792652123,-0.1827869433882603
82.805,-0.2,-0.20203437013534667,-0.1834847597581285
82.81,-0.2,-0.2029500505227917,0.06429184200444034
82.815,-0.2,-0.20417873037700698,-0.14668532490026284
82.82,-0.2,-0.20558775899855755,-0.2502950555093956
82.825,-0.2,-0.20703659046461542,-0.5249546627438115
82.83,-0.2,-0.20845678850359897,-0.4251894152412342
82.835,-0.2,-0.20989262345595625,-0.5015428718435108
82.84,-0.2,-0.21148022296683186,-0.2598397211779001
82.845,-0.2,-0.21337601726138586,0.0602797227295269
82.85,-0.2,-0.21565900710063732,0.012098306818337026
82.855,-0.2,-0.2182672166862073,-0.03436606028962924
82.86,-0.2,-0.22101843786714903,-0.21887021829974143
82.865,-0.2,-0.22369545742888522,-0.46140945934198063
82.87,-0.2,-0.22614537609477214,-0.5243965023027446
82.875,-0.2,-0.22834490447454484,-0.4811942704203209
82.88,-0.2,-0.23039388050933177,-0.23631356216391355
82.885,-0.2,-0.23243734801957192,-0.017299072172477448
82.89,-0.2,-0.23456718334115925,-0.14408135948174214
82.895,-0.2,-0.23676957821033387,0.03417446229747377
82.9,-0.2,-0.23893290960233846,-0.1755769782614725
82.905,-0.2,-0.2408986185662236,-0.4841950321353908
82.91,-0.2,-0.242548573476684,-0.5200546311675637
82.915,-0.2,-0.2438822540297448,-0.47288531885559615
82.92,-0.2,-0.2450110110616201,-0.028466443190937163
82.925,-0.2,-0.24606633195026503,-0.10588723154218391
82.93,-0.2,-0.24710549641247628,-0.0847322920260303
82.935,-0.2,-0.24808860422990742,-0.12552566492723827
82.94,-0.2,-0.24891336810068126,-0.20819807301500867
82.945,-0.2,-0.24947455313528122,-0.6305900856381816
82.95,-0.2,-0.24974529514706262,-0.5985646931286469
82.955,-0.2,-0.24983953451425311,-0.5407928582776386
82.96,-0.2,-0.24998839779115956,-0.14911286900372367
82.965,-0.2,-0.25043038105480403,-0.013716004741096167
82.97,-0.2,-0.2512905176566225,0.04367538361652187
82.975,-0.2,-0.25252287430410536,0.0637679830388018
82.98,-0.2,-0.2539363100746672,-0.2915887313255387
82.985,-0.2,-0.25529349790139333,-0.629295509203249
82.99,-0.2,-0.25644719342029326,-0.6620208784632362
82.995,-0.2,-0.257427988169615,-0.5457884524616597
83.0,-0.2,-0.25841710928491923,-0.19202936460823447
83.005,-0.2,-0.25963047298616937,-0.14409815745042356
83.01,-0.2,-0.2611988979521117,0.04522765660754967
83.015,-0.2,-0.2631051564287788,0.01629440541803276
83.02,-0.2,-0.26518834860061147,-0.17139083293096538
83.025,-0.2,-0.2672153805397667,-0.5333456576751624
83.03,-0.2,-0.26899261061937313,-0.36172720213162435
83.035,-0.2,-0.2704395152629546,-0.443818196968139
83.04,-0.2,-0.2715795139273857,-0.20941386548214472
83.045,-0.2,-0.2724716916420388,0.09502031479517034
83.05,-0.2,-0.27312576750639134,-0.11048301535056146
83.055,-0.2,-0.273462784143377,-0.15093197094075905
83.06,-0.2,-0.27335022502520095,-0.1378245676858927
83.065,-0.2,-0.27266605851813597,-0.5126789611335291
83.07,-0.2,-0.2713652622856173,-0.5597784721656316
83.075,-0.2,-0.26953857917372875,-0.5774351302908662
83.08,-0.2,-0.2674164768687338,-0.35746738155515173
83.085,-0.2,-0.26529605920152044,-0.10744827813284027
83.09,-0.2,-0.26342422579534797,0.12728394361895126
83.095,-0.2,-0.2618949937592971,0.10879973942650328
83.1,-0.2,-0.2606195157269011,-0.09333849727092605
83.105,-0.2,-0.25940346641898304,-0.7255550008812004
83.11,-0.2,-0.258102701465948,-0.580825836371304
83.115,-0.2,-0.2567420848538579,-0.5427639030981745
83.12,-0.2,-0.255503020090803,-0.27141964041059646
83.125,-0.2,-0.25461126963726843,-0.01733531253798628
83.13,-0.2,-0.25421054034893936,0.06742918189180451
83.135,-0.2,-0.2542851297509185,0.026714421280627967
83.14,-0.2,-0.2546740307968639,-0.4257653560209104
83.145,-0.2,-0.2551754083958685,-0.4914382833978716
83.15,-0.2,-0.2556703869387249,-0.5742113484098633
83.155,-0.2,-0.25617679783119945,-0.37295297908489444
83.16,-0.2,-0.2568022272932259,0.014054572938917598
83.165,-0.2,-0.25763539839065164,-0.09948849953132546
83.17,-0.2,-0.25866298756019956,-0.07306252162977808
83.175,-0.2,-0.25976662415271423,-0.08718212539732607
83.18,-0.2,-0.2607688721904428,-0.25126193776548733
83.185,-0.2,-0.26149390692656604,-0.42920589725611585
83.19,-0.2,-0.26183751423413193,-0.5377271780863133
83.195,-0.2,-0.26181533949317126,-0.3760594323593842
83.2,-0.2,-0.26154381948465244,-0.11921390626050174
83.205,-0.2,-0.261161766201633,-0.2572623168048992
83.21,-0.2,-0.2607606950573445,-0.05041148305654253
83.215,-0.2,-0.26035869543983875,-0.07111916335929294
83.22,-0.2,-0.2599056133897089,-0.3388316813895421
83.225,-0.2,-0.25932911036243717,-0.44699420156070424
83.23,-0.2,-0.25861497592156546,-0.6731856606506139
83.235,-0.2,-0.2578642992001226,-0.40973382499073063
83.24,-0.2,-0.2572725047965136,-0.1678707179018292
83.245,-0.2,-0.2570343027721928,-0.11475940580022294
83.25,-0.2,-0.2572510339759302,-0.12175663519104726
83.255,-0.2,-0.25790484634002786,-0.13729638942485867
83.26,-0.2,-0.2588906657439998,-0.30753437730762767
83.265,-0.2,-0.26007737025569877,-0.45591735146805723
83.27,-0.2,-0.2613816878325622,-0.6527641851217686
83.275,-0.2,-0.26282229637249865,-0.4035966337643063
83.28,-0.2,-0.26451034004523916,-0.3475355556577744
83.285,-0.2,-0.2665729312792956,0.00034795012044753354
83.29,-0.2,-0.26905410039882577,0.08019890876250231
83.295,-0.2,-0.2718480751353141,-0.0036341423510736076
83.3,-0.2,-0.27470713867582647,-0.13333315051327696
83.305,-0.2,-0.27732417254255465,-0.43663592310695926
83.31,-0.2,-0.27944995742828965,-0.6465400341855456
83.315,-0.2,-0.28098591793831423,-0.3709378388773946
83.32,-0.2,-0.2819833973225978,-0.14516092502356046
83.325,-0.2,-0.2825478699876782,-0.0982631775079904
83.33,-0.2,-0.28273772730707303,0.002702824778805072
83.335,-0.2,-0.2825194846437229,0.04954805910639494
83.34,-0.2,-0.2817719936167541,-0.12571417625841666
83.345,-0.2,-0.2803421425336003,-0.597803293132656
83.35,-0.2,-0.27815697152016805,-0.6786758599977578
83.355,-0.2,-0.27532059662482944,-0.46047949169171287
83.36,-0.2,-0.2721020919419492,-0.3153325905228416
83.365,-0.2,-0.26882120349748456,0.056642800389232056
83.37,-0.2,-0.26571769103193615,-0.055159447106711765
83.375,-0.2,-0.2628817491527354,-0.04176284498342171
83.38,-0.2,-0.2602721043599073,-0.2324906123738597
83.385,-0.2,-0.2577954951563288,-0.5296618751712215
83.39,-0.2,-0.25541145333850446,-0.731353866451333
83.395,-0.2,-0.2532143544581273,-0.48887737252451274
83.4,-0.2,-0.25142221531433157,-0.1730528477765792
83.405,-0.2,-0.25027104416470486,-0.2649608250554829
83.41,-0.2,-0.24990711293886556,0.061441207240308826
83.415,-0.2,-0.25032840963752007,0.14877436903431757
83.42,-0.2,-0.25136827594828204,-0.18234051901341042
83.425,-0.2,-0.2527514287296221,-0.43717180156646546
83.43,-0.2,-0.25422144547454667,-0.5512979415082386
83.435,-0.2,-0.2556450734056774,-0.38303724341398
83.44,-0.2,-0.2570180592891163,-0.27021795329530235
83.445,-0.2,-0.2583912209815572,-0.04523623414180631
83.45,-0.2,-0.2597763385886991,0.10975392821215503
83.455,-0.2,-0.2610813293120494,-0.03302908406778175
83.46,-0.2,-0.2621171721625704,-0.31517628465134656
83.465,-0.2,-0.26268271107742214,-0.3999850977246206
83.47,-0.2,-0.262670077163133,-0.6687542656888396
83.475,-0.2,-0.26212610809615133,-0.41699894218142597
83.48,-0.2,-0.26123077165179825,-0.12431230919209904
83.485,-0.2,-0.260194610161673,-0.07121485956185203
83.49,-0.2,-0.25914928458350517,0.009819140578328167
83.495,-0.2,-0.25810435089207673,-0.07567871420224388
83.5,-0.2,-0.2569737386965498,-0.2586345100906548
83.505,-0.2,-0.2556433145191005,-0.303770633464461
83.51,-0.2,-0.2540418601453396,-0.4253444699859181
83.515,-0.2,-0.25217722361565625,-0.22968183191620234
83.52,-0.2,-0.250115530097388,-0.027620839970338013
83.525,-0.2,-0.24791783742629972,-0.1347008576704774
83.53,-0.2,-0.24558743904074953,0.10384934389212093
83.535,-0.2,-0.24305649207461769,-0.09703198144718628
83.54,-0.2,-0.24021118276336723,-0.30507157802828355
83.545,-0.2,-0.23696216045830867,-0.5127840956323808
83.55,-0.2,-0.23332950750319326,-0.5139971527224719
83.555,-0.2,-0.22947231570282955,-0.24500294057927433
83.56,-0.2,-0.22563385949042244,-0.23244893557644053
83.565,-0.2,-0.2220468220551913,-0.007634759803593325
83.57,-0.2,-0.21886283009947613,-0.17640439121407755
83.575,-0.2,-0.216134624450162,-0.0893425893689371
83.58,-0.2,-0.21384103617078257,-0.2493993692892754
83.585,-0.2,-0.21192852948553131,-0.2415826913727367
83.59,-0.2,-0.2103535367323445,-0.451195901007697
83.595,-0.2,-0.20911870050891174,-0.34259475764592473
83.6,-0.2,-0.20828175968739987,-0.24412495518739014
83.605,-0.2,-0.20791634018493885,-0.004219127920193848
83.61,-0.2,-0.2080441633646595,-0.04573895827892277
83.615,-0.2,-0.20859206775240605,-0.056217466562897715
83.62,-0.2,-0.2094077812469446,-0.26606927837766586
83.625,-0.2,-0.2103272311907487,-0.5020647340953446
83.63,-0.2,-0.21126171201221478,-0.5779148953325245
83.635,-0.2,-0.2122521822191275,-0.3939840682470721
83.64,-0.2,-0.21343818929806857,-0.03978572599679214
83.645,-0.2,-0.21494418872426674,0.1967286019025508
83.65,-0.2,-0.21675720568934173,0.18177101486405772
83.655,-0.2,-0.2186864469090517,-0.08146427200218537
83.66,-0.2,-0.2204353347880955,-0.2897480746414261
83.665,-0.2,-0.2217356894975538,-0.5741457220398227
83.67,-0.2,-0.22246846992282895,-0.6413798106504676
83.675,-0.2,-0.22271994917548332,-0.5991997478463069
83.68,-0.2,-0.222747840980827,-0.2124564897999031
83.685,-0.2,-0.22286519715563666,-0.07268702819501922
83.69,-0.2,-0.22330041560029867,0.15528126401154613
83.695,-0.2,-0.22410691176729672,0.0589831786624003
83.7,-0.2,-0.22516691181124054,-0.3199517234563367
83.705,-0.2,-0.22629410409547307,-0.5526385644187234
83.71,-0.2,-0.22737513272776347,-0.6283685616886058
83.715,-0.2,-0.22844972715896372,-0.43933608175802225
83.72,-0.2,-0.2296785398915883,-0.15147759151410028
83.725,-0.2,-0.23123419599830605,-0.11063127917110263
83.73,-0.2,-0.2331933276753851,0.17984436056348502
83.735,-0.2,-0.23548314127971873,-0.11308632382887425
83.74,-0.2,-0.23790350198423585,-0.19826093648115753
83.745,-0.2,-0.24021291209156764,-0.3363368425698464
83.75,-0.2,-0.2422273554356768,-0.6166008627914588
83.755,-0.2,-0.2438908072387014,-0.48648880363061364
83.76,-0.2,-0.24528385589367613,-0.16703722810988542
83.765,-0.2,-0.24654672569572192,-0.0983706927032393
83.77,-0.2,-0.247767673726844,0.11992435992817517
83.775,-0.2,-0.2489177370082459,-0.11640087493144581
83.78,-0.2,-0.24987164718072796,-0.42044798450492205
83.785,-0.2,-0.2504984603056266,-0.29617357248870935
83.79,-0.2,-0.2507457882341662,-0.5331198038876239
83.795,-0.2,-0.25067271426180576,-0.5798171430132468
83.8,-0.2,-0.25044828377081507,-0.3603268305623938
83.805,-0.2,-0.2503033243048423,-0.08875529126276487
83.81,-0.2,-0.2504273786198005,0.06693273251113543
83.815,-0.2,-0.25087879126952395,-0.15630596376193046
83.82,-0.2,-0.25158851213234185,-0.4200137307253933
83.825,-0.2,-0.25245605593938314,-0.5498035849422456
83.83,-0.2,-0.2534513406614117,-0.4762654852221278
83.835,-0.2,-0.25464731700238363,-0.502833422624036
83.84,-0.2,-0.2561884714994912,-0.37910353999864305
83.845,-0.2,-0.25822117321384097,0.16766081599609858
83.85,-0.2,-0.26078891457432496,0.1444453755585446
83.855,-0.2,-0.2637520427890606,-0.09745972701828245
83.86,-0.2,-0.2668221371351957,-0.2817442236284231
83.865,-0.2,-0.26968493907582275,-0.3532922147758564
83.87,-0.2,-0.2721072873359124,-0.45534739049896866
83.875,-0.2,-0.2739842555386668,-0.4663882688505076
83.88,-0.2,-0.27533789140712606,-0.35802678988753384
83.885,-0.2,-0.2762741104574123,-0.17218214325558645
83.89,-0.2,-0.2769088621087679,-0.09180666597590298
83.895,-0.2,-0.2773029969713712,-0.1501236069193693
83.9,-0.2,-0.27745015282989355,-0.34150195755305734
83.905,-0.2,-0.277322221286255,-0.39129212898395505
83.91,-0.2,-0.2769298216979422,-0.46304949008167673
83.915,-0.2,-0.276356888588093,-0.5282039015827061
83.92,-0.2,-0.27575843840677605,-0.2862554605708898
83.925,-0.2,-0.2753154228734606,-0.1543923673645743
83.93,-0.2,-0.27515745823691173,-0.0155015462340626
83.935,-0.2,-0.2753000135258595,-0.03865455242173968
83.94,-0.2,-0.27563834626382866,-0.23277709012004627
83.945,-0.2,-0.27600995332149963,-0.5435635645783597
83.95,-0.2,-0.2762988966357689,-0.5747072394949588
83.955,-0.2,-0.27651672032090685,-0.6211817402175623
83.96,-0.2,-0.2768089824268177,-0.40519784826172633
83.965,-0.2,-0.27738681123283765,-0.13565160288607953
83.97,-0.2,-0.27841137328365884,0.17860443103002344
83.975,-0.2,-0.2798847412573308,0.05611962085257541
83.98,-0.2,-0.2816266460376307,-0.31314735534533755
83.985,-0.2,-0.2833676054501589,-0.361839332322475
83.99,-0.2,-0.2848793378336152,-0.45519162493851084
83.995,-0.2,-0.286048944213484,-0.5013232058814999
84.0,-0.2,-0.2868815656673632,-0.2208761487131568
84.005,-0.2,-0.28744431493559874,-0.062202039900919506
84.01,-0.2,-0.28777513025557333,0.06625104995934172
84.015,-0.2,-0.2878154159351598,-0.030591853288327947
84.02,-0.2,-0.28741609812483565,-0.2878178502611894
84.025,-0.2,-0.2864204804564216,-0.6004223479963102
84.03,-0.2,-0.28477783995947936,-0.6111368477061915
84.035,-0.2,-0.2826128600229066,-0.6394277616345528
84.04,-0.2,-0.28020451599199725,-0.26494514678344727
84.045,-0.2,-0.2778776641121556,0.08728924434824464
84.05,-0.2,-0.27586012319590925,-0.023435875447372877
84.055,-0.2,-0.2742024740535964,-0.06827539375235663
84.06,-0.2,-0.2728102341756341,-0.29451621345815904
84.065,-0.2,-0.2715437656030958,-0.5106112172500793
84.07,-0.2,-0.2703242173837925,-0.6236221941061805
84.075,-0.2,-0.269199999280019,-0.5370380086871888
84.08,-0.2,-0.26833684287855086,-0.27585655167481005
84.085,-0.2,-0.2679294334415847,-0.004863047801607762
84.09,-0.2,-0.2680861391670752,-0.023825810816774935
84.095,-0.2,-0.2687662346824875,-0.1332814540845529
84.1,-0.2,-0.2698031452485413,-0.11939318565590268
84.105,-0.2,-0.27097844307599406,-0.4836515669663482
84.11,-0.2,-0.27210694792734996,-0.4169868790352709
84.115,-0.2,-0.27309537807612094,-0.30153303038265744
84.12,-0.2,-0.2739339591947619,-0.22975118963905047
84.125,-0.2,-0.2746356797155116,-0.024001535513493433
84.13,-0.2,-0.2751699292057305,0.06851687003528714
84.135,-0.2,-0.275422258858026,-0.0832677009415343
84.14,-0.2,-0.27520818259191504,-0.1590111474924918
84.145,-0.2,-0.2743457923041235,-0.5865439652667677
84.15,-0.2,-0.27275115217825485,-0.43482562031586725
84.155,-0.2,-0.27049316304262366,-0.45200376702592127
84.16,-0.2,-0.2677575344652366,0.05525024489604918
84.165,-0.2,-0.2647429666730144,-0.21004352369724036
84.17,-0.2,-0.26157439712536595,0.06610998359351677
84.175,-0.2,-0.2582726949020207,0.13651879545972806
84.18,-0.2,-0.25476171086343374,-0.30851527013258656
84.185,-0.2,-0.2509268822912138,-0.35276949983095685
84.19,-0.2,-0.2467150265423006,-0.4629822115352031
84.195,-0.2,-0.24219960214708544,-0.5259789835633991
84.2,-0.2,-0.23757704411384623,-0.2442640189796616
84.205,-0.2,-0.2331035029138693,-0.11746807996841367
84.21,-0.2,-0.2289934570343522,0.150194026679735
84.215,-0.2,-0.22533631101916635,-0.09685668337177336
84.22,-0.2,-0.22209518311954018,-0.355991380274926
84.225,-0.2,-0.21919675511444411,-0.5237656466036392
84.23,-0.2,-0.21663736966084307,-0.46724063013894485
84.235,-0.2,-0.21452739348635452,-0.6107685847342205
84.24,-0.2,-0.21306720689215594,-0.21499157931195034
84.245,-0.2,-0.21247204065450606,-0.11585023017651792
84.25,-0.2,-0.2128734889495303,-0.031089900858602165
84.255,-0.2,-0.214258016166439,-0.06278029779785513
84.26,-0.2,-0.21647587372551721,-0.19617580288536818
84.265,-0.2,-0.21930525657967,-0.42699235822018894
84.27,-0.2,-0.22254812582415032,-0.6880047408757265
84.275,-0.2,-0.22612012215883015,-0.5715759512336636
84.28,-0.2,-0.23007060981502922,-0.2463400904849425
84.285,-0.2,-0.2345037784221471,-0.14826595173971538
84.29,-0.2,-0.23945802511476824,0.16488748449368082
84.295,-0.2,-0.24482232175038454,0.0041752574896117625
84.3,-0.2,-0.2503381178414432,-0.35566563828522263
84.305,-0.2,-0.2556993235703942,-0.5001804485951068
84.31,-0.2,-0.2606752785049365,-0.2674448968592151
84.315,-0.2,-0.2651532829616268,-0.4100597863318921
84.32,-0.2,-0.2691058847273078,-0.23634356340700455
84.325,-0.2,-0.27254636713048747,-0.2316534393815616
84.33,-0.2,-0.2754810380026669,0.17803043819945252
84.335,-0.2,-0.27784881059707506,0.03443194761834194
84.34,-0.2,-0.2794979641754093,-0.34012300507701837
84.345,-0.2,-0.2802565900894726,-0.43251140450512227
84.35,-0.2,-0.280049291802594,-0.6011220334871131
84.355,-0.2,-0.2789654638659128,-0.5560875924173623
84.36,-0.2,-0.27724729196172554,-0.32379990810904496
84.365,-0.2,-0.27520275433348484,0.062458722412104734
84.37,-0.2,-0.2730762171551963,0.01841440895765717
84.375,-0.2,-0.27096205561858666,-0.09963300345810236
84.38,-0.2,-0.2688161756291184,-0.05686915450522559
84.385,-0.2,-0.26653424527491115,-0.6063086976415922
84.39,-0.2,-0.2640540110267714,-0.4868713803130067
84.395,-0.2,-0.2614331408873216,-0.44809459841716703
84.4,-0.2,-0.25883659255899655,-0.0970326458382865
84.405,-0.2,-0.25643724349620406,0.05367747597873007
84.41,-0.2,-0.25430727115811635,0.09111454908912706
84.415,-0.2,-0.2523683852340586,0.09021357150091869
84.42,-0.2,-0.2504246488784995,-0.3660202976219257
84.425,-0.2,-0.24826657712362768,-0.4594835662536355
84.43,-0.2,-0.24579241689786405,-0.5944679625337376
84.435,-0.2,-0.243064770671496,-0.3125232863317067
84.44,-0.2,-0.2402717584360238,-0.3533321279503661
84.445,-0.2,-0.23763602507625986,-0.019883764760821182
84.45,-0.2,-0.2353215200292289,0.04984641476676521
84.455,-0.2,-0.23337099592748978,-0.09872714935672611
84.46,-0.2,-0.23170954301931276,-0.17011066267399827
84.465,-0.2,-0.23021049705382426,-0.3357806770292867
84.47,-0.2,-0.2287774536952016,-0.5404098895052594
84.475,-0.2,-0.2274032374676621,-0.30088609924505727
84.48,-0.2,-0.22616667692323505,-0.13423676740347412
84.485,-0.2,-0.22515991226709334,-0.03312384733922627
84.49,-0.2,-0.22440564848273678,0.0813869295921375
84.495,-0.2,-0.22382203417268967,-0.11434029765192055
84.5,-0.2,-0.22324736417471713,-0.11546575677187082
84.505,-0.2,-0.22250754168244014,-0.450568458574647
84.51,-0.2,-0.22149751060529788,-0.4928932593448325
84.515,-0.2,-0.2202379136343616,-0.36908794947296786
84.52,-0.2,-0.21885607824816927,0.023379678602599457
84.525,-0.2,-0.21748563163212997,0.06545113049516091
84.53,-0.2,-0.21616597569303514,-0.019427836490349126
84.535,-0.2,-0.214827671882668,-0.21523567802057422
84.54,-0.2,-0.21335955659604844,-0.2873176062747776
84.545,-0.2,-0.2116912459003668,-0.43055333113175476
84.55,-0.2,-0.20984572882082989,-0.45742813819421413
84.555,-0.2,-0.20795068632593783,-0.3500276216850242
84.56,-0.2,-0.20620788159702844,-0.34576025849316827
84.565,-0.2,-0.20482729203105565,0.1230664100966345
84.57,-0.2,-0.20393469748384083,0.18394489686577867
84.575,-0.2,-0.2034950983377836,-0.006396505583488549
84.58,-0.2,-0.20332483753742975,-0.17675766385877828
84.585,-0.2,-0.20319235124748966,-0.3696184645393199
84.59,-0.2,-0.20293060277548416,-0.4835273942612897
84.595,-0.2,-0.20250562246165435,-0.5051754617066413
84.6,-0.2,-0.20201681844675465,-0.12052498400844555
84.605,-0.2,-0.20162249585611092,-0.1183455019888284
84.61,-0.2,-0.20143607248510562,0.10589642065678548
84.615,-0.2,-0.2014640511438347,-0.1361249255199269
84.62,-0.2,-0.20161562467440164,-0.12847993818212827
84.625,-0.2,-0.20176365142161992,-0.3526476643837324
84.63,-0.2,-0.20182403177730562,-0.6440130463042282
84.635,-0.2,-0.20183064243804927,-0.5893165932935008
84.64,-0.2,-0.2019558567680222,-0.15758232351298118
84.645,-0.2,-0.20242818482082056,-0.07080397241097638
84.65,-0.2,-0.2033996565243679,0.13440082921579352
84.655,-0.2,-0.20486089323859866,0.09860207293164865
84.66,-0.2,-0.2066421949326656,-0.188019761528907
84.665,-0.2,-0.20849870925536756,-0.4866583256781245
84.67,-0.2,-0.2102323639484469,-0.2660661461918349
84.675,-0.2,-0.21175698858963224,-0.3486559393195634
84.68,-0.2,-0.21308051055156707,-0.2908570475353652
84.685,-0.2,-0.21425067194227618,0.12488392270533014
84.69,-0.2,-0.21527943618850606,0.13548990878082118
84.695,-0.2,-0.21607184991993283,0.10714998386272062
84.7,-0.2,-0.21642788339125713,-0.2256133594073518
84.705,-0.2,-0.21613144777944698,-0.3794287430617141
84.71,-0.2,-0.21505920741627385,-0.357725586298155
84.715,-0.2,-0.2132372535325889,-0.5096644197133695
84.72,-0.2,-0.21083228143033003,-0.25158514108675
84.725,-0.2,-0.20808630135311423,0.10523976710214045
84.73,-0.2,-0.20520650538507418,0.054226358084066555
84.735,-0.2,-0.20228140897770364,-0.05452053389560805
84.74,-0.2,-0.1992987425131882,-0.4173503399833618
84.745,-0.2,-0.1962421925790808,-0.3883033402137892
84.75,-0.2,-0.19318207551651498,-0.5991859745056587
84.755,-0.2,-0.1903091207710039,-0.48224541312041763
84.76,-0.2,-0.18790468226949067,-0.18093103836005436
84.765,-0.2,-0.18624925121785335,0.013953045270392664
84.77,-0.2,-0.1855086164049123,0.07919311979369517
84.775,-0.2,-0.18566557393510655,0.188784626591413
84.78,-0.2,-0.18652847622358634,-0.21229513626760876
84.785,-0.2,-0.18782297286937663,-0.5676964873227373
84.79,-0.2,-0.18933506738466638,-0.4882791400533075
84.795,-0.2,-0.19099861895644288,-0.2643097940545736
84.8,-0.2,-0.19285949858295817,-0.18843382449302074
84.805,-0.2,-0.19497709308371558,-0.027807936777435725
84.81,-0.2,-0.19734672668481418,0.015230315906219927
84.815,-0.2,-0.19987045781664536,-0.11334884049701349
84.82,-0.2,-0.20238481378117767,-0.3324839924496343
84.825,-0.2,-0.20473882342752056,-0.5061162149327975
84.83,-0.2,-0.20687774354739208,-0.524157808489763
84.835,-0.2,-0.20887689851104324,-0.39304726751778596
84.84,-0.2,-0.21090307346343384,-0.21659891803843373
84.845,-0.2,-0.21312019559787515,0.18329102811096634
84.85,-0.2,-0.21557518333923884,0.2794692931184704
84.855,-0.2,-0.2181211846300822,0.1817332473098346
84.86,-0.2,-0.22043975050361325,-0.15790654061552215
84.865,-0.2,-0.22217011586083862,-0.6028147634544438
84.87,-0.2,-0.223074422629779,-0.4535459280498006
84.875,-0.2,-0.2231287174523994,-0.4771935623504526
84.88,-0.2,-0.222493379417351,-0.2586491172671418
84.885,-0.2,-0.22140521874089086,0.17118818613596987
84.89,-0.2,-0.22004539406106174,0.12740087638670583
84.895,-0.2,-0.2184575986663204,-0.1949487553494468
84.9,-0.2,-0.2165778593766134,-0.06029033631602965
84.905,-0.2,-0.214329012643823,-0.5463479512452085
84.91,-0.2,-0.2117078593452959,-0.43590517707243853
84.915,-0.2,-0.20883307052254899,-0.3674989961896185
84.92,-0.2,-0.20592175199759855,-0.19621448173718223
84.925,-0.2,-0.2032006805474745,0.1361870515265148
84.93,-0.2,-0.2008037737748112,0.09694189356894038
84.935,-0.2,-0.19871397569523966,0.04687746460524668
84.94,-0.2,-0.19678604275863623,-0.12681882974661834
84.945,-0.2,-0.19483117884380982,-0.3409677804879274
84.95,-0.2,-0.19271845817519323,-0.5488410821040495
84.955,-0.2,-0.19044934378284833,-0.3517702184927488
84.96,-0.2,-0.1881550051049035,-0.13249281389601258
84.965,-0.2,-0.18600827542734472,0.04293298562986758
84.97,-0.2,-0.18411703831943074,0.046543868848229135
84.975,-0.2,-0.18247335920702973,-0.023548691727316426
84.98,-0.2,-0.18098154797939497,-0.35375295973137155
84.985,-0.2,-0.17954318273936615,-0.3923097997599408
84.99,-0.2,-0.17814644679338543,-0.5960253886138059
84.995,-0.2,-0.1769062355199277,-0.34050051942506687
85.0,-0.2,-0.176028856334719,-0.1509953169393389
85.005,-0.2,-0.1757170636986181,-0.040562763175187797
85.01,-0.2,-0.1760743613666434,0.10609254970736039
85.015,-0.2,-0.17705921383217565,-0.008285734661776213
85.02,-0.2,-0.17850229012171898,-0.13534319515718402
85.025,-0.2,-0.1801834763673993,-0.5098344381604922
85.03,-0.2,-0.18193775971165177,-0.4088162713864066
85.035,-0.2,-0.18372540639511356,-0.48730448487120515
85.04,-0.2,-0.18562430812064407,-0.21516209665764247
85.045,-0.2,-0.18776053299566994,-0.1282841819670118
85.05,-0.2,-0.19021619857524247,0.17803628772689342
85.055,-0.2,-0.1929523677984009,0.0738819552009117
85.06,-0.2,-0.19578763512220065,-0.00852679152979266
85.065,-0.2,-0.19845072571999633,-0.2057873776701244
85.07,-0.2,-0.20068094471870515,-0.4934068554316516
85.075,-0.2,-0.20232549104790643,-0.3402179717780506
85.08,-0.2,-0.2033737645453102,-0.18020195876451517
85.085,-0.2,-0.203902360202967,-0.010723430275087362
85.09,-0.2,-0.20398176686653624,0.034154741468810465
85.095,-0.2,-0.2036165339830124,-0.010035653036298699
85.1,-0.2,-0.202746880477067,-0.1732831616646078
85.105,-0.2,-0.20130029134678554,-0.29767455422456623
85.11,-0.2,-0.19925868146512857,-0.38337650277445806
85.115,-0.2,-0.19670624088912458,-0.4969758258573437
85.12,-0.2,-0.19383683209907726,-0.2144050619991415
85.125,-0.2,-0.19090305495406312,-0.026695837656802023
85.13,-0.2,-0.1881187882011058,0.09087302253079224
85.135,-0.2,-0.18558084355391577,-0.03433715677757393
85.14,-0.2,-0.18326789901582577,-0.1975688156967933
85.145,-0.2,-0.18111461070217058,-0.5242243394325705
85.15,-0.2,-0.17911179378954345,-0.4564596472433786
85.155,-0.2,-0.17736740246016697,-0.5337205680085374
85.16,-0.2,-0.17609339432793328,-0.2657075115151349
85.165,-0.2,-0.17553061733110636,-0.07398175819468107
85.17,-0.2,-0.17584736883278776,0.05840415457437874
85.175,-0.2,-0.17706493023008396,-0.024601494755050135
85.18,-0.2,-0.17905072038265277,-0.005323182515411584
85.185,-0.2,-0.18157554246234558,-0.42619443396152923
85.19,-0.2,-0.18441008760731148,-0.40392045578967334
85.195,-0.2,-0.18741579706370648,-0.5149941370681288
85.2,-0.2,-0.1905714514301618,-0.17286477574119666
85.205,-0.2,-0.19391050192010903,0.15336505089208397
85.21,-0.2,-0.1974064955903765,0.12683401940019728
85.215,-0.2,-0.20089841133380196,0.01435201572831657
85.22,-0.2,-0.20411336864556084,-0.01878931577488671
85.225,-0.2,-0.20675670290774217,-0.522881532185345
85.23,-0.2,-0.2086230956131321,-0.44031641080784456
85.235,-0.2,-0.20967651450320068,-0.4326275273539456
85.24,-0.2,-0.2100456216895124,-0.3274103032739355
85.245,-0.2,-0.2099442144294383,0.04686737730828948
85.25,-0.2,-0.20956203276622656,0.056492115458173044
85.255,-0.2,-0.20897901422672557,0.029636616799737184
85.26,-0.2,-0.20815867284507653,-0.2333930551610973
85.265,-0.2,-0.20702156316920628,-0.3804212510649183
85.27,-0.2,-0.20553956714060495,-0.4086363992136561
85.275,-0.2,-0.20378945021093284,-0.43443489019169096
85.28,-0.2,-0.20194460381063842,-0.2426463023883721
85.285,-0.2,-0.20021549539691366,-0.03869937671666909
85.29,-0.2,-0.1987637638833821,0.037141147111459855
85.295,-0.2,-0.19763823324075241,-0.03846454133234911
85.3,-0.2,-0.19677571758115503,-0.17242064109411842
85.305,-0.2,-0.19606581661620867,-0.4765787682358535
85.31,-0.2,-0.19544278046649913,-0.4581137969312047
85.315,-0.2,-0.1949429370803531,-0.2905371370274793
85.32,-0.2,-0.194678127126875,-0.07014150874885935
85.325,-0.2,-0.1947485564983682,-0.0388405949700059
85.33,-0.2,-0.19515874786311962,0.3475753176614005
85.335,-0.2,-0.1957724832526708,-0.06131010739635068
85.34,-0.2,-0.19633737070285223,-0.13532593020275574
85.345,-0.2,-0.19658824553546936,-0.4915551738399622
85.35,-0.2,-0.19636904066969135,-0.5109302446472571
85.355,-0.2,-0.1956962251856553,-0.3532648923547259
85.36,-0.2,-0.19472854677956908,-0.17164835399669273
85.365,-0.2,-0.1936668697081619,0.019996958762306387
85.37,-0.2,-0.19265138418165986,0.011201462706113094
85.375,-0.2,-0.19171666424996164,-0.18133148426693493
85.38,-0.2,-0.19082310707115552,-0.25082636612116627
85.385,-0.2,-0.18993177813949608,-0.4834261043575613
85.39,-0.2,-0.1890757873022897,-0.554487761248218
85.395,-0.2,-0.18839449528038135,-0.3402970742321483
85.4,-0.2,-0.18809703318909124,-0.07177308480248472
85.405,-0.2,-0.1883655984068998,-0.09724643404076576
85.41,-0.2,-0.18926384858849274,0.30620350765930965
85.415,-0.2,-0.190690994805738,0.0012712354293163003
85.42,-0.2,-0.19239927892820521,-0.09705350011297606
85.425,-0.2,-0.194083789313472,-0.33433831268425196
85.43,-0.2,-0.1955016755012789,-0.5654306994259671
85.435,-0.2,-0.19656701154476222,-0.6762901405327348
85.44,-0.2,-0.19738278291312886,-0.2659044964671598
85.445,-0.2,-0.1981681650987833,0.0444228331757609
85.45,-0.2,-0.19911255861754532,-0.026415767773940918
85.455,-0.2,-0.2002741724754161,-0.016804362382134147
85.46,-0.2,-0.20158093098750227,-0.0896043818154589
85.465,-0.2,-0.20289354192323356,-0.4037145207856743
85.47,-0.2,-0.2040914035093678,-0.43570569239136614
85.475,-0.2,-0.20514404242022402,-0.3695999048042816
85.48,-0.2,-0.20612048841221428,-0.3023925616808322
85.485,-0.2,-0.2071307679486469,0.13350701204314547
85.49,-0.2,-0.20822850827915243,0.17627993100067055
85.495,-0.2,-0.2093306072123416,0.08379105408978482
85.5,-0.2,-0.21022560067099413,-0.252452587850617
85.505,-0.2,-0.21067082214917146,-0.20780035969724042
85.51,-0.2,-0.21049714650071127,-0.44824378110468066
85.515,-0.2,-0.209657974734829,-0.16925218445146178
85.52,-0.2,-0.2082164192310616,-0.31997411291326777
85.525,-0.2,-0.20629297626547852,0.05980409611190543
85.53,-0.2,-0.20399459573361292,0.12146912692595878
85.535,-0.2,-0.20134732873210645,0.1301104953311064
85.54,-0.2,-0.198280188820119,-0.17826211915296616
85.545,-0.2,-0.19469607136838044,-0.5449486579468604
85.55,-0.2,-0.19059436554770304,-0.579037763439235
85.555,-0.2,-0.1861545368906112,-0.538122743731835
85.56,-0.2,-0.18170894950810693,-0.01255938260362155
85.565,-0.2,-0.1776100929507864,0.12482211378513361
85.57,-0.2,-0.1740851434885856,-0.023244413007979192
85.575,-0.2,-0.17118147195816888,0.1383410723633032
85.58,-0.2,-0.16881092937246545,-0.3798456228077026
85.585,-0.2,-0.16684745687593056,-0.39622986682388106
85.59,-0.2,-0.16523359581449149,-0.5284107284680271
85.595,-0.2,-0.1640355732662679,-0.43553431368407325
85.6,-0.2,-0.16341821501422432,-0.1838096690481903
85.605,-0.2,-0.1635570888184234,0.06800141162737525
85.61,-0.2,-0.1645281346644983,0.1720982123127066
85.615,-0.2,-0.1662394972591872,0.020705358249823554
85.62,-0.2,-0.16845217855872566,-0.12941865879750464
85.625,-0.2,-0.17087386947537844,-0.3685545183904846
85.63,-0.2,-0.1732706323179195,-0.49270194621525926
85.635,-0.2,-0.17554293756581188,-0.41864543742685756
85.64,-0.2,-0.1777289276989249,-0.21598538728065017
85.645,-0.2,-0.17992952935767823,0.08411684139062964
85.65,-0.2,-0.1821995649081551,0.0552562457387709
85.655,-0.2,-0.18448217290111685,-0.08566361683441848
85.66,-0.2,-0.1866278456566044,-0.07790660913273106
85.665,-0.2,-0.18846737503394725,-0.4729095315289513
85.67,-0.2,-0.18989770497201802,-0.4836820945573715
85.675,-0.2,-0.19094510810664095,-0.403038415450926
85.68,-0.2,-0.1917527512585134,-0.06162720306552724
85.685,-0.2,-0.19248921035467595,-0.056345401390159006
85.69,-0.2,-0.19324858210709236,0.14105080361685685
85.695,-0.2,-0.19400169221711014,0.025221475407756787
85.7,-0.2,-0.19461785841991378,-0.3750602944841259
85.705,-0.2,-0.1949519014628003,-0.26799150367018365
85.71,-0.2,-0.1949352981287268,-0.4231344524507835
85.715,-0.2,-0.1946139219570168,-0.5327456336712741
85.72,-0.2,-0.19413876510485092,-0.14268202345352593
85.725,-0.2,-0.19370650449938545,-0.03125831001911927
85.73,-0.2,-0.19345926908374447,0.07911909500049846
85.735,-0.2,-0.19341694239528057,-0.06392631618166657
85.74,-0.2,-0.19349034309721103,-0.18480642419782675
85.745,-0.2,-0.1935565531221662,-0.4753245682314968
85.75,-0.2,-0.1935523362376666,-0.49627012117594027
85.755,-0.2,-0.19353143480090523,-0.37158978765622314
85.76,-0.2,-0.19364739312741003,-0.2810297462989241
85.765,-0.2,-0.1940751318890439,0.06144328723116696
85.77,-0.2,-0.19491394820318764,0.09639462152527574
85.775,-0.2,-0.19612572122792604,-0.1138429888732754
85.78,-0.2,-0.197559530839345,-0.28192991924597943
85.785,-0.2,-0.19904885943643486,-0.48961566566652764
85.79,-0.2,-0.2005108527254091,-0.5448828778581304
85.795,-0.2,-0.20199581659257454,-0.526315294903355
85.8,-0.2,-0.20366458810219001,-0.11636268811221709
85.805,-0.2,-0.20569075903438186,0.09164210491066595
85.81,-0.2,-0.2081370051233246,0.11945943532409706
85.815,-0.2,-0.21089251579336812,0.02687231496146406
85.82,-0.2,-0.2137057775618632,-0.08041143106381786
85.825,-0.2,-0.2162761434938228,-0.36472229209133444
85.83,-0.2,-0.2183652334551519,-0.6324167543470808
85.835,-0.2,-0.2198900394950259,-0.40362030566295326
85.84,-0.2,-0.22093749648645075,-0.32148723147947256
85.845,-0.2,-0.221683371335776,0.01706740066064371
85.85,-0.2,-0.22227211323615706,0.10817786700659973
85.855,-0.2,-0.2227257415703504,0.13887613525197062
85.86,-0.2,-0.2229328305101379,-0.31293836410534803
85.865,-0.2,-0.22273101808779147,-0.30455182644277057
85.87,-0.2,-0.22201727030436477,-0.37831682013938384
85.875,-0.2,-0.22080301623807988,-0.4084336698764208
85.88,-0.2,-0.21920837392934975,-0.35644506996006253
85.885,-0.2,-0.21742287461689624,-0.14161999448724696
85.89,-0.2,-0.215634798497572,0.07661622819847645
85.895,-0.2,-0.2139496842424106,-0.0033862004228878
85.9,-0.2,-0.21236311463629984,-0.3586103162864719
85.905,-0.2,-0.21082676359383026,-0.46359962273111077
85.91,-0.2,-0.20935243979772078,-0.5548630357219477
85.915,-0.2,-0.20806534224569684,-0.42891245863118904
85.92,-0.2,-0.20717585559566934,-0.21684340107021033
85.925,-0.2,-0.20689467245780277,-0.07530566599580578
85.93,-0.2,-0.20733510146974607,0.2119127538886828
85.935,-0.2,-0.20845297029478008,-0.20897113983041143
85.94,-0.2,-0.21007122692505192,-0.21077410800527357
85.945,-0.2,-0.21198295437502007,-0.615390870666235
85.95,-0.2,-0.2140589916717338,-0.3861542587794938
85.955,-0.2,-0.21628743922202834,-0.3562830279475566
85.96,-0.2,-0.21873206570695947,-0.21337064962096028
85.965,-0.2,-0.22144971666529434,0.12529177253363794
85.97,-0.2,-0.2244050539223163,0.1385529280892606
85.975,-0.2,-0.227422167669835,-0.03771022208315968
85.98,-0.2,-0.23022291926637478,-0.31856950620465296
85.985,-0.2,-0.23253983370107859,-0.45256291705937396
85.99,-0.2,-0.2342238725446281,-0.4645578834441517
85.995,-0.2,-0.235280464299003,-0.302882291311928
86.0,-0.2,-0.23582552586230796,-0.19085119010503743
86.005,-0.2,-0.23599921467211696,0.019814521675368842
86.01,-0.2,-0.23588013568956775,0.15349789564663752
86.015,-0.2,-0.23542790685009843,0.15900397732369442
86.02,-0.2,-0.23449087851406844,-0.4089606433875289
86.025,-0.2,-0.23290680096992328,-0.48628973849719465
86.03,-0.2,-0.23063137030006123,-0.40111241748972976
86.035,-0.2,-0.22779023063763,-0.6473514727508419
86.04,-0.2,-0.22464761112862727,-0.2001906173307459
86.045,-0.2,-0.22152135917680577,0.026061151277317868
86.05,-0.2,-0.21866564058264948,-0.10082326977488335
86.055,-0.2,-0.2161988534418362,-0.049186815780358856
86.06,-0.2,-0.21411752813044926,-0.1308528566839311
86.065,-0.2,-0.21235255919481047,-0.3738346392066376
86.07,-0.2,-0.21083723505227847,-0.368233989033443
86.075,-0.2,-0.20957130963974638,-0.6338664170119601
86.08,-0.2,-0.2086452296189681,-0.08537544887763254
86.085,-0.2,-0.20818374240301607,0.10371922053500968
86.09,-0.2,-0.20823239355184608,0.008599548499127987
86.095,-0.2,-0.20869280716387428,0.02946649916496355
86.1,-0.2,-0.20935444255656188,-0.15770169771508852
86.105,-0.2,-0.20997605857783266,-0.3635298201381426
86.11,-0.2,-0.21037384667269157,-0.3937903641001364
86.115,-0.2,-0.21048009466441034,-0.3755894208967827
86.12,-0.2,-0.210337372835641,-0.11070404557549753
86.125,-0.2,-0.21003269365663352,-0.058733771795455025
86.13,-0.2,-0.20961215188700408,0.21890394993422557
86.135,-0.2,-0.2090173503524857,0.13505156340853183
86.14,-0.2,-0.20808037126299292,-0.20546805117069472
86.145,-0.2,-0.20660321109870997,-0.4144739845925861
86.15,-0.2,-0.20447735604289363,-0.41044129003433566
86.155,-0.2,-0.20175223498068054,-0.46158421222671386
86.16,-0.2,-0.19861966611722146,-0.22020571679264622
86.165,-0.2,-0.19533615597025883,0.018139237933838072
86.17,-0.2,-0.19211140089615578,0.24508130004499656
