t,reference,measured,noisy
385.835,0.2,-0.25536603491022236,-0.25536603491022236
385.84,0.2,0.0570515731269246,0.0570515731269246
385.845,0.2,0.32135185266502536,0.32135185266502536
385.85,0.2,0.30165724385484055,0.30165724385484055
385.855,0.2,0.1462717254534293,0.1462717254534293
385.86,0.2,0.0006135799848853875,0.0006135799848853875
385.865,0.2,-0.1399425394669176,-0.1399425394669176
385.87,0.2,-0.3524337049524037,-0.3524337049524037
385.875,0.2,-0.24193998714069365,-0.24193998714069365
385.88,0.2,-0.012296476054220837,-0.012296476054220837
385.885,0.2,0.3477699539455255,0.3477699539455255
385.89,0.2,0.48511743404529567,0.48511743404529567
385.895,0.2,0.23637257908049764,0.23637257908049764
385.9,0.2,0.11888328128983533,0.11888328128983533
385.905,0.2,-0.16973959539576972,-0.16973959539576972
385.91,0.2,-0.3224216765808515,-0.3224216765808515
385.915,0.2,-0.22377364548234294,-0.22377364548234294
385.92,0.2,0.13011309753587225,0.13011309753587225
385.925,0.2,0.28345482164974556,0.28345482164974556
385.93,0.2,0.29483487754089577,0.29483487754089577
385.935,0.2,0.2965389949906768,0.2965389949906768
385.94,0.2,0.07022411437243876,0.07022411437243876
385.945,0.2,-0.2082038102994643,-0.2082038102994643
385.95,0.2,-0.2898555841470002,-0.2898555841470002
385.955,0.2,0.011115211066740682,0.011115211066740682
385.96,0.2,0.18463075747828556,0.18463075747828556
385.965,0.2,0.5404805523968426,0.5404805523968426
385.97,0.2,0.46138817954675126,0.46138817954675126
385.975,0.2,0.2598462953715781,0.2598462953715781
385.98,0.2,0.07627900079947503,0.07627900079947503
385.985,0.2,-0.14413409650671805,-0.14413409650671805
385.99,0.2,-0.04109439746902549,-0.04109439746902549
385.995,0.2,-0.06826305837660612,-0.06826305837660612
386.0,0.2,0.3525063056943827,0.3525063056943827
386.005,0.2,0.47534923200880985,0.47534923200880985
386.01,0.2,0.5695168276545806,0.5695168276545806
386.015,0.2,0.34422438769091035,0.34422438769091035
386.02,0.2,0.10823519971177226,0.10823519971177226
386.025,0.2,-0.22896489946064574,-0.22896489946064574
386.03,0.2,-0.27644818488926637,-0.27644818488926637
386.035,0.2,-0.16479525240139115,-0.16479525240139115
386.04,0.2,0.12538291195919662,0.12538291195919662
386.045,0.2,0.20806276038103927,0.20806276038103927
386.05,0.2,0.711723570892921,0.711723570892921
386.055,0.2,0.415239741343442,0.415239741343442
386.06,0.2,0.17139893792560318,0.17139893792560318
386.065,0.2,-0.130233852631221,-0.130233852631221
386.07,0.2,-0.014554364849127144,-0.014554364849127144
386.075,0.2,0.051327922187160355,0.051327922187160355
386.08,0.2,0.0821365571344874,0.0821365571344874
386.085,0.2,0.522690435587126,0.522690435587126
386.09,0.2,0.47028739969496014,0.47028739969496014
386.095,0.2,0.25143448496535187,0.25143448496535187
386.1,0.2,0.07933402404768937,0.07933402404768937
386.105,0.2,-0.10119513398785808,-0.10119513398785808
386.11,0.2,-0.1740157007663509,-0.1740157007663509
386.115,0.2,-0.05757526657186707,-0.05757526657186707
386.12,0.2,0.08855065115109953,0.08855065115109953
386.125,0.2,0.46815901903641316,0.46815901903641316
386.13,0.2,0.4804284929039574,0.4804284929039574
386.135,0.2,0.2615270641562518,0.2615270641562518
386.14,0.2,-0.055513079535398205,-0.055513079535398205
386.145,0.2,-0.05257884786000369,-0.05257884786000369
386.15,0.2,0.04437460294715412,0.04437460294715412
386.155,0.2,-0.09291099946370984,-0.09291099946370984
386.16,0.2,0.13812000867713606,0.13812000867713606
386.165,0.2,0.3602614538730683,0.3602614538730683
386.17,0.2,0.4528377000167004,0.4528377000167004
386.175,0.2,0.291031743008531,0.291031743008531
386.18,0.2,-0.10124481684279243,-0.10124481684279243
386.185,0.2,-0.2190085911709127,-0.2190085911709127
386.19,0.2,-0.133081910865673,-0.133081910865673
386.195,0.2,0.012035478130218144,0.012035478130218144
386.2,0.2,0.3137397200723901,0.3137397200723901
386.205,0.2,0.49713360441121873,0.49713360441121873
386.21,0.2,0.49957029327082153,0.49957029327082153
386.215,0.2,0.4350140515675746,0.4350140515675746
386.22,0.2,0.06837688453534557,0.06837688453534557
386.225,0.2,-0.20146126054129368,-0.20146126054129368
386.23,0.2,-0.09400376829978051,-0.09400376829978051
386.235,0.2,-0.05043572069259401,-0.05043572069259401
386.24,0.2,0.005512339292822105,0.005512339292822105
386.245,0.2,0.6269996242091092,0.6269996242091092
386.25,0.2,0.6339701745664442,0.6339701745664442
386.255,0.2,0.3722251578676925,0.3722251578676925
386.26,0.2,0.0913340050366479,0.0913340050366479
386.265,0.2,-0.0618476279039379,-0.0618476279039379
386.27,0.2,-0.47387096702055076,-0.47387096702055076
386.275,0.2,-0.19078162662486214,-0.19078162662486214
386.28,0.2,0.2023455929098364,0.2023455929098364
386.285,0.2,0.22705559490472246,0.22705559490472246
386.29,0.2,0.4439175410326809,0.4439175410326809
386.295,0.2,0.5146990664867788,0.5146990664867788
386.3,0.2,0.03372598529752911,0.03372598529752911
386.305,0.2,-0.13770729900191897,-0.13770729900191897
386.31,0.2,-0.4016104054708993,-0.4016104054708993
386.315,0.2,0.014573207235552943,0.014573207235552943
386.32,0.2,0.08236910860648425,0.08236910860648425
386.325,0.2,0.46303787206535996,0.46303787206535996
386.33,0.2,0.5272001069754878,0.5272001069754878
386.335,0.2,0.3047895639224841,0.3047895639224841
386.34,0.2,-0.006579620089524202,-0.006579620089524202
386.345,0.2,-0.20515760766308289,-0.20515760766308289
386.35,0.2,-0.06636660343091258,-0.06636660343091258
386.355,0.2,-0.1010922653894421,-0.1010922653894421
386.36,0.2,0.17338598764454813,0.17338598764454813
386.365,0.2,0.4268448708027621,0.4268448708027621
386.37,0.2,0.6640255767199872,0.6640255767199872
386.375,0.2,0.5456284835318164,0.5456284835318164
386.38,0.2,0.23733812051221947,0.23733812051221947
386.385,0.2,-0.18237359198462894,-0.18237359198462894
386.39,0.2,-0.16627185288720958,-0.16627185288720958
386.395,0.2,-0.2113063898843864,-0.2113063898843864
386.4,0.2,0.2447883217670417,0.2447883217670417
386.405,0.2,0.3142945244214065,0.3142945244214065
386.41,0.2,0.5485554718861935,0.5485554718861935
386.415,0.2,0.3171146322701528,0.3171146322701528
386.42,0.2,0.11365486334952743,0.11365486334952743
386.425,0.2,-0.17256714920772653,-0.17256714920772653
386.43,0.2,-0.06939572663479585,-0.06939572663479585
386.435,0.2,0.01443211330139696,0.01443211330139696
386.44,0.2,0.1691782742522974,0.1691782742522974
386.445,0.2,0.5201585201731544,0.5201585201731544
386.45,0.2,0.38706140698403124,0.38706140698403124
386.455,0.2,0.5117845875922087,0.5117845875922087
386.46,0.2,0.10056452662463913,0.10056452662463913
386.465,0.2,-0.036388448948769456,-0.036388448948769456
386.47,0.2,-0.13654668666508746,-0.13654668666508746
386.475,0.2,-0.05786986755213494,-0.05786986755213494
386.48,0.2,0.31401123943522435,0.31401123943522435
386.485,0.2,0.41104583296195074,0.41104583296195074
386.49,0.2,0.5378969353834038,0.5378969353834038
386.495,0.2,0.46045994889787045,0.46045994889787045
386.5,0.2,0.22599369307139622,0.22599369307139622
386.505,0.2,0.05346728138864251,0.05346728138864251
386.51,0.2,-0.21585072451797754,-0.21585072451797754
386.515,0.2,-0.14540934901385427,-0.14540934901385427
386.52,0.2,0.0759048170723618,0.0759048170723618
386.525,0.2,0.46484923364470726,0.46484923364470726
386.53,0.2,0.5541156797640167,0.5541156797640167
386.535,0.2,0.23064723248245292,0.23064723248245292
386.54,0.2,0.15839199502467652,0.15839199502467652
386.545,0.2,-0.06728677166947152,-0.06728677166947152
386.55,0.2,-0.18841046064457673,-0.18841046064457673
386.555,0.2,-0.031739284266766254,-0.031739284266766254
386.56,0.2,0.19187667603886333,0.19187667603886333
386.565,0.2,0.3900542621447669,0.3900542621447669
386.57,0.2,0.40546153997670537,0.40546153997670537
386.575,0.2,0.4285905518676552,0.4285905518676552
386.58,0.2,0.2292053608504633,0.2292053608504633
386.585,0.2,0.05110308374680414,0.05110308374680414
386.59,0.2,-0.17623973346822036,-0.17623973346822036
386.595,0.2,0.08814783500657278,0.08814783500657278
386.6,0.2,0.18036717917686135,0.18036717917686135
386.605,0.2,0.6224190663237551,0.6224190663237551
386.61,0.2,0.5618698818659894,0.5618698818659894
386.615,0.2,0.2952202289976533,0.2952202289976533
386.62,0.2,0.18593320773707686,0.18593320773707686
386.625,0.2,-0.049218069052077984,-0.049218069052077984
386.63,0.2,-0.02467959248413934,-0.02467959248413934
386.635,0.2,-0.018151574026573743,-0.018151574026573743
386.64,0.2,0.1113288291573611,0.1113288291573611
386.645,0.2,0.5053752400407413,0.5053752400407413
386.65,0.2,0.671355236299728,0.671355236299728
386.655,0.2,0.16163104779557552,0.16163104779557552
386.66,0.2,-0.0001605081962359478,-0.0001605081962359478
386.665,0.2,-0.08248514994970321,-0.08248514994970321
386.67,0.2,-0.15857596133700255,-0.15857596133700255
386.675,0.2,-0.12406350542829223,-0.12406350542829223
386.68,0.2,0.01904622714729637,0.01904622714729637
386.685,0.2,0.49321077766600535,0.49321077766600535
386.69,0.2,0.5997112352967869,0.5997112352967869
386.695,0.2,0.3929633887934858,0.3929633887934858
386.7,0.2,-0.03852945200183537,-0.03852945200183537
386.705,0.2,-0.0780554961095669,-0.0780554961095669
386.71,0.2,-0.2899505080931012,-0.2899505080931012
386.715,0.2,-0.11303058381209953,-0.11303058381209953
386.72,0.2,0.11530637272374887,0.11530637272374887
386.725,0.2,0.25714809736650174,0.25714809736650174
386.73,0.2,0.5291346581902754,0.5291346581902754
386.735,0.2,0.3885252382852408,0.3885252382852408
386.74,0.2,0.18626542444501842,0.18626542444501842
386.745,0.2,0.05361582888861924,0.05361582888861924
386.75,0.2,-0.39360985213198146,-0.39360985213198146
386.755,0.2,-0.27672971131773794,-0.27672971131773794
386.76,0.2,0.10297384621291372,0.10297384621291372
386.765,0.2,0.5383256838116328,0.5383256838116328
386.77,0.2,0.3844897131794532,0.3844897131794532
386.775,0.2,0.31276288885786796,0.31276288885786796
386.78,0.2,0.10761556462015562,0.10761556462015562
386.785,0.2,-0.06399557549708956,-0.06399557549708956
386.79,0.2,-0.041107547201070516,-0.041107547201070516
386.795,0.2,-0.07973909834180583,-0.07973909834180583
386.8,0.2,-0.0837875999506946,-0.0837875999506946
386.805,0.2,0.40212930440850125,0.40212930440850125
386.81,0.2,0.334881312729506,0.334881312729506
386.815,0.2,0.5353558461285441,0.5353558461285441
386.82,0.2,0.11045282232853852,0.11045282232853852
386.825,0.2,-0.04841218573459498,-0.04841218573459498
386.83,0.2,-0.4757587786422681,-0.4757587786422681
386.835,0.2,-0.11090753930908534,-0.11090753930908534
386.84,0.2,0.07802932588019469,0.07802932588019469
386.845,0.2,0.37723380925560845,0.37723380925560845
386.85,0.2,0.38908528524909,0.38908528524909
386.855,0.2,0.5770252548941859,0.5770252548941859
386.86,0.2,0.1792667424959242,0.1792667424959242
386.865,0.2,-0.15434099141120666,-0.15434099141120666
386.87,0.2,-0.22161386011956796,-0.22161386011956796
386.875,0.2,-0.04482719657632486,-0.04482719657632486
386.88,0.2,0.08205307189616576,0.08205307189616576
386.885,0.2,0.5225177842032316,0.5225177842032316
386.89,0.2,0.6366715887898744,0.6366715887898744
386.895,0.2,0.39697486186368913,0.39697486186368913
386.9,0.2,0.23983878552190538,0.23983878552190538
386.905,0.2,0.04928352581536352,0.04928352581536352
386.91,0.2,-0.2382465003226813,-0.2382465003226813
386.915,0.2,-0.023184451349986798,-0.023184451349986798
386.92,0.2,0.17909827171108866,0.17909827171108866
386.925,0.2,0.38263456763289233,0.38263456763289233
386.93,0.2,0.20451986743400025,0.20451986743400025
386.935,0.2,0.3828787701699766,0.3828787701699766
386.94,0.2,0.19475454068588682,0.19475454068588682
386.945,0.2,0.07850054575516678,0.07850054575516678
386.95,0.2,-0.15365757625595422,-0.15365757625595422
386.955,0.2,-0.17508068542617244,-0.17508068542617244
386.96,0.2,0.3012961695948019,0.3012961695948019
386.965,0.2,0.30715787389733357,0.30715787389733357
386.97,0.2,0.6989376597583677,0.6989376597583677
386.975,0.2,0.5883207458442096,0.5883207458442096
386.98,0.2,0.0977363656878979,0.0977363656878979
386.985,0.2,-0.1687250287115432,-0.1687250287115432
386.99,0.2,-0.24186272954104618,-0.24186272954104618
386.995,0.2,-0.1177232069125264,-0.1177232069125264
387.0,0.2,0.28925723563058914,0.28925723563058914
387.005,0.2,0.4194140974165993,0.4194140974165993
387.01,0.2,0.5967111497200903,0.5967111497200903
387.015,0.2,0.418661504275468,0.418661504275468
387.02,0.2,0.27496403153046634,0.27496403153046634
387.025,0.2,0.08560734371442165,0.08560734371442165
387.03,0.2,-0.10902273522358487,-0.10902273522358487
387.035,0.2,-0.09461067750320805,-0.09461067750320805
387.04,0.2,0.14085293784851022,0.14085293784851022
387.045,0.2,0.4708732420351417,0.4708732420351417
387.05,0.2,0.668291067482126,0.668291067482126
387.055,0.2,0.3586912319437706,0.3586912319437706
387.06,0.2,0.24790642941621954,0.24790642941621954
387.065,0.2,-0.0882260777252071,-0.0882260777252071
387.07,0.2,-0.18463935640674461,-0.18463935640674461
387.075,0.2,-0.15909687889666657,-0.15909687889666657
387.08,0.2,0.12865110905792987,0.12865110905792987
387.085,0.2,0.7370125225156385,0.7370125225156385
387.09,0.2,0.5966237228304101,0.5966237228304101
387.095,0.2,0.666240544814285,0.666240544814285
387.1,0.2,0.054535489452898434,0.054535489452898434
387.105,0.2,0.10277755020359607,0.10277755020359607
387.11,0.2,-0.1478235397632735,-0.1478235397632735
387.115,0.2,-0.002991153414040444,-0.002991153414040444
387.12,0.2,0.2847489008091416,0.2847489008091416
387.125,0.2,0.4566642437435593,0.4566642437435593
387.13,0.2,0.3945947080716705,0.3945947080716705
387.135,0.2,0.475805715627228,0.475805715627228
387.14,0.2,0.10708806154575842,0.10708806154575842
387.145,0.2,-0.20849202351438892,-0.20849202351438892
387.15,0.2,-0.14022035310907244,-0.14022035310907244
387.155,0.2,-0.007061612329015487,-0.007061612329015487
387.16,0.2,0.22227108092029443,0.22227108092029443
387.165,0.2,0.44639532918003855,0.44639532918003855
387.17,0.2,0.5986942517317045,0.5986942517317045
387.175,0.2,0.7294512685099606,0.7294512685099606
387.18,0.2,0.32817477518328675,0.32817477518328675
387.185,0.2,-0.08034642594146837,-0.08034642594146837
387.19,0.2,-0.1519874618543617,-0.1519874618543617
387.195,0.2,0.08227888377259923,0.08227888377259923
387.2,0.2,0.14451660026477567,0.14451660026477567
387.205,0.2,0.5191660843918083,0.5191660843918083
387.21,0.2,0.570973028074674,0.570973028074674
387.215,0.2,0.461653792864013,0.461653792864013
387.22,0.2,0.3047594677776832,0.3047594677776832
387.225,0.2,0.021517829877882512,0.021517829877882512
387.23,0.2,-0.12143472054264734,-0.12143472054264734
387.235,0.2,-0.11430681074188426,-0.11430681074188426
387.24,0.2,0.3059672968855181,0.3059672968855181
387.245,0.2,0.5418867495763134,0.5418867495763134
387.25,0.2,0.6296340738653768,0.6296340738653768
387.255,0.2,0.4225761156250307,0.4225761156250307
387.26,0.2,0.13884415954243917,0.13884415954243917
387.265,0.2,0.043738739093156564,0.043738739093156564
387.27,0.2,-0.04810618764199956,-0.04810618764199956
387.275,0.2,-0.045418783316418555,-0.045418783316418555
387.28,0.2,0.33358252627731355,0.33358252627731355
387.285,0.2,0.49192709887455754,0.49192709887455754
387.29,0.2,0.547117175123036,0.547117175123036
387.295,0.2,0.4817136938592093,0.4817136938592093
387.3,0.2,0.1269542120941191,0.1269542120941191
387.305,0.2,0.13542796465618462,0.13542796465618462
387.31,0.2,-0.17214424234508813,-0.17214424234508813
387.315,0.2,-0.01812258348344474,-0.01812258348344474
387.32,0.2,0.2351909396747029,0.2351909396747029
387.325,0.2,0.30781536457535486,0.30781536457535486
387.33,0.2,0.6764294319465166,0.6764294319465166
387.335,0.2,0.5575763559886446,0.5575763559886446
387.34,0.2,0.1120544769972711,0.1120544769972711
387.345,0.2,-0.06868939858248874,-0.06868939858248874
387.35,0.2,0.10802617806490086,0.10802617806490086
387.355,0.2,-0.10551714977526155,-0.10551714977526155
387.36,0.2,0.15531164237850592,0.15531164237850592
387.365,0.2,0.44781335876074524,0.44781335876074524
387.37,0.2,0.48707342064740283,0.48707342064740283
387.375,0.2,0.3742886186857475,0.3742886186857475
387.38,0.2,0.11036428553111421,0.11036428553111421
387.385,0.2,-0.07917816291734739,-0.07917816291734739
387.39,0.2,-0.1759842127896855,-0.1759842127896855
387.395,0.2,-0.03706435764671549,-0.03706435764671549
387.4,0.2,0.18120082905924345,0.18120082905924345
387.405,0.2,0.5008101068801747,0.5008101068801747
387.41,0.2,0.5655184567496421,0.5655184567496421
387.415,0.2,0.4651546344395673,0.4651546344395673
387.42,0.2,-0.08466849550472783,-0.08466849550472783
387.425,0.2,-0.05348260587164109,-0.05348260587164109
387.43,0.2,-0.1730968025452398,-0.1730968025452398
387.435,0.2,-0.1232833680067542,-0.1232833680067542
387.44,0.2,0.08263635266537532,0.08263635266537532
387.445,0.2,0.42753373669519334,0.42753373669519334
387.45,0.2,0.5905701452152131,0.5905701452152131
387.455,0.2,0.541332962285148,0.541332962285148
387.46,0.2,0.24135499761390877,0.24135499761390877
387.465,0.2,-0.10685522852133188,-0.10685522852133188
387.47,0.2,-0.1872970457608683,-0.1872970457608683
387.475,0.2,-0.09134733909978163,-0.09134733909978163
387.48,0.2,0.22556047229637083,0.22556047229637083
387.485,0.2,0.4563302293741178,0.4563302293741178
387.49,0.2,0.28487497784445537,0.28487497784445537
387.495,0.2,0.40004440836309607,0.40004440836309607
387.5,0.2,0.21115079763985234,0.21115079763985234
387.505,0.2,-0.0805071354678798,-0.0805071354678798
387.51,0.2,-0.3070670971547823,-0.3070670971547823
387.515,0.2,-0.05393429316901079,-0.05393429316901079
387.52,0.2,0.11146137682241666,0.11146137682241666
387.525,0.2,0.4057668993450413,0.4057668993450413
387.53,0.2,0.5897293067381147,0.5897293067381147
387.535,0.2,0.47919814988045245,0.47919814988045245
387.54,0.2,0.1504875407497588,0.1504875407497588
387.545,0.2,-0.028591145931885817,-0.028591145931885817
387.55,0.2,-0.23094353606512397,-0.23094353606512397
387.555,0.2,0.06234345071858194,0.06234345071858194
387.56,0.2,0.10831814956944132,0.10831814956944132
387.565,0.2,0.41824636404211146,0.41824636404211146
387.57,0.2,0.5483552784777518,0.5483552784777518
387.575,0.2,0.46724895650300025,0.46724895650300025
387.58,0.2,0.05533742190167083,0.05533742190167083
387.585,0.2,-0.08759863255482563,-0.08759863255482563
387.59,0.2,-0.10955959246402386,-0.10955959246402386
387.595,0.2,-0.1440611437941231,-0.1440611437941231
387.6,0.2,0.13321734864889537,0.13321734864889537
387.605,0.2,0.5869624164523922,0.5869624164523922
387.61,0.2,0.415930558313445,0.415930558313445
387.615,0.2,0.4732577827832018,0.4732577827832018
387.62,0.2,0.21555711780446385,0.21555711780446385
387.625,0.2,-0.05786250056283047,-0.05786250056283047
387.63,0.2,-0.5752481685320108,-0.5752481685320108
387.635,0.2,-0.15547542239635603,-0.15547542239635603
387.64,0.2,0.0780027137279151,0.0780027137279151
387.645,0.2,0.3582161839469862,0.3582161839469862
387.65,0.2,0.5395475595437396,0.5395475595437396
387.655,0.2,0.36486565325715054,0.36486565325715054
387.66,0.2,0.19334740547255183,0.19334740547255183
387.665,0.2,-0.2350370206369716,-0.2350370206369716
387.67,0.2,-0.17726899361429668,-0.17726899361429668
387.675,0.2,-0.24455517382259434,-0.24455517382259434
387.68,0.2,0.23347312264976958,0.23347312264976958
387.685,0.2,0.6185616985190392,0.6185616985190392
387.69,0.2,0.42092589535348673,0.42092589535348673
387.695,0.2,0.45726417818670617,0.45726417818670617
387.7,0.2,0.2261156580870024,0.2261156580870024
387.705,0.2,-0.07587666609916967,-0.07587666609916967
387.71,0.2,-0.12138014229358052,-0.12138014229358052
387.715,0.2,-0.07499857364543315,-0.07499857364543315
387.72,0.2,0.3919035452512655,0.3919035452512655
387.725,0.2,0.535541155414374,0.535541155414374
387.73,0.2,0.601578071861061,0.601578071861061
387.735,0.2,0.45196417831594016,0.45196417831594016
387.74,0.2,0.021294124332748576,0.021294124332748576
387.745,0.2,-0.05959578121326412,-0.05959578121326412
387.75,0.2,-0.3799019587158689,-0.3799019587158689
387.755,0.2,-0.06809563463615176,-0.06809563463615176
387.76,0.2,0.22263194303979206,0.22263194303979206
387.765,0.2,0.5455610288969972,0.5455610288969972
387.77,0.2,0.558081133489366,0.558081133489366
387.775,0.2,0.3368906527683123,0.3368906527683123
387.78,0.2,0.10350572517250482,0.10350572517250482
387.785,0.2,-0.10295019805669019,-0.10295019805669019
387.79,0.2,-0.15786884681359684,-0.15786884681359684
387.795,0.2,-0.017736458584078033,-0.017736458584078033
387.8,0.2,0.40687933909026697,0.40687933909026697
387.805,0.2,0.18694005876574588,0.18694005876574588
387.81,0.2,0.364215886075123,0.364215886075123
387.815,0.2,0.3958451067061305,0.3958451067061305
387.82,0.2,0.11226113826816991,0.11226113826816991
387.825,0.2,-0.08369945247039268,-0.08369945247039268
387.83,0.2,-0.16823910699171485,-0.16823910699171485
387.835,0.2,0.14959383468293716,0.14959383468293716
387.84,0.2,0.05806513074566033,0.05806513074566033
387.845,0.2,0.46623590938248366,0.46623590938248366
387.85,0.2,0.49959521582895594,0.49959521582895594
387.855,0.2,0.42841122707149154,0.42841122707149154
387.86,0.2,0.07813830717522392,0.07813830717522392
387.865,0.2,0.10431656741444098,0.10431656741444098
387.87,0.2,-0.1439630233656352,-0.1439630233656352
387.875,0.2,0.1633933676798537,0.1633933676798537
387.88,0.2,0.13180678481028063,0.13180678481028063
387.885,0.2,0.38906813122757694,0.38906813122757694
387.89,0.2,0.517733627633129,0.517733627633129
387.895,0.2,0.2754561672938984,0.2754561672938984
387.9,0.2,0.31278239087957305,0.31278239087957305
387.905,0.2,-0.16832529048420836,-0.16832529048420836
387.91,0.2,0.00043084581668892397,0.00043084581668892397
387.915,0.2,0.09331527680447274,0.09331527680447274
387.92,0.2,0.1360410668741412,0.1360410668741412
387.925,0.2,0.46389596281606266,0.46389596281606266
387.93,0.2,0.6086570833861117,0.6086570833861117
387.935,0.2,0.5170275229401179,0.5170275229401179
387.94,0.2,0.3586833470851346,0.3586833470851346
387.945,0.2,0.05764142292671762,0.05764142292671762
387.95,0.2,-0.31845938204100316,-0.31845938204100316
387.955,0.2,-0.006170633515569495,-0.006170633515569495
387.96,0.2,0.4179595392926684,0.4179595392926684
387.965,0.2,0.30105789970971286,0.30105789970971286
387.97,0.2,0.4766968662509713,0.4766968662509713
387.975,0.2,0.4249903975121587,0.4249903975121587
387.98,0.2,0.3886836921444237,0.3886836921444237
387.985,0.2,-0.22717247736732576,-0.22717247736732576
387.99,0.2,0.16798496016566533,0.16798496016566533
387.995,0.2,-0.021102737787355247,-0.021102737787355247
388.0,0.2,0.21837490112713243,0.21837490112713243
388.005,0.2,0.5915809607238385,0.5915809607238385
388.01,0.2,0.5842245946008235,0.5842245946008235
388.015,0.2,0.5256810456923986,0.5256810456923986
388.02,0.2,0.2874642901390418,0.2874642901390418
388.025,0.2,-0.04898563749622833,-0.04898563749622833
388.03,0.2,-0.23322401234908668,-0.23322401234908668
388.035,0.2,-0.05517783582048447,-0.05517783582048447
388.04,0.2,0.29335546915565186,0.29335546915565186
388.045,0.2,0.41723278052297536,0.41723278052297536
388.05,0.2,0.5161302979783823,0.5161302979783823
388.055,0.2,0.5556063785379253,0.5556063785379253
388.06,0.2,0.4384765462922299,0.4384765462922299
388.065,0.2,0.10855827845100166,0.10855827845100166
388.07,0.2,-0.28074365049086725,-0.28074365049086725
388.075,0.2,0.015722036966717638,0.015722036966717638
388.08,0.2,0.4231378060378599,0.4231378060378599
388.085,0.2,0.48470466750653485,0.48470466750653485
388.09,0.2,0.7982417481238173,0.7982417481238173
388.095,0.2,0.3225346365370457,0.3225346365370457
388.1,0.2,0.3846384148020867,0.3846384148020867
388.105,0.2,-0.19593442503098016,-0.19593442503098016
388.11,0.2,-0.0814254564109535,-0.0814254564109535
388.115,0.2,0.21077282768156397,0.21077282768156397
388.12,0.2,0.3620883086523075,0.3620883086523075
388.125,0.2,0.6206813296013646,0.6206813296013646
388.13,0.2,0.5942416720383006,0.5942416720383006
388.135,0.2,0.4649646361523106,0.4649646361523106
388.14,0.2,0.2243833539382056,0.2243833539382056
388.145,0.2,0.05265525275577165,0.05265525275577165
388.15,0.2,-0.04586933355065265,-0.04586933355065265
388.155,0.2,-0.019758354517583065,-0.019758354517583065
388.16,0.2,0.11107770888419446,0.11107770888419446
388.165,0.2,0.5711123988825225,0.5711123988825225
388.17,0.2,0.5323661509271151,0.5323661509271151
388.175,0.2,0.46560487878782997,0.46560487878782997
388.18,0.2,0.2877442296527117,0.2877442296527117
388.185,0.2,-0.025798423451769373,-0.025798423451769373
388.19,0.2,0.01281944488819689,0.01281944488819689
388.195,0.2,0.0012001503597638928,0.0012001503597638928
388.2,0.2,0.11315084730785704,0.11315084730785704
388.205,0.2,0.37647623366662075,0.37647623366662075
388.21,0.2,0.5399830865432653,0.5399830865432653
388.215,0.2,0.5290944488816743,0.5290944488816743
388.22,0.2,0.1946520790336845,0.1946520790336845
388.225,0.2,-0.032154594016451134,-0.032154594016451134
388.23,0.2,-0.23005530105929406,-0.23005530105929406
388.235,0.2,-0.15489766769270596,-0.15489766769270596
388.24,0.2,0.043641501597823124,0.043641501597823124
388.245,0.2,0.5764515273905979,0.5764515273905979
388.25,0.2,0.49325198095396455,0.49325198095396455
388.255,0.2,0.5824913621184726,0.5824913621184726
388.26,0.2,0.12021082145453808,0.12021082145453808
388.265,0.2,-0.07642838223652153,-0.07642838223652153
388.27,0.2,-0.2551057448084609,-0.2551057448084609
388.275,0.2,-0.12106199023527564,-0.12106199023527564
388.28,0.2,0.2803560419801112,0.2803560419801112
388.285,0.2,0.3538774879368246,0.3538774879368246
388.29,0.2,0.6860442122094329,0.6860442122094329
388.295,0.2,0.3918727783951719,0.3918727783951719
388.3,0.2,0.4244128965509662,0.4244128965509662
388.305,0.2,-0.15235738703700363,-0.15235738703700363
388.31,0.2,-0.24905732469779895,-0.24905732469779895
388.315,0.2,-0.052141483011923125,-0.052141483011923125
388.32,0.2,0.2579912878491892,0.2579912878491892
388.325,0.2,0.5371304286020779,0.5371304286020779
388.33,0.2,0.5195239846235726,0.5195239846235726
388.335,0.2,0.6040833700102428,0.6040833700102428
388.34,0.2,0.27752304691886764,0.27752304691886764
388.345,0.2,-0.10457195093471475,-0.10457195093471475
388.35,0.2,0.05203027550929501,0.05203027550929501
388.355,0.2,0.11426729201873242,0.11426729201873242
388.36,0.2,0.254476771564507,0.254476771564507
388.365,0.2,0.42227818894277164,0.42227818894277164
388.37,0.2,0.724176748001963,0.724176748001963
388.375,0.2,0.29893542828257,0.29893542828257
388.38,0.2,0.17835456213569956,0.17835456213569956
388.385,0.2,0.08242163623629707,0.08242163623629707
388.39,0.2,-0.041853729168266754,-0.041853729168266754
388.395,0.2,-0.021742112445241987,-0.021742112445241987
388.4,0.2,0.24983681569428232,0.24983681569428232
388.405,0.2,0.5325375226044897,0.5325375226044897
388.41,0.2,0.683853988740039,0.683853988740039
388.415,0.2,0.40836835920355885,0.40836835920355885
388.42,0.2,0.1436894490682625,0.1436894490682625
388.425,0.2,-0.1873913687081677,-0.1873913687081677
388.43,0.2,-0.26392701660816786,-0.26392701660816786
388.435,0.2,-0.04346107853972057,-0.04346107853972057
388.44,0.2,0.3890001951139335,0.3890001951139335
388.445,0.2,0.4259751197925765,0.4259751197925765
388.45,0.2,0.5085715416277868,0.5085715416277868
388.455,0.2,0.3200039528683931,0.3200039528683931
388.46,0.2,0.25055044913984037,0.25055044913984037
388.465,0.2,-0.190642051962972,-0.190642051962972
388.47,0.2,-0.19138585800729657,-0.19138585800729657
388.475,0.2,0.006739638968249917,0.006739638968249917
388.48,0.2,0.12268735092292948,0.12268735092292948
388.485,0.2,0.488721120427519,0.488721120427519
388.49,0.2,0.4892425789687391,0.4892425789687391
388.495,0.2,0.3888521188443334,0.3888521188443334
388.5,0.2,-0.01843357001728757,-0.01843357001728757
388.505,0.2,0.006436095522494592,0.006436095522494592
388.51,0.2,-0.2610333286498452,-0.2610333286498452
388.515,0.2,0.019155508694124898,0.019155508694124898
388.52,0.2,0.2691785577352137,0.2691785577352137
388.525,0.2,0.4812098010921465,0.4812098010921465
388.53,0.2,0.5032204935366391,0.5032204935366391
388.535,0.2,0.530003759057886,0.530003759057886
388.54,0.2,0.1087409743737894,0.1087409743737894
388.545,0.2,-0.09941164540223352,-0.09941164540223352
388.55,0.2,-0.4240484667231517,-0.4240484667231517
388.555,0.2,0.03969920408800735,0.03969920408800735
388.56,0.2,0.24475468346996287,0.24475468346996287
388.565,0.2,0.4589469499823315,0.4589469499823315
388.57,0.2,0.567465450036486,0.567465450036486
388.575,0.2,0.19867729760574965,0.19867729760574965
388.58,0.2,0.22591966351259682,0.22591966351259682
388.585,0.2,-0.3024305949400026,-0.3024305949400026
388.59,0.2,-0.32700093705511535,-0.32700093705511535
388.595,0.2,0.08454277678526946,0.08454277678526946
388.6,0.2,0.20817884901877926,0.20817884901877926
388.605,0.2,0.3872660275248039,0.3872660275248039
388.61,0.2,0.7351876761216768,0.7351876761216768
388.615,0.2,0.38306534640177237,0.38306534640177237
388.62,0.2,0.22144168979815315,0.22144168979815315
388.625,0.2,-0.12950545925584883,-0.12950545925584883
388.63,0.2,-0.19406349211701118,-0.19406349211701118
388.635,0.2,0.07942949141103006,0.07942949141103006
388.64,0.2,0.17847441722671564,0.17847441722671564
388.645,0.2,0.47632879119871907,0.47632879119871907
388.65,0.2,0.5676840463837614,0.5676840463837614
388.655,0.2,0.376996323483786,0.376996323483786
388.66,0.2,0.30065875953230026,0.30065875953230026
388.665,0.2,-0.17986642257458843,-0.17986642257458843
388.67,0.2,-0.15189621570400014,-0.15189621570400014
388.675,0.2,-0.10980722771360034,-0.10980722771360034
388.68,0.2,0.1422722949051673,0.1422722949051673
388.685,0.2,0.49616913236661553,0.49616913236661553
388.69,0.2,0.5383903053453077,0.5383903053453077
388.695,0.2,0.6311403612593047,0.6311403612593047
388.7,0.2,0.38605933975575263,0.38605933975575263
388.705,0.2,0.08005546097402078,0.08005546097402078
388.71,0.2,-0.11838622982010971,-0.11838622982010971
388.715,0.2,-0.13319783021660986,-0.13319783021660986
388.72,0.2,0.23834142236800435,0.23834142236800435
388.725,0.2,0.49923677303084685,0.49923677303084685
388.73,0.2,0.6086322578292729,0.6086322578292729
388.735,0.2,0.4471571141320103,0.4471571141320103
388.74,0.2,0.1146481760183718,0.1146481760183718
388.745,0.2,-0.08378327940679857,-0.08378327940679857
388.75,0.2,0.003639851670155264,0.003639851670155264
388.755,0.2,-0.04806752836224964,-0.04806752836224964
388.76,0.2,0.1411032023244415,0.1411032023244415
388.765,0.2,0.46532677973039016,0.46532677973039016
388.77,0.2,0.5112102717441304,0.5112102717441304
388.775,0.2,0.39805248172149177,0.39805248172149177
388.78,0.2,0.19786818781243531,0.19786818781243531
388.785,0.2,-0.043599758687169046,-0.043599758687169046
388.79,0.2,-0.17224969957751396,-0.17224969957751396
388.795,0.2,0.11297294691458964,0.11297294691458964
388.8,0.2,0.47512018686873175,0.47512018686873175
388.805,0.2,0.5828421460769134,0.5828421460769134
388.81,0.2,0.46399887169238724,0.46399887169238724
388.815,0.2,0.522314618926061,0.522314618926061
388.82,0.2,-0.061595452343669754,-0.061595452343669754
388.825,0.2,-0.16283657111743233,-0.16283657111743233
388.83,0.2,-0.05380223607621035,-0.05380223607621035
388.835,0.2,0.048565976631495714,0.048565976631495714
388.84,0.2,0.40022931199049244,0.40022931199049244
388.845,0.2,0.6534815446404179,0.6534815446404179
388.85,0.2,0.8376913225400757,0.8376913225400757
388.855,0.2,0.5454732398172067,0.5454732398172067
388.86,0.2,0.2551540219068564,0.2551540219068564
388.865,0.2,0.0567158794762003,0.0567158794762003
388.87,0.2,-0.10905944768190007,-0.10905944768190007
388.875,0.2,-0.031784561860989824,-0.031784561860989824
388.88,0.2,0.19450003507017705,0.19450003507017705
388.885,0.2,0.3599568603534845,0.3599568603534845
388.89,0.2,0.6772266212008283,0.6772266212008283
388.895,0.2,0.5198284735115043,0.5198284735115043
388.9,0.2,0.12071416775253965,0.12071416775253965
388.905,0.2,-0.013776034520452446,-0.013776034520452446
388.91,0.2,-0.10351173033892266,-0.10351173033892266
388.915,0.2,0.2308367830625274,0.2308367830625274
388.92,0.2,0.18945413243340303,0.18945413243340303
388.925,0.2,0.367831710469836,0.367831710469836
388.93,0.2,0.749045599874497,0.749045599874497
388.935,0.2,0.3499789355051267,0.3499789355051267
388.94,0.2,0.3177597552131738,0.3177597552131738
388.945,0.2,-0.04624297360045036,-0.04624297360045036
388.95,0.2,-0.02349769435770921,-0.02349769435770921
388.955,0.2,-0.08969710905851497,-0.08969710905851497
388.96,0.2,0.2236212592149899,0.2236212592149899
388.965,0.2,0.435245329957322,0.435245329957322
388.97,0.2,0.4986167303472523,0.4986167303472523
388.975,0.2,0.370610110579922,0.370610110579922
388.98,0.2,0.32828283803923286,0.32828283803923286
388.985,0.2,-0.1535635265860597,-0.1535635265860597
388.99,0.2,-0.14418054672642577,-0.14418054672642577
388.995,0.2,0.014781483457401323,0.014781483457401323
389.0,0.2,0.2189800071798575,0.2189800071798575
389.005,0.2,0.5435786852033464,0.5435786852033464
389.01,0.2,0.5658894071258355,0.5658894071258355
389.015,0.2,0.5838376359985703,0.5838376359985703
389.02,0.2,0.3633320680504184,0.3633320680504184
389.025,0.2,-0.006965539573446401,-0.006965539573446401
389.03,0.2,-0.3114279613186768,-0.3114279613186768
389.035,0.2,-0.0611322895941563,-0.0611322895941563
389.04,0.2,0.299545534121869,0.299545534121869
389.045,0.2,0.6408943070365128,0.6408943070365128
389.05,0.2,0.5381833123246039,0.5381833123246039
389.055,0.2,0.6231451709702261,0.6231451709702261
389.06,0.2,0.2978221725664323,0.2978221725664323
389.065,0.2,0.07105476567893591,0.07105476567893591
389.07,0.2,-0.17097228965896621,-0.17097228965896621
389.075,0.2,0.0075154841319566325,0.0075154841319566325
389.08,0.2,0.3992594471623435,0.3992594471623435
389.085,0.2,0.49758573137928225,0.49758573137928225
389.09,0.2,0.706193338819106,0.706193338819106
389.095,0.2,0.4985479000198221,0.4985479000198221
389.1,0.2,0.3009122846764799,0.3009122846764799
389.105,0.2,-0.018235264380626663,-0.018235264380626663
389.11,0.2,-0.0653827086779826,-0.0653827086779826
389.115,0.2,0.1430686243770499,0.1430686243770499
389.12,0.2,0.34083800878123705,0.34083800878123705
389.125,0.2,0.6464626101399492,0.6464626101399492
389.13,0.2,0.6431840824126729,0.6431840824126729
389.135,0.2,0.23970954273939965,0.23970954273939965
389.14,0.2,0.45626395420142907,0.45626395420142907
389.145,0.2,0.12465552529760926,0.12465552529760926
389.15,0.2,0.022168369297101295,0.022168369297101295
389.155,0.2,0.2000513207273604,0.2000513207273604
389.16,0.2,0.3034873273517247,0.3034873273517247
389.165,0.2,0.45265013751546557,0.45265013751546557
389.17,0.2,0.648724348174492,0.648724348174492
389.175,0.2,0.45984966796102694,0.45984966796102694
389.18,0.2,0.28333209064209425,0.28333209064209425
389.185,0.2,0.11631274925026162,0.11631274925026162
389.19,0.2,-0.031049934964863017,-0.031049934964863017
389.195,0.2,0.12989516609511934,0.12989516609511934
389.2,0.2,0.26542644939928817,0.26542644939928817
389.205,0.2,0.6823175085771604,0.6823175085771604
389.21,0.2,0.6483326257844134,0.6483326257844134
389.215,0.2,0.6480563830643136,0.6480563830643136
389.22,0.2,0.14255465123128253,0.14255465123128253
389.225,0.2,0.02002590716137475,0.02002590716137475
389.23,0.2,-0.1834308298884854,-0.1834308298884854
389.235,0.2,0.10457654413199824,0.10457654413199824
389.24,0.2,0.31513978365065376,0.31513978365065376
389.245,0.2,0.4879437417008978,0.4879437417008978
389.25,0.2,0.5110534983172028,0.5110534983172028
389.255,0.2,0.4705680465345454,0.4705680465345454
389.26,0.2,0.22623387636119882,0.22623387636119882
389.265,0.2,0.057115142875721905,0.057115142875721905
389.27,0.2,-0.1493458340678569,-0.1493458340678569
389.275,0.2,-0.1024342690540492,-0.1024342690540492
389.28,0.2,0.319570134175104,0.319570134175104
389.285,0.2,0.6447514969330069,0.6447514969330069
389.29,0.2,0.3975592254919794,0.3975592254919794
389.295,0.2,0.5758173171325642,0.5758173171325642
389.3,0.2,0.22122425776394164,0.22122425776394164
389.305,0.2,-0.023119826158311686,-0.023119826158311686
389.31,0.2,-0.13567035611611047,-0.13567035611611047
389.315,0.2,0.05415831139331093,0.05415831139331093
389.32,0.2,0.09905647135814932,0.09905647135814932
389.325,0.2,0.5597664835875619,0.5597664835875619
389.33,0.2,0.5711330473231373,0.5711330473231373
389.335,0.2,0.3823649697330387,0.3823649697330387
389.34,0.2,-0.02418859316450933,-0.02418859316450933
389.345,0.2,0.07170665526690789,0.07170665526690789
389.35,0.2,-0.17953101175470146,-0.17953101175470146
389.355,0.2,-0.03380509211708159,-0.03380509211708159
389.36,0.2,0.0945712516814885,0.0945712516814885
389.365,0.2,0.7045617647330975,0.7045617647330975
389.37,0.2,0.5613359420634365,0.5613359420634365
389.375,0.2,0.3748489825873854,0.3748489825873854
389.38,0.2,0.12214422140582568,0.12214422140582568
389.385,0.2,-0.11835123362619834,-0.11835123362619834
389.39,0.2,-0.09784923181300985,-0.09784923181300985
389.395,0.2,-0.03028350993075559,-0.03028350993075559
389.4,0.2,0.2280452190183476,0.2280452190183476
389.405,0.2,0.4059102242148774,0.4059102242148774
389.41,0.2,0.6495872652552391,0.6495872652552391
389.415,0.2,0.39925759651028936,0.39925759651028936
389.42,0.2,0.26546990264353587,0.26546990264353587
389.425,0.2,-0.14370035787312507,-0.14370035787312507
389.43,0.2,-0.17351966828002657,-0.17351966828002657
389.435,0.2,0.09723258556207887,0.09723258556207887
389.44,0.2,0.2665408776535029,0.2665408776535029
389.445,0.2,0.3585432662776007,0.3585432662776007
389.45,0.2,0.4169875418554717,0.4169875418554717
389.455,0.2,0.49777608138045415,0.49777608138045415
389.46,0.2,0.3108114353785891,0.3108114353785891
389.465,0.2,-0.03577824052795814,-0.03577824052795814
389.47,0.2,-0.12213033746675073,-0.12213033746675073
389.475,0.2,0.02330670458976021,0.02330670458976021
389.48,0.2,0.29552575160875927,0.29552575160875927
389.485,0.2,0.5398118938733317,0.5398118938733317
389.49,0.2,0.504874570517026,0.504874570517026
389.495,0.2,0.5663213171353965,0.5663213171353965
389.5,0.2,0.2604727630368999,0.2604727630368999
389.505,0.2,-0.0670342960835908,-0.0670342960835908
389.51,0.2,-0.059573871696091074,-0.059573871696091074
389.515,0.2,0.022323569669193657,0.022323569669193657
389.52,0.2,0.2003946630172483,0.2003946630172483
389.525,0.2,0.5785973758134757,0.5785973758134757
389.53,0.2,0.5267861263088792,0.5267861263088792
389.535,0.2,0.4119600885814624,0.4119600885814624
389.54,0.2,0.22065372531473318,0.22065372531473318
389.545,0.2,-0.1099731230603103,-0.1099731230603103
389.55,0.2,-0.09118907827654084,-0.09118907827654084
389.555,0.2,-0.01724497439224283,-0.01724497439224283
389.56,0.2,0.2213788722092001,0.2213788722092001
389.565,0.2,0.43728923014271726,0.43728923014271726
389.57,0.2,0.7398935624641922,0.7398935624641922
389.575,0.2,0.5101480222095057,0.5101480222095057
389.58,0.2,0.079032528528656,0.079032528528656
389.585,0.2,-0.10859068443427576,-0.10859068443427576
389.59,0.2,-0.15266235983596557,-0.15266235983596557
389.595,0.2,-0.16902160901337732,-0.16902160901337732
389.6,0.2,0.3366884993242304,0.3366884993242304
389.605,0.2,0.5550728358962611,0.5550728358962611
389.61,0.2,0.7921323944102043,0.7921323944102043
389.615,0.2,0.43231938686711996,0.43231938686711996
389.62,0.2,0.06640865882677674,0.06640865882677674
389.625,0.2,-0.07510298842878464,-0.07510298842878464
389.63,0.2,-0.1211116850529578,-0.1211116850529578
389.635,0.2,0.08164143472136602,0.08164143472136602
389.64,0.2,0.3592383414506397,0.3592383414506397
389.645,0.2,0.5541636685163045,0.5541636685163045
389.65,0.2,0.5514903805411271,0.5514903805411271
389.655,0.2,0.5571273116441653,0.5571273116441653
389.66,0.2,0.2669200833855325,0.2669200833855325
389.665,0.2,-0.11033299763611804,-0.11033299763611804
389.67,0.2,-0.16986043925504307,-0.16986043925504307
389.675,0.2,-0.009957678346817558,-0.009957678346817558
389.68,0.2,0.39952368924161863,0.39952368924161863
389.685,0.2,0.4098991842561409,0.4098991842561409
389.69,0.2,0.5809691025344788,0.5809691025344788
389.695,0.2,0.35947834177782834,0.35947834177782834
389.7,0.2,0.28462456163343003,0.28462456163343003
389.705,0.2,-0.2481597336266176,-0.2481597336266176
389.71,0.2,0.04069935665291344,0.04069935665291344
389.715,0.2,-0.050184335658795126,-0.050184335658795126
389.72,0.2,0.3905821370978565,0.3905821370978565
389.725,0.2,0.516455402457675,0.516455402457675
389.73,0.2,0.6603476452039628,0.6603476452039628
389.735,0.2,0.4626504064389351,0.4626504064389351
389.74,0.2,0.5300141709672448,0.5300141709672448
389.745,0.2,-0.07029199472860416,-0.07029199472860416
389.75,0.2,-0.15296224395998925,-0.15296224395998925
389.755,0.2,0.04525153925069888,0.04525153925069888
389.76,0.2,0.22249476599141138,0.22249476599141138
389.765,0.2,0.38666382859129667,0.38666382859129667
389.77,0.2,0.6975786923842876,0.6975786923842876
389.775,0.2,0.6100512131223604,0.6100512131223604
389.78,0.2,0.3287581217487967,0.3287581217487967
389.785,0.2,0.01869919730655445,0.01869919730655445
389.79,0.2,-0.0335672634392545,-0.0335672634392545
389.795,0.2,0.03559372649508427,0.03559372649508427
389.8,0.2,0.18834004319235959,0.18834004319235959
389.805,0.2,0.3724344971579664,0.3724344971579664
389.81,0.2,0.5797722599964571,0.5797722599964571
389.815,0.2,0.430540485330949,0.430540485330949
389.82,0.2,0.1415535075853345,0.1415535075853345
389.825,0.2,0.09864309924114653,0.09864309924114653
389.83,0.2,-0.22537872979102103,-0.22537872979102103
389.835,0.2,0.08891206054157433,0.08891206054157433
389.84,0.2,0.3649636682648343,0.3649636682648343
389.845,0.2,0.5131518460363887,0.5131518460363887
389.85,0.2,0.5524429632523764,0.5524429632523764
389.855,0.2,0.378912265179361,0.378912265179361
389.86,0.2,0.33329739785216494,0.33329739785216494
389.865,0.2,-0.07961291424743791,-0.07961291424743791
389.87,0.2,-0.32272271254619,-0.32272271254619
389.875,0.2,0.12317331053432608,0.12317331053432608
389.88,0.2,0.17580983338546768,0.17580983338546768
389.885,0.2,0.627563160819206,0.627563160819206
389.89,0.2,0.6134260678466802,0.6134260678466802
389.895,0.2,0.3658793815665069,0.3658793815665069
389.9,0.2,0.2519224316092751,0.2519224316092751
389.905,0.2,-0.08075414061430043,-0.08075414061430043
389.91,0.2,-0.11152589504925826,-0.11152589504925826
389.915,0.2,0.029399951950835352,0.029399951950835352
389.92,0.2,0.47176658313427494,0.47176658313427494
389.925,0.2,0.4787400205314718,0.4787400205314718
389.93,0.2,0.5809046258538721,0.5809046258538721
389.935,0.2,0.38829348523768414,0.38829348523768414
389.94,0.2,0.23430537941678897,0.23430537941678897
389.945,0.2,0.1910977674866794,0.1910977674866794
389.95,0.2,-0.14387028279043856,-0.14387028279043856
389.955,0.2,0.054754635180787,0.054754635180787
389.96,0.2,0.23310390367227524,0.23310390367227524
389.965,0.2,0.5702626568871922,0.5702626568871922
389.97,0.2,0.4866848443399296,0.4866848443399296
389.975,0.2,0.39063093113345776,0.39063093113345776
389.98,0.2,0.3197602911159592,0.3197602911159592
389.985,0.2,-0.029716508379535222,-0.029716508379535222
389.99,0.2,-0.17339350802209602,-0.17339350802209602
389.995,0.2,0.05835104254554241,0.05835104254554241
390.0,0.2,0.23886243117880396,0.23886243117880396
390.005,0.2,0.5315829557571394,0.5315829557571394
390.01,0.2,0.5734003755281688,0.5734003755281688
390.015,0.2,0.3695417589857484,0.3695417589857484
390.02,0.2,0.07570421828529653,0.07570421828529653
390.025,0.2,0.00838813760522071,0.00838813760522071
390.03,0.2,-0.0802759873633039,-0.0802759873633039
390.035,0.2,0.05994456349984412,0.05994456349984412
390.04,0.2,0.09832932492507337,0.09832932492507337
390.045,0.2,0.6544430230468494,0.6544430230468494
390.05,0.2,0.6636920701464463,0.6636920701464463
390.055,0.2,0.544739922469783,0.544739922469783
390.06,0.2,0.1886051941354414,0.1886051941354414
390.065,0.2,-0.13900577065108127,-0.13900577065108127
390.07,0.2,-0.14254156092686554,-0.14254156092686554
390.075,0.2,-0.08148897148217751,-0.08148897148217751
390.08,0.2,0.3309515749712493,0.3309515749712493
390.085,0.2,0.494297940906868,0.494297940906868
390.09,0.2,0.5423460911089916,0.5423460911089916
390.095,0.2,0.3475374615662471,0.3475374615662471
390.1,0.2,0.3684445511425817,0.3684445511425817
390.105,0.2,-0.06253881301581644,-0.06253881301581644
390.11,0.2,-0.1246033372641751,-0.1246033372641751
390.115,0.2,-0.01810786753563958,-0.01810786753563958
390.12,0.2,0.39812839641809405,0.39812839641809405
390.125,0.2,0.48627221748811733,0.48627221748811733
390.13,0.2,0.5159282192370818,0.5159282192370818
390.135,0.2,0.589262538811341,0.589262538811341
390.14,0.2,0.21493560852582425,0.21493560852582425
390.145,0.2,-0.015141415146930785,-0.015141415146930785
390.15,0.2,-0.3080744507338136,-0.3080744507338136
390.155,0.2,0.06950779198049459,0.06950779198049459
390.16,0.2,0.28184726916895686,0.28184726916895686
390.165,0.2,0.48772757581156484,0.48772757581156484
390.17,0.2,0.7094800155282514,0.7094800155282514
390.175,0.2,0.7153498425029827,0.7153498425029827
390.18,0.2,0.23065308365706075,0.23065308365706075
390.185,0.2,-0.06424598171164146,-0.06424598171164146
390.19,0.2,-0.3108752688335466,-0.3108752688335466
390.195,0.2,0.11659606342904826,0.11659606342904826
390.2,0.2,0.1075480233357195,0.1075480233357195
390.205,0.2,0.5862209649647518,0.5862209649647518
390.21,0.2,0.806151504740101,0.806151504740101
390.215,0.2,0.5353266623188422,0.5353266623188422
390.22,0.2,0.46099616302475155,0.46099616302475155
390.225,0.2,-0.05672050829906444,-0.05672050829906444
390.23,0.2,-0.11662320366831173,-0.11662320366831173
390.235,0.2,-0.013333224197270345,-0.013333224197270345
390.24,0.2,0.23995127689505336,0.23995127689505336
390.245,0.2,0.4793710811487304,0.4793710811487304
390.25,0.2,0.6004611121948387,0.6004611121948387
390.255,0.2,0.5517981006889011,0.5517981006889011
390.26,0.2,0.35614442377482036,0.35614442377482036
390.265,0.2,-0.0028150000002711145,-0.0028150000002711145
390.27,0.2,0.003635758556568308,0.003635758556568308
390.275,0.2,-0.0005661130537990729,-0.0005661130537990729
390.28,0.2,0.12731416138874943,0.12731416138874943
390.285,0.2,0.5316037673202351,0.5316037673202351
390.29,0.2,0.5428270968198308,0.5428270968198308
390.295,0.2,0.2780403247049284,0.2780403247049284
390.3,0.2,0.2792997652815367,0.2792997652815367
390.305,0.2,0.0062757983861468246,0.0062757983861468246
390.31,0.2,-0.014632998125558946,-0.014632998125558946
390.315,0.2,-0.04640409423782782,-0.04640409423782782
390.32,0.2,0.3219155941594424,0.3219155941594424
390.325,0.2,0.44212052977260086,0.44212052977260086
390.33,0.2,0.5219450500289083,0.5219450500289083
390.335,0.2,0.35180489839975304,0.35180489839975304
390.34,0.2,0.36662834242717424,0.36662834242717424
390.345,0.2,0.14591525814562908,0.14591525814562908
390.35,0.2,-0.2121011565232349,-0.2121011565232349
390.355,0.2,-0.07931617905212396,-0.07931617905212396
390.36,0.2,0.3180494036493642,0.3180494036493642
390.365,0.2,0.5143281344477573,0.5143281344477573
390.37,0.2,0.6680603951058626,0.6680603951058626
390.375,0.2,0.47350046037451093,0.47350046037451093
390.38,0.2,0.1944375899947904,0.1944375899947904
390.385,0.2,0.20605270518378307,0.20605270518378307
390.39,0.2,-0.07427071639969943,-0.07427071639969943
390.395,0.2,0.14238857998455648,0.14238857998455648
390.4,0.2,0.3993755793580147,0.3993755793580147
390.405,0.2,0.48816798534447015,0.48816798534447015
390.41,0.2,0.7214754957729989,0.7214754957729989
390.415,0.2,0.3029191049861193,0.3029191049861193
390.42,0.2,0.1787354388783743,0.1787354388783743
390.425,0.2,0.03361289179708058,0.03361289179708058
390.43,0.2,-0.20174508704892757,-0.20174508704892757
390.435,0.2,0.03626486789976811,0.03626486789976811
390.44,0.2,0.2060726898257043,0.2060726898257043
390.445,0.2,0.43390509882795847,0.43390509882795847
390.45,0.2,0.539284070003319,0.539284070003319
390.455,0.2,0.47348040263728897,0.47348040263728897
390.46,0.2,0.2584131353795895,0.2584131353795895
390.465,0.2,0.1419912258969035,0.1419912258969035
390.47,0.2,-0.20866202125368524,-0.20866202125368524
390.475,0.2,0.04053004834417499,0.04053004834417499
390.48,0.2,0.363681536214454,0.363681536214454
390.485,0.2,0.5012823944456387,0.5012823944456387
390.49,0.2,0.5651207336686823,0.5651207336686823
390.495,0.2,0.5050877342974022,0.5050877342974022
390.5,0.2,0.0005827842709094366,0.0005827842709094366
390.505,0.2,-0.09600297770618763,-0.09600297770618763
390.51,0.2,-0.16897481850917384,-0.16897481850917384
390.515,0.2,-0.00754544830253016,-0.00754544830253016
390.52,0.2,0.193686938684734,0.193686938684734
390.525,0.2,0.5706738121990869,0.5706738121990869
390.53,0.2,0.6369965949070322,0.6369965949070322
390.535,0.2,0.6410859626881628,0.6410859626881628
390.54,0.2,0.26038730040010605,0.26038730040010605
390.545,0.2,0.05317159833922781,0.05317159833922781
390.55,0.2,0.0767629420044098,0.0767629420044098
390.555,0.2,0.022065314338116954,0.022065314338116954
390.56,0.2,0.32028499973680813,0.32028499973680813
390.565,0.2,0.6302028199148428,0.6302028199148428
390.57,0.2,0.5838654807273758,0.5838654807273758
390.575,0.2,0.38678471875466874,0.38678471875466874
390.58,0.2,0.30880486197880125,0.30880486197880125
390.585,0.2,-0.19986875191268322,-0.19986875191268322
390.59,0.2,-0.0718822567414579,-0.0718822567414579
390.595,0.2,0.15494164075119665,0.15494164075119665
390.6,0.2,0.315428079226543,0.315428079226543
390.605,0.2,0.528781961695304,0.528781961695304
390.61,0.2,0.5293292107033213,0.5293292107033213
390.615,0.2,0.4291610040043821,0.4291610040043821
390.62,0.2,0.42240818638079586,0.42240818638079586
390.625,0.2,0.0009407956408032693,0.0009407956408032693
390.63,0.2,-0.10723591240265598,-0.10723591240265598
390.635,0.2,0.08697430669419262,0.08697430669419262
390.64,0.2,0.49059897848742495,0.49059897848742495
390.645,0.2,0.552773309082964,0.552773309082964
390.65,0.2,0.6647416365856502,0.6647416365856502
390.655,0.2,0.6983582278828213,0.6983582278828213
390.66,0.2,0.3785575114764479,0.3785575114764479
390.665,0.2,0.006100497913151195,0.006100497913151195
390.67,0.2,0.04832157948314586,0.04832157948314586
390.675,0.2,0.018143379665972216,0.018143379665972216
390.68,0.2,0.31384270301844536,0.31384270301844536
390.685,0.2,0.5480073843609015,0.5480073843609015
390.69,0.2,0.7982303100660653,0.7982303100660653
390.695,0.2,0.7378861855266409,0.7378861855266409
390.7,0.2,0.34763706475519457,0.34763706475519457
390.705,0.2,0.07446192909434687,0.07446192909434687
390.71,0.2,0.032735042862679864,0.032735042862679864
390.715,0.2,-0.0004329015702443026,-0.0004329015702443026
390.72,0.2,0.23050222170771179,0.23050222170771179
390.725,0.2,0.4475803971538901,0.4475803971538901
390.73,0.2,0.881760947067776,0.881760947067776
390.735,0.2,0.5940042878133409,0.5940042878133409
390.74,0.2,0.4254677511791166,0.4254677511791166
390.745,0.2,0.1443785880842522,0.1443785880842522
390.75,0.2,0.09263456669603448,0.09263456669603448
390.755,0.2,0.16308327472648743,0.16308327472648743
390.76,0.2,0.3814937384407163,0.3814937384407163
390.765,0.2,0.5608575930622371,0.5608575930622371
390.77,0.2,0.6102886747662943,0.6102886747662943
390.775,0.2,0.3610379421490352,0.3610379421490352
390.78,0.2,0.33104345063523055,0.33104345063523055
390.785,0.2,0.047559537793196494,0.047559537793196494
390.79,0.2,0.03732602289560977,0.03732602289560977
390.795,0.2,0.0826079347263582,0.0826079347263582
390.8,0.2,0.21810582700000322,0.21810582700000322
390.805,0.2,0.5505318382699746,0.5505318382699746
390.81,0.2,0.821485339297436,0.821485339297436
390.815,0.2,0.34612221771626683,0.34612221771626683
390.82,0.2,0.32514423855273755,0.32514423855273755
390.825,0.2,0.04450953603227916,0.04450953603227916
390.83,0.2,-0.03841829399697426,-0.03841829399697426
390.835,-0.2,-0.026995571974357667,-0.026995571974357667
390.84,-0.2,0.35781301162488544,0.35781301162488544
390.845,-0.2,0.31262511382749236,0.31262511382749236
390.85,-0.2,0.5542173474082911,0.5542173474082911
390.855,-0.2,0.21157759933078818,0.21157759933078818
390.86,-0.2,0.17520869324261115,0.17520869324261115
390.865,-0.2,-0.13408403575878702,-0.13408403575878702
390.87,-0.2,-0.026359242446481634,-0.026359242446481634
390.875,-0.2,-0.05470468263003639,-0.05470468263003639
390.88,-0.2,0.13985773941390933,0.13985773941390933
390.885,-0.2,0.5756577129686291,0.5756577129686291
390.89,-0.2,0.5042927474867562,0.5042927474867562
390.895,-0.2,0.4221453202548091,0.4221453202548091
390.9,-0.2,0.22496670017562703,0.22496670017562703
390.905,-0.2,-0.05494017568244787,-0.05494017568244787
390.91,-0.2,-0.3807433238759296,-0.3807433238759296
390.915,-0.2,0.021759920290351148,0.021759920290351148
390.92,-0.2,0.2030853235474399,0.2030853235474399
390.925,-0.2,0.47373018097591246,0.47373018097591246
390.93,-0.2,0.5821214571213713,0.5821214571213713
390.935,-0.2,0.6532610838199521,0.6532610838199521
390.94,-0.2,0.08832753122216412,0.08832753122216412
390.945,-0.2,0.031174305032375463,0.031174305032375463
390.95,-0.2,-0.18982259593118295,-0.18982259593118295
390.955,-0.2,-0.18643524650349014,-0.18643524650349014
390.96,-0.2,0.0781364637213798,0.0781364637213798
390.965,-0.2,0.5312674848653907,0.5312674848653907
390.97,-0.2,0.8191819584785491,0.8191819584785491
390.975,-0.2,0.37802000062863356,0.37802000062863356
390.98,-0.2,0.16746782459512438,0.16746782459512438
390.985,-0.2,-0.003748439323502481,-0.003748439323502481
390.99,-0.2,-0.4281874516175077,-0.4281874516175077
390.995,-0.2,-0.10873898762357406,-0.10873898762357406
391.0,-0.2,0.2094000128271804,0.2094000128271804
391.005,-0.2,0.34704867340954715,0.34704867340954715
391.01,-0.2,0.5483993751847559,0.5483993751847559
391.015,-0.2,0.2681807298241393,0.2681807298241393
391.02,-0.2,0.014658473433541097,0.014658473433541097
391.025,-0.2,-0.15819026077487103,-0.15819026077487103
391.03,-0.2,-0.2139354546512211,-0.2139354546512211
391.035,-0.2,-0.03255707842885991,-0.03255707842885991
391.04,-0.2,0.30811147245534953,0.30811147245534953
391.045,-0.2,0.3186839470147603,0.3186839470147603
391.05,-0.2,0.565276248291635,0.565276248291635
391.055,-0.2,0.24686756260778903,0.24686756260778903
391.06,-0.2,0.13367209693853807,0.13367209693853807
391.065,-0.2,-0.008818447626060433,-0.008818447626060433
391.07,-0.2,-0.11991321206424699,-0.11991321206424699
391.075,-0.2,-0.21664066080818514,-0.21664066080818514
391.08,-0.2,0.20225497675176693,0.20225497675176693
391.085,-0.2,0.31072230092307895,0.31072230092307895
391.09,-0.2,0.38471230040017024,0.38471230040017024
391.095,-0.2,0.5035959391563956,0.5035959391563956
391.1,-0.2,0.039731346617498914,0.039731346617498914
391.105,-0.2,-0.22599399593442918,-0.22599399593442918
391.11,-0.2,-0.31043270951632357,-0.31043270951632357
391.115,-0.2,-0.2263087562563481,-0.2263087562563481
391.12,-0.2,0.19948757798811972,0.19948757798811972
391.125,-0.2,0.3965034842497802,0.3965034842497802
391.13,-0.2,0.4402282853987352,0.4402282853987352
391.135,-0.2,0.30955331204148573,0.30955331204148573
391.14,-0.2,0.01732431281030454,0.01732431281030454
391.145,-0.2,-0.07028292149588922,-0.07028292149588922
391.15,-0.2,-0.36440545245350875,-0.36440545245350875
391.155,-0.2,-0.09459919624945844,-0.09459919624945844
391.16,-0.2,0.21606062199956838,0.21606062199956838
391.165,-0.2,0.3914187887554812,0.3914187887554812
391.17,-0.2,0.5522396180281628,0.5522396180281628
391.175,-0.2,0.47623250222486807,0.47623250222486807
391.18,-0.2,0.09120236895519451,0.09120236895519451
391.185,-0.2,-0.19389587738612604,-0.19389587738612604
391.19,-0.2,-0.36950649402761565,-0.36950649402761565
391.195,-0.2,-0.22970398100985723,-0.22970398100985723
391.2,-0.2,0.1996886771317219,0.1996886771317219
391.205,-0.2,0.4389567917895682,0.4389567917895682
391.21,-0.2,0.5987103877611357,0.5987103877611357
391.215,-0.2,0.340913680761132,0.340913680761132
391.22,-0.2,0.2932554498050781,0.2932554498050781
391.225,-0.2,-0.2394880089742863,-0.2394880089742863
391.23,-0.2,-0.3184500102490938,-0.3184500102490938
391.235,-0.2,-0.18927399776213716,-0.18927399776213716
391.24,-0.2,0.2605406584298733,0.2605406584298733
391.245,-0.2,0.2730549356104618,0.2730549356104618
391.25,-0.2,0.4082528663823144,0.4082528663823144
391.255,-0.2,0.36647574558698004,0.36647574558698004
391.26,-0.2,0.12823553590514097,0.12823553590514097
391.265,-0.2,-0.10969091487651775,-0.10969091487651775
391.27,-0.2,-0.3585965317960823,-0.3585965317960823
391.275,-0.2,0.05534258675153006,0.05534258675153006
391.28,-0.2,0.15530804209779137,0.15530804209779137
391.285,-0.2,0.35086623644885323,0.35086623644885323
391.29,-0.2,0.4715879875684879,0.4715879875684879
391.295,-0.2,0.43442339671387015,0.43442339671387015
391.3,-0.2,0.2093790455201647,0.2093790455201647
391.305,-0.2,-0.1143555066742192,-0.1143555066742192
391.31,-0.2,-0.3616657046307147,-0.3616657046307147
391.315,-0.2,-0.07413435382172431,-0.07413435382172431
391.32,-0.2,0.2274088632298484,0.2274088632298484
391.325,-0.2,0.3706455190182013,0.3706455190182013
391.33,-0.2,0.7002717650030972,0.7002717650030972
391.335,-0.2,0.5478228676671253,0.5478228676671253
391.34,-0.2,0.11755155098722452,0.11755155098722452
391.345,-0.2,-0.11984492148994458,-0.11984492148994458
391.35,-0.2,-0.04321210065065173,-0.04321210065065173
391.355,-0.2,0.04451842504957429,0.04451842504957429
391.36,-0.2,-0.022775189214763514,-0.022775189214763514
391.365,-0.2,0.3472788018299332,0.3472788018299332
391.37,-0.2,0.45400824608099366,0.45400824608099366
391.375,-0.2,0.3719938608612026,0.3719938608612026
391.38,-0.2,0.06068634623634557,0.06068634623634557
391.385,-0.2,-0.09769105991302499,-0.09769105991302499
391.39,-0.2,-0.1884435064950491,-0.1884435064950491
391.395,-0.2,0.008825329781571342,0.008825329781571342
391.4,-0.2,0.004450065930468067,0.004450065930468067
391.405,-0.2,0.5722519784428283,0.5722519784428283
391.41,-0.2,0.4340235532714779,0.4340235532714779
391.415,-0.2,0.3157361522276902,0.3157361522276902
391.42,-0.2,0.1510998325046763,0.1510998325046763
391.425,-0.2,0.014364734675808455,0.014364734675808455
391.43,-0.2,-0.17585238392891475,-0.17585238392891475
391.435,-0.2,-0.25537884549442846,-0.25537884549442846
391.44,-0.2,0.014169962805190284,0.014169962805190284
391.445,-0.2,0.47017633351064286,0.47017633351064286
391.45,-0.2,0.48165381357746556,0.48165381357746556
391.455,-0.2,0.2627738450977996,0.2627738450977996
391.46,-0.2,0.04662016554056082,0.04662016554056082
391.465,-0.2,-0.02715099760773737,-0.02715099760773737
391.47,-0.2,-0.2460878838128357,-0.2460878838128357
391.475,-0.2,-0.07872991168889003,-0.07872991168889003
391.48,-0.2,0.1199563777482853,0.1199563777482853
391.485,-0.2,0.39803867001858506,0.39803867001858506
391.49,-0.2,0.6396153021444988,0.6396153021444988
391.495,-0.2,0.2883116660819585,0.2883116660819585
391.5,-0.2,-0.033952702119131595,-0.033952702119131595
391.505,-0.2,-0.1649762694364496,-0.1649762694364496
391.51,-0.2,-0.31313875102631333,-0.31313875102631333
391.515,-0.2,-0.025632742089479313,-0.025632742089479313
391.52,-0.2,0.1740066435054381,0.1740066435054381
391.525,-0.2,0.3142766421218308,0.3142766421218308
391.53,-0.2,0.639161517293776,0.639161517293776
391.535,-0.2,0.30096448002053605,0.30096448002053605
391.54,-0.2,0.09405741770929427,0.09405741770929427
391.545,-0.2,-0.18958914116975778,-0.18958914116975778
391.55,-0.2,-0.2800697922708395,-0.2800697922708395
391.555,-0.2,0.1277764714305253,0.1277764714305253
391.56,-0.2,0.04990268079630897,0.04990268079630897
391.565,-0.2,0.24006596608829783,0.24006596608829783
391.57,-0.2,0.4457574323427422,0.4457574323427422
391.575,-0.2,0.29133504214096917,0.29133504214096917
391.58,-0.2,0.06403743868188591,0.06403743868188591
391.585,-0.2,-0.04109491318231705,-0.04109491318231705
391.59,-0.2,-0.22447230890054776,-0.22447230890054776
391.595,-0.2,-0.05834374182192989,-0.05834374182192989
391.6,-0.2,0.07419120956068136,0.07419120956068136
391.605,-0.2,0.4219293510440309,0.4219293510440309
391.61,-0.2,0.5959965516121608,0.5959965516121608
391.615,-0.2,0.3655423493402096,0.3655423493402096
391.62,-0.2,0.11636108359235903,0.11636108359235903
391.625,-0.2,-0.26216606110410323,-0.26216606110410323
391.63,-0.2,-0.2728833519455503,-0.2728833519455503
391.635,-0.2,0.06266606030837646,0.06266606030837646
391.64,-0.2,0.27982966769540496,0.27982966769540496
391.645,-0.2,0.5976670038655563,0.5976670038655563
391.65,-0.2,0.47565907387836387,0.47565907387836387
391.655,-0.2,0.2388212690936059,0.2388212690936059
391.66,-0.2,0.07982807132138131,0.07982807132138131
391.665,-0.2,-0.07120979681773863,-0.07120979681773863
391.67,-0.2,-0.03194304223014857,-0.03194304223014857
391.675,-0.2,-0.12849891510839534,-0.12849891510839534
391.68,-0.2,0.10123403045346975,0.10123403045346975
391.685,-0.2,0.49527597342082563,0.49527597342082563
391.69,-0.2,0.2961370965658574,0.2961370965658574
391.695,-0.2,0.38115634120062175,0.38115634120062175
391.7,-0.2,0.29491418565837624,0.29491418565837624
391.705,-0.2,-0.04434507892951542,-0.04434507892951542
391.71,-0.2,-0.3193345796940976,-0.3193345796940976
391.715,-0.2,-0.10347665400739657,-0.10347665400739657
391.72,-0.2,-0.012799195533685803,-0.012799195533685803
391.725,-0.2,0.36358220266060587,0.36358220266060587
391.73,-0.2,0.33083477264623673,0.33083477264623673
391.735,-0.2,0.5024580962648106,0.5024580962648106
391.74,-0.2,-0.005530775332130644,-0.005530775332130644
391.745,-0.2,-0.08074136981789892,-0.08074136981789892
391.75,-0.2,-0.21722980060557795,-0.21722980060557795
391.755,-0.2,0.05991436529352527,0.05991436529352527
391.76,-0.2,0.2985046458693874,0.2985046458693874
391.765,-0.2,0.3541213433322403,0.3541213433322403
391.77,-0.2,0.43684087441167674,0.43684087441167674
391.775,-0.2,0.5069500814024552,0.5069500814024552
391.78,-0.2,0.09839289260188899,0.09839289260188899
391.785,-0.2,-0.4426043749537103,-0.4426043749537103
391.79,-0.2,-0.18623502501739814,-0.18623502501739814
391.795,-0.2,0.0735511193068284,0.0735511193068284
391.8,-0.2,0.1790071959603467,0.1790071959603467
391.805,-0.2,0.47558552874342147,0.47558552874342147
391.81,-0.2,0.4724006656616075,0.4724006656616075
391.815,-0.2,0.49939941859660225,0.49939941859660225
391.82,-0.2,0.2078964137447427,0.2078964137447427
391.825,-0.2,-0.21889724935156518,-0.21889724935156518
391.83,-0.2,-0.12736922733114703,-0.12736922733114703
391.835,-0.2,0.03337509198361123,0.03337509198361123
391.84,-0.2,0.2519654549373481,0.2519654549373481
391.845,-0.2,0.49762701292809003,0.49762701292809003
391.85,-0.2,0.6560525178119281,0.6560525178119281
391.855,-0.2,0.5586472561448915,0.5586472561448915
391.86,-0.2,0.23272241392103218,0.23272241392103218
391.865,-0.2,0.01523491950306792,0.01523491950306792
391.87,-0.2,-0.29539576253508193,-0.29539576253508193
391.875,-0.2,-0.02170371767821085,-0.02170371767821085
391.88,-0.2,0.1785500968414186,0.1785500968414186
391.885,-0.2,0.4106445482975942,0.4106445482975942
391.89,-0.2,0.44048666878202636,0.44048666878202636
391.895,-0.2,0.5463429156958661,0.5463429156958661
391.9,-0.2,0.06768749859468648,0.06768749859468648
391.905,-0.2,-0.09765814653215267,-0.09765814653215267
391.91,-0.2,-0.27372009985550566,-0.27372009985550566
391.915,-0.2,0.1129378140571502,0.1129378140571502
391.92,-0.2,0.3038017319742191,0.3038017319742191
391.925,-0.2,0.4297712988349853,0.4297712988349853
391.93,-0.2,0.7713516497056819,0.7713516497056819
391.935,-0.2,0.3909497147348183,0.3909497147348183
391.94,-0.2,0.15489462396254156,0.15489462396254156
391.945,-0.2,-0.06550118767922156,-0.06550118767922156
391.95,-0.2,-0.0728724385700828,-0.0728724385700828
391.955,-0.2,0.08835078161616869,0.08835078161616869
391.96,-0.2,0.39046679784234267,0.39046679784234267
391.965,-0.2,0.454762931212197,0.454762931212197
391.97,-0.2,0.5465351949394024,0.5465351949394024
391.975,-0.2,0.4772068639892849,0.4772068639892849
391.98,-0.2,0.3287678043211799,0.3287678043211799
391.985,-0.2,0.12557677093119732,0.12557677093119732
391.99,-0.2,0.016810984738830442,0.016810984738830442
391.995,-0.2,0.07525180887602287,0.07525180887602287
392.0,-0.2,0.29336681902018,0.29336681902018
392.005,-0.2,0.7539805164813319,0.7539805164813319
392.01,-0.2,0.6379364879007804,0.6379364879007804
392.015,-0.2,0.48922690055366314,0.48922690055366314
392.02,-0.2,0.17582713614857337,0.17582713614857337
392.025,-0.2,0.05003244004246368,0.05003244004246368
392.03,-0.2,-0.04078505562797474,-0.04078505562797474
392.035,-0.2,-0.09950174040666404,-0.09950174040666404
392.04,-0.2,0.2999757041750192,0.2999757041750192
392.045,-0.2,0.46411123042810803,0.46411123042810803
392.05,-0.2,0.5819263121401793,0.5819263121401793
392.055,-0.2,0.5161400599527848,0.5161400599527848
392.06,-0.2,0.103507130858801,0.103507130858801
392.065,-0.2,-0.0720936209851227,-0.0720936209851227
392.07,-0.2,-0.197323441539249,-0.197323441539249
392.075,-0.2,0.018082249366703787,0.018082249366703787
392.08,-0.2,0.33209341929952674,0.33209341929952674
392.085,-0.2,0.7011577207957292,0.7011577207957292
392.09,-0.2,0.6395628975814283,0.6395628975814283
392.095,-0.2,0.4991282115900174,0.4991282115900174
392.1,-0.2,0.2799423059444025,0.2799423059444025
392.105,-0.2,-0.1507219761221557,-0.1507219761221557
392.11,-0.2,-0.3096737681985021,-0.3096737681985021
392.115,-0.2,0.06837925741087382,0.06837925741087382
392.12,-0.2,0.2047312825023325,0.2047312825023325
392.125,-0.2,0.3458156756531069,0.3458156756531069
392.13,-0.2,0.4541501705876323,0.4541501705876323
392.135,-0.2,0.5662040153050913,0.5662040153050913
392.14,-0.2,0.24769917771169392,0.24769917771169392
392.145,-0.2,-0.08748681801358202,-0.08748681801358202
392.15,-0.2,0.05237815906268406,0.05237815906268406
392.155,-0.2,0.02144741298122851,0.02144741298122851
392.16,-0.2,0.13954167444951207,0.13954167444951207
392.165,-0.2,0.6736293377581243,0.6736293377581243
392.17,-0.2,0.6193783132055317,0.6193783132055317
392.175,-0.2,0.40704402312311116,0.40704402312311116
392.18,-0.2,0.2651005091000236,0.2651005091000236
392.185,-0.2,-0.1373091699660507,-0.1373091699660507
392.19,-0.2,-0.11671878192067539,-0.11671878192067539
392.195,-0.2,-0.0552890116742209,-0.0552890116742209
392.2,-0.2,0.10028978930264615,0.10028978930264615
392.205,-0.2,0.38527800875231666,0.38527800875231666
392.21,-0.2,0.6446342196819663,0.6446342196819663
392.215,-0.2,0.5171083854950946,0.5171083854950946
392.22,-0.2,0.22619377785251665,0.22619377785251665
392.225,-0.2,0.012358888912880062,0.012358888912880062
392.23,-0.2,-0.3350235484014288,-0.3350235484014288
392.235,-0.2,-0.1825534781454059,-0.1825534781454059
392.24,-0.2,0.30092303885871347,0.30092303885871347
392.245,-0.2,0.5572681368694663,0.5572681368694663
392.25,-0.2,0.7189420020387273,0.7189420020387273
392.255,-0.2,0.5459709945361199,0.5459709945361199
392.26,-0.2,0.08241816942245934,0.08241816942245934
392.265,-0.2,0.08087297464211796,0.08087297464211796
392.27,-0.2,-0.22983362452263884,-0.22983362452263884
392.275,-0.2,-0.1057430848585486,-0.1057430848585486
392.28,-0.2,0.33115989416094294,0.33115989416094294
392.285,-0.2,0.25749033487751155,0.25749033487751155
392.29,-0.2,0.5742452221160821,0.5742452221160821
392.295,-0.2,0.41635437627618815,0.41635437627618815
392.3,-0.2,0.2600438267058596,0.2600438267058596
392.305,-0.2,0.05485844972262385,0.05485844972262385
392.31,-0.2,-0.24297073127741364,-0.24297073127741364
392.315,-0.2,0.10543126697024657,0.10543126697024657
392.32,-0.2,0.17176717339815578,0.17176717339815578
392.325,-0.2,0.3375962346992092,0.3375962346992092
392.33,-0.2,0.4022227693920179,0.4022227693920179
392.335,-0.2,0.40660255233852904,0.40660255233852904
392.34,-0.2,0.353256050257283,0.353256050257283
392.345,-0.2,-0.03641075684223928,-0.03641075684223928
392.35,-0.2,-0.23250417246108357,-0.23250417246108357
392.355,-0.2,-0.11421755873615935,-0.11421755873615935
392.36,-0.2,0.41312070938002166,0.41312070938002166
392.365,-0.2,0.6168063765508486,0.6168063765508486
392.37,-0.2,0.6351809736797727,0.6351809736797727
392.375,-0.2,0.3362824303803157,0.3362824303803157
392.38,-0.2,0.26711875532755136,0.26711875532755136
392.385,-0.2,-0.09433865697438552,-0.09433865697438552
392.39,-0.2,-0.09545974733261034,-0.09545974733261034
392.395,-0.2,-0.011393219497488068,-0.011393219497488068
392.4,-0.2,0.2144148743606434,0.2144148743606434
392.405,-0.2,0.5768112349653995,0.5768112349653995
392.41,-0.2,0.4654047504922323,0.4654047504922323
392.415,-0.2,0.4268197966630252,0.4268197966630252
392.42,-0.2,0.13694874337709761,0.13694874337709761
392.425,-0.2,-0.14527338449544117,-0.14527338449544117
392.43,-0.2,-0.1543858735909043,-0.1543858735909043
392.435,-0.2,-0.11155046211994529,-0.11155046211994529
392.44,-0.2,0.2155995420769271,0.2155995420769271
392.445,-0.2,0.4128756028344731,0.4128756028344731
392.45,-0.2,0.7713183521236247,0.7713183521236247
392.455,-0.2,0.41428129067657643,0.41428129067657643
392.46,-0.2,0.20185822082946164,0.20185822082946164
392.465,-0.2,-0.1041943568950823,-0.1041943568950823
392.47,-0.2,-0.1892014520280049,-0.1892014520280049
392.475,-0.2,-0.023157040038035436,-0.023157040038035436
392.48,-0.2,0.030038831249441483,0.030038831249441483
392.485,-0.2,0.42663936907788713,0.42663936907788713
392.49,-0.2,0.6452911783047347,0.6452911783047347
392.495,-0.2,0.3184171435100789,0.3184171435100789
392.5,-0.2,0.18267456754643616,0.18267456754643616
392.505,-0.2,-0.03719794982414154,-0.03719794982414154
392.51,-0.2,-0.24910411982669567,-0.24910411982669567
392.515,-0.2,-0.06811609997873361,-0.06811609997873361
392.52,-0.2,0.23337250138301285,0.23337250138301285
392.525,-0.2,0.5991080753730355,0.5991080753730355
392.53,-0.2,0.45421970994643696,0.45421970994643696
392.535,-0.2,0.12713388185258373,0.12713388185258373
392.54,-0.2,0.08742658911734921,0.08742658911734921
392.545,-0.2,-0.2630199921206594,-0.2630199921206594
392.55,-0.2,-0.3217560042975394,-0.3217560042975394
392.555,-0.2,-0.21285950401983125,-0.21285950401983125
392.56,-0.2,0.29492456942984885,0.29492456942984885
392.565,-0.2,0.38128603055632,0.38128603055632
392.57,-0.2,0.5351714465850147,0.5351714465850147
392.575,-0.2,0.41444057055933337,0.41444057055933337
392.58,-0.2,0.03822798858719251,0.03822798858719251
392.585,-0.2,-0.25562831019902305,-0.25562831019902305
392.59,-0.2,-0.24581030755566644,-0.24581030755566644
392.595,-0.2,-0.058702769811720484,-0.058702769811720484
392.6,-0.2,-0.02654143906980333,-0.02654143906980333
392.605,-0.2,0.27815865272952833,0.27815865272952833
392.61,-0.2,0.6398723314559799,0.6398723314559799
392.615,-0.2,0.27294949954118986,0.27294949954118986
392.62,-0.2,0.1870235733026877,0.1870235733026877
392.625,-0.2,-0.37652065237155785,-0.37652065237155785
392.63,-0.2,-0.24338596831431417,-0.24338596831431417
392.635,-0.2,-0.03730900978003067,-0.03730900978003067
392.64,-0.2,0.013336912508465443,0.013336912508465443
392.645,-0.2,0.5742070387346139,0.5742070387346139
392.65,-0.2,0.6191925421997448,0.6191925421997448
392.655,-0.2,0.48046566168123994,0.48046566168123994
392.66,-0.2,0.05645076111520952,0.05645076111520952
392.665,-0.2,-0.11777384781610184,-0.11777384781610184
392.67,-0.2,-0.17715734752455997,-0.17715734752455997
392.675,-0.2,-0.14937173004168228,-0.14937173004168228
392.68,-0.2,-0.08685337331425691,-0.08685337331425691
392.685,-0.2,0.5101541241805745,0.5101541241805745
392.69,-0.2,0.5907262563809558,0.5907262563809558
392.695,-0.2,0.17739564923323145,0.17739564923323145
392.7,-0.2,0.1556633098934401,0.1556633098934401
392.705,-0.2,-0.0525798260514353,-0.0525798260514353
392.71,-0.2,-0.10867333143889621,-0.10867333143889621
392.715,-0.2,-0.12238321270483969,-0.12238321270483969
392.72,-0.2,-0.08172791771866192,-0.08172791771866192
392.725,-0.2,0.16726695359719543,0.16726695359719543
392.73,-0.2,0.416136407687169,0.416136407687169
392.735,-0.2,0.41352434513737246,0.41352434513737246
392.74,-0.2,0.04796173626725042,0.04796173626725042
392.745,-0.2,-0.2751638347429982,-0.2751638347429982
392.75,-0.2,-0.2799664648114156,-0.2799664648114156
392.755,-0.2,-0.3882742627394741,-0.3882742627394741
392.76,-0.2,0.22534903657871894,0.22534903657871894
392.765,-0.2,0.22797170956796298,0.22797170956796298
392.77,-0.2,0.4899763861692934,0.4899763861692934
392.775,-0.2,0.14274426696308712,0.14274426696308712
392.78,-0.2,0.009530140518756496,0.009530140518756496
392.785,-0.2,-0.25475396327178573,-0.25475396327178573
392.79,-0.2,-0.28410354898419954,-0.28410354898419954
392.795,-0.2,-0.12780646524261885,-0.12780646524261885
392.8,-0.2,0.24190798488234372,0.24190798488234372
392.805,-0.2,0.28100613298568333,0.28100613298568333
392.81,-0.2,0.1859993905533047,0.1859993905533047
392.815,-0.2,0.21870327726056854,0.21870327726056854
392.82,-0.2,0.22386760402373454,0.22386760402373454
392.825,-0.2,-0.22108553845571388,-0.22108553845571388
392.83,-0.2,-0.2491017677516535,-0.2491017677516535
392.835,-0.2,-0.1299742269471566,-0.1299742269471566
392.84,-0.2,0.13892489427324384,0.13892489427324384
392.845,-0.2,0.42294661153197083,0.42294661153197083
392.85,-0.2,0.2663787141784761,0.2663787141784761
392.855,-0.2,0.4277136890247917,0.4277136890247917
392.86,-0.2,0.1397322115350148,0.1397322115350148
392.865,-0.2,-0.1439731269190486,-0.1439731269190486
392.87,-0.2,-0.12491390851856085,-0.12491390851856085
392.875,-0.2,-0.22455554292044466,-0.22455554292044466
392.88,-0.2,0.25413354261794907,0.25413354261794907
392.885,-0.2,0.631120554478098,0.631120554478098
392.89,-0.2,0.48531825555172803,0.48531825555172803
392.895,-0.2,0.49948566372266023,0.49948566372266023
392.9,-0.2,0.17350398066451153,0.17350398066451153
392.905,-0.2,-0.15013514520990484,-0.15013514520990484
392.91,-0.2,-0.17105131277806343,-0.17105131277806343
392.915,-0.2,-0.08402223548267171,-0.08402223548267171
392.92,-0.2,0.1210841458178569,0.1210841458178569
392.925,-0.2,0.3851833768442057,0.3851833768442057
392.93,-0.2,0.7013678670383072,0.7013678670383072
392.935,-0.2,0.5396114499174007,0.5396114499174007
392.94,-0.2,0.11088598320917883,0.11088598320917883
392.945,-0.2,-0.17851430399139234,-0.17851430399139234
392.95,-0.2,0.04308276526517893,0.04308276526517893
392.955,-0.2,-0.006307341489602075,-0.006307341489602075
392.96,-0.2,0.2753483236371743,0.2753483236371743
392.965,-0.2,0.37057418979370027,0.37057418979370027
392.97,-0.2,0.35731278812219114,0.35731278812219114
392.975,-0.2,0.4466946519554716,0.4466946519554716
392.98,-0.2,0.11623422215688131,0.11623422215688131
392.985,-0.2,-0.1773166862559309,-0.1773166862559309
392.99,-0.2,-0.22245763764280854,-0.22245763764280854
392.995,-0.2,-0.028303088244171694,-0.028303088244171694
393.0,-0.2,0.23554585782164827,0.23554585782164827
393.005,-0.2,0.4674631882795366,0.4674631882795366
393.01,-0.2,0.6266807554762098,0.6266807554762098
393.015,-0.2,0.5688536535874018,0.5688536535874018
393.02,-0.2,0.023503295994085183,0.023503295994085183
393.025,-0.2,-0.2301848929414509,-0.2301848929414509
393.03,-0.2,-0.155253962676433,-0.155253962676433
393.035,-0.2,0.04800280407475452,0.04800280407475452
393.04,-0.2,0.30944774447763757,0.30944774447763757
393.045,-0.2,0.38284143891775785,0.38284143891775785
393.05,-0.2,0.8049966510746352,0.8049966510746352
393.055,-0.2,0.38897992049727637,0.38897992049727637
393.06,-0.2,0.12054939618622604,0.12054939618622604
393.065,-0.2,-0.1264222689588081,-0.1264222689588081
393.07,-0.2,0.0349416776780023,0.0349416776780023
393.075,-0.2,-0.08087536145072957,-0.08087536145072957
393.08,-0.2,0.13602139684573067,0.13602139684573067
393.085,-0.2,0.47922386709582054,0.47922386709582054
393.09,-0.2,0.5841201553743935,0.5841201553743935
393.095,-0.2,0.45601996721074844,0.45601996721074844
393.1,-0.2,0.2654746932536222,0.2654746932536222
393.105,-0.2,-0.09969304967635742,-0.09969304967635742
393.11,-0.2,-0.1393732529181085,-0.1393732529181085
393.115,-0.2,-0.017820821839772974,-0.017820821839772974
393.12,-0.2,0.3367435882607911,0.3367435882607911
393.125,-0.2,0.6336177544430859,0.6336177544430859
393.13,-0.2,0.6537845245283467,0.6537845245283467
393.135,-0.2,0.42618308141792427,0.42618308141792427
393.14,-0.2,0.21010099747016878,0.21010099747016878
393.145,-0.2,-0.0941254092120335,-0.0941254092120335
393.15,-0.2,-0.03880999504336416,-0.03880999504336416
393.155,-0.2,-0.027573135530146627,-0.027573135530146627
393.16,-0.2,0.2804637450426523,0.2804637450426523
393.165,-0.2,0.3593694594059771,0.3593694594059771
393.17,-0.2,0.5233151492875596,0.5233151492875596
393.175,-0.2,0.30148765446883274,0.30148765446883274
393.18,-0.2,0.11367476437504175,0.11367476437504175
393.185,-0.2,0.16196498854551108,0.16196498854551108
393.19,-0.2,-0.23430865729392122,-0.23430865729392122
393.195,-0.2,-0.09735000977299842,-0.09735000977299842
393.2,-0.2,0.3024574894336068,0.3024574894336068
393.205,-0.2,0.45791612332521,0.45791612332521
393.21,-0.2,0.43498404995332085,0.43498404995332085
393.215,-0.2,0.48830277912662334,0.48830277912662334
393.22,-0.2,0.15348360542698258,0.15348360542698258
393.225,-0.2,-0.1802735645899782,-0.1802735645899782
393.23,-0.2,0.036311442833008606,0.036311442833008606
393.235,-0.2,-0.19569199400220139,-0.19569199400220139
393.24,-0.2,0.27538419014052445,0.27538419014052445
393.245,-0.2,0.5055388494435884,0.5055388494435884
393.25,-0.2,0.37548608274458817,0.37548608274458817
393.255,-0.2,0.5791683639821037,0.5791683639821037
393.26,-0.2,0.21889145855707168,0.21889145855707168
393.265,-0.2,-0.1566791878647202,-0.1566791878647202
393.27,-0.2,-0.04244665432277879,-0.04244665432277879
393.275,-0.2,-0.012670186412642032,-0.012670186412642032
393.28,-0.2,0.26198643130697175,0.26198643130697175
393.285,-0.2,0.5557430539844138,0.5557430539844138
393.29,-0.2,0.5540681511766441,0.5540681511766441
393.295,-0.2,0.6512299265431305,0.6512299265431305
393.3,-0.2,0.06648517872716386,0.06648517872716386
393.305,-0.2,0.005132869444267177,0.005132869444267177
393.31,-0.2,-0.27108123202263035,-0.27108123202263035
393.315,-0.2,-0.06263009892946109,-0.06263009892946109
393.32,-0.2,0.01172046092659118,0.01172046092659118
393.325,-0.2,0.49462883522982115,0.49462883522982115
393.33,-0.2,0.5315708325714512,0.5315708325714512
393.335,-0.2,0.46060574882630373,0.46060574882630373
393.34,-0.2,0.2179956086667752,0.2179956086667752
393.345,-0.2,0.10345363696624604,0.10345363696624604
393.35,-0.2,-0.18829165534134465,-0.18829165534134465
393.355,-0.2,-0.1354094733951249,-0.1354094733951249
393.36,-0.2,0.11689725362453043,0.11689725362453043
393.365,-0.2,0.3249379819175232,0.3249379819175232
393.37,-0.2,0.5468491557557129,0.5468491557557129
393.375,-0.2,0.4058656483583988,0.4058656483583988
393.38,-0.2,0.12895683233720634,0.12895683233720634
393.385,-0.2,-0.0165008462820094,-0.0165008462820094
393.39,-0.2,-0.05524078211021588,-0.05524078211021588
393.395,-0.2,-0.09790994979430181,-0.09790994979430181
393.4,-0.2,0.18387385381768084,0.18387385381768084
393.405,-0.2,0.4375459726799553,0.4375459726799553
393.41,-0.2,0.5943669682521743,0.5943669682521743
393.415,-0.2,0.433147714743861,0.433147714743861
393.42,-0.2,0.2586384514785572,0.2586384514785572
393.425,-0.2,-0.11829955986970497,-0.11829955986970497
393.43,-0.2,-0.22408429645567335,-0.22408429645567335
393.435,-0.2,-0.034124111105199015,-0.034124111105199015
393.44,-0.2,0.2785330545290207,0.2785330545290207
393.445,-0.2,0.43647760127902085,0.43647760127902085
393.45,-0.2,0.7557000192210704,0.7557000192210704
393.455,-0.2,0.28137573055472853,0.28137573055472853
393.46,-0.2,-0.06784140710747436,-0.06784140710747436
393.465,-0.2,-0.16450771558163085,-0.16450771558163085
393.47,-0.2,-0.06847162854362848,-0.06847162854362848
393.475,-0.2,-0.27208531052711526,-0.27208531052711526
393.48,-0.2,0.32305271517233136,0.32305271517233136
393.485,-0.2,0.4646349926465262,0.4646349926465262
393.49,-0.2,0.44989978275520526,0.44989978275520526
393.495,-0.2,0.4498680299720743,0.4498680299720743
393.5,-0.2,0.1709144392150052,0.1709144392150052
393.505,-0.2,-0.16153422195666103,-0.16153422195666103
393.51,-0.2,-0.16565696291562676,-0.16565696291562676
393.515,-0.2,-0.16016525593951245,-0.16016525593951245
393.52,-0.2,0.29521965732329225,0.29521965732329225
393.525,-0.2,0.458655875549211,0.458655875549211
393.53,-0.2,0.4728522024722183,0.4728522024722183
393.535,-0.2,0.3589167272907148,0.3589167272907148
393.54,-0.2,0.39671823379758464,0.39671823379758464
393.545,-0.2,-0.12617733316454954,-0.12617733316454954
393.55,-0.2,-0.2850089381558579,-0.2850089381558579
393.555,-0.2,-0.21258101767367601,-0.21258101767367601
393.56,-0.2,0.11860634712356277,0.11860634712356277
393.565,-0.2,0.28776070557846034,0.28776070557846034
393.57,-0.2,0.7387274191398268,0.7387274191398268
393.575,-0.2,0.626536142312639,0.626536142312639
393.58,-0.2,0.16368439166510695,0.16368439166510695
393.585,-0.2,0.0064070800124396005,0.0064070800124396005
393.59,-0.2,-0.22164731986591057,-0.22164731986591057
393.595,-0.2,-0.13378590822265335,-0.13378590822265335
393.6,-0.2,0.02040044334429314,0.02040044334429314
393.605,-0.2,0.4587517088803033,0.4587517088803033
393.61,-0.2,0.5603552669857911,0.5603552669857911
393.615,-0.2,0.5076671939343643,0.5076671939343643
393.62,-0.2,0.46234370063382413,0.46234370063382413
393.625,-0.2,-0.14500226058524238,-0.14500226058524238
393.63,-0.2,-0.1210729736052243,-0.1210729736052243
393.635,-0.2,-0.0794440925183188,-0.0794440925183188
393.64,-0.2,0.22998829987149397,0.22998829987149397
393.645,-0.2,0.332483534759478,0.332483534759478
393.65,-0.2,0.5826341172861841,0.5826341172861841
393.655,-0.2,0.41177081876681093,0.41177081876681093
393.66,-0.2,0.27781431306495963,0.27781431306495963
393.665,-0.2,-0.0031566476686882977,-0.0031566476686882977
393.67,-0.2,-0.2364734029066451,-0.2364734029066451
393.675,-0.2,-0.010626744143880148,-0.010626744143880148
393.68,-0.2,0.20231545052706776,0.20231545052706776
393.685,-0.2,0.47153897737971273,0.47153897737971273
393.69,-0.2,0.6907013790488785,0.6907013790488785
393.695,-0.2,0.4129198299702418,0.4129198299702418
393.7,-0.2,0.18971221366571261,0.18971221366571261
393.705,-0.2,0.02985779163371262,0.02985779163371262
393.71,-0.2,-0.22267502495634472,-0.22267502495634472
393.715,-0.2,0.08319559738746166,0.08319559738746166
393.72,-0.2,0.4200127000504383,0.4200127000504383
393.725,-0.2,0.6726290424645816,0.6726290424645816
393.73,-0.2,0.5160113591480859,0.5160113591480859
393.735,-0.2,0.5212443288302826,0.5212443288302826
393.74,-0.2,0.10434506461402698,0.10434506461402698
393.745,-0.2,-0.17596767147790476,-0.17596767147790476
393.75,-0.2,0.027679006887926766,0.027679006887926766
393.755,-0.2,-0.058057963916740674,-0.058057963916740674
393.76,-0.2,0.26465123369150534,0.26465123369150534
393.765,-0.2,0.4368902952974101,0.4368902952974101
393.77,-0.2,0.6483731567911345,0.6483731567911345
393.775,-0.2,0.3771149903858088,0.3771149903858088
393.78,-0.2,0.2368842909558728,0.2368842909558728
393.785,-0.2,-0.07546373341843918,-0.07546373341843918
393.79,-0.2,0.005358322825005701,0.005358322825005701
393.795,-0.2,-0.04532832843319252,-0.04532832843319252
393.8,-0.2,0.2725555103096381,0.2725555103096381
393.805,-0.2,0.5476988778655202,0.5476988778655202
393.81,-0.2,0.4758207086477257,0.4758207086477257
393.815,-0.2,0.4323574358349085,0.4323574358349085
393.82,-0.2,0.11654324858157539,0.11654324858157539
393.825,-0.2,-0.1809796781031715,-0.1809796781031715
393.83,-0.2,-0.2822057995381284,-0.2822057995381284
393.835,-0.2,-0.005432412023515413,-0.005432412023515413
393.84,-0.2,0.3633158451654602,0.3633158451654602
393.845,-0.2,0.47701140030677003,0.47701140030677003
393.85,-0.2,0.4900211626424873,0.4900211626424873
393.855,-0.2,0.4899466014742706,0.4899466014742706
393.86,-0.2,0.3245383782487595,0.3245383782487595
393.865,-0.2,-0.19282262342047451,-0.19282262342047451
393.87,-0.2,-0.18066787149475536,-0.18066787149475536
393.875,-0.2,-0.11739670933809679,-0.11739670933809679
393.88,-0.2,0.20248647093801356,0.20248647093801356
393.885,-0.2,0.3886878452922596,0.3886878452922596
393.89,-0.2,0.6995181857963342,0.6995181857963342
393.895,-0.2,0.4034700387470715,0.4034700387470715
393.9,-0.2,0.18229903327928448,0.18229903327928448
393.905,-0.2,0.0761391124984698,0.0761391124984698
393.91,-0.2,-0.3100078559544597,-0.3100078559544597
393.915,-0.2,-0.17571042442491752,-0.17571042442491752
393.92,-0.2,0.05720258648117721,0.05720258648117721
393.925,-0.2,0.4127600022921679,0.4127600022921679
393.93,-0.2,0.5697549910406897,0.5697549910406897
393.935,-0.2,0.4451692292358155,0.4451692292358155
393.94,-0.2,0.26417577613405563,0.26417577613405563
393.945,-0.2,-0.06913953217931473,-0.06913953217931473
393.95,-0.2,-0.042302798781929635,-0.042302798781929635
393.955,-0.2,-0.08963233810691798,-0.08963233810691798
393.96,-0.2,0.06955214432120504,0.06955214432120504
393.965,-0.2,0.3428200740391415,0.3428200740391415
393.97,-0.2,0.5213802189303804,0.5213802189303804
393.975,-0.2,0.5424286578114157,0.5424286578114157
393.98,-0.2,0.25642714741814115,0.25642714741814115
393.985,-0.2,0.03162420895842219,0.03162420895842219
393.99,-0.2,-0.012693416529454687,-0.012693416529454687
393.995,-0.2,-0.10850956049794093,-0.10850956049794093
394.0,-0.2,0.1628838617343794,0.1628838617343794
394.005,-0.2,0.5704724048104726,0.5704724048104726
394.01,-0.2,0.5650806958916251,0.5650806958916251
394.015,-0.2,0.37144953013962545,0.37144953013962545
394.02,-0.2,0.31741556999907483,0.31741556999907483
394.025,-0.2,-0.11505336193759448,-0.11505336193759448
394.03,-0.2,-0.03015667328963542,-0.03015667328963542
394.035,-0.2,-0.02422793416611444,-0.02422793416611444
394.04,-0.2,0.15674637911881864,0.15674637911881864
394.045,-0.2,0.5802612015177894,0.5802612015177894
394.05,-0.2,0.6134781774145578,0.6134781774145578
394.055,-0.2,0.4808211312923694,0.4808211312923694
394.06,-0.2,0.13133781997541827,0.13133781997541827
394.065,-0.2,-0.16311654630800687,-0.16311654630800687
394.07,-0.2,-0.2845981328011893,-0.2845981328011893
394.075,-0.2,-0.0421848239632366,-0.0421848239632366
394.08,-0.2,0.1772872093037804,0.1772872093037804
394.085,-0.2,0.4884168824070971,0.4884168824070971
394.09,-0.2,0.6333637807533578,0.6333637807533578
394.095,-0.2,0.4321520842235706,0.4321520842235706
394.1,-0.2,0.31671363624358917,0.31671363624358917
394.105,-0.2,0.10784460135927607,0.10784460135927607
394.11,-0.2,-0.26232705805422674,-0.26232705805422674
394.115,-0.2,-0.006645324246961709,-0.006645324246961709
394.12,-0.2,0.278167471289345,0.278167471289345
394.125,-0.2,0.36664409457330127,0.36664409457330127
394.13,-0.2,0.70650497461201,0.70650497461201
394.135,-0.2,0.4760838706843794,0.4760838706843794
394.14,-0.2,0.10568659645719453,0.10568659645719453
394.145,-0.2,-0.10503854909147775,-0.10503854909147775
394.15,-0.2,-0.2690939286402728,-0.2690939286402728
394.155,-0.2,-0.05096525321359358,-0.05096525321359358
394.16,-0.2,0.3395683566010591,0.3395683566010591
394.165,-0.2,0.33635135808017935,0.33635135808017935
394.17,-0.2,0.6147459843268152,0.6147459843268152
394.175,-0.2,0.5512381957128913,0.5512381957128913
394.18,-0.2,0.45190428030499524,0.45190428030499524
394.185,-0.2,-0.15364999729247705,-0.15364999729247705
394.19,-0.2,-0.11424298882561684,-0.11424298882561684
394.195,-0.2,-0.048838284621191067,-0.048838284621191067
394.2,-0.2,0.335278751608939,0.335278751608939
394.205,-0.2,0.6385719715955912,0.6385719715955912
394.21,-0.2,0.7063484968496223,0.7063484968496223
394.215,-0.2,0.5569434083833839,0.5569434083833839
394.22,-0.2,0.28811906138961296,0.28811906138961296
394.225,-0.2,0.0874970718577418,0.0874970718577418
394.23,-0.2,0.1014983553866492,0.1014983553866492
394.235,-0.2,0.06853792465054884,0.06853792465054884
394.24,-0.2,0.3763393883183406,0.3763393883183406
394.245,-0.2,0.3887021926496891,0.3887021926496891
394.25,-0.2,0.6298429542598628,0.6298429542598628
394.255,-0.2,0.7066076228059648,0.7066076228059648
394.26,-0.2,0.2482113356526104,0.2482113356526104
394.265,-0.2,-0.010482269012249355,-0.010482269012249355
394.27,-0.2,-0.16401127324064557,-0.16401127324064557
394.275,-0.2,0.06313872371108925,0.06313872371108925
394.28,-0.2,0.5520962837160557,0.5520962837160557
394.285,-0.2,0.5416962306079256,0.5416962306079256
394.29,-0.2,0.6808789035868985,0.6808789035868985
394.295,-0.2,0.6933978142788209,0.6933978142788209
394.3,-0.2,0.12099972887601021,0.12099972887601021
394.305,-0.2,0.055459569630820854,0.055459569630820854
394.31,-0.2,-0.07827596309850987,-0.07827596309850987
394.315,-0.2,-0.09678740931094867,-0.09678740931094867
394.32,-0.2,0.43857610088082943,0.43857610088082943
394.325,-0.2,0.5094686652480866,0.5094686652480866
394.33,-0.2,0.8411747321894916,0.8411747321894916
394.335,-0.2,0.48565178277553767,0.48565178277553767
394.34,-0.2,0.48222826062033486,0.48222826062033486
394.345,-0.2,0.01938518377848795,0.01938518377848795
394.35,-0.2,0.2563828156440159,0.2563828156440159
394.355,-0.2,0.05669112424235731,0.05669112424235731
394.36,-0.2,0.42787765674765943,0.42787765674765943
394.365,-0.2,0.5175717342785348,0.5175717342785348
394.37,-0.2,0.713578504550934,0.713578504550934
394.375,-0.2,0.525462219562648,0.525462219562648
394.38,-0.2,0.18521751020336155,0.18521751020336155
394.385,-0.2,0.1317755634881434,0.1317755634881434
394.39,-0.2,0.005201880946726474,0.005201880946726474
394.395,-0.2,0.07132298896237145,0.07132298896237145
394.4,-0.2,0.2679508637269954,0.2679508637269954
394.405,-0.2,0.5981324565180163,0.5981324565180163
394.41,-0.2,0.7641833172735994,0.7641833172735994
394.415,-0.2,0.47516991864351077,0.47516991864351077
394.42,-0.2,0.22674122325253504,0.22674122325253504
394.425,-0.2,0.07970584788617441,0.07970584788617441
394.43,-0.2,-0.06859663936161112,-0.06859663936161112
394.435,-0.2,-0.02324781766483764,-0.02324781766483764
394.44,-0.2,0.25995999234193995,0.25995999234193995
394.445,-0.2,0.5816961270953942,0.5816961270953942
394.45,-0.2,0.5866002922395288,0.5866002922395288
394.455,-0.2,0.549288017135635,0.549288017135635
394.46,-0.2,0.2648809980500426,0.2648809980500426
394.465,-0.2,0.13013596109740658,0.13013596109740658
394.47,-0.2,0.12005483368346154,0.12005483368346154
394.475,-0.2,-0.09900062882606536,-0.09900062882606536
394.48,-0.2,0.2677220770393304,0.2677220770393304
394.485,-0.2,0.7673400718516544,0.7673400718516544
394.49,-0.2,0.711835965499499,0.711835965499499
394.495,-0.2,0.39804693746760816,0.39804693746760816
394.5,-0.2,0.4455335932833092,0.4455335932833092
394.505,-0.2,-0.0004515155802373473,-0.0004515155802373473
394.51,-0.2,-0.21684297835589766,-0.21684297835589766
394.515,-0.2,0.06027832527755948,0.06027832527755948
394.52,-0.2,0.22882502046261224,0.22882502046261224
394.525,-0.2,0.6823510350758673,0.6823510350758673
394.53,-0.2,0.4705183290472763,0.4705183290472763
394.535,-0.2,0.2465407305176442,0.2465407305176442
394.54,-0.2,0.17350701402337076,0.17350701402337076
394.545,-0.2,0.13665519793970954,0.13665519793970954
394.55,-0.2,0.05995938100100831,0.05995938100100831
394.555,-0.2,-0.030752003611459452,-0.030752003611459452
394.56,-0.2,0.29901902319133256,0.29901902319133256
394.565,-0.2,0.4719561790529811,0.4719561790529811
394.57,-0.2,0.45073348096581217,0.45073348096581217
394.575,-0.2,0.3530692181456179,0.3530692181456179
394.58,-0.2,0.2904118281975385,0.2904118281975385
394.585,-0.2,0.021814725378401928,0.021814725378401928
394.59,-0.2,-0.2409710741144639,-0.2409710741144639
394.595,-0.2,0.14701666161088242,0.14701666161088242
394.6,-0.2,0.19145173060979476,0.19145173060979476
394.605,-0.2,0.584594248127431,0.584594248127431
394.61,-0.2,0.6912404814941171,0.6912404814941171
394.615,-0.2,0.5235589512226111,0.5235589512226111
394.62,-0.2,0.2553651579074055,0.2553651579074055
394.625,-0.2,0.016662336297278507,0.016662336297278507
394.63,-0.2,-0.15476132588786629,-0.15476132588786629
394.635,-0.2,-0.00874668754313273,-0.00874668754313273
394.64,-0.2,0.2440385583219782,0.2440385583219782
394.645,-0.2,0.3954244776092263,0.3954244776092263
394.65,-0.2,0.5764444909502384,0.5764444909502384
394.655,-0.2,0.5280798051668972,0.5280798051668972
394.66,-0.2,0.1510894592310758,0.1510894592310758
394.665,-0.2,-0.06913905562328046,-0.06913905562328046
394.67,-0.2,-0.18357837968643015,-0.18357837968643015
394.675,-0.2,0.03465983622963312,0.03465983622963312
394.68,-0.2,0.22012161854613835,0.22012161854613835
394.685,-0.2,0.5673293599050974,0.5673293599050974
394.69,-0.2,0.7713996260229967,0.7713996260229967
394.695,-0.2,0.46752939469500854,0.46752939469500854
394.7,-0.2,0.3820491452713871,0.3820491452713871
394.705,-0.2,0.07845584617542908,0.07845584617542908
394.71,-0.2,-0.15418103510206355,-0.15418103510206355
394.715,-0.2,-0.07932380568722075,-0.07932380568722075
394.72,-0.2,0.3240290996081453,0.3240290996081453
394.725,-0.2,0.5765369745308547,0.5765369745308547
394.73,-0.2,0.8823399721800285,0.8823399721800285
394.735,-0.2,0.3572662327057137,0.3572662327057137
394.74,-0.2,0.2715132474516566,0.2715132474516566
394.745,-0.2,-0.09714472779275865,-0.09714472779275865
394.75,-0.2,-0.1736876291949625,-0.1736876291949625
394.755,-0.2,-0.025042945632369737,-0.025042945632369737
394.76,-0.2,0.0635112344389075,0.0635112344389075
394.765,-0.2,0.544066038124886,0.544066038124886
394.77,-0.2,0.6081780388485202,0.6081780388485202
394.775,-0.2,0.3572772747877927,0.3572772747877927
394.78,-0.2,0.36375418608138843,0.36375418608138843
394.785,-0.2,0.003596805277221622,0.003596805277221622
394.79,-0.2,-0.10449262263971955,-0.10449262263971955
394.795,-0.2,0.09610776424386983,0.09610776424386983
394.8,-0.2,0.21783434263620602,0.21783434263620602
394.805,-0.2,0.5419846295652136,0.5419846295652136
394.81,-0.2,0.4203370396778755,0.4203370396778755
394.815,-0.2,0.516128005814813,0.516128005814813
394.82,-0.2,0.24682741830245608,0.24682741830245608
394.825,-0.2,-0.11398149888365991,-0.11398149888365991
394.83,-0.2,-0.2520236798779649,-0.2520236798779649
394.835,-0.2,-0.03195666814181266,-0.03195666814181266
394.84,-0.2,0.24602719882774407,0.24602719882774407
394.845,-0.2,0.5357677121101727,0.5357677121101727
394.85,-0.2,0.5356747025640634,0.5356747025640634
394.855,-0.2,0.5206758303311565,0.5206758303311565
394.86,-0.2,0.3084942485025139,0.3084942485025139
394.865,-0.2,-0.050961421917153,-0.050961421917153
394.87,-0.2,-0.19841513071227143,-0.19841513071227143
394.875,-0.2,-0.08053190926454182,-0.08053190926454182
394.88,-0.2,0.22624450735078966,0.22624450735078966
394.885,-0.2,0.4293531770032937,0.4293531770032937
394.89,-0.2,0.5196537119276464,0.5196537119276464
394.895,-0.2,0.5836246020362461,0.5836246020362461
394.9,-0.2,0.23119668731154663,0.23119668731154663
394.905,-0.2,-0.03691513667031658,-0.03691513667031658
394.91,-0.2,-0.22047098718364008,-0.22047098718364008
394.915,-0.2,-0.0068919128823584,-0.0068919128823584
394.92,-0.2,-0.006583898784355252,-0.006583898784355252
394.925,-0.2,0.5816352422953979,0.5816352422953979
394.93,-0.2,0.528158133051463,0.528158133051463
394.935,-0.2,0.5123107982755228,0.5123107982755228
394.94,-0.2,0.2661954093852178,0.2661954093852178
394.945,-0.2,-0.009740257658608968,-0.009740257658608968
394.95,-0.2,-0.13899759842692785,-0.13899759842692785
394.955,-0.2,0.067216716749388,0.067216716749388
394.96,-0.2,0.09308359853232705,0.09308359853232705
394.965,-0.2,0.336687222269475,0.336687222269475
394.97,-0.2,0.4478511492898496,0.4478511492898496
394.975,-0.2,0.4297798061951235,0.4297798061951235
394.98,-0.2,0.19907814361383974,0.19907814361383974
394.985,-0.2,-0.1744568094930742,-0.1744568094930742
394.99,-0.2,-0.3507912414203299,-0.3507912414203299
394.995,-0.2,-0.05285986704782017,-0.05285986704782017
395.0,-0.2,0.21290612564722217,0.21290612564722217
395.005,-0.2,0.5962963936603685,0.5962963936603685
395.01,-0.2,0.711904399610234,0.711904399610234
395.015,-0.2,0.5991923701574445,0.5991923701574445
395.02,-0.2,0.3598963449659113,0.3598963449659113
395.025,-0.2,0.029558440296999847,0.029558440296999847
395.03,-0.2,-0.10954915574009108,-0.10954915574009108
395.035,-0.2,-0.011343503787526577,-0.011343503787526577
395.04,-0.2,0.07047024561855217,0.07047024561855217
395.045,-0.2,0.6503269339433412,0.6503269339433412
395.05,-0.2,0.45580181034851386,0.45580181034851386
395.055,-0.2,0.5776462401286944,0.5776462401286944
395.06,-0.2,0.13835211331956607,0.13835211331956607
395.065,-0.2,0.08308054436930953,0.08308054436930953
395.07,-0.2,-0.11246131643416973,-0.11246131643416973
395.075,-0.2,-0.16596969766208147,-0.16596969766208147
395.08,-0.2,0.36151927062283395,0.36151927062283395
395.085,-0.2,0.3959802217691496,0.3959802217691496
395.09,-0.2,0.602004666871466,0.602004666871466
395.095,-0.2,0.5011280321084077,0.5011280321084077
395.1,-0.2,0.2019940015946964,0.2019940015946964
395.105,-0.2,-0.09670729178455381,-0.09670729178455381
395.11,-0.2,-0.12058532652554024,-0.12058532652554024
395.115,-0.2,0.046896460586278735,0.046896460586278735
395.12,-0.2,0.23756866763216863,0.23756866763216863
395.125,-0.2,0.49017344482980524,0.49017344482980524
395.13,-0.2,0.5386485061724158,0.5386485061724158
395.135,-0.2,0.45129222038346284,0.45129222038346284
395.14,-0.2,0.18806933232797338,0.18806933232797338
395.145,-0.2,-0.1505333954565726,-0.1505333954565726
395.15,-0.2,-0.2920627332037588,-0.2920627332037588
395.155,-0.2,0.11692461162800333,0.11692461162800333
395.16,-0.2,0.21023142771505357,0.21023142771505357
395.165,-0.2,0.5424355322623398,0.5424355322623398
395.17,-0.2,0.49565663164161966,0.49565663164161966
395.175,-0.2,0.45357155899183804,0.45357155899183804
395.18,-0.2,0.03063616377841047,0.03063616377841047
395.185,-0.2,-0.04476962074798495,-0.04476962074798495
395.19,-0.2,-0.2708293237719212,-0.2708293237719212
395.195,-0.2,-0.12775824560792437,-0.12775824560792437
395.2,-0.2,0.2372046906800758,0.2372046906800758
395.205,-0.2,0.5219560930280924,0.5219560930280924
395.21,-0.2,0.5992717764308287,0.5992717764308287
395.215,-0.2,0.5783967356456073,0.5783967356456073
395.22,-0.2,0.23331799096811215,0.23331799096811215
395.225,-0.2,-0.24531504963893336,-0.24531504963893336
395.23,-0.2,-0.16190776715324343,-0.16190776715324343
395.235,-0.2,-0.005634017746420226,-0.005634017746420226
395.24,-0.2,0.1651142259391601,0.1651142259391601
395.245,-0.2,0.39175447780452743,0.39175447780452743
395.25,-0.2,0.5130043401477413,0.5130043401477413
395.255,-0.2,0.5073297614276321,0.5073297614276321
395.26,-0.2,0.0836814753367511,0.0836814753367511
395.265,-0.2,-0.12336497861627449,-0.12336497861627449
395.27,-0.2,-0.13426368304783481,-0.13426368304783481
395.275,-0.2,-0.1259070967669627,-0.1259070967669627
395.28,-0.2,0.3878874082670115,0.3878874082670115
395.285,-0.2,0.3753726652267069,0.3753726652267069
395.29,-0.2,0.6194323281935757,0.6194323281935757
395.295,-0.2,0.4116768669700565,0.4116768669700565
395.3,-0.2,0.09284114084644032,0.09284114084644032
395.305,-0.2,-0.020536410308021495,-0.020536410308021495
395.31,-0.2,-0.03235790049050649,-0.03235790049050649
395.315,-0.2,-0.09607000758784782,-0.09607000758784782
395.32,-0.2,0.33799626095777696,0.33799626095777696
395.325,-0.2,0.687182075823868,0.687182075823868
395.33,-0.2,0.6354987948017412,0.6354987948017412
395.335,-0.2,0.6728565814678715,0.6728565814678715
395.34,-0.2,0.29977597411784285,0.29977597411784285
395.345,-0.2,-0.08297640463922477,-0.08297640463922477
395.35,-0.2,-0.22949444030046914,-0.22949444030046914
395.355,-0.2,-0.13778078733579074,-0.13778078733579074
395.36,-0.2,0.17350374438712474,0.17350374438712474
395.365,-0.2,0.5595425999407586,0.5595425999407586
395.37,-0.2,0.4876570287533968,0.4876570287533968
395.375,-0.2,0.1275300315929872,0.1275300315929872
395.38,-0.2,0.18722958614533744,0.18722958614533744
395.385,-0.2,-0.08453429739687846,-0.08453429739687846
395.39,-0.2,-0.05403867593093037,-0.05403867593093037
395.395,-0.2,-0.05888573056484593,-0.05888573056484593
395.4,-0.2,0.19833796102785373,0.19833796102785373
395.405,-0.2,0.32553974935123126,0.32553974935123126
395.41,-0.2,0.6308033933022478,0.6308033933022478
395.415,-0.2,0.6262142515442224,0.6262142515442224
395.42,-0.2,0.1890176024373921,0.1890176024373921
395.425,-0.2,-0.10904874298647237,-0.10904874298647237
395.43,-0.2,-0.18360562707119224,-0.18360562707119224
395.435,-0.2,-0.09656663845112007,-0.09656663845112007
395.44,-0.2,0.07174298319371357,0.07174298319371357
395.445,-0.2,0.561533823204789,0.561533823204789
395.45,-0.2,0.4154309779258557,0.4154309779258557
395.455,-0.2,0.1996992866402836,0.1996992866402836
395.46,-0.2,0.3552968567277017,0.3552968567277017
395.465,-0.2,-0.1021999944623512,-0.1021999944623512
395.47,-0.2,-0.18318474031239942,-0.18318474031239942
395.475,-0.2,-0.037750154125685526,-0.037750154125685526
395.48,-0.2,0.21240058029036518,0.21240058029036518
395.485,-0.2,0.5052101537556162,0.5052101537556162
395.49,-0.2,0.6573871104142689,0.6573871104142689
395.495,-0.2,0.49500457591663033,0.49500457591663033
395.5,-0.2,0.2508834765136375,0.2508834765136375
395.505,-0.2,-0.14555691596578937,-0.14555691596578937
395.51,-0.2,-0.03560566224454262,-0.03560566224454262
395.515,-0.2,0.03151755560551324,0.03151755560551324
395.52,-0.2,0.19235950608858834,0.19235950608858834
395.525,-0.2,0.4665262717973696,0.4665262717973696
395.53,-0.2,0.4835202831180111,0.4835202831180111
395.535,-0.2,0.5172385851752331,0.5172385851752331
395.54,-0.2,0.003606556666506333,0.003606556666506333
395.545,-0.2,-0.12311552710027648,-0.12311552710027648
395.55,-0.2,-0.18234566594313184,-0.18234566594313184
395.555,-0.2,-0.0767319338347145,-0.0767319338347145
395.56,-0.2,0.15891407785906092,0.15891407785906092
395.565,-0.2,0.3528334778523727,0.3528334778523727
395.57,-0.2,0.5711290300980807,0.5711290300980807
395.575,-0.2,0.3581481122158243,0.3581481122158243
395.58,-0.2,0.1286361667289313,0.1286361667289313
395.585,-0.2,-0.16739992809917614,-0.16739992809917614
395.59,-0.2,-0.1120673911545885,-0.1120673911545885
395.595,-0.2,-0.08788117732191877,-0.08788117732191877
395.6,-0.2,0.28536040030430826,0.28536040030430826
395.605,-0.2,0.26452692530563215,0.26452692530563215
395.61,-0.2,0.44650443207033397,0.44650443207033397
395.615,-0.2,0.41131642409811375,0.41131642409811375
395.62,-0.2,0.03672324796164912,0.03672324796164912
395.625,-0.2,-0.12537927625301162,-0.12537927625301162
395.63,-0.2,-0.16882953138772255,-0.16882953138772255
395.635,-0.2,-0.036304589026400894,-0.036304589026400894
395.64,-0.2,0.3769954615616438,0.3769954615616438
395.645,-0.2,0.5190614181202987,0.5190614181202987
395.65,-0.2,0.5879162632030244,0.5879162632030244
395.655,-0.2,0.44567783351236945,0.44567783351236945
395.66,-0.2,0.008017773561379837,0.008017773561379837
395.665,-0.2,-0.3718319078088405,-0.3718319078088405
395.67,-0.2,-0.153522517023711,-0.153522517023711
395.675,-0.2,0.0661268128277083,0.0661268128277083
395.68,-0.2,0.25363140549091573,0.25363140549091573
395.685,-0.2,0.4397900897484027,0.4397900897484027
395.69,-0.2,0.5387625420823623,0.5387625420823623
395.695,-0.2,0.39386503784077154,0.39386503784077154
395.7,-0.2,0.26804576909675387,0.26804576909675387
395.705,-0.2,-0.11713529349316679,-0.11713529349316679
395.71,-0.2,-0.1368535467879384,-0.1368535467879384
395.715,-0.2,-0.12908236086861402,-0.12908236086861402
395.72,-0.2,0.2357661453019168,0.2357661453019168
395.725,-0.2,0.34194976888907813,0.34194976888907813
395.73,-0.2,0.7674139686730341,0.7674139686730341
395.735,-0.2,0.6013688396815059,0.6013688396815059
395.74,-0.2,0.4284492394001074,0.4284492394001074
395.745,-0.2,0.01664530484320456,0.01664530484320456
395.75,-0.2,-0.15921458417071419,-0.15921458417071419
395.755,-0.2,0.1359807622531307,0.1359807622531307
395.76,-0.2,0.08841661465303177,0.08841661465303177
395.765,-0.2,0.7516325034718052,0.7516325034718052
395.77,-0.2,0.5646832025025312,0.5646832025025312
395.775,-0.2,0.6537028072082287,0.6537028072082287
395.78,-0.2,0.20460459729353142,0.20460459729353142
395.785,-0.2,-0.05535959891199062,-0.05535959891199062
395.79,-0.2,0.023896362299503482,0.023896362299503482
395.795,-0.2,0.021272191041785318,0.021272191041785318
395.8,-0.2,0.39399568141196395,0.39399568141196395
395.805,-0.2,0.50845237139075,0.50845237139075
395.81,-0.2,0.5651472856448079,0.5651472856448079
395.815,-0.2,0.5492598956909112,0.5492598956909112
395.82,-0.2,0.18610580291698836,0.18610580291698836
395.825,-0.2,0.01866426054173126,0.01866426054173126
395.83,-0.2,-0.24336106298476598,-0.24336106298476598
