t,reference,measured,noisy
344.545,0.2,-0.2716044041408734,-0.2716044041408734
344.55,0.2,-0.33662216818572366,-0.33662216818572366
344.555,0.2,-0.15508686527978044,-0.15508686527978044
344.56,0.2,0.021608504316300653,0.021608504316300653
344.565,0.2,0.2913224925004597,0.2913224925004597
344.57,0.2,0.2685371821988022,0.2685371821988022
344.575,0.2,0.2386886048003832,0.2386886048003832
344.58,0.2,-0.08331248559458201,-0.08331248559458201
344.585,0.2,-0.31453809172044717,-0.31453809172044717
344.59,0.2,-0.15890098896966712,-0.15890098896966712
344.595,0.2,-0.2079938042447404,-0.2079938042447404
344.6,0.2,0.11467242335315717,0.11467242335315717
344.605,0.2,0.38819809012247863,0.38819809012247863
344.61,0.2,0.629679768307788,0.629679768307788
344.615,0.2,0.1879207474717009,0.1879207474717009
344.62,0.2,0.017064010117062073,0.017064010117062073
344.625,0.2,-0.21648727657931008,-0.21648727657931008
344.63,0.2,-0.45433348985477784,-0.45433348985477784
344.635,0.2,-0.3884390403108391,-0.3884390403108391
344.64,0.2,-0.003963807401503476,-0.003963807401503476
344.645,0.2,0.15600990213268373,0.15600990213268373
344.65,0.2,0.41080032875718064,0.41080032875718064
344.655,0.2,0.27810495325773404,0.27810495325773404
344.66,0.2,0.04640925878897734,0.04640925878897734
344.665,0.2,-0.24139379578203593,-0.24139379578203593
344.67,0.2,-0.22312534370741338,-0.22312534370741338
344.675,0.2,-0.14550245042127283,-0.14550245042127283
344.68,0.2,0.002802315218570585,0.002802315218570585
344.685,0.2,0.29581682841152646,0.29581682841152646
344.69,0.2,0.5420448324029887,0.5420448324029887
344.695,0.2,0.2217045713289561,0.2217045713289561
344.7,0.2,0.03621382107758723,0.03621382107758723
344.705,0.2,-0.2388103652228783,-0.2388103652228783
344.71,0.2,-0.21838544818312083,-0.21838544818312083
344.715,0.2,-0.15389581917132555,-0.15389581917132555
344.72,0.2,0.016380984720352668,0.016380984720352668
344.725,0.2,0.4363996981009635,0.4363996981009635
344.73,0.2,0.3571487647366392,0.3571487647366392
344.735,0.2,0.426080761908514,0.426080761908514
344.74,0.2,0.12220788721961132,0.12220788721961132
344.745,0.2,-0.27791298706911227,-0.27791298706911227
344.75,0.2,-0.3922724423892967,-0.3922724423892967
344.755,0.2,-0.2242244066229662,-0.2242244066229662
344.76,0.2,0.10076168245845588,0.10076168245845588
344.765,0.2,0.16184089088660605,0.16184089088660605
344.77,0.2,0.5821390804025104,0.5821390804025104
344.775,0.2,0.57717073175504,0.57717073175504
344.78,0.2,0.0655716386337988,0.0655716386337988
344.785,0.2,-0.23662062415322882,-0.23662062415322882
344.79,0.2,-0.25317070757443827,-0.25317070757443827
344.795,0.2,-0.24693481753318602,-0.24693481753318602
344.8,0.2,0.09420652730007631,0.09420652730007631
344.805,0.2,0.4137437338821376,0.4137437338821376
344.81,0.2,0.4192469896998508,0.4192469896998508
344.815,0.2,0.37567928599973416,0.37567928599973416
344.82,0.2,0.11585847057153845,0.11585847057153845
344.825,0.2,-0.11438990876566668,-0.11438990876566668
344.83,0.2,-0.36814039574373336,-0.36814039574373336
344.835,0.2,0.16474934269575678,0.16474934269575678
344.84,0.2,0.013552154194995752,0.013552154194995752
344.845,0.2,0.3928059102369579,0.3928059102369579
344.85,0.2,0.5907664278872964,0.5907664278872964
344.855,0.2,0.4329780549221693,0.4329780549221693
344.86,0.2,0.08403551348095392,0.08403551348095392
344.865,0.2,-0.10484976960342085,-0.10484976960342085
344.87,0.2,-0.27671384036356594,-0.27671384036356594
344.875,0.2,-0.0782028442628908,-0.0782028442628908
344.88,0.2,0.15876802892751207,0.15876802892751207
344.885,0.2,0.3802511214150279,0.3802511214150279
344.89,0.2,0.45376088916342844,0.45376088916342844
344.895,0.2,0.43709167150211137,0.43709167150211137
344.9,0.2,0.16948914995631123,0.16948914995631123
344.905,0.2,-0.14777486960000505,-0.14777486960000505
344.91,0.2,-0.17509374532706398,-0.17509374532706398
344.915,0.2,-0.10797580156641855,-0.10797580156641855
344.92,0.2,0.2493915870263242,0.2493915870263242
344.925,0.2,0.30571452062808435,0.30571452062808435
344.93,0.2,0.4836323034764613,0.4836323034764613
344.935,0.2,0.42388344670265116,0.42388344670265116
344.94,0.2,0.23936277882268583,0.23936277882268583
344.945,0.2,-0.2801401288837111,-0.2801401288837111
344.95,0.2,-0.19991333251012208,-0.19991333251012208
344.955,0.2,-0.07262134780804931,-0.07262134780804931
344.96,0.2,0.2323415163428337,0.2323415163428337
344.965,0.2,0.5468648075981826,0.5468648075981826
344.97,0.2,0.6737125533087895,0.6737125533087895
344.975,0.2,0.47736552977517277,0.47736552977517277
344.98,0.2,-0.04194198524509443,-0.04194198524509443
344.985,0.2,0.03358437331500483,0.03358437331500483
344.99,0.2,-0.14746030237391455,-0.14746030237391455
344.995,0.2,-0.09103276378979533,-0.09103276378979533
345.0,0.2,0.16244280825229995,0.16244280825229995
345.005,0.2,0.6756586847801138,0.6756586847801138
345.01,0.2,0.5397248460546168,0.5397248460546168
345.015,0.2,0.5831102741876417,0.5831102741876417
345.02,0.2,0.07778289580804841,0.07778289580804841
345.025,0.2,-0.04717487167854725,-0.04717487167854725
345.03,0.2,-0.19849952701133752,-0.19849952701133752
345.035,0.2,-0.03728544619227696,-0.03728544619227696
345.04,0.2,0.24345286527532362,0.24345286527532362
345.045,0.2,0.5919267949654432,0.5919267949654432
345.05,0.2,0.5986237224680486,0.5986237224680486
345.055,0.2,0.49172108888990274,0.49172108888990274
345.06,0.2,0.09582029052051914,0.09582029052051914
345.065,0.2,-0.10909249361873276,-0.10909249361873276
345.07,0.2,-0.1291172563219615,-0.1291172563219615
345.075,0.2,0.057308331296166526,0.057308331296166526
345.08,0.2,0.2888859693951201,0.2888859693951201
345.085,0.2,0.5606530716045562,0.5606530716045562
345.09,0.2,0.5359790135617745,0.5359790135617745
345.095,0.2,0.5055436561666085,0.5055436561666085
345.1,0.2,0.18058587601869766,0.18058587601869766
345.105,0.2,-0.11871682064864567,-0.11871682064864567
345.11,0.2,-0.09434864855040301,-0.09434864855040301
345.115,0.2,-0.062001499309974756,-0.062001499309974756
345.12,0.2,0.48641758655106115,0.48641758655106115
345.125,0.2,0.540510395334875,0.540510395334875
345.13,0.2,0.5411332819547698,0.5411332819547698
345.135,0.2,0.41488060429634976,0.41488060429634976
345.14,0.2,0.21371822667275348,0.21371822667275348
345.145,0.2,-0.13836383617186837,-0.13836383617186837
345.15,0.2,-0.34521821367611316,-0.34521821367611316
345.155,0.2,0.09347699993962359,0.09347699993962359
345.16,0.2,0.38978741271902706,0.38978741271902706
345.165,0.2,0.41563481994349055,0.41563481994349055
345.17,0.2,0.6747310238043467,0.6747310238043467
345.175,0.2,0.35921790416407534,0.35921790416407534
345.18,0.2,0.09488833881519587,0.09488833881519587
345.185,0.2,-0.1426955925755385,-0.1426955925755385
345.19,0.2,-0.2878694523683572,-0.2878694523683572
345.195,0.2,0.17090520677266377,0.17090520677266377
345.2,0.2,0.15477789775066061,0.15477789775066061
345.205,0.2,0.4986660193754772,0.4986660193754772
345.21,0.2,0.5247600708778395,0.5247600708778395
345.215,0.2,0.44448820152600754,0.44448820152600754
345.22,0.2,0.17038464559256894,0.17038464559256894
345.225,0.2,0.07813381507041915,0.07813381507041915
345.23,0.2,-0.06910937077327253,-0.06910937077327253
345.235,0.2,0.029750880258698584,0.029750880258698584
345.24,0.2,0.39731001158516477,0.39731001158516477
345.245,0.2,0.5375410976777337,0.5375410976777337
345.25,0.2,0.45949749914969695,0.45949749914969695
345.255,0.2,0.3908948925658972,0.3908948925658972
345.26,0.2,0.0995746352976912,0.0995746352976912
345.265,0.2,0.029201520939355075,0.029201520939355075
345.27,0.2,-0.10158648587564087,-0.10158648587564087
345.275,0.2,-0.022116070463467037,-0.022116070463467037
345.28,0.2,0.34345203205756986,0.34345203205756986
345.285,0.2,0.6220754812069241,0.6220754812069241
345.29,0.2,0.5260848845212213,0.5260848845212213
345.295,0.2,0.3981014835828895,0.3981014835828895
345.3,0.2,0.26611374737014293,0.26611374737014293
345.305,0.2,0.0010851747378057136,0.0010851747378057136
345.31,0.2,-0.26115952276012133,-0.26115952276012133
345.315,0.2,0.0831591377498444,0.0831591377498444
345.32,0.2,0.31697728790478075,0.31697728790478075
345.325,0.2,0.5631646077255138,0.5631646077255138
345.33,0.2,0.6125322547403661,0.6125322547403661
345.335,0.2,0.25620916243409353,0.25620916243409353
345.34,0.2,0.03612388450597248,0.03612388450597248
345.345,0.2,-0.03421470086071335,-0.03421470086071335
345.35,0.2,-0.12082391024758546,-0.12082391024758546
345.355,0.2,-0.009925076412887483,-0.009925076412887483
345.36,0.2,0.19818328197098634,0.19818328197098634
345.365,0.2,0.4699826353171189,0.4699826353171189
345.37,0.2,0.6167090674894055,0.6167090674894055
345.375,0.2,0.3668643958471721,0.3668643958471721
345.38,0.2,-0.038553476360870864,-0.038553476360870864
345.385,0.2,-0.21213447123477602,-0.21213447123477602
345.39,0.2,-0.045771769910047305,-0.045771769910047305
345.395,0.2,0.1298992010160885,0.1298992010160885
345.4,0.2,0.17918487293867347,0.17918487293867347
345.405,0.2,0.47631669884403555,0.47631669884403555
345.41,0.2,0.3924578065403975,0.3924578065403975
345.415,0.2,0.34151771640431583,0.34151771640431583
345.42,0.2,0.15653912027995154,0.15653912027995154
345.425,0.2,-0.05865609346212046,-0.05865609346212046
345.43,0.2,-0.10556240493203559,-0.10556240493203559
345.435,0.2,0.015919879564968722,0.015919879564968722
345.44,0.2,0.338408308517384,0.338408308517384
345.445,0.2,0.6285226919406576,0.6285226919406576
345.45,0.2,0.41944785220904235,0.41944785220904235
345.455,0.2,0.2725094389523649,0.2725094389523649
345.46,0.2,0.27036142210822045,0.27036142210822045
345.465,0.2,-0.012696457770452585,-0.012696457770452585
345.47,0.2,-0.2772657155027408,-0.2772657155027408
345.475,0.2,-0.04841789501295651,-0.04841789501295651
345.48,0.2,0.2046272684846743,0.2046272684846743
345.485,0.2,0.39182818635478533,0.39182818635478533
345.49,0.2,0.6330764497677869,0.6330764497677869
345.495,0.2,0.42025588635260713,0.42025588635260713
345.5,0.2,0.17811824734466286,0.17811824734466286
345.505,0.2,-0.05180314761306421,-0.05180314761306421
345.51,0.2,-0.2050087512823105,-0.2050087512823105
345.515,0.2,0.050088748069179165,0.050088748069179165
345.52,0.2,0.12423165009897771,0.12423165009897771
345.525,0.2,0.49005132793381767,0.49005132793381767
345.53,0.2,0.6583015915629586,0.6583015915629586
345.535,0.2,0.46468368767499474,0.46468368767499474
345.54,0.2,0.22628898308559597,0.22628898308559597
345.545,0.2,-0.04131349968975585,-0.04131349968975585
345.55,0.2,-0.1638358595431765,-0.1638358595431765
345.555,0.2,0.0014804485342551563,0.0014804485342551563
345.56,0.2,0.15480308758708888,0.15480308758708888
345.565,0.2,0.6091021997081144,0.6091021997081144
345.57,0.2,0.7299280499207623,0.7299280499207623
345.575,0.2,0.49570963377668614,0.49570963377668614
345.58,0.2,0.08555654111195429,0.08555654111195429
345.585,0.2,-0.043992615189410604,-0.043992615189410604
345.59,0.2,-0.2844710122911426,-0.2844710122911426
345.595,0.2,-0.021043614620899913,-0.021043614620899913
345.6,0.2,0.15915108226144006,0.15915108226144006
345.605,0.2,0.384833997783271,0.384833997783271
345.61,0.2,0.4883443364229385,0.4883443364229385
345.615,0.2,0.2631685917416103,0.2631685917416103
345.62,0.2,0.0933488496154264,0.0933488496154264
345.625,0.2,-0.14991610919033233,-0.14991610919033233
345.63,0.2,-0.12897616131415862,-0.12897616131415862
345.635,0.2,0.010545015128854009,0.010545015128854009
345.64,0.2,0.05796567052245313,0.05796567052245313
345.645,0.2,0.4593009856737309,0.4593009856737309
345.65,0.2,0.292004439788087,0.292004439788087
345.655,0.2,0.43350487450940134,0.43350487450940134
345.66,0.2,0.18225050176265362,0.18225050176265362
345.665,0.2,-0.020303566654259045,-0.020303566654259045
345.67,0.2,-0.3897304777649607,-0.3897304777649607
345.675,0.2,-0.129643201366501,-0.129643201366501
345.68,0.2,0.2769804509632041,0.2769804509632041
345.685,0.2,0.4319382125406925,0.4319382125406925
345.69,0.2,0.3215990805834764,0.3215990805834764
345.695,0.2,0.4011914041769594,0.4011914041769594
345.7,0.2,0.14300693263322192,0.14300693263322192
345.705,0.2,-0.23437831254791197,-0.23437831254791197
345.71,0.2,-0.11641576399610297,-0.11641576399610297
345.715,0.2,0.10460525099149592,0.10460525099149592
345.72,0.2,0.17864523407580388,0.17864523407580388
345.725,0.2,0.3816783777667525,0.3816783777667525
345.73,0.2,0.5248062122054082,0.5248062122054082
345.735,0.2,0.29535937771973864,0.29535937771973864
345.74,0.2,0.21381150758757686,0.21381150758757686
345.745,0.2,-0.018367264065719924,-0.018367264065719924
345.75,0.2,-0.06508940917123701,-0.06508940917123701
345.755,0.2,-0.1745076693480744,-0.1745076693480744
345.76,0.2,0.12329448439524499,0.12329448439524499
345.765,0.2,0.4635288894822427,0.4635288894822427
345.77,0.2,0.6015718022468305,0.6015718022468305
345.775,0.2,0.4003688461297909,0.4003688461297909
345.78,0.2,-0.0026769812679442173,-0.0026769812679442173
345.785,0.2,-0.1278218968143383,-0.1278218968143383
345.79,0.2,-0.19035768639612735,-0.19035768639612735
345.795,0.2,-0.08070528920745582,-0.08070528920745582
345.8,0.2,0.10229481022726972,0.10229481022726972
345.805,0.2,0.44730275103972517,0.44730275103972517
345.81,0.2,0.600775656566276,0.600775656566276
345.815,0.2,0.27476282674750996,0.27476282674750996
345.82,0.2,-0.0850291215859029,-0.0850291215859029
345.825,0.2,-0.008800599789995395,-0.008800599789995395
345.83,0.2,0.03593795477800937,0.03593795477800937
345.835,0.2,-0.10032747354926494,-0.10032747354926494
345.84,0.2,0.14234982712381106,0.14234982712381106
345.845,0.2,0.37992963524487544,0.37992963524487544
345.85,0.2,0.5564913777857035,0.5564913777857035
345.855,0.2,0.28631516391912515,0.28631516391912515
345.86,0.2,0.17141902316770327,0.17141902316770327
345.865,0.2,-0.042325568278905226,-0.042325568278905226
345.87,0.2,-0.1561718101719552,-0.1561718101719552
345.875,0.2,0.0024076790118512104,0.0024076790118512104
345.88,0.2,0.05368213945994192,0.05368213945994192
345.885,0.2,0.3382882595517717,0.3382882595517717
345.89,0.2,0.5751667062439245,0.5751667062439245
345.895,0.2,0.37343626520567613,0.37343626520567613
345.9,0.2,0.2049172855203361,0.2049172855203361
345.905,0.2,-0.08336869878157435,-0.08336869878157435
345.91,0.2,-0.3708867403489895,-0.3708867403489895
345.915,0.2,-0.16281579877335356,-0.16281579877335356
345.92,0.2,-0.0299019209033472,-0.0299019209033472
345.925,0.2,0.5468728542079898,0.5468728542079898
345.93,0.2,0.625469369131542,0.625469369131542
345.935,0.2,0.36418271614525055,0.36418271614525055
345.94,0.2,0.17631561302175738,0.17631561302175738
345.945,0.2,-0.18126594367147125,-0.18126594367147125
345.95,0.2,-0.22289042375490428,-0.22289042375490428
345.955,0.2,-0.057469035499072674,-0.057469035499072674
345.96,0.2,0.26615596634712374,0.26615596634712374
345.965,0.2,0.510300138357337,0.510300138357337
345.97,0.2,0.551388370007133,0.551388370007133
345.975,0.2,0.566078149622953,0.566078149622953
345.98,0.2,0.1183637710463598,0.1183637710463598
345.985,0.2,-0.03426599572157199,-0.03426599572157199
345.99,0.2,-0.04373337570022626,-0.04373337570022626
345.995,0.2,-0.08169628761398483,-0.08169628761398483
346.0,0.2,0.16496699731821915,0.16496699731821915
346.005,0.2,0.5352689156366731,0.5352689156366731
346.01,0.2,0.4614984861897051,0.4614984861897051
346.015,0.2,0.20554816339717796,0.20554816339717796
346.02,0.2,0.13777350974132127,0.13777350974132127
346.025,0.2,-0.08016423065286597,-0.08016423065286597
346.03,0.2,-0.08310212556761638,-0.08310212556761638
346.035,0.2,-0.052974633173421215,-0.052974633173421215
346.04,0.2,0.2732823444668909,0.2732823444668909
346.045,0.2,0.3431890889300328,0.3431890889300328
346.05,0.2,0.4888841384567004,0.4888841384567004
346.055,0.2,0.4118994787640202,0.4118994787640202
346.06,0.2,0.318615857901836,0.318615857901836
346.065,0.2,-0.19951420180337132,-0.19951420180337132
346.07,0.2,-0.3899696749487577,-0.3899696749487577
346.075,0.2,-0.20254222868930447,-0.20254222868930447
346.08,0.2,0.13009226640905164,0.13009226640905164
346.085,0.2,0.467894961489701,0.467894961489701
346.09,0.2,0.5720294401281923,0.5720294401281923
346.095,0.2,0.5250355558845794,0.5250355558845794
346.1,0.2,0.13859428373248914,0.13859428373248914
346.105,0.2,0.014337631543669432,0.014337631543669432
346.11,0.2,-0.16252808106649091,-0.16252808106649091
346.115,0.2,-0.10914868695772802,-0.10914868695772802
346.12,0.2,0.14581540225334066,0.14581540225334066
346.125,0.2,0.5572837173633771,0.5572837173633771
346.13,0.2,0.6628574655649319,0.6628574655649319
346.135,0.2,0.5094327244401811,0.5094327244401811
346.14,0.2,0.06378172294056722,0.06378172294056722
346.145,0.2,-0.14552748218856487,-0.14552748218856487
346.15,0.2,-0.11620781774000243,-0.11620781774000243
346.155,0.2,-0.07090774137707657,-0.07090774137707657
346.16,0.2,-0.011197042572420435,-0.011197042572420435
346.165,0.2,0.462238174278824,0.462238174278824
346.17,0.2,0.5857016462083027,0.5857016462083027
346.175,0.2,0.31865540300405326,0.31865540300405326
346.18,0.2,0.11852509790862412,0.11852509790862412
346.185,0.2,-0.04568680474596476,-0.04568680474596476
346.19,0.2,-0.005970668244602406,-0.005970668244602406
346.195,0.2,-0.07718604946192693,-0.07718604946192693
346.2,0.2,0.09348583284166523,0.09348583284166523
346.205,0.2,0.3783476810053072,0.3783476810053072
346.21,0.2,0.3949181814583157,0.3949181814583157
346.215,0.2,0.4976669654530177,0.4976669654530177
346.22,0.2,0.04343860069998276,0.04343860069998276
346.225,0.2,0.03227677568571782,0.03227677568571782
346.23,0.2,-0.21816355077393934,-0.21816355077393934
346.235,0.2,-0.23845695940339226,-0.23845695940339226
346.24,0.2,0.19948325787478072,0.19948325787478072
346.245,0.2,0.5678385543063598,0.5678385543063598
346.25,0.2,0.46646833526572384,0.46646833526572384
346.255,0.2,0.3052238729985049,0.3052238729985049
346.26,0.2,0.1404836388262589,0.1404836388262589
346.265,0.2,-0.2905657998616288,-0.2905657998616288
346.27,0.2,-0.40159915466845203,-0.40159915466845203
346.275,0.2,-0.11256434519131368,-0.11256434519131368
346.28,0.2,0.08277762025147706,0.08277762025147706
346.285,0.2,0.4195468723769078,0.4195468723769078
346.29,0.2,0.6261507513322212,0.6261507513322212
346.295,0.2,0.5333662903193017,0.5333662903193017
346.3,0.2,0.22397581777588177,0.22397581777588177
346.305,0.2,-0.27213382267614183,-0.27213382267614183
346.31,0.2,-0.10644843489015475,-0.10644843489015475
346.315,0.2,-0.3619031871694881,-0.3619031871694881
346.32,0.2,-0.03007950512126395,-0.03007950512126395
346.325,0.2,0.39555316456207756,0.39555316456207756
346.33,0.2,0.6363467790163083,0.6363467790163083
346.335,0.2,0.47874914590473444,0.47874914590473444
346.34,0.2,-0.025411682412791847,-0.025411682412791847
346.345,0.2,-0.05558052640696083,-0.05558052640696083
346.35,0.2,-0.2478037103494879,-0.2478037103494879
346.355,0.2,-0.07173178577441411,-0.07173178577441411
346.36,0.2,0.045535893235107136,0.045535893235107136
346.365,0.2,0.37363691939466875,0.37363691939466875
346.37,0.2,0.4367921929416455,0.4367921929416455
346.375,0.2,0.2726509353951857,0.2726509353951857
346.38,0.2,0.15314302636170526,0.15314302636170526
346.385,0.2,-0.08504569212937722,-0.08504569212937722
346.39,0.2,-0.3683151885589825,-0.3683151885589825
346.395,0.2,-0.22593961401270346,-0.22593961401270346
346.4,0.2,0.18217260451060457,0.18217260451060457
346.405,0.2,0.46112866893556664,0.46112866893556664
346.41,0.2,0.5502213948548127,0.5502213948548127
346.415,0.2,0.508616759898235,0.508616759898235
346.42,0.2,-0.09608720006579079,-0.09608720006579079
346.425,0.2,-0.05136112835568567,-0.05136112835568567
346.43,0.2,-0.2892813450681206,-0.2892813450681206
346.435,0.2,-0.1262486473266557,-0.1262486473266557
346.44,0.2,0.27462033585515744,0.27462033585515744
346.445,0.2,0.5696109006586401,0.5696109006586401
346.45,0.2,0.48134777462546985,0.48134777462546985
346.455,0.2,0.363286913235083,0.363286913235083
346.46,0.2,0.0884513725038549,0.0884513725038549
346.465,0.2,-0.2305621879293193,-0.2305621879293193
346.47,0.2,-0.3454556127447296,-0.3454556127447296
346.475,0.2,-0.2630924523387459,-0.2630924523387459
346.48,0.2,0.16669600129310858,0.16669600129310858
346.485,0.2,0.35190676260353393,0.35190676260353393
346.49,0.2,0.41335131944316533,0.41335131944316533
346.495,0.2,0.4466600767818948,0.4466600767818948
346.5,0.2,-0.11337047000090122,-0.11337047000090122
346.505,0.2,-0.2280490880082832,-0.2280490880082832
346.51,0.2,-0.15809117695410774,-0.15809117695410774
346.515,0.2,-0.15963292353833003,-0.15963292353833003
346.52,0.2,0.09546511101931204,0.09546511101931204
346.525,0.2,0.5172629043271509,0.5172629043271509
346.53,0.2,0.5209651486896646,0.5209651486896646
346.535,0.2,0.16355962641209765,0.16355962641209765
346.54,0.2,0.22323155783352555,0.22323155783352555
346.545,0.2,-0.14373299056923416,-0.14373299056923416
346.55,0.2,-0.1601313116977766,-0.1601313116977766
346.555,0.2,-0.017234866739259544,-0.017234866739259544
346.56,0.2,0.05935979756270281,0.05935979756270281
346.565,0.2,0.4549543071097692,0.4549543071097692
346.57,0.2,0.7401102122504193,0.7401102122504193
346.575,0.2,0.3802378772205929,0.3802378772205929
346.58,0.2,0.08014485608057684,0.08014485608057684
346.585,0.2,-0.3565049966632227,-0.3565049966632227
346.59,0.2,-0.2370475591494548,-0.2370475591494548
346.595,0.2,0.0031539395070055293,0.0031539395070055293
346.6,0.2,0.22696863482978452,0.22696863482978452
346.605,0.2,0.47202795760028504,0.47202795760028504
346.61,0.2,0.6606232291335616,0.6606232291335616
346.615,0.2,0.49298410199352594,0.49298410199352594
346.62,0.2,0.20758934539557827,0.20758934539557827
346.625,0.2,-0.21229267077596814,-0.21229267077596814
346.63,0.2,-0.22016447288286622,-0.22016447288286622
346.635,0.2,-0.14618586455916177,-0.14618586455916177
346.64,0.2,0.23123629996638764,0.23123629996638764
346.645,0.2,0.4980921240600957,0.4980921240600957
346.65,0.2,0.5468494397979755,0.5468494397979755
346.655,0.2,0.5940595229645471,0.5940595229645471
346.66,0.2,0.14694877600960232,0.14694877600960232
346.665,0.2,-0.12795275494773814,-0.12795275494773814
346.67,0.2,-0.041162893492626335,-0.041162893492626335
346.675,0.2,0.13483151443998068,0.13483151443998068
346.68,0.2,0.20233784583205525,0.20233784583205525
346.685,0.2,0.49926357956363265,0.49926357956363265
346.69,0.2,0.6541712490055936,0.6541712490055936
346.695,0.2,0.37643974874095665,0.37643974874095665
346.7,0.2,0.22414264037579273,0.22414264037579273
346.705,0.2,-0.014703625395435217,-0.014703625395435217
346.71,0.2,-0.022303846469449995,-0.022303846469449995
346.715,0.2,-0.13264532740795154,-0.13264532740795154
346.72,0.2,0.30312310399036974,0.30312310399036974
346.725,0.2,0.38459656525063074,0.38459656525063074
346.73,0.2,0.5065342825080443,0.5065342825080443
346.735,0.2,0.4357609788616288,0.4357609788616288
346.74,0.2,0.2857946864003217,0.2857946864003217
346.745,0.2,-0.02299695848979895,-0.02299695848979895
346.75,0.2,-0.07464927600693921,-0.07464927600693921
346.755,0.2,-0.06528169633700026,-0.06528169633700026
346.76,0.2,0.19306819699643396,0.19306819699643396
346.765,0.2,0.596838201615868,0.596838201615868
346.77,0.2,0.6476895326305311,0.6476895326305311
346.775,0.2,0.3902331789427088,0.3902331789427088
346.78,0.2,0.26504670101579136,0.26504670101579136
346.785,0.2,0.0289357623257476,0.0289357623257476
346.79,0.2,-0.08128178605757448,-0.08128178605757448
346.795,0.2,-0.04164330368097741,-0.04164330368097741
346.8,0.2,0.2656788937001005,0.2656788937001005
346.805,0.2,0.5400300016177166,0.5400300016177166
346.81,0.2,0.7296326844080243,0.7296326844080243
346.815,0.2,0.553545917474285,0.553545917474285
346.82,0.2,0.23897341006832087,0.23897341006832087
346.825,0.2,-0.17444737774815847,-0.17444737774815847
346.83,0.2,-0.24434924931219504,-0.24434924931219504
346.835,0.2,-0.020139950526789845,-0.020139950526789845
346.84,0.2,0.2798531101365702,0.2798531101365702
346.845,0.2,0.5209085592239959,0.5209085592239959
346.85,0.2,0.6214580670140312,0.6214580670140312
346.855,0.2,0.7074225622420474,0.7074225622420474
346.86,0.2,0.28451237247494277,0.28451237247494277
346.865,0.2,-0.0514426195973626,-0.0514426195973626
346.87,0.2,-0.2696638782697346,-0.2696638782697346
346.875,0.2,0.010753113309138258,0.010753113309138258
346.88,0.2,0.0418340142713719,0.0418340142713719
346.885,0.2,0.3693871100526761,0.3693871100526761
346.89,0.2,0.6523079739153188,0.6523079739153188
346.895,0.2,0.47806481225805625,0.47806481225805625
346.9,0.2,0.32400218267561043,0.32400218267561043
346.905,0.2,-0.028666479376757596,-0.028666479376757596
346.91,0.2,-0.19754347729872562,-0.19754347729872562
346.915,0.2,0.07232581118272954,0.07232581118272954
346.92,0.2,0.31513246295184594,0.31513246295184594
346.925,0.2,0.48548897621087145,0.48548897621087145
346.93,0.2,0.6644188417970545,0.6644188417970545
346.935,0.2,0.4855569121095124,0.4855569121095124
346.94,0.2,0.21298893309246564,0.21298893309246564
346.945,0.2,0.022649213294858805,0.022649213294858805
346.95,0.2,-0.11275960093135723,-0.11275960093135723
346.955,0.2,-0.11034348203374932,-0.11034348203374932
346.96,0.2,0.3158122338752517,0.3158122338752517
346.965,0.2,0.5793070285058441,0.5793070285058441
346.97,0.2,0.726406995163131,0.726406995163131
346.975,0.2,0.542074023825537,0.542074023825537
346.98,0.2,0.2671985680549629,0.2671985680549629
346.985,0.2,-0.12577317732822907,-0.12577317732822907
346.99,0.2,-0.2953084447159452,-0.2953084447159452
346.995,0.2,-0.04977222676981187,-0.04977222676981187
347.0,0.2,0.32250637401321736,0.32250637401321736
347.005,0.2,0.5951834883354007,0.5951834883354007
347.01,0.2,0.6332000291636581,0.6332000291636581
347.015,0.2,0.5209381731352807,0.5209381731352807
347.02,0.2,0.15309745967193475,0.15309745967193475
347.025,0.2,0.07453230190765214,0.07453230190765214
347.03,0.2,-0.24254608043310652,-0.24254608043310652
347.035,0.2,-0.06686467038932724,-0.06686467038932724
347.04,0.2,0.1477480014152639,0.1477480014152639
347.045,0.2,0.4908808363356834,0.4908808363356834
347.05,0.2,0.5688010026274378,0.5688010026274378
347.055,0.2,0.4087663432389002,0.4087663432389002
347.06,0.2,0.1780837045172764,0.1780837045172764
347.065,0.2,-0.05540926900404555,-0.05540926900404555
347.07,0.2,-0.12604792712692087,-0.12604792712692087
347.075,0.2,-0.16885387181583877,-0.16885387181583877
347.08,0.2,0.28207658708533645,0.28207658708533645
347.085,0.2,0.42893910339192015,0.42893910339192015
347.09,0.2,0.561639078874667,0.561639078874667
347.095,0.2,0.35503623943648976,0.35503623943648976
347.1,0.2,0.30947843453892965,0.30947843453892965
347.105,0.2,-0.09772818538617875,-0.09772818538617875
347.11,0.2,-0.2242183221549824,-0.2242183221549824
347.115,0.2,0.0764170329023594,0.0764170329023594
347.12,0.2,0.2876723367710195,0.2876723367710195
347.125,0.2,0.6471350008087446,0.6471350008087446
347.13,0.2,0.6980819091553152,0.6980819091553152
347.135,0.2,0.47830997305665696,0.47830997305665696
347.14,0.2,-0.011387134257349774,-0.011387134257349774
347.145,0.2,0.07972624013485222,0.07972624013485222
347.15,0.2,-0.1914438587161957,-0.1914438587161957
347.155,0.2,-0.09373887044235638,-0.09373887044235638
347.16,0.2,0.22995035301430236,0.22995035301430236
347.165,0.2,0.6301913801234045,0.6301913801234045
347.17,0.2,0.654885578519175,0.654885578519175
347.175,0.2,0.43842358686902133,0.43842358686902133
347.18,0.2,0.27449749122711353,0.27449749122711353
347.185,0.2,0.025996982594831117,0.025996982594831117
347.19,0.2,-0.13200486550193846,-0.13200486550193846
347.195,0.2,-0.015133724707288685,-0.015133724707288685
347.2,0.2,0.23286362361830837,0.23286362361830837
347.205,0.2,0.6436388736963315,0.6436388736963315
347.21,0.2,0.5825802978962671,0.5825802978962671
347.215,0.2,0.5170381488661763,0.5170381488661763
347.22,0.2,0.29593322759530694,0.29593322759530694
347.225,0.2,-0.14711566747341104,-0.14711566747341104
347.23,0.2,-0.18867839899463063,-0.18867839899463063
347.235,0.2,0.00783188972194887,0.00783188972194887
347.24,0.2,0.1848666352088747,0.1848666352088747
347.245,0.2,0.5419501292683822,0.5419501292683822
347.25,0.2,0.37981596401245477,0.37981596401245477
347.255,0.2,0.4726841726921735,0.4726841726921735
347.26,0.2,0.33239897352905423,0.33239897352905423
347.265,0.2,-0.05034281913212897,-0.05034281913212897
347.27,0.2,-0.23560755750906764,-0.23560755750906764
347.275,0.2,-0.07800150188763344,-0.07800150188763344
347.28,0.2,0.1213308073583569,0.1213308073583569
347.285,0.2,0.472110283914044,0.472110283914044
347.29,0.2,0.7731572842967199,0.7731572842967199
347.295,0.2,0.3690486305179976,0.3690486305179976
347.3,0.2,0.32532863821994124,0.32532863821994124
347.305,0.2,0.028074249399988524,0.028074249399988524
347.31,0.2,-0.16579597350372438,-0.16579597350372438
347.315,0.2,0.014942519744329252,0.014942519744329252
347.32,0.2,0.19880434334168115,0.19880434334168115
347.325,0.2,0.43543412981079843,0.43543412981079843
347.33,0.2,0.6171510706042589,0.6171510706042589
347.335,0.2,0.5875736127409433,0.5875736127409433
347.34,0.2,0.4037812338962188,0.4037812338962188
347.345,0.2,-0.16938074444771506,-0.16938074444771506
347.35,0.2,-0.16914830836224423,-0.16914830836224423
347.355,0.2,-0.10083102611143586,-0.10083102611143586
347.36,0.2,0.22651872252133418,0.22651872252133418
347.365,0.2,0.2567462035778808,0.2567462035778808
347.37,0.2,0.7475406274728791,0.7475406274728791
347.375,0.2,0.35893681651925213,0.35893681651925213
347.38,0.2,0.30377334178049364,0.30377334178049364
347.385,0.2,-0.0656012091345945,-0.0656012091345945
347.39,0.2,-0.14155100622564515,-0.14155100622564515
347.395,0.2,0.08084251616551474,0.08084251616551474
347.4,0.2,0.29970062001853176,0.29970062001853176
347.405,0.2,0.4029086840035691,0.4029086840035691
347.41,0.2,0.556235292106355,0.556235292106355
347.415,0.2,0.5024745997323058,0.5024745997323058
347.42,0.2,0.2510709905123084,0.2510709905123084
347.425,0.2,0.02132740829013334,0.02132740829013334
347.43,0.2,-0.14994692800476767,-0.14994692800476767
347.435,0.2,0.00268991914617953,0.00268991914617953
347.44,0.2,0.2975981280889028,0.2975981280889028
347.445,0.2,0.6801005455447345,0.6801005455447345
347.45,0.2,0.6295697510352195,0.6295697510352195
347.455,0.2,0.46702538926380277,0.46702538926380277
347.46,0.2,0.34278384473039303,0.34278384473039303
347.465,0.2,-0.04716558060466588,-0.04716558060466588
347.47,0.2,-0.07708590896646082,-0.07708590896646082
347.475,0.2,-0.1212796366215913,-0.1212796366215913
347.48,0.2,0.29815792538375124,0.29815792538375124
347.485,0.2,0.4522686832537107,0.4522686832537107
347.49,0.2,0.7035815499100444,0.7035815499100444
347.495,0.2,0.496253461567562,0.496253461567562
347.5,0.2,0.23542586470446497,0.23542586470446497
347.505,0.2,-0.029197168490102822,-0.029197168490102822
347.51,0.2,-0.19135462044023516,-0.19135462044023516
347.515,0.2,-0.04222896128264694,-0.04222896128264694
347.52,0.2,0.2178493199219103,0.2178493199219103
347.525,0.2,0.6124106832330961,0.6124106832330961
347.53,0.2,0.5879055070249591,0.5879055070249591
347.535,0.2,0.4422501986660492,0.4422501986660492
347.54,0.2,0.17439980019472676,0.17439980019472676
347.545,0.2,-0.0034853936548502433,-0.0034853936548502433
347.55,0.2,-0.14734516558229555,-0.14734516558229555
347.555,0.2,-0.05802421725294128,-0.05802421725294128
347.56,0.2,0.22319552936891568,0.22319552936891568
347.565,0.2,0.6117081019879151,0.6117081019879151
347.57,0.2,0.5693193438202016,0.5693193438202016
347.575,0.2,0.585529602908512,0.585529602908512
347.58,0.2,0.1753651673227794,0.1753651673227794
347.585,0.2,-0.2710886522529965,-0.2710886522529965
347.59,0.2,-0.3009092824588653,-0.3009092824588653
347.595,0.2,-0.20318138156173782,-0.20318138156173782
347.6,0.2,0.06679209306750963,0.06679209306750963
347.605,0.2,0.4815134174858062,0.4815134174858062
347.61,0.2,0.43010670105169596,0.43010670105169596
347.615,0.2,0.690025483625803,0.690025483625803
347.62,0.2,0.15128949522996252,0.15128949522996252
347.625,0.2,0.019796846614981656,0.019796846614981656
347.63,0.2,-0.31649785281529375,-0.31649785281529375
347.635,0.2,0.08315161931276821,0.08315161931276821
347.64,0.2,0.19715281175752106,0.19715281175752106
347.645,0.2,0.40549891189448967,0.40549891189448967
347.65,0.2,0.5625775806291602,0.5625775806291602
347.655,0.2,0.3437804176038092,0.3437804176038092
347.66,0.2,0.16204220043354914,0.16204220043354914
347.665,0.2,-0.13787614317156488,-0.13787614317156488
347.67,0.2,-0.04115448649551148,-0.04115448649551148
347.675,0.2,-0.11302985262422396,-0.11302985262422396
347.68,0.2,0.25342861387279214,0.25342861387279214
347.685,0.2,0.48847078043226444,0.48847078043226444
347.69,0.2,0.5503255318754994,0.5503255318754994
347.695,0.2,0.479911145821771,0.479911145821771
347.7,0.2,0.11211194262559454,0.11211194262559454
347.705,0.2,-0.053356989616354614,-0.053356989616354614
347.71,0.2,-0.2223141974242206,-0.2223141974242206
347.715,0.2,-0.016893103317986484,-0.016893103317986484
347.72,0.2,0.24994948976080167,0.24994948976080167
347.725,0.2,0.5686962850567729,0.5686962850567729
347.73,0.2,0.7235382375815191,0.7235382375815191
347.735,0.2,0.3786069610602178,0.3786069610602178
347.74,0.2,0.0692093241812882,0.0692093241812882
347.745,0.2,-0.06521445745917931,-0.06521445745917931
347.75,0.2,-0.1596681797014135,-0.1596681797014135
347.755,0.2,-0.24778086909775093,-0.24778086909775093
347.76,0.2,0.10380636393212272,0.10380636393212272
347.765,0.2,0.5523994473669753,0.5523994473669753
347.77,0.2,0.3977740329489309,0.3977740329489309
347.775,0.2,0.2590998825491948,0.2590998825491948
347.78,0.2,0.19231235923681933,0.19231235923681933
347.785,0.2,-0.001786790251239484,-0.001786790251239484
347.79,0.2,-0.2793225685904996,-0.2793225685904996
347.795,0.2,-0.12702340067706905,-0.12702340067706905
347.8,0.2,0.24451214005397448,0.24451214005397448
347.805,0.2,0.44722383539223043,0.44722383539223043
347.81,0.2,0.3905676806047095,0.3905676806047095
347.815,0.2,0.47527069294298707,0.47527069294298707
347.82,0.2,0.24718350866460503,0.24718350866460503
347.825,0.2,-0.01756150481134916,-0.01756150481134916
347.83,0.2,-0.2582733966897609,-0.2582733966897609
347.835,0.2,-0.011624423471637377,-0.011624423471637377
347.84,0.2,0.21184038502894353,0.21184038502894353
347.845,0.2,0.47401811038922875,0.47401811038922875
347.85,0.2,0.7733551192465615,0.7733551192465615
347.855,0.2,0.486864689696882,0.486864689696882
347.86,0.2,0.21611965867342003,0.21611965867342003
347.865,0.2,-0.24990691251214991,-0.24990691251214991
347.87,0.2,-0.137702562014356,-0.137702562014356
347.875,0.2,0.03727948138723164,0.03727948138723164
347.88,0.2,0.19705128421172152,0.19705128421172152
347.885,0.2,0.5103637613572166,0.5103637613572166
347.89,0.2,0.6581841316753071,0.6581841316753071
347.895,0.2,0.4648351516052017,0.4648351516052017
347.9,0.2,0.3407770669299268,0.3407770669299268
347.905,0.2,-0.012016072688055643,-0.012016072688055643
347.91,0.2,-0.18213483201373376,-0.18213483201373376
347.915,0.2,0.0568234213989148,0.0568234213989148
347.92,0.2,0.20489253668778312,0.20489253668778312
347.925,0.2,0.3744636405685237,0.3744636405685237
347.93,0.2,0.6405001596857713,0.6405001596857713
347.935,0.2,0.42590379318914695,0.42590379318914695
347.94,0.2,0.18839251275015506,0.18839251275015506
347.945,0.2,0.0004926998498194224,0.0004926998498194224
347.95,0.2,-0.09291953556996776,-0.09291953556996776
347.955,0.2,0.12250468683893137,0.12250468683893137
347.96,0.2,0.2542317039376698,0.2542317039376698
347.965,0.2,0.5685966379136975,0.5685966379136975
347.97,0.2,0.689508670566473,0.689508670566473
347.975,0.2,0.656207852734928,0.656207852734928
347.98,0.2,0.22381159943886586,0.22381159943886586
347.985,0.2,-0.03295862612559944,-0.03295862612559944
347.99,0.2,-0.10079316539038424,-0.10079316539038424
347.995,0.2,-0.02470225562226468,-0.02470225562226468
348.0,0.2,0.36950219788281297,0.36950219788281297
348.005,0.2,0.5249101755358468,0.5249101755358468
348.01,0.2,0.5608560723269892,0.5608560723269892
348.015,0.2,0.4352601955329013,0.4352601955329013
348.02,0.2,0.20809556751545613,0.20809556751545613
348.025,0.2,-0.052591258604314184,-0.052591258604314184
348.03,0.2,-0.22802544851052978,-0.22802544851052978
348.035,0.2,0.05179241096181685,0.05179241096181685
348.04,0.2,0.3173124407660881,0.3173124407660881
348.045,0.2,0.4067011593667986,0.4067011593667986
348.05,0.2,0.504185472287125,0.504185472287125
348.055,0.2,0.47618850009273805,0.47618850009273805
348.06,0.2,0.24413963513589831,0.24413963513589831
348.065,0.2,-0.031070407409363492,-0.031070407409363492
348.07,0.2,-0.23490035051857433,-0.23490035051857433
348.075,0.2,-0.07099491718952936,-0.07099491718952936
348.08,0.2,0.3036146245735275,0.3036146245735275
348.085,0.2,0.5121566869999019,0.5121566869999019
348.09,0.2,0.5912838748560445,0.5912838748560445
348.095,0.2,0.34173125925097636,0.34173125925097636
348.1,0.2,0.11190410336499468,0.11190410336499468
348.105,0.2,-0.04316580440704698,-0.04316580440704698
348.11,0.2,-0.0527801740073949,-0.0527801740073949
348.115,0.2,0.0157234162711629,0.0157234162711629
348.12,0.2,0.21413201412832145,0.21413201412832145
348.125,0.2,0.549220630103489,0.549220630103489
348.13,0.2,0.6024589200989389,0.6024589200989389
348.135,0.2,0.4975541651695815,0.4975541651695815
348.14,0.2,0.21292242869704106,0.21292242869704106
348.145,0.2,-0.13548561349326216,-0.13548561349326216
348.15,0.2,-0.19654972312310134,-0.19654972312310134
348.155,0.2,0.08907917519295053,0.08907917519295053
348.16,0.2,0.2023637004988672,0.2023637004988672
348.165,0.2,0.5775455705886348,0.5775455705886348
348.17,0.2,0.8198904786716341,0.8198904786716341
348.175,0.2,0.6870577421940519,0.6870577421940519
348.18,0.2,0.28870088683515005,0.28870088683515005
348.185,0.2,-0.06451384167197326,-0.06451384167197326
348.19,0.2,0.010121666895818032,0.010121666895818032
348.195,0.2,0.13212998748139307,0.13212998748139307
348.2,0.2,0.17526119152793207,0.17526119152793207
348.205,0.2,0.5815616467439078,0.5815616467439078
348.21,0.2,0.5843541895694535,0.5843541895694535
348.215,0.2,0.4509201633777029,0.4509201633777029
348.22,0.2,0.14783086979179372,0.14783086979179372
348.225,0.2,0.03050076388655939,0.03050076388655939
348.23,0.2,-0.2966953881948668,-0.2966953881948668
348.235,0.2,0.04079597250416794,0.04079597250416794
348.24,0.2,0.25585544115189873,0.25585544115189873
348.245,0.2,0.6825883494820553,0.6825883494820553
348.25,0.2,0.5596447814960359,0.5596447814960359
348.255,0.2,0.5284520579184653,0.5284520579184653
348.26,0.2,0.3040708733831463,0.3040708733831463
348.265,0.2,0.010798108584398183,0.010798108584398183
348.27,0.2,-0.2734566262294408,-0.2734566262294408
348.275,0.2,0.03484237501260808,0.03484237501260808
348.28,0.2,0.3786910099823295,0.3786910099823295
348.285,0.2,0.6622514352859875,0.6622514352859875
348.29,0.2,0.4743988655038648,0.4743988655038648
348.295,0.2,0.5699221394693995,0.5699221394693995
348.3,0.2,0.027167018062198678,0.027167018062198678
348.305,0.2,0.07123888959466715,0.07123888959466715
348.31,0.2,-0.04729183761058564,-0.04729183761058564
348.315,0.2,-0.0061900467956101345,-0.0061900467956101345
348.32,0.2,0.3058317066366513,0.3058317066366513
348.325,0.2,0.6041982333094607,0.6041982333094607
348.33,0.2,0.7480177256813922,0.7480177256813922
348.335,0.2,0.5073621700800498,0.5073621700800498
348.34,0.2,0.22006597981357603,0.22006597981357603
348.345,0.2,-0.17465369491751312,-0.17465369491751312
348.35,0.2,0.0034351995283491144,0.0034351995283491144
348.355,0.2,-0.0728715743954399,-0.0728715743954399
348.36,0.2,0.10772431675097671,0.10772431675097671
348.365,0.2,0.5250074255124497,0.5250074255124497
348.37,0.2,0.5866103428671794,0.5866103428671794
348.375,0.2,0.4941466521399151,0.4941466521399151
348.38,0.2,0.15683287089650183,0.15683287089650183
348.385,0.2,-0.04128220477503905,-0.04128220477503905
348.39,0.2,-0.07630381530820357,-0.07630381530820357
348.395,0.2,-0.12623787639609405,-0.12623787639609405
348.4,0.2,0.1778321587431272,0.1778321587431272
348.405,0.2,0.46080648910904226,0.46080648910904226
348.41,0.2,0.36545882188903533,0.36545882188903533
348.415,0.2,0.46735221780326713,0.46735221780326713
348.42,0.2,0.11293224075251287,0.11293224075251287
348.425,0.2,-0.14632074232441103,-0.14632074232441103
348.43,0.2,-0.23946576252667692,-0.23946576252667692
348.435,0.2,0.04022632506022897,0.04022632506022897
348.44,0.2,0.2697309977925965,0.2697309977925965
348.445,0.2,0.3862721310410252,0.3862721310410252
348.45,0.2,0.4874786206606775,0.4874786206606775
348.455,0.2,0.4355413278547823,0.4355413278547823
348.46,0.2,0.17305949541906085,0.17305949541906085
348.465,0.2,0.07884179284928164,0.07884179284928164
348.47,0.2,-0.19749917198780972,-0.19749917198780972
348.475,0.2,-0.14426587347519526,-0.14426587347519526
348.48,0.2,0.13324781200958669,0.13324781200958669
348.485,0.2,0.5146431666714331,0.5146431666714331
348.49,0.2,0.4935926444106718,0.4935926444106718
348.495,0.2,0.5851752821329899,0.5851752821329899
348.5,0.2,0.03905858322984829,0.03905858322984829
348.505,0.2,-0.07155076194903462,-0.07155076194903462
348.51,0.2,-0.04228227119445496,-0.04228227119445496
348.515,0.2,-0.171724091780993,-0.171724091780993
348.52,0.2,0.3405475015150255,0.3405475015150255
348.525,0.2,0.4259116758580781,0.4259116758580781
348.53,0.2,0.47758033029544383,0.47758033029544383
348.535,0.2,0.42518390291666175,0.42518390291666175
348.54,0.2,0.16776029533434908,0.16776029533434908
348.545,0.2,-0.07891840959776968,-0.07891840959776968
348.55,0.2,-0.12039589645100246,-0.12039589645100246
348.555,0.2,0.07049738707473963,0.07049738707473963
348.56,0.2,0.18348206046976642,0.18348206046976642
348.565,0.2,0.5842773066499968,0.5842773066499968
348.57,0.2,0.6617186102910402,0.6617186102910402
348.575,0.2,0.3275896146641941,0.3275896146641941
348.58,0.2,0.16088761611885594,0.16088761611885594
348.585,0.2,0.019857394201066164,0.019857394201066164
348.59,0.2,0.0654184851772168,0.0654184851772168
348.595,0.2,-0.04922797606947754,-0.04922797606947754
348.6,0.2,0.4393923070724445,0.4393923070724445
348.605,0.2,0.3192391182341902,0.3192391182341902
348.61,0.2,0.5747043537732333,0.5747043537732333
348.615,0.2,0.35191534777115896,0.35191534777115896
348.62,0.2,0.11958725643188528,0.11958725643188528
348.625,0.2,-0.10123096603557546,-0.10123096603557546
348.63,0.2,-0.3446227239974604,-0.3446227239974604
348.635,0.2,-0.1187628903028024,-0.1187628903028024
348.64,0.2,0.17885419936709443,0.17885419936709443
348.645,0.2,0.5264452790198424,0.5264452790198424
348.65,0.2,0.5259236298642156,0.5259236298642156
348.655,0.2,0.3969639307604452,0.3969639307604452
348.66,0.2,0.04404287358288639,0.04404287358288639
348.665,0.2,0.03571900312059273,0.03571900312059273
348.67,0.2,-0.2843502975153546,-0.2843502975153546
348.675,0.2,-0.150093062534569,-0.150093062534569
348.68,0.2,0.29930250642600864,0.29930250642600864
348.685,0.2,0.3786428698472053,0.3786428698472053
348.69,0.2,0.4973260104384127,0.4973260104384127
348.695,0.2,0.5101871778906651,0.5101871778906651
348.7,0.2,0.044045717375960775,0.044045717375960775
348.705,0.2,-0.06135319581151474,-0.06135319581151474
348.71,0.2,-0.20528819937858722,-0.20528819937858722
348.715,0.2,-0.05311801081300403,-0.05311801081300403
348.72,0.2,0.2602543188187366,0.2602543188187366
348.725,0.2,0.3991756488093963,0.3991756488093963
348.73,0.2,0.3995047536567985,0.3995047536567985
348.735,0.2,0.5236297676071697,0.5236297676071697
348.74,0.2,0.44649945843366257,0.44649945843366257
348.745,0.2,-0.025330077771460693,-0.025330077771460693
348.75,0.2,-0.1771317559494634,-0.1771317559494634
348.755,0.2,-0.03505056433806626,-0.03505056433806626
348.76,0.2,0.1981060829657802,0.1981060829657802
348.765,0.2,0.3041501337321103,0.3041501337321103
348.77,0.2,0.5574090350857058,0.5574090350857058
348.775,0.2,0.4169127581259366,0.4169127581259366
348.78,0.2,0.23419776418173485,0.23419776418173485
348.785,0.2,0.044042002802628044,0.044042002802628044
348.79,0.2,-0.17525696537647603,-0.17525696537647603
348.795,0.2,0.04895160242857237,0.04895160242857237
348.8,0.2,0.18410031698542476,0.18410031698542476
348.805,0.2,0.4910831934600244,0.4910831934600244
348.81,0.2,0.7464943456023284,0.7464943456023284
348.815,0.2,0.4251184262649912,0.4251184262649912
348.82,0.2,0.25921324032428983,0.25921324032428983
348.825,0.2,-0.11816551347480725,-0.11816551347480725
348.83,0.2,-0.19712984350463036,-0.19712984350463036
348.835,0.2,-0.014620229740705981,-0.014620229740705981
348.84,0.2,0.15632284854730744,0.15632284854730744
348.845,0.2,0.36655452445917036,0.36655452445917036
348.85,0.2,0.40190954786517774,0.40190954786517774
348.855,0.2,0.41964360025889597,0.41964360025889597
348.86,0.2,0.21589246932349945,0.21589246932349945
348.865,0.2,-0.07455950582585974,-0.07455950582585974
348.87,0.2,-0.24109642754423685,-0.24109642754423685
348.875,0.2,0.04378199438095419,0.04378199438095419
348.88,0.2,0.22889208392520433,0.22889208392520433
348.885,0.2,0.605849619323131,0.605849619323131
348.89,0.2,0.7198746380628304,0.7198746380628304
348.895,0.2,0.27503981834081415,0.27503981834081415
348.9,0.2,0.0778389632802679,0.0778389632802679
348.905,0.2,0.1551254127077048,0.1551254127077048
348.91,0.2,-0.22130391475269484,-0.22130391475269484
348.915,0.2,-0.005055946406475661,-0.005055946406475661
348.92,0.2,0.13047817221872288,0.13047817221872288
348.925,0.2,0.3918214085892146,0.3918214085892146
348.93,0.2,0.5602776770805082,0.5602776770805082
348.935,0.2,0.3107732997523118,0.3107732997523118
348.94,0.2,0.25355702205746267,0.25355702205746267
348.945,0.2,-0.066027071631143,-0.066027071631143
348.95,0.2,-0.20778204776045267,-0.20778204776045267
348.955,0.2,-0.05194194921394098,-0.05194194921394098
348.96,0.2,0.11422560519997565,0.11422560519997565
348.965,0.2,0.5629801758897969,0.5629801758897969
348.97,0.2,0.4836569004288744,0.4836569004288744
348.975,0.2,0.43869753183666305,0.43869753183666305
348.98,0.2,0.2387948640149205,0.2387948640149205
348.985,0.2,-0.2267851716646846,-0.2267851716646846
348.99,0.2,-0.08599716116316279,-0.08599716116316279
348.995,0.2,-0.19365996904386837,-0.19365996904386837
349.0,0.2,0.06388680993130463,0.06388680993130463
349.005,0.2,0.5291889501232624,0.5291889501232624
349.01,0.2,0.44805328138213574,0.44805328138213574
349.015,0.2,0.3010305790657304,0.3010305790657304
349.02,0.2,0.08550893739178393,0.08550893739178393
349.025,0.2,-0.2671196022848067,-0.2671196022848067
349.03,0.2,-0.3184342024541115,-0.3184342024541115
349.035,0.2,-0.04861763197884076,-0.04861763197884076
349.04,0.2,0.34708288818468275,0.34708288818468275
349.045,0.2,0.6546883622861401,0.6546883622861401
349.05,0.2,0.5341323133165781,0.5341323133165781
349.055,0.2,0.33067151225849306,0.33067151225849306
349.06,0.2,0.07315350697662297,0.07315350697662297
349.065,0.2,-0.20888058404023468,-0.20888058404023468
349.07,0.2,-0.26450972497907876,-0.26450972497907876
349.075,0.2,-0.06764537521375616,-0.06764537521375616
349.08,0.2,0.2705666383409133,0.2705666383409133
349.085,0.2,0.345035459360235,0.345035459360235
349.09,0.2,0.6123038763340554,0.6123038763340554
349.095,0.2,0.43414880763146146,0.43414880763146146
349.1,0.2,0.07134765304427727,0.07134765304427727
349.105,0.2,-0.08763953092150359,-0.08763953092150359
349.11,0.2,-0.4938875041607153,-0.4938875041607153
349.115,0.2,-0.24009491467741376,-0.24009491467741376
349.12,0.2,0.09090037852322583,0.09090037852322583
349.125,0.2,0.4496201581870272,0.4496201581870272
349.13,0.2,0.589123554768027,0.589123554768027
349.135,0.2,0.5728884930983498,0.5728884930983498
349.14,0.2,0.097399949693527,0.097399949693527
349.145,0.2,-0.2497056306481959,-0.2497056306481959
349.15,0.2,-0.3355263850625212,-0.3355263850625212
349.155,0.2,-0.16599212842394118,-0.16599212842394118
349.16,0.2,0.1310587898446757,0.1310587898446757
349.165,0.2,0.29617806623356135,0.29617806623356135
349.17,0.2,0.6131736258758123,0.6131736258758123
349.175,0.2,0.4467808876533733,0.4467808876533733
349.18,0.2,0.12703663158816025,0.12703663158816025
349.185,0.2,-0.10845422383835088,-0.10845422383835088
349.19,0.2,-0.17711399160001373,-0.17711399160001373
349.195,0.2,-0.09990938465679204,-0.09990938465679204
349.2,0.2,0.23140165975523322,0.23140165975523322
349.205,0.2,0.4867147402951925,0.4867147402951925
349.21,0.2,0.4868704856622871,0.4868704856622871
349.215,0.2,0.24208990846592796,0.24208990846592796
349.22,0.2,0.3068015351083989,0.3068015351083989
349.225,0.2,-0.016806801892093395,-0.016806801892093395
349.23,0.2,-0.2685500170113512,-0.2685500170113512
349.235,0.2,-0.13021702848943845,-0.13021702848943845
349.24,0.2,0.09277636949788473,0.09277636949788473
349.245,0.2,0.41617086178699597,0.41617086178699597
349.25,0.2,0.538465468141929,0.538465468141929
349.255,0.2,0.41327226038343523,0.41327226038343523
349.26,0.2,0.06009185922412241,0.06009185922412241
349.265,0.2,0.10755494419951146,0.10755494419951146
349.27,0.2,-0.174607234331561,-0.174607234331561
349.275,0.2,-0.0930033288764897,-0.0930033288764897
349.28,0.2,0.34091963301923045,0.34091963301923045
349.285,0.2,0.45397856042776025,0.45397856042776025
349.29,0.2,0.7377556445999912,0.7377556445999912
349.295,0.2,0.3059010454173964,0.3059010454173964
349.3,0.2,0.19806347920937864,0.19806347920937864
349.305,0.2,-0.12089282384502528,-0.12089282384502528
349.31,0.2,-0.18244510176941928,-0.18244510176941928
349.315,0.2,-0.0003529666859738642,-0.0003529666859738642
349.32,0.2,0.16707635916292204,0.16707635916292204
349.325,0.2,0.5479009129035018,0.5479009129035018
349.33,0.2,0.4406041779256521,0.4406041779256521
349.335,0.2,0.4199727403641443,0.4199727403641443
349.34,0.2,0.333484821187672,0.333484821187672
349.345,0.2,-0.14599150563518176,-0.14599150563518176
349.35,0.2,-0.005433077493463612,-0.005433077493463612
349.355,0.2,-0.06200689595136934,-0.06200689595136934
349.36,0.2,0.19329448550767636,0.19329448550767636
349.365,0.2,0.4152970147689929,0.4152970147689929
349.37,0.2,0.6720769137592373,0.6720769137592373
349.375,0.2,0.45174042603998177,0.45174042603998177
349.38,0.2,0.3678890307168585,0.3678890307168585
349.385,0.2,-0.05469139858555573,-0.05469139858555573
349.39,0.2,-0.06827633635399243,-0.06827633635399243
349.395,0.2,-0.08274952255944859,-0.08274952255944859
349.4,0.2,0.12335302722390959,0.12335302722390959
349.405,0.2,0.5246258538993799,0.5246258538993799
349.41,0.2,0.5813507302717255,0.5813507302717255
349.415,0.2,0.3942789217149246,0.3942789217149246
349.42,0.2,0.35377920867704843,0.35377920867704843
349.425,0.2,0.149365940983765,0.149365940983765
349.43,0.2,-0.1484134335056406,-0.1484134335056406
349.435,0.2,-0.11885849588038655,-0.11885849588038655
349.44,0.2,0.1922902535814273,0.1922902535814273
349.445,0.2,0.5444877864657922,0.5444877864657922
349.45,0.2,0.6583026329081854,0.6583026329081854
349.455,0.2,0.41786663805018687,0.41786663805018687
349.46,0.2,0.3530979492927079,0.3530979492927079
349.465,0.2,-0.05860926820631089,-0.05860926820631089
349.47,0.2,-0.032841583407508715,-0.032841583407508715
349.475,0.2,-0.07337362182945129,-0.07337362182945129
349.48,0.2,0.16422627119677508,0.16422627119677508
349.485,0.2,0.40939804055393847,0.40939804055393847
349.49,0.2,0.6608984774343739,0.6608984774343739
349.495,0.2,0.522978707229043,0.522978707229043
349.5,0.2,0.2250670848728879,0.2250670848728879
349.505,0.2,-0.07446458002380454,-0.07446458002380454
349.51,0.2,-0.19079828638230067,-0.19079828638230067
349.515,0.2,0.13602355932518095,0.13602355932518095
349.52,0.2,0.3127149427841662,0.3127149427841662
349.525,0.2,0.539910502564081,0.539910502564081
349.53,0.2,0.7271768570116166,0.7271768570116166
349.535,0.2,0.5470518268171617,0.5470518268171617
349.54,0.2,-0.02068331892555983,-0.02068331892555983
349.545,-0.2,-0.061589340984725724,-0.061589340984725724
349.55,-0.2,-0.150680923418899,-0.150680923418899
349.555,-0.2,0.10179386444776561,0.10179386444776561
349.56,-0.2,0.32471149940371147,0.32471149940371147
349.565,-0.2,0.5723870926155891,0.5723870926155891
349.57,-0.2,0.6431410197151692,0.6431410197151692
349.575,-0.2,0.558423339858341,0.558423339858341
349.58,-0.2,0.2954357748828441,0.2954357748828441
349.585,-0.2,-0.048040646295715805,-0.048040646295715805
349.59,-0.2,-0.07527569380517615,-0.07527569380517615
349.595,-0.2,-0.07864580718127533,-0.07864580718127533
349.6,-0.2,0.11208684748820727,0.11208684748820727
349.605,-0.2,0.6640611669059322,0.6640611669059322
349.61,-0.2,0.6238585881259574,0.6238585881259574
349.615,-0.2,0.4028537014978515,0.4028537014978515
349.62,-0.2,0.16061042659956742,0.16061042659956742
349.625,-0.2,0.13871370140535344,0.13871370140535344
349.63,-0.2,-0.05399505545846013,-0.05399505545846013
349.635,-0.2,0.05652106861505338,0.05652106861505338
349.64,-0.2,0.06197861282814021,0.06197861282814021
349.645,-0.2,0.43375749311796885,0.43375749311796885
349.65,-0.2,0.7497706063900624,0.7497706063900624
349.655,-0.2,0.393274994323041,0.393274994323041
349.66,-0.2,0.3672427947140934,0.3672427947140934
349.665,-0.2,-0.1819671055369315,-0.1819671055369315
349.67,-0.2,-0.13831788978870008,-0.13831788978870008
349.675,-0.2,-0.24236364943311303,-0.24236364943311303
349.68,-0.2,0.29880290133298565,0.29880290133298565
349.685,-0.2,0.3546102321991477,0.3546102321991477
349.69,-0.2,0.6278177282798594,0.6278177282798594
349.695,-0.2,0.44453125567023927,0.44453125567023927
349.7,-0.2,0.22889860709419846,0.22889860709419846
349.705,-0.2,-0.1167594906750395,-0.1167594906750395
349.71,-0.2,-0.09335484120302728,-0.09335484120302728
349.715,-0.2,0.03444129456128867,0.03444129456128867
349.72,-0.2,0.42803202245197824,0.42803202245197824
349.725,-0.2,0.529346872754213,0.529346872754213
349.73,-0.2,0.5043006251689479,0.5043006251689479
349.735,-0.2,0.4403436460955668,0.4403436460955668
349.74,-0.2,0.2618011301443118,0.2618011301443118
349.745,-0.2,0.10380568609932586,0.10380568609932586
349.75,-0.2,-0.14929825677603611,-0.14929825677603611
349.755,-0.2,0.15632717928729611,0.15632717928729611
349.76,-0.2,0.21718083055736132,0.21718083055736132
349.765,-0.2,0.46461280826270507,0.46461280826270507
349.77,-0.2,0.840661494549957,0.840661494549957
349.775,-0.2,0.49437805021627684,0.49437805021627684
349.78,-0.2,0.17014857799646527,0.17014857799646527
349.785,-0.2,0.037417603200478024,0.037417603200478024
349.79,-0.2,-0.20649449215357563,-0.20649449215357563
349.795,-0.2,0.012027804607407142,0.012027804607407142
349.8,-0.2,0.37702674334076763,0.37702674334076763
349.805,-0.2,0.5946327025932444,0.5946327025932444
349.81,-0.2,0.7091617879843819,0.7091617879843819
349.815,-0.2,0.543622401085667,0.543622401085667
349.82,-0.2,0.21963436184730972,0.21963436184730972
349.825,-0.2,-0.22171613339593585,-0.22171613339593585
349.83,-0.2,-0.26199933361230743,-0.26199933361230743
349.835,-0.2,-0.06814134095345692,-0.06814134095345692
349.84,-0.2,0.2622451631564378,0.2622451631564378
349.845,-0.2,0.45122250948457304,0.45122250948457304
349.85,-0.2,0.7973364885019779,0.7973364885019779
349.855,-0.2,0.3984880569416675,0.3984880569416675
349.86,-0.2,0.13531500260713303,0.13531500260713303
349.865,-0.2,-0.01974097034293769,-0.01974097034293769
349.87,-0.2,-0.13470007809144713,-0.13470007809144713
349.875,-0.2,-0.06363468860403255,-0.06363468860403255
349.88,-0.2,0.255783377570592,0.255783377570592
349.885,-0.2,0.30774863358742977,0.30774863358742977
349.89,-0.2,0.5501187900288426,0.5501187900288426
349.895,-0.2,0.48592538906658156,0.48592538906658156
349.9,-0.2,0.23838072574225633,0.23838072574225633
349.905,-0.2,-0.04882948303745138,-0.04882948303745138
349.91,-0.2,-0.135689446321608,-0.135689446321608
349.915,-0.2,0.08862708019390905,0.08862708019390905
349.92,-0.2,0.1369391595189926,0.1369391595189926
349.925,-0.2,0.4961196432343613,0.4961196432343613
349.93,-0.2,0.524309393260956,0.524309393260956
349.935,-0.2,0.5616937662301575,0.5616937662301575
349.94,-0.2,0.15695139454957624,0.15695139454957624
349.945,-0.2,-0.07264985119658762,-0.07264985119658762
349.95,-0.2,-0.29033059025085045,-0.29033059025085045
349.955,-0.2,-0.01106236103694628,-0.01106236103694628
349.96,-0.2,0.28341965603125957,0.28341965603125957
349.965,-0.2,0.5870468058535718,0.5870468058535718
349.97,-0.2,0.48938134215024637,0.48938134215024637
349.975,-0.2,0.5340815359792973,0.5340815359792973
349.98,-0.2,0.20905642280033904,0.20905642280033904
349.985,-0.2,0.09337210480715377,0.09337210480715377
349.99,-0.2,-0.12635577443901913,-0.12635577443901913
349.995,-0.2,-0.1832888390312516,-0.1832888390312516
350.0,-0.2,0.23395391920377584,0.23395391920377584
350.005,-0.2,0.40894710121154987,0.40894710121154987
350.01,-0.2,0.706603773822757,0.706603773822757
350.015,-0.2,0.6697186499268384,0.6697186499268384
350.02,-0.2,0.2231677180528642,0.2231677180528642
350.025,-0.2,-0.0784325190487227,-0.0784325190487227
350.03,-0.2,-0.11193712466470523,-0.11193712466470523
350.035,-0.2,-0.012189489867148209,-0.012189489867148209
350.04,-0.2,0.2964359931909246,0.2964359931909246
350.045,-0.2,0.5061716984253454,0.5061716984253454
350.05,-0.2,0.445357411464683,0.445357411464683
350.055,-0.2,0.3470245799803851,0.3470245799803851
350.06,-0.2,0.17906303816579947,0.17906303816579947
350.065,-0.2,0.010180617142154319,0.010180617142154319
350.07,-0.2,-0.30613729037700904,-0.30613729037700904
350.075,-0.2,0.10829361431658777,0.10829361431658777
350.08,-0.2,0.21648186797557092,0.21648186797557092
350.085,-0.2,0.5711325915324679,0.5711325915324679
350.09,-0.2,0.4516981630162606,0.4516981630162606
350.095,-0.2,0.3455179201804094,0.3455179201804094
350.1,-0.2,0.25145599946071984,0.25145599946071984
350.105,-0.2,0.08511651591733724,0.08511651591733724
350.11,-0.2,-0.10220788601049088,-0.10220788601049088
350.115,-0.2,0.18677849954102327,0.18677849954102327
350.12,-0.2,0.40761400960842625,0.40761400960842625
350.125,-0.2,0.28361691256084787,0.28361691256084787
350.13,-0.2,0.5539784028682259,0.5539784028682259
350.135,-0.2,0.4712452540084075,0.4712452540084075
350.14,-0.2,0.0886964416572239,0.0886964416572239
350.145,-0.2,-0.09601131084783346,-0.09601131084783346
350.15,-0.2,-0.11465970538398776,-0.11465970538398776
350.155,-0.2,0.0806853993004913,0.0806853993004913
350.16,-0.2,0.19674162732531816,0.19674162732531816
350.165,-0.2,0.5229323075530037,0.5229323075530037
350.17,-0.2,0.6120007392689577,0.6120007392689577
350.175,-0.2,0.5611655511916603,0.5611655511916603
350.18,-0.2,0.18942498246059486,0.18942498246059486
350.185,-0.2,-0.17459121732821922,-0.17459121732821922
350.19,-0.2,-0.3472510740627288,-0.3472510740627288
350.195,-0.2,-0.07311582734035907,-0.07311582734035907
350.2,-0.2,0.2848964743026544,0.2848964743026544
350.205,-0.2,0.5477014111335935,0.5477014111335935
350.21,-0.2,0.5074800176239259,0.5074800176239259
350.215,-0.2,0.47036615158808764,0.47036615158808764
350.22,-0.2,0.21311573498766387,0.21311573498766387
350.225,-0.2,-0.17668658796920492,-0.17668658796920492
350.23,-0.2,-0.1639406494005647,-0.1639406494005647
350.235,-0.2,0.04295936794915481,0.04295936794915481
350.24,-0.2,0.12453083514746445,0.12453083514746445
350.245,-0.2,0.5791125233467204,0.5791125233467204
350.25,-0.2,0.5949975240055202,0.5949975240055202
350.255,-0.2,0.4374611550132582,0.4374611550132582
350.26,-0.2,0.04489666863359301,0.04489666863359301
350.265,-0.2,-0.19202457543579443,-0.19202457543579443
350.27,-0.2,-0.1724516550574534,-0.1724516550574534
350.275,-0.2,-0.07100579772734458,-0.07100579772734458
350.28,-0.2,0.0792464379451307,0.0792464379451307
350.285,-0.2,0.48998184807164,0.48998184807164
350.29,-0.2,0.6216639089686246,0.6216639089686246
350.295,-0.2,0.31966641061665796,0.31966641061665796
350.3,-0.2,0.10572359158053772,0.10572359158053772
350.305,-0.2,-0.01628988576526756,-0.01628988576526756
350.31,-0.2,-0.2081599332915523,-0.2081599332915523
350.315,-0.2,-0.054983611731030585,-0.054983611731030585
350.32,-0.2,0.24390338348161467,0.24390338348161467
350.325,-0.2,0.3861073257250047,0.3861073257250047
350.33,-0.2,0.42606658470000497,0.42606658470000497
350.335,-0.2,0.46733455691846437,0.46733455691846437
350.34,-0.2,0.2716337555692905,0.2716337555692905
350.345,-0.2,-0.14320624079847152,-0.14320624079847152
350.35,-0.2,-0.30002762868700095,-0.30002762868700095
350.355,-0.2,-0.11393391792055722,-0.11393391792055722
350.36,-0.2,0.23677930185866095,0.23677930185866095
350.365,-0.2,0.5067032024140418,0.5067032024140418
350.37,-0.2,0.5878247678271378,0.5878247678271378
350.375,-0.2,0.5046590247363999,0.5046590247363999
350.38,-0.2,0.14835600196105553,0.14835600196105553
350.385,-0.2,0.008217923009236267,0.008217923009236267
350.39,-0.2,-0.24822390457666935,-0.24822390457666935
350.395,-0.2,-0.2592710064600571,-0.2592710064600571
350.4,-0.2,0.1813658657502239,0.1813658657502239
350.405,-0.2,0.5540323145167442,0.5540323145167442
350.41,-0.2,0.5709365646752367,0.5709365646752367
350.415,-0.2,0.42503392066131235,0.42503392066131235
350.42,-0.2,0.2246083175097358,0.2246083175097358
350.425,-0.2,0.00526847689738022,0.00526847689738022
350.43,-0.2,-0.2464180772531239,-0.2464180772531239
350.435,-0.2,0.0008868942187814297,0.0008868942187814297
350.44,-0.2,0.17879543673194903,0.17879543673194903
350.445,-0.2,0.5574707710838084,0.5574707710838084
350.45,-0.2,0.5492211863894397,0.5492211863894397
350.455,-0.2,0.5297892200903133,0.5297892200903133
350.46,-0.2,0.3592711527590935,0.3592711527590935
350.465,-0.2,-0.09011197909729594,-0.09011197909729594
350.47,-0.2,-0.2349592102562254,-0.2349592102562254
350.475,-0.2,-0.08341753362791718,-0.08341753362791718
350.48,-0.2,0.2754064949786189,0.2754064949786189
350.485,-0.2,0.38552035328851697,0.38552035328851697
350.49,-0.2,0.7511676400040684,0.7511676400040684
350.495,-0.2,0.48912351480330357,0.48912351480330357
350.5,-0.2,0.2030992255895547,0.2030992255895547
350.505,-0.2,-0.006259398613784276,-0.006259398613784276
350.51,-0.2,0.07903577546794119,0.07903577546794119
350.515,-0.2,-0.07163383219446616,-0.07163383219446616
350.52,-0.2,0.05942498504531152,0.05942498504531152
350.525,-0.2,0.6466894654770596,0.6466894654770596
350.53,-0.2,0.45979045552068787,0.45979045552068787
350.535,-0.2,0.5891798404115434,0.5891798404115434
350.54,-0.2,0.16476046086040916,0.16476046086040916
350.545,-0.2,-0.06404394970071807,-0.06404394970071807
350.55,-0.2,-0.18027813040773286,-0.18027813040773286
350.555,-0.2,-0.14307658990231648,-0.14307658990231648
350.56,-0.2,0.26711069424344097,0.26711069424344097
350.565,-0.2,0.6091170730132168,0.6091170730132168
350.57,-0.2,0.4587709096010075,0.4587709096010075
350.575,-0.2,0.3899590427817413,0.3899590427817413
350.58,-0.2,0.2246072437480807,0.2246072437480807
350.585,-0.2,-0.11701311268714082,-0.11701311268714082
350.59,-0.2,-0.2915177728055911,-0.2915177728055911
350.595,-0.2,0.12699872071589022,0.12699872071589022
350.6,-0.2,0.06316872962199943,0.06316872962199943
350.605,-0.2,0.4823893875194471,0.4823893875194471
350.61,-0.2,0.4112842858513762,0.4112842858513762
350.615,-0.2,0.49454072408566707,0.49454072408566707
350.62,-0.2,0.14955336168184183,0.14955336168184183
350.625,-0.2,-0.09690494269649508,-0.09690494269649508
350.63,-0.2,-0.15425070873986474,-0.15425070873986474
350.635,-0.2,-0.20432942796537804,-0.20432942796537804
350.64,-0.2,0.27054128624582524,0.27054128624582524
350.645,-0.2,0.489931831961102,0.489931831961102
350.65,-0.2,0.5417845045459163,0.5417845045459163
350.655,-0.2,0.4687469935956276,0.4687469935956276
350.66,-0.2,-0.06283168245132909,-0.06283168245132909
350.665,-0.2,-0.10824877102986624,-0.10824877102986624
350.67,-0.2,-0.21266090128813722,-0.21266090128813722
350.675,-0.2,0.08360571469862227,0.08360571469862227
350.68,-0.2,0.2714569046269421,0.2714569046269421
350.685,-0.2,0.3875725208638708,0.3875725208638708
350.69,-0.2,0.4983590941646875,0.4983590941646875
350.695,-0.2,0.1789429089569678,0.1789429089569678
350.7,-0.2,0.045070766341402974,0.045070766341402974
350.705,-0.2,-0.023960517487252336,-0.023960517487252336
350.71,-0.2,-0.017849889438481675,-0.017849889438481675
350.715,-0.2,-0.09859726021580148,-0.09859726021580148
350.72,-0.2,0.222521041512283,0.222521041512283
350.725,-0.2,0.4443142750828471,0.4443142750828471
350.73,-0.2,0.3939650743375791,0.3939650743375791
350.735,-0.2,0.19828921662615606,0.19828921662615606
350.74,-0.2,0.09153118701035284,0.09153118701035284
350.745,-0.2,-0.3014050329846911,-0.3014050329846911
350.75,-0.2,-0.1897239767400693,-0.1897239767400693
350.755,-0.2,-0.1396879364321968,-0.1396879364321968
350.76,-0.2,0.2869626077365188,0.2869626077365188
350.765,-0.2,0.3972307570280937,0.3972307570280937
350.77,-0.2,0.35817020398733646,0.35817020398733646
350.775,-0.2,0.4000563736300969,0.4000563736300969
350.78,-0.2,0.07115971638374691,0.07115971638374691
350.785,-0.2,-0.269023218074792,-0.269023218074792
350.79,-0.2,-0.20355827518828082,-0.20355827518828082
350.795,-0.2,-0.03904608799213555,-0.03904608799213555
350.8,-0.2,0.04755007203125236,0.04755007203125236
350.805,-0.2,0.41509840812190735,0.41509840812190735
350.81,-0.2,0.48052108837974883,0.48052108837974883
350.815,-0.2,0.3379735519999683,0.3379735519999683
350.82,-0.2,0.1849319717971673,0.1849319717971673
350.825,-0.2,-0.07662323798369748,-0.07662323798369748
350.83,-0.2,-0.13515288827390098,-0.13515288827390098
350.835,-0.2,0.021252986872682803,0.021252986872682803
350.84,-0.2,0.30825973242986504,0.30825973242986504
350.845,-0.2,0.21216149717045596,0.21216149717045596
350.85,-0.2,0.5144543945533315,0.5144543945533315
350.855,-0.2,0.35603108369397307,0.35603108369397307
350.86,-0.2,-0.09164863904455964,-0.09164863904455964
350.865,-0.2,-0.11045982664185511,-0.11045982664185511
350.87,-0.2,-0.3378193858145102,-0.3378193858145102
350.875,-0.2,0.011853634600646243,0.011853634600646243
350.88,-0.2,0.14207412234494315,0.14207412234494315
350.885,-0.2,0.47088786108202974,0.47088786108202974
350.89,-0.2,0.4427624353251245,0.4427624353251245
350.895,-0.2,0.3757256603590518,0.3757256603590518
350.9,-0.2,0.09826661898065138,0.09826661898065138
350.905,-0.2,-0.08626129146658149,-0.08626129146658149
350.91,-0.2,-0.11136362757325674,-0.11136362757325674
350.915,-0.2,0.01759263233995173,0.01759263233995173
350.92,-0.2,0.2698704573920492,0.2698704573920492
350.925,-0.2,0.5726445769111569,0.5726445769111569
350.93,-0.2,0.4699808372606884,0.4699808372606884
350.935,-0.2,0.45079096140269387,0.45079096140269387
350.94,-0.2,0.14706932916050916,0.14706932916050916
350.945,-0.2,-0.103556571832716,-0.103556571832716
350.95,-0.2,-0.23742131798647942,-0.23742131798647942
350.955,-0.2,0.08225579648693848,0.08225579648693848
350.96,-0.2,0.2559222707311703,0.2559222707311703
350.965,-0.2,0.699224946036957,0.699224946036957
350.97,-0.2,0.7010675582973579,0.7010675582973579
350.975,-0.2,0.41501064384395736,0.41501064384395736
350.98,-0.2,0.22144478272137702,0.22144478272137702
350.985,-0.2,-0.10097146568733753,-0.10097146568733753
350.99,-0.2,-0.08517488611045768,-0.08517488611045768
350.995,-0.2,-0.010055000494237886,-0.010055000494237886
351.0,-0.2,0.24904264426115716,0.24904264426115716
351.005,-0.2,0.6273869878790395,0.6273869878790395
351.01,-0.2,0.5132097510280298,0.5132097510280298
351.015,-0.2,0.442358513705713,0.442358513705713
351.02,-0.2,0.13121812414178974,0.13121812414178974
351.025,-0.2,-0.18135545825623195,-0.18135545825623195
351.03,-0.2,-0.38810059739445935,-0.38810059739445935
351.035,-0.2,-0.03510918356277558,-0.03510918356277558
351.04,-0.2,0.16752725039886604,0.16752725039886604
351.045,-0.2,0.40240059806853323,0.40240059806853323
351.05,-0.2,0.5965130209338436,0.5965130209338436
351.055,-0.2,0.5360902103875681,0.5360902103875681
351.06,-0.2,0.2738558367987782,0.2738558367987782
351.065,-0.2,-0.02552015902646798,-0.02552015902646798
351.07,-0.2,-0.13522238334284342,-0.13522238334284342
351.075,-0.2,-0.03818101895775736,-0.03818101895775736
351.08,-0.2,0.10212943624020937,0.10212943624020937
351.085,-0.2,0.4464637852256583,0.4464637852256583
351.09,-0.2,0.7320267009587869,0.7320267009587869
351.095,-0.2,0.38657993077791497,0.38657993077791497
351.1,-0.2,0.23512192106471236,0.23512192106471236
351.105,-0.2,-0.111420785189486,-0.111420785189486
351.11,-0.2,-0.3965632732341797,-0.3965632732341797
351.115,-0.2,0.11379253611043147,0.11379253611043147
351.12,-0.2,0.35012889992862195,0.35012889992862195
351.125,-0.2,0.44970491031895243,0.44970491031895243
351.13,-0.2,0.6283777291564671,0.6283777291564671
351.135,-0.2,0.5311517160456419,0.5311517160456419
351.14,-0.2,0.0787752981942264,0.0787752981942264
351.145,-0.2,-0.05774644449608473,-0.05774644449608473
351.15,-0.2,-0.2541932182521187,-0.2541932182521187
351.155,-0.2,0.08973926374057106,0.08973926374057106
351.16,-0.2,0.20095609014987112,0.20095609014987112
351.165,-0.2,0.5822852056748778,0.5822852056748778
351.17,-0.2,0.7607571441371992,0.7607571441371992
351.175,-0.2,0.5275690448571426,0.5275690448571426
351.18,-0.2,0.09150922397130312,0.09150922397130312
351.185,-0.2,0.029746906458582405,0.029746906458582405
351.19,-0.2,-0.27343695932181,-0.27343695932181
351.195,-0.2,0.014848195150012206,0.014848195150012206
351.2,-0.2,0.2270115077566187,0.2270115077566187
351.205,-0.2,0.47270048938764264,0.47270048938764264
351.21,-0.2,0.5609589311493988,0.5609589311493988
351.215,-0.2,0.422639007090347,0.422639007090347
351.22,-0.2,0.2609085845241641,0.2609085845241641
351.225,-0.2,-0.12032498408418976,-0.12032498408418976
351.23,-0.2,-0.10483002645032177,-0.10483002645032177
351.235,-0.2,-0.10184171977730357,-0.10184171977730357
351.24,-0.2,0.17151167085472435,0.17151167085472435
351.245,-0.2,0.5855636841806597,0.5855636841806597
351.25,-0.2,0.6231840936761351,0.6231840936761351
351.255,-0.2,0.46405677519546645,0.46405677519546645
351.26,-0.2,0.20218750246999007,0.20218750246999007
351.265,-0.2,-0.09853002207794642,-0.09853002207794642
351.27,-0.2,-0.1637268207558989,-0.1637268207558989
351.275,-0.2,-0.0027889505598547998,-0.0027889505598547998
351.28,-0.2,0.14520232105492487,0.14520232105492487
351.285,-0.2,0.44615248608580815,0.44615248608580815
351.29,-0.2,0.5266746828293698,0.5266746828293698
351.295,-0.2,0.47875640388564245,0.47875640388564245
351.3,-0.2,0.1789945259724076,0.1789945259724076
351.305,-0.2,0.12856671848564205,0.12856671848564205
351.31,-0.2,0.0448527347377321,0.0448527347377321
351.315,-0.2,0.007862981744370418,0.007862981744370418
351.32,-0.2,0.22666210012805052,0.22666210012805052
351.325,-0.2,0.38427768571671567,0.38427768571671567
351.33,-0.2,0.5554788613618928,0.5554788613618928
351.335,-0.2,0.4884768771827904,0.4884768771827904
351.34,-0.2,0.36161967065083,0.36161967065083
351.345,-0.2,-0.10373936230499847,-0.10373936230499847
351.35,-0.2,-0.2964945752212972,-0.2964945752212972
351.355,-0.2,0.03315161550656371,0.03315161550656371
351.36,-0.2,0.2804377913081022,0.2804377913081022
351.365,-0.2,0.49604232293369427,0.49604232293369427
351.37,-0.2,0.5779178487584915,0.5779178487584915
351.375,-0.2,0.5112558919235854,0.5112558919235854
351.38,-0.2,0.3207065540790145,0.3207065540790145
351.385,-0.2,0.08173249753692778,0.08173249753692778
351.39,-0.2,-0.21588117233530607,-0.21588117233530607
351.395,-0.2,-0.09085995694725459,-0.09085995694725459
351.4,-0.2,0.24998295632872772,0.24998295632872772
351.405,-0.2,0.7304149674645068,0.7304149674645068
351.41,-0.2,0.5657733882215695,0.5657733882215695
351.415,-0.2,0.5669102199648263,0.5669102199648263
351.42,-0.2,0.3651493432719495,0.3651493432719495
351.425,-0.2,0.09252244598790431,0.09252244598790431
351.43,-0.2,-0.31896374939628913,-0.31896374939628913
351.435,-0.2,-0.1625477225826295,-0.1625477225826295
351.44,-0.2,0.34050203246860083,0.34050203246860083
351.445,-0.2,0.325406631417705,0.325406631417705
351.45,-0.2,0.4655297805776438,0.4655297805776438
351.455,-0.2,0.7300977344928115,0.7300977344928115
351.46,-0.2,0.3091432914066983,0.3091432914066983
351.465,-0.2,-0.12475166547813692,-0.12475166547813692
351.47,-0.2,-0.0260095322508644,-0.0260095322508644
351.475,-0.2,0.03708619560410659,0.03708619560410659
351.48,-0.2,0.4543445837225467,0.4543445837225467
351.485,-0.2,0.4945805050870529,0.4945805050870529
351.49,-0.2,0.552867067244894,0.552867067244894
351.495,-0.2,0.5021276704807837,0.5021276704807837
351.5,-0.2,0.1276102382301876,0.1276102382301876
351.505,-0.2,-0.2346721234823956,-0.2346721234823956
351.51,-0.2,-0.1863166802342513,-0.1863166802342513
351.515,-0.2,-0.10459129479592597,-0.10459129479592597
351.52,-0.2,0.22805498263802199,0.22805498263802199
351.525,-0.2,0.4718641297869193,0.4718641297869193
351.53,-0.2,0.674248688439107,0.674248688439107
351.535,-0.2,0.4317194871254327,0.4317194871254327
351.54,-0.2,0.3014005359508314,0.3014005359508314
351.545,-0.2,-0.15995582952700574,-0.15995582952700574
351.55,-0.2,-0.13811913470722087,-0.13811913470722087
351.555,-0.2,0.1658697073955925,0.1658697073955925
351.56,-0.2,0.4015429272320935,0.4015429272320935
351.565,-0.2,0.4247057644339688,0.4247057644339688
351.57,-0.2,0.5301922557954202,0.5301922557954202
351.575,-0.2,0.45801691999269367,0.45801691999269367
351.58,-0.2,0.1935338214429178,0.1935338214429178
351.585,-0.2,0.044995864941450955,0.044995864941450955
351.59,-0.2,-0.08921514526225169,-0.08921514526225169
351.595,-0.2,0.032056783430144536,0.032056783430144536
351.6,-0.2,0.32360887429309826,0.32360887429309826
351.605,-0.2,0.5575716636859117,0.5575716636859117
351.61,-0.2,0.5745024981739352,0.5745024981739352
351.615,-0.2,0.42525693977926426,0.42525693977926426
351.62,-0.2,0.2220393462419386,0.2220393462419386
351.625,-0.2,0.1670406116429941,0.1670406116429941
351.63,-0.2,-0.23841934655069938,-0.23841934655069938
351.635,-0.2,0.041374706817483606,0.041374706817483606
351.64,-0.2,0.3214814253859421,0.3214814253859421
351.645,-0.2,0.4714920456417054,0.4714920456417054
351.65,-0.2,0.6534120442686979,0.6534120442686979
351.655,-0.2,0.3546106100589291,0.3546106100589291
351.66,-0.2,0.22924366734393883,0.22924366734393883
351.665,-0.2,0.027996865317632402,0.027996865317632402
351.67,-0.2,-0.05178780604572726,-0.05178780604572726
351.675,-0.2,0.06194576407476829,0.06194576407476829
351.68,-0.2,0.3024492141434752,0.3024492141434752
351.685,-0.2,0.4884309524499044,0.4884309524499044
351.69,-0.2,0.6115698178005429,0.6115698178005429
351.695,-0.2,0.4622718984722273,0.4622718984722273
351.7,-0.2,0.1817701310933267,0.1817701310933267
351.705,-0.2,-0.19261355571852715,-0.19261355571852715
351.71,-0.2,-0.07766262851547273,-0.07766262851547273
351.715,-0.2,-0.04142594915003455,-0.04142594915003455
351.72,-0.2,0.10113755615718792,0.10113755615718792
351.725,-0.2,0.35085387088681075,0.35085387088681075
351.73,-0.2,0.61871403280168,0.61871403280168
351.735,-0.2,0.35273152079875747,0.35273152079875747
351.74,-0.2,0.3608899149335728,0.3608899149335728
351.745,-0.2,-0.026774609541789177,-0.026774609541789177
351.75,-0.2,-0.09053994021035844,-0.09053994021035844
351.755,-0.2,0.05966190328377188,0.05966190328377188
351.76,-0.2,0.2214874491535253,0.2214874491535253
351.765,-0.2,0.39076687153558676,0.39076687153558676
351.77,-0.2,0.6644705260850795,0.6644705260850795
351.775,-0.2,0.640520126105549,0.640520126105549
351.78,-0.2,0.2992537693609928,0.2992537693609928
351.785,-0.2,-0.0018720780956390723,-0.0018720780956390723
351.79,-0.2,-0.13832742435837914,-0.13832742435837914
351.795,-0.2,-0.10276242436656235,-0.10276242436656235
351.8,-0.2,0.30262860468544545,0.30262860468544545
351.805,-0.2,0.4763906962994903,0.4763906962994903
351.81,-0.2,0.48657889387116293,0.48657889387116293
351.815,-0.2,0.38084843043606387,0.38084843043606387
351.82,-0.2,0.11551928309524631,0.11551928309524631
351.825,-0.2,-0.023660537967762112,-0.023660537967762112
351.83,-0.2,-0.14340332168747325,-0.14340332168747325
351.835,-0.2,-0.11887024606911767,-0.11887024606911767
351.84,-0.2,0.2879278712229362,0.2879278712229362
351.845,-0.2,0.4348942124718173,0.4348942124718173
351.85,-0.2,0.6128690386595135,0.6128690386595135
351.855,-0.2,0.5351237981803881,0.5351237981803881
351.86,-0.2,0.13981544549103975,0.13981544549103975
351.865,-0.2,-0.12450117823923099,-0.12450117823923099
351.87,-0.2,-0.31670266940859454,-0.31670266940859454
351.875,-0.2,-0.11709147100743816,-0.11709147100743816
351.88,-0.2,0.17021188301298956,0.17021188301298956
351.885,-0.2,0.3656233822732602,0.3656233822732602
351.89,-0.2,0.5159537638940324,0.5159537638940324
351.895,-0.2,0.28754140547220475,0.28754140547220475
351.9,-0.2,0.1450718707625438,0.1450718707625438
351.905,-0.2,-0.2187972693540085,-0.2187972693540085
351.91,-0.2,-0.1331626993328167,-0.1331626993328167
351.915,-0.2,-0.1065251065160317,-0.1065251065160317
351.92,-0.2,0.1292173052968032,0.1292173052968032
351.925,-0.2,0.5101764367877744,0.5101764367877744
351.93,-0.2,0.6365739109172832,0.6365739109172832
351.935,-0.2,0.422940733626529,0.422940733626529
351.94,-0.2,0.18852510883189771,0.18852510883189771
351.945,-0.2,-0.27932786535267484,-0.27932786535267484
351.95,-0.2,-0.24875649529649374,-0.24875649529649374
351.955,-0.2,0.10848304784151991,0.10848304784151991
351.96,-0.2,0.1623896528718867,0.1623896528718867
351.965,-0.2,0.3843813762381537,0.3843813762381537
351.97,-0.2,0.43613776931724807,0.43613776931724807
351.975,-0.2,0.18851504335541575,0.18851504335541575
351.98,-0.2,0.11652142999245085,0.11652142999245085
351.985,-0.2,-0.008716515365289362,-0.008716515365289362
351.99,-0.2,0.007977552248089242,0.007977552248089242
351.995,-0.2,-0.13437421868386817,-0.13437421868386817
352.0,-0.2,0.1719309772827632,0.1719309772827632
352.005,-0.2,0.4880853459179468,0.4880853459179468
352.01,-0.2,0.5253707488234229,0.5253707488234229
352.015,-0.2,0.3611199797101049,0.3611199797101049
352.02,-0.2,0.1367936035156439,0.1367936035156439
352.025,-0.2,-0.12046964258689366,-0.12046964258689366
352.03,-0.2,-0.10997026416112936,-0.10997026416112936
352.035,-0.2,-0.15336141353161775,-0.15336141353161775
352.04,-0.2,0.27856402134075003,0.27856402134075003
352.045,-0.2,0.4093009656836426,0.4093009656836426
352.05,-0.2,0.62324569216749,0.62324569216749
352.055,-0.2,0.3655708334540351,0.3655708334540351
352.06,-0.2,0.1415905864903896,0.1415905864903896
352.065,-0.2,-0.11915891122060743,-0.11915891122060743
352.07,-0.2,-0.18451177980784678,-0.18451177980784678
352.075,-0.2,0.05052549815708045,0.05052549815708045
352.08,-0.2,0.23535263396528505,0.23535263396528505
352.085,-0.2,0.5036961593252618,0.5036961593252618
352.09,-0.2,0.6496592627264625,0.6496592627264625
352.095,-0.2,0.39468728389307306,0.39468728389307306
352.1,-0.2,0.2744609294664699,0.2744609294664699
352.105,-0.2,-0.12796696120340215,-0.12796696120340215
352.11,-0.2,-0.22623422103185836,-0.22623422103185836
352.115,-0.2,-0.049746610390224995,-0.049746610390224995
352.12,-0.2,0.16223959884780997,0.16223959884780997
352.125,-0.2,0.5438249260861063,0.5438249260861063
352.13,-0.2,0.6791367407492795,0.6791367407492795
352.135,-0.2,0.4193063447650254,0.4193063447650254
352.14,-0.2,0.27224837379758604,0.27224837379758604
352.145,-0.2,-0.0526787679540755,-0.0526787679540755
352.15,-0.2,-0.22390661013064658,-0.22390661013064658
352.155,-0.2,0.0017734536542527157,0.0017734536542527157
352.16,-0.2,0.21516124222496083,0.21516124222496083
352.165,-0.2,0.48148685754536585,0.48148685754536585
352.17,-0.2,0.5715607355620437,0.5715607355620437
352.175,-0.2,0.40636677087422635,0.40636677087422635
352.18,-0.2,0.16955991353279148,0.16955991353279148
352.185,-0.2,-0.012040899075270332,-0.012040899075270332
352.19,-0.2,-0.1161063672628252,-0.1161063672628252
352.195,-0.2,0.044060308089562586,0.044060308089562586
352.2,-0.2,0.068529535115123,0.068529535115123
352.205,-0.2,0.37184442365949405,0.37184442365949405
352.21,-0.2,0.6054766766731073,0.6054766766731073
352.215,-0.2,0.5619623262242055,0.5619623262242055
352.22,-0.2,0.12180791134524191,0.12180791134524191
352.225,-0.2,-0.12192615120290624,-0.12192615120290624
352.23,-0.2,-0.17360009313444053,-0.17360009313444053
352.235,-0.2,-0.03036524736728033,-0.03036524736728033
352.24,-0.2,0.2119556846410279,0.2119556846410279
352.245,-0.2,0.4737484601845334,0.4737484601845334
352.25,-0.2,0.41742416391731285,0.41742416391731285
352.255,-0.2,0.413950949903315,0.413950949903315
352.26,-0.2,0.033531091161119825,0.033531091161119825
352.265,-0.2,-0.17244882227973657,-0.17244882227973657
352.27,-0.2,-0.2720134711237674,-0.2720134711237674
352.275,-0.2,-0.03576259358787004,-0.03576259358787004
352.28,-0.2,0.1817597179662878,0.1817597179662878
352.285,-0.2,0.5422397850344873,0.5422397850344873
352.29,-0.2,0.5469740102545632,0.5469740102545632
352.295,-0.2,0.43571801926380993,0.43571801926380993
352.3,-0.2,0.1269215960069005,0.1269215960069005
352.305,-0.2,0.035156877596841885,0.035156877596841885
352.31,-0.2,-0.17469076230036418,-0.17469076230036418
352.315,-0.2,-0.27181177367639775,-0.27181177367639775
352.32,-0.2,0.10380088445867518,0.10380088445867518
352.325,-0.2,0.4397023541432037,0.4397023541432037
352.33,-0.2,0.5935386518056915,0.5935386518056915
352.335,-0.2,0.3486594469573457,0.3486594469573457
352.34,-0.2,0.1834586751944559,0.1834586751944559
352.345,-0.2,-0.04861720403664454,-0.04861720403664454
352.35,-0.2,-0.2640514050871147,-0.2640514050871147
352.355,-0.2,-0.06095182113447777,-0.06095182113447777
352.36,-0.2,0.17476407620846685,0.17476407620846685
352.365,-0.2,0.36764767403302634,0.36764767403302634
352.37,-0.2,0.39099944518596275,0.39099944518596275
352.375,-0.2,0.45501072094302114,0.45501072094302114
352.38,-0.2,-0.0126674329323882,-0.0126674329323882
352.385,-0.2,-0.1504409850349821,-0.1504409850349821
352.39,-0.2,-0.15958699976367083,-0.15958699976367083
352.395,-0.2,-0.1057584648291073,-0.1057584648291073
352.4,-0.2,0.24285577382469362,0.24285577382469362
352.405,-0.2,0.5988676120272628,0.5988676120272628
352.41,-0.2,0.5939751555177732,0.5939751555177732
352.415,-0.2,0.713518288739632,0.713518288739632
352.42,-0.2,0.19338366474764557,0.19338366474764557
352.425,-0.2,-0.021732173565987153,-0.021732173565987153
352.43,-0.2,-0.25001446894905033,-0.25001446894905033
352.435,-0.2,-0.09229231749073931,-0.09229231749073931
352.44,-0.2,-0.018198831607970506,-0.018198831607970506
352.445,-0.2,0.5562300809484434,0.5562300809484434
352.45,-0.2,0.5391831283036649,0.5391831283036649
352.455,-0.2,0.3962406414963228,0.3962406414963228
352.46,-0.2,0.15541678242294404,0.15541678242294404
352.465,-0.2,-0.11666145796761501,-0.11666145796761501
352.47,-0.2,-0.20086668020771772,-0.20086668020771772
352.475,-0.2,-0.25237222646002305,-0.25237222646002305
352.48,-0.2,0.12269326258999186,0.12269326258999186
352.485,-0.2,0.46997481035622823,0.46997481035622823
352.49,-0.2,0.5866894537867287,0.5866894537867287
352.495,-0.2,0.5133895797401345,0.5133895797401345
352.5,-0.2,0.18377582376196117,0.18377582376196117
352.505,-0.2,-0.10838477593165857,-0.10838477593165857
352.51,-0.2,-0.23768975475845064,-0.23768975475845064
352.515,-0.2,-0.0530392429890536,-0.0530392429890536
352.52,-0.2,0.1894931271003684,0.1894931271003684
352.525,-0.2,0.4613878403497087,0.4613878403497087
352.53,-0.2,0.44634240182101387,0.44634240182101387
352.535,-0.2,0.360462727291922,0.360462727291922
352.54,-0.2,0.14291624587784982,0.14291624587784982
352.545,-0.2,-0.043112355060308805,-0.043112355060308805
352.55,-0.2,-0.019932969621063334,-0.019932969621063334
352.555,-0.2,-0.09438718657739689,-0.09438718657739689
352.56,-0.2,0.18587403997045288,0.18587403997045288
352.565,-0.2,0.35656341777587613,0.35656341777587613
352.57,-0.2,0.628681134558641,0.628681134558641
352.575,-0.2,0.48055685977462087,0.48055685977462087
352.58,-0.2,0.258579633300208,0.258579633300208
352.585,-0.2,0.02677748195562331,0.02677748195562331
352.59,-0.2,-0.15052856219098537,-0.15052856219098537
352.595,-0.2,-0.2583074613113755,-0.2583074613113755
352.6,-0.2,0.19991836713399708,0.19991836713399708
352.605,-0.2,0.5146578781144032,0.5146578781144032
352.61,-0.2,0.7435568739852523,0.7435568739852523
352.615,-0.2,0.5307293201784291,0.5307293201784291
352.62,-0.2,0.14602168199500032,0.14602168199500032
352.625,-0.2,-0.23385781992438606,-0.23385781992438606
352.63,-0.2,-0.08632266079107133,-0.08632266079107133
352.635,-0.2,-0.0836954638472206,-0.0836954638472206
352.64,-0.2,0.14250285585390166,0.14250285585390166
352.645,-0.2,0.47008205443045786,0.47008205443045786
352.65,-0.2,0.5186092181055142,0.5186092181055142
352.655,-0.2,0.6258546197021821,0.6258546197021821
352.66,-0.2,0.27204541322881015,0.27204541322881015
352.665,-0.2,-0.013631177512843776,-0.013631177512843776
352.67,-0.2,-0.19484291349729999,-0.19484291349729999
352.675,-0.2,0.09543341739040598,0.09543341739040598
352.68,-0.2,0.08902785926998995,0.08902785926998995
352.685,-0.2,0.5515814391190965,0.5515814391190965
352.69,-0.2,0.6041698655252294,0.6041698655252294
352.695,-0.2,0.3851480528108547,0.3851480528108547
352.7,-0.2,0.11947824882535533,0.11947824882535533
352.705,-0.2,-0.09482828888920622,-0.09482828888920622
352.71,-0.2,-0.11866677595633524,-0.11866677595633524
352.715,-0.2,-0.01156493690009797,-0.01156493690009797
352.72,-0.2,0.3170946652879206,0.3170946652879206
352.725,-0.2,0.4183114250312715,0.4183114250312715
352.73,-0.2,0.48178580437536517,0.48178580437536517
352.735,-0.2,0.44266323630658455,0.44266323630658455
352.74,-0.2,0.18219925068726742,0.18219925068726742
352.745,-0.2,-0.07548354711129933,-0.07548354711129933
352.75,-0.2,-0.034084994560072496,-0.034084994560072496
352.755,-0.2,0.019572447284167557,0.019572447284167557
352.76,-0.2,0.2753475687552646,0.2753475687552646
352.765,-0.2,0.5367558259803454,0.5367558259803454
352.77,-0.2,0.5805447836079317,0.5805447836079317
352.775,-0.2,0.5250180253448399,0.5250180253448399
352.78,-0.2,0.1456040649852622,0.1456040649852622
352.785,-0.2,-0.034186543210243094,-0.034186543210243094
352.79,-0.2,-0.1449652669902561,-0.1449652669902561
352.795,-0.2,0.11479241639536336,0.11479241639536336
352.8,-0.2,0.300705448113267,0.300705448113267
352.805,-0.2,0.5766701707746189,0.5766701707746189
352.81,-0.2,0.505500113450119,0.505500113450119
352.815,-0.2,0.49319772823711827,0.49319772823711827
352.82,-0.2,0.06459218740517642,0.06459218740517642
352.825,-0.2,-0.02082708880306964,-0.02082708880306964
352.83,-0.2,-0.16387737884767292,-0.16387737884767292
352.835,-0.2,-0.08765581343573133,-0.08765581343573133
352.84,-0.2,0.4005578702453627,0.4005578702453627
352.845,-0.2,0.6357623522729585,0.6357623522729585
352.85,-0.2,0.6085754985757839,0.6085754985757839
352.855,-0.2,0.45135901216529056,0.45135901216529056
352.86,-0.2,0.25998651013575486,0.25998651013575486
352.865,-0.2,-0.17899469865851397,-0.17899469865851397
352.87,-0.2,-0.07882972404084974,-0.07882972404084974
352.875,-0.2,0.02527864808392685,0.02527864808392685
352.88,-0.2,0.32686515582493986,0.32686515582493986
352.885,-0.2,0.3490957791756164,0.3490957791756164
352.89,-0.2,0.5915731509599409,0.5915731509599409
352.895,-0.2,0.40462999447508896,0.40462999447508896
352.9,-0.2,0.24853729615787143,0.24853729615787143
352.905,-0.2,0.005954992812627673,0.005954992812627673
352.91,-0.2,-0.055900305932551714,-0.055900305932551714
352.915,-0.2,-0.06958867117449141,-0.06958867117449141
352.92,-0.2,0.2580538772330274,0.2580538772330274
352.925,-0.2,0.5151729715064021,0.5151729715064021
352.93,-0.2,0.6448261639584447,0.6448261639584447
352.935,-0.2,0.5623249597545802,0.5623249597545802
352.94,-0.2,0.22162896404772692,0.22162896404772692
352.945,-0.2,-0.01074131433743112,-0.01074131433743112
352.95,-0.2,-0.18865220562591573,-0.18865220562591573
352.955,-0.2,0.03312549679487381,0.03312549679487381
352.96,-0.2,0.22194322212131856,0.22194322212131856
352.965,-0.2,0.4884345578821297,0.4884345578821297
352.97,-0.2,0.37661165739804325,0.37661165739804325
352.975,-0.2,0.5199056245421388,0.5199056245421388
352.98,-0.2,0.15992376021722116,0.15992376021722116
352.985,-0.2,-0.05870821047845459,-0.05870821047845459
352.99,-0.2,-0.06263111214601702,-0.06263111214601702
352.995,-0.2,0.07798838352085233,0.07798838352085233
353.0,-0.2,0.28346123144857854,0.28346123144857854
353.005,-0.2,0.45552726410520494,0.45552726410520494
353.01,-0.2,0.616649948940742,0.616649948940742
353.015,-0.2,0.605795776239052,0.605795776239052
353.02,-0.2,0.33668791768371864,0.33668791768371864
353.025,-0.2,-0.03098232374469176,-0.03098232374469176
353.03,-0.2,-0.304346587741017,-0.304346587741017
353.035,-0.2,0.1876156874927983,0.1876156874927983
353.04,-0.2,0.299402421393767,0.299402421393767
353.045,-0.2,0.6183682677142629,0.6183682677142629
353.05,-0.2,0.41433700830365405,0.41433700830365405
353.055,-0.2,0.2961698595468876,0.2961698595468876
353.06,-0.2,0.5127098813988258,0.5127098813988258
353.065,-0.2,0.022813374476578357,0.022813374476578357
353.07,-0.2,0.023980244631637157,0.023980244631637157
353.075,-0.2,0.18749621560836813,0.18749621560836813
353.08,-0.2,0.28349645276064955,0.28349645276064955
353.085,-0.2,0.4755589112889851,0.4755589112889851
353.09,-0.2,0.4888277649921825,0.4888277649921825
353.095,-0.2,0.4941608463337322,0.4941608463337322
353.1,-0.2,0.39705399822453064,0.39705399822453064
353.105,-0.2,0.17924791887072497,0.17924791887072497
353.11,-0.2,0.128512791360712,0.128512791360712
353.115,-0.2,-0.00018501715235536703,-0.00018501715235536703
353.12,-0.2,0.22487881546745053,0.22487881546745053
353.125,-0.2,0.4035353495921309,0.4035353495921309
353.13,-0.2,0.5263461699569718,0.5263461699569718
353.135,-0.2,0.7018650069548982,0.7018650069548982
353.14,-0.2,0.24775459949471332,0.24775459949471332
353.145,-0.2,0.07628375462781092,0.07628375462781092
353.15,-0.2,0.09868578622653959,0.09868578622653959
353.155,-0.2,-0.011294888708264346,-0.011294888708264346
353.16,-0.2,0.4433206591529391,0.4433206591529391
353.165,-0.2,0.4717729197052948,0.4717729197052948
353.17,-0.2,0.544115489586749,0.544115489586749
353.175,-0.2,0.5042158653801735,0.5042158653801735
353.18,-0.2,0.00894969093390438,0.00894969093390438
353.185,-0.2,0.027293428226905357,0.027293428226905357
353.19,-0.2,-0.09942617555271728,-0.09942617555271728
353.195,-0.2,0.050030294864321936,0.050030294864321936
353.2,-0.2,0.4112146364150293,0.4112146364150293
353.205,-0.2,0.6241211303335461,0.6241211303335461
353.21,-0.2,0.6984673005408583,0.6984673005408583
353.215,-0.2,0.48430815320240506,0.48430815320240506
353.22,-0.2,0.35710321013947144,0.35710321013947144
353.225,-0.2,0.18801683496091937,0.18801683496091937
353.23,-0.2,-0.1388007064918128,-0.1388007064918128
353.235,-0.2,0.0007966528573581724,0.0007966528573581724
353.24,-0.2,0.1804592684905199,0.1804592684905199
353.245,-0.2,0.5773450450912833,0.5773450450912833
353.25,-0.2,0.6928419418999516,0.6928419418999516
353.255,-0.2,0.5051381765558799,0.5051381765558799
353.26,-0.2,0.10094311752283472,0.10094311752283472
353.265,-0.2,-0.05894920474472161,-0.05894920474472161
353.27,-0.2,0.04578622391408341,0.04578622391408341
353.275,-0.2,-0.0771144604811214,-0.0771144604811214
353.28,-0.2,0.20968070340501468,0.20968070340501468
353.285,-0.2,0.6068314193552092,0.6068314193552092
353.29,-0.2,0.7227364927945925,0.7227364927945925
353.295,-0.2,0.504535853918329,0.504535853918329
353.3,-0.2,0.27596840998627026,0.27596840998627026
353.305,-0.2,0.01367441936019146,0.01367441936019146
353.31,-0.2,-0.011499770329429393,-0.011499770329429393
353.315,-0.2,0.07605787401784056,0.07605787401784056
353.32,-0.2,0.2767047210236251,0.2767047210236251
353.325,-0.2,0.6121848713991772,0.6121848713991772
353.33,-0.2,0.781993728700903,0.781993728700903
353.335,-0.2,0.44528344904134,0.44528344904134
353.34,-0.2,0.21430699107224413,0.21430699107224413
353.345,-0.2,-0.09489348921616174,-0.09489348921616174
353.35,-0.2,-0.26885958765458773,-0.26885958765458773
353.355,-0.2,0.06967980552822389,0.06967980552822389
353.36,-0.2,0.2980296452782153,0.2980296452782153
353.365,-0.2,0.7222647913929761,0.7222647913929761
353.37,-0.2,0.5254840266019447,0.5254840266019447
353.375,-0.2,0.5986795906975821,0.5986795906975821
353.38,-0.2,0.35015830507962714,0.35015830507962714
353.385,-0.2,-0.12697887235359473,-0.12697887235359473
353.39,-0.2,-0.0990871410808925,-0.0990871410808925
353.395,-0.2,0.058047043578379594,0.058047043578379594
353.4,-0.2,0.11195135492306713,0.11195135492306713
353.405,-0.2,0.4896297703763698,0.4896297703763698
353.41,-0.2,0.7243365823442875,0.7243365823442875
353.415,-0.2,0.32804368856772936,0.32804368856772936
353.42,-0.2,0.20435571901766753,0.20435571901766753
353.425,-0.2,0.041685453903493,0.041685453903493
353.43,-0.2,-0.07306565238232296,-0.07306565238232296
353.435,-0.2,-0.2694346283721528,-0.2694346283721528
353.44,-0.2,0.24317663944975626,0.24317663944975626
353.445,-0.2,0.40042351945027355,0.40042351945027355
353.45,-0.2,0.6068241798800151,0.6068241798800151
353.455,-0.2,0.4631788047143246,0.4631788047143246
353.46,-0.2,0.1493608507671219,0.1493608507671219
353.465,-0.2,0.011758507326035658,0.011758507326035658
353.47,-0.2,-0.15414640203036428,-0.15414640203036428
353.475,-0.2,0.11820908692625307,0.11820908692625307
353.48,-0.2,0.12350371833848708,0.12350371833848708
353.485,-0.2,0.43841721373917486,0.43841721373917486
353.49,-0.2,0.5861252332608027,0.5861252332608027
353.495,-0.2,0.3973090968379737,0.3973090968379737
353.5,-0.2,0.15575064080361484,0.15575064080361484
353.505,-0.2,0.04097086172012536,0.04097086172012536
353.51,-0.2,-0.007278067878202482,-0.007278067878202482
353.515,-0.2,-0.035678434312158044,-0.035678434312158044
353.52,-0.2,0.4061669452282075,0.4061669452282075
353.525,-0.2,0.5698827299208651,0.5698827299208651
353.53,-0.2,0.5437413200291642,0.5437413200291642
353.535,-0.2,0.5436327484850947,0.5436327484850947
353.54,-0.2,0.37831378918879843,0.37831378918879843
353.545,-0.2,-0.018839837831490423,-0.018839837831490423
353.55,-0.2,-0.16744565940365272,-0.16744565940365272
353.555,-0.2,-0.14866276366220377,-0.14866276366220377
353.56,-0.2,0.1384981863700559,0.1384981863700559
353.565,-0.2,0.5514014357217688,0.5514014357217688
353.57,-0.2,0.732813527368469,0.732813527368469
353.575,-0.2,0.491027914459535,0.491027914459535
353.58,-0.2,0.2710017468620402,0.2710017468620402
353.585,-0.2,0.0038774174712128684,0.0038774174712128684
353.59,-0.2,-0.1997536616164078,-0.1997536616164078
353.595,-0.2,-0.13139357215278127,-0.13139357215278127
353.6,-0.2,0.262499194800646,0.262499194800646
353.605,-0.2,0.693036002546963,0.693036002546963
353.61,-0.2,0.6445907934648565,0.6445907934648565
353.615,-0.2,0.36438005742675733,0.36438005742675733
353.62,-0.2,0.3449432111618795,0.3449432111618795
353.625,-0.2,-0.2263144083047321,-0.2263144083047321
353.63,-0.2,-0.12282095718796446,-0.12282095718796446
353.635,-0.2,-0.04751209046610935,-0.04751209046610935
353.64,-0.2,0.20602362642841945,0.20602362642841945
353.645,-0.2,0.48596012279639633,0.48596012279639633
353.65,-0.2,0.5215799386210438,0.5215799386210438
353.655,-0.2,0.3987279560227658,0.3987279560227658
353.66,-0.2,0.2629638006912415,0.2629638006912415
353.665,-0.2,0.05048354110339745,0.05048354110339745
353.67,-0.2,-0.14705880035342073,-0.14705880035342073
353.675,-0.2,0.09328727294896974,0.09328727294896974
353.68,-0.2,0.2590620603069738,0.2590620603069738
353.685,-0.2,0.4012935109798047,0.4012935109798047
353.69,-0.2,0.6664999191664993,0.6664999191664993
353.695,-0.2,0.6411634399679218,0.6411634399679218
353.7,-0.2,0.19868847866685455,0.19868847866685455
353.705,-0.2,-0.0613257874574398,-0.0613257874574398
353.71,-0.2,-0.043188750418999,-0.043188750418999
353.715,-0.2,0.10542264744714847,0.10542264744714847
353.72,-0.2,0.07835971711289835,0.07835971711289835
353.725,-0.2,0.5755803661114186,0.5755803661114186
353.73,-0.2,0.5677203543897755,0.5677203543897755
353.735,-0.2,0.3323630823721363,0.3323630823721363
353.74,-0.2,0.370459942788539,0.370459942788539
353.745,-0.2,-0.0457096905829558,-0.0457096905829558
353.75,-0.2,0.019215187169965536,0.019215187169965536
353.755,-0.2,-0.19888297043715567,-0.19888297043715567
353.76,-0.2,0.2398399152759892,0.2398399152759892
353.765,-0.2,0.45442758902369396,0.45442758902369396
353.77,-0.2,0.44507392064454354,0.44507392064454354
353.775,-0.2,0.4578077356976623,0.4578077356976623
353.78,-0.2,0.15436730299610726,0.15436730299610726
353.785,-0.2,-0.03485225387242182,-0.03485225387242182
353.79,-0.2,-0.12220635199714366,-0.12220635199714366
353.795,-0.2,0.08237853544025314,0.08237853544025314
353.8,-0.2,0.31043150389881574,0.31043150389881574
353.805,-0.2,0.631315765620386,0.631315765620386
353.81,-0.2,0.5915100758441254,0.5915100758441254
353.815,-0.2,0.3554601753525091,0.3554601753525091
353.82,-0.2,0.33246040979954716,0.33246040979954716
353.825,-0.2,-0.06464961404085363,-0.06464961404085363
353.83,-0.2,-0.022741381087171053,-0.022741381087171053
353.835,-0.2,0.19221423263345438,0.19221423263345438
353.84,-0.2,0.3506070114957571,0.3506070114957571
353.845,-0.2,0.5195354754308928,0.5195354754308928
353.85,-0.2,0.6528767012060205,0.6528767012060205
353.855,-0.2,0.5104589645978924,0.5104589645978924
353.86,-0.2,0.12331139299089676,0.12331139299089676
353.865,-0.2,0.028709552972314874,0.028709552972314874
353.87,-0.2,-0.05789871523826931,-0.05789871523826931
353.875,-0.2,0.0005710781226672471,0.0005710781226672471
353.88,-0.2,0.1819664062355237,0.1819664062355237
353.885,-0.2,0.5424737861605985,0.5424737861605985
353.89,-0.2,0.9235553762268648,0.9235553762268648
353.895,-0.2,0.4345796060342213,0.4345796060342213
353.9,-0.2,0.2696171399928894,0.2696171399928894
353.905,-0.2,0.08372702371309973,0.08372702371309973
353.91,-0.2,-0.2307754458817991,-0.2307754458817991
353.915,-0.2,0.03765480872316785,0.03765480872316785
353.92,-0.2,0.20171834448916987,0.20171834448916987
353.925,-0.2,0.3530705144994678,0.3530705144994678
353.93,-0.2,0.6067764542646694,0.6067764542646694
353.935,-0.2,0.45495949788382173,0.45495949788382173
353.94,-0.2,0.2646325359180107,0.2646325359180107
353.945,-0.2,-0.06783416576989935,-0.06783416576989935
353.95,-0.2,-0.13296632341730244,-0.13296632341730244
353.955,-0.2,0.15624609497399974,0.15624609497399974
353.96,-0.2,0.18064993255295297,0.18064993255295297
353.965,-0.2,0.49092603134482476,0.49092603134482476
353.97,-0.2,0.6285581146421061,0.6285581146421061
353.975,-0.2,0.45731320716999374,0.45731320716999374
353.98,-0.2,0.03903949253837982,0.03903949253837982
353.985,-0.2,0.04763911818609612,0.04763911818609612
353.99,-0.2,-0.06981123634465958,-0.06981123634465958
353.995,-0.2,-0.2127142798658511,-0.2127142798658511
354.0,-0.2,0.1125033763746173,0.1125033763746173
354.005,-0.2,0.464191806133279,0.464191806133279
354.01,-0.2,0.5378965741335864,0.5378965741335864
354.015,-0.2,0.33639384279500995,0.33639384279500995
354.02,-0.2,0.23777016727068684,0.23777016727068684
354.025,-0.2,0.10889748139202143,0.10889748139202143
354.03,-0.2,-0.08462042565979079,-0.08462042565979079
354.035,-0.2,-0.15112711090226105,-0.15112711090226105
354.04,-0.2,0.24295671907428973,0.24295671907428973
354.045,-0.2,0.519147884672067,0.519147884672067
354.05,-0.2,0.4324487071489975,0.4324487071489975
354.055,-0.2,0.3976906456784437,0.3976906456784437
354.06,-0.2,0.14366438593651268,0.14366438593651268
354.065,-0.2,0.18150239219456485,0.18150239219456485
354.07,-0.2,-0.3217728776112533,-0.3217728776112533
354.075,-0.2,-0.0799751512422342,-0.0799751512422342
354.08,-0.2,0.3242820983553898,0.3242820983553898
354.085,-0.2,0.45274416694888286,0.45274416694888286
354.09,-0.2,0.43715515093615775,0.43715515093615775
354.095,-0.2,0.5548972785748416,0.5548972785748416
354.1,-0.2,0.22410385155593548,0.22410385155593548
354.105,-0.2,0.09395642684052696,0.09395642684052696
354.11,-0.2,-0.1801271885359374,-0.1801271885359374
354.115,-0.2,-0.0002478649884525737,-0.0002478649884525737
354.12,-0.2,0.22335423177890956,0.22335423177890956
354.125,-0.2,0.5192531224051056,0.5192531224051056
354.13,-0.2,0.7913071875724552,0.7913071875724552
354.135,-0.2,0.4319421090456362,0.4319421090456362
354.14,-0.2,0.19544151468369864,0.19544151468369864
354.145,-0.2,0.14354848690807448,0.14354848690807448
354.15,-0.2,-0.17844172357749946,-0.17844172357749946
354.155,-0.2,-0.11055905825700911,-0.11055905825700911
354.16,-0.2,0.24109307486243964,0.24109307486243964
354.165,-0.2,0.4295553796804886,0.4295553796804886
354.17,-0.2,0.6929177300193223,0.6929177300193223
354.175,-0.2,0.5716686335026646,0.5716686335026646
354.18,-0.2,0.004372414087989163,0.004372414087989163
354.185,-0.2,-0.02660658724517201,-0.02660658724517201
354.19,-0.2,-0.10511664268203148,-0.10511664268203148
354.195,-0.2,-0.09508119666572652,-0.09508119666572652
354.2,-0.2,0.0178852778767222,0.0178852778767222
354.205,-0.2,0.5081825350750925,0.5081825350750925
354.21,-0.2,0.6562567428156514,0.6562567428156514
354.215,-0.2,0.4247169257848979,0.4247169257848979
354.22,-0.2,0.257947828114474,0.257947828114474
354.225,-0.2,-0.003334381778469203,-0.003334381778469203
354.23,-0.2,-0.34846843078139467,-0.34846843078139467
354.235,-0.2,-0.06688392187816625,-0.06688392187816625
354.24,-0.2,0.03725367704097879,0.03725367704097879
354.245,-0.2,0.4442117685735763,0.4442117685735763
354.25,-0.2,0.5163700975111192,0.5163700975111192
354.255,-0.2,0.3435963508603272,0.3435963508603272
354.26,-0.2,0.13359114807002365,0.13359114807002365
354.265,-0.2,-0.2902102961144768,-0.2902102961144768
354.27,-0.2,-0.2958015588932865,-0.2958015588932865
354.275,-0.2,0.017234876517298256,0.017234876517298256
354.28,-0.2,0.23350250642668663,0.23350250642668663
354.285,-0.2,0.2540273008900849,0.2540273008900849
354.29,-0.2,0.5462987168402604,0.5462987168402604
354.295,-0.2,0.3773184058706513,0.3773184058706513
354.3,-0.2,0.12349803109300737,0.12349803109300737
354.305,-0.2,-0.013773834300359597,-0.013773834300359597
354.31,-0.2,-0.24805847920645252,-0.24805847920645252
354.315,-0.2,-0.10148615122046602,-0.10148615122046602
354.32,-0.2,0.2998781259287182,0.2998781259287182
354.325,-0.2,0.3113427679234769,0.3113427679234769
354.33,-0.2,0.5152795020638198,0.5152795020638198
354.335,-0.2,0.5242233874379991,0.5242233874379991
354.34,-0.2,0.08688926384162217,0.08688926384162217
354.345,-0.2,-0.05415099114789295,-0.05415099114789295
354.35,-0.2,-0.22983633307808526,-0.22983633307808526
354.355,-0.2,-0.014916338729406647,-0.014916338729406647
354.36,-0.2,0.3165169954730934,0.3165169954730934
354.365,-0.2,0.3249562311636095,0.3249562311636095
354.37,-0.2,0.4244785594194487,0.4244785594194487
354.375,-0.2,0.34296969150301027,0.34296969150301027
354.38,-0.2,0.15256731145070374,0.15256731145070374
354.385,-0.2,-0.05832131673320489,-0.05832131673320489
354.39,-0.2,-0.20173839861887244,-0.20173839861887244
354.395,-0.2,0.03854854297785204,0.03854854297785204
354.4,-0.2,0.2195506870079246,0.2195506870079246
354.405,-0.2,0.45375553564553195,0.45375553564553195
354.41,-0.2,0.5235090370927115,0.5235090370927115
354.415,-0.2,0.48730185487355854,0.48730185487355854
354.42,-0.2,0.301817847939358,0.301817847939358
354.425,-0.2,-0.17162385312272774,-0.17162385312272774
354.43,-0.2,-0.34940667246587054,-0.34940667246587054
354.435,-0.2,-0.0039353681391450235,-0.0039353681391450235
354.44,-0.2,0.22385069608728714,0.22385069608728714
354.445,-0.2,0.4453392479476325,0.4453392479476325
354.45,-0.2,0.5480932130548543,0.5480932130548543
354.455,-0.2,0.5065035916124396,0.5065035916124396
354.46,-0.2,0.2591634104266625,0.2591634104266625
354.465,-0.2,-0.1748826069478679,-0.1748826069478679
354.47,-0.2,-0.11118278201415198,-0.11118278201415198
354.475,-0.2,-0.01359284443151379,-0.01359284443151379
354.48,-0.2,0.5123746642008749,0.5123746642008749
354.485,-0.2,0.5466833363686026,0.5466833363686026
354.49,-0.2,0.5649763013956302,0.5649763013956302
354.495,-0.2,0.4827630326713988,0.4827630326713988
354.5,-0.2,0.14520166888075145,0.14520166888075145
354.505,-0.2,-0.14067920017433702,-0.14067920017433702
354.51,-0.2,-0.09879469905338471,-0.09879469905338471
354.515,-0.2,-0.023104501344152192,-0.023104501344152192
354.52,-0.2,0.29522379150360917,0.29522379150360917
354.525,-0.2,0.49904492647319376,0.49904492647319376
354.53,-0.2,0.7176165897713211,0.7176165897713211
354.535,-0.2,0.5218052450958026,0.5218052450958026
354.54,-0.2,0.24859815834073695,0.24859815834073695
