t,reference,measured,noisy
323.865,0.2,-1.1096688657863038e-05,-0.35521933664207045
323.87,0.2,-9.041540379400085e-05,-0.1982936211107813
323.875,0.2,-0.00036768963907569296,-0.17918022341436754
323.88,0.2,-0.0010225434790102808,-0.15605397008050068
323.885,0.2,-0.002227568773281127,0.16989869757822734
323.89,0.2,-0.004082274000213991,0.16857681480521047
323.895,0.2,-0.0065601276639268725,0.19129017186257286
323.9,0.2,-0.009511323556852552,-0.08744716547290561
323.905,0.2,-0.012729071573788733,-0.0754466652345287
323.91,0.2,-0.016029961668446294,-0.18628492232045768
323.915,0.2,-0.019301469180065832,-0.187682860618274
323.92,0.2,-0.022508809493047538,-0.08137871718751236
323.925,0.2,-0.025657329791564428,0.33546910346650005
323.93,0.2,-0.028702344006195472,0.5532462987131279
323.935,0.2,-0.03145828398412666,0.2752193426042294
323.94,0.2,-0.03360026661639858,0.19062063347056657
323.945,0.2,-0.03476311346740453,0.03709137720120281
323.95,0.2,-0.03465828658025467,-0.27004939572693576
323.955,0.2,-0.03315812866249096,-0.1089899423767908
323.96,0.2,-0.030315842585548355,0.051111633304249976
323.965,0.2,-0.026304853578998196,0.08635004451943828
323.97,0.2,-0.02132757032130382,0.2666474528866162
323.975,0.2,-0.01554804739973104,0.2752900214179527
323.98,0.2,-0.00906305380423577,0.14924603283215387
323.985,0.2,-0.0019299333467031688,-0.24229115853981253
323.99,0.2,0.005744833809514603,-0.387777979061275
323.995,0.2,0.013719039824801799,-0.22651191953381566
324.0,0.2,0.021612156448991494,-0.15508891044998344
324.005,0.2,0.028990566999848026,0.11589394746928008
324.01,0.2,0.035485020451760434,0.3786395734165729
324.015,0.2,0.04089117535570884,0.28287757663210983
324.02,0.2,0.04519864413258554,0.032592065351560125
324.025,0.2,0.04851549238199138,-0.26520732696481963
324.03,0.2,0.05094684735165181,-0.029513926497816784
324.035,0.2,0.05253334523625272,-0.054133579955148295
324.04,0.2,0.053278910927762435,0.1642516000801992
324.045,0.2,0.05321617845903039,0.30180219510625506
324.05,0.2,0.05246368303937548,0.309670676916967
324.055,0.2,0.05124708404697297,0.2723427928654689
324.06,0.2,0.04986706540097839,0.06797136642799782
324.065,0.2,0.04861738778393149,-0.3109638894053878
324.07,0.2,0.04768122401420273,-0.19709432370325225
324.075,0.2,0.047077243240313066,0.0012660497874312365
324.08,0.2,0.04670997226831848,0.19436218623398366
324.085,0.2,0.046483320242363395,0.41265942384139764
324.09,0.2,0.04639505337931963,0.3227789144616131
324.095,0.2,0.04656512793584775,0.3497133018727824
324.1,0.2,0.0471958760337026,0.07531678106743653
324.105,0.2,0.048490094511588144,-0.03498435804344212
324.11,0.2,0.05056586901752098,-0.07868162813738158
324.115,0.2,0.05340355643773458,-0.3084826867588408
324.12,0.2,0.05684322975338648,0.21570342662686964
324.125,0.2,0.06065105438858646,0.26698725952268454
324.13,0.2,0.0646358028081729,0.4785795034889321
324.135,0.2,0.06873620555062092,0.42356212384385605
324.14,0.2,0.0730180464997629,-0.07927599943422203
324.145,0.2,0.077581164035513,0.008733557047157045
324.15,0.2,0.08244389178850882,-0.2987450990912498
324.155,0.2,0.08748573745688142,-0.05394476212850993
324.16,0.2,0.09247461522466478,0.2114409720709078
324.165,0.2,0.09716644796005278,0.39143315767812503
324.17,0.2,0.10141812387310489,0.3871859219528222
324.175,0.2,0.10523408995160838,0.25902809064865606
324.18,0.2,0.10872716268950462,0.11061709896426201
324.185,0.2,0.1120315631905411,-0.09466908926040445
324.19,0.2,0.11522041695130673,0.008743977762744576
324.195,0.2,0.11827089385902473,-0.05208649596136721
324.2,0.2,0.12108430159922898,0.1151880976281951
324.205,0.2,0.12353658582908193,0.1814721328266608
324.21,0.2,0.12554331463491508,0.5502933882940902
324.215,0.2,0.12712679359668239,0.3901655081758967
324.22,0.2,0.12843474815184175,0.10089231024343576
324.225,0.2,0.12966543491339233,-0.1077101771927387
324.23,0.2,0.1309476139770848,-0.1503208793868815
324.235,0.2,0.13227388299934462,0.006400334947776955
324.24,0.2,0.13352666747462608,0.1388259055633035
324.245,0.2,0.1345579512584209,0.16877943420205566
324.25,0.2,0.13526881407037844,0.5411747432769498
324.255,0.2,0.13567135888245963,0.4230742823810846
324.26,0.2,0.13591246310886768,0.3214830281072405
324.265,0.2,0.13622594234789756,0.10856230944748607
324.27,0.2,0.13682853843878684,-0.21248286359581697
324.275,0.2,0.13781491268717008,-0.13925068583666117
324.28,0.2,0.13911869950108025,0.19218500557421478
324.285,0.2,0.14057708024245305,0.2162202704113257
324.29,0.2,0.14204450985571213,0.48288606999530215
324.295,0.2,0.14347550685661623,0.4325849929497454
324.3,0.2,0.14494587133935338,0.28406382934741714
324.305,0.2,0.14660753264150195,0.14321452008587554
324.31,0.2,0.14859693502479107,-0.18881340259771962
324.315,0.2,0.15094702309782207,0.04172863787591319
324.32,0.2,0.15356719479302092,0.2615795122196334
324.325,0.2,0.15631883780815112,0.47403241852066236
324.33,0.2,0.15912067305094457,0.3577694355000577
324.335,0.2,0.16199162641071055,0.31731295153478106
324.34,0.2,0.1650120241008534,0.04838091872283376
324.345,0.2,0.16824191070007005,-0.08022978054628566
324.35,0.2,0.1716423901962532,-0.1820006301903604
324.355,0.2,0.17504437549375954,0.061330103549650516
324.36,0.2,0.17819136737920732,0.15008183438381711
324.365,0.2,0.18083620285855206,0.4780353149221525
324.37,0.2,0.18284542261972617,0.6066651377543482
324.375,0.2,0.1842592373761392,0.26814271603850737
324.38,0.2,0.18525665389903884,0.16462177068173245
324.385,0.2,0.1860443767532688,-0.007413431894850152
324.39,0.2,0.18675287038361682,-0.11086879350647422
324.395,0.2,0.18739394456355601,0.1705192072861404
324.4,0.2,0.18789337878431847,0.23971899735369478
324.405,0.2,0.18817242305904172,0.35959698706415627
324.41,0.2,0.18821705878563993,0.396703638519243
324.415,0.2,0.18810286724749586,0.37822347911048315
324.42,0.2,0.18797868131478931,0.23975754035417218
324.425,0.2,0.18801156439669628,-0.029799100410565556
324.43,0.2,0.18830698647484206,-0.055334471711607665
324.435,0.2,0.1888550541121827,0.14045266649769175
324.44,0.2,0.18955153184486334,0.20690777606410576
324.445,0.2,0.19027001113411549,0.26194698945232353
324.45,0.2,0.19092981068749632,0.5738829374033918
324.455,0.2,0.19154556178531237,0.44295533505436324
324.46,0.2,0.1922373889115241,0.19180509236513632
324.465,0.2,0.19316179452499901,-0.11534919380890832
324.47,0.2,0.19439299260730478,-0.17591498129571703
324.475,0.2,0.19584611087312406,-0.05062753245242737
324.48,0.2,0.1973032485202527,0.3114960434465299
324.485,0.2,0.19852170185010262,0.26116712471586995
324.49,0.2,0.19934002256863625,0.43173703429729
324.495,0.2,0.19972333442749812,0.382222921572951
324.5,0.2,0.199750354665929,0.17098382681117114
324.505,0.2,0.1995469981866128,-0.14372578948515113
324.51,0.2,0.19918884664189027,-0.0017645259728961138
324.515,0.2,0.19864574457450368,0.00944423322155747
324.52,0.2,0.19781207004703374,0.29370265031587417
324.525,0.2,0.19659100502779003,0.41422060943196815
324.53,0.2,0.19497593553081188,0.4228718683101321
324.535,0.2,0.19308556040678537,0.4759165335582296
324.54,0.2,0.1911382449714313,0.12426646964079618
324.545,0.2,0.1893717324226413,-0.028675294084347294
324.55,0.2,0.18794176028153242,-0.052830737515513856
324.555,0.2,0.18686489567031048,-0.014481713510774343
324.56,0.2,0.1860409942290353,0.2634890121852529
324.565,0.2,0.18533102503305665,0.24498733858705898
324.57,0.2,0.1846385429914098,0.43836672925618775
324.575,0.2,0.1839582616972519,0.43257472392133134
324.58,0.2,0.18338090767895196,0.2114298281839875
324.585,0.2,0.1830462119522167,0.11185261719643536
324.59,0.2,0.1830639309742406,0.013098879453770529
324.595,0.2,0.18345949327933095,0.14923157685513053
324.6,0.2,0.18418343108680799,0.3624502362314608
324.605,0.2,0.1851772882941821,0.47988730813879216
324.61,0.2,0.18644182559367573,0.33311060531419967
324.615,0.2,0.18804829050260286,0.31553819313652837
324.62,0.2,0.1900973047328284,0.28708250179469696
324.625,0.2,0.19266191908778688,-0.1774500171562783
324.63,0.2,0.19571649985321776,-0.18368892257888175
324.635,0.2,0.19908048238362433,0.012641189234887752
324.64,0.2,0.2024498631164998,0.2436004512069876
324.645,0.2,0.20550907445088343,0.30385007557597254
324.65,0.2,0.20803721552023083,0.4889758354343865
324.655,0.2,0.20995906220207158,0.36931545195703586
324.66,0.2,0.2113356188353058,0.25721040058837275
324.665,0.2,0.21230162142541564,0.10459770915285453
324.67,0.2,0.2129851631089891,0.09691049524171216
324.675,0.2,0.21345000983497772,-0.09992456791635404
324.68,0.2,0.21367525256952424,0.1962908800288837
324.685,0.2,0.21359293667012494,0.567238274913068
324.69,0.2,0.2131853244698428,0.4877410796530336
324.695,0.2,0.21255942537153444,0.39491878424260723
324.7,0.2,0.21192136864137068,0.14661294474942044
324.705,0.2,0.21148281210484315,0.1326019741583251
324.71,0.2,0.2113740673063034,-0.1090264584100154
324.715,0.2,0.21159199681542432,-0.1661523206265982
324.72,0.2,0.21198703827493354,0.04002405232685202
324.725,0.2,0.21231361215312483,0.3120952155081983
324.73,0.2,0.21234389341352258,0.5403950378025952
324.735,0.2,0.21198219452320954,0.5328973559622822
324.74,0.2,0.21130171334545086,0.197735026213215
324.745,0.2,0.21047359111671232,0.010792695674330544
324.75,0.2,0.20964438623143825,0.011444280890571229
324.755,0.2,0.2088572460871512,-0.01862677378019597
324.76,0.2,0.20805337341114138,0.19973067204057188
324.765,0.2,0.20713314224810697,0.4083995059204328
324.77,0.2,0.206045088377624,0.540475182351799
324.775,0.2,0.2048548279513985,0.47616885243383483
324.78,0.2,0.20373842782798005,0.030612058997674052
324.785,0.2,0.20288842113477018,0.01142970808990413
324.79,0.2,0.2024010593349844,-0.09155063495824411
324.795,0.2,0.20223012236432159,0.04770081677054173
324.8,0.2,0.2022202850971898,0.1421713997373938
324.805,0.2,0.20218662266400997,0.44495644585671545
324.81,0.2,0.20201004618676097,0.5575422652463782
324.815,0.2,0.2017058955037551,0.39308906252949477
324.82,0.2,0.20141082903118784,0.09544522802081125
324.825,0.2,0.2012882156341965,0.08160715027990917
324.83,0.2,0.2014226148887854,-0.24073273698519407
324.835,0.2,0.20175979627170462,-0.04133687743897747
324.84,0.2,0.20210749060411354,-0.08181258458143723
324.845,0.2,0.2022035923209054,0.489324514766434
324.85,0.2,0.20183815458648852,0.5177903375183587
324.855,0.2,0.200965331078288,0.5279141896110001
324.86,0.2,0.19973091936715656,0.48849626967440374
324.865,0.2,0.1984025534970387,-0.07359298895124844
324.87,0.2,0.1972334255853704,-0.1938434119156366
324.875,0.2,0.19633407028489366,0.09480187656254416
324.88,0.2,0.1956530794245869,0.07610591721354637
324.885,0.2,0.19506423868026518,0.4411942149568567
324.89,0.2,0.19447892907325617,0.6008826950707206
324.895,0.2,0.1939301605409364,0.4605034496379016
324.9,0.2,0.19357467365394007,0.07058294268748597
324.905,0.2,0.1935838626034183,-0.3196685321526415
324.91,0.2,0.19399356049208236,-0.2201144642834913
324.915,0.2,0.19463555014842307,-0.05048267711364103
324.92,0.2,0.19519769297072506,0.06656425963484286
324.925,0.2,0.19535100311538128,0.42767895793086413
324.93,0.2,0.19487418159561906,0.5237056450501211
324.935,0.2,0.19373416853839184,0.45010285398768923
324.94,0.2,0.1920783327756014,0.13489598662575664
324.945,0.2,0.19013915437437653,0.1385331833758631
324.95,0.2,0.1881229380660694,-0.04886633562642898
324.955,0.2,0.18613767558760433,-0.20061113249428728
324.96,0.2,0.18416277643830803,0.0025086085471199837
324.965,0.2,0.1820807056622548,0.40030775885842623
324.97,0.2,0.17979018120466406,0.6580347680016473
324.975,0.2,0.1773316257135366,0.471443991768023
324.98,0.2,0.1749127077792919,0.22617194171291408
324.985,0.2,0.17281340252931637,0.06627905390112739
324.99,0.2,0.17125571109587268,-0.09576691480833
324.995,0.2,0.1703210594422455,-0.01805873267523892
325.0,0.2,0.16995253874398894,0.3934364020794756
325.005,0.2,0.17004291001304309,0.4311925455917359
325.01,0.2,0.17054336325963465,0.4939295910328222
325.015,0.2,0.1715050163508926,0.26033473449604283
325.02,0.2,0.17303612562974144,0.20083821165904756
325.025,0.2,0.1752178085175424,-0.1379331980074846
325.03,0.2,0.17802560133252074,0.008012091885897563
325.035,0.2,0.18130509293987374,0.1598195647243776
325.04,0.2,0.18482608449497992,0.27245441295550255
325.045,0.2,0.18837958696725432,0.5913124071276723
325.05,0.2,0.19186801504585074,0.6331826011300341
325.055,0.2,0.1953532092151921,0.5258078335693316
325.06,0.2,0.19902600689299682,0.245340139627244
325.065,0.2,0.20310002207366473,0.01896778023581435
325.07,0.2,0.20769127570533427,-0.0029268288160907707
325.075,0.2,0.2127523538999345,-0.04442664878199201
325.08,0.2,0.21808613246457798,0.21482196281692276
325.085,0.2,0.2234279437531015,0.49943252559532647
325.09,0.2,0.22856145783465626,0.5112262388520582
325.095,0.2,0.23339551687479734,0.32206498579658555
325.1,0.2,0.23794763013884684,0.2451814454179062
325.105,0.2,0.24226206793293717,-0.0549041731462106
325.11,0.2,0.24631450365261515,-0.31047008248259467
325.115,0.2,0.2499409302236866,-0.05762448486856476
325.12,0.2,0.2528486554897427,0.1973295658369584
325.125,0.2,0.254726902587488,0.393366643238023
325.13,0.2,0.25538647648934554,0.7261329209605226
325.135,0.2,0.25485011098447286,0.46267531265465656
325.14,0.2,0.2533394125835123,0.08921026880837377
325.145,0.2,0.25115001561111977,-0.020832978383258986
325.15,0.2,0.24850023142660613,-0.25468032013146047
325.155,0.2,0.24545673079913494,0.1819437694605292
325.16,0.2,0.24197390961134027,0.2682003193457967
325.165,0.2,0.23800937900045918,0.5744399803688676
325.17,0.2,0.23362297198611684,0.25145795311313784
325.175,0.2,0.22899611379216941,0.5960455733319862
325.18,0.2,0.2243924256189637,0.13824267552384656
325.185,0.2,0.22009190332563405,0.14774962016442109
325.19,0.2,0.21630444284071756,-0.20107562850885652
325.195,0.2,0.2130944613602106,-0.04129807787216696
325.2,0.2,0.21037437462119118,0.2809538600442237
325.205,0.2,0.20798886545880002,0.373496733745512
325.21,0.2,0.20583286121784897,0.5477532949070403
325.215,0.2,0.20392302175045116,0.4813555528911114
325.22,0.2,0.2023901653045617,0.14525680448507158
325.225,0.2,0.2013944319366849,-0.04409214881391825
325.23,0.2,0.20100748215761954,-0.18218795833293777
325.235,0.2,0.20114757872278993,0.17932877369333916
325.24,0.2,0.20161806449200795,0.1960702353738085
325.245,0.2,0.20220823906345634,0.3721755552736652
325.25,0.2,0.2027795015180077,0.466435074499513
325.255,0.2,0.20330756680379808,0.44957620785349783
325.26,0.2,0.20387403389458636,0.1407084012575766
325.265,0.2,0.20459817104819997,0.07114798983699133
325.27,0.2,0.2055433710917516,-0.11332958427127887
325.275,0.2,0.20666451280747225,0.2086549624477431
325.28,0.2,0.20782385884996596,-0.07898464412536774
325.285,0.2,0.20884464709974004,0.40515693206123243
325.29,0.2,0.209578942823654,0.4560947713204909
325.295,0.2,0.20998051949227198,0.45257259678142975
325.3,0.2,0.21013188071810013,0.3015059304054637
325.305,0.2,0.21018687075490883,-0.09785258825039947
325.31,0.2,0.210262288783386,-0.034021473889497236
325.315,0.2,0.21036097609091925,0.10214743820506184
325.32,0.2,0.21038763510344352,0.21335375602117101
325.325,0.2,0.21022942210613638,0.4009785547318583
325.33,0.2,0.2098421420630494,0.661262808583677
325.335,0.2,0.2093120384174373,0.47659460655664865
325.34,0.2,0.2088464671077758,0.035678088887554193
325.345,0.2,0.20866252170184896,-0.14019295078519228
325.35,0.2,0.20885302244031784,0.02128331335606093
325.355,0.2,0.20934428959170764,-0.023795703812486496
325.36,0.2,0.2099531305392599,0.289860985094767
325.365,0.2,0.21048134670004162,0.3376357921977287
325.37,0.2,0.2107995330788021,0.3801534221210274
325.375,0.2,0.2108851921893871,0.3595640322426595
325.38,0.2,0.2108060020758024,0.19623945547486443
325.385,0.2,0.21066170187933292,-0.03396666904206502
325.39,0.2,0.21051091807093278,0.09901764366332189
325.395,0.2,0.21032693086691717,-0.11935571815839174
325.4,0.2,0.21000568275690554,0.3092633567745225
325.405,0.2,0.2094242300806222,0.3842793338744873
325.41,0.2,0.20853073808697428,0.6001484532261377
325.415,0.2,0.20740962759721296,0.4429799059810945
325.42,0.2,0.20627015372671825,0.25284270107126877
325.425,0.2,0.20536154742131468,0.060574167641052376
325.43,0.2,0.2048657078951786,-0.059032651381748014
325.435,0.2,0.20482715387031863,-0.004503935621407123
325.44,0.2,0.20515340089354694,0.19045762058967608
325.445,0.2,0.20568249068742905,0.34182908738226975
325.45,0.2,0.20628079537956942,0.571676332273346
325.455,0.2,0.20691675233032616,0.32454124182630895
325.46,0.2,0.20766795894494525,0.41561257157956955
325.465,0.2,0.2086542224040597,-0.3000313845358332
325.47,0.2,0.2099213279257771,-0.1669203752238806
325.475,0.2,0.21134950402448863,-0.06569167869474865
325.48,0.2,0.21267652265075224,0.26968585386234933
325.485,0.2,0.21361971592910403,0.32370319256991065
325.49,0.2,0.21399107909870654,0.3527571942989758
325.495,0.2,0.2137363491388163,0.21397048624676412
325.5,0.2,0.2129062189002122,0.2913753556606588
325.505,0.2,0.21160267246407863,0.007105109674685098
325.51,0.2,0.20991899752924723,-0.08802860452198547
325.515,0.2,0.2078840985437444,0.023090246342410796
325.52,0.2,0.20544529486703797,-0.096201410554419
325.525,0.2,0.20250345519604385,0.3742353802357027
325.53,0.2,0.19899274283114016,0.5317227957068914
325.535,0.2,0.19497412379188378,0.4625610011909244
325.54,0.2,0.19066223801005058,0.19561970247367347
325.545,0.2,0.18634510908809632,-0.030205934660550646
325.55,0.2,0.18225865672747923,-0.10276883709573365
325.555,0.2,0.17850254020375927,-0.0937397123106025
325.56,0.2,0.17504086604345392,0.2581719459158396
325.565,0.2,0.17178255816624916,0.3663611860915834
325.57,0.2,0.16868588989569236,0.41869342176283353
325.575,0.2,0.16581177349324103,0.2857838210727004
325.58,0.2,0.16330150112985817,0.24970350748803963
325.585,0.2,0.16131151532062135,-0.002467510760692916
325.59,0.2,0.15993112611939606,-0.34509544228606137
325.595,0.2,0.15910301621662584,-0.13739750071885723
325.6,0.2,0.1586100682398246,0.13431820568283226
325.605,0.2,0.1581742686693697,0.4903151717085963
325.61,0.2,0.15760539129690893,0.4795127493663671
325.615,0.2,0.1568906275240354,0.47036208461713686
325.62,0.2,0.15617645731688304,0.1351331741647392
325.625,0.2,0.15566872306174268,0.031128998873467033
325.63,0.2,0.1555156101708315,-0.12807639711449806
325.635,0.2,0.15574006901372073,0.09190821732985444
325.64,0.2,0.15625245249360445,0.1176037452403589
325.645,0.2,0.15692425036723928,0.47502869551591603
325.65,0.2,0.15768498863074568,0.6362960603425275
325.655,0.2,0.15859428422312627,0.3443220579777359
325.66,0.2,0.15982626040148984,0.16932530596919138
325.665,0.2,0.16155957925506542,-0.20385970901242123
325.67,0.2,0.16385160723426762,-0.10916499534563623
325.675,0.2,0.1665830763826455,-0.041346564457553886
325.68,0.2,0.16950349698322936,0.24054173069296214
325.685,0.2,0.17234425034323972,0.4780404487743382
325.69,0.2,0.1749406939486658,0.6507488432472839
325.695,0.2,0.17730333543498922,0.3776541202574117
325.7,0.2,0.17959369741764705,0.32002471889605055
325.705,0.2,0.18202486391413908,0.06078949830030106
325.71,0.2,0.1847481661947702,-0.19066465515616687
325.715,0.2,0.18777171724633276,0.03147681903314619
325.72,0.2,0.1909569010603812,0.2290621899062901
325.725,0.2,0.19410798907779828,0.45980854610466215
325.73,0.2,0.19709145778004564,0.5523895460744013
325.735,0.2,0.19990685828717816,0.4529243283025588
325.74,0.2,0.20267244793124176,0.1524741105771894
325.745,0.2,0.205536471542654,0.0683322410536819
325.75,0.2,0.2085753744699613,-0.04320935896926123
325.755,0.2,0.21174217112502136,0.03303700375359471
325.76,0.2,0.21488402781766588,0.25052199598827374
325.765,0.2,0.21781525264197873,0.37422106267670646
325.77,0.2,0.22040423948210533,0.4178754668591507
325.775,0.2,0.22262372676905975,0.42941888278529683
325.78,0.2,0.22454669614337713,0.2899325906104864
325.785,0.2,0.22629034947488294,-0.12314122507588736
325.79,0.2,0.22791767269578353,-0.17087738911129613
325.795,0.2,0.22935463410735316,-0.06251733738208076
325.8,0.2,0.23040230908484072,0.3137775405624347
325.805,0.2,0.23084904139123355,0.5114196932185426
325.81,0.2,0.23060495825003613,0.6629188740082155
325.815,0.2,0.22977513334209898,0.5500177807982758
325.82,0.2,0.22862856427221953,0.09473827466917001
325.825,0.2,0.2274696507428351,-0.09408328069739433
325.83,0.2,0.22648525932310282,-0.20922594356377802
325.835,0.2,0.22566910717183838,0.046340658209468595
325.84,0.2,0.22486120672837417,0.12044740559239218
325.845,0.2,0.22385468099974415,0.3575737730196625
325.85,0.2,0.22250448189834882,0.5356986772859788
325.855,0.2,0.22079932384067497,0.4090120104895552
325.86,0.2,0.2188637365936468,0.19370705882512834
325.865,0.2,0.21687651480806666,-0.10947201312993207
325.87,0.2,0.21495259924532112,-0.14483994786681098
325.875,0.2,0.2130697886636624,-0.007153188600372483
325.88,0.2,0.2110903578635918,0.22889096284502167
325.885,0.2,0.2088567858956957,0.3791514296385723
325.89,0.2,0.20629544042991674,0.5251610984182475
325.895,0.2,0.2034696544010538,0.28573342708112814
325.9,0.2,0.20055576244113882,0.2612168663567315
325.905,0.2,0.19776388232770103,0.04283442092036141
325.91,0.2,0.19524686862155496,-0.25206891274181725
325.915,0.2,0.19302740240744248,-0.030057009741930756
325.92,0.2,0.1909894790113352,0.15857137310966304
325.925,0.2,0.1889635482566643,0.47077777601665066
325.93,0.2,0.18684831001036575,0.43615486839932727
325.935,0.2,0.18468064476544002,0.43284927824318975
325.94,0.2,0.1826212522281256,0.2761908443141835
325.945,0.2,0.1808777315490489,-0.04932042445058043
325.95,0.2,0.17960247270257917,-0.03941163361107449
325.955,0.2,0.17882267682581454,0.08171797775322576
325.96,0.2,0.17845215146542032,0.1913428359749896
325.965,0.2,0.178372879979923,0.6168038388046196
325.97,0.2,0.1785393975053633,0.5866447324016352
325.975,0.2,0.1790469431061101,0.5286240874589397
325.98,0.2,0.1801067033438527,0.14689825880015486
325.985,0.2,0.18192516345778073,-0.30016206354034686
325.99,0.2,0.18454813933866066,-0.35479221945593026
325.995,0.2,0.18777691106401473,0.05121779547008139
326.0,0.2,0.19123183391706125,0.11280669750732117
326.005,0.2,0.19450943152697175,0.4950549239603993
326.01,0.2,0.19732752454607883,0.5847157831508001
326.015,0.2,0.199597903442591,0.25849309077602955
326.02,0.2,0.20139305314235248,0.1782163601620107
326.025,0.2,0.20283979102810945,0.10533609776387776
326.03,0.2,0.20402123365077113,-0.2583517659409136
326.035,0.2,0.20491791851659952,0.05038805761958669
326.04,0.2,0.20540627164452957,0.11651164861722008
326.045,0.2,0.205335582273203,0.517014172151937
326.05,0.2,0.2046404343287976,0.4991626396152013
326.055,0.2,0.20340420349490848,0.24398569022642505
326.06,0.2,0.20181999857923064,0.07701769847248437
326.065,0.2,0.2000814836020602,-0.07486098380370154
326.07,0.2,0.1982872152909904,-0.14677376018965527
326.075,0.2,0.19640715483876503,0.03960724726595647
326.08,0.2,0.1943214873088143,0.24150241465644953
326.085,0.2,0.1919120195390075,0.37855648488406973
326.09,0.2,0.18915481285211766,0.5629176229489394
326.095,0.2,0.18616929881466004,0.417500432469878
326.1,0.2,0.18320276901889213,0.33665615375395114
326.105,0.2,0.18054838598005457,-0.11559854132633292
326.11,0.2,0.17842781100764887,-0.04136551921811493
326.115,0.2,0.17690991075249823,0.030788849788012038
326.12,0.2,0.17591974766507576,0.09556642612266193
326.125,0.2,0.17531512039990407,0.4177449167661085
326.13,0.2,0.17498208753465244,0.5005245076490832
326.135,0.2,0.1749121681924517,0.5066785390218808
326.14,0.2,0.17522029360557473,0.3911183689438896
326.145,0.2,0.17609213963778597,0.14685050087124224
326.15,0.2,0.1776880701606415,-0.060970360523403794
326.155,0.2,0.18004899463307994,-0.054816919239028414
326.16,0.2,0.18306340519167366,0.2301590010163648
326.165,0.2,0.1865278284996929,0.3992439268963285
326.17,0.2,0.19025779018186387,0.5008245922026432
326.175,0.2,0.19417113335607558,0.5482668555776626
326.18,0.2,0.19830717208016402,0.442070543236499
326.185,0.2,0.20278088478385256,0.0543733257518194
326.19,0.2,0.20767982255383452,-0.13784930222596314
326.195,0.2,0.21295680882868492,-0.029485301816942144
326.2,0.2,0.21840355209196038,0.12998909900536443
326.205,0.2,0.2237260580783236,0.37077999265468836
326.21,0.2,0.22865673686194712,0.31633680577666823
326.215,0.2,0.23302290147125407,0.24514756842866095
326.22,0.2,0.23674558452686878,0.2895517588673787
326.225,0.2,0.239801497312496,0.043988684041463916
326.23,0.2,0.24217458172556233,-0.017225380382966893
326.235,0.2,0.2438082673324178,-0.02161376499172403
326.24,0.2,0.24459478534139104,0.24587137238093032
326.245,0.2,0.24443191856352864,0.533965747304848
326.25,0.2,0.24331826197221448,0.5125344923262852
326.255,0.2,0.241410740208685,0.4747785488527304
326.26,0.2,0.23899666358665747,0.24570464173539705
326.265,0.2,0.23639876848469996,-0.014533436227167712
326.27,0.2,0.2338559166903902,-0.27963534691168734
326.275,0.2,0.2314346363573216,0.029669680212519152
326.28,0.2,0.2290330660213396,0.05028527887078185
326.285,0.2,0.2264734681989202,0.33223780568130534
326.29,0.2,0.22361570766670016,0.472587261713325
326.295,0.2,0.22043581618942187,0.3366569805305415
326.3,0.2,0.21703424174451919,0.2259269488943359
326.305,0.2,0.2135734411653722,0.08464934858090264
326.31,0.2,0.2101890853386642,-0.18824390974677996
326.315,0.2,0.2069186333911917,0.0015956452306908498
326.32,0.2,0.2036912861342408,0.2284006903708945
326.325,0.2,0.20040148724632037,0.4118844718821626
326.33,0.2,0.19701337246576062,0.5114770197539925
326.335,0.2,0.1936241542292358,0.5426181131149094
326.34,0.2,0.1904523244835432,0.06538019049847771
326.345,0.2,0.187748629083551,0.12209714627413223
326.35,0.2,0.18568684744434275,-0.018683073653116486
326.355,0.2,0.18430927698989932,-0.004720768974206903
326.36,0.2,0.18353750789200166,0.19777165823853154
326.365,0.2,0.1832337168857349,0.44617748580992606
326.37,0.2,0.1832898648243076,0.36221648696476655
326.375,0.2,0.18368067399131255,0.26688109056344056
326.38,0.2,0.1844391783331371,0.10320385289556445
326.385,0.2,0.18558291747828673,-0.14359234121011574
326.39,0.2,0.18703616833681733,-0.2147061809543963
326.395,0.2,0.18858507797796223,-0.19874745219758
326.4,0.2,0.1899004570661253,0.158373856093382
326.405,0.2,0.190634573182025,0.29769846729102656
326.41,0.2,0.19054528566095974,0.521981092893932
326.415,0.2,0.18957604328554073,0.33372099028115376
326.42,0.2,0.1878440205832607,0.0961192158986579
326.425,0.2,0.18553475747381454,-0.33341857923610024
326.43,0.2,0.18276560344119616,-0.08984539224077387
326.435,0.2,0.179521731720731,-0.04712749350999741
326.44,0.2,0.17569921685099402,0.028192514589949674
326.445,0.2,0.17119394153222467,0.38895026952627004
326.45,0.2,0.16598612954186945,0.3244057225407318
326.455,0.2,0.16019651179515138,0.4819842526854488
326.46,0.2,0.15408219643019477,0.11735977307423823
326.465,0.2,0.1479635520236127,0.014327375957396499
326.47,0.2,0.14211387374992202,-0.2336690274724006
326.475,0.2,0.13666994990199058,-0.15123931727682724
326.48,0.2,0.1316147367684209,0.05532111598483545
326.485,0.2,0.126844506382255,0.30024320172566127
326.49,0.2,0.12228066837195631,0.42298267634007536
326.495,0.2,0.11795452224136449,0.3530484433376757
326.5,0.2,0.11401321925366972,0.14160084490584451
326.505,0.2,0.1106469978648384,-0.06933604669571553
326.51,0.2,0.10798959971943015,-0.03751552601812194
326.515,0.2,0.1060570333141879,-0.1405530578394153
326.52,0.2,0.10474767086332358,0.05223952233541378
326.525,0.2,0.1038981747024233,0.42745282270154605
326.53,0.2,0.10338483486075431,0.48987692566336394
326.535,0.2,0.10320898233790346,0.300815216015629
326.54,0.2,0.10348244092835555,-0.043758945507577474
326.545,0.2,0.10431388099990262,-0.25289289257228137
326.55,0.2,0.10568464942634131,-0.28532254112192423
326.555,0.2,0.10740366660222736,-0.0329833620732396
326.56,0.2,0.10916022251516802,-0.11964803579329222
326.565,0.2,0.11062251514872651,0.3068417472591572
326.57,0.2,0.11153842622663555,0.40215116605777546
326.575,0.2,0.11181644359393876,0.3601552501810745
326.58,0.2,0.11153946876594448,0.16638388523955308
326.585,0.2,0.110887644262618,-0.173727999438955
326.59,0.2,0.11001433107026311,-0.2284092985101617
326.595,0.2,0.10895485220089073,-0.1123353629832188
326.6,0.2,0.1076247117245337,-0.014615686909556065
326.605,0.2,0.10589258134851832,0.23614865651692088
326.61,0.2,0.10367301400704433,0.2986076110079144
326.615,0.2,0.100989538714722,0.21699987293136158
326.62,0.2,0.09797077570680848,0.009320639795712612
326.625,0.2,0.09478171708603074,-0.1015017050601944
326.63,0.2,0.09153595097990516,-0.31596461659449526
326.635,0.2,0.08825119492333006,0.3113748992299077
326.64,0.2,0.08489105113831058,0.016766798526467966
326.645,0.2,0.08144659865791945,0.2796478529969436
326.65,0.2,0.07798552281495144,0.47526798304897794
326.655,0.2,0.07467402046921955,0.2754592133774935
326.66,0.2,0.0717635381677298,0.11227051997553496
326.665,0.2,0.06951046758072997,-0.1559491298616176
326.67,0.2,0.06806954746776975,-0.1979538179003844
326.675,0.2,0.06742673821928623,-0.31186180980504263
326.68,0.2,0.06740497387456393,0.15504252776250807
326.685,0.2,0.06775262866720576,0.26677017600440756
326.69,0.2,0.06826788094630197,0.26719093308017366
326.695,0.2,0.06886718948951095,0.20098836510205223
326.7,0.2,0.06956668386489151,0.08648812742419067
326.705,0.2,0.07041649483786735,-0.1289280358793839
326.71,0.2,0.07142166293225219,-0.3255104128714878
326.715,0.2,0.07247649417962407,-0.24489925413572655
326.72,0.2,0.07335811116546949,-0.003243964142782295
326.725,0.2,0.0738056541557039,0.3267013093842808
326.73,0.2,0.07363820035544102,0.15234392870707153
326.735,0.2,0.0728176084280353,0.1643948276293209
326.74,0.2,0.071427439673374,0.2108854167652205
326.745,0.2,0.06961220518814865,-0.3024216864979023
326.75,0.2,0.06749711813675019,-0.14788140092581406
326.755,0.2,0.06511843996668473,-0.17033793408943557
326.76,0.2,0.0624229598621297,-0.005674525457794264
326.765,0.2,0.05933133522414821,0.1950979950063455
326.77,0.2,0.05582229473266753,0.439476374515071
326.775,0.2,0.052006771702458,0.4160903751153774
326.78,0.2,0.04813719308832837,-0.10768898590142593
326.785,0.2,0.04451281394613022,-0.10489419684342127
326.79,0.2,0.041350722703385585,-0.12267827202431758
326.795,0.2,0.03872828791382686,-0.16217070618595622
326.8,0.2,0.03660337880131198,0.008848249851627491
326.805,0.2,0.03486919454310453,0.09869044061485518
326.81,0.2,0.03342286995667412,0.23512770710457956
326.815,0.2,0.03222796732934331,0.38339191784423804
326.82,0.2,0.031339103504761386,-0.0858971970693569
326.825,0.2,0.030851054989297563,-0.20510162948659091
326.83,0.2,0.030797790032215284,-0.15155127004973973
326.835,0.2,0.03110123561731912,-0.03930016030316891
326.84,0.2,0.03160739161431726,0.015421176855443211
326.845,0.2,0.03215561725456198,0.16529126916061665
326.85,0.2,0.03264123353692402,0.35240776863319007
326.855,0.2,0.03305800214275975,0.11147856532418335
326.86,0.2,0.033484926074881766,-0.08580177850548962
326.865,0.2,0.034004259128551435,-0.28082944151369493
326.87,0.2,0.034609916608320655,-0.23479060495092807
326.875,0.2,0.03517237499918207,-0.27670243972494485
326.88,0.2,0.03546597650423511,-0.136636355421544
326.885,0.2,0.035236962297184996,0.1744332709127806
326.89,0.2,0.03429529412886761,0.18560232429128792
326.895,0.2,0.03258525206577261,0.11521265863188883
326.9,0.2,0.03018554924484821,0.06297537312400461
326.905,0.2,0.02724667052583765,-0.2639843067279045
326.91,0.2,0.023900333942007943,-0.3649489975870329
326.915,0.2,0.020183076103429853,-0.24984143952478138
326.92,0.2,0.016031327227121354,-0.0048974309109775915
326.925,0.2,0.011362077937773506,0.2507377045314552
326.93,0.2,0.006180692667464787,0.2640574998832234
326.935,0.2,0.0006412768713227555,0.268261298501699
326.94,0.2,-0.004977952254741239,-0.137288641920084
326.945,0.2,-0.010378009966663769,-0.3496792411503663
326.95,0.2,-0.015365658171038469,-0.33259166134692625
326.955,0.2,-0.01991886991930383,-0.3198536639570074
326.96,0.2,-0.024159200078493738,-0.09929196397597043
326.965,0.2,-0.028264255751542375,0.09654037169127239
326.97,0.2,-0.03236568492545228,0.1813087897744368
326.975,0.2,-0.03647779091774683,0.2146299561503034
326.98,0.2,-0.04049984054832784,-0.3374023303442072
326.985,0.2,-0.04430702653886566,-0.36731940680747976
326.99,0.2,-0.04786304140263244,-0.24512145086634335
326.995,0.2,-0.05125450423556804,-0.3550141950408336
327.0,0.2,-0.05464596517471214,-0.055991625768906955
327.005,0.2,-0.05820560871968138,0.08951744251257127
327.01,0.2,-0.06202167757812493,0.21812421322777983
327.015,0.2,-0.06604363541320903,0.18165475084331545
327.02,0.2,-0.0700922941929386,-0.16290930822433863
327.025,0.2,-0.07394598801377515,-0.2952043059756779
327.03,0.2,-0.07745745742384919,-0.5166722716506841
327.035,0.2,-0.08062652545337914,-0.2158641977280357
327.04,0.2,-0.08358347324275271,-0.2358904619048052
327.045,0.2,-0.08650850329463143,-0.0370475456899093
327.05,0.2,-0.08954621484311052,0.09153853623909268
327.055,0.2,-0.09274528596026232,0.10085084674645742
327.06,0.2,-0.09604133421954147,-0.09257868535156555
327.065,0.2,-0.09930803261063674,-0.4475969468465899
327.07,0.2,-0.10245742908668247,-0.3580886013818777
327.075,0.2,-0.10550926412820678,-0.2926840418642248
327.08,0.2,-0.10857432810474878,-0.17236433816013563
327.085,0.2,-0.11178060498727346,0.050158253852085555
327.09,0.2,-0.1151957315557749,0.030964355019525908
327.095,0.2,-0.11877813601894996,0.1935663988796224
327.1,0.2,-0.12237378780201053,-0.08256412673198762
327.105,0.2,-0.12576906207657906,-0.3189626196489745
327.11,0.2,-0.12878791404697576,-0.37555703811636476
327.115,0.2,-0.13136980371909524,-0.2768892674326041
327.12,0.2,-0.13357262981575255,-0.25650003522237586
327.125,0.2,-0.13551281768176485,0.11186739977630199
327.13,0.2,-0.13727601777582268,0.1976345330444666
327.135,0.2,-0.13884392640044552,-0.02350581800331128
327.14,0.2,-0.14009954566984648,-0.13264677998978708
327.145,0.2,-0.14091434539085065,-0.5049537648169917
327.15,0.2,-0.14125463785291806,-0.4785238550326733
327.155,0.2,-0.14123927993098653,-0.3798509422833007
327.16,0.2,-0.14111092258502062,-0.21818709599785083
327.165,0.2,-0.14114171709034742,0.018281422074895665
327.17,0.2,-0.1415265069966085,0.17582189985869504
327.175,0.2,-0.1423132421155863,-0.056794026884399565
327.18,0.2,-0.1434196720802828,-0.34154266346420603
327.185,0.2,-0.14473757190189593,-0.5317680646254146
327.19,0.2,-0.14624843394745013,-0.5614608495339259
327.195,0.2,-0.14806861021304746,-0.3764573191352244
327.2,0.2,-0.15040079799249853,-0.14280567231824434
327.205,0.2,-0.15343020003386768,-0.07258324417941679
327.21,0.2,-0.15722458433442002,0.3144894520850182
327.215,0.2,-0.16166859919594687,0.20210898580170786
327.22,0.2,-0.16646226855300084,-0.15511130398262182
327.225,0.2,-0.17122239648658566,-0.46493409967694344
327.23,0.2,-0.1756439781534709,-0.5598333477136626
327.235,0.2,-0.17960623747416798,-0.36973451840623234
327.24,0.2,-0.18315563917428573,-0.10529624818205004
327.245,0.2,-0.1863964656007318,0.03406908035175926
327.25,0.2,-0.18937699436762415,0.05263812653104069
327.255,0.2,-0.19202969699453012,0.32965404505126494
327.26,0.2,-0.1941638266526183,-0.045340169342009795
327.265,0.2,-0.19551996021444254,-0.34578184223128067
327.27,0.2,-0.19589571135130743,-0.5919554674846954
327.275,0.2,-0.19526965402133611,-0.5041946192167895
327.28,0.2,-0.19382282884580898,-0.13732683517948285
327.285,0.2,-0.19183700213374255,0.07798765684969902
327.29,0.2,-0.1895481278373885,0.09518108274124479
327.295,0.2,-0.18705927904971645,0.0821355542596247
327.3,0.2,-0.18435228872421755,-0.26081272919616455
327.305,0.2,-0.18137205327577127,-0.35007392952491956
327.31,0.2,-0.17812930714090283,-0.5613347518702878
327.315,0.2,-0.1747631165647055,-0.4115335941543004
327.32,0.2,-0.17152924495386024,-0.25970743017483555
327.325,0.2,-0.1687176213202954,0.03827012477825595
327.33,0.2,-0.1665368189380829,0.21340077317950423
327.335,0.2,-0.1650253217136613,0.12958891442259654
327.34,0.2,-0.16405037537990458,-0.28101413080194604
327.345,0.2,-0.16340482776512424,-0.22918669477679704
327.35,0.2,-0.16292781276646798,-0.5144549880928374
327.355,0.2,-0.16256943281143219,-0.227828144276005
327.36,0.2,-0.16237597109632423,-0.10321705177353381
327.365,0.2,-0.16241471065732513,0.0025711152201060017
327.37,0.2,-0.16269477787968015,0.07934407230657056
327.375,0.2,-0.16313499809567814,-0.07490650658737588
327.38,0.2,-0.163590019047055,-0.20660525002351263
327.385,0.2,-0.1639217816667582,-0.47137924505626366
327.39,0.2,-0.1640799342193584,-0.4220665906001333
327.395,0.2,-0.16413450220445683,-0.19603260144039905
327.4,0.2,-0.16422587755523113,-0.023578053751212247
327.405,0.2,-0.16446519581502034,0.12522972771662777
327.41,0.2,-0.1648573245186255,0.05073934957633898
327.415,0.2,-0.16528706664314158,0.07346642143719706
327.42,0.2,-0.16556543582288008,-0.3009707888569746
327.425,0.2,-0.1655154951360269,-0.3158063992329175
327.43,0.2,-0.16506140055291507,-0.5558459923742252
327.435,0.2,-0.16427226699298192,-0.2604863220577742
327.44,0.2,-0.16332887055595555,-0.11324664533584308
327.445,0.2,-0.16243021713769423,-0.03547401833813818
327.45,0.2,-0.1617118025584243,-0.16218987338682414
327.455,0.2,-0.1612233600542611,0.07582799017923189
327.46,0.2,-0.16093852275094747,-0.11146469593829561
327.465,0.2,-0.16078038977021725,-0.3502094462837904
327.47,0.2,-0.16068208413445717,-0.3593727892987
327.475,0.2,-0.1606557455716984,-0.5700329616759416
327.48,0.2,-0.1608204965864925,-0.32055543763376393
327.485,0.2,-0.1613636164908161,0.011571771023972693
327.49,0.2,-0.1624337094775655,0.22989936489202167
327.495,0.2,-0.16403299917435063,-0.01619824231992653
327.5,0.2,-0.1660015547557418,0.0019449570564947505
327.505,0.2,-0.16809558566675348,-0.34756807654086935
327.51,0.2,-0.1701002262255471,-0.555787067314383
327.515,0.2,-0.1719261677293866,-0.42048065871005075
327.52,0.2,-0.17363555964143387,-0.3148965417535593
327.525,0.2,-0.17537359158707772,0.06208474249411396
327.53,0.2,-0.17724930637067018,0.17022413922227958
327.535,0.2,-0.17924043075895943,0.06336291441180725
327.54,0.2,-0.18118640571529063,-0.14619620601944333
327.545,0.2,-0.18287119263621168,-0.32120551292525135
327.55,0.2,-0.18412826937027746,-0.3194678391179058
327.555,0.2,-0.18489884195853512,-0.295826737522185
327.56,0.2,-0.18522479650087137,-0.1963072923576476
327.565,0.2,-0.1852002161669164,-0.08360669567875864
327.57,0.2,-0.18491438895676549,-0.07431017657686992
327.575,0.2,-0.18441497302693255,-0.09450290359236119
327.58,0.2,-0.18370813437945427,-0.2129840939471569
327.585,0.2,-0.18279671515444154,-0.49174929173547255
327.59,0.2,-0.18173863042464541,-0.3680887513095305
327.595,0.2,-0.18067733958322335,-0.3324743732225033
327.6,0.2,-0.17980825774641226,-0.1115680091205325
327.605,0.2,-0.17930395205622326,-0.031213285562943255
327.61,0.2,-0.17923696828335903,0.3307666102434934
327.615,0.2,-0.1795240307750069,0.087694892041282
327.62,0.2,-0.17993255288904597,-0.10146464024536755
327.625,0.2,-0.18017406785889029,-0.34788784996707545
327.63,0.2,-0.1800355690624918,-0.5806459064957169
327.635,0.2,-0.17947273269867145,-0.42942506298970395
327.64,0.2,-0.17861593915804422,-0.26819451747697093
327.645,0.2,-0.17768698239310846,-0.04547300295022838
327.65,0.2,-0.176881125158268,0.08510869215173669
327.655,0.2,-0.176283668522104,-0.03676014114995513
327.66,0.2,-0.17586224690043345,-0.17193056210419633
327.665,0.2,-0.17553258725881773,-0.4506732290123076
327.67,0.2,-0.17525071163128741,-0.40169687718267744
327.675,0.2,-0.17506538145032993,-0.2920297312180944
327.68,0.2,-0.1750968913513317,-0.218562256872429
327.685,0.2,-0.1754713283658723,-0.05966387188586622
327.69,0.2,-0.1762503526885861,0.20775427784799444
327.695,0.2,-0.17737441945639087,0.05198563737974633
327.7,0.2,-0.17865705497010897,-0.12804739254780553
327.705,0.2,-0.17985977722311425,-0.40316536803221825
327.71,0.2,-0.1808078285615213,-0.5137923722751241
327.715,0.2,-0.18147245134894954,-0.4539420178123735
327.72,0.2,-0.1819730570163647,-0.2735474455858773
327.725,0.2,-0.1824999869822336,0.022101956979307443
327.73,0.2,-0.18319429237548762,0.3006910598053403
327.735,0.2,-0.18405046938610847,-0.0699896813470726
327.74,0.2,-0.18491251147491328,0.042879773223490736
327.745,0.2,-0.18556068267038273,-0.4394556148945865
327.75,0.2,-0.185828585541337,-0.5431352486153211
327.755,0.2,-0.1856918977869866,-0.2944089739900482
327.76,0.2,-0.18526859229692733,-0.2366657534126894
327.765,0.2,-0.18473633464806144,-0.12080536515558679
327.77,0.2,-0.18424053728676687,0.14359853800867048
327.775,0.2,-0.1838292797072119,0.038705758506691716
327.78,0.2,-0.18343620034033198,-0.16623329765681505
327.785,0.2,-0.1829414012998164,-0.4659191920915659
327.79,0.2,-0.18227896416154088,-0.46386902386290224
327.795,0.2,-0.18151418297020488,-0.6143761022929648
327.8,0.2,-0.18084603387299958,-0.2135041123699441
327.805,0.2,-0.18052487853731652,0.14255128007850354
327.81,0.2,-0.18071669247805514,0.1027374474372319
327.815,0.2,-0.18141120585715265,0.047167910701958804
327.82,0.2,-0.1824457412399999,-0.29383635990240875
327.825,0.2,-0.18361064996542295,-0.2873161178356847
327.83,0.2,-0.18475642893343505,-0.5426275039016892
327.835,0.2,-0.18585315495472807,-0.3948880297483696
327.84,0.2,-0.1869866396783267,-0.2489942050956614
327.845,0.2,-0.18829054827475902,0.014396972567153613
327.85,0.2,-0.18984540709579764,0.1250644041438539
327.855,0.2,-0.1916054455221938,0.030833156795280106
327.86,0.2,-0.19339939505782341,-0.10303308208384407
327.865,0.2,-0.1950073506868769,-0.49578859329720343
327.87,0.2,-0.1962736535821717,-0.46605217215528816
327.875,0.2,-0.1971836510086632,-0.3602034589349268
327.88,0.2,-0.1978482459147964,-0.1787792707282341
327.885,0.2,-0.19841515151055997,0.04060939245386744
327.89,0.2,-0.19896993794003148,0.09997598437728847
327.895,0.2,-0.19947980473207233,0.001073105971078233
327.9,0.2,-0.19981440194849506,-0.3368042879213373
327.905,0.2,-0.19983989964471988,-0.49817261002739627
327.91,0.2,-0.19952569669262496,-0.5124126645628202
327.915,0.2,-0.19898758779212367,-0.37876309916020057
327.92,0.2,-0.19844854886615892,-0.3448582323321321
327.925,0.2,-0.19815768825624103,-0.08072928152514211
327.93,0.2,-0.19830790502982962,-0.08252765792987415
327.935,0.2,-0.19897762420601112,0.02836225586833549
327.94,0.2,-0.2001134347305471,-0.007685427321080629
327.945,0.2,-0.20156311313566733,-0.4441442746356371
327.95,0.2,-0.20317187980675383,-0.7240459486896273
327.955,0.2,-0.2048997872874582,-0.42606452104598297
327.96,0.2,-0.20684593219244043,-0.1447940644055543
327.965,0.2,-0.20914534416825964,0.0073430357674178735
327.97,0.2,-0.21183953349750673,0.14961635605719778
327.975,0.2,-0.2148079452812976,0.2197183376044047
327.98,0.2,-0.21777960604299199,-0.2938840251664327
327.985,0.2,-0.2204319725646483,-0.4076777296192401
327.99,0.2,-0.22253413292519242,-0.6131400322090975
327.995,0.2,-0.22403798085671103,-0.44728060669962755
328.0,0.2,-0.22506160107488565,-0.12396586416571384
328.005,0.2,-0.2257817727434446,0.029459658197497407
328.01,0.2,-0.22630944792712512,0.06733935269050603
328.015,0.2,-0.22663159470989322,-0.08324383541892408
328.02,0.2,-0.2266414256189964,-0.2021261138909105
328.025,0.2,-0.22622101119320875,-0.46129610725215386
328.03,0.2,-0.22532913784356848,-0.4796934591782328
328.035,0.2,-0.22404505785849432,-0.23535245678472497
328.04,0.2,-0.2225318253789988,-0.11902925048999143
328.045,0.2,-0.2209462337837913,0.00365390393677012
328.05,0.2,-0.21936196603712155,0.10090290156271127
328.055,0.2,-0.21773724645697148,0.06998709900309791
328.06,0.2,-0.21593402455937472,-0.24250353306880387
328.065,0.2,-0.21379063011225488,-0.24538342720103
328.07,0.2,-0.21121118515766504,-0.48441053063305256
328.075,0.2,-0.2082214143979264,-0.3768881934502322
328.08,0.2,-0.20496870742279147,-0.2658272785010809
328.085,0.2,-0.20166436268125223,-0.04872804071943432
328.09,0.2,-0.19849461235207988,0.010488273364626849
328.095,0.2,-0.1955531475949313,-0.020638025656195994
328.1,0.2,-0.19283864474171356,-0.3582200832003575
328.105,0.2,-0.19032383906204708,-0.4717390632966896
328.11,0.2,-0.18804688166905711,-0.5243960788836187
328.115,0.2,-0.18615610042202987,-0.4920229207670736
328.12,0.2,-0.18488357778841522,-0.23131322693295317
328.125,0.2,-0.1844667130870223,-0.15356603947770575
328.13,0.2,-0.1850586480426295,0.0036637335753003097
328.135,0.2,-0.18666921491620714,0.052468339062508
328.14,0.2,-0.18915602664602937,-0.12715956246737656
328.145,0.2,-0.1922737197619326,-0.3047570059563251
328.15,0.2,-0.19576532185379023,-0.3799800336740641
328.155,0.2,-0.19944186635245859,-0.38182236838000916
328.16,0.2,-0.20320215571085815,-0.11128283501378447
328.165,0.2,-0.20698355572255123,0.05386153679071677
328.17,0.2,-0.2106816218658299,0.0740133836353149
328.175,0.2,-0.2141058235477098,-0.03054099892105242
328.18,0.2,-0.2170023412007079,-0.05557532219539196
328.185,0.2,-0.2191159372765424,-0.2583693582524133
328.19,0.2,-0.22026169060356,-0.4874084722947361
328.195,0.2,-0.22038512432806567,-0.22519466750773842
328.2,0.2,-0.21956477708736516,-0.18654070514912313
328.205,0.2,-0.21795106320302482,-0.1878747043920088
328.21,0.2,-0.21570064216404888,0.0022743941879626722
328.215,0.2,-0.21294179360474433,-0.2570422394729701
328.22,0.2,-0.20978020960484156,-0.3690322368303457
328.225,0.2,-0.2063412466411459,-0.3020396933125757
328.23,0.2,-0.20280594974544333,-0.5527460909735292
328.235,0.2,-0.19941697211454176,-0.3308038173513114
328.24,0.2,-0.19645002716976717,-0.10808756968174991
328.245,0.2,-0.19413850601899751,0.03030586627755505
328.25,0.2,-0.19258934752627307,0.04093924031428476
328.255,0.2,-0.19175256700482823,0.0068078085927056
328.26,0.2,-0.19145713188480432,-0.21284186494783033
328.265,0.2,-0.1914949262364842,-0.46704226201093507
328.27,0.2,-0.19171947446016638,-0.4175814123595734
328.275,0.2,-0.19210235898078362,-0.3939723218822009
328.28,0.2,-0.19271200024121618,-0.12953051285160483
328.285,0.2,-0.1936324080940185,0.07496409326841177
328.29,0.2,-0.19487050770953623,0.05783845840131257
328.295,0.2,-0.19631593499743635,-0.1769714074340627
328.3,0.2,-0.19778662711097217,-0.2568722079791506
328.305,0.2,-0.19911999445068937,-0.4606243047618867
328.31,0.2,-0.20024792352528298,-0.46971060025056455
328.315,0.2,-0.20122267124028745,-0.3295924095719449
328.32,0.2,-0.20218233000203387,-0.21967916231289628
328.325,0.2,-0.20326695443506246,0.2001724145852361
328.33,0.2,-0.2045202466765242,0.09604381068969811
328.335,0.2,-0.2058350362555314,0.04527765046511613
328.34,0.2,-0.2069871859635911,-0.1875099693764966
328.345,0.2,-0.20773025338432255,-0.2351803129714993
328.35,0.2,-0.20789172415984897,-0.5776731472596135
328.355,0.2,-0.20743842400264934,-0.32974684905983503
328.36,0.2,-0.20647882235813492,-0.19017773324696266
328.365,0.2,-0.20518702818433526,0.002761325280246042
328.37,0.2,-0.2037044569893453,-0.07450561604126704
328.375,0.2,-0.20209058168104263,-0.02287498866512378
328.38,0.2,-0.20032826106135962,-0.028848231594976348
328.385,0.2,-0.19835903299874777,-0.4010108325316995
328.39,0.2,-0.19614852259558763,-0.44906711402264116
328.395,0.2,-0.19375850968795255,-0.4513185476436191
328.4,0.2,-0.1913615785682705,-0.2110315495584394
328.405,0.2,-0.18917134786025036,0.1249418825712738
328.41,0.2,-0.18732533375595592,0.24253857360940914
328.415,0.2,-0.18579829310043872,0.049937585338062966
328.42,0.2,-0.1844193235080342,-0.2637380262170895
328.425,0.2,-0.18298710488604836,-0.43693741170585587
328.43,0.2,-0.18139929626406553,-0.5683438780905514
328.435,0.2,-0.17971770147187102,-0.4328713653797195
328.44,0.2,-0.17813794216967374,-0.05798969080915009
328.445,0.2,-0.17688309601611552,-0.11735059663528949
328.45,0.2,-0.17609010469062303,0.27532236330797216
328.455,0.2,-0.1757432188654092,0.09805029743739936
328.46,0.2,-0.17568229787590783,-0.37791949786929935
328.465,0.2,-0.1757074664509226,-0.45162612609832703
328.47,0.2,-0.1757098372779968,-0.3466688934269171
328.475,0.2,-0.1757141082665237,-0.3560855247704963
328.48,0.2,-0.17583115927354612,-0.15288825613187895
328.485,0.2,-0.1761783688572027,0.1051170898874761
328.49,0.2,-0.17678961230906276,0.29043389875210657
328.495,0.2,-0.17755329016924792,-0.06381300604818801
328.5,0.2,-0.17824155076659645,-0.1782286681492436
328.505,0.2,-0.17861176502081513,-0.1068716596477517
328.51,0.2,-0.1784919313556211,-0.47049540243162835
328.515,0.2,-0.17782667311412012,-0.38454416680291414
328.52,0.2,-0.17668833839969617,-0.0690457261546171
328.525,0.2,-0.17521996222126016,-0.029764296227956663
328.53,0.2,-0.1735343859832032,0.21508006062276783
328.535,0.2,-0.1716485489944633,-0.07233362256697491
328.54,0.2,-0.1694987742121101,-0.2742161978286083
328.545,0.2,-0.16702543967512085,-0.3689249775302463
328.55,0.2,-0.16425981053613478,-0.45297521572793364
328.555,0.2,-0.16136041355551786,-0.5462337516540434
328.56,0.2,-0.1585902850959332,0.017347371163398767
328.565,0.2,-0.15622568584780883,0.013172668759861821
328.57,0.2,-0.1544336915069769,0.2432591589540525
328.575,0.2,-0.15320811618125105,-0.045890501355467114
328.58,0.2,-0.15240315149441944,-0.13338534248484996
328.585,0.2,-0.15182697338161685,-0.24380569744995598
328.59,0.2,-0.15133546783110433,-0.5034192505067527
328.595,0.2,-0.15089016707387143,-0.24610394844860187
328.6,0.2,-0.1505485803999049,0.05696594762755086
328.605,0.2,-0.15038365861164363,-0.1476801915563447
328.61,0.2,-0.1504072247004104,0.17414281104347543
328.615,0.2,-0.15054746088337587,-0.0468043169759475
328.62,0.2,-0.1506641884163785,-0.047275789982397454
328.625,0.2,-0.15060090814721439,-0.4352163375232162
328.63,0.2,-0.15026921264126242,-0.4732715577880872
328.635,0.2,-0.14971368058721832,-0.32626328289013434
328.64,0.2,-0.14909712621757934,-0.12409286783889578
328.645,0.2,-0.14860502513401302,0.19576255329254716
328.65,0.2,-0.14833347732162203,0.08633797283150656
328.655,0.2,-0.14823462555407224,0.10997418808698123
328.66,0.2,-0.1481489933966885,-0.23384414261408026
328.665,0.2,-0.14790335886878828,-0.48172875225259193
328.67,0.2,-0.14742193700935885,-0.4190367245222002
328.675,0.2,-0.1467786818302297,-0.3320143721867234
328.68,0.2,-0.1461532294505613,-0.02902561236234874
328.685,0.2,-0.1457229510953126,0.18139234958550654
328.69,0.2,-0.14555626642508257,0.13983962009910447
328.695,0.2,-0.14556642820410473,0.19384069535651674
328.7,0.2,-0.14554540538083344,-0.1921593666261867
328.705,0.2,-0.14526018552798128,-0.34995578008689626
328.71,0.2,-0.1445703155027741,-0.5151718768436668
328.715,0.2,-0.14350065969154382,-0.3408973686143507
328.72,0.2,-0.14221853955186112,-0.02087957151874059
328.725,0.2,-0.14092534389505176,0.13051861154352037
328.73,0.2,-0.13973570094211843,0.1778511588481903
328.735,0.2,-0.1386238063052525,0.0345761355363702
328.74,0.2,-0.13745617229495852,-0.08330762450501736
328.745,0.2,-0.13607990975679185,-0.4469783317135763
328.75,0.2,-0.1344274285221302,-0.509412717726812
328.755,0.2,-0.1325857783283357,-0.3667118982084654
328.76,0.2,-0.13077679444282717,-0.12733222394569604
328.765,0.2,-0.12925457228737033,0.05968716215593352
328.77,0.2,-0.12819308574649185,0.040680981531194385
328.775,0.2,-0.12763658941460237,-0.11353519483557209
328.78,0.2,-0.12753012811714207,-0.1566022802917243
328.785,0.2,-0.1277909898932371,-0.3834374903265329
328.79,0.2,-0.12837351394982074,-0.2808048217905341
328.795,0.2,-0.12930121792197524,-0.42660098110977107
328.8,0.2,-0.13065526982386447,-0.035963077883540126
328.805,0.2,-0.13251717331948576,0.00845843697118144
328.81,0.2,-0.1348936880315066,0.04117983241651013
328.815,0.2,-0.13767548870226692,0.17613886259997755
328.82,0.2,-0.14064863068881314,-0.16138783254292915
328.825,0.2,-0.14355692821050048,-0.3148890120557049
328.83,0.2,-0.14620274220989316,-0.5164217557202595
328.835,0.2,-0.1485283887511402,-0.3774058011919301
328.84,0.2,-0.15062057483264266,-0.2618027783429213
328.845,0.2,-0.15263607108422936,0.06746855079689218
328.85,0.2,-0.15469038060488582,0.17108308830084876
328.855,0.2,-0.15677569649051212,-0.03178381426954022
328.86,0.2,-0.15877061646195315,-0.28033281639936947
328.865,-0.2,-0.16052825970392662,-0.16482238584393144
328.87,-0.2,-0.1619584735617335,-0.447782912705231
328.875,-0.2,-0.1630642382436559,-0.3428822501677682
328.88,-0.2,-0.16393841888489413,-0.12181292153757753
328.885,-0.2,-0.16470580140213328,0.11737098085696143
328.89,-0.2,-0.16543089945487763,0.05927064356000579
328.895,-0.2,-0.1660642687082434,0.10088718111610745
328.9,-0.2,-0.16646013005374796,-0.11399485201700774
328.905,-0.2,-0.16644111857853042,-0.18825586390102178
328.91,-0.2,-0.1658791529654443,-0.485493552802592
328.915,-0.2,-0.16476273796126067,-0.3082076924812164
328.92,-0.2,-0.16320952504263295,-0.2015737970469531
328.925,-0.2,-0.16140393604276254,0.06413385123428017
328.93,-0.2,-0.15949178695515948,0.31081986407302153
328.935,-0.2,-0.1574919457308865,0.12430476820657707
328.94,-0.2,-0.15528420581364152,-0.006942372756863491
328.945,-0.2,-0.15269050814727775,-0.37781780143572147
328.95,-0.2,-0.14959796059006353,-0.4131712478672663
328.955,-0.2,-0.14604567602738452,-0.4089602838784284
328.96,-0.2,-0.14222455470314996,-0.1414757083916855
328.965,-0.2,-0.1383913891428607,0.11898306529461315
328.97,-0.2,-0.13475066787351642,0.09374924814731225
328.975,-0.2,-0.13138565094727694,-0.08676255020255078
328.98,-0.2,-0.1282760027734683,0.03249917787429174
328.985,-0.2,-0.12535842174764908,-0.3159908021445883
328.99,-0.2,-0.12259355256982114,-0.4383677083998464
328.995,-0.2,-0.12002805946490586,-0.31184064436432357
329.0,-0.2,-0.1178010714677244,-0.0490293721533641
329.005,-0.2,-0.11607174863984011,-0.038464646260078644
329.01,-0.2,-0.114930920549187,0.14353839473695987
329.015,-0.2,-0.11434999146572525,0.2295102628925166
329.02,-0.2,-0.11418054171265656,-0.2813958683070431
329.025,-0.2,-0.11422658752177348,-0.30399606517821137
329.03,-0.2,-0.11435226686640691,-0.25498780032753454
329.035,-0.2,-0.11453317932943813,-0.3890727091655621
329.04,-0.2,-0.11483837611693823,-0.13726940768957963
329.045,-0.2,-0.11537442962073394,0.08935523647296646
329.05,-0.2,-0.11620011247853522,0.19796252381474855
329.055,-0.2,-0.11725285545588209,0.1927143029068963
329.06,-0.2,-0.11834463268704369,-0.09892382020812546
329.065,-0.2,-0.11924772885871136,-0.5902026329868783
329.07,-0.2,-0.11983506823631265,-0.5205276426300588
329.075,-0.2,-0.12016844042591823,-0.2558736394192852
329.08,-0.2,-0.12045455971948989,-0.17703185737394972
329.085,-0.2,-0.12092302714895817,0.05271784389068425
329.09,-0.2,-0.12172272332257243,0.0714898118593062
329.095,-0.2,-0.12287541790996308,-0.011485414500454774
329.1,-0.2,-0.12428780914624639,0.043906553729526884
329.105,-0.2,-0.12580603980814312,-0.38179650781032454
329.11,-0.2,-0.1273020918709311,-0.5412516790417209
329.115,-0.2,-0.12876190743825483,-0.33952560104967905
329.12,-0.2,-0.13029685523563045,-0.12374767667362849
329.125,-0.2,-0.13205857250480357,-0.035674038916348766
329.13,-0.2,-0.1341379904679108,0.06763638158399236
329.135,-0.2,-0.1365142194441655,0.050514730255038616
329.14,-0.2,-0.13905582056538043,0.027962758050776568
329.145,-0.2,-0.14156274618731196,-0.23898175379951758
329.15,-0.2,-0.14384534556628198,-0.4750192030341386
329.155,-0.2,-0.14581450844626054,-0.40568221068839105
329.16,-0.2,-0.14751208688064987,-0.0028060318742093027
329.165,-0.2,-0.14903608152173511,0.11647114358841604
329.17,-0.2,-0.15042391378997108,0.12680204859625718
329.175,-0.2,-0.15159092805663885,0.24504022260288352
329.18,-0.2,-0.15234642981957783,-0.15384556736987254
329.185,-0.2,-0.15247378991294006,-0.3613901582888215
329.19,-0.2,-0.15184737170229967,-0.4790401342212743
329.195,-0.2,-0.15051714429211954,-0.516510470233166
329.2,-0.2,-0.14870734448855316,-0.19014207774364317
329.205,-0.2,-0.14672457396417088,0.15161608280783706
329.21,-0.2,-0.14481156735723633,0.3236213684498215
329.215,-0.2,-0.14304082087885528,-0.08061064535317367
329.22,-0.2,-0.14133810524362275,-0.26332837307550644
329.225,-0.2,-0.13960807389785668,-0.4102670859431961
329.23,-0.2,-0.13784750057895725,-0.4455365066316106
329.235,-0.2,-0.13617870212336247,-0.3088717533379271
329.24,-0.2,-0.1348059259275558,-0.08227447421235365
329.245,-0.2,-0.13392410717829864,0.039564267158695404
329.25,-0.2,-0.13363021428248267,0.10571723975728486
329.255,-0.2,-0.1338807628607356,0.14010728812871967
329.26,-0.2,-0.13450656376794587,-0.11476014813875693
329.265,-0.2,-0.13528591579753488,-0.42679975628576294
329.27,-0.2,-0.13605727359645517,-0.4829719047672097
329.275,-0.2,-0.13680199542460852,-0.373080991235907
329.28,-0.2,-0.13763576399219596,-0.2060149381744313
329.285,-0.2,-0.1387262249344567,-0.08561342158301441
329.29,-0.2,-0.1401977640336654,0.10441237386255503
329.295,-0.2,-0.14206311906576674,0.12220252862981405
329.3,-0.2,-0.14420224835177395,-0.011587130840474774
329.305,-0.2,-0.146405784787569,-0.2752125803269829
329.31,-0.2,-0.14847347906478311,-0.48269754924266794
329.315,-0.2,-0.15031245503369073,-0.3799196341475931
329.32,-0.2,-0.15196945491047165,-0.32746812304521966
329.325,-0.2,-0.1535796442540581,-0.005999318340803722
329.33,-0.2,-0.15526675056258474,0.13738823254573457
329.335,-0.2,-0.15705486088757026,-0.03425272715303784
329.34,-0.2,-0.15885592634470883,-0.17540099890804886
329.345,-0.2,-0.1605398450149695,-0.358666750246372
329.35,-0.2,-0.16202179220127136,-0.3045272589231244
329.355,-0.2,-0.16331034508092943,-0.5110699227808018
329.36,-0.2,-0.16450669044084093,-0.10791552677835085
329.365,-0.2,-0.16575008308934805,0.025755504115536544
329.37,-0.2,-0.1671237139597885,0.12550605737731
329.375,-0.2,-0.16858927965818385,-0.009826945324320546
329.38,-0.2,-0.16999787367842614,-0.009587221809763014
329.385,-0.2,-0.17116063327865627,-0.4981736797748395
329.39,-0.2,-0.17195038314490532,-0.49079623011531437
329.395,-0.2,-0.1723807000319049,-0.3058181025214201
329.4,-0.2,-0.17259144851244743,-0.13663114921450165
329.405,-0.2,-0.172750421714647,0.08262134979175224
329.41,-0.2,-0.17294847418313683,0.16021556520747762
329.415,-0.2,-0.1731504299768655,-0.12784080381011242
329.42,-0.2,-0.1732261542190975,-0.053505731368706635
329.425,-0.2,-0.17303617032514393,-0.5675020961361903
329.43,-0.2,-0.17252604073138167,-0.44388577659383743
329.435,-0.2,-0.17178339256781913,-0.4051670412709796
329.44,-0.2,-0.17100650557098943,0.0405885508789684
329.445,-0.2,-0.17039172527205007,0.0637166915733837
329.45,-0.2,-0.17001959742947348,0.24498970569206957
329.455,-0.2,-0.16981032917837174,0.012163084788862355
329.46,-0.2,-0.16956636840000167,-0.18714094335318046
329.465,-0.2,-0.16907688821399772,-0.3920617238324726
329.47,-0.2,-0.16822659097175405,-0.45862563512845234
329.475,-0.2,-0.16704725704768153,-0.2699660745733903
329.48,-0.2,-0.1656859820121825,-0.1411646579781905
329.485,-0.2,-0.16431657867168162,0.03625492671797055
329.49,-0.2,-0.16305329427826704,0.0019051810309184403
329.495,-0.2,-0.16191025983335425,0.06764539948982545
329.5,-0.2,-0.1608127057070928,-0.14784410445472787
329.505,-0.2,-0.15964980539502968,-0.2911991664993779
329.51,-0.2,-0.1583549204220844,-0.5677900193522086
329.515,-0.2,-0.1569765306364654,-0.3600494729723106
329.52,-0.2,-0.155688833620215,-0.38163480813599715
329.525,-0.2,-0.15472687978694927,0.06383832442227096
329.53,-0.2,-0.1542774417003654,0.1392128001240849
329.535,-0.2,-0.15438664297458726,0.011948834698946378
329.54,-0.2,-0.15495303005732872,-0.18965819545207682
329.545,-0.2,-0.15581584135794763,-0.5123993467295267
329.55,-0.2,-0.1568745480640524,-0.518389839265466
329.555,-0.2,-0.15815725207762824,-0.3202883075142136
329.56,-0.2,-0.15979060298164072,-0.14367473772267297
329.565,-0.2,-0.16189218399498623,0.31264799804730614
329.57,-0.2,-0.16445485192267126,0.046404681029762876
329.575,-0.2,-0.16730771344359194,-0.07767492521019972
329.58,-0.2,-0.17018663213099347,-0.23898971087157894
329.585,-0.2,-0.17284711759761626,-0.3516213933375004
329.59,-0.2,-0.17514810274478182,-0.5438814529569762
329.595,-0.2,-0.17709311080197288,-0.41684681703523996
329.6,-0.2,-0.17881383905156578,-0.143429553597503
329.605,-0.2,-0.1804866963651687,-0.07405074968261266
329.61,-0.2,-0.18222884356293342,0.1558532225916313
329.615,-0.2,-0.18403141683961416,0.08713005895215448
329.62,-0.2,-0.18575203891990047,0.005393088278401598
329.625,-0.2,-0.18717225636819484,-0.35360513636098967
329.63,-0.2,-0.1881048087020172,-0.48869560500445675
329.635,-0.2,-0.18848909423968882,-0.2948275774228043
329.64,-0.2,-0.18839665957762677,-0.02731379051830321
329.645,-0.2,-0.1879456075344686,-0.07519172879467097
329.65,-0.2,-0.1872137883992005,-0.001432197984581135
329.655,-0.2,-0.18620429806321065,0.18540864728207096
329.66,-0.2,-0.18484711553275993,-0.2474966228193927
329.665,-0.2,-0.18304822122051878,-0.41352004495781314
329.67,-0.2,-0.18078710499109485,-0.5009822311785915
329.675,-0.2,-0.17818800678642982,-0.4894766991351918
329.68,-0.2,-0.17550455644593566,-0.11598681242305403
329.685,-0.2,-0.17301965604074646,0.18242621013945812
329.69,-0.2,-0.17090710584645508,0.30477667129944247
329.695,-0.2,-0.16914515602269684,0.04302565882288392
329.7,-0.2,-0.16755027922147891,-0.19691486374004294
329.705,-0.2,-0.16590265513357402,-0.3606542924875867
329.71,-0.2,-0.16407096965237375,-0.448105744293417
329.715,-0.2,-0.16206825802407998,-0.2883260290279196
329.72,-0.2,-0.1600259006087423,-0.1849514622436296
329.725,-0.2,-0.15811173889072155,0.07028098567069524
329.73,-0.2,-0.156434116831661,0.20537974363443567
329.735,-0.2,-0.15497431946033505,0.10730248417121975
329.74,-0.2,-0.15358917743407313,-0.1401055633177823
329.745,-0.2,-0.15209601061963815,-0.4329165824108872
329.75,-0.2,-0.15039105223220695,-0.45386119628615984
329.755,-0.2,-0.14852214240408101,-0.40780946633070353
329.76,-0.2,-0.14666858088834253,-0.0668920779694863
329.765,-0.2,-0.1450475910003575,-0.10131686084869398
329.77,-0.2,-0.1438119685767756,0.21094942715737092
329.775,-0.2,-0.1429843218081465,0.16453853712781663
329.78,-0.2,-0.14244617426492603,-0.10903656092036276
329.785,-0.2,-0.1420050218414015,-0.39276240339159413
329.79,-0.2,-0.14151724041538521,-0.4956274330371092
329.795,-0.2,-0.140975892679955,-0.2610121200506771
329.8,-0.2,-0.14049642700336995,-0.15404868825730417
329.805,-0.2,-0.1402248573646618,0.07672403435632776
329.81,-0.2,-0.1402389629212686,0.15799246374031187
329.815,-0.2,-0.1404986425688392,-0.12221271603031572
329.82,-0.2,-0.14087111915070827,-0.03628982685323154
329.825,-0.2,-0.14120148928900644,-0.27118041121092723
329.83,-0.2,-0.1413830407675603,-0.4924350221735424
329.835,-0.2,-0.14141584850710925,-0.4009419098502131
329.84,-0.2,-0.14142619323560052,-0.3228778214727361
329.845,-0.2,-0.1416115863030365,0.07697243532732456
329.85,-0.2,-0.14212658709845208,0.2937058800788863
329.855,-0.2,-0.14297587240964846,0.09824213185726972
329.86,-0.2,-0.14400228999906659,-0.205255927204894
329.865,-0.2,-0.14498951949557143,-0.3596009756050243
329.87,-0.2,-0.14579155917949638,-0.4189307644341279
329.875,-0.2,-0.14639648288899804,-0.30849987828318365
329.88,-0.2,-0.14690289008243573,-0.10150549148491933
329.885,-0.2,-0.14743512875524353,0.13252518971980795
329.89,-0.2,-0.14804871818286883,0.048206327360600834
329.895,-0.2,-0.14868964479309874,-0.05723894805960275
329.9,-0.2,-0.1492298377042841,-0.1314249235081216
329.905,-0.2,-0.14953458492348193,-0.1750563030410621
329.91,-0.2,-0.14952526328574356,-0.6516354012209433
329.915,-0.2,-0.14923947673031768,-0.36941340447351523
329.92,-0.2,-0.14885075303959622,-0.27906332192393557
329.925,-0.2,-0.14859780014934593,0.0854424068881221
329.93,-0.2,-0.14866173388622667,0.1336098804778303
329.935,-0.2,-0.14908167031670116,-0.02330179764568069
329.94,-0.2,-0.14975968941369386,-0.037057330857404674
329.945,-0.2,-0.15053919760210185,-0.49954703806087525
329.95,-0.2,-0.15131064414356887,-0.4508375641636018
329.955,-0.2,-0.1520889675707344,-0.42789615579880663
329.96,-0.2,-0.15301406083435712,-0.3512612429004311
329.965,-0.2,-0.15428553592407132,-0.12989450438103242
329.97,-0.2,-0.15607602754201577,-0.006614515641826635
329.975,-0.2,-0.1584552627218836,0.046934075969379235
329.98,-0.2,-0.16135852117773206,-0.07937172390478238
329.985,-0.2,-0.16462522074991842,-0.4373891371204753
329.99,-0.2,-0.1680881835255816,-0.2173466071502482
329.995,-0.2,-0.17164472056402924,-0.4587600097749154
330.0,-0.2,-0.17526733236006548,-0.1598588511222419
330.005,-0.2,-0.17896590876167884,-0.04746517120630993
330.01,-0.2,-0.1827214710814448,0.07411713054913012
330.015,-0.2,-0.18642341764019307,0.24466697149928737
330.02,-0.2,-0.18984972515001447,-0.10913233698669034
330.025,-0.2,-0.19272300036345696,-0.4324797914440962
330.03,-0.2,-0.1948357029185908,-0.5622484224291431
330.035,-0.2,-0.19615342139317685,-0.3302287165809332
330.04,-0.2,-0.19680786248280505,-0.22676363225015395
330.045,-0.2,-0.19699848416800844,0.04767622696187916
330.05,-0.2,-0.19688138405360345,0.054625504861637086
330.055,-0.2,-0.19650509272041564,0.011392170662245729
330.06,-0.2,-0.19581908942630175,-0.20104272056504893
330.065,-0.2,-0.1947408450810706,-0.27838589226168986
330.07,-0.2,-0.19323968440009942,-0.5808370894513278
330.075,-0.2,-0.19139672325649687,-0.2986491545411263
330.08,-0.2,-0.18939915658770493,-0.16789512346967567
330.085,-0.2,-0.18746159937462895,-0.04206032684714153
330.09,-0.2,-0.18572902922955883,0.22452613835660998
330.095,-0.2,-0.18420670678334883,0.26750749598678997
330.1,-0.2,-0.18274771977351267,-0.27117538599607544
330.105,-0.2,-0.1811416972099014,-0.4516878103940518
330.11,-0.2,-0.17926068733959102,-0.4212525544501648
330.115,-0.2,-0.1771417386256126,-0.51590156498687
330.12,-0.2,-0.174967505868472,-0.20206079135516006
330.125,-0.2,-0.1729905120480642,-0.3083502657497169
330.13,-0.2,-0.17144535939325503,0.09559468722347984
330.135,-0.2,-0.17047091946910478,0.06989223745390433
330.14,-0.2,-0.1700637002916466,-0.029912721137986903
330.145,-0.2,-0.17010324354800324,-0.39103637058800805
330.15,-0.2,-0.17044717373000992,-0.29131705042839373
330.155,-0.2,-0.17102233396051636,-0.5648106180930739
330.16,-0.2,-0.17185781872685335,-0.24371968610279487
330.165,-0.2,-0.17304767220374723,0.027296764707437422
330.17,-0.2,-0.1746539538594222,0.1101792683533578
330.175,-0.2,-0.17661964212799913,0.016042575977110306
330.18,-0.2,-0.178765085912162,-0.11424665946597967
330.185,-0.2,-0.18086112787044473,-0.3542386165750678
330.19,-0.2,-0.18273201327177735,-0.6236142562125153
330.195,-0.2,-0.18433374639872768,-0.1833853314647394
330.2,-0.2,-0.18573969175754515,-0.0651401543599309
330.205,-0.2,-0.18703355327281737,0.17163030147194835
330.21,-0.2,-0.1882107065612353,-0.0963492775431303
330.215,-0.2,-0.1891651816077776,0.031194573714828595
330.22,-0.2,-0.18973695998076717,-0.09647481394715536
330.225,-0.2,-0.1897735951250362,-0.486183301756747
330.23,-0.2,-0.18920663024465448,-0.4813500560101055
330.235,-0.2,-0.18811491244317807,-0.40996481265050017
330.24,-0.2,-0.18670674711517116,-0.07132557689966784
330.245,-0.2,-0.18522067455359623,-0.03584030573954524
330.25,-0.2,-0.1838143757429309,0.27716762127011096
330.255,-0.2,-0.18250231289715216,-0.07064140062341238
330.26,-0.2,-0.18117514765471318,-0.1472792476229851
330.265,-0.2,-0.17968600349023472,-0.21483258825262536
330.27,-0.2,-0.17794124901319996,-0.537941524898896
330.275,-0.2,-0.1759620526464235,-0.44416953930837133
330.28,-0.2,-0.17389967208141913,-0.21542955698958038
330.285,-0.2,-0.17197231324099205,0.02399826296233566
330.29,-0.2,-0.1703488196359423,0.1861727946058404
330.295,-0.2,-0.16906033126059752,0.05150443983218027
330.3,-0.2,-0.16799907414591275,-0.1728823249270368
330.305,-0.2,-0.16699897715341294,-0.2531349167681049
330.31,-0.2,-0.16593922256449115,-0.5490425400020869
330.315,-0.2,-0.1648149945204546,-0.321444395881137
330.32,-0.2,-0.16374086234826746,-0.22656629420085106
330.325,-0.2,-0.16287939568274803,0.055844083048395624
330.33,-0.2,-0.16233405750801352,0.2758226136840169
330.335,-0.2,-0.16206641642022798,0.0966929296177072
330.34,-0.2,-0.16189425146755304,-0.12492916798220338
330.345,-0.2,-0.16158730644990407,-0.4821293873270682
330.35,-0.2,-0.1610058854929537,-0.6279992960983516
330.355,-0.2,-0.16019107973969574,-0.3324965134210526
330.36,-0.2,-0.15934041147764222,-0.17361340366825512
330.365,-0.2,-0.15869576344106018,-0.12974557610082268
330.37,-0.2,-0.15843682854370023,0.09337541276225056
330.375,-0.2,-0.1586197171086606,0.17687072695249562
330.38,-0.2,-0.1591551479999263,-0.02884560814949569
330.385,-0.2,-0.15985683385527108,-0.5346317645734997
330.39,-0.2,-0.1605642027599253,-0.3815590229881085
330.395,-0.2,-0.16123836969848013,-0.2480758423799065
330.4,-0.2,-0.1619471591902521,-0.22644870827018293
330.405,-0.2,-0.16278951645050374,-0.1128526183216266
330.41,-0.2,-0.16382761204049945,0.20106818129354054
330.415,-0.2,-0.16502520048963518,0.2189537345087573
330.42,-0.2,-0.16622366123728438,-0.36708638429100676
330.425,-0.2,-0.16722390031286538,-0.4906331040913015
330.43,-0.2,-0.167923854621353,-0.38314924893054203
330.435,-0.2,-0.16838211384231253,-0.5528105375743828
330.44,-0.2,-0.16878358765593848,-0.14171119771235574
330.445,-0.2,-0.16934758985868112,0.12827251370383297
330.45,-0.2,-0.17020974382442738,0.056348573066546434
330.455,-0.2,-0.17135100179012952,0.05407403889495385
330.46,-0.2,-0.1726179229503412,-0.025246758564194505
330.465,-0.2,-0.17380003460779794,-0.4357476489808899
330.47,-0.2,-0.17473444019180082,-0.530153730650893
330.475,-0.2,-0.17539238054858697,-0.2684144868221809
330.48,-0.2,-0.17587550017903486,-0.23678562862900313
330.485,-0.2,-0.1763276609126316,0.09510466332559836
330.49,-0.2,-0.1768365623074708,0.02031230750442499
330.495,-0.2,-0.17737734420682236,0.1463629719985784
330.5,-0.2,-0.17781786052286316,-0.18776182623324456
330.505,-0.2,-0.17799077077349798,-0.49783544620965947
330.51,-0.2,-0.17780887397044715,-0.5824191543893625
330.515,-0.2,-0.1773454209490797,-0.3357365133266481
330.52,-0.2,-0.17680687528738653,-0.17412410369052125
330.525,-0.2,-0.17642196213832098,0.06030658913960868
330.53,-0.2,-0.17632501704062897,0.23681908044595418
330.535,-0.2,-0.17649128760730656,-0.029403457634006633
330.54,-0.2,-0.1767646945065614,-0.31231088068654134
330.545,-0.2,-0.17697078445173828,-0.4293768928001255
330.55,-0.2,-0.17702494754278164,-0.26488012942912026
330.555,-0.2,-0.17696297279064285,-0.5568723510139008
330.56,-0.2,-0.1769182303668795,-0.2375473212601447
330.565,-0.2,-0.17707238077881995,-0.05960902677176662
330.57,-0.2,-0.1775694183400616,0.11683016040036541
330.575,-0.2,-0.17843422553024024,-0.02142253795719018
330.58,-0.2,-0.1795651730301326,-0.19372506305116274
330.585,-0.2,-0.18081052649482543,-0.5129665095371219
330.59,-0.2,-0.1820773809284221,-0.5051057929131385
330.595,-0.2,-0.18340035718907358,-0.45971014723170317
330.6,-0.2,-0.18492435432363638,-0.16994018748498355
330.605,-0.2,-0.18681270445076484,0.06090141839522191
330.61,-0.2,-0.1891317963333778,0.24306977615996922
330.615,-0.2,-0.19178015551102598,-0.04183964531517803
330.62,-0.2,-0.19451373766834215,-0.12069651010865817
330.625,-0.2,-0.19705085807296668,-0.4336717163150938
330.63,-0.2,-0.1991895619754501,-0.5079263139218434
330.635,-0.2,-0.2008813492539897,-0.4675138671186836
330.64,-0.2,-0.20223122391478005,-0.32447494914852815
330.645,-0.2,-0.20342340072939216,0.03853089979064645
330.65,-0.2,-0.20460759378636376,0.06355874544287743
330.655,-0.2,-0.2058012517227291,0.3462280072629151
330.66,-0.2,-0.20686583609089643,-0.40126407727885505
330.665,-0.2,-0.20759456236558269,-0.39307151750170016
330.67,-0.2,-0.2078582987884344,-0.5285004942220379
330.675,-0.2,-0.2076874094341807,-0.4057662857815158
330.68,-0.2,-0.20724827767795362,-0.29038173953291213
330.685,-0.2,-0.20675647727038476,0.0852991871435079
330.69,-0.2,-0.2063673988266971,0.07791884003380307
330.695,-0.2,-0.20610619829593152,-0.18189159918238448
330.7,-0.2,-0.20589237224899673,-0.17832807708838783
330.705,-0.2,-0.20562735369667262,-0.4850899881580557
330.71,-0.2,-0.20528272007879128,-0.6395490109436788
330.715,-0.2,-0.20495934099690657,-0.5011529134264536
330.72,-0.2,-0.2048731079966527,-0.05237212110699918
330.725,-0.2,-0.2052429906080418,0.08251733723215667
330.73,-0.2,-0.20615464446084072,0.20878219098510753
330.735,-0.2,-0.2075046138724382,-0.1428599846734955
330.74,-0.2,-0.2090639313297227,-0.3939078035595898
330.745,-0.2,-0.21061446977963444,-0.5316123796627428
330.75,-0.2,-0.21205602269197685,-0.3078164193477053
330.755,-0.2,-0.2134156458531138,-0.3794706978071425
330.76,-0.2,-0.2147864724346604,-0.1055728470695364
330.765,-0.2,-0.21624748635263707,0.10818076308669783
330.77,-0.2,-0.21778508014549222,0.12608868842856547
330.775,-0.2,-0.21925549703356217,-0.06631028571060706
330.78,-0.2,-0.22042177112791708,-0.019331919736717662
330.785,-0.2,-0.22103827017313457,-0.4889059277434956
330.79,-0.2,-0.22094709090629602,-0.4947425675950086
330.795,-0.2,-0.2201488699078959,-0.35602771959920393
330.8,-0.2,-0.21879397718093804,-0.2849469421575
330.805,-0.2,-0.21709693945597977,0.06339582404145772
330.81,-0.2,-0.21522976831792842,0.0834655543923028
330.815,-0.2,-0.21324800532394578,0.03066462713132851
330.82,-0.2,-0.21108928452677814,-0.09578601324697336
330.825,-0.2,-0.20864361788265717,-0.4713657000086312
330.83,-0.2,-0.20586011423107353,-0.5821593523596158
330.835,-0.2,-0.202832591759701,-0.470250076917142
330.84,-0.2,-0.1998003126800117,-0.2947153624264727
330.845,-0.2,-0.19705899390912254,-0.017840342250197264
330.85,-0.2,-0.19484617527013584,-0.0987605060915174
330.855,-0.2,-0.193270603305912,0.047104061566784566
330.86,-0.2,-0.19231076463895333,-0.2576266575187825
330.865,-0.2,-0.19187047125026446,-0.33486213344085014
330.87,-0.2,-0.19186345179736414,-0.5249704661067663
330.875,-0.2,-0.192285288147505,-0.5664169653723014
330.88,-0.2,-0.1932302134280861,-0.17163648052310715
330.885,-0.2,-0.19482497018049702,0.0469737319812633
330.89,-0.2,-0.1971116549642333,0.10798485591287965
330.895,-0.2,-0.19997723116779828,-0.11276591452005127
330.9,-0.2,-0.2031817859837662,-0.05133042005561955
330.905,-0.2,-0.2064408575328974,-0.33880489910136624
330.91,-0.2,-0.20950564429703078,-0.29662115359316954
330.915,-0.2,-0.21220989227950693,-0.13412177905797634
330.92,-0.2,-0.21446430288325702,-0.2676787588156231
330.925,-0.2,-0.21621325146022102,0.22759884454470858
330.93,-0.2,-0.21737598062883373,0.08876448972859853
330.935,-0.2,-0.21779589408893177,0.23416408360227964
330.94,-0.2,-0.2172468952338002,-0.24234427416691995
330.945,-0.2,-0.21551938581707333,-0.430904044865822
330.95,-0.2,-0.21253957555473826,-0.4998090827205114
330.955,-0.2,-0.20843434957947707,-0.3599434356246825
330.96,-0.2,-0.20350085942362112,-0.38389089004270316
330.965,-0.2,-0.19811613892751714,0.061051150802868506
330.97,-0.2,-0.19261977154495852,0.24319522087367165
330.975,-0.2,-0.1872033396449601,0.15321562161895116
330.98,-0.2,-0.1818813424202094,-0.13983134157111504
330.985,-0.2,-0.1765808238912978,-0.5286932652752013
330.99,-0.2,-0.17128301117205044,-0.3965940858167868
330.995,-0.2,-0.16610693108159652,-0.46768782662163255
331.0,-0.2,-0.16129112596354295,-0.22377555344995367
331.005,-0.2,-0.15711112368442995,-0.06883653667998878
331.01,-0.2,-0.15377982934154247,0.12487507739436175
331.015,-0.2,-0.15137197187531998,0.00853098576704241
331.02,-0.2,-0.14981738432929506,-0.19377798222411535
331.025,-0.2,-0.14897465223315912,-0.45295432221937304
331.03,-0.2,-0.14874172030149777,-0.5728753855722247
331.035,-0.2,-0.14913248990815256,-0.425336022634593
331.04,-0.2,-0.1502669850543503,-0.18389002550664116
331.045,-0.2,-0.15227691055498396,0.1289005195556261
331.05,-0.2,-0.15518444428277253,0.18819645030022808
331.055,-0.2,-0.15883409397237408,0.007100714908935352
331.06,-0.2,-0.16292409325019025,-0.125527683436989
331.065,-0.2,-0.16711192490864168,-0.406093534074359
331.07,-0.2,-0.17112930379014513,-0.44309681905243625
331.075,-0.2,-0.1748466983050071,-0.2299534927659156
331.08,-0.2,-0.17825438475260877,-0.21110190517042704
331.085,-0.2,-0.1813886310718354,-0.023246497261312754
331.09,-0.2,-0.184256631952424,0.1461127225302529
331.095,-0.2,-0.1867815680813768,0.1309526973167058
331.1,-0.2,-0.18879004076195097,-0.08127676681781398
331.105,-0.2,-0.19006770028995085,-0.2881154362348789
331.11,-0.2,-0.1904643844719527,-0.6121204470045508
331.115,-0.2,-0.18998869189654377,-0.4049132111820388
331.12,-0.2,-0.18881711113690378,-0.047501521736563634
331.125,-0.2,-0.18719655537146068,-0.08329919304139244
331.13,-0.2,-0.1853206465135115,0.2356094066989045
331.135,-0.2,-0.18326152154382203,-0.01323532557322063
331.14,-0.2,-0.1809781897714595,-0.17390858193039704
331.145,-0.2,-0.1783953657151588,-0.4034014673746088
331.15,-0.2,-0.17550394047152634,-0.41850091824944613
331.155,-0.2,-0.17241453132539597,-0.37543418931440614
331.16,-0.2,-0.16934117791186215,-0.27933343105537245
331.165,-0.2,-0.16653844613664706,-0.13457535780707583
331.17,-0.2,-0.16422054107685075,0.15252404225054123
331.175,-0.2,-0.16248779190413454,-0.03268393748362224
331.18,-0.2,-0.16131042022127887,-0.2685868602526805
331.185,-0.2,-0.1606009341508572,-0.4786363036516664
331.19,-0.2,-0.16032072602977945,-0.4824913833213806
331.195,-0.2,-0.16053435505044517,-0.3653175473594415
331.2,-0.2,-0.1613847157050457,-0.3137788779090703
331.205,-0.2,-0.16302314865984066,-0.07508255377651198
331.21,-0.2,-0.1655284025354316,0.16135202448818842
331.215,-0.2,-0.16883791220849687,0.022797822526184834
331.22,-0.2,-0.172740019306187,-0.19804129119037245
331.225,-0.2,-0.17695064261296595,-0.28387284608492575
331.23,-0.2,-0.18121568115085998,-0.34800355459665044
331.235,-0.2,-0.1853687620487222,-0.2798553816729994
331.24,-0.2,-0.1893312530810748,-0.24270146325509434
331.245,-0.2,-0.193070213421199,0.08943455340898243
331.25,-0.2,-0.19653251422935336,0.00998932082627041
331.255,-0.2,-0.19959323440983134,0.11206112623242437
331.26,-0.2,-0.2020563066482178,-0.12036125153288696
331.265,-0.2,-0.20371664538159134,-0.5211580164069469
331.27,-0.2,-0.20446232883107845,-0.42556857356492167
331.275,-0.2,-0.20434950791411383,-0.5292687592725153
331.28,-0.2,-0.20358269793552355,0.06472489887681307
331.285,-0.2,-0.20239895538260513,0.18668117890675065
331.29,-0.2,-0.20092986420987327,0.15099106195039724
331.295,-0.2,-0.19914756658391433,-0.02382005249907969
331.3,-0.2,-0.1969217147776964,-0.13073769526545514
331.305,-0.2,-0.19412162077844522,-0.3802649596095953
331.31,-0.2,-0.19071000821509923,-0.5431809175189528
331.315,-0.2,-0.18680205389241153,-0.4047708347670631
331.32,-0.2,-0.18265766444274212,-0.32638674927718786
331.325,-0.2,-0.17860503307265052,-0.0987040367488135
331.33,-0.2,-0.174933771558263,0.1731568955642829
331.335,-0.2,-0.17180052032372123,0.06654267530101617
331.34,-0.2,-0.16919728258356506,-0.08918016176642031
331.345,-0.2,-0.16701480937559343,-0.46876596265162174
331.35,-0.2,-0.16516413462639964,-0.5025986160885645
331.355,-0.2,-0.163665138660966,-0.2822404948013473
331.36,-0.2,-0.1626289793618855,-0.0035424114881085766
331.365,-0.2,-0.16215816414596743,-0.04156664628238119
331.37,-0.2,-0.1622570716727885,0.20156317751510544
331.375,-0.2,-0.16279782400304565,0.12016967117889953
331.38,-0.2,-0.16354077371249787,-0.22169494392728403
331.385,-0.2,-0.16422395494042646,-0.5219846741124233
331.39,-0.2,-0.16468420153974048,-0.2746906661752381
331.395,-0.2,-0.16490693496136619,-0.28516942024677894
331.4,-0.2,-0.16498126869122584,-0.2636648838318264
331.405,-0.2,-0.16502624270139382,0.1175527179326125
331.41,-0.2,-0.16511556656216794,0.10351479613244453
331.415,-0.2,-0.16522295693589928,-0.13018067391940608
331.42,-0.2,-0.16524137276959236,-0.14617638064304025
331.425,-0.2,-0.16506608117430208,-0.5483945667816816
331.43,-0.2,-0.16468417666720303,-0.5162448466268946
331.435,-0.2,-0.16421753787430307,-0.2150112214424852
331.44,-0.2,-0.16388107739801439,-0.330375810872306
331.445,-0.2,-0.16389131357869782,0.04629265282926081
331.45,-0.2,-0.1643792350551212,0.2296407818069861
331.455,-0.2,-0.1653240055018605,0.04179653354940571
331.46,-0.2,-0.16655938879688814,-0.35191100094172967
331.465,-0.2,-0.16788448024039684,-0.4827593551358313
331.47,-0.2,-0.1691933047682874,-0.429413679943045
331.475,-0.2,-0.170514785344901,-0.1949689154023607
331.48,-0.2,-0.17194996116267455,-0.06566723968860237
331.485,-0.2,-0.17356810153125496,0.2139891975665286
331.49,-0.2,-0.175322901769151,0.13817660801715007
331.495,-0.2,-0.17702386863254152,0.20870318330138188
331.5,-0.2,-0.178373478497155,-0.1180475992856369
331.505,-0.2,-0.17906083911160486,-0.36927801291897777
331.51,-0.2,-0.1788825045650058,-0.5323867488268929
331.515,-0.2,-0.17783002140094806,-0.45550132246174946
331.52,-0.2,-0.17608287101494843,-0.0776391347662398
331.525,-0.2,-0.17390027650721904,0.11735410820502083
331.53,-0.2,-0.17147644402637224,0.30389553200128994
331.535,-0.2,-0.1688562690307281,-0.10580352795779563
331.54,-0.2,-0.16596160055238088,0.023389969190958287
331.545,-0.2,-0.1626831227947063,-0.3128446261803445
331.55,-0.2,-0.1589733619063307,-0.5562434534330324
331.555,-0.2,-0.1549225570383628,-0.5024014204784464
331.56,-0.2,-0.15077895364690477,-0.21457837896879353
331.565,-0.2,-0.14687612773172865,-0.18403799806491547
331.57,-0.2,-0.1435154606199815,0.14501129139013053
331.575,-0.2,-0.1408694999251648,0.17282262624063782
331.58,-0.2,-0.1389436034590662,-0.2000658882465573
331.585,-0.2,-0.13763273304428267,-0.39668077318699224
331.59,-0.2,-0.13684709525930117,-0.5582796212942875
331.595,-0.2,-0.1366083807129977,-0.44541284401050696
331.6,-0.2,-0.13705506609493162,-0.31811790111663907
331.605,-0.2,-0.1383694542647952,-0.052051309625488484
331.61,-0.2,-0.14067401019188272,0.058862334818486656
331.615,-0.2,-0.1439494554860571,0.1253851997186489
331.62,-0.2,-0.1480151355671729,-0.09488860232300231
331.625,-0.2,-0.15259191361526148,-0.48166797798042166
331.63,-0.2,-0.1574199920513446,-0.31934678752588574
331.635,-0.2,-0.16234520984549514,-0.4040790998764464
331.64,-0.2,-0.16731513815786334,-0.06864145970467743
331.645,-0.2,-0.17230027721183602,0.2790286694885074
331.65,-0.2,-0.1771897908004515,0.12045890162567094
331.655,-0.2,-0.18173715008950939,0.20530885205390553
331.66,-0.2,-0.18559637211650362,-0.07960603092256796
331.665,-0.2,-0.18842081812703187,-0.42255001433222683
331.67,-0.2,-0.18998204374904173,-0.3854472454199162
331.675,-0.2,-0.1902508828608533,-0.5264759510519246
331.68,-0.2,-0.1893940395662471,-0.1899242160624472
331.685,-0.2,-0.18768944747140018,0.0490410541802199
331.69,-0.2,-0.18540156204489364,0.05382344799921421
331.695,-0.2,-0.18269434484596142,-0.04126593967720124
331.7,-0.2,-0.1796344901115283,-0.19428642785492728
331.705,-0.2,-0.17625807830423015,-0.35590434272027005
331.71,-0.2,-0.17264378672276132,-0.3710623766913277
331.715,-0.2,-0.1689492293615634,-0.30279345883951103
331.72,-0.2,-0.1653945980417742,-0.2619841461117651
331.725,-0.2,-0.16221178021648539,-0.09490233254927093
331.73,-0.2,-0.1595870378296216,-0.08147254616988403
331.735,-0.2,-0.15761460740748703,0.12356816893017687
331.74,-0.2,-0.1562798513408982,-0.2815299152723113
331.745,-0.2,-0.15550059780664546,-0.36842592395314777
331.75,-0.2,-0.15520880894347408,-0.26490293502015677
331.755,-0.2,-0.15540040718405793,-0.46523355762405677
331.76,-0.2,-0.1561368878121036,-0.3892053404600604
331.765,-0.2,-0.1575140918204371,0.1980129668080197
331.77,-0.2,-0.1595750885782267,0.127675676933192
331.775,-0.2,-0.16221469172727335,0.1145213046540848
331.78,-0.2,-0.16517704877125014,-0.1271482473288747
331.785,-0.2,-0.16815150540743407,-0.4266249251270942
331.79,-0.2,-0.17089228455973499,-0.3000872689285161
331.795,-0.2,-0.1732854014971061,-0.34573696038993473
331.8,-0.2,-0.1753340870916164,-0.1522842003203221
331.805,-0.2,-0.17709576886795633,-0.059534070771217695
331.81,-0.2,-0.1786097033019531,0.12075232127110072
331.815,-0.2,-0.17984433844232509,-0.048080347746586746
331.82,-0.2,-0.18069582691467695,-0.09188162920603125
331.825,-0.2,-0.18104220268627844,-0.3739329251484726
331.83,-0.2,-0.18082477075795178,-0.5235684812593994
331.835,-0.2,-0.18010967649642734,-0.2758216023779765
331.84,-0.2,-0.1790734657343859,-0.08337751771739627
331.845,-0.2,-0.17790982868137395,0.06477703057907913
331.85,-0.2,-0.17673618146237918,-0.07081603056852556
331.855,-0.2,-0.17557011589035426,-0.08117161846070105
331.86,-0.2,-0.17437221992292326,-0.3249670166285618
331.865,-0.2,-0.17311760997121728,-0.4592572705654231
331.87,-0.2,-0.17186578811689926,-0.589263320096917
331.875,-0.2,-0.17079179465252653,-0.28993577235631546
331.88,-0.2,-0.17014153854031103,-0.13398817442901104
331.885,-0.2,-0.17012772336485868,0.06074681213822236
331.89,-0.2,-0.17083135146247558,0.18891453201847552
331.895,-0.2,-0.17215190508768324,0.24136627769905572
331.9,-0.2,-0.17382427556952437,-0.22216173914823892
331.905,-0.2,-0.17552586102948484,-0.6061216169404815
331.91,-0.2,-0.17703501296436203,-0.44245063109370286
331.915,-0.2,-0.17831510594109787,-0.28699538917344436
331.92,-0.2,-0.1794650210927837,-0.18943835995614777
331.925,-0.2,-0.18061505828414873,-0.10449038057228752
331.93,-0.2,-0.1818423329033851,0.2647509549465523
331.935,-0.2,-0.18311701682034634,-0.17228425264241118
331.94,-0.2,-0.18431190454002147,-0.19970060201726864
331.945,-0.2,-0.1852827051216541,-0.28413470849553113
331.95,-0.2,-0.18594531016212124,-0.3516022256903196
331.955,-0.2,-0.1863033361463747,-0.31802919172569055
331.96,-0.2,-0.18643871666024492,-0.2647584716270073
331.965,-0.2,-0.18647018332803977,0.04224511134243665
331.97,-0.2,-0.186482444849138,0.07636214517074857
331.975,-0.2,-0.186463979572546,0.037977000334003155
331.98,-0.2,-0.1862981429677452,0.060204892913001185
331.985,-0.2,-0.1858200410838726,-0.6463827726084924
331.99,-0.2,-0.18492720142583116,-0.4276176073467236
331.995,-0.2,-0.18366920665972541,-0.32537684791843224
332.0,-0.2,-0.18222859487981535,-0.263546963419249
332.005,-0.2,-0.1808250321628274,0.02946954381047313
332.01,-0.2,-0.17961575882428357,0.2013140655963936
332.015,-0.2,-0.17862229533407098,0.06971163087267424
332.02,-0.2,-0.17772780482803394,-0.2030780645001165
332.025,-0.2,-0.17676389926218147,-0.3563178290737664
332.03,-0.2,-0.1756269573513295,-0.5364295121545785
332.035,-0.2,-0.17434980103482076,-0.3899856981086371
332.04,-0.2,-0.17309114760350747,-0.15640436942476896
332.045,-0.2,-0.17204986369689235,-0.023579078911691448
332.05,-0.2,-0.17135859320453836,0.15871305362131888
332.055,-0.2,-0.17101401018512818,0.14667591277782666
332.06,-0.2,-0.1708743695618161,-0.19274478223801061
332.065,-0.2,-0.17073488728197495,-0.2987435905020317
332.07,-0.2,-0.17043909102926383,-0.42866250628824887
332.075,-0.2,-0.1699519910919188,-0.39750605602156175
332.08,-0.2,-0.16936770470982473,-0.40542955306363204
332.085,-0.2,-0.16886546653689324,-0.08173567396409695
332.09,-0.2,-0.16862057287242208,0.22364825413082784
332.095,-0.2,-0.1686956796338676,0.15771710887902687
332.1,-0.2,-0.1689930917765587,-0.16674093795532396
332.105,-0.2,-0.1693246211974073,-0.3820521703286415
332.11,-0.2,-0.1695399667834462,-0.37151764930298736
332.115,-0.2,-0.16961053563428496,-0.5117640809233559
332.12,-0.2,-0.16963803254023074,-0.3216810863108674
332.125,-0.2,-0.16980271670336466,-0.017814289799498798
332.13,-0.2,-0.17026293202631126,0.1336044763746765
332.135,-0.2,-0.1710559926357668,0.08333715275353024
332.14,-0.2,-0.17207258681144286,-0.07807835418248607
332.145,-0.2,-0.17311799456167448,-0.2629763155883623
332.15,-0.2,-0.1740131306649782,-0.43731076222174475
332.155,-0.2,-0.1746741593702274,-0.25618857221062213
332.16,-0.2,-0.17512084642033623,-0.10627794223268583
332.165,-0.2,-0.17541632462232085,-0.09459008261502658
332.17,-0.2,-0.17559005023777588,0.30918282575909
332.175,-0.2,-0.17557922464166953,0.04799442190202795
332.18,-0.2,-0.17522235833709532,-0.14846438990399
332.185,-0.2,-0.1743392188701174,-0.4888926863886952
332.19,-0.2,-0.1728513845854805,-0.443944538299687
332.195,-0.2,-0.1708433087631345,-0.2492938434985066
332.2,-0.2,-0.1685269045162854,-0.37641263952437687
332.205,-0.2,-0.1661593919412262,0.05288129120990427
332.21,-0.2,-0.1639640438533779,-0.16124290539853323
332.215,-0.2,-0.16207166442593962,0.20059392849492466
332.22,-0.2,-0.16050235349754272,-0.2882442871189775
332.225,-0.2,-0.15920797126598027,-0.3391848425028674
332.23,-0.2,-0.15816077245946286,-0.48456276209503063
332.235,-0.2,-0.15741864372266032,-0.2994659550858465
332.24,-0.2,-0.15711275996589286,-0.18828667973557978
332.245,-0.2,-0.15737392042141224,0.07949682259025692
332.25,-0.2,-0.1582417161541259,0.24020012812880043
332.255,-0.2,-0.159608065976827,-0.0954010305224969
332.26,-0.2,-0.16124454802407773,-0.1029360359114446
332.265,-0.2,-0.1629033304377653,-0.5210208985179069
332.27,-0.2,-0.16442790948463024,-0.47385881299776594
332.275,-0.2,-0.16581120469970478,-0.29851332281680243
332.28,-0.2,-0.16716419005054228,-0.18287259234643766
332.285,-0.2,-0.1686193103726697,0.10527040930657519
332.29,-0.2,-0.1702325012967154,0.09089255684392986
332.295,-0.2,-0.17193422307209627,-0.007169540719720591
332.3,-0.2,-0.1735526827757119,-0.09135819069441906
332.305,-0.2,-0.17488568557198672,-0.24163367515508224
332.31,-0.2,-0.1757792813391765,-0.44788890111318524
332.315,-0.2,-0.176185924718035,-0.2530016014599822
332.32,-0.2,-0.1761677952952215,-0.1499050196928872
332.325,-0.2,-0.17584063498228625,-0.16514895414258776
332.33,-0.2,-0.17530520794433876,0.16183388665154494
332.335,-0.2,-0.17459499923430571,0.02485879273524671
332.34,-0.2,-0.17365776484716916,-0.1295385861555037
332.345,-0.2,-0.17239946406478068,-0.2839803606383446
332.35,-0.2,-0.17077021029650605,-0.5235397509558285
332.355,-0.2,-0.16883016025214675,-0.24716233939856458
332.36,-0.2,-0.16674129929359657,-0.08378491169529748
332.365,-0.2,-0.16468297547085214,0.056141304404831754
332.37,-0.2,-0.16275712236519116,0.14911790559526059
332.375,-0.2,-0.16094864994092606,-0.1034682967416497
332.38,-0.2,-0.15916313274624017,-0.28710194433860836
332.385,-0.2,-0.1573171370781511,-0.3652953166258713
332.39,-0.2,-0.15542202941076005,-0.6165614511977248
332.395,-0.2,-0.15362143607120557,-0.35806420273634704
332.4,-0.2,-0.15216369420515669,-0.22645240332474734
332.405,-0.2,-0.15130753535231758,0.09018578621042304
332.41,-0.2,-0.15120887516682666,0.08847094901944463
332.415,-0.2,-0.1518563575433658,0.0711718082399694
332.42,-0.2,-0.15309096612410486,-0.24385076517155213
332.425,-0.2,-0.15469876033092197,-0.4010154605789513
332.43,-0.2,-0.15653088338823032,-0.7343006140246129
332.435,-0.2,-0.15858635801013923,-0.3089501897998266
332.44,-0.2,-0.16099204345956494,-0.10721323422926259
332.445,-0.2,-0.1638806454154597,0.16028450764291302
332.45,-0.2,-0.16726142518275858,0.14465242620823393
332.455,-0.2,-0.17097326929296155,0.007635641224544104
332.46,-0.2,-0.17472933929342527,-0.020523350218439457
332.465,-0.2,-0.17821187344023362,-0.443723387870292
332.47,-0.2,-0.18118268044642705,-0.5482112462650623
332.475,-0.2,-0.18356471742746386,-0.23552899047443834
332.48,-0.2,-0.18542985714734975,-0.21605738942321748
332.485,-0.2,-0.1869029514417341,0.08543289193734437
332.49,-0.2,-0.18806283865903947,0.028365991295182816
332.495,-0.2,-0.18889229739091823,0.051175543775150184
332.5,-0.2,-0.18928871164349673,-0.12322539317109533
332.505,-0.2,-0.18912790163300658,-0.44261405252519087
332.51,-0.2,-0.18835568879881448,-0.45135077831697645
332.515,-0.2,-0.18704992794603,-0.2884726046439038
332.52,-0.2,-0.18539521737570722,-0.058218000347401766
332.525,-0.2,-0.18358604309511278,0.0764235005969632
332.53,-0.2,-0.18173325935482623,0.06353226611305507
332.535,-0.2,-0.17983096614444827,-0.004231696043744817
332.54,-0.2,-0.17779006012270313,-0.18410685223320444
332.545,-0.2,-0.17550906306117986,-0.2582602234384307
332.55,-0.2,-0.17294790779778077,-0.5194300817630618
332.555,-0.2,-0.1701842545574438,-0.5135396043771046
332.56,-0.2,-0.16742364966480003,-0.15553874203072082
332.565,-0.2,-0.1649319926866823,-0.10594464194671471
332.57,-0.2,-0.1629277750604813,0.0034487190778229315
332.575,-0.2,-0.16151010020895323,0.10191660665828879
332.58,-0.2,-0.16064961785985474,-0.25646618912490365
332.585,-0.2,-0.16024333421478165,-0.3340341660745748
332.59,-0.2,-0.1602086605696756,-0.4855661636156868
332.595,-0.2,-0.16054943778391353,-0.33303355928156325
332.6,-0.2,-0.16134892649097718,-0.18044408958680286
332.605,-0.2,-0.1627009375207549,0.025080491594326838
332.61,-0.2,-0.16462661914481322,0.024098432534492814
332.615,-0.2,-0.167033001844799,-0.07513267856468096
332.62,-0.2,-0.16973809631644957,-0.1844955859050749
332.625,-0.2,-0.17254823366860758,-0.6080141889311463
332.63,-0.2,-0.17534822911621595,-0.28846027071344604
332.635,-0.2,-0.17814462100629314,-0.5223411259932516
332.64,-0.2,-0.18103250028632897,-0.0093997893528667
332.645,-0.2,-0.18411018425223583,-0.003269902320093422
332.65,-0.2,-0.18738786303777122,0.09894374358314117
332.655,-0.2,-0.19074396247029568,0.059413514760999375
332.66,-0.2,-0.19395498722753982,-0.2875150866935286
332.665,-0.2,-0.1967857595712044,-0.41707065081631284
332.67,-0.2,-0.19909620855355706,-0.5149960533482989
332.675,-0.2,-0.20089613967356618,-0.31365251658329985
332.68,-0.2,-0.2023172088511708,-0.3077194504410249
332.685,-0.2,-0.203529364477787,0.14006848782052325
332.69,-0.2,-0.2046384856430611,0.14877645564601413
332.695,-0.2,-0.20561379871260502,0.004515410123553571
332.7,-0.2,-0.20629808731943908,-0.03866346460013295
332.705,-0.2,-0.20648804728550088,-0.3025525913136393
332.71,-0.2,-0.20603155542877452,-0.49287540262866547
332.715,-0.2,-0.2049022005941593,-0.28412292969563874
332.72,-0.2,-0.20320054331515533,-0.03393002700192507
332.725,-0.2,-0.20106684797327634,0.1227320337810725
332.73,-0.2,-0.1985694682691805,0.34508870649682943
332.735,-0.2,-0.19564435689231682,0.006836155837036529
332.74,-0.2,-0.19213384385185048,-0.3774118741732365
332.745,-0.2,-0.18791045982927831,-0.2805264351456075
332.75,-0.2,-0.18298355494563898,-0.460053191076515
332.755,-0.2,-0.17752608583997645,-0.5464417515230664
332.76,-0.2,-0.17184443425944132,-0.06577379495929875
332.765,-0.2,-0.16629106536195246,0.017285208120464583
332.77,-0.2,-0.1611356200589531,0.2791842304547033
332.775,-0.2,-0.1564712811274298,0.2100447331763825
332.78,-0.2,-0.15221337177045466,-0.19108421628833894
332.785,-0.2,-0.14819999787094143,-0.4626156349098888
332.79,-0.2,-0.14434223686313505,-0.5898966252373026
332.795,-0.2,-0.1407197982195923,-0.4194795792012219
332.8,-0.2,-0.137563961790596,-0.2897374337674432
332.805,-0.2,-0.1351580735105063,-0.04740906463444734
332.81,-0.2,-0.13371757306125218,0.19116002813455482
332.815,-0.2,-0.13330131340157703,-0.0012208657850187044
332.82,-0.2,-0.13380161775982946,-0.12613606024987095
332.825,-0.2,-0.13502271903409188,-0.39613373521099016
332.83,-0.2,-0.1367889020369244,-0.33945750001017816
332.835,-0.2,-0.13900857510574566,-0.320285880269712
332.84,-0.2,-0.14166829082898158,-0.2064003111666051
332.845,-0.2,-0.1447750003566553,0.14742680054987037
332.85,-0.2,-0.1482745391009312,0.1290251728037433
332.855,-0.2,-0.1519951396364343,0.03107769228414875
332.86,-0.2,-0.1556686144903931,-0.1627941198268372
332.865,-0.2,-0.15902201751239015,-0.46308026743646513
332.87,-0.2,-0.16188831209202093,-0.5858257474220706
332.875,-0.2,-0.16427577312432803,-0.36065643753156523
332.88,-0.2,-0.166347297604015,-0.2946009408774216
332.885,-0.2,-0.168326264670377,-0.06612438239994506
332.89,-0.2,-0.170395015624593,-0.030158814043703103
332.895,-0.2,-0.17262913984463818,0.07722329857128855
332.9,-0.2,-0.1749840962986856,-0.20247161308033731
332.905,-0.2,-0.17734472489243996,-0.3645365404827076
332.91,-0.2,-0.17961587058481598,-0.4424419814794641
332.915,-0.2,-0.1817885755892475,-0.29780845628833963
332.92,-0.2,-0.18393274834220213,-0.16768727026346492
332.925,-0.2,-0.18613356780579263,-0.06987090451596968
332.93,-0.2,-0.18842434450427067,0.015452069114783057
332.935,-0.2,-0.19074791931065446,0.08895202929798093
332.94,-0.2,-0.19295408033788966,-0.1062152628715583
332.945,-0.2,-0.19484061462325106,-0.20950807178938802
332.95,-0.2,-0.19622605677594512,-0.30225818131937876
332.955,-0.2,-0.19701015581244186,-0.2833917501081331
332.96,-0.2,-0.19718919057958373,-0.2142914666290475
332.965,-0.2,-0.19682728099060787,-0.09663237688697879
332.97,-0.2,-0.19599935529137877,0.13672188615969655
332.975,-0.2,-0.19472547538155974,0.16153986982978433
332.98,-0.2,-0.19294086659102452,-0.23636689037815287
332.985,-0.2,-0.19054852630242033,-0.32284346739170827
332.99,-0.2,-0.18752462700920705,-0.5568006315412414
332.995,-0.2,-0.18399307828263659,-0.45590584820887836
333.0,-0.2,-0.18022008985285357,-0.20610821764056692
333.005,-0.2,-0.17652587125357677,0.07009342438646832
333.01,-0.2,-0.173153840602484,0.27454493374685307
333.015,-0.2,-0.17017766910858484,-0.029342064961348634
333.02,-0.2,-0.16751282593692685,-0.13797083902134014
333.025,-0.2,-0.16501843233870533,-0.38727245205847305
333.03,-0.2,-0.16261313449433068,-0.5381871408137568
333.035,-0.2,-0.16034136293636742,-0.2780248645439223
333.04,-0.2,-0.15835272798550387,-0.0940676743202644
333.045,-0.2,-0.1568069034016633,0.022206619639427966
333.05,-0.2,-0.15577476473974472,0.2018289336135185
333.055,-0.2,-0.1551902045654059,0.030929171675036015
333.06,-0.2,-0.1548685623820145,-0.08939190110065254
333.065,-0.2,-0.15458681270960808,-0.38188915892045144
333.07,-0.2,-0.15418958125584467,-0.507395220290041
333.075,-0.2,-0.15366149292604067,-0.2855720010916209
333.08,-0.2,-0.1531101161147886,-0.020684862528105363
333.085,-0.2,-0.1526652745797479,0.07114375798305514
333.09,-0.2,-0.15237799343489106,0.05799304699654198
333.095,-0.2,-0.1521833129003075,0.1778009699039268
333.1,-0.2,-0.15191641603721587,-0.004694634112589913
333.105,-0.2,-0.15137265252942486,-0.5118926709790014
333.11,-0.2,-0.15041441660087465,-0.34231017474974024
333.115,-0.2,-0.14905438439689617,-0.3500331099108951
333.12,-0.2,-0.14744004358110924,-0.15559152999535283
333.125,-0.2,-0.1457623689114541,0.19351374249719544
333.13,-0.2,-0.14414194384634105,0.3134455402559829
333.135,-0.2,-0.14255050981865658,0.0005121186455241747
333.14,-0.2,-0.14083632338235375,-0.18728834554447893
333.145,-0.2,-0.13883669078737243,-0.283902541265321
333.15,-0.2,-0.1364825341284284,-0.4263523757964587
333.155,-0.2,-0.13384202126804115,-0.3494110269476494
333.16,-0.2,-0.13110177819608754,-0.13540161787180438
333.165,-0.2,-0.12849417590144568,-0.056349601791656684
333.17,-0.2,-0.12620619717687473,0.12715573436070313
333.175,-0.2,-0.12431337427136753,0.15809580593281092
333.18,-0.2,-0.12275794023464112,0.0792928878643884
333.185,-0.2,-0.12138751170490791,-0.34370889576834784
333.19,-0.2,-0.12005633880122335,-0.41390705996472227
333.195,-0.2,-0.11872338910685498,-0.20751812086872282
333.2,-0.2,-0.11745941842801379,-0.08993501088706782
333.205,-0.2,-0.11637155920588531,-0.030867596983951112
333.21,-0.2,-0.11552223139148857,0.22596511167697375
333.215,-0.2,-0.11488120046439024,0.00873709120530139
333.22,-0.2,-0.11432811427668121,-0.07774998785104065
333.225,-0.2,-0.11371419268837735,-0.28022009810688364
333.23,-0.2,-0.11294361532584836,-0.30351939104727355
333.235,-0.2,-0.1120190911223731,-0.21162110718183835
333.24,-0.2,-0.11102858352992237,-0.13340338112925507
333.245,-0.2,-0.11008739027653655,0.08177481290283742
333.25,-0.2,-0.10926251747261957,0.2964001444179895
333.255,-0.2,-0.10851214516186239,0.04557598866051839
333.26,-0.2,-0.10768908519654176,-0.03414632549025601
333.265,-0.2,-0.10662146332602593,-0.39260038345210213
333.27,-0.2,-0.10521773457999382,-0.35151821288583585
333.275,-0.2,-0.10352359122174301,-0.1868775355553517
333.28,-0.2,-0.1016954852980722,-0.2067017205692489
333.285,-0.2,-0.09992599199252505,0.010534968749785989
333.29,-0.2,-0.09836597126862175,0.27603133958698806
333.295,-0.2,-0.09706022732259255,-0.006218486196998066
333.3,-0.2,-0.09594186762443226,-0.1304489355687281
333.305,-0.2,-0.09490953935875591,-0.3765051066922614
333.31,-0.2,-0.09392959041144386,-0.47609939196920803
333.315,-0.2,-0.09309079623442158,-0.23180814918178538
333.32,-0.2,-0.09257428173495166,-0.06726941100226215
333.325,-0.2,-0.09255512884457151,0.15777925353261746
333.33,-0.2,-0.09310019416600876,0.24093231298663093
333.335,-0.2,-0.09411502881489857,0.23359528402389884
333.34,-0.2,-0.09536466489812123,-0.16307615678199866
333.345,-0.2,-0.09657494898163538,-0.4078596633215827
333.35,-0.2,-0.0975655020000498,-0.37529462894480964
333.355,-0.2,-0.09832080383445856,-0.3157286794413267
333.36,-0.2,-0.09895882622052582,-0.06896492017698427
333.365,-0.2,-0.09963351877542784,0.1562962134211615
333.37,-0.2,-0.10042135333359749,0.4074198259376043
333.375,-0.2,-0.10124411970549153,0.11202042652676301
333.38,-0.2,-0.10188843904373544,-0.1761549023117203
333.385,-0.2,-0.10212588334377816,-0.3897901298270024
333.39,-0.2,-0.10184437019262069,-0.3465873081159035
333.395,-0.2,-0.10110135529684398,-0.3801368879274097
333.4,-0.2,-0.10009050593110873,-0.11692183550455285
333.405,-0.2,-0.09904849507503222,0.266793971605502
333.41,-0.2,-0.09813205276160651,0.24761627018696322
333.415,-0.2,-0.09734102697345975,-0.01466507965878168
333.42,-0.2,-0.0965533302206291,-0.09321075712254068
333.425,-0.2,-0.09562971323304734,-0.28519009919251054
333.43,-0.2,-0.0945067983754468,-0.4323302570801917
333.435,-0.2,-0.09325069249863031,-0.45056407658345565
333.44,-0.2,-0.09205252461968723,0.013549226150361124
333.445,-0.2,-0.09114517639366672,-0.028919663177258192
333.45,-0.2,-0.0906847206145232,0.37876842633229013
333.455,-0.2,-0.09067012651282831,0.1346928951555959
333.46,-0.2,-0.09094604904454204,-0.13282997818479214
333.465,-0.2,-0.09129630138018081,-0.2678915334720839
333.47,-0.2,-0.09156098273358014,-0.2214561515952909
333.475,-0.2,-0.09168839794612448,-0.2021301842330997
333.48,-0.2,-0.0917097342530172,0.03284221410983626
333.485,-0.2,-0.09167098560925116,0.17268300417336274
333.49,-0.2,-0.09155637442502595,0.29133693746316514
333.495,-0.2,-0.09124405053445689,0.15654189504944677
333.5,-0.2,-0.09052953869568447,-0.10906120650296333
333.505,-0.2,-0.08921889819299399,-0.40603129145396244
333.51,-0.2,-0.08724357703362201,-0.4210929217663939
333.515,-0.2,-0.0847185935601503,-0.25679719674137547
333.52,-0.2,-0.08190203126586991,-0.11539926366602356
333.525,-0.2,-0.07909014353730165,0.08599491267183679
333.53,-0.2,-0.07651283442904494,0.15154809036827668
333.535,-0.2,-0.07427401749490206,0.0804826450939294
333.54,-0.2,-0.07236335830904463,-0.25714423748203286
333.545,-0.2,-0.07073918309128746,-0.3952655886149943
333.55,-0.2,-0.06942386859258355,-0.27263390051761105
333.555,-0.2,-0.06853344459194376,-0.25401557225038873
333.56,-0.2,-0.06823566464005809,-0.1754004055779414
333.565,-0.2,-0.06868282000816635,0.14665727945701612
333.57,-0.2,-0.06993421242586513,0.32829525128798437
333.575,-0.2,-0.07189052103583679,0.09630920897678903
333.58,-0.2,-0.07430471387972776,-0.07124635214785426
333.585,-0.2,-0.07688440020449767,-0.3798034788471345
333.59,-0.2,-0.07941584963584811,-0.3490398123140094
333.595,-0.2,-0.08182969766157934,-0.2542984265945645
333.6,-0.2,-0.08417622017217087,-0.04689386701803522
333.605,-0.2,-0.0865356795261544,0.19454810244888834
333.61,-0.2,-0.08891844192485031,0.2405865634714178
333.615,-0.2,-0.0912065073814345,0.24362171227899532
333.62,-0.2,-0.09316742956112635,-0.046291785640259805
333.625,-0.2,-0.09453730171970785,-0.21855602977924643
333.63,-0.2,-0.095134624134119,-0.47929993085070854
333.635,-0.2,-0.09494382747573797,-0.24795561054613677
333.64,-0.2,-0.09411302514613376,-0.11574677327243157
333.645,-0.2,-0.0928638279603178,0.1687869069489036
333.65,-0.2,-0.09137527200516381,0.15899936701298964
333.655,-0.2,-0.08971564711246048,0.08346146849315826
333.66,-0.2,-0.08784775758272761,0.12747421690217758
333.665,-0.2,-0.0856851561460827,-0.3436896102607449
333.67,-0.2,-0.08317984528586059,-0.39932080458491837
333.675,-0.2,-0.08040313700017043,-0.22805639545922096
333.68,-0.2,-0.07754656403209323,-0.09106017094209139
333.685,-0.2,-0.07483623189521352,0.1391243009335692
333.69,-0.2,-0.07242911590017886,0.25024427694448226
333.695,-0.2,-0.07034679491936147,0.20872271132982573
333.7,-0.2,-0.0684759768744176,0.0014739246187980282
333.705,-0.2,-0.06664482171153085,-0.37055583423302724
333.71,-0.2,-0.06474136388293672,-0.3664153698284929
333.715,-0.2,-0.06279634452199875,-0.2963430133696641
333.72,-0.2,-0.060970147493066944,-0.049805696460504006
333.725,-0.2,-0.059460443260868794,0.12295183649806594
333.73,-0.2,-0.058392967582212886,0.29634080175890987
333.735,-0.2,-0.05774945970478462,0.2379546715616453
333.74,-0.2,-0.057373298662833395,-0.19102192429715276
333.745,-0.2,-0.05706335299463094,-0.2377433900084063
333.75,-0.2,-0.05669637356267288,-0.4478442542475936
333.755,-0.2,-0.05629539396084048,-0.30608444007736235
333.76,-0.2,-0.05601099136635449,-0.007820484791677448
333.765,-0.2,-0.05602583004058385,0.17774428935564887
333.77,-0.2,-0.056434254968449504,0.34230098045984203
333.775,-0.2,-0.05717338769037458,0.09329698951057575
333.78,-0.2,-0.05804580421719599,0.06795571627283635
333.785,-0.2,-0.05881063446022048,-0.28182799674487885
333.79,-0.2,-0.05929162139042309,-0.3739841643955978
333.795,-0.2,-0.0594517774708682,-0.21336591388217355
333.8,-0.2,-0.059394334950642544,-0.2567508621308249
333.805,-0.2,-0.05930019522908664,0.0017057504731034512
333.81,-0.2,-0.05933952176790673,0.30442543738983907
333.815,-0.2,-0.05957845759867211,0.2697618932188256
333.82,-0.2,-0.05993282125329721,0.014795490165555099
333.825,-0.2,-0.060224215714051815,-0.26057316657767937
333.83,-0.2,-0.06030272057691766,-0.3224209543774178
333.835,-0.2,-0.060147497572174385,-0.5322631247039236
333.84,-0.2,-0.05989129793884125,-0.03817676123691452
333.845,-0.2,-0.059750232687415326,0.11176845567808957
333.85,-0.2,-0.05989119200461821,0.31751495239146255
333.855,-0.2,-0.060327657575774664,0.27470859716061485
333.86,-0.2,-0.06090751867417181,0.053708730553990836
