t,reference,measured,noisy
86.51,0.2,-1.1407821952244311e-05,-0.365179115261169
86.515,0.2,-9.274481090130618e-05,-0.19726888203068801
86.52,0.2,-0.00037534788672517804,-0.14931166849670371
86.525,0.2,-0.0010275614847292942,0.1449305662904002
86.53,0.2,-0.0021655217664491265,0.37758718474580594
86.535,0.2,-0.0037654099255569284,0.3128177114269149
86.54,0.2,-0.005645970745675335,-0.07096848707123284
86.545,0.2,-0.007557428312288596,-0.243172400334593
86.55,0.2,-0.009318790687429664,-0.40010148587467564
86.555,0.2,-0.010900971156787231,-0.15631225271256272
86.56,0.2,-0.012397920552739186,0.24804087809377057
86.565,0.2,-0.013908262674911912,0.2314540322305569
86.57,0.2,-0.015426863177493467,0.24141370049053898
86.575,0.2,-0.016826291793352113,0.13692097212561843
86.58,0.2,-0.01790848846723876,0.09491122690365245
86.585,0.2,-0.018473266362954228,-0.09044910164747684
86.59,0.2,-0.018382979330270235,-0.1995616154204541
86.595,0.2,-0.01761693227128134,-0.34354407857474606
86.6,0.2,-0.016288025532929344,0.10008663505745971
86.605,0.2,-0.0145794446393738,0.32368202008498165
86.61,0.2,-0.012626316327094388,0.22377932563209255
86.615,0.2,-0.010445843661259953,0.21739899389277914
86.62,0.2,-0.007962811679452533,0.015808346702040087
86.625,0.2,-0.005087849590677932,-0.20014344513497426
86.63,0.2,-0.0017980855730566668,-0.10079658926255644
86.635,0.2,0.0018243483446130577,-0.13592184032175797
86.64,0.2,0.005617295183579951,0.11093881282586551
86.645,0.2,0.009407782838648666,0.2709968770460788
86.65,0.2,0.013095566481634442,0.4486296434958061
86.655,0.2,0.016704861964952647,0.09088163892760634
86.66,0.2,0.02035501994616438,0.06136737694660599
86.665,0.2,0.024168641199207763,-0.1429017037757302
86.67,0.2,0.02818206980409948,-0.3687100699054167
86.675,0.2,0.032289477210720056,-0.29480075487668966
86.68,0.2,0.03624550044442368,0.03082079158816612
86.685,0.2,0.039755398918695686,0.2883327296933779
86.69,0.2,0.042616344074985615,0.5566497217527141
86.695,0.2,0.044821397267791746,0.34376588711580247
86.7,0.2,0.046564227617422974,0.35103319412030143
86.705,0.2,0.048151633654652706,-0.05241173250272532
86.71,0.2,0.04987458803790776,-0.18190375135186232
86.715,0.2,0.05189696013500753,-0.1256640208455277
86.72,0.2,0.05422771845564244,0.21983956530109844
86.725,0.2,0.05679327629423579,0.19961652055232837
86.73,0.2,0.059535189444127036,0.29548436502635267
86.735,0.2,0.062456358904860246,0.203780593608658
86.74,0.2,0.06560661367133702,0.02854271834149137
86.745,0.2,0.06902835089355967,-0.10618968987266501
86.75,0.2,0.07269113003283942,-0.20807734838794298
86.755,0.2,0.07645612362676844,-0.06773213385189387
86.76,0.2,0.08009828337339954,0.033711020730657
86.765,0.2,0.08337453809212292,0.14064975054374806
86.77,0.2,0.08609985908039165,0.34075193907200235
86.775,0.2,0.08820417037498444,0.32170473250517384
86.78,0.2,0.08974014561496,-0.10939218923151191
86.785,0.2,0.09080894235145968,-0.23898204536972156
86.79,0.2,0.09145481613038836,0.002420344073810865
86.795,0.2,0.0916306114120667,-0.16390753932548074
86.8,0.2,0.09123813018942224,0.09598735122912064
86.805,0.2,0.09019344459886472,0.4060853170986909
86.81,0.2,0.08850780308097302,0.41998772812874385
86.815,0.2,0.08634732083670116,0.4044482804356339
86.82,0.2,0.08401178868512263,0.06759925861356006
86.825,0.2,0.08183177959416538,-0.16669034669078747
86.83,0.2,0.08004404430836944,-0.12531575270991707
86.835,0.2,0.07872311252208396,-0.16200860013832175
86.84,0.2,0.0777966335259811,0.0020579245181724937
86.845,0.2,0.07711848220205672,0.3236370415123734
86.85,0.2,0.07657478973659448,0.5038487381289557
86.855,0.2,0.07617984224907638,0.43976844304990287
86.86,0.2,0.0760915457089105,0.10248283409910897
86.865,0.2,0.07652229770804275,-0.10654615426586293
86.87,0.2,0.07761251259442668,-0.05314681043642164
86.875,0.2,0.07936326999791173,-0.05774192320472709
86.88,0.2,0.08165896764595822,0.23086548748299718
86.885,0.2,0.08434563899449787,0.2800860098525059
86.89,0.2,0.08731279437650538,0.34285199691232976
86.895,0.2,0.09053066143870955,0.19541558476556253
86.9,0.2,0.09403204037736375,0.26511525689331994
86.905,0.2,0.09786433815962532,-0.09477702326351706
86.91,0.2,0.10201883764545706,-0.4105120120314613
86.915,0.2,0.1063564747259359,0.02778148686189366
86.92,0.2,0.11061493419790072,0.1857775924893276
86.925,0.2,0.1145220481457236,0.3500663083659816
86.93,0.2,0.11791807712593697,0.5242741270961889
86.935,0.2,0.12081157954935945,0.3671933333988047
86.94,0.2,0.123361367630358,0.31166891913170247
86.945,0.2,0.1257969428976592,-0.02563669698964604
86.95,0.2,0.12830591154730292,-0.2427386485559793
86.955,0.2,0.13093393424334643,-0.17730398687515098
86.96,0.2,0.13355716835537518,0.021666994109258653
86.965,0.2,0.13595534697665096,0.3329075316141443
86.97,0.2,0.1379363786833032,0.3219325062620262
86.975,0.2,0.1394303494853961,0.478142979104762
86.98,0.2,0.1405138829834875,0.32990036635298203
86.985,0.2,0.141366576302323,-0.021241535230323627
86.99,0.2,0.14216915803553914,-0.16076514049938237
86.995,0.2,0.14299485709288784,-0.148019413254822
87.0,0.2,0.14377595511098418,0.13190140059606004
87.005,0.2,0.14436987292910322,0.30053529527887446
87.01,0.2,0.14467148227949753,0.48890483853476774
87.015,0.2,0.14470188388445557,0.5502823826765502
87.02,0.2,0.14463259125150693,0.33262179423642746
87.025,0.2,0.1447209284449419,-0.2017777235470712
87.03,0.2,0.1451715406827626,-0.1236319951995577
87.035,0.2,0.14602663728735982,0.021026082019207942
87.04,0.2,0.1471778882170869,0.159777100270569
87.045,0.2,0.14846431784576258,0.3354232375943939
87.05,0.2,0.14977279979004052,0.5120995571469803
87.055,0.2,0.15110450338124784,0.4861963059347998
87.06,0.2,0.15257764683523373,0.039046098243625676
87.065,0.2,0.15433937277990176,-0.15282447793222717
87.07,0.2,0.15644180553876413,-0.024760143425792747
87.075,0.2,0.1587880439355537,-0.09802834288574962
87.08,0.2,0.16117401071396842,0.2701764687148813
87.085,0.2,0.16338597261841292,0.5057653254458753
87.09,0.2,0.16531040058487154,0.4791710452177539
87.095,0.2,0.16699081924707607,0.3961087288791601
87.1,0.2,0.1685908577473499,0.14529409820010394
87.105,0.2,0.17029673713103094,0.037727577464673374
87.11,0.2,0.17222042994368839,-0.08348743716885407
87.115,0.2,0.17434568790141897,-0.07752536827425333
87.12,0.2,0.17653545488862532,0.2116406410461394
87.125,0.2,0.1786038829745714,0.37980059843795855
87.13,0.2,0.18041953689288376,0.46313178994810306
87.135,0.2,0.1819708806037849,0.3340651077850237
87.14,0.2,0.18335262968269136,0.17991836103541328
87.145,0.2,0.18468893563936567,-0.06657552826151275
87.15,0.2,0.18603860891440888,-0.1708997740993856
87.155,0.2,0.18734147392327333,0.1961656137328241
87.16,0.2,0.18845139199249172,0.151513414547905
87.165,0.2,0.1892237768982842,0.33130009709381525
87.17,0.2,0.1895849010632579,0.3788118194225843
87.175,0.2,0.1895648119300646,0.48942966711813896
87.18,0.2,0.18929495553422804,0.09780997860769691
87.185,0.2,0.18894737532073838,-0.014992513815354457
87.19,0.2,0.1886395902925895,0.02181937615923152
87.195,0.2,0.18838330529427202,0.026672102142923343
87.2,0.2,0.18810946042428522,0.322718311771105
87.205,0.2,0.18774235780404083,0.42420513964595674
87.21,0.2,0.18728534757054655,0.6704613823903437
87.215,0.2,0.18687732742085494,0.5260426138278741
87.22,0.2,0.18677824171317517,0.21682502247995147
87.225,0.2,0.18726854834097284,-0.06248134182377682
87.23,0.2,0.1885148161367343,-0.10130419474792676
87.235,0.2,0.1904906152292225,-0.09474391767351377
87.24,0.2,0.19299226976056214,0.11943750715660821
87.245,0.2,0.1957300537997255,0.4128464133583397
87.25,0.2,0.19845157162358817,0.48810562562517906
87.255,0.2,0.20103537694886484,0.4773872001802758
87.26,0.2,0.2034998665017686,0.132546000285804
87.265,0.2,0.2059256280062686,0.052500668087851296
87.27,0.2,0.2083521009211483,-0.03102441826930008
87.275,0.2,0.21072186406118082,0.06715768119137985
87.28,0.2,0.21289469083835355,0.14996839036430004
87.285,0.2,0.21470911225853642,0.4151551802910297
87.29,0.2,0.21606327300064276,0.5111961609786376
87.295,0.2,0.21697074886996592,0.2312661160466283
87.3,0.2,0.21754809207728562,0.40895569806402843
87.305,0.2,0.21794984681917207,-0.07168971343618372
87.31,0.2,0.218286179008942,-0.13445010409504637
87.315,0.2,0.21855231040751516,0.050203149223957425
87.32,0.2,0.2186340041080701,0.34548078438759633
87.325,0.2,0.21840721306003008,0.5148816790145594
87.33,0.2,0.21785164605398222,0.5806685460144583
87.335,0.2,0.21709671246644163,0.3921994784022108
87.34,0.2,0.2163766031893848,0.16277956435184499
87.345,0.2,0.21592815782918132,0.12395100162139039
87.35,0.2,0.21589592763139057,-0.11333335509388032
87.355,0.2,0.21628086106695435,-0.05921849076271675
87.36,0.2,0.21694115764600824,0.1232490377895892
87.365,0.2,0.21765428449370416,0.2863352918050248
87.37,0.2,0.2182192696341988,0.5253690228831174
87.375,0.2,0.21854687299429784,0.4798367654320476
87.38,0.2,0.2186863455909418,0.21521287708777054
87.385,0.2,0.21876663867813406,0.09739266075055253
87.39,0.2,0.21889445798962942,-0.04940148916715177
87.395,0.2,0.21908198635478673,0.03092150381730266
87.4,0.2,0.21924090358346954,0.15845119655737114
87.405,0.2,0.2192429650370559,0.5381061096782261
87.41,0.2,0.219024388504623,0.6848076333274205
87.415,0.2,0.21866752941039022,0.34830153402401565
87.42,0.2,0.21837324318539714,-0.009217896433491607
87.425,0.2,0.2183352606698596,0.1590464661746711
87.43,0.2,0.21863690047868767,-0.08645591933548157
87.435,0.2,0.21922725830994044,-0.03781704912444381
87.44,0.2,0.21994349946155362,0.1664230873764586
87.445,0.2,0.2205761785131312,0.45907418370046643
87.45,0.2,0.22097198980519323,0.45394550698629677
87.455,0.2,0.2211047726407769,0.35984943270199043
87.46,0.2,0.2210609909728459,0.1809705314031994
87.465,0.2,0.22096205833774496,0.052456654955172766
87.47,0.2,0.22087772225733845,-0.13716407814851345
87.475,0.2,0.22077185057337548,0.05659172835203491
87.48,0.2,0.22051374288536232,0.249920588044055
87.485,0.2,0.2199536049085737,0.28295133185806254
87.49,0.2,0.21900771001511002,0.5296725441456767
87.495,0.2,0.21770575237966938,0.32048594463006436
87.5,0.2,0.21618099098664442,0.21152628014173963
87.505,0.2,0.21460226517200126,0.02067372337252296
87.51,0.2,0.21308294203080644,-0.1905572524762093
87.515,0.2,0.21161270791719683,-0.11101111271303801
87.52,0.2,0.21005471616657226,0.25232980481464795
87.525,0.2,0.20823191022722623,0.4243267578437513
87.53,0.2,0.2060497645237519,0.48111439998139793
87.535,0.2,0.20356874901296698,0.5778244106683804
87.54,0.2,0.20099352688221667,0.1366234887476865
87.545,0.2,0.19858167949635,-0.08334164089913919
87.55,0.2,0.19651482317911784,-0.016792289141166428
87.555,0.2,0.19482476350807698,-0.04765212613841679
87.56,0.2,0.19340986811036973,0.03876164008827687
87.565,0.2,0.19210284908518066,0.3970265117110097
87.57,0.2,0.1907671080973196,0.5362963761489336
87.575,0.2,0.18938734550322645,0.4337367675322349
87.58,0.2,0.18808527353903165,0.23549903957652793
87.585,0.2,0.18704292311401313,0.0031545810522866768
87.59,0.2,0.18639092453164915,-0.105875923631999
87.595,0.2,0.18613397780283447,0.03827653746137816
87.6,0.2,0.18615645989248233,0.16877056291681802
87.605,0.2,0.18629256307333056,0.22719362246340402
87.61,0.2,0.1864065907264248,0.45761522746122263
87.615,0.2,0.18645288228839918,0.4764169329064394
87.62,0.2,0.18649881066452176,0.25078799563355203
87.625,0.2,0.18668062013938355,0.00682718380925533
87.63,0.2,0.18710403379472404,-0.08769771437604883
87.635,0.2,0.18776178522075423,-0.044287694516604116
87.64,0.2,0.18852528032855342,0.11881259123886447
87.645,0.2,0.1892044986148739,0.2078391355943845
87.65,0.2,0.18963283489193594,0.4418507299631788
87.655,0.2,0.18973226934361723,0.21228299592667277
87.66,0.2,0.18952266049448135,0.217573718035747
87.665,0.2,0.1890685723256288,-0.13672008243299819
87.67,0.2,0.18840433149028,0.08221705720790043
87.675,0.2,0.18749243244266967,-0.10873918104254886
87.68,0.2,0.18623272743542885,0.11821818076174703
87.685,0.2,0.1845148132862109,0.52060002163323
87.69,0.2,0.18230811752567377,0.4958490387321529
87.695,0.2,0.17972918426208406,0.2578567065136632
87.7,0.2,0.17700914326499964,0.17574226856214445
87.705,0.2,0.17439109594317803,-0.017923687806706362
87.71,0.2,0.1720383597841887,-0.09268763423562915
87.715,0.2,0.16998925961837816,-0.004749225068762341
87.72,0.2,0.1681705273840379,0.15217515427141554
87.725,0.2,0.1664658761282629,0.35691020038582555
87.73,0.2,0.1648021502031743,0.37246768795717905
87.735,0.2,0.1632044279366786,0.42680535567525574
87.74,0.2,0.16179147176446484,0.09737087915570798
87.745,0.2,0.1607124993460347,0.07924105755702755
87.75,0.2,0.1600647272775121,-0.03905086663916632
87.755,0.2,0.15984405891435918,-0.033721191308401864
87.76,0.2,0.15994968176595975,0.20548354228836646
87.765,0.2,0.16024481776887733,0.482803842187435
87.77,0.2,0.16065110442039104,0.43607507774786824
87.775,0.2,0.16120582466377892,0.33032640811039526
87.78,0.2,0.16203073859587433,0.058470769471214684
87.785,0.2,0.16324119245282817,0.02564905734212676
87.79,0.2,0.1648636925089618,-0.09442855536418537
87.795,0.2,0.16680164011870446,-0.09528971602502934
87.8,0.2,0.16884856809776275,0.0363058651854358
87.805,0.2,0.17074687156605106,0.3535610228347098
87.81,0.2,0.1722875231936139,0.5162969733275782
87.815,0.2,0.1734070816684591,0.5662800656933833
87.82,0.2,0.1742148068268815,0.20864771600366608
87.825,0.2,0.1749167921594605,-0.03217924471071221
87.83,0.2,0.1756832822918838,-0.07497184908882967
87.835,0.2,0.1765545690948138,-0.09491500708978938
87.84,0.2,0.17744147042582284,0.299926785653699
87.845,0.2,0.17820624028211843,0.27814183773773987
87.85,0.2,0.17876032417706056,0.4194209676051649
87.855,0.2,0.17911867529185696,0.46704727639481824
87.86,0.2,0.1793998951990034,0.23023342330463997
87.865,0.2,0.17976833521582808,-0.15496357716133582
87.87,0.2,0.18032890942280366,-0.02919695526547858
87.875,0.2,0.1810544818348445,-0.01190272103962512
87.88,0.2,0.18180666034353662,0.17942954721131993
87.885,0.2,0.18241995802664196,0.41721887923542234
87.89,0.2,0.18279851028281793,0.557803240908887
87.895,0.2,0.1829827984948517,0.4211210531992344
87.9,0.2,0.18313898462731332,0.14992818987203937
87.905,0.2,0.18346634594063083,-0.011582802548982758
87.91,0.2,0.18408562703755746,-0.08652741274528393
87.915,0.2,0.18497738799827385,-0.08301994453173388
87.92,0.2,0.18599854452271777,0.32893910539277305
87.925,0.2,0.18697117031262528,0.38123188492104415
87.93,0.2,0.18778756300163846,0.38201141908533964
87.935,0.2,0.18845884127916263,0.47702416645716517
87.94,0.2,0.18910308924806765,0.371073916106864
87.945,0.2,0.18989340285258713,-0.09064525092609572
87.95,0.2,0.19095845964805794,-0.16919360491989044
87.955,0.2,0.1922887966123946,0.11805236927610965
87.96,0.2,0.19373707588974934,-0.020673079311005288
87.965,0.2,0.1951017208552028,0.522786066159612
87.97,0.2,0.1962246900558159,0.23730443254956352
87.975,0.2,0.19704680573637803,0.2558084887517046
87.98,0.2,0.1975887944579943,0.13410658682468876
87.985,0.2,0.19789286356973565,0.08196802454482374
87.99,0.2,0.19797245284903928,-0.1113240068423888
87.995,0.2,0.19778000564150755,0.07415580541871794
88.0,0.2,0.19721394559307875,0.2176756768733328
88.005,0.2,0.1961800057571687,0.42290820960285225
88.01,0.2,0.19467140175974476,0.5081110206175924
88.015,0.2,0.19281074783765245,0.3051106323447022
88.02,0.2,0.19081644125875025,0.098644830525402
88.025,0.2,0.18890829876917295,-0.0019694196960455337
88.03,0.2,0.18721534627886874,-0.12216829856331529
88.035,0.2,0.18573587842223774,0.028238087785418413
88.04,0.2,0.18436455277175348,0.23986172293026325
88.045,0.2,0.18297769551101117,0.4710372840523575
88.05,0.2,0.18153453432045533,0.5546975520104244
88.055,0.2,0.18013844103563198,0.5689021330263169
88.06,0.2,0.17902160691961216,0.14261357725827958
88.065,0.2,0.1784474470485056,-0.0029914297805531814
88.07,0.2,0.17858754205307822,0.06844896574960946
88.075,0.2,0.17946698653482956,0.1445713538885911
88.08,0.2,0.1809969536693576,0.13319755919688708
88.085,0.2,0.18304034072688435,0.4563761985696816
88.09,0.2,0.18548856944243344,0.669353164992459
88.095,0.2,0.18833624046946412,0.45961932334568084
88.1,0.2,0.1916882435878281,0.21404042809766993
88.105,0.2,0.19567082312109077,0.020203924343241225
88.11,0.2,0.2003223885583015,0.11377318022273342
88.115,0.2,0.20554442619030677,-0.10301955824115586
88.12,0.2,0.21111799374536946,0.2956623171746783
88.125,0.2,0.2167714433514343,0.41154588301159173
88.13,0.2,0.22228044272240938,0.5081224042249629
88.135,0.2,0.2275354480789351,0.3043532544985161
88.14,0.2,0.23252742404269355,0.25172764354420274
88.145,0.2,0.23727459512792695,-0.08247344078491815
88.15,0.2,0.2417361854948163,-0.1258982754040519
88.155,0.2,0.2457565975716555,-0.040817926021414666
88.16,0.2,0.2490862751989373,0.32860654254085386
88.165,0.2,0.2514826748478287,0.4287315336981648
88.17,0.2,0.2528152444068621,0.25181381829698785
88.175,0.2,0.25309159300725853,0.3259991656445329
88.18,0.2,0.25241543424975516,0.22154984288034785
88.185,0.2,0.2509298181860904,-0.011569184048594906
88.19,0.2,0.24875578582279517,-0.03990586869835568
88.195,0.2,0.24594106122235723,-0.018944336185467377
88.2,0.2,0.24245711659215144,0.11360184705099725
88.205,0.2,0.23825117691872946,0.36414921173632897
88.21,0.2,0.23332746195172183,0.49297112223511824
88.215,0.2,0.2278185992105593,0.574929319700361
88.22,0.2,0.22200036067381806,0.23802904466835512
88.225,0.2,0.2162167478373854,-0.12260986832239196
88.23,0.2,0.21074737337110555,0.007079801396187885
88.235,0.2,0.20572295786464057,0.09068770716017409
88.24,0.2,0.2011487130581165,0.20252013353456588
88.245,0.2,0.19698298289642827,0.3089279322101695
88.25,0.2,0.1932090526452422,0.48997471900356887
88.255,0.2,0.18988484811393336,0.4590451622292368
88.26,0.2,0.18714777389789902,0.09864366353805129
88.265,0.2,0.1851452861108452,-0.08127209955408388
88.27,0.2,0.18392284831411596,-0.2767266402302665
88.275,0.2,0.18335402490714803,-0.011194406004584797
88.28,0.2,0.18316970349505882,0.15162036815721225
88.285,0.2,0.18307004494971857,0.4467091285903649
88.29,0.2,0.1828486607535525,0.46226185242395823
88.295,0.2,0.18246061731717683,0.4345015130715572
88.3,0.2,0.18200650008354063,0.19934316851560333
88.305,0.2,0.18165162791858042,0.11843321375486376
88.31,0.2,0.18152854514985417,-0.11156591918760071
88.315,0.2,0.18166923867439888,0.07050202434603169
88.32,0.2,0.18200339307808472,0.27503741623950884
88.325,0.2,0.18242613543195904,0.3377888981383117
88.33,0.2,0.1828793277421769,0.40152216788743583
88.335,0.2,0.18338239939467244,0.15493061664785868
88.34,0.2,0.18399915597731342,0.13853355447677881
88.345,0.2,0.18477361389107633,-0.038357832667733884
88.35,0.2,0.18567253470680617,-0.2194878942401498
88.355,0.2,0.1865537068328084,0.006145356383757187
88.36,0.2,0.1871870353036243,0.12778233224830313
88.365,0.2,0.18734038548424334,0.4584306492891193
88.37,0.2,0.18688162508198247,0.3288932881238592
88.375,0.2,0.18583124123351252,0.479105129001189
88.38,0.2,0.1843417074512371,0.07526368955079465
88.385,0.2,0.18261428555970233,-0.07892019553882282
88.39,0.2,0.18078713870382127,-0.234176163688217
88.395,0.2,0.1788640455524166,0.04773837158383451
88.4,0.2,0.17673994053579342,0.19324047200346464
88.405,0.2,0.17430482635636105,0.544467263520505
88.41,0.2,0.17155609136531164,0.4909713409641369
88.415,0.2,0.16865235410631108,0.4880249662765841
88.42,0.2,0.1658855776569425,0.36176995016183877
88.425,0.2,0.16358695500823744,-0.22983577629482382
88.43,0.2,0.16199538231840294,-0.058767036155890254
88.435,0.2,0.1611578900194775,-0.22047117847275807
88.44,0.2,0.16092961158317381,0.09452738480798129
88.445,0.2,0.16106651769637542,0.45763799385982723
88.45,0.2,0.16136595366787626,0.6057750105830959
88.455,0.2,0.16177690385749907,0.3361367204278864
88.46,0.2,0.16239501388864405,0.16317943933418888
88.465,0.2,0.16335708626371365,-0.017498199495229454
88.47,0.2,0.16472697178905535,-0.1496011686693404
88.475,0.2,0.16643314454516947,-0.10439504753028586
88.48,0.2,0.16827897639736128,0.2340601854550494
88.485,0.2,0.17003188082596024,0.4775629337929779
88.49,0.2,0.17155019926266205,0.6190513715471551
88.495,0.2,0.17286742436180053,0.5411096117160711
88.5,0.2,0.17417951591829248,0.21542903682119469
88.505,0.2,0.17574492992410112,0.15607492559307964
88.51,0.2,0.1777589791659355,-0.20396574906995862
88.515,0.2,0.18025657586028532,-0.27102762697436
88.52,0.2,0.18307404463565097,0.0011145045052689262
88.525,0.2,0.18590884408314745,0.3684136640067368
88.53,0.2,0.18847550445827999,0.8087865988453973
88.535,0.2,0.19066584377301066,0.515217333998901
88.54,0.2,0.19258531137137988,0.09789151944215438
88.545,0.2,0.19443499728353467,0.1097640510091718
88.55,0.2,0.1963543895918553,-0.271231665676076
88.555,0.2,0.19833581908332593,0.07937574150963167
88.56,0.2,0.20023850061824464,0.22602000272670697
88.565,0.2,0.2018858058479064,0.4436948770414046
88.57,0.2,0.20318202877471586,0.618067054601569
88.575,0.2,0.2041776427424154,0.373280080406402
88.58,0.2,0.205046738115803,0.1893855122115417
88.585,0.2,0.20598579870043185,-0.08381953007190567
88.59,0.2,0.20709494531277256,-0.20164729523621777
88.595,0.2,0.2083045291998636,-0.23163239611291556
88.6,0.2,0.20938120367863924,0.13451784835972636
88.605,0.2,0.21002241407404543,0.35187760873903046
88.61,0.2,0.2099953641148451,0.4974469286819814
88.615,0.2,0.2092302678960639,0.26255238164177097
88.62,0.2,0.20781003409188692,0.17973945315938258
88.625,0.2,0.2058824525659675,-0.05691720621414984
88.63,0.2,0.20356537707075312,-0.0048005713253045645
88.635,0.2,0.20089910356833032,0.036295089493471995
88.64,0.2,0.19786598435449448,0.33386282787596155
88.645,0.2,0.19446272088851876,0.43751799767100974
88.65,0.2,0.190778834126733,0.5340095136769857
88.655,0.2,0.18702644421152484,0.30653586346893813
88.66,0.2,0.1834927034259426,0.08922877580077644
88.665,0.2,0.18044043421879183,0.05771225094002104
88.67,0.2,0.17802354361041192,-0.051092085346184445
88.675,0.2,0.17625229213341065,-0.17671137962437863
88.68,0.2,0.17500288819874574,0.2336799493773691
88.685,0.2,0.17408867577566395,0.4980721606095863
88.69,0.2,0.17338763694818302,0.6735994783606738
88.695,0.2,0.17294143345732196,0.5251127839335997
88.7,0.2,0.17294283637361452,0.10436470052203405
88.705,0.2,0.17361483163403538,-0.015394978520899605
88.71,0.2,0.1750702883340619,-0.1177351101050361
88.715,0.2,0.17723879734873194,-0.23457831255490721
88.72,0.2,0.1798751751741988,0.10796854784556718
88.725,0.2,0.1826410277601544,0.3425286194596287
88.73,0.2,0.18523553202542015,0.47239465265100306
88.735,0.2,0.18749605934803848,0.29162033964776113
88.74,0.2,0.18940023541792284,0.12596482028877437
88.745,0.2,0.1909892368128835,0.07179547123601758
88.75,0.2,0.19228440558418955,-0.07568570705583702
88.755,0.2,0.19324392257733197,0.0735120486543146
88.76,0.2,0.19377288812209276,0.22986694506336705
88.765,0.2,0.1937837429473752,0.41849317837763644
88.77,0.2,0.19326837502051947,0.352679464457497
88.775,0.2,0.19232769844933365,0.3569762865912905
88.78,0.2,0.19114507703151112,0.23787026653946072
88.785,0.2,0.1899259942768752,0.023414862526935212
88.79,0.2,0.18882457948700504,-0.0700702201321944
88.795,0.2,0.18788851140340898,0.07738993175933773
88.8,0.2,0.18706835167668873,0.3013033897537487
88.805,0.2,0.18629564084969344,0.47456637553467496
88.81,0.2,0.18557911897664614,0.6737163622385454
88.815,0.2,0.1850591968050271,0.3916463093150237
88.82,0.2,0.18498298243137792,0.3618450247307824
88.825,0.2,0.18560987990006692,-0.04376995789306599
88.83,0.2,0.18709452837420923,-0.20288007022299845
88.835,0.2,0.18940483569711128,0.07405293522748785
88.84,0.2,0.19233205939320214,0.05790536599855334
88.845,0.2,0.19558275756425197,0.3074464478321474
88.85,0.2,0.19888714908147975,0.5349854700372858
88.855,0.2,0.20208162761071033,0.3169742458822841
88.86,0.2,0.20512211421331084,0.09792423261022627
88.865,0.2,0.20801284844118792,0.05092477426931545
88.87,0.2,0.2107178909258314,-0.09626505039067526
88.875,0.2,0.21311462613891785,-0.13099147703125724
88.88,0.2,0.2150010300131834,0.30207052504983056
88.885,0.2,0.21617017901382002,0.4250248931733824
88.89,0.2,0.21652156135321027,0.5405443109986219
88.895,0.2,0.21613253866402468,0.6711312330680894
88.9,0.2,0.21525231082083146,0.22626758690597756
88.905,0.2,0.2142105664281362,-0.051697845945206614
88.91,0.2,0.21326980423575426,-0.13884955267561142
88.915,0.2,0.21252299230327668,0.08171389447366645
88.92,0.2,0.21190897775423503,0.1734188929195419
88.925,0.2,0.2113046965546759,0.2950933958917621
88.93,0.2,0.2106188111702235,0.5294421109743307
88.935,0.2,0.20985714710964526,0.4902421344941857
88.94,0.2,0.20914369969393828,0.3641585619071691
88.945,0.2,0.20866752334615457,-0.12222786565301098
88.95,0.2,0.20856150533178397,-0.23166238234399594
88.955,0.2,0.2087899433141528,-0.16964394170573463
88.96,0.2,0.209141009174453,0.26350079319744035
88.965,0.2,0.2093405323803407,0.42095041282981543
88.97,0.2,0.20920448457484866,0.6574299740951864
88.975,0.2,0.20872734482806635,0.3045761991507553
88.98,0.2,0.20805651926487304,0.23669084192102863
88.985,0.2,0.20738370427082295,-0.058389901008239056
88.99,0.2,0.20682971375370457,-0.11739010198465652
88.995,0.2,0.20638449417146162,0.10074846103312733
89.0,0.2,0.20593703452583587,0.375248952552082
89.005,0.2,0.20537888216440156,0.4854686532247073
89.01,0.2,0.20469863530048962,0.3743091144992532
89.015,0.2,0.2039978018256701,0.33100494807430103
89.02,0.2,0.2034344811508301,0.06578205744001897
89.025,0.2,0.20313723673396297,-0.07148648559171972
89.03,0.2,0.2031278132448814,-0.1101583224831312
89.035,0.2,0.20329232416442677,0.01463556116067834
89.04,0.2,0.20342215667364155,0.21724911901638586
89.045,0.2,0.20330747609141964,0.48082281067923915
89.05,0.2,0.2028370526076541,0.4334060857011546
89.055,0.2,0.2020439473599783,0.30485745856240326
89.06,0.2,0.20107185179835882,0.3011882166332627
89.065,0.2,0.20010071794115356,0.06465219977264568
89.07,0.2,0.19926840538590065,-0.16358559612504614
89.075,0.2,0.19860368249468033,0.021109584217588365
89.08,0.2,0.19801580355148282,0.18214040142081098
89.085,0.2,0.19736093332054042,0.2374345443894232
89.09,0.2,0.1965317479064849,0.5086820809571238
89.095,0.2,0.19552205871156825,0.4456502172215332
89.1,0.2,0.19444511722858981,0.29095348003558497
89.105,0.2,0.1934799988757212,-0.07866846775182193
89.11,0.2,0.19276008580838488,-0.16589744311878846
89.115,0.2,0.19228263592823713,0.02197404037383404
89.12,0.2,0.19191459105747077,0.19171893917245203
89.125,0.2,0.19148129047161513,0.2827552730797638
89.13,0.2,0.19086553049286523,0.5715967978423846
89.135,0.2,0.19006055823709805,0.020187655882842104
89.14,0.2,0.1891423218696393,0.18790654933569811
89.145,0.2,0.1881879195815065,-0.0243239135218244
89.15,0.2,0.18721467473562714,-0.06672757237066038
89.155,0.2,0.18616089344387035,0.011767543336866665
89.16,0.2,0.1849070277463605,0.2931855295522337
89.165,0.2,0.1833460443437862,0.3882090164187198
89.17,0.2,0.1814608798271928,0.33819917338691496
89.175,0.2,0.1793500650771875,0.4081695154977562
89.18,0.2,0.1771979744179338,0.1762912349128578
89.185,0.2,0.1752147678021245,0.13127539754473316
89.19,0.2,0.17356553746364256,-0.06963817972670136
89.195,0.2,0.172312916869622,-0.06129274794986224
89.2,0.2,0.17139768215750883,0.005746901721249947
89.205,0.2,0.17067888876825094,0.45286580090609957
89.21,0.2,0.17003325954689463,0.47402926639147164
89.215,0.2,0.16944791076012822,0.34053427703899386
89.22,0.2,0.16902914289142593,0.3431715323321252
89.225,0.2,0.16893568451571137,0.0065590816218106494
89.23,0.2,0.1692914571095911,0.032930888602899444
89.235,0.2,0.1701172310140369,-0.11760269801211462
89.24,0.2,0.17131341815244291,0.18028540698565704
89.245,0.2,0.17271534779760886,0.49859971942237
89.25,0.2,0.1742045397747617,0.6049630051745345
89.255,0.2,0.1757999740533889,0.4477063344629173
89.26,0.2,0.17764751461283476,0.10322624815942502
89.265,0.2,0.179908051368885,-0.13514745616856733
89.27,0.2,0.1826317141979455,0.017333528362979397
89.275,0.2,0.1857140121632001,0.03742682305410305
89.28,0.2,0.1889428159111338,0.09763604254047262
89.285,0.2,0.19207809586279048,0.40305685069761077
89.29,0.2,0.1949387616104323,0.5936765345904759
89.295,0.2,0.19747749453430863,0.3695785156791825
89.3,0.2,0.19978403735500785,0.25055440885660696
89.305,0.2,0.2020006475381719,-0.05894682249537836
89.31,0.2,0.20421082416682773,-0.08760032011449487
89.315,0.2,0.20636754171966076,-0.13952865262191555
89.32,0.2,0.20829996244111304,0.32732329178665737
89.325,0.2,0.2098018854687128,0.31092786953773116
89.33,0.2,0.21074398183802728,0.5107330816380138
89.335,0.2,0.21112738944563436,0.14561895221463506
89.34,0.2,0.21105190416521605,0.26417746201822034
89.345,0.2,0.21063520971589017,-0.23166072702381557
89.35,0.2,0.20992623670660185,-0.12658426766270126
89.355,0.2,0.20885278455517434,-0.08186773380933274
89.36,0.2,0.2072421734086136,0.0696582954531233
89.365,0.2,0.20490631032208906,0.39090769278658516
89.37,0.2,0.20174012462725258,0.28792904662875135
89.375,0.2,0.19778245222060808,0.4896319582915103
89.38,0.2,0.1932114334962813,0.08912267788457288
89.385,0.2,0.18827137766446256,-0.12251704968772585
89.39,0.2,0.18315749531541858,-0.2157853772894139
89.395,0.2,0.1779362915305103,0.030326837720650784
89.4,0.2,0.17256416932072233,0.08767450745374986
89.405,0.2,0.16697725257738064,0.43963864679018827
89.41,0.2,0.16119159685215034,0.509757430169827
89.415,0.2,0.15536751594642292,0.45464820008106166
89.42,0.2,0.14979468341670615,0.09911407349425588
89.425,0.2,0.14479021994163438,-0.07133477106164725
89.43,0.2,0.14057283550210922,-0.11736760450526679
89.435,0.2,0.1371972063858718,-0.011652770182170008
89.44,0.2,0.13457890645367257,0.17742931933762157
89.445,0.2,0.132576285324468,0.23339856987246216
89.45,0.2,0.13107706114744835,0.4798494571108207
89.455,0.2,0.1300534998759132,0.2474787427175679
89.46,0.2,0.12955999307722435,0.16448784201578556
89.465,0.2,0.12966741139293825,-0.1290447261680612
89.47,0.2,0.1303733492980649,-0.17021229803837037
89.475,0.2,0.13154524425196862,-0.135610336173087
89.48,0.2,0.13293347352822538,0.10461665689488044
89.485,0.2,0.1342548823121801,0.3623435579878829
89.49,0.2,0.1353034775768804,0.3900462165683769
89.495,0.2,0.1360154024978585,0.16985966560744314
89.5,0.2,0.1364431256545063,0.1148326042413852
89.505,0.2,0.13666557769065116,-0.2892244503162327
89.51,0.2,0.13669059203357142,-0.2108313204374135
89.515,0.2,0.13640234847857008,-0.1417153817580714
89.52,0.2,0.13558602622859242,-0.08573758842035377
89.525,0.2,0.13401291205729496,0.4308754572223391
89.53,0.2,0.13154909363410425,0.3134303289579503
89.535,0.2,0.12823007107633186,0.2612727200134334
89.54,0.2,0.12424579925782203,0.2081195320145655
89.545,0.2,0.11985863040000566,-0.10843568378936999
89.55,0.2,0.11530788264618355,-0.0961792209731465
89.555,0.2,0.11074144479024664,-0.03485392522614633
89.56,0.2,0.10621494702795516,0.18348074777899048
89.565,0.2,0.10175561108250471,0.3116677003577734
89.57,0.2,0.09743420517142305,0.23030856619528287
89.575,0.2,0.09339687768937163,0.45324304603688714
89.58,0.2,0.08985530770649554,0.12675563993306546
89.585,0.2,0.08702946183703375,-0.3257767691723573
89.59,0.2,0.08504066473688332,-0.10966074761280947
89.595,0.2,0.08383609374540084,-0.22754829732332815
89.6,0.2,0.08320745136186339,-0.13034206323369057
89.605,0.2,0.08287060900795098,0.348982828770015
89.61,0.2,0.08257562593602574,0.2841494190617583
89.615,0.2,0.08220550349566108,0.4124868963254359
89.62,0.2,0.08179426637275519,0.0185021513373079
89.625,0.2,0.08144919183808674,-0.2020272827016157
89.63,0.2,0.08123136504002644,-0.20374971832104063
89.635,0.2,0.08108189698223056,-0.130896566704317
89.64,0.2,0.0808449716828932,0.1998598932566251
89.645,0.2,0.08035998562949066,0.2213123444163286
89.65,0.2,0.07955897688590256,0.5247141305965306
89.655,0.2,0.07851741117280397,0.17854216347028481
89.66,0.2,0.07742705784619727,0.0854587739891556
89.665,0.2,0.07649249442087074,-0.3893707335974713
89.67,0.2,0.075803700388241,-0.34106680835870584
89.675,0.2,0.07526039136436091,-0.38769291820310114
89.68,0.2,0.0745931322367693,-0.05619084397781182
89.685,0.2,0.07346925675255797,0.1430289027803031
89.69,0.2,0.0716303411556268,0.39001440042432806
89.695,0.2,0.06899271733956097,0.20036726409209538
89.7,0.2,0.06565307007414516,-0.0026049666289549127
89.705,0.2,0.0617988493929275,-0.18982508018518685
89.71,0.2,0.05759254509293691,-0.23711402923367733
89.715,0.2,0.05310250888290117,-0.22403306832449005
89.72,0.2,0.04830863080985639,0.12493609587105206
89.725,0.2,0.04317948781215021,0.347919048605589
89.73,0.2,0.03777254203773458,0.21145719813721628
89.735,0.2,0.032268089389908376,0.019699826596014713
89.74,0.2,0.026904775132996456,-0.1119496979905285
89.745,0.2,0.021883525005400768,-0.11197638424944366
89.75,0.2,0.017307847280920767,-0.31340371340077433
89.755,0.2,0.013162029737740761,-0.2846925994987344
89.76,0.2,0.0093201240546311,-0.04941441346788823
89.765,0.2,0.0056100236903632895,0.257402797523788
89.77,0.2,0.0019230643633269024,0.3311191919296519
89.775,0.2,-0.001706311895139509,0.18081467053144376
89.78,0.2,-0.005110962820513259,0.11577569719499184
89.785,0.2,-0.00807792253106661,-0.3241696145613614
89.79,0.2,-0.010462922118998646,-0.3135166294101133
89.795,0.2,-0.012271004510065922,-0.22045047682688354
89.8,0.2,-0.013648291981968428,-0.07438418714534518
89.805,0.2,-0.014796815917375764,0.16636493994863202
89.81,0.2,-0.015878760646361442,0.024705503713230215
89.815,0.2,-0.016964685395272378,0.2188045833672806
89.82,0.2,-0.018034266754143227,-0.017197619298142883
89.825,0.2,-0.019009032873216893,0.04987530637648041
89.83,0.2,-0.019803342713017598,-0.27047955723755834
89.835,0.2,-0.0203862032629652,-0.33262429495814794
89.84,0.2,-0.02082619792608317,-0.11401116575394812
89.845,0.2,-0.02127135507540403,0.054972718568281786
89.85,0.2,-0.021860118780184356,0.3129056817544149
89.855,0.2,-0.022633375570812173,0.04125094234578805
89.86,0.2,-0.02352559197611748,-0.12165080098393932
89.865,0.2,-0.024448949340108626,-0.4937500603222653
89.87,0.2,-0.0254010198690046,-0.24558472855532076
89.875,0.2,-0.026501682584300076,-0.2026181193966017
89.88,0.2,-0.0279392006032566,-0.10948058590243308
89.885,0.2,-0.02987737454202777,0.37537078570719834
89.89,0.2,-0.032366248153319926,0.0827241964235727
89.895,0.2,-0.03530090410776477,0.19345133308337298
89.9,0.2,-0.038462211769857875,-0.09886998356665257
89.905,0.2,-0.04161152113946098,-0.358770001729127
89.91,0.2,-0.04459176615340747,-0.2923754222656619
89.915,0.2,-0.04738092978838525,-0.21034217822671167
89.92,0.2,-0.05006209391168225,-0.05414732832651507
89.925,0.2,-0.052740412395741655,0.15848795436571123
89.93,0.2,-0.055458038044214786,0.20057944268862243
89.935,0.2,-0.05814773940618311,0.07302279985624856
89.94,0.2,-0.060653050983004594,-0.03730989854167206
89.945,0.2,-0.06280208786499199,-0.280532882844988
89.95,0.2,-0.0644982679249189,-0.5032278560595529
89.955,0.2,-0.06578979103639405,-0.3338677294471912
89.96,0.2,-0.06687208014667352,-0.251798059375823
89.965,0.2,-0.06801137833206139,0.023780413747059775
89.97,0.2,-0.06943386842574964,0.17349703724626722
89.975,0.2,-0.07124052376303751,0.017483256389985685
89.98,0.2,-0.0733917090921763,0.06766027306437335
89.985,0.2,-0.07576947095801542,-0.5865730133596483
89.99,0.2,-0.07829299828428138,-0.4968038685173568
89.995,0.2,-0.08101096991401253,-0.24068273967733345
90.0,0.2,-0.0840785468819722,-0.09066755046169811
90.005,0.2,-0.08764590583285202,0.028123078641569155
90.01,0.2,-0.09176326621179101,0.1383763366460949
90.015,0.2,-0.09634012315535638,0.2041005577895351
90.02,0.2,-0.10115258671712658,-0.06204811047811778
90.025,0.2,-0.10591128966332729,-0.3566400071913316
90.03,0.2,-0.11037933669069822,-0.4847226318307607
90.035,0.2,-0.11446340906690974,-0.1945658210673826
90.04,0.2,-0.11820206703342898,-0.09194179091974852
90.045,0.2,-0.12167357724302295,0.03766349574303176
90.05,0.2,-0.12490960236631929,0.05387219981917547
90.055,0.2,-0.127860706491223,0.058854554122716715
90.06,0.2,-0.13041150616543148,-0.1627935221398235
90.065,0.2,-0.13244269208344145,-0.4754061892198539
90.07,0.2,-0.1339214817708294,-0.438983744759102
90.075,0.2,-0.13496256385863006,-0.5292783793326343
90.08,0.2,-0.1358155813652944,-0.25065350890788807
90.085,0.2,-0.13678230339458167,0.053188038378619906
90.09,0.2,-0.1380970472458367,0.08481560554415137
90.095,0.2,-0.13984578493271305,-0.1671128616553934
90.1,0.2,-0.14198382877526464,-0.1241651472910058
90.105,0.2,-0.14441537212089525,-0.38988649994754176
90.11,0.2,-0.14707430800559054,-0.5571523220806757
90.115,0.2,-0.1499852736371257,-0.4499198666370444
90.12,0.2,-0.1532723574685094,-0.2736764272499659
90.125,0.2,-0.1570873393655068,0.13244531379961968
90.13,0.2,-0.16149282762720188,0.12252248113796517
90.135,0.2,-0.1663885493060376,-0.11336589884086912
90.14,0.2,-0.17154331744212972,-0.16937370504350874
90.145,0.2,-0.17669899491308128,-0.4784874696524373
90.15,0.2,-0.18167582022503115,-0.5791781352711038
90.155,0.2,-0.1864355932781129,-0.391015663805972
90.16,0.2,-0.19106739167923403,-0.25942540624586935
90.165,0.2,-0.19569424022685697,0.18429144155006835
90.17,0.2,-0.200350011702715,0.2135912883070767
90.175,0.2,-0.20489838540605573,0.12336454478644673
90.18,0.2,-0.20905276992352848,-0.16219218621718676
90.185,0.2,-0.21248913395411703,-0.40233602851396405
90.19,0.2,-0.21498043061971212,-0.4977714791666858
90.195,0.2,-0.21647436718908658,-0.310118652008448
90.2,0.2,-0.2170737877767602,-0.16533195961222458
90.205,0.2,-0.21694799179631669,-0.08345334260105663
90.21,0.2,-0.21624400869122867,0.019353683389630116
90.215,0.2,-0.2150390323478659,-0.037309867254543584
90.22,0.2,-0.21334078031767434,-0.17417753086182755
90.225,0.2,-0.21112807253205904,-0.19508330803111654
90.23,0.2,-0.20841458763943657,-0.687718357269912
90.235,0.2,-0.20532038285676774,-0.513120417780004
90.24,0.2,-0.20209999535843395,-0.1875102498412222
90.245,0.2,-0.19906126348865827,0.15541976620068151
90.25,0.2,-0.19642192695657842,0.0026636839710188764
90.255,0.2,-0.19422661663552973,0.197889722087822
90.26,0.2,-0.19236200313614335,-0.1498762525711744
90.265,0.2,-0.19064471921553627,-0.5895770388261277
90.27,0.2,-0.188953032204545,-0.45968572582318146
90.275,0.2,-0.18731484158138892,-0.3531174050808185
90.28,0.2,-0.18587317623510552,-0.007019884601741577
90.285,0.2,-0.18477442111424036,-0.0981286691653853
90.29,0.2,-0.18408481561845771,-0.10215938098695224
90.295,0.2,-0.18377803002059154,0.0030390218813101805
90.3,0.2,-0.1837614988529486,-0.25549667426387956
90.305,0.2,-0.18392367767633097,-0.42319533518130625
90.31,0.2,-0.1842080432414576,-0.5972415289425164
90.315,0.2,-0.1846723986942881,-0.37537507319292895
90.32,0.2,-0.18547347156479005,-0.20208073363960333
90.325,0.2,-0.18677867468527698,-0.027941803072881993
90.33,0.2,-0.18866355367181833,0.19493416766511656
90.335,0.2,-0.19104613877575838,0.1040519983582477
90.34,0.2,-0.19369348638289757,-0.24159363489615743
90.345,0.2,-0.19632140336779658,-0.5669531652653086
90.35,0.2,-0.19873787487943315,-0.535503605036937
90.355,0.2,-0.2009250236740937,-0.4401547391881529
90.36,0.2,-0.20300823935859028,-0.19401959853223952
90.365,0.2,-0.20515046429876702,0.019261110722557116
90.37,0.2,-0.207442408233668,-0.002179644008095158
90.375,0.2,-0.20984830828691184,-0.023216665229944762
90.38,0.2,-0.2122272123461925,-0.21922274211410658
90.385,0.2,-0.21440475940484366,-0.3376852119673985
90.39,0.2,-0.2162558827802902,-0.49114627221660717
90.395,0.2,-0.21776672810344894,-0.5632911336004319
90.4,0.2,-0.21904494401861724,-0.12362176325369852
90.405,0.2,-0.22024808013671682,0.0779437061528406
90.41,0.2,-0.2214608559678736,0.1379605375074281
90.415,0.2,-0.22262105784743294,-0.03827658020632555
90.42,0.2,-0.2235510794023005,-0.24000593538383677
90.425,0.2,-0.22405429901219212,-0.24566118809785636
90.43,0.2,-0.22400330120504183,-0.47921479441308
90.435,0.2,-0.22338486455166626,-0.31040138818057295
90.44,0.2,-0.22229199165388905,-0.1576751583030742
90.445,0.2,-0.22086556350812173,-0.17729440431548413
90.45,0.2,-0.21922701776398648,-0.005259889779678936
90.455,0.2,-0.21743014343126787,0.22402662011524355
90.46,0.2,-0.21543431019879714,-0.2564656386163382
90.465,0.2,-0.21314086256609582,-0.3591006760867531
90.47,0.2,-0.21049055622475193,-0.3317114366178689
90.475,0.2,-0.2075285622963807,-0.38407571658740464
90.48,0.2,-0.2043946472664893,-0.22870894627956162
90.485,0.2,-0.20127234854344417,-0.1340647362440947
90.49,0.2,-0.19832081453301462,0.11222456492695736
90.495,0.2,-0.19560725309422022,0.08916732367332596
90.5,0.2,-0.19308254816989287,-0.2137166953679446
90.505,0.2,-0.19063532783902734,-0.32416965858237856
90.51,0.2,-0.18819396308780123,-0.5611698788543665
90.515,0.2,-0.1858017218957277,-0.3637702236829331
90.52,0.2,-0.18361091481579309,-0.10269825139179725
90.525,0.2,-0.18179263349553332,0.10811874771023011
90.53,0.2,-0.18042066431824824,0.23951562920432115
90.535,0.2,-0.17940496141335213,0.14369285910821622
90.54,0.2,-0.1785151839856351,-0.23724289605224888
90.545,0.2,-0.1774904061662959,-0.41157049396413903
90.55,0.2,-0.1761723201506856,-0.5179844017900815
90.555,0.2,-0.17457472417964784,-0.33459176753696884
90.56,0.2,-0.17284834160070722,-0.015201531220483733
90.565,0.2,-0.1711686610289238,0.06642820666493518
90.57,0.2,-0.16962228172724023,0.2176787796405385
90.575,0.2,-0.168152130645839,0.18584471503255184
90.58,0.2,-0.16658060865414598,-0.30810254809815707
90.585,0.2,-0.16471091069808427,-0.35129390744127653
90.59,0.2,-0.1624534232723394,-0.5640100166485884
90.595,0.2,-0.15989268549169955,-0.42688814108754897
90.6,0.2,-0.15726217421764982,-0.1630475937149781
90.605,0.2,-0.154842008739717,0.09471911908169087
90.61,0.2,-0.15283326630735128,0.06855781901854674
90.615,0.2,-0.15128772458500342,0.04700436186605139
90.62,0.2,-0.15012604377118438,-0.1747872057156015
90.625,0.2,-0.14921900737324326,-0.4098207197331403
90.63,0.2,-0.14848630974185675,-0.43111057013283594
90.635,0.2,-0.14795317876401362,-0.2319758045440341
90.64,0.2,-0.14772747299723876,-0.23790143624381893
90.645,0.2,-0.14793631189035403,-0.2491229157889058
90.65,0.2,-0.14867406148690326,0.13710674696014483
90.655,0.2,-0.14995313908963157,0.07209831917358403
90.66,0.2,-0.15167321704838196,-0.2460103178208031
90.665,0.2,-0.15367278531275605,-0.4804916871423469
90.67,0.2,-0.15583818995798326,-0.3563816652727958
90.675,0.2,-0.15815773587216944,-0.19627062337129417
90.68,0.2,-0.160683609520202,-0.25758040839573015
90.685,0.2,-0.16345902434408344,0.20761410893532947
90.69,0.2,-0.16644645977139003,0.14751452383619185
90.695,0.2,-0.16948554404486957,-0.12166477465431993
90.7,0.2,-0.17233895723849807,-0.35591575219829696
90.705,0.2,-0.17480553641234664,-0.32486652009186345
90.71,0.2,-0.17680428628070338,-0.5105456482719365
90.715,0.2,-0.1783910562972308,-0.3248255133921566
90.72,0.2,-0.1797180819042402,-0.06336733627006572
90.725,0.2,-0.18094725566111705,-0.048363579791055517
90.73,0.2,-0.1821600745473261,0.21221206635274417
90.735,0.2,-0.18331189870871714,-0.005005173270903513
90.74,0.2,-0.18424701148524575,-0.05280708876404086
90.745,0.2,-0.18477616856550988,-0.536779598534967
90.75,0.2,-0.18478983904129206,-0.4825905459018724
90.755,0.2,-0.18433372369670858,-0.3081416115341338
90.76,0.2,-0.18358827055982718,-0.33669605040402284
90.765,0.2,-0.18278426696273897,-0.044719383978690054
90.77,0.2,-0.18211381240642804,0.06098488560910445
90.775,0.2,-0.18166236825963888,-0.003589910499361318
90.78,0.2,-0.18139651261100867,-0.20174131721186456
90.785,0.2,-0.18122299952630924,-0.31714809064092153
90.79,0.2,-0.1810759579564107,-0.4863354365245787
90.795,0.2,-0.18098496044454462,-0.6014777925256012
90.8,0.2,-0.1810950705367485,-0.21139061700780487
90.805,0.2,-0.18160698785027776,0.027745863105575558
90.81,0.2,-0.18265996127735648,-0.01759660095032775
90.815,0.2,-0.1842497141627665,0.13241376011385217
90.82,0.2,-0.1862365086307809,-0.40261105824342175
90.825,0.2,-0.18843272540702946,-0.4028370324556165
90.83,0.2,-0.1907091734941522,-0.33023180608217617
90.835,0.2,-0.193035736279389,-0.348361988514143
90.84,0.2,-0.195443308034278,-0.012934594806197963
90.845,0.2,-0.19795120767281446,0.006363620168683226
90.85,0.2,-0.2005014332731681,0.04063341766725516
90.855,0.2,-0.2029334974474717,0.17311207616323318
90.86,0.2,-0.20501028628914167,-0.37285559722908834
90.865,0.2,-0.20650054396431192,-0.4053999244135962
90.87,0.2,-0.2072918067973155,-0.638368103170115
90.875,0.2,-0.20745417252923196,-0.38688467117540476
90.88,0.2,-0.20720164371125438,-0.04220983159515973
90.885,0.2,-0.20677491407413098,-0.10313111665230917
90.89,0.2,-0.20633053920090672,0.10905506953718533
90.895,0.2,-0.20589688352545157,-0.0006431605648927162
90.9,0.2,-0.2053919936043698,-0.1799823033766379
90.905,0.2,-0.2046869444171454,-0.23367829033803217
90.91,0.2,-0.2036900870476526,-0.5770090232773686
90.915,0.2,-0.2024217214941932,-0.5675166646182215
90.92,0.2,-0.20103840048156807,-0.09117704267499671
90.925,0.2,-0.19976152316969195,-0.08529491407375737
90.93,0.2,-0.19875009315553568,0.24548862356767304
90.935,0.2,-0.19801266774644186,0.0831033729557664
90.94,0.2,-0.19740884431865502,-0.2509692589836138
90.945,0.2,-0.19674352426961425,-0.41163741876323556
90.95,0.2,-0.19589770590274272,-0.6107775110589194
90.955,0.2,-0.19490057636753633,-0.1740618062091293
90.96,0.2,-0.193887344801072,-0.0050918936887366095
90.965,0.2,-0.19298131157056353,0.026358325556410964
90.97,0.2,-0.19220476089345667,0.05118881993412535
90.975,0.2,-0.19146486580654198,0.12522951180679784
90.98,0.2,-0.19058523877287664,-0.18713088069670009
90.985,0.2,-0.189377376981105,-0.48250461666641137
90.99,0.2,-0.1877453732881473,-0.4757228563854845
90.995,0.2,-0.18575480938992883,-0.4279590286696757
91.0,0.2,-0.18360791027196405,-0.12762693101976416
91.005,0.2,-0.18154394626883386,0.01966794882289037
91.01,0.2,-0.1797281154609059,0.10267657436139062
91.015,0.2,-0.1781919266532381,-0.031257047151217285
91.02,0.2,-0.17685588579706601,-0.27790477819259124
91.025,0.2,-0.17561386475141627,-0.33358754937734747
91.03,0.2,-0.17442064640562346,-0.4762070085879854
91.035,0.2,-0.17333796790500097,-0.48112372487388394
91.04,0.2,-0.17252729656360405,-0.19756185331919948
91.045,0.2,-0.17218514115810624,-0.0720050806570017
91.05,0.2,-0.1724476536458834,0.04226931513932499
91.055,0.2,-0.17332628980277318,-0.02515921692916677
91.06,0.2,-0.17471302300149572,-0.24030958351179293
91.065,0.2,-0.1764604423781481,-0.7572434921271373
91.07,0.2,-0.17850588843589912,-0.6034223271867112
91.075,0.2,-0.18094693031069722,-0.49623742923890124
91.08,0.2,-0.18399803481955926,-0.24715558817115316
91.085,0.2,-0.18786930328038592,-0.011388600162887993
91.09,0.2,-0.1926503030633329,0.030591745729961428
91.095,0.2,-0.19825468107733332,-0.07208490060303226
91.1,0.2,-0.20445003938769962,-0.2796158989016997
91.105,0.2,-0.21094822091473434,-0.31507555783410185
91.11,0.2,-0.21750233459372642,-0.6439052978172122
91.115,0.2,-0.22397556868500682,-0.43626730443242023
91.12,0.2,-0.2303485045704843,-0.1648789988594146
91.125,0.2,-0.23664638658146686,-0.12020795507934565
91.13,0.2,-0.24284718947875053,-0.10240622352681872
91.135,0.2,-0.2488435948855736,-0.03689400077463201
91.14,0.2,-0.25445287783938325,-0.07390187989211061
91.145,0.2,-0.25945871967731976,-0.5728956136117798
91.15,0.2,-0.2636963045023478,-0.4758865371894505
91.155,0.2,-0.26713060474315686,-0.3822478940259915
91.16,0.2,-0.26984169514983913,-0.017414738675398
91.165,0.2,-0.2719238635866763,0.03090192302265618
91.17,0.2,-0.27339070754384387,-0.010712682269013937
91.175,0.2,-0.27415259917278667,0.006539086913637146
91.18,0.2,-0.27405382632619124,-0.09605947456701268
91.185,0.2,-0.27293852539649915,-0.5284348967713307
91.19,0.2,-0.27074386586146476,-0.5962592754476018
91.195,0.2,-0.26757611592102415,-0.3408790496263271
91.2,0.2,-0.2636850730842029,-0.05644450844036317
91.205,0.2,-0.2593403887077816,0.11111693688390832
91.21,0.2,-0.2547126019825408,-0.003484899187806381
91.215,0.2,-0.24983588327812892,0.10822111567797946
91.22,0.2,-0.2446441687146093,-0.22222157028597772
91.225,0.2,-0.2390534794265031,-0.5345987992846827
91.23,0.2,-0.233067378986162,-0.4535018657602567
91.235,0.2,-0.22683508112820464,-0.3109571827493201
91.24,0.2,-0.22061079934923486,-0.20689023098154743
91.245,0.2,-0.21465793422057036,0.012778883289590754
91.25,0.2,-0.20915955907454917,0.10439474777463836
91.255,0.2,-0.20416577361343732,0.0066308157237208705
91.26,0.2,-0.199604141123259,-0.18467867224365284
91.265,0.2,-0.19535316310700232,-0.33336670620004416
91.27,0.2,-0.1913386157772475,-0.6027282073676836
91.275,0.2,-0.1876056461893333,-0.4284132293007409
91.28,0.2,-0.18432922638533966,-0.45027172774376906
91.285,0.2,-0.18175663366663475,-0.16729015787922596
91.29,0.2,-0.1801135950482512,-0.02039800806663787
91.295,0.2,-0.17951431568130508,0.0445680523882705
91.3,0.2,-0.1799195348195833,-0.14950664521919865
91.305,0.2,-0.18117081824608222,-0.2513557644442796
91.31,0.2,-0.18308267326527672,-0.6510731517540385
91.315,0.2,-0.1855427169677775,-0.4540478667687735
91.32,0.2,-0.18854738272159796,-0.11649272518155956
91.325,0.2,-0.19213105432845345,-0.030097651812820564
91.33,0.2,-0.1962545806718527,0.09661610550109057
91.335,0.2,-0.2007504331040942,-0.046316898924833365
91.34,0.2,-0.20535220481794653,-0.29385319649821584
91.345,0.2,-0.20978130459276734,-0.29382112378684067
91.35,0.2,-0.21383797787446648,-0.5942542468087108
91.355,0.2,-0.21745742057146505,-0.4627991686253674
91.36,0.2,-0.22071036070342873,-0.2269781340996874
91.365,0.2,-0.2237302510696832,0.0036382166723175936
91.37,0.2,-0.22660586167773014,-0.06525993270317978
91.375,0.2,-0.22931791607440463,0.06762178913461381
91.38,0.2,-0.23175122932216835,-0.394276363735329
91.385,0.2,-0.23377147501461465,-0.45156098633681313
91.39,0.2,-0.23532242362997818,-0.46970589305281674
91.395,0.2,-0.2364700704995529,-0.38447586035772513
91.4,0.2,-0.23737052176594242,-0.27093761449884196
91.405,0.2,-0.23819552402440808,0.027807346728738875
91.41,0.2,-0.23904239235360533,0.19181336161296791
91.415,0.2,-0.23986796508148972,-0.10037141722565461
91.42,0.2,-0.2405090152358333,-0.2803093151400668
91.425,0.2,-0.24078586392983087,-0.4084901432970442
91.43,0.2,-0.24060377168978347,-0.4193735722992821
91.435,0.2,-0.23998826189337139,-0.32730957685017575
91.44,0.2,-0.23905726317952866,-0.2782289484690401
91.445,0.2,-0.23795812024943155,0.012677060564296053
91.45,0.2,-0.23679538467597902,-0.05554483516892178
91.455,0.2,-0.23557778933663928,0.15957158088735282
91.46,0.2,-0.23420954153052775,-0.1768966014703989
91.465,0.2,-0.23254320522804073,-0.44625096516443613
91.47,0.2,-0.2304811341290343,-0.42442424914659926
91.475,0.2,-0.22804916670836986,-0.3261399458630373
91.48,0.2,-0.2253791146711487,-0.1303721488877373
91.485,0.2,-0.22262630609837022,0.0032424239540455855
91.49,0.2,-0.21988643443379857,0.02891447143081502
91.495,0.2,-0.21715241429635637,0.10915230981128526
91.5,0.2,-0.2143155523294108,0.03220726807469251
91.505,0.2,-0.2112080807125177,-0.3460523602297369
91.51,-0.2,-0.20768626934208576,-0.2749949125772485
91.515,-0.2,-0.20370803647523972,-0.34710330688043667
91.52,-0.2,-0.19934817185406958,-0.21375382027865955
91.525,-0.2,-0.19475619965002847,-0.12290236599542381
91.53,-0.2,-0.1900887070001093,0.1114190843106884
91.535,-0.2,-0.1854424603297362,0.00039802538259221397
91.54,-0.2,-0.18083249047536165,-0.24360715539742808
91.545,-0.2,-0.17624470684769777,-0.39868546164034996
91.55,-0.2,-0.17172709813575043,-0.6127086601975554
91.555,-0.2,-0.1674528188231419,-0.4733181267049233
91.56,-0.2,-0.16371206722035395,-0.32517330394955213
91.565,-0.2,-0.16082487964425488,0.10908208904605794
91.57,-0.2,-0.15901631042994357,-0.01914258570212482
91.575,-0.2,-0.1583337977247695,0.11766022572306321
91.58,-0.2,-0.15865676711252524,-0.3056082545052501
91.585,-0.2,-0.15978323982723586,-0.3200760821162816
91.59,-0.2,-0.1615339209861744,-0.39390202209992703
91.595,-0.2,-0.16381483248932308,-0.5160665153196413
91.6,-0.2,-0.16662275601358228,-0.17127538874339687
91.605,-0.2,-0.16999881381760099,-0.1705982633071169
91.61,-0.2,-0.17394875959275163,0.11232747243908052
91.615,-0.2,-0.17837797753766055,-0.036560249116921406
91.62,-0.2,-0.18309019453820344,-0.35580466485266093
91.625,-0.2,-0.1878660029296814,-0.4726503190086264
91.63,-0.2,-0.19256895926268333,-0.5598780988734742
91.635,-0.2,-0.1971919791682961,-0.23741300553824687
91.64,-0.2,-0.20180886218586405,-0.10026239296733465
91.645,-0.2,-0.20647686106756563,-0.09739426683257421
91.65,-0.2,-0.21116266568497702,0.2069090967197774
91.655,-0.2,-0.21571250316246535,0.025366324026711608
91.66,-0.2,-0.21987028448590112,-0.22331479694705947
91.665,-0.2,-0.22335868273331774,-0.2870807613300391
91.67,-0.2,-0.2259798120631705,-0.4236890624401777
91.675,-0.2,-0.22766536335202386,-0.19410163680978876
91.68,-0.2,-0.22845793857599808,-0.24069089989830028
91.685,-0.2,-0.22844925919378334,0.08153208718457641
91.69,-0.2,-0.22770320930231788,0.23341236767006107
91.695,-0.2,-0.2261945758303566,-0.026257614411393626
91.7,-0.2,-0.2238195121572889,-0.24804165996820363
91.705,-0.2,-0.22049108531562173,-0.47267313464912775
91.71,-0.2,-0.2162487659884786,-0.5719532071319515
91.715,-0.2,-0.21130288611174636,-0.25305394645192436
91.72,-0.2,-0.20598500871025496,-0.24983839634479774
91.725,-0.2,-0.200641507057778,0.03282334329636921
91.73,-0.2,-0.1955391723992532,-0.060163366015770825
91.735,-0.2,-0.1908296535254059,-0.25262862858670976
91.74,-0.2,-0.18658158216221152,-0.183130841488337
91.745,-0.2,-0.18283447921797266,-0.2370865356657938
91.75,-0.2,-0.1796374116571525,-0.6461325376954716
91.755,-0.2,-0.17709370592073048,-0.4942629444300905
91.76,-0.2,-0.17538708483300217,-0.2604586666128741
91.765,-0.2,-0.17472692523342792,-0.0954567883162194
91.77,-0.2,-0.17523700210864943,0.24180577589330227
91.775,-0.2,-0.17686344038928203,0.127928477641
91.78,-0.2,-0.17936626436841363,-0.3396706041010995
91.785,-0.2,-0.18241907942116892,-0.2430969923766476
91.79,-0.2,-0.18574136146173795,-0.5152820388044935
91.795,-0.2,-0.1891679953305322,-0.2794667002337347
91.8,-0.2,-0.1926432561243619,-0.29804417656684123
91.805,-0.2,-0.19616442373763213,0.02663585386205222
91.81,-0.2,-0.199700026879476,0.15149112182877025
91.815,-0.2,-0.2031258161169272,-0.09248851235234987
91.82,-0.2,-0.20623229228087475,-0.15495167103388946
91.825,-0.2,-0.20880477040483303,-0.44286927757766
91.83,-0.2,-0.21071840553960433,-0.5126187728087337
91.835,-0.2,-0.21199920936058714,-0.5411209642149764
91.84,-0.2,-0.21281863084174468,-0.16499241535423778
91.845,-0.2,-0.2134084409407332,-0.030389447093210842
91.85,-0.2,-0.21394147484655954,0.09084176710402889
91.855,-0.2,-0.2144548935616888,0.060688167759832864
91.86,-0.2,-0.21485121546023045,-0.11068070916371178
91.865,-0.2,-0.21496744341618568,-0.39855071498247135
91.87,-0.2,-0.21467926857493333,-0.4413237434673391
91.875,-0.2,-0.21398019247635844,-0.4134039562342304
91.88,-0.2,-0.21298493579113473,-0.19831723814326968
91.885,-0.2,-0.21186022720301526,-0.008098783174386413
91.89,-0.2,-0.21073435003656776,-0.09039993723000234
91.895,-0.2,-0.20964398796123182,0.07696244370652605
91.9,-0.2,-0.20854123328518465,-0.3785803913613687
91.905,-0.2,-0.2073548503366532,-0.3498021961863968
91.91,-0.2,-0.206070464189744,-0.44606932364867424
91.915,-0.2,-0.20477575520554228,-0.5640655309059084
91.92,-0.2,-0.203652322780563,-0.17360210158319944
91.925,-0.2,-0.20290878973547885,0.054561440411885834
91.93,-0.2,-0.20267469546380434,-0.044400551766285185
91.935,-0.2,-0.2029360897592378,0.060572127509990754
91.94,-0.2,-0.20355442401780652,-0.22435691337989144
91.945,-0.2,-0.20433690376923544,-0.26557149676168074
91.95,-0.2,-0.20512147570541814,-0.4999076304950904
91.955,-0.2,-0.20584363664653188,-0.42678834189126036
91.96,-0.2,-0.2065473737707252,-0.1277964116685565
91.965,-0.2,-0.20732244881640743,-0.04480004032850738
91.97,-0.2,-0.20820735291956882,0.16695301430987391
91.975,-0.2,-0.20912434094743235,0.06395247063974527
91.98,-0.2,-0.2098848508624911,-0.20609325281146987
91.985,-0.2,-0.21026645916701583,-0.2868129901564249
91.99,-0.2,-0.2101179051797358,-0.5889637566486513
91.995,-0.2,-0.20944012799991432,-0.6252751447921286
92.0,-0.2,-0.2084067988083102,-0.23231880977187597
92.005,-0.2,-0.20728682148694655,0.06460184443100891
92.01,-0.2,-0.20629972129680793,0.048666977299609754
92.015,-0.2,-0.20551628585023043,0.03464946220646117
92.02,-0.2,-0.20486719726893468,-0.25168052458501533
92.025,-0.2,-0.20423374783849066,-0.5269438899094102
92.03,-0.2,-0.2035653898285971,-0.6128859029456047
92.035,-0.2,-0.20295297773467555,-0.4135029184077491
92.04,-0.2,-0.20259822207198802,-0.048697223665934125
92.045,-0.2,-0.20269432893638958,0.06162941655813803
92.05,-0.2,-0.20330860944746415,0.0535004257084216
92.055,-0.2,-0.20434371845217195,0.0851506300672201
92.06,-0.2,-0.2055800837582846,-0.29990556740976204
92.065,-0.2,-0.20677262067242833,-0.4181273084916592
92.07,-0.2,-0.20775560149868993,-0.3335180626783002
92.075,-0.2,-0.20848621394051728,-0.32316677295694934
92.08,-0.2,-0.20901259661842214,-0.17664684970963465
92.085,-0.2,-0.20940444864384924,0.13752478202695054
92.09,-0.2,-0.20967551586405864,0.006770941844877393
92.095,-0.2,-0.2097415809078297,-0.006065927694250756
92.1,-0.2,-0.20945008088360487,-0.23943432153229702
92.105,-0.2,-0.20865988426078946,-0.42532177176892283
92.11,-0.2,-0.20733078757589438,-0.6569900925963963
92.115,-0.2,-0.20558763319125395,-0.5705194114211013
92.12,-0.2,-0.20371247925325983,-0.20768119010723052
92.125,-0.2,-0.20203917123053858,0.08989941546402508
92.13,-0.2,-0.20080837346711317,-0.02772320399552569
92.135,-0.2,-0.2000865448423627,0.12697917162499284
92.14,-0.2,-0.19977859357441896,-0.11885513490161047
92.145,-0.2,-0.19970195022086004,-0.4198619162740947
92.15,-0.2,-0.19969989790479925,-0.6029591730471621
92.155,-0.2,-0.1997391070246405,-0.3295974769667637
92.16,-0.2,-0.19991316854238023,-0.26034064924561623
92.165,-0.2,-0.20036134498868213,-0.14353044089109968
92.17,-0.2,-0.20117757593410432,0.11823991574468784
92.175,-0.2,-0.20234471651192076,0.11360394281674246
92.18,-0.2,-0.20370962990143054,-0.04993739126635732
92.185,-0.2,-0.20503369089568974,-0.4341974834541504
92.19,-0.2,-0.20611272878438014,-0.5910924624774823
92.195,-0.2,-0.20688246533487642,-0.2774482578665237
92.2,-0.2,-0.20741956962111946,-0.23433048177598922
92.205,-0.2,-0.207850937176834,-0.003199257493645514
92.21,-0.2,-0.20825446547011411,0.10591891130603237
92.215,-0.2,-0.20860069665794415,0.03166137173554458
92.22,-0.2,-0.20875679797462615,-0.19294843565653327
92.225,-0.2,-0.20856568048041468,-0.6128446482545743
92.23,-0.2,-0.20796295878769314,-0.4635726689519146
92.235,-0.2,-0.20704903267083785,-0.6297340220752089
92.24,-0.2,-0.20607070459484578,-0.2622244909154005
92.245,-0.2,-0.20532904428631982,-0.024059973996376206
92.25,-0.2,-0.20505030314990402,0.20693514445069788
92.255,-0.2,-0.20529042198652178,-0.16768851599174553
92.26,-0.2,-0.20594863100487962,-0.22318704548494622
92.265,-0.2,-0.2068699863324144,-0.41270101736302445
92.27,-0.2,-0.20794713459189088,-0.48550603532342224
92.275,-0.2,-0.2091690836211782,-0.368002077372751
92.28,-0.2,-0.2106040600439907,-0.11120829329137852
92.285,-0.2,-0.2123243200852881,-0.02839183676762222
92.29,-0.2,-0.21432251718847045,0.08704567436542479
92.295,-0.2,-0.21647555086792272,-0.08639416737844476
92.3,-0.2,-0.21857059317733138,-0.07481189659682405
92.305,-0.2,-0.2203745874195315,-0.4582304376296573
92.31,-0.2,-0.22172340462532444,-0.5229657777065904
92.315,-0.2,-0.22259230189812226,-0.4019817642612381
92.32,-0.2,-0.22309221256793316,-0.2029165160972306
92.325,-0.2,-0.22338819432408574,-0.08238262785980607
92.33,-0.2,-0.22360118601741927,0.08575698034864156
92.335,-0.2,-0.22374969582390897,-0.11893305874362418
92.34,-0.2,-0.22376409345011733,-0.36753351554548475
92.345,-0.2,-0.2235677910290677,-0.40791602329952475
92.35,-0.2,-0.22316059853550738,-0.48237912268367755
92.355,-0.2,-0.22264760251863255,-0.43217132696051624
92.36,-0.2,-0.22220774740032498,-0.0899749175263099
92.365,-0.2,-0.22201098775320008,0.05011633291462267
92.37,-0.2,-0.22211444958983204,0.3201447329025493
92.375,-0.2,-0.22240304945694833,-0.09693857173366298
92.38,-0.2,-0.22263256780741714,-0.28391947571052084
92.385,-0.2,-0.2225575246031118,-0.4350464290048854
92.39,-0.2,-0.2220499592052635,-0.5112101860669335
92.395,-0.2,-0.22114945096610564,-0.6214933581479127
92.4,-0.2,-0.22004649392372838,-0.176855904164893
92.405,-0.2,-0.21899481793117836,0.012746738399120418
92.41,-0.2,-0.2181816059304456,0.0524199097082676
92.415,-0.2,-0.21764233408117034,0.09592935015384889
92.42,-0.2,-0.21726204324078544,-0.05691074126047349
92.425,-0.2,-0.21684683711252872,-0.5153135012484135
92.43,-0.2,-0.21624246994978283,-0.504312304604417
92.435,-0.2,-0.21543884981164907,-0.6253343545322156
92.44,-0.2,-0.21458433482170505,-0.14991081393280425
92.445,-0.2,-0.2138910250374306,0.12916331210823498
92.45,-0.2,-0.2134945216430928,-0.03523968813504082
92.455,-0.2,-0.21337847409613855,0.05802432940846494
92.46,-0.2,-0.21340441360670767,-0.2703088776345269
92.465,-0.2,-0.21339842744544912,-0.3430675173851409
92.47,-0.2,-0.21324578941796815,-0.5677668271810122
92.475,-0.2,-0.21295408074435546,-0.3937160193391084
92.48,-0.2,-0.21264404344777385,-0.12533504660577066
92.485,-0.2,-0.2124673312174662,-0.10103975278335782
92.49,-0.2,-0.21250950672661179,0.14581010423968205
92.495,-0.2,-0.21272759456394508,0.24374098765199126
92.5,-0.2,-0.2129342037624939,-0.05779478121653414
92.505,-0.2,-0.21286285288295617,-0.5948504494405129
92.51,-0.2,-0.21231417287330673,-0.4781198220428084
92.515,-0.2,-0.21127011954399472,-0.451927829499429
92.52,-0.2,-0.2098771943734815,-0.048339398299553415
92.525,-0.2,-0.20833174096802792,-0.04829266542909253
92.53,-0.2,-0.2067645919820978,0.11781816070776764
92.535,-0.2,-0.2051890249812676,-0.056402843734631156
92.54,-0.2,-0.2035217909744056,-0.1652953318481824
92.545,-0.2,-0.20165687951117928,-0.4462076726264504
92.55,-0.2,-0.19955558920046293,-0.4764741959585359
92.555,-0.2,-0.1973028096605415,-0.4147681112014401
92.56,-0.2,-0.19508835957547302,-0.0860081819330185
92.565,-0.2,-0.19311350080229744,0.12240902146524939
92.57,-0.2,-0.19147861420131163,0.12497607736417214
92.575,-0.2,-0.1901331894712495,-0.09090503096621635
92.58,-0.2,-0.1889228200992984,-0.22751231591224674
92.585,-0.2,-0.18769120323974842,-0.4420255661189077
92.59,-0.2,-0.18637649576469353,-0.617268195046311
92.595,-0.2,-0.18506248822404794,-0.35362003242227646
92.6,-0.2,-0.18394987587002737,-0.16690346086103924
92.605,-0.2,-0.18324839207345486,0.16173943960512557
92.61,-0.2,-0.18305434964184197,0.1424200137842863
92.615,-0.2,-0.18328984431189058,0.08312101216440157
92.62,-0.2,-0.18372949714939987,0.009302787285102171
92.625,-0.2,-0.1840883855291604,-0.40409765621577204
92.63,-0.2,-0.18413818708712673,-0.5195899929505067
92.635,-0.2,-0.18380473375220044,-0.4047686698443457
92.64,-0.2,-0.18318288556558135,-0.32746657979720073
92.645,-0.2,-0.18246033693040073,0.050067164826927885
92.65,-0.2,-0.18180223173542975,0.07078098532549644
92.655,-0.2,-0.18126333658774652,0.004339493610040872
92.66,-0.2,-0.18078058436095615,-0.14728515207639215
92.665,-0.2,-0.18024111815972438,-0.38468145324169606
92.67,-0.2,-0.17957777644503573,-0.5422556332765888
92.675,-0.2,-0.17884103820102012,-0.4294006251286579
92.68,-0.2,-0.17820360615790842,-0.3248139659629965
92.685,-0.2,-0.17788817816301605,0.06722767927091715
92.69,-0.2,-0.1780482159446892,0.31656366335159547
92.695,-0.2,-0.17866692261119452,-0.023945325324846528
92.7,-0.2,-0.17955998046245292,-0.1711149940850778
92.705,-0.2,-0.18048915337396518,-0.45758375294729137
92.71,-0.2,-0.18129466069823993,-0.500144561367633
92.715,-0.2,-0.18196597098012685,-0.44410118966281303
92.72,-0.2,-0.18262816455348854,-0.24867160769062474
92.725,-0.2,-0.18345157919477473,0.2510197445664949
92.73,-0.2,-0.18451859458912043,0.2665210296501278
92.735,-0.2,-0.1857302986091925,0.055949317819039356
92.74,-0.2,-0.18683145723927222,-0.0823683622499226
92.745,-0.2,-0.18752569024897991,-0.2870913008673023
92.75,-0.2,-0.18759432034321138,-0.4652015238560619
92.755,-0.2,-0.18697123708221847,-0.38536156746579625
92.76,-0.2,-0.18574765207791968,-0.15673044824770907
92.765,-0.2,-0.1840963724428002,0.07361841911654923
92.77,-0.2,-0.1821565700759449,0.22139631851908323
92.775,-0.2,-0.17995406201716124,-0.017831640094093965
92.78,-0.2,-0.1774126677034364,-0.1912454107736247
92.785,-0.2,-0.17444879427286636,-0.5274687492813629
92.79,-0.2,-0.17108678140750042,-0.6185759110273492
92.795,-0.2,-0.1675220856989839,-0.388307184466746
92.8,-0.2,-0.1640822805706053,-0.14083860833693007
92.805,-0.2,-0.16109856532390482,0.2187722540299539
92.81,-0.2,-0.15876900853709094,0.04916695048885292
92.815,-0.2,-0.15710509786910654,-0.04108046087986285
92.82,-0.2,-0.1559842924366364,-0.18133765836102833
92.825,-0.2,-0.15525157855760383,-0.42786276906809645
92.83,-0.2,-0.15480919442653937,-0.3542438651694966
92.835,-0.2,-0.154661640664274,-0.43878630038469185
92.84,-0.2,-0.15489887544860015,-0.061776800930473
92.845,-0.2,-0.15562366450505755,0.0062732137343187305
92.85,-0.2,-0.156863355097269,0.07557456916802442
92.855,-0.2,-0.1585219197195847,0.11004091535926136
92.86,-0.2,-0.1603950976248404,-0.17799567993291662
92.865,-0.2,-0.16224117019206852,-0.33462062892721384
92.87,-0.2,-0.16387957807185463,-0.45983748082325915
92.875,-0.2,-0.165261735392912,-0.4269515112692539
92.88,-0.2,-0.1664729037043203,-0.23339219988217633
92.885,-0.2,-0.16766751814039713,-0.07507947715466157
92.89,-0.2,-0.16897224511787437,0.14481190628987767
92.895,-0.2,-0.17040356775161294,0.13416288132802934
92.9,-0.2,-0.17184600717561005,-0.17242502909168544
92.905,-0.2,-0.17311486917895397,-0.2907741141038601
92.91,-0.2,-0.17406365170784885,-0.4395386968592413
92.915,-0.2,-0.1746616991884225,-0.4257459607429996
92.92,-0.2,-0.17500741402783151,-0.33920459135524766
92.925,-0.2,-0.1752765525179971,0.06096100917366059
92.93,-0.2,-0.17561862266044984,0.16585701870383673
92.935,-0.2,-0.1760576883183534,0.10919755563663534
92.94,-0.2,-0.17647560360324727,-0.17212220511137596
92.945,-0.2,-0.17669434856725585,-0.3838815423687426
92.95,-0.2,-0.1766019495230948,-0.695657315485377
92.955,-0.2,-0.1762466560287043,-0.41120001157763864
92.96,-0.2,-0.17583326270537133,-0.18972998977136826
92.965,-0.2,-0.17561020371622,0.19716822647706
92.97,-0.2,-0.1757233753946166,0.14256830566330728
92.975,-0.2,-0.17614335304327502,-0.08396489053202272
92.98,-0.2,-0.1767067346065021,-0.073590085472309
92.985,-0.2,-0.1772159448225204,-0.3788975630359718
92.99,-0.2,-0.1775383718803895,-0.6476912669605339
92.995,-0.2,-0.17768093603126736,-0.3261599396472823
93.0,-0.2,-0.17778535941987098,-0.11422455947797844
93.005,-0.2,-0.17802562654168316,0.0306402816876624
93.01,-0.2,-0.17848992959982588,0.19363811542438614
93.015,-0.2,-0.17911945419632888,0.14141763213279857
93.02,-0.2,-0.17972122690996617,-0.1734988384317388
93.025,-0.2,-0.18005010196255344,-0.1759343983433358
93.03,-0.2,-0.17991075916557817,-0.36031116184358986
93.035,-0.2,-0.17922816343942333,-0.5639122876005161
93.04,-0.2,-0.1780817251906931,-0.4070710241896492
93.045,-0.2,-0.17667958748049306,0.05308913336242805
93.05,-0.2,-0.1752439240451076,0.2065547815686843
93.055,-0.2,-0.17388303756177997,-0.07988267698362073
93.06,-0.2,-0.17256857654039442,-0.11687874227513861
93.065,-0.2,-0.17121326035015855,-0.2698031274332141
93.07,-0.2,-0.1697586789472668,-0.4052993855015848
93.075,-0.2,-0.16822695521489198,-0.3070168055428954
93.08,-0.2,-0.16672516385896985,-0.2509297545226064
93.085,-0.2,-0.1653993291100087,-0.020050706751810116
93.09,-0.2,-0.16436088757057296,0.06968117731663082
93.095,-0.2,-0.1636278724739692,-0.028189860483071122
93.1,-0.2,-0.16311748880096508,-0.011457577566017535
93.105,-0.2,-0.16269536296867596,-0.4450211457294997
93.11,-0.2,-0.16226118878210766,-0.43041637204720107
93.115,-0.2,-0.16182644603398413,-0.4932890667426981
93.12,-0.2,-0.16152550975133445,-0.1901950156922692
93.125,-0.2,-0.16154237369794922,0.06166243446335003
93.13,-0.2,-0.16199750201041033,0.09700163544107906
93.135,-0.2,-0.16286864814453877,0.14775323462488704
93.14,-0.2,-0.1639890740565013,-0.052830809459659955
93.145,-0.2,-0.16512080103013288,-0.46770292695584237
93.15,-0.2,-0.16606719834901196,-0.20457778312815378
93.155,-0.2,-0.1667466091007331,-0.37903546845517866
93.16,-0.2,-0.16718424909882632,-0.15520714135527153
93.165,-0.2,-0.16745053397840384,0.18083933241112016
93.17,-0.2,-0.16757380879163236,0.1264810010201692
93.175,-0.2,-0.16747556112534848,0.10929375766780894
93.18,-0.2,-0.16698807096929597,-0.2559156262124288
93.185,-0.2,-0.16595090032070892,-0.48316968071117916
93.19,-0.2,-0.16432262060515332,-0.4273556435314557
93.195,-0.2,-0.16222725492975798,-0.3197689985191942
93.2,-0.2,-0.15990410757564372,-0.09740996554347821
93.205,-0.2,-0.15760183295165572,0.1152932394210944
93.21,-0.2,-0.15547385686028192,0.20541291237830717
93.215,-0.2,-0.15352685263518343,-0.08028219721165211
93.22,-0.2,-0.15165665618576887,-0.14589444045308356
93.225,-0.2,-0.1497458806503883,-0.4441552927461676
93.23,-0.2,-0.14776094173873772,-0.48317089897695087
93.235,-0.2,-0.14580373945915895,-0.42768670934957004
93.24,-0.2,-0.14409194984302498,-0.17508569822161674
93.245,-0.2,-0.14287986759948293,-0.2657233273068252
93.25,-0.2,-0.14237080473569205,0.17321808162883034
93.255,-0.2,-0.1426468399951833,0.10393033550985017
93.26,-0.2,-0.14363171531880925,-0.018208937891969645
93.265,-0.2,-0.14512850941257352,-0.311059516254221
93.27,-0.2,-0.14692980690260643,-0.5357463447284985
93.275,-0.2,-0.14892689816253424,-0.37787014426313176
93.28,-0.2,-0.15113405525316023,-0.06430795123664079
93.285,-0.2,-0.1536106542328116,-0.025350333362275254
93.29,-0.2,-0.1563593845007056,0.07213041413574678
93.295,-0.2,-0.1592776298677235,0.08669298654746448
93.3,-0.2,-0.1621697943463692,-0.15997757580016828
93.305,-0.2,-0.16481465264243003,-0.47542462368694144
93.31,-0.2,-0.16706779237482725,-0.41260001873092383
93.315,-0.2,-0.16892599700814484,-0.3265766988546664
93.32,-0.2,-0.17050177523818136,-0.17141318651426843
93.325,-0.2,-0.17193799829288614,0.051392766253892705
93.33,-0.2,-0.173321298560422,-0.018366514135588236
93.335,-0.2,-0.174640147497709,-0.023309600207926856
93.34,-0.2,-0.17580572353269877,-0.22150235763992748
93.345,-0.2,-0.1767149967919264,-0.32410400204379813
93.35,-0.2,-0.17731616245205353,-0.31260513287323527
93.355,-0.2,-0.17764503931452036,-0.48798160932764467
93.36,-0.2,-0.17782837314111477,-0.3096483005027041
93.365,-0.2,-0.1780446912331131,0.12786655653874593
93.37,-0.2,-0.17842663777793363,0.18255284958259285
93.375,-0.2,-0.1789715334493262,-0.16453590506842017
93.38,-0.2,-0.1795567078423312,-0.10752521447075998
93.385,-0.2,-0.18003538786201398,-0.4486626139388119
93.39,-0.2,-0.1803341595189997,-0.6281586166927448
93.395,-0.2,-0.18051922314286065,-0.4637441736993072
93.4,-0.2,-0.18078849943408534,-0.10255396284833496
93.405,-0.2,-0.1813626581882061,0.1556858808132382
93.41,-0.2,-0.18235001840806392,0.012442535455118128
93.415,-0.2,-0.18369479011127438,-0.04862305551735402
93.42,-0.2,-0.18522673954849705,-0.15326563050622186
93.425,-0.2,-0.18675206503977443,-0.4452019983039904
93.43,-0.2,-0.1881378401113339,-0.3306244295821797
93.435,-0.2,-0.1893564071572231,-0.34631145365459043
93.44,-0.2,-0.19046752300181802,-0.18291054090442613
93.445,-0.2,-0.19155692782887426,-0.0005115666933943296
93.45,-0.2,-0.1926629292215077,0.11714737431202168
93.455,-0.2,-0.19372306324869318,0.031805592997520116
93.46,-0.2,-0.19458132724783497,-0.24582295368651474
93.465,-0.2,-0.19506496716625835,-0.3641551777863242
93.47,-0.2,-0.19508103254239384,-0.4663767336060587
93.475,-0.2,-0.194668002115018,-0.35531989861712426
93.48,-0.2,-0.19397579049385977,-0.17935377587210993
93.485,-0.2,-0.19318904896250716,-0.0002766892516981728
93.49,-0.2,-0.19244065450328768,-0.06768045190484523
93.495,-0.2,-0.191762023647479,0.18759281507219772
93.5,-0.2,-0.19107736632608074,-0.11481359779907724
93.505,-0.2,-0.19024823254293616,-0.4456917886038477
93.51,-0.2,-0.18917563852342426,-0.5173632487823167
93.515,-0.2,-0.18788630619338942,-0.1936070850932505
93.52,-0.2,-0.18651149171218612,-0.09185506022946244
93.525,-0.2,-0.18518989626988755,-0.07322988936425556
93.53,-0.2,-0.18398869609696947,0.1853771099995473
93.535,-0.2,-0.1828633405858166,0.21635668065438998
93.54,-0.2,-0.18165204361893236,-0.1621259145642332
93.545,-0.2,-0.18014143437224,-0.34666083008235127
93.55,-0.2,-0.17818715271072744,-0.4813886350053263
93.555,-0.2,-0.17580382201560582,-0.534617701083
93.56,-0.2,-0.17317504468438633,-0.31689458676261006
93.565,-0.2,-0.1705837981751252,-0.018283485447119593
93.57,-0.2,-0.16828769965834361,0.19299428265358592
93.575,-0.2,-0.16641265890217286,-0.15636113118181283
93.58,-0.2,-0.16495121864662404,-0.301861681803836
93.585,-0.2,-0.16384971987807675,-0.183379188754792
93.59,-0.2,-0.16308570034597533,-0.5380005352344629
93.595,-0.2,-0.16270225719244724,-0.36087443197230656
93.6,-0.2,-0.16281203371936726,-0.28343178836140975
93.605,-0.2,-0.1635464369665108,0.16024789839223036
93.61,-0.2,-0.16495316770966068,0.20376834584190145
93.615,-0.2,-0.16691489385778957,0.09750358918388924
93.62,-0.2,-0.16916080558836533,-0.10619939929340919
93.625,-0.2,-0.17136871267329717,-0.42776583177058247
93.63,-0.2,-0.1732925737158351,-0.42152082076777203
93.635,-0.2,-0.17483926797520738,-0.32314160689858784
93.64,-0.2,-0.17605537954775946,-0.22763252124011768
93.645,-0.2,-0.17705153166887289,-0.022096858310509074
93.65,-0.2,-0.1779148021127224,0.10468615311917792
93.655,-0.2,-0.1786428055041234,0.08626231760602823
93.66,-0.2,-0.17912616556475247,0.03485436699491826
93.665,-0.2,-0.1791968183851268,-0.47288391612827707
93.67,-0.2,-0.17873181689062279,-0.42492162998027405
93.675,-0.2,-0.1777415380043504,-0.2597186102890465
93.68,-0.2,-0.176357430494065,-0.04658329005802997
93.685,-0.2,-0.17474115822090286,-0.12503661348172046
93.69,-0.2,-0.17301211232582156,-0.05678113689445807
93.695,-0.2,-0.1712265434329533,0.05466889940710214
93.7,-0.2,-0.1693855325779819,-0.3483452797921327
93.705,-0.2,-0.16747962872867328,-0.3922746236813815
93.71,-0.2,-0.16556604411081852,-0.6036835878794029
93.715,-0.2,-0.1638157865698701,-0.308230569705143
93.72,-0.2,-0.1624800184334735,-0.16199972029185344
93.725,-0.2,-0.1617883859199065,0.15534144948009676
93.73,-0.2,-0.16184751445496065,-0.107813003085456
93.735,-0.2,-0.16260670313729667,0.17548862866036985
93.74,-0.2,-0.16388984850703092,-0.20059246883304965
93.745,-0.2,-0.16546920054501857,-0.45406694009054094
93.75,-0.2,-0.16716885336278384,-0.4349466127372415
93.755,-0.2,-0.1689392299054445,-0.4045072311737964
93.76,-0.2,-0.1708428135691817,-0.09988414693735952
93.765,-0.2,-0.17296644298931865,0.08101093362698836
93.77,-0.2,-0.17532194751537003,0.037333857710085516
93.775,-0.2,-0.17779825195486623,0.09991416401006473
93.78,-0.2,-0.18018527076403754,-0.19433571154693663
93.785,-0.2,-0.18224928650162836,-0.3228103254777559
93.79,-0.2,-0.18382370249163832,-0.36648831499026446
93.795,-0.2,-0.1848662595422323,-0.418598634000825
93.8,-0.2,-0.18545311522432015,-0.08771306155771924
93.805,-0.2,-0.1857158946583741,-0.11178644219145059
93.81,-0.2,-0.1857537614469467,0.2705864185315463
93.815,-0.2,-0.18556850837210456,-0.1086166583649246
93.82,-0.2,-0.18507006007612237,-0.19146582881238505
93.825,-0.2,-0.18415813031433023,-0.4396803944140717
93.83,-0.2,-0.18281515730781314,-0.3537122936973933
93.835,-0.2,-0.1811390029281382,-0.2712128693985332
93.84,-0.2,-0.17930563073354683,-0.18528638937655595
93.845,-0.2,-0.17750005821545195,-0.04929322681439052
93.85,-0.2,-0.1758513374355259,0.09599731707190917
93.855,-0.2,-0.17438997075483484,-0.04163602118089821
93.86,-0.2,-0.17305443299387555,-0.22525860149735838
93.865,-0.2,-0.17175493902713262,-0.31272780838000214
93.87,-0.2,-0.17045195504304997,-0.46571366666570985
93.875,-0.2,-0.16920384291700188,-0.42012233001523575
93.88,-0.2,-0.1681684946358341,-0.3745633360152213
93.885,-0.2,-0.16755067509380753,0.11604307263617056
93.89,-0.2,-0.16749409588166772,0.2798392527091541
93.895,-0.2,-0.1679770407296456,0.01484236595598885
93.9,-0.2,-0.1688124938602629,-0.2327263654452762
93.905,-0.2,-0.1697589617780634,-0.2750048417885415
93.91,-0.2,-0.17064347375386862,-0.6145503812463677
93.915,-0.2,-0.1714325274267446,-0.3965710453007619
93.92,-0.2,-0.17222840366654846,-0.12018677746184933
93.925,-0.2,-0.1731839424055244,-0.09694795335411818
93.93,-0.2,-0.17439104130930203,0.2702569468244746
93.935,-0.2,-0.17581251709985324,-0.09615317363051182
93.94,-0.2,-0.17728551101440754,0.08144815944652237
93.945,-0.2,-0.17858774264731533,-0.38537825688093663
93.95,-0.2,-0.17953335131743006,-0.42809574245265564
93.955,-0.2,-0.1800635566345053,-0.6348088727389475
93.96,-0.2,-0.18028189449739965,-0.14329417192395721
93.965,-0.2,-0.18039123636279686,-0.10726973117453015
93.97,-0.2,-0.1805718578693072,0.10419046206174179
93.975,-0.2,-0.1808912031238394,0.019504530230422566
93.98,-0.2,-0.18129260930052893,-0.14804416031828324
93.985,-0.2,-0.18165782038878497,-0.4229900789640594
93.99,-0.2,-0.18191015498031524,-0.5795594396425244
93.995,-0.2,-0.18209474926448502,-0.3822516625012425
94.0,-0.2,-0.18236958209998622,-0.0714685476956024
94.005,-0.2,-0.1829079821351925,-0.04916589899982357
94.01,-0.2,-0.18379526178730934,0.07261744038143866
94.015,-0.2,-0.18499116007540117,-0.11578569423183918
94.02,-0.2,-0.1863636351087191,-0.23241659069439152
94.025,-0.2,-0.1877703478680321,-0.5546103572542483
94.03,-0.2,-0.1891494520668466,-0.4644223942682397
94.035,-0.2,-0.19056491807282264,-0.4428053402652251
94.04,-0.2,-0.19217448626703657,-0.161170456176435
94.045,-0.2,-0.1941376483038716,0.07581292395737207
94.05,-0.2,-0.19651640251371527,-0.031957446060081635
94.055,-0.2,-0.19922411110248503,0.24715902782129823
94.06,-0.2,-0.20202894870774718,0.0955352741469298
94.065,-0.2,-0.2046038846907489,-0.3992752049377201
94.07,-0.2,-0.2066398019870763,-0.41661116461131037
94.075,-0.2,-0.20796259048714355,-0.24762088745792354
94.08,-0.2,-0.208549187398659,-0.1395491244026999
94.085,-0.2,-0.2084525122838892,-0.02575855329837777
94.09,-0.2,-0.2077221700292513,-0.007201733092360718
94.095,-0.2,-0.20636887616539515,-0.12421869305047459
94.1,-0.2,-0.204383576831238,-0.36839577546852675
94.105,-0.2,-0.20180160019241072,-0.5095509739103381
94.11,-0.2,-0.1987705848786517,-0.5668317997845784
94.115,-0.2,-0.19556826366152166,-0.3243859726582213
94.12,-0.2,-0.19254796876148358,-0.28432796643664904
94.125,-0.2,-0.1900336129524647,0.28524345234222526
94.13,-0.2,-0.18820658313119493,0.03233062911196499
94.135,-0.2,-0.18705483170095508,-0.12861517476362275
94.14,-0.2,-0.18643730056874883,-0.3864028673837038
94.145,-0.2,-0.18621316492127793,-0.523125503662875
94.15,-0.2,-0.18634000222237485,-0.4795367891629189
94.155,-0.2,-0.1868910507975207,-0.25683962207319455
94.16,-0.2,-0.18799845065319204,-0.3022852497024159
94.165,-0.2,-0.1897701489024382,0.09879144092338861
94.17,-0.2,-0.19221222581065042,0.16149727712522832
94.175,-0.2,-0.19517488225178728,0.07213329565004287
94.18,-0.2,-0.1983726468276902,-0.3365795467818079
94.185,-0.2,-0.2014928490186329,-0.34230589093171077
94.19,-0.2,-0.2043123138663142,-0.3947011088138316
94.195,-0.2,-0.20674792027470557,-0.5162381379594896
94.2,-0.2,-0.20884600397254113,-0.22595564744433605
94.205,-0.2,-0.21072102588187575,0.07854027240223896
94.21,-0.2,-0.21244520962524216,0.24294850267665685
94.215,-0.2,-0.21395982417885012,-0.12582576472291992
94.22,-0.2,-0.21509422641519393,-0.1921080641827393
94.225,-0.2,-0.21567302206429298,-0.4678679129827992
94.23,-0.2,-0.21562357115065345,-0.5523195809991489
94.235,-0.2,-0.21502721263894511,-0.3655648978535028
94.24,-0.2,-0.21408615378488718,-0.06080734795968143
94.245,-0.2,-0.213016318010161,0.01991569857211598
94.25,-0.2,-0.21194309267788847,-0.004672761881103771
94.255,-0.2,-0.2108649469728975,0.10205662590719616
94.26,-0.2,-0.2096832163101611,-0.36762853446236565
94.265,-0.2,-0.208285369762397,-0.4793110416286492
94.27,-0.2,-0.20665672128904605,-0.7328534743329566
94.275,-0.2,-0.20494886849681954,-0.4086696251985445
94.28,-0.2,-0.20344517100215925,-0.22466733405649117
94.285,-0.2,-0.2024368834138647,0.14753076848803803
94.29,-0.2,-0.20208890197053533,0.010629271102946536
94.295,-0.2,-0.20238231121118258,-0.035157382911812245
94.3,-0.2,-0.20314969870652125,0.02354107971982053
94.305,-0.2,-0.20414928270297594,-0.31450717017725127
94.31,-0.2,-0.20514748786596093,-0.40659180587953553
94.315,-0.2,-0.20599370664293848,-0.21048275054449203
94.32,-0.2,-0.2066334435798789,-0.12702373015429202
94.325,-0.2,-0.20704900011096153,0.08548323886235273
94.33,-0.2,-0.20718439275174044,0.13499569714363335
94.335,-0.2,-0.20691121531869755,-0.1780313509453966
94.34,-0.2,-0.20606634285583492,-0.20872712220909684
94.345,-0.2,-0.20454279817273877,-0.657030816441809
94.35,-0.2,-0.20237260578047395,-0.3186919186423361
94.355,-0.2,-0.19974511255431293,-0.5028312606863342
94.36,-0.2,-0.19695842582328768,-0.3526366037340417
94.365,-0.2,-0.1943413338994166,0.03678922801478555
94.37,-0.2,-0.19215655223802997,0.05802244382437719
94.375,-0.2,-0.19051682391288188,-0.0010344649055977406
94.38,-0.2,-0.18937579316696554,-0.034466347596020436
94.385,-0.2,-0.18859389123951095,-0.42338018318372206
94.39,-0.2,-0.18804520863805077,-0.6545519052304253
94.395,-0.2,-0.18772146314739327,-0.4666361209447669
94.4,-0.2,-0.1877498367002531,-0.1158058046959833
94.405,-0.2,-0.1882940183481684,0.02050933993722428
94.41,-0.2,-0.1894259449088078,0.08375666065168301
94.415,-0.2,-0.1910661415854444,0.00672952206108085
94.42,-0.2,-0.19300999701958282,-0.15629416558110487
94.425,-0.2,-0.19500785428257889,-0.32654930193210874
94.43,-0.2,-0.19686558432503143,-0.6822293271647634
94.435,-0.2,-0.19852089170981643,-0.14145242218738785
94.44,-0.2,-0.20003521482096112,-0.33567953038383025
94.445,-0.2,-0.20151927369983128,-0.2787536447674653
94.45,-0.2,-0.20306473219298538,0.26094231342882823
94.455,-0.2,-0.20468040952248762,0.013532869705123837
94.46,-0.2,-0.20625216930587353,-0.15251695094695875
94.465,-0.2,-0.2076033506089754,-0.6044422616970284
94.47,-0.2,-0.20862146274134755,-0.33077549029916864
94.475,-0.2,-0.20933149885769442,-0.540540736375914
94.48,-0.2,-0.20987728505488637,-0.24223739690906904
94.485,-0.2,-0.21044928479953123,-0.05733248346869803
94.49,-0.2,-0.21118932676155738,0.11343789423957124
94.495,-0.2,-0.21211399353066085,-0.03424806656366374
94.5,-0.2,-0.21311724769918322,-0.33439952246219407
94.505,-0.2,-0.2140568516514655,-0.3744195859864544
94.51,-0.2,-0.21486054340752508,-0.7050573715660093
94.515,-0.2,-0.21559135940381266,-0.468644002438751
94.52,-0.2,-0.2164357053863851,-0.172521336643004
94.525,-0.2,-0.21760582581691676,-0.05126691784817415
94.53,-0.2,-0.21921932788112689,0.10829843851516315
94.535,-0.2,-0.221232119453659,0.10812171153204131
94.54,-0.2,-0.22344224455069556,-0.04831781620785319
94.545,-0.2,-0.22555785207797002,-0.3183724678765222
94.55,-0.2,-0.22731108823772284,-0.537666959582211
94.555,-0.2,-0.2285634156767923,-0.42494306560298817
94.56,-0.2,-0.22933141188596595,-0.15108426844409062
94.565,-0.2,-0.22971234596547055,0.007587314751942171
94.57,-0.2,-0.22977162526025918,0.11886708996458145
94.575,-0.2,-0.22947645895572377,-0.0759257194990626
94.58,-0.2,-0.22870864116997075,-0.06146464311355626
94.585,-0.2,-0.2273384943884845,-0.6238105088695702
94.59,-0.2,-0.22532975771885763,-0.5851465685825324
94.595,-0.2,-0.2228102534835996,-0.23166515457642742
94.6,-0.2,-0.22002805574906864,-0.10765869916217172
94.605,-0.2,-0.21722178316475693,0.13208063510983567
94.61,-0.2,-0.214511055392317,0.13969622478419758
94.615,-0.2,-0.21186288962548622,-0.04861467342177702
94.62,-0.2,-0.20913471289864535,-0.05935369539460292
94.625,-0.2,-0.20616632548721206,-0.5582175516141878
94.63,-0.2,-0.20288733280166946,-0.5609048965386776
94.635,-0.2,-0.19939380208161528,-0.4719325195686094
94.64,-0.2,-0.19592784054663415,-0.03785065239105734
94.645,-0.2,-0.19275573040568916,0.07223184042486357
94.65,-0.2,-0.19003358139637685,0.13757719062825102
94.655,-0.2,-0.18774834663795495,0.07355863386645782
94.66,-0.2,-0.18574704250311266,-0.09280701801779495
94.665,-0.2,-0.18382740938108322,-0.5279421243172223
94.67,-0.2,-0.18185772322520227,-0.47119982197074894
94.675,-0.2,-0.1798549472629016,-0.3025119929359873
94.68,-0.2,-0.17796053387434632,-0.23513743173487198
94.685,-0.2,-0.17635328262148314,-0.15296063835874504
94.69,-0.2,-0.17516856118122906,0.14767257336639655
94.695,-0.2,-0.17443769120727473,0.05465990039219931
94.7,-0.2,-0.1740632706343188,-0.027560931047138693
94.705,-0.2,-0.17386492254938765,-0.38157412989353795
94.71,-0.2,-0.17368409907667148,-0.5261822221050408
94.715,-0.2,-0.17347844084107558,-0.3295160817274604
94.72,-0.2,-0.17333424463214628,-0.30514470825716866
94.725,-0.2,-0.1733971890983025,-0.01303324766164319
94.73,-0.2,-0.17377430799292054,0.1718853208734533
94.735,-0.2,-0.17445231786589158,0.10961208566068295
94.74,-0.2,-0.1752748324707714,0.02536359019376455
94.745,-0.2,-0.17600452138394834,-0.4657893171128545
94.75,-0.2,-0.17644580993256842,-0.4809558424771458
94.755,-0.2,-0.17655167890874487,-0.47160381652766803
94.76,-0.2,-0.17643963182888037,-0.3029856214739498
94.765,-0.2,-0.17631286799048432,0.0785926975797113
94.77,-0.2,-0.17633426697802781,0.2108428737615019
94.775,-0.2,-0.17652804705102318,-0.08458866079531749
94.78,-0.2,-0.1767896402548067,-0.3081114008236996
94.785,-0.2,-0.1769881212409691,-0.24521782968820094
94.79,-0.2,-0.17705751855004156,-0.45993168609960344
94.795,-0.2,-0.1770291405545011,-0.35606227137949925
94.8,-0.2,-0.1770171454133535,-0.13904928076667553
94.805,-0.2,-0.17715568652552294,0.04260689136178604
94.81,-0.2,-0.17750826354218815,0.18039309947834553
94.815,-0.2,-0.1780089214449114,0.020706111656247167
94.82,-0.2,-0.17847888512908294,-0.15469193222381844
94.825,-0.2,-0.17871159949494178,-0.3609740682939869
94.83,-0.2,-0.1785756712282238,-0.492973480593235
94.835,-0.2,-0.1780810039152744,-0.4263777946757694
94.84,-0.2,-0.17737102352525047,-0.09873685121402088
94.845,-0.2,-0.17663781417681043,-0.03157697558948848
94.85,-0.2,-0.1760156779741819,0.09992761144977601
94.855,-0.2,-0.17551841194297033,0.1278305169329343
94.86,-0.2,-0.17504801012375482,-0.3996222732787626
94.865,-0.2,-0.17448280380229572,-0.4611397699848616
94.87,-0.2,-0.17379047492352548,-0.37012699506387453
94.875,-0.2,-0.17306620114178162,-0.3580713566498821
94.88,-0.2,-0.17248173214274692,-0.10248337464572156
94.885,-0.2,-0.1721991985670422,0.050570623002179765
94.89,-0.2,-0.17228277128875014,0.2891668994169244
94.895,-0.2,-0.17264436938731617,-0.04945859418891235
94.9,-0.2,-0.17306917876292782,-0.060784478926210195
94.905,-0.2,-0.1733149264140047,-0.47768537121938787
94.91,-0.2,-0.1732277865328887,-0.49560531712556705
94.915,-0.2,-0.17281584325595425,-0.4398931867987815
94.92,-0.2,-0.17223795970088884,-0.19572055422941126
94.925,-0.2,-0.17170869382036197,0.11936410052068437
94.93,-0.2,-0.1713757945221663,0.05980195113082683
94.935,-0.2,-0.1712486341134554,0.035793228782080015
94.94,-0.2,-0.1712166462020865,-0.18161546447909127
94.945,-0.2,-0.1711259922337795,-0.1983854792391463
94.95,-0.2,-0.1708570490733985,-0.3488490807954846
94.955,-0.2,-0.17037708621055303,-0.5104633221798478
94.96,-0.2,-0.16975931888750453,-0.09556667132116217
94.965,-0.2,-0.16914028206895043,-0.05322397859324379
94.97,-0.2,-0.16862633241728128,0.12110008265286579
94.975,-0.2,-0.16822359139406232,0.0006979059594072953
94.98,-0.2,-0.1678407180492402,-0.18943093996159907
94.985,-0.2,-0.16736079199644407,-0.5046747527329543
94.99,-0.2,-0.16674480286059573,-0.5574289800151819
94.995,-0.2,-0.1660931697269381,-0.25883646294496376
95.0,-0.2,-0.165603350004082,-0.022226635708766734
95.005,-0.2,-0.16544997506526338,0.11297705224771935
95.01,-0.2,-0.16567957784157258,0.18225501349100778
95.015,-0.2,-0.16617374679128546,0.21417143188414717
95.02,-0.2,-0.16668058547544062,-0.16196078087167312
95.025,-0.2,-0.16690728529219534,-0.27196806725145084
95.03,-0.2,-0.16664392497331235,-0.6183722953761419
95.035,-0.2,-0.16585653392369362,-0.41012950383766156
95.04,-0.2,-0.16468561261783285,0.014856783144725078
95.045,-0.2,-0.16333605238977983,0.02501150611072081
95.05,-0.2,-0.1619406372741572,0.26277599631121507
95.055,-0.2,-0.16049803074814517,-0.1368434843962755
95.06,-0.2,-0.15891446307684498,-0.2805601856016843
95.065,-0.2,-0.15710289448255868,-0.1908393432905626
95.07,-0.2,-0.15505526632320357,-0.44521483861461625
95.075,-0.2,-0.1528630471475362,-0.39281355523389994
95.08,-0.2,-0.15070969321802835,-0.2427213733927226
95.085,-0.2,-0.14882066273924874,0.0212306148764976
95.09,-0.2,-0.1473697429216396,0.15041461416802956
95.095,-0.2,-0.14640393199739876,-0.08841525467265812
95.1,-0.2,-0.14584752748014537,-0.08063855510583347
95.105,-0.2,-0.1455728574347569,-0.33585270856854266
95.11,-0.2,-0.14548342927488006,-0.43697046368630804
95.115,-0.2,-0.14557367746632197,-0.3865388206447658
95.12,-0.2,-0.14593845071408865,-0.28776763213538503
95.125,-0.2,-0.14671918997358624,0.04228398237832279
95.13,-0.2,-0.1480096786224083,0.13275618866589364
95.135,-0.2,-0.1497746750367803,0.12085452823190634
95.14,-0.2,-0.1518393025864772,-0.13524007586855502
95.145,-0.2,-0.15396560238737403,-0.41971213498797066
95.15,-0.2,-0.15596817765025422,-0.36399692145985957
95.155,-0.2,-0.1577863459466499,-0.33596568785440295
95.16,-0.2,-0.1594707981117986,-0.1635213115887921
95.165,-0.2,-0.16111135464634813,0.05228786805861816
95.17,-0.2,-0.16274960417955955,0.15886716298702191
95.175,-0.2,-0.16432033238279983,0.0029793898839937175
95.18,-0.2,-0.16566090545362488,-0.06949750900975524
95.185,-0.2,-0.16657982682426895,-0.25577859912770806
95.19,-0.2,-0.16693845543843377,-0.37449764748831293
95.195,-0.2,-0.16671137854292023,-0.4164226852930285
95.2,-0.2,-0.16599921537331694,-0.14741747987796128
95.205,-0.2,-0.16497001965573724,0.12867444230234482
95.21,-0.2,-0.16375390540188847,0.0884564170897709
95.215,-0.2,-0.16237243950752395,0.023661561986035334
95.22,-0.2,-0.1607571680195532,-0.25280603668753865
95.225,-0.2,-0.15883723467913707,-0.4804762204775274
95.23,-0.2,-0.15663769284044465,-0.4786145854560904
95.235,-0.2,-0.15432029122423796,-0.23672435847914988
95.24,-0.2,-0.15213410898322788,-0.19261584130044013
95.245,-0.2,-0.1503178013221802,0.07112705902038609
95.25,-0.2,-0.14900341968762856,0.41368539222802514
95.255,-0.2,-0.1481447032221384,0.10920171040872484
95.26,-0.2,-0.14752474724217368,-0.15301303657105342
95.265,-0.2,-0.14687507115311169,-0.4804380112791564
95.27,-0.2,-0.14602715484229545,-0.4403072181329839
95.275,-0.2,-0.14498914447598293,-0.4031269937503311
95.28,-0.2,-0.14390985806934,0.07284366457781735
95.285,-0.2,-0.14296089488988792,0.08714080572335138
95.29,-0.2,-0.14221790380840668,0.16599371983837005
95.295,-0.2,-0.14162058530827204,-0.057695711386347576
95.3,-0.2,-0.14102230529418247,-0.19225754038956946
95.305,-0.2,-0.14028560670515072,-0.4528813715112916
95.31,-0.2,-0.13937386820967168,-0.4879625052415918
95.315,-0.2,-0.1383973816058712,-0.4502614542032651
95.32,-0.2,-0.1375927585658376,-0.3367525259755137
95.325,-0.2,-0.1372415977743283,0.10265942895651936
95.33,-0.2,-0.13755102225547555,0.19377642143007584
95.335,-0.2,-0.1385577992151177,-0.026924022959746968
95.34,-0.2,-0.1401341512551011,-0.1769588829852097
95.345,-0.2,-0.14208890443508138,-0.42097368403907526
95.35,-0.2,-0.14427666059928299,-0.2919608894441445
95.355,-0.2,-0.14664721843506506,-0.3896510626472758
95.36,-0.2,-0.14922869067434658,-0.11250492170667015
95.365,-0.2,-0.15206416441536308,0.12336096739136704
95.37,-0.2,-0.15512450440795736,0.21011658649591453
95.375,-0.2,-0.15824294210439213,0.26549537884793784
95.38,-0.2,-0.16112090292139794,-0.11649612157195013
95.385,-0.2,-0.16341683840537374,-0.2904370954142821
95.39,-0.2,-0.16487428998054324,-0.42790988904988436
95.395,-0.2,-0.16540545108313945,-0.23518808496865995
95.4,-0.2,-0.1650772685860458,-0.072532644591833
95.405,-0.2,-0.16402198254684217,0.11919704591399632
95.41,-0.2,-0.16233521128569472,0.22433120580691798
95.415,-0.2,-0.1600181451185842,0.04131238391443544
95.42,-0.2,-0.15699787248029834,-0.2270842779962997
95.425,-0.2,-0.1532220800085241,-0.5242300753677803
95.43,-0.2,-0.14877053585254804,-0.5314302617120442
95.435,-0.2,-0.1439027131095384,-0.33847634834532336
95.44,-0.2,-0.1390049696401545,-0.2157507486807493
95.445,-0.2,-0.13447543448726143,0.05992592038183589
95.45,-0.2,-0.1306131694574964,0.029778635315797455
95.455,-0.2,-0.12755927774699147,0.03949020531003882
95.46,-0.2,-0.12531113455089224,-0.241900105008402
95.465,-0.2,-0.12379582541554832,-0.28979444762582446
95.47,-0.2,-0.12295010019877019,-0.22677771834090077
95.475,-0.2,-0.12276183625431338,-0.5292208236765216
95.48,-0.2,-0.12327509609001333,-0.07390923656396677
95.485,-0.2,-0.12455357892594122,0.004216366798598353
95.49,-0.2,-0.12660236845126324,0.05575394582125656
95.495,-0.2,-0.12930763675030785,0.18887374582302102
95.5,-0.2,-0.13243340126909417,-0.004464253102191243
95.505,-0.2,-0.13567564595382786,-0.3929762148510093
95.51,-0.2,-0.1387693863611771,-0.40488220510429107
95.515,-0.2,-0.14158282663984262,-0.28234063008241445
95.52,-0.2,-0.14411993886559193,-0.17392383557842112
95.525,-0.2,-0.14644177722169716,0.16765977089859807
95.53,-0.2,-0.1485690785420703,0.06426707119069243
95.535,-0.2,-0.1504233602036691,0.16397260119581417
95.54,-0.2,-0.15183364519944276,-0.032464178374862526
95.545,-0.2,-0.1526061844309172,-0.563174356213072
95.55,-0.2,-0.15263696596137613,-0.3632112549888366
95.555,-0.2,-0.151987533417311,-0.2868247972576635
95.56,-0.2,-0.15084465189514928,0.08452312690606148
95.565,-0.2,-0.14940349667744687,0.01310847509626889
95.57,-0.2,-0.14777309066724464,0.19305502644382497
95.575,-0.2,-0.14594241229919053,0.20082854394613636
95.58,-0.2,-0.14380383517939743,-0.34878227152911767
95.585,-0.2,-0.14125199391693175,-0.633108194519765
95.59,-0.2,-0.13832114226474806,-0.4674265851234681
95.595,-0.2,-0.13524076258273657,-0.449542002320881
95.6,-0.2,-0.13236804745150932,-0.16365162989683063
95.605,-0.2,-0.13006028741245876,0.16558724426108679
95.61,-0.2,-0.12854894910606515,0.07864840752504401
95.615,-0.2,-0.12787685239127985,0.0018000965666236102
95.62,-0.2,-0.12793041420881443,-0.05697417034285393
95.625,-0.2,-0.1285246564470799,-0.3220298504541614
95.63,-0.2,-0.1294892704190362,-0.2594021767394559
95.635,-0.2,-0.13072658954949457,-0.3752957499379234
95.64,-0.2,-0.13222360610340858,-0.22150488255402967
95.645,-0.2,-0.134015798084455,0.056209114736537974
95.65,-0.2,-0.1361082566786574,0.24917456407452682
95.655,-0.2,-0.13839571926843072,0.08037943765480964
95.66,-0.2,-0.14066068460009543,-0.28243026495553
95.665,-0.2,-0.1426721056939994,-0.3947221235198506
95.67,-0.2,-0.14430894330029825,-0.5837647239793972
95.675,-0.2,-0.14562283944743723,-0.407691828832994
95.68,-0.2,-0.1468089806545638,-0.14366541035505997
95.685,-0.2,-0.14809646708320398,0.1801106365869748
95.69,-0.2,-0.14961901335103872,0.036351627351896204
95.695,-0.2,-0.15135157802097243,0.13292243650650426
95.7,-0.2,-0.15314047059416405,-0.2291839111873879
95.705,-0.2,-0.15479611605112784,-0.41363662668634504
95.71,-0.2,-0.1562006395256949,-0.40143533333828374
95.715,-0.2,-0.15736640242724662,-0.3535499854068686
95.72,-0.2,-0.15841221804704067,-0.14669705370341427
95.725,-0.2,-0.15948391862728123,0.034701324801078674
95.73,-0.2,-0.16066393813318605,0.1402058575578552
95.735,-0.2,-0.16191564053297516,0.003144594435026113
95.74,-0.2,-0.16310233816516953,-0.30013850748556037
95.745,-0.2,-0.1640781174440716,-0.41464182927650506
95.75,-0.2,-0.1647881919540162,-0.46655121488350054
95.755,-0.2,-0.16530674146017102,-0.24708358175100306
95.76,-0.2,-0.16579281324790515,-0.1465507840516944
95.765,-0.2,-0.16640548525497845,-0.07361208219821797
95.77,-0.2,-0.16723266163923517,0.11219435072351844
95.775,-0.2,-0.16825444678095508,0.00034245084869286707
95.78,-0.2,-0.16934829688806846,-0.08494231536392771
95.785,-0.2,-0.17034670387374548,-0.4086705096775231
95.79,-0.2,-0.1711276679636825,-0.3952656326912204
95.795,-0.2,-0.17168011822906254,-0.34309065299562247
95.8,-0.2,-0.17209776098526156,-0.18051182703896027
95.805,-0.2,-0.17250599786411036,0.16745173720426396
95.81,-0.2,-0.17296715798742654,0.004721810714604924
95.815,-0.2,-0.17342272172986878,0.24501715931365503
95.82,-0.2,-0.1737064331586049,-0.2944796766964709
95.825,-0.2,-0.17362672487092767,-0.3674511676707255
95.83,-0.2,-0.17307506474890058,-0.3418443623265458
95.835,-0.2,-0.1720772341088658,-0.2735815181464323
95.84,-0.2,-0.1707610033812957,-0.20933649747480232
95.845,-0.2,-0.16928735239450873,0.030943928642323273
95.85,-0.2,-0.16777546825856512,0.15639040613118338
95.855,-0.2,-0.1662404630846638,0.11807120065311322
95.86,-0.2,-0.16459428964249945,-0.41440544300044724
95.865,-0.2,-0.1627365116103356,-0.35226258422783585
95.87,-0.2,-0.16066637875348946,-0.5407091061099384
95.875,-0.2,-0.15852823814067107,-0.432895351158362
95.88,-0.2,-0.15657258795700466,-0.01714434308062676
95.885,-0.2,-0.15504936577887182,0.10017701099016513
95.89,-0.2,-0.15408997699928492,0.07259056313609505
95.895,-0.2,-0.15365971034384568,0.11136736028147974
95.9,-0.2,-0.153595020882073,-0.21775198351724445
95.905,-0.2,-0.15369250815498234,-0.3494656572108988
95.91,-0.2,-0.15380689450040683,-0.30084678264381515
95.915,-0.2,-0.15390497082062013,-0.4850742911487449
95.92,-0.2,-0.15406040314072192,-0.15501203201303929
95.925,-0.2,-0.15439663619299265,0.07212631360410579
95.93,-0.2,-0.15499064284543695,0.10832568917929539
95.935,-0.2,-0.15580195565735513,0.003823761135512631
95.94,-0.2,-0.15668525375844192,-0.1530700878372266
95.945,-0.2,-0.15747183274712268,-0.47709899572925607
95.95,-0.2,-0.15807358795395374,-0.5717288162595041
95.955,-0.2,-0.15855524595539527,-0.47887916169248723
95.96,-0.2,-0.15911944746167267,-0.11299809726833812
95.965,-0.2,-0.15999975568704616,0.054987760968185584
95.97,-0.2,-0.16133521593479747,0.014106357289363186
95.975,-0.2,-0.16311141555246692,0.09549314333890122
95.98,-0.2,-0.16518347355567103,-0.21155348605626517
95.985,-0.2,-0.16735496792896598,-0.40093522926612507
95.99,-0.2,-0.1694871316545572,-0.6762997374444836
95.995,-0.2,-0.17158287219977497,-0.33892908067174354
96.0,-0.2,-0.17377583629375265,-0.18039710993158886
96.005,-0.2,-0.17622661167619633,0.027111846908848495
96.01,-0.2,-0.17900784520737079,0.12105894710226811
96.015,-0.2,-0.18203942346445667,0.274231394310459
96.02,-0.2,-0.18508185583744519,0.024646985182708858
96.025,-0.2,-0.18779387730490593,-0.1572447663622271
96.03,-0.2,-0.18984937878141342,-0.535075262298034
96.035,-0.2,-0.1910618635030405,-0.4254218584093867
96.04,-0.2,-0.19143440626241565,-0.1462639676603656
96.045,-0.2,-0.19108900446478885,0.1862769796228452
96.05,-0.2,-0.19012697549275157,0.23735010198492243
96.055,-0.2,-0.18853313609807643,0.06052473588333365
96.06,-0.2,-0.1861912762705607,-0.1717276912299536
96.065,-0.2,-0.18298398676301997,-0.358467779953487
96.07,-0.2,-0.1788983647256415,-0.4210359088092461
96.075,-0.2,-0.17407604325774617,-0.3618970869158894
96.08,-0.2,-0.16879087963081865,-0.23020406019062475
96.085,-0.2,-0.16336957784471173,0.07027432214867144
96.09,-0.2,-0.15808757207662893,0.10819999758897289
96.095,-0.2,-0.15309349233177935,0.01556207534584867
96.1,-0.2,-0.14840614675713867,-0.01167704000107736
96.105,-0.2,-0.14397539110234905,-0.3878272886087197
96.11,-0.2,-0.13977260577894135,-0.4284871457409881
96.115,-0.2,-0.1358635906279743,-0.3031359612977356
96.12,-0.2,-0.1324073883619666,-0.15727997581334108
96.125,-0.2,-0.12958073397471012,0.07004494388587448
96.13,-0.2,-0.12748797649832777,0.03798852956955201
96.135,-0.2,-0.12612087019041238,-0.20527845982748033
96.14,-0.2,-0.12539554949569692,-0.2061453896252047
96.145,-0.2,-0.12522076203918303,-0.1848093293672878
96.15,-0.2,-0.12553664628455133,-0.366284805641297
96.155,-0.2,-0.12633177587107255,-0.40892545110027123
96.16,-0.2,-0.12765173052238243,-0.1394315879528227
96.165,-0.2,-0.12956278672222682,0.0434234554796983
96.17,-0.2,-0.13207540186513472,-0.04280471137192424
96.175,-0.2,-0.13509059572360413,0.27607117807980397
96.18,-0.2,-0.13839720060324975,-0.18221042563558945
96.185,-0.2,-0.14172278440310904,-0.2065839574360594
96.19,-0.2,-0.14482748819138253,-0.38292278175917616
96.195,-0.2,-0.14758296832049178,-0.3911155475826058
96.2,-0.2,-0.1499851168403639,-0.04465185563740426
96.205,-0.2,-0.152098095268452,-0.14194851726273067
96.21,-0.2,-0.15397349828174828,0.13370212392982794
96.215,-0.2,-0.15558955901344074,0.24087704948964453
96.22,-0.2,-0.15682261985875282,-0.010204573051424332
96.225,-0.2,-0.15748326454350461,-0.3786331087769755
96.23,-0.2,-0.15743411353547923,-0.6378787794962139
96.235,-0.2,-0.15670847166955526,-0.3888568452094234
96.24,-0.2,-0.15552034701191364,-0.1554417497666341
96.245,-0.2,-0.1541587911534375,-0.055541580681328404
96.25,-0.2,-0.15286628840204222,-0.04525152054040496
96.255,-0.2,-0.15177611518634382,0.13811648563776324
96.26,-0.2,-0.1509086627816592,-0.30460642392348347
96.265,-0.2,-0.15022652386901297,-0.40476201615645574
96.27,-0.2,-0.14973278310854193,-0.5720069558574596
96.275,-0.2,-0.149536077265266,-0.2795796470625156
96.28,-0.2,-0.14981925485855963,-0.034839008208850455
96.285,-0.2,-0.1507361155904526,0.0010612119868832898
96.29,-0.2,-0.1523194710137099,0.15024847993190918
96.295,-0.2,-0.15444709154080774,0.20198830236595777
96.3,-0.2,-0.1568568964455008,-0.017844978728955574
96.305,-0.2,-0.15922123180229486,-0.5145472395116815
96.31,-0.2,-0.16128319216405554,-0.5662899952397322
96.315,-0.2,-0.16296771681996275,-0.294177884579362
96.32,-0.2,-0.16436530438827698,-0.08246034684060528
96.325,-0.2,-0.165609065332773,0.15243429300217892
96.33,-0.2,-0.1667531304767977,0.08009276482618205
96.335,-0.2,-0.16772685803840404,0.05297745518037003
96.34,-0.2,-0.16837171645559426,-0.21661501877298805
96.345,-0.2,-0.1685280787103138,-0.34984180213515265
96.35,-0.2,-0.16812374150146192,-0.38890167807450193
96.355,-0.2,-0.16722108556892434,-0.4839399465239103
96.36,-0.2,-0.1660072674438068,-0.19569544678894568
96.365,-0.2,-0.16473131595651289,-0.11357208049572451
96.37,-0.2,-0.1636168636248513,-0.10825272063560237
96.375,-0.2,-0.16280253280220278,0.014417557247057875
96.38,-0.2,-0.162336397344695,-0.38081410128214244
96.385,-0.2,-0.16222943910053012,-0.5531878281288185
96.39,-0.2,-0.162543206731152,-0.505037140047554
96.395,-0.2,-0.16342714415948614,-0.18362886064474201
96.4,-0.2,-0.16505799117152067,-0.14906427212238949
96.405,-0.2,-0.1675414547480749,0.03700494566369901
96.41,-0.2,-0.1708456065441517,0.1774089404198265
96.415,-0.2,-0.17477700147556163,0.097606196654976
96.42,-0.2,-0.1790121087761825,-0.285340439169928
96.425,-0.2,-0.18320091217499324,-0.4061163055331092
96.43,-0.2,-0.18709194730610287,-0.4908326100888984
96.435,-0.2,-0.19059149187775482,-0.23846925017802476
96.44,-0.2,-0.19372868468040738,-0.22194699910287863
96.445,-0.2,-0.1965666653283607,0.15624243742183846
96.45,-0.2,-0.1991074123223095,0.1970364771566242
96.455,-0.2,-0.20122950759300035,0.1277114384852838
96.46,-0.2,-0.20270772135658446,-0.34172441333890147
96.465,-0.2,-0.20332918243833928,-0.5827259616131013
96.47,-0.2,-0.20303385444658995,-0.5490345762303762
96.475,-0.2,-0.20197030353677708,-0.36616494957801604
96.48,-0.2,-0.20042999154941363,-0.11352449781519337
96.485,-0.2,-0.1987134346530695,0.1652827300578677
96.49,-0.2,-0.19700653343971686,0.076570831206958
96.495,-0.2,-0.19532890159331714,0.09383837793793587
96.5,-0.2,-0.1935739102446332,-0.32014807646290766
96.505,-0.2,-0.19161000908529383,-0.3041646570133698
