t,reference,measured,noisy
200.025,0.2,-9.134768175757317e-06,-0.29241572795433296
200.03,0.2,-7.791826497624747e-05,-0.2749067430915818
200.035,0.2,-0.0003285961527716272,-0.12951020943819366
200.04,0.2,-0.0009319483580747643,0.018595392958166305
200.045,0.2,-0.002029528943499172,0.28889276193106994
200.05,0.2,-0.0036475885867033654,0.3553278230220634
200.055,0.2,-0.005652389776817818,0.1938189505956178
200.06,0.2,-0.007786942025963581,-0.08855995834073474
200.065,0.2,-0.009775804497399008,-0.08329576223959537
200.07,0.2,-0.011417829704548606,-0.022813767017733577
200.075,0.2,-0.012612436564899087,-0.16906992688654335
200.08,0.2,-0.013348165157453415,-0.10230862761165985
200.085,0.2,-0.01367809077170634,0.21323950042734025
200.09,0.2,-0.0136536810226328,0.481788930210694
200.095,0.2,-0.013238365778093888,0.15937984336171182
200.1,0.2,-0.012289198068354277,0.2258203594711323
200.105,0.2,-0.010624846052085019,-0.07842048438776128
200.11,0.2,-0.008117350125596957,-0.17986468700005093
200.115,0.2,-0.004764276549545437,-0.2607266254938106
200.12,0.2,-0.0007068886972039461,0.15590499964502938
200.125,0.2,0.0038400191253923385,0.3274454331792067
200.13,0.2,0.008707611895607953,0.3463714543629609
200.135,0.2,0.01384848204683956,0.37412401421048797
200.14,0.2,0.019324888454956335,0.03203402008543754
200.145,0.2,0.025220862168723962,-0.3430694838165528
200.15,0.2,0.03152027700976828,-0.2144441128145337
200.155,0.2,0.0380470879652217,0.036749157179379516
200.16,0.2,0.044525755840861936,0.10688847575143876
200.165,0.2,0.05069772039477752,0.3534428987717915
200.17,0.2,0.05641284102552454,0.4076568670396816
200.175,0.2,0.06167043938219351,0.3282267516565492
200.18,0.2,0.06659594056086603,0.09738275775240468
200.185,0.2,0.07135704562291567,-0.03235977511818418
200.19,0.2,0.07605927977994784,-0.36843795907712584
200.195,0.2,0.08066662243177015,-0.1742805643151843
200.2,0.2,0.08499266079489763,-0.019626327911191774
200.205,0.2,0.08877967649716015,0.19142818024812958
200.21,0.2,0.09181776463133931,0.41265241139431874
200.215,0.2,0.0940410036332586,0.4680082502925745
200.22,0.2,0.09555495143820866,0.04881666203449993
200.225,0.2,0.09656157049611509,-0.18918689985308046
200.23,0.2,0.09722130133812343,-0.23035534042452016
200.235,0.2,0.09756567157255447,-0.003975572071259009
200.24,0.2,0.09752035830190371,0.04870307941663439
200.245,0.2,0.09699514408838517,0.3675398862215366
200.25,0.2,0.09597839147751755,0.44870463240584224
200.255,0.2,0.0945988158675246,0.4358649259096966
200.26,0.2,0.09312249225859684,0.24553656383949632
200.265,0.2,0.0918767332126761,-0.008930870106384568
200.27,0.2,0.09113512106561338,-0.18011558000144448
200.275,0.2,0.09102211964253012,-0.1444869760747905
200.28,0.2,0.09149419801855165,0.14944024829061153
200.285,0.2,0.09241617372627148,0.3938284893604463
200.29,0.2,0.09368622657613973,0.5404175729639721
200.295,0.2,0.09532650876986459,0.4322530099230687
200.3,0.2,0.09748285936639907,0.2068448584119832
200.305,0.2,0.10034121107527863,0.051739576253748074
200.31,0.2,0.10401605946635147,-0.21933706253844237
200.315,0.2,0.10847413724191231,0.09225852696258494
200.32,0.2,0.11353944156826308,0.0827529436474029
200.325,0.2,0.11896722055116415,0.18578810980539126
200.33,0.2,0.1245266968847734,0.4300668015005261
200.335,0.2,0.13006151350585052,0.2886585033382457
200.34,0.2,0.13550897183083968,0.161801492426298
200.345,0.2,0.14085714158098384,0.009833654604984088
200.35,0.2,0.14606455489292322,-0.28686178930130357
200.355,0.2,0.15099159630355052,-0.09244056531076827
200.36,0.2,0.15539658467571488,0.1790261205628991
200.365,0.2,0.15902749976945654,0.5380904043939773
200.37,0.2,0.16175496467121903,0.47810216196566163
200.375,0.2,0.16364380293387362,0.4460351919346911
200.38,0.2,0.16491888740902902,0.18393458513231653
200.385,0.2,0.16585661205312374,-0.1070311401967312
200.39,0.2,0.16666128181844625,-0.0777399559262477
200.395,0.2,0.16739424512176018,-0.010233401749774159
200.4,0.2,0.16799721264548814,0.29571834305284406
200.405,0.2,0.16838614292662957,0.4114360687541475
200.41,0.2,0.16855122756408783,0.5143757551490435
200.415,0.2,0.16860408520228706,0.354886646107503
200.42,0.2,0.16875130641582936,0.27441466508541
200.425,0.2,0.16921893520591375,0.08845343635919303
200.43,0.2,0.17016666148242338,-0.12916197950482705
200.435,0.2,0.17162025581419993,-0.07302859753396776
200.44,0.2,0.17346199732197334,0.28451909800606895
200.445,0.2,0.17550303472020382,0.22390420140141437
200.45,0.2,0.17758694649784332,0.5515219446735168
200.455,0.2,0.17965820769425356,0.3786409777633823
200.46,0.2,0.18176831240072985,0.18826524948207146
200.465,0.2,0.18401363621338432,0.053127995784004595
200.47,0.2,0.1864384148734074,-0.2516380810655224
200.475,0.2,0.18896698045787236,0.15657482315970217
200.48,0.2,0.1914223488370002,0.29376701330978305
200.485,0.2,0.19362600098941193,0.40398306484359675
200.49,0.2,0.19550098924142742,0.6969812511100663
200.495,0.2,0.1971269716968777,0.5520337780666357
200.5,0.2,0.19872344489988672,0.07796543218232779
200.505,0.2,0.2005396589694404,0.02100136515756436
200.51,0.2,0.20272088331279292,0.022383830121166487
200.515,0.2,0.20525513317621252,0.0010015856359628771
200.52,0.2,0.20800731960222188,0.28071258286680184
200.525,0.2,0.21080341729844543,0.5253801367656488
200.53,0.2,0.21353721718906601,0.6435695970754467
200.535,0.2,0.21624174655560918,0.43043009218858586
200.54,0.2,0.21906934609513576,0.2843834511867193
200.545,0.2,0.22219563092967629,0.035579203280742065
200.55,0.2,0.22571439603943874,0.018172446995388822
200.555,0.2,0.229578574955063,-0.04529858546929958
200.56,0.2,0.2336035565615552,0.09107562266060984
200.565,0.2,0.23753192960903766,0.5541714725120241
200.57,0.2,0.24114856017658093,0.5565913250724425
200.575,0.2,0.24438141530515495,0.5024286013673523
200.58,0.2,0.247302731401552,0.10299603277055604
200.585,0.2,0.25002412267283936,-0.12925632779867444
200.59,0.2,0.25256400647587773,-0.18271932517077458
200.595,0.2,0.2547834421426845,0.05093832620449333
200.6,0.2,0.25643427325640406,0.2756446191408598
200.605,0.2,0.2572818618359831,0.539993389645174
200.61,0.2,0.2572212427255336,0.4422680930756887
200.615,0.2,0.25631956765761016,0.4261117562090531
200.62,0.2,0.25477528784304276,0.26038054299829505
200.625,0.2,0.2528309980214185,0.0008823338384176104
200.63,0.2,0.25067628146423976,-0.06459686802206203
200.635,0.2,0.24837859507334312,-0.04358569769001722
200.64,0.2,0.24588515323126245,0.27970135440006705
200.645,0.2,0.24310057633745946,0.371861358092695
200.65,0.2,0.2399879665084686,0.5053938044409859
200.655,0.2,0.23662969709133144,0.47252915096399783
200.66,0.2,0.23322157787109507,0.26700799730629915
200.665,0.2,0.23000478014603726,0.0448381931030359
200.67,0.2,0.2271585461748861,-0.28266356802788156
200.675,0.2,0.22470739090750447,-0.0035431249879043984
200.68,0.2,0.2225163275672353,0.22762943144837736
200.685,0.2,0.2203932929061017,0.46762611804649534
200.69,0.2,0.21821803832724107,0.42539545460034434
200.695,0.2,0.21600351992687553,0.39243712266431574
200.7,0.2,0.2138681348369785,0.11640211806424233
200.705,0.2,0.21195027855375181,-0.018610276470309807
200.71,0.2,0.2103129944990514,-0.17336079424664128
200.715,0.2,0.20888647088937565,-0.0858190964100421
200.72,0.2,0.20748189536977718,0.20350900780402095
200.725,0.2,0.20587977216708733,0.40865738482554587
200.73,0.2,0.20394096367428877,0.34875726874769625
200.735,0.2,0.20166478037484742,0.4345288069479367
200.74,0.2,0.19917307355888128,0.20314383254210455
200.745,0.2,0.196646979694415,0.10530785399664563
200.75,0.2,0.1942337756532734,-0.4125993458261323
200.755,0.2,0.19195925206901338,0.21142501670658306
200.76,0.2,0.18973136243016955,0.30365417157941177
200.765,0.2,0.18744991106122452,0.38467833305189914
200.77,0.2,0.18511220687491617,0.5649347076990993
200.775,0.2,0.18285242772271842,0.6197118569145252
200.78,0.2,0.18092705630102252,0.17538605903053914
200.785,0.2,0.17962726820253044,-0.0770669461521037
200.79,0.2,0.17914629894070597,0.06885547620098384
200.795,0.2,0.17950830592126235,-0.012694654730614992
200.8,0.2,0.18059306724582128,0.12529216782076097
200.805,0.2,0.1822071580207056,0.40007151580896627
200.81,0.2,0.18417070576955488,0.39641297140958703
200.815,0.2,0.18639321770409006,0.610003754853658
200.82,0.2,0.18890108766178354,0.29717463956544354
200.825,0.2,0.1917933172718633,0.01654806209602603
200.83,0.2,0.19513346053791,-0.1622649968812313
200.835,0.2,0.19885568074036405,0.1822901220223236
200.84,0.2,0.20277025719414657,0.11075016824086623
200.845,0.2,0.20665283852438449,0.5621965266190523
200.85,0.2,0.21035316923673258,0.6806151576637042
200.855,0.2,0.21387481269661682,0.49238134432375796
200.86,0.2,0.21736358797933622,0.10887804051297431
200.865,0.2,0.22099718433111484,0.19909619940672119
200.87,0.2,0.22486634316464693,-0.22206757991604542
200.875,0.2,0.22891336446386512,0.0465446624845025
200.88,0.2,0.23294111097234363,0.1977690668195785
200.885,0.2,0.23669702417001343,0.41049601333724695
200.89,0.2,0.23998695479827786,0.511866559667995
200.895,0.2,0.24273874929429912,0.1545624648186485
200.9,0.2,0.2449736985931223,0.13510151815345173
200.905,0.2,0.24672261841381138,0.011240897751025783
200.91,0.2,0.24795783603450605,-0.15239113665388562
200.915,0.2,0.2485724280707734,0.21885144294566772
200.92,0.2,0.24841666155224967,0.17469289218405976
200.925,0.2,0.24738004311976705,0.5607094838186364
200.93,0.2,0.24547119061497777,0.47404565163941526
200.935,0.2,0.24284804759596068,0.33176118389824705
200.94,0.2,0.23977685289084397,0.32664075842163
200.945,0.2,0.2365428616967026,-0.13542478878687136
200.95,0.2,0.23335761409292904,0.13701040318299315
200.955,0.2,0.23030944322927308,0.004151288239407962
200.96,0.2,0.2273869294665647,0.34525017803795094
200.965,0.2,0.22455479203401102,0.46449711790045667
200.97,0.2,0.22183492049457232,0.44029781045206234
200.975,0.2,0.2193437992286974,0.43484399833407433
200.98,0.2,0.217267172007257,0.25272482400097
200.985,0.2,0.21579272025212806,0.040151061491529735
200.99,0.2,0.2150276494853522,-0.07097262159310598
200.995,0.2,0.21493750645968426,-0.05594850859514641
201.0,0.2,0.2153451742260875,0.11817324733516558
201.005,0.2,0.21600250234142881,0.5049799784030952
201.01,0.2,0.216707924509253,0.519542352546036
201.015,0.2,0.2173989934239774,0.4976494080850665
201.02,0.2,0.21815439232708062,0.2192130176423305
201.025,0.2,0.21910828616962166,-0.008218266970571871
201.03,0.2,0.22032909914435503,-0.2929641229383768
201.035,0.2,0.22172799436972984,-0.06412610254534869
201.04,0.2,0.2230603744525651,0.15079454696379047
201.045,0.2,0.22402789308089077,0.3656978563328247
201.05,0.2,0.22441166615799477,0.5742256972387164
201.055,0.2,0.22415934876199486,0.41194890904887527
201.06,0.2,0.22338346927295896,0.20686426983994477
201.065,0.2,0.22227366518819364,0.011927587031420894
201.07,0.2,0.22098218699433692,-0.07725097218767707
201.075,0.2,0.2195561794548314,0.11129968546075347
201.08,0.2,0.21795221370062112,0.2500319048348298
201.085,0.2,0.21611778641816926,0.586863547783974
201.09,0.2,0.21409186659914753,0.6667714234754253
201.095,0.2,0.21206450381077901,0.47840490734002306
201.1,0.2,0.21034317692635543,0.18143704123884055
201.105,0.2,0.2092357700877402,0.05214444080657443
201.11,0.2,0.20892739450093362,-0.13809511548430514
201.115,0.2,0.20942011044898326,0.10043549185137483
201.12,0.2,0.21056098696467979,0.2375988302667081
201.125,0.2,0.21213472703060995,0.30304668956699954
201.13,0.2,0.21395964144055563,0.5392707257515824
201.135,0.2,0.21595083571148485,0.5137153925903256
201.14,0.2,0.21813261908334705,0.13781720716493973
201.145,0.2,0.22057321705095026,0.005542187279897144
201.15,0.2,0.22327613416708383,-0.10227452870720004
201.155,0.2,0.2261159989488875,0.01594522995740337
201.16,0.2,0.22886053976179108,0.2270384195097034
201.165,0.2,0.23126339494747924,0.5916586648029059
201.17,0.2,0.2331850019471832,0.6600846376641801
201.175,0.2,0.23466861715616896,0.44196965495913443
201.18,0.2,0.2359135294658678,0.35336495891595837
201.185,0.2,0.23716494037916344,-0.0888697329055803
201.19,0.2,0.23858373768933852,-0.1260232248308214
201.195,0.2,0.24016237965740067,0.04548474389760189
201.2,0.2,0.2417403403595126,0.16688632547723364
201.205,0.2,0.24309684734587886,0.2525953626322155
201.21,0.2,0.24404931440309263,0.5407288481540797
201.215,0.2,0.24452004451770035,0.29859955742403177
201.22,0.2,0.24454679715883895,0.2695043409325958
201.225,0.2,0.24422248216840098,-0.11643249461384393
201.23,0.2,0.24360203589343626,-0.00337858642192998
201.235,0.2,0.2426451441110592,0.005808098679738749
201.24,0.2,0.24123073306955248,0.11679405983375112
201.245,0.2,0.2392269733690852,0.532496845535856
201.25,0.2,0.2365879673086023,0.579642170566511
201.255,0.2,0.23342124605836947,0.23510474831633332
201.26,0.2,0.2299582058184041,0.3065911456782168
201.265,0.2,0.22645937751164857,0.1392768812908144
201.27,0.2,0.22313113985999247,-0.1642082356539301
201.275,0.2,0.2200676080753142,0.08643710637382775
201.28,0.2,0.2172423792873854,0.24008346012763215
201.285,0.2,0.21458483036130757,0.6045501480548663
201.29,0.2,0.21209101879620415,0.4512012662605789
201.295,0.2,0.20987809785276193,0.4665507978752266
201.3,0.2,0.20815071809132932,0.22291490976948372
201.305,0.2,0.2071097518164442,-0.10443506262954161
201.31,0.2,0.2068492469644045,-0.008151236317760699
201.315,0.2,0.207302563023614,0.03966210354349026
201.32,0.2,0.20827931757641308,0.3198497805619236
201.325,0.2,0.20956508607785598,0.46137491410483267
201.33,0.2,0.2110137777822496,0.27602462163450964
201.335,0.2,0.21257542627987097,0.3864423808981091
201.34,0.2,0.2142669095193821,0.25948347657286475
201.345,0.2,0.21612539695572605,0.03013371237526085
201.35,0.2,0.21814808075668643,-0.10868400633218
201.355,0.2,0.22023284181725997,-0.04299824349249306
201.36,0.2,0.2221779463176109,0.3269307951428975
201.365,0.2,0.22376101362813366,0.2676372815034384
201.37,0.2,0.2248378712382743,0.575451060162553
201.375,0.2,0.2254002508468729,0.4361303949294979
201.38,0.2,0.22556513582831364,0.0022104192955312574
201.385,0.2,0.22548949480546412,0.1702590155012561
201.39,0.2,0.22527384160030023,-0.039525271933569237
201.395,0.2,0.2249253951695669,0.04869191901358447
201.4,0.2,0.2243736396457046,0.18422835249109284
201.405,0.2,0.22351974398686394,0.32103712187479383
201.41,0.2,0.22230574278100818,0.43195920432770235
201.415,0.2,0.2207708146855442,0.5495516041350148
201.42,0.2,0.21906941445959008,0.33607056387013023
201.425,0.2,0.2174330979542995,0.1779460099520074
201.43,0.2,0.21607861012743795,-0.1287425861712334
201.435,0.2,0.2151117022469325,0.043903955612898574
201.44,0.2,0.21449873505484587,0.23431509850728383
201.445,0.2,0.21413507717950797,0.5160935185656765
201.45,0.2,0.21395649350315013,0.5012515152725484
201.455,0.2,0.21400425544246054,0.3654243385714194
201.46,0.2,0.21440158504118198,0.20746591715090823
201.465,0.2,0.21526566956307855,-0.15070820079645214
201.47,0.2,0.2166091436393891,-0.05679996558142028
201.475,0.2,0.21829372148543333,0.03956479729443734
201.48,0.2,0.22007075459282033,0.17602456053981214
201.485,0.2,0.22167756890924734,0.4621900202748885
201.49,0.2,0.22293471344490431,0.4179976034108158
201.495,0.2,0.22380035654820485,0.4341926218384203
201.5,0.2,0.22435401769983743,0.14635386085334542
201.505,0.2,0.2247176763518564,-0.02880777529201395
201.51,0.2,0.22496188668173556,0.043044826866875024
201.515,0.2,0.2250606621116651,0.06365772762481979
201.52,0.2,0.2249141966731036,0.13570852532315564
201.525,0.2,0.22440326646278663,0.2855523838673327
201.53,0.2,0.22345131374665317,0.5303438460565384
201.535,0.2,0.22208847244797622,0.5685322787330134
201.54,0.2,0.22047744986941176,0.19335130917059692
201.545,0.2,0.21884932534126947,-0.03839001938037449
201.55,0.2,0.21737909330257288,-0.0540109037148556
201.555,0.2,0.21610761663873823,0.1379555486722135
201.56,0.2,0.21496515676020475,0.18651687810812384
201.565,0.2,0.21384983552093637,0.3221211317892384
201.57,0.2,0.21269360822763325,0.2782850894225465
201.575,0.2,0.21148843387014182,0.286264728326872
201.58,0.2,0.21027839971495557,0.2733431971670271
201.585,0.2,0.20912956724035128,-0.014916673549184526
201.59,0.2,0.20807896304411957,-0.03394373316219729
201.595,0.2,0.20707996379791666,-0.16135306169646899
201.6,0.2,0.20598756960811265,0.15453655641763692
201.605,0.2,0.20461482728825342,0.4223501331649341
201.61,0.2,0.20284024920838967,0.48965047414580715
201.615,0.2,0.20068577058420883,0.29773792812600486
201.62,0.2,0.19830196217932006,0.2645740098799866
201.625,0.2,0.19588476647666903,-0.04823209925570725
201.63,0.2,0.19358191705893113,-0.04330296312895941
201.635,0.2,0.1914350054752587,0.06281081089456388
201.64,0.2,0.18939351876282823,0.2886123337225943
201.645,0.2,0.1873972046765831,0.5734388886645148
201.65,0.2,0.1854797124721305,0.7165595311709475
201.655,0.2,0.18382787540308562,0.39545487887185243
201.66,0.2,0.18273861684252765,0.15752671186098977
201.665,0.2,0.1824972341013011,0.21048138618968598
201.67,0.2,0.18327734075007204,0.04035995715148025
201.675,0.2,0.18511134921925523,0.15485496502671708
201.68,0.2,0.18791089294472235,0.2340914588294308
201.685,0.2,0.19152534280121947,0.5299988219618355
201.69,0.2,0.19582092873337006,0.3921557794905473
201.695,0.2,0.2007254196887836,0.3092795715574738
201.7,0.2,0.20620224658785602,0.12069384103554824
201.705,0.2,0.21218056606238853,-0.07185687602907614
201.71,0.2,0.21848640360025842,-0.20124224697529342
201.715,0.2,0.22481709756138418,0.19899147567704548
201.72,0.2,0.2308033227872139,0.40834769368167523
201.725,0.2,0.23613816574918714,0.5339196779391648
201.73,0.2,0.24067782316891592,0.4850615814403313
201.735,0.2,0.2444539466919514,0.41913820975323285
201.74,0.2,0.24761016862958324,0.06081709154779377
201.745,0.2,0.25029473555342546,-0.0749262762237536
201.75,0.2,0.2525540875585564,-0.19278551871353297
201.755,0.2,0.2542808297003887,-0.1448122399508113
201.76,0.2,0.25524035491925373,0.13577669438568618
201.765,0.2,0.2551723687726371,0.5462441418068051
201.77,0.2,0.25392896927389835,0.4908136199678015
201.775,0.2,0.2515610564690977,0.4369651202425008
201.78,0.2,0.24829367333677968,0.20496834776560394
201.785,0.2,0.24441704477057416,-0.15082529041073212
201.79,0.2,0.24015395234728543,-0.2176267364261659
201.795,0.2,0.235570617161262,-0.11540372700159347
201.8,0.2,0.23058823632938213,0.19656132123138292
201.805,0.2,0.22508689705268667,0.3771005333588854
201.81,0.2,0.2190289459697887,0.4798123893001776
201.815,0.2,0.21252956147896876,0.4679372935059106
201.82,0.2,0.20584627817366594,0.2037714746602739
201.825,0.2,0.19929488213855012,-0.03349016665024997
201.83,0.2,0.19313137648288356,-0.11975740634320858
201.835,0.2,0.18747179732493355,0.036429823527231384
201.84,0.2,0.1822961694311088,0.03583224041152622
201.845,0.2,0.1775176490117567,0.4260075407907737
201.85,0.2,0.17308461312580792,0.719112417376552
201.855,0.2,0.1690801562618236,0.5247359665139756
201.86,0.2,0.16574205540661835,0.2916298369276616
201.865,0.2,0.16336313899080282,-0.08545009073691223
201.87,0.2,0.1621398394222926,-0.1377844787772241
201.875,0.2,0.16208109303957066,0.18222063447453782
201.88,0.2,0.16303316194019138,0.037950730799344606
201.885,0.2,0.1647664474198286,0.25335684893329413
201.89,0.2,0.16705392029245617,0.4671399344649015
201.895,0.2,0.16973483291498612,0.3465725969665381
201.9,0.2,0.1727383733034855,0.10774016881184226
201.905,0.2,0.17602583946473638,-0.1836614766673768
201.91,0.2,0.17949364887100416,-0.032008833186815994
201.915,0.2,0.18292644894353052,-0.1301578185968493
201.92,0.2,0.1860289508667829,0.16852714960372997
201.925,0.2,0.18851104671839045,0.4628446735351459
201.93,0.2,0.19019631763970335,0.54518870712721
201.935,0.2,0.1911003424495745,0.5475910338657956
201.94,0.2,0.19141604289215144,0.021865999640093697
201.945,0.2,0.19139997674212966,0.019314991710364784
201.95,0.2,0.19123891191376166,-0.04216686243425655
201.955,0.2,0.19098828773654325,-0.05351015152209391
201.96,0.2,0.19058749114766033,0.05794150296581163
201.965,0.2,0.1899201715876971,0.437541302144746
201.97,0.2,0.18890519315833162,0.3482936329296454
201.975,0.2,0.18757063510077143,0.4701596096002085
201.98,0.2,0.18606413963847224,0.3550126021586432
201.985,0.2,0.1846038602868554,0.02145019763682731
201.99,0.2,0.1833826921559542,-0.21476415776797375
201.995,0.2,0.1824645050342374,-0.08261602840533344
202.0,0.2,0.18176105365456646,0.31827807450841483
202.005,0.2,0.18112707652193785,0.4623252685475129
202.01,0.2,0.18048866921135331,0.38777478523509323
202.015,0.2,0.1799023229281015,0.5805861331239464
202.02,0.2,0.17953730878437005,0.24341654063321727
202.025,0.2,0.1796103484354494,0.11621676447873575
202.03,0.2,0.1802911575140794,0.0008432217403660236
202.035,0.2,0.1816253729958357,-0.07724330690380993
202.04,0.2,0.18351811699929385,0.18805436838614104
202.045,0.2,0.18579067349473022,0.45492608702620135
202.05,0.2,0.1882931665076131,0.6853779111094278
202.055,0.2,0.19100693260268314,0.5531098908512221
202.06,0.2,0.1940578019292779,0.2646191449999559
202.065,0.2,0.19761801992587438,-0.16268513222290676
202.07,0.2,0.20176238075719397,0.013834542238991249
202.075,0.2,0.2063906918002184,-0.007750665592226898
202.08,0.2,0.21126607811217463,0.3421428448359187
202.085,0.2,0.2161211345845423,0.3638857754289939
202.09,0.2,0.2207597365635033,0.5335090819957217
202.095,0.2,0.22510575317591128,0.28711709977086114
202.1,0.2,0.22917874663828144,0.17275643770113427
202.105,0.2,0.23301441962706027,-0.06827586078818448
202.11,0.2,0.23657820383288425,-0.11767175376625386
202.115,0.2,0.23972063421985837,-0.03938670910598497
202.12,0.2,0.24220230747211954,0.21604911178161207
202.125,0.2,0.24378360211035657,0.44185605439285786
202.13,0.2,0.2443335477406365,0.5270802344682384
202.135,0.2,0.2438907146682283,0.33146373283164243
202.14,0.2,0.24263771348267915,0.28185733256476264
202.145,0.2,0.24081481166152377,0.0334196361930151
202.15,0.2,0.23863031234302765,0.10347405012787414
202.155,0.2,0.23621017327530147,0.05841470207878456
202.16,0.2,0.2335997221666899,0.19275065369962355
202.165,0.2,0.23080476453408422,0.34511478698410153
202.17,0.2,0.22784959255762696,0.39171879114427544
202.175,0.2,0.22482590081766193,0.5273668460955618
202.18,0.2,0.22190579315068507,0.23007231529595448
202.185,0.2,0.21929495016235015,-0.028053269340453716
202.19,0.2,0.21713395997231644,-0.13404869145817974
202.195,0.2,0.2154132046799735,-0.16441185983278014
202.2,0.2,0.2139744087748338,0.4143889872390709
202.205,0.2,0.2126141137869512,0.3903307340013143
202.21,0.2,0.21121374559171804,0.4920454661978839
202.215,0.2,0.20979689010104205,0.4148021652397733
202.22,0.2,0.20849622691596204,0.12824443138284425
202.225,0.2,0.20747326050779685,0.24664538308703754
202.23,0.2,0.20683710454546994,-0.20033437439897078
202.235,0.2,0.20658270761767406,-0.1286445689441556
202.24,0.2,0.20657102093326377,0.2937372024948669
202.245,0.2,0.2065945492058059,0.267635156616977
202.25,0.2,0.20649198926805915,0.5069041477824774
202.255,0.2,0.206216895732895,0.2729611376730855
202.26,0.2,0.20582765096058434,0.22901728568516944
202.265,0.2,0.20541751890848894,-0.1440478275682482
202.27,0.2,0.20502173906409474,-0.10716212939243193
202.275,0.2,0.20455897242067694,-0.03637273328333039
202.28,0.2,0.20385272354537992,0.2302055397239196
202.285,0.2,0.20272684572966987,0.5562254866776188
202.29,0.2,0.20111606453904265,0.3852381234594523
202.295,0.2,0.19911557532442178,0.4770869892948169
202.3,0.2,0.19694212659960075,0.11897278647853124
202.305,0.2,0.19483791225447597,-0.034118450897758446
202.31,0.2,0.19296018210814914,-0.24130218840276205
202.315,0.2,0.19131150272089625,0.05139541846048483
202.32,0.2,0.18976152761204143,0.15857452457889362
202.325,0.2,0.18814523237025657,0.3950474220280666
202.33,0.2,0.18636875237272393,0.4707138106124883
202.335,0.2,0.18446178396308013,0.2092071613377815
202.34,0.2,0.18254263891252423,-0.03889133742860587
202.345,0.2,0.18071738521367178,-0.07694399991588456
202.35,0.2,0.17899628000848722,-0.05809076061219136
202.355,0.2,0.17728272887005087,-0.01847576428915806
202.36,0.2,0.17541798657376817,0.16207243994581463
202.365,0.2,0.17325713523126615,0.5287621609467966
202.37,0.2,0.17075780195839882,0.3806033889938469
202.375,0.2,0.16802918193996585,0.47416483075429205
202.38,0.2,0.1653033055539719,0.1830628662281908
202.385,0.2,0.16285205159340743,0.1203212532674498
202.39,0.2,0.1608902446777619,-0.18544595759600213
202.395,0.2,0.15950165391932386,0.03820609036059011
202.4,0.2,0.15863200359826185,0.17788999303469094
202.405,0.2,0.15815687503902312,0.2502536074774626
202.41,0.2,0.1579672758536146,0.34845379997890324
202.415,0.2,0.15802188426829275,0.41943368410007953
202.42,0.2,0.15835707161795823,0.14388439248588414
202.425,0.2,0.15904328033903128,-0.05219044574564601
202.43,0.2,0.16009935428452385,-0.12644475370989305
202.435,0.2,0.16142957572711522,-0.045485801313409915
202.44,0.2,0.1628332834971963,0.09873132038380651
202.445,0.2,0.16407528606850463,0.27455771900284154
202.45,0.2,0.16497103669225496,0.30073406871989533
202.455,0.2,0.1654447014900942,0.4324385232123904
202.46,0.2,0.16554044670716042,0.17957375477347148
202.465,0.2,0.16537505954372397,-0.1028337623338329
202.47,0.2,0.16504669445650783,0.02833124234888848
202.475,0.2,0.16456991316519953,-0.04435274454394615
202.48,0.2,0.16387839469571705,0.012498419827998708
202.485,0.2,0.16287583290707391,0.5331021646107692
202.49,0.2,0.16152590919878704,0.5318228976065063
202.495,0.2,0.15993405952473416,0.33932522071413196
202.5,0.2,0.15833199832163483,0.1449419546149458
202.505,0.2,0.15697288100690612,0.022012660478854966
202.51,0.2,0.15602441174044868,-0.17368944589287277
202.515,0.2,0.1555074370884524,-0.13460776944103348
202.52,0.2,0.1552932484932617,0.04160687167793753
202.525,0.2,0.1551720260748664,0.39008362802097096
202.53,0.2,0.15497685382758758,0.6579948831010736
202.535,0.2,0.15469627338277248,0.4485877813869591
202.54,0.2,0.1544865616765066,0.12900233206464587
202.545,0.2,0.15456841887430317,0.08535126068491158
202.55,0.2,0.15509896152487898,-0.12235481748310195
202.555,0.2,0.15609920203409458,-0.1019550974563398
202.56,0.2,0.1574484282212192,0.08569359580605183
202.565,0.2,0.15894134343127525,0.2450695841021715
202.57,0.2,0.16038487813736452,0.42711904756496943
202.575,0.2,0.16168004283182585,0.33296206631117303
202.58,0.2,0.16284194152122364,0.22546612178707634
202.585,0.2,0.1639534751874339,0.09832750604217796
202.59,0.2,0.1650858140805536,-0.1903398365885762
202.595,0.2,0.16622750777758552,0.026827432260119966
202.6,0.2,0.1672716048013854,0.1994119461302165
202.605,0.2,0.16808096216982144,0.318184733705816
202.61,0.2,0.16857155207415003,0.23773745241771238
202.615,0.2,0.16874550673201513,0.32366644347741214
202.62,0.2,0.16867766823232305,0.24202920348243837
202.625,0.2,0.16848521635113192,0.1623562966930018
202.63,0.2,0.16828237598372203,-0.07599963317441719
202.635,0.2,0.16812705037713607,0.08762208876684885
202.64,0.2,0.1680002866821403,0.12851490468357835
202.645,0.2,0.16784207202903886,0.29878427747853464
202.65,0.2,0.16761286864802696,0.34789148112531343
202.655,0.2,0.16734137538134206,0.44880721724520045
202.66,0.2,0.16713731743914445,0.21884247426236844
202.665,0.2,0.16715251704914,0.036202537584906644
202.67,0.2,0.167500064703869,-0.06875827512535307
202.675,0.2,0.16818278598509823,-0.11806188219709852
202.68,0.2,0.1690820512112026,0.22221294666759459
202.685,0.2,0.17002653012135047,0.47183610853420693
202.69,0.2,0.17090663087890462,0.4987257887726079
202.695,0.2,0.17174832536866294,0.38093113790661454
202.7,0.2,0.17269294909260013,0.22566525393192782
202.705,0.2,0.1739106442395509,0.00479035771587015
202.71,0.2,0.17550320087291166,-0.09370038253375605
202.715,0.2,0.17744677693691652,0.12420110206670404
202.72,0.2,0.1796074797068858,0.09496180304352325
202.725,0.2,0.18181244377650738,0.41774474501737396
202.73,0.2,0.18393274132286888,0.44934011105026617
202.735,0.2,0.18593922414452096,0.29148085180507566
202.74,0.2,0.18789195843758294,0.15267944843271403
202.745,0.2,0.18986461592287762,-0.1092959921600733
202.75,0.2,0.191858644223922,-0.039714953175237974
202.755,0.2,0.19376171013340776,-0.10227132316823447
202.76,0.2,0.1953660843709576,0.05236711800922986
202.765,0.2,0.1964368546794254,0.4663311439149246
202.77,0.2,0.19681558723319176,0.4836907500019592
202.775,0.2,0.19650841517463868,0.523067228207405
202.78,0.2,0.1956927322363382,0.27706654579719736
202.785,0.2,0.1946390673705603,0.11698402454647555
202.79,0.2,0.1936020160323465,0.058166223722036
202.795,0.2,0.1927439376986424,0.10126262912291052
202.8,0.2,0.19212448663969953,0.2066514921354026
202.805,0.2,0.19174472438737716,0.3997790064122532
202.81,0.2,0.1916110766757507,0.35260860065644134
202.815,0.2,0.19178209671222776,0.5453556012655978
202.82,0.2,0.19237867495182143,0.26922510709766595
202.825,0.2,0.19354530928100158,0.012722235520934818
202.83,0.2,0.19536218196395025,-0.12663795575017886
202.835,0.2,0.19776219590278893,-0.10981613013403868
202.84,0.2,0.20052383582132544,0.18830551889248226
202.845,0.2,0.20335814372946606,0.5009396520095066
202.85,0.2,0.20604099464970124,0.5029667137983904
202.855,0.2,0.20850102292748596,0.4626902564738974
202.86,0.2,0.21080584887589424,0.10525342619016137
202.865,0.2,0.2130646817504277,-0.023791474836842907
202.87,0.2,0.21531308591125795,-0.19223498708978248
202.875,0.2,0.2174470746988295,-0.07100294523835307
202.88,0.2,0.21924651802426798,0.36153629005625904
202.885,0.2,0.22048215610600974,0.36695826779950885
202.89,0.2,0.22104235486289445,0.7948261356742155
202.895,0.2,0.22100639840712674,0.42265758505932727
202.9,0.2,0.22061658649481503,0.07175079813588645
202.905,0.2,0.2201506518713989,0.07536586482213949
202.91,0.2,0.21978660981326953,-0.1657132941088938
202.915,0.2,0.2195490949256792,0.14907274755092303
202.92,0.2,0.2193455958873576,0.2572069269161754
202.925,0.2,0.21905674373798426,0.3359986082488867
202.93,0.2,0.21861843655770472,0.4189311088759486
202.935,0.2,0.2180472495323995,0.09907288415995835
202.94,0.2,0.2174050356575279,0.18690291579856078
202.945,0.2,0.21673708103357267,-0.04643315482588963
202.95,0.2,0.21601782799849759,-0.2826713510576258
202.955,0.2,0.21511124912843851,-0.07934307818368617
202.96,0.2,0.21377770807472923,0.05401160070409422
202.965,0.2,0.2117550351869964,0.3301961791756024
202.97,0.2,0.20887829022785545,0.6892232920051184
202.975,0.2,0.20517310338569836,0.29377709045667155
202.98,0.2,0.2008477032580318,0.07111517958806468
202.985,0.2,0.1961706545213131,-0.11275241541232638
202.99,0.2,0.1913425321648436,0.12046411238641902
202.995,0.2,0.18645974745289665,-0.012271346820296795
203.0,0.2,0.18155224294666247,0.269278131353949
203.005,0.2,0.17664552050565072,0.4366532533988453
203.01,0.2,0.17183670149355032,0.737195639648686
203.015,0.2,0.16735241258397263,0.3124212181241721
203.02,0.2,0.16352433843926975,0.35231654335733104
203.025,0.2,0.16068697477262042,0.024570148498841614
203.03,0.2,0.15906662212013437,-0.13071337205589334
203.035,0.2,0.15870857279496065,-0.027313355637838745
203.04,0.2,0.15947529791700046,0.15480377381647104
203.045,0.2,0.16113050589236352,0.4804279101141079
203.05,0.2,0.1634650227714997,0.5478749083802219
203.055,0.2,0.16638832312851612,0.4868562366513721
203.06,0.2,0.16992274072908195,-0.05832239137267192
203.065,0.2,0.17409942362188388,0.035500470500879316
203.07,0.2,0.1788439800949497,-0.16568737746968726
203.075,0.2,0.18393504209211095,-0.0841569836522623
203.08,0.2,0.18903369948935644,0.030957125264990337
203.085,0.2,0.19375807148236157,0.2899145338636528
203.09,0.2,0.19779739669583765,0.814919802065841
203.095,0.2,0.20102738457424404,0.3261378795879408
203.1,0.2,0.20352372117689338,0.015295599817419125
203.105,0.2,0.20543906744431106,0.06641118446924127
203.11,0.2,0.20686641168666703,-0.1836142012086734
203.115,0.2,0.20778760706970684,0.045288290184025665
203.12,0.2,0.20809985919652904,0.2358914440778696
203.125,0.2,0.2076954076491765,0.3257974735163521
203.13,0.2,0.20655118643424125,0.5640209379626425
203.135,0.2,0.2047833564378974,0.48871882390997534
203.14,0.2,0.20264442888503575,0.27785166518312476
203.145,0.2,0.2004472961263752,-0.03228453690709446
203.15,0.2,0.19844193616845615,-0.15788960010381325
203.155,0.2,0.19672345922308082,0.03763657227110211
203.16,0.2,0.195238346663727,0.23161119257130316
203.165,0.2,0.19387226556673542,0.2260096246101164
203.17,0.2,0.19253906264101625,0.3908837342793755
203.175,0.2,0.19122170367444558,0.215755846561702
203.18,0.2,0.1899627205383508,0.14271580890939595
203.185,0.2,0.18881828074036125,0.08691967348872837
203.19,0.2,0.18780651054256817,-0.09605467221081404
203.195,0.2,0.1868736091411256,-0.0025573721792374743
203.2,0.2,0.1858913392073556,0.054134443688953676
203.205,0.2,0.18469142438821048,0.05742298353163122
203.21,0.2,0.183119628433409,0.3887740442201859
203.215,0.2,0.18110445917382254,0.635335418335398
203.22,0.2,0.1787178739292558,0.13536868142722988
203.225,0.2,0.17614637265650046,-0.03193830727389907
203.23,0.2,0.1735641419538475,-0.20507869428019376
203.235,0.2,0.17102398622688403,-0.06131014406613816
203.24,0.2,0.16845109410806822,0.14239746959683325
203.245,0.2,0.16572618875680958,0.4049716583701898
203.25,0.2,0.16279890736404398,0.5506029049203043
203.255,0.2,0.15976331527143767,0.39263459412110613
203.26,0.2,0.1568428298230545,0.09217805876046561
203.265,0.2,0.15428977648488193,0.023483288119062334
203.27,0.2,0.1522711018340766,-0.18366409530993372
203.275,0.2,0.15079978263297236,-0.2514651139160641
203.28,0.2,0.14973123702606522,0.2021159047200834
203.285,0.2,0.14884430932298603,0.36735764415369954
203.29,0.2,0.14797061466896655,0.34883724802838223
203.295,0.2,0.14707492879422857,0.4666632056498574
203.3,0.2,0.1462479167397107,0.10254774305249972
203.305,0.2,0.14562941217898326,-0.14450850244223934
203.31,0.2,0.1452984649906522,-0.08067425148846048
203.315,0.2,0.14520733572180522,-0.05274973340844771
203.32,0.2,0.14520538732082325,0.1610616678743244
203.325,0.2,0.14512780254434102,0.5688393210947161
203.33,0.2,0.14490211903403824,0.37373407417583704
203.335,0.2,0.14460867504494757,0.5642348373210591
203.34,0.2,0.14445313554424746,0.04229647702152637
203.345,0.2,0.14466716377626462,-0.008254689962500103
203.35,0.2,0.14538997682289978,-0.1748720250060149
203.355,0.2,0.14659260158598122,-0.3016182409663331
203.36,0.2,0.14807653978446667,0.15088057165219154
203.365,0.2,0.14955780561741022,0.36086750898303577
203.37,0.2,0.15080424983963975,0.3855831097741846
203.375,0.2,0.15172889318544214,0.3689016760656024
203.38,0.2,0.15238425165856825,0.1327928159561071
203.385,0.2,0.15288740447147267,0.02709859965259709
203.39,0.2,0.15332589308570657,-0.1936932531458787
203.395,0.2,0.15368623494485542,-0.1492838024326302
203.4,0.2,0.1538450428443403,0.24085502197791908
203.405,0.2,0.1536416324216017,0.23695228683643998
203.41,0.2,0.15297947211167587,0.3721814352694169
203.415,0.2,0.15187633070673617,0.22115080070223275
203.42,0.2,0.1504493338922519,0.3032532683798882
203.425,0.2,0.1488630508613902,-0.10603762033603906
203.43,0.2,0.1472539209153615,-0.12283128797059832
203.435,0.2,0.14565871867960795,-0.11830962371999747
203.44,0.2,0.1440006986350174,0.05521239158338453
203.445,0.2,0.14214394800058466,0.12392673915534713
203.45,0.2,0.13997244412835685,0.33708666336697657
203.455,0.2,0.13746050204719845,0.48858491000581294
203.46,0.2,0.13470114248718035,-0.14073352071929301
203.465,0.2,0.1318438793963992,-0.07719378017007297
203.47,0.2,0.1289730266561801,-0.4198933654889716
203.475,0.2,0.12602520778054346,-0.28247120746955234
203.48,0.2,0.12280017840712551,0.15422946431051837
203.485,0.2,0.11907022173437275,0.3782656065481405
203.49,0.2,0.1147325776551186,0.5786388528270537
203.495,0.2,0.10990151119112657,0.40905828437018205
203.5,0.2,0.10488607201634405,0.21871221140847408
203.505,0.2,0.10007845353650494,0.016083887523765078
203.51,0.2,0.0958106317008495,-0.4549047391169802
203.515,0.2,0.09223488903515074,-0.14140045530328468
203.52,0.2,0.08929623926965986,0.04251617752345377
203.525,0.2,0.08682320002434002,0.17989219073674617
203.53,0.2,0.08465831875022342,0.3854313391922986
203.535,0.2,0.08274362543647158,0.29142106769779763
203.54,0.2,0.08112867708710533,-0.05727764194990196
203.545,0.2,0.07989822124457881,-0.06152795311342883
203.55,0.2,0.07907579954580861,-0.2354197618747197
203.555,0.2,0.07857409417977496,-0.13761243538863824
203.56,0.2,0.0782077926761472,-0.013460248621480972
203.565,0.2,0.07775545972865562,0.16886612305919874
203.57,0.2,0.07704781359783985,0.4241672483561328
203.575,0.2,0.07604489197668492,0.3202026666040176
203.58,0.2,0.07485148359827784,0.06693351991126661
203.585,0.2,0.07364410976708304,-0.12432943535272066
203.59,0.2,0.07255935066977656,-0.13574164844855044
203.595,0.2,0.07162378351340086,-0.20176250342917046
203.6,0.2,0.07075071215106288,-0.06467277862772214
203.605,0.2,0.06979040952107893,0.22769625426581666
203.61,0.2,0.06861867210054667,0.31739540811175293
203.615,0.2,0.06721778805477627,0.2593989586973528
203.62,0.2,0.06568090013703887,-0.18139418834701593
203.625,0.2,0.06413101444819576,0.01699986534787762
203.63,0.2,0.06263276817299805,-0.2639928264008323
203.635,0.2,0.06115381244935431,-0.25168711463621185
203.64,0.2,0.05956895376507198,0.03246520258319569
203.645,0.2,0.057717460739987306,0.2683006407270837
203.65,0.2,0.055505283652222584,0.3101180414398413
203.655,0.2,0.052975175974079344,0.22186953292374714
203.66,0.2,0.05029197740449145,0.07020123501807017
203.665,0.2,0.047665130833517665,-0.09834069826842676
203.67,0.2,0.045258796739919956,-0.19149520133978742
203.675,0.2,0.04313072734075306,-0.19989738155232045
203.68,0.2,0.04122325194940146,-0.062431795685150365
203.685,0.2,0.03941137618099351,0.1784630940103535
203.69,0.2,0.037584249946713645,0.13337527422497028
203.695,0.2,0.03570980531818004,0.2850045454609521
203.7,0.2,0.03384283511112209,-0.15207065204947953
203.705,0.2,0.03206568999749833,-0.2494771475372692
203.71,0.2,0.030399138930727463,-0.18974057070728806
203.715,0.2,0.02876046738498175,-0.20907418351277682
203.72,0.2,0.02699163197293096,-0.06982737491023194
203.725,0.2,0.02491908270389776,0.06049492529787032
203.73,0.2,0.02242427781771901,0.3413482355084283
203.735,0.2,0.01950944449083205,0.2049372013731702
203.74,0.2,0.016307855533433585,-0.11016651465343966
203.745,0.2,0.01300627968484719,-0.19942790582887915
203.75,0.2,0.009741287489885063,-0.11856131810522472
203.755,0.2,0.0065540798937707275,-0.25617341266478016
203.76,0.2,0.0034083490996020776,0.07829894324842253
203.765,0.2,0.0002465400415882779,0.18125601133248387
203.77,0.2,-0.002931311296725621,0.3523673518071707
203.775,0.2,-0.006015392303941646,0.08691642113546866
203.78,0.2,-0.0088132381552953,-0.10584576805949926
203.785,0.2,-0.011144222053073987,-0.2356173594923648
203.79,0.2,-0.012937125252532952,-0.465352792313258
203.795,0.2,-0.014283421184229497,-0.36344150280291365
203.8,0.2,-0.015421656734809035,-0.03621397763887637
203.805,0.2,-0.016640393693530316,0.15007497626887226
203.81,0.2,-0.01815065854003265,0.1673378052296248
203.815,0.2,-0.02000909390579564,0.33027903070352516
203.82,0.2,-0.022121559522147005,-0.18177234763242123
203.825,0.2,-0.024326615531418603,-0.3137914787066747
203.83,0.2,-0.026518885650168952,-0.3280461314690585
203.835,0.2,-0.02871814255386014,-0.2226411247613834
203.84,0.2,-0.031039398973921935,0.010716253121765204
203.845,0.2,-0.03360679687205069,0.05618712522380291
203.85,0.2,-0.036474653067252165,0.13500100743526056
203.855,0.2,-0.03959256075279503,0.14459877871252788
203.86,0.2,-0.04281628308292928,-0.008387572994822998
203.865,0.2,-0.045958650502567186,-0.20982851367530803
203.87,0.2,-0.04887179026000019,-0.4131360071754374
203.875,0.2,-0.05152399637914212,-0.35533910645354316
203.88,0.2,-0.054019342818590006,-0.20026975519378465
203.885,0.2,-0.05653847230642797,0.0607970086585813
203.89,0.2,-0.05923412569840852,0.15450091535817045
203.895,0.2,-0.062149559081345916,0.04287054648608003
203.9,0.2,-0.06521170226049085,-0.0635827371748567
203.905,0.2,-0.06829057471414555,-0.18461143231798816
203.91,0.2,-0.07127926213605694,-0.4382646905755192
203.915,0.2,-0.07415774391549099,-0.254981212735075
203.92,0.2,-0.0770024199169202,-0.09485697286294188
203.925,0.2,-0.0799197014057418,0.19030217831354068
203.93,0.2,-0.0829463914022484,0.18850411100605718
203.935,0.2,-0.08600086769048998,-0.17773746051017006
203.94,0.2,-0.08892540932659614,0.03380981603619179
203.945,0.2,-0.09156893265474127,-0.4067604355213731
203.95,0.2,-0.09385487973019799,-0.34967969423686057
203.955,0.2,-0.09582654636358384,-0.4575528096433859
203.96,0.2,-0.09764324185397387,-0.030950532396006952
203.965,0.2,-0.09949578111427278,0.2540857116861336
203.97,0.2,-0.10147664894600605,0.3095885772948473
203.975,0.2,-0.10350051187344983,0.12797442614257512
203.98,0.2,-0.10533905738313253,-0.10798924477443034
203.985,0.2,-0.10674037216626593,-0.36882160749796083
203.99,0.2,-0.10754935118599818,-0.22789775912247107
203.995,0.2,-0.10775918173964744,-0.33597357964066155
204.0,0.2,-0.1074908401199727,-0.25290603710327886
204.005,0.2,-0.10693290561870746,0.1805462732905308
204.01,0.2,-0.1062491653497628,0.15709560272032067
204.015,0.2,-0.10549773621275936,-0.015896995430508196
204.02,0.2,-0.10463312072423721,-0.017961720869925424
204.025,0.2,-0.10357687932387911,-0.3192465718896681
204.03,0.2,-0.10230199495358158,-0.5036624678702304
204.035,0.2,-0.10090105370520457,-0.38313405487658997
204.04,0.2,-0.0995959868607859,-0.29232123206876925
204.045,0.2,-0.0986708350979426,-0.04747799011703677
204.05,0.2,-0.09836795973740041,0.11212962720941723
204.055,0.2,-0.09880355392979745,0.020457221279083948
204.06,0.2,-0.09994468469385087,0.02226778154258277
204.065,0.2,-0.10166222312506058,-0.5297585013953302
204.07,0.2,-0.10383807472085217,-0.42307548033088155
204.075,0.2,-0.10645607415128187,-0.38548817548366987
204.08,0.2,-0.10960293431761739,-0.218213013224206
204.085,0.2,-0.11338179063492083,0.307486742111434
204.09,0.2,-0.11779060334577493,0.22659610596234347
204.095,0.2,-0.12264786144120265,-0.02139039184722767
204.1,0.2,-0.1276392386944085,-0.18375961535908553
204.105,0.2,-0.13244934101174155,-0.49268907946766005
204.11,0.2,-0.13688114326606837,-0.39740103432047663
204.115,0.2,-0.14090293601805148,-0.3738930386363118
204.12,0.2,-0.14461188174719425,-0.15433543487246126
204.125,0.2,-0.1481467568803475,-0.026150629706207185
204.13,0.2,-0.15159527812312265,0.1703705796710472
204.135,0.2,-0.15492882420064621,0.13780909937090705
204.14,0.2,-0.15799848051562926,-0.2268634460247036
204.145,0.2,-0.16061335210735814,-0.36980330876924494
204.15,0.2,-0.16265440536156986,-0.3988831708373728
204.155,0.2,-0.16413388871561085,-0.25283043146451323
204.16,0.2,-0.1651660682766196,-0.1145089335091348
204.165,0.2,-0.16589193880443678,-0.11780312071785651
204.17,0.2,-0.1664134419358134,0.09930968157572975
204.175,0.2,-0.16675750199472722,-0.04554401026362741
204.18,0.2,-0.16687474721328338,-0.06098356527007995
204.185,0.2,-0.16668414936477155,-0.4437524017528234
204.19,0.2,-0.16615379006551279,-0.4532407581086928
204.195,0.2,-0.16536540560638588,-0.3483066425919651
204.2,0.2,-0.1645019709482488,-0.08618482953825107
204.205,0.2,-0.16376235128613978,-0.05159871501603318
204.21,0.2,-0.16327257767024136,0.06312061408409732
204.215,0.2,-0.16305059379707934,-0.15918044367623435
204.22,0.2,-0.1630401367598618,-0.377954688034355
204.225,0.2,-0.1631985794369617,-0.6095663898529723
204.23,0.2,-0.16358922262926967,-0.6535049770391013
204.235,0.2,-0.16441572803205626,-0.4315026481206535
204.24,0.2,-0.1659656235470235,-0.1619833713724523
204.245,0.2,-0.16849074618993265,-0.045682880551865646
204.25,0.2,-0.17209159088103446,0.30741143227218454
204.255,0.2,-0.17665692450526577,-0.07239179879492359
204.26,0.2,-0.18189480887887574,-0.19797469761886943
204.265,0.2,-0.18744820816186036,-0.34133655308065536
204.27,0.2,-0.19301340679718496,-0.36170532094041796
204.275,0.2,-0.19840063440636257,-0.5140398785681362
204.28,0.2,-0.2035445435565728,-0.2950827949279181
204.285,0.2,-0.20845766167461666,0.23015042899184443
204.29,0.2,-0.2131189752216228,0.12461700987859528
204.295,0.2,-0.21737810959099174,0.13298953887593334
204.3,0.2,-0.22096452508654058,-0.14105195614373905
204.305,0.2,-0.22358637535616038,-0.3932484211253114
204.31,0.2,-0.2250493824399525,-0.4377843330091762
204.315,0.2,-0.22533036430793263,-0.3949209298228009
204.32,0.2,-0.22457251802754252,-0.37224673545035936
204.325,0.2,-0.22302170251705375,-0.07133847447725514
204.33,0.2,-0.22093386732285686,0.029284941066284376
204.335,0.2,-0.21848281126944788,0.16676274361210916
204.34,0.2,-0.2157160388166154,-0.1455286191740598
204.345,0.2,-0.21259657115020042,-0.37639566793696716
204.35,0.2,-0.2091031265268625,-0.31038499576382456
204.355,0.2,-0.20530065440954148,-0.3112425187691263
204.36,0.2,-0.2013329182520659,-0.15801722958577386
204.365,0.2,-0.1973600296802748,0.15616073269714975
204.37,0.2,-0.19347979605272247,-0.009261313530383092
204.375,0.2,-0.1896896608242818,-0.11873082557026901
204.38,0.2,-0.18592408033688837,-0.16859516247567014
204.385,0.2,-0.18212716115050756,-0.42009945418836064
204.39,0.2,-0.17831724256421014,-0.4982325031238365
204.395,0.2,-0.17462774564484831,-0.45010439166733823
204.4,0.2,-0.17129591383217302,-0.24750163535765568
204.405,0.2,-0.16858564610756338,0.03813270788426243
204.41,0.2,-0.16667938206080815,0.07823515764872718
204.415,0.2,-0.16560638745703296,-0.029789743224046428
204.42,0.2,-0.1652502695383284,-0.02337145955874012
204.425,0.2,-0.16541778241366284,-0.40934971198667586
204.43,0.2,-0.16593400157288202,-0.46098606217642435
204.435,0.2,-0.16672741700213897,-0.5092533348408937
204.44,0.2,-0.16785376476294178,-0.28047630291286085
204.445,0.2,-0.1694326632848431,0.12517047587433172
204.45,0.2,-0.17152758665112322,0.14066512570859857
204.455,0.2,-0.17405086776179737,0.13023168340299435
204.46,0.2,-0.17676920200065735,-0.28306332020493813
204.465,0.2,-0.17940692796019592,-0.3768938166333218
204.47,0.2,-0.1817752086032787,-0.6225868877812943
204.475,0.2,-0.18385597808169765,-0.6149207133008436
204.48,0.2,-0.18580508365554316,-0.24952077392154484
204.485,0.2,-0.18785834286434933,0.12814389694258418
204.49,0.2,-0.19018442932461468,-0.0626122014316696
204.495,0.2,-0.19279763354150523,0.025938504687584713
204.5,0.2,-0.19558160360403062,-0.29756113037576354
204.505,0.2,-0.19837022687709274,-0.1744856907620923
204.51,0.2,-0.20102741134648738,-0.6066040326457829
204.515,0.2,-0.20351118632581164,-0.5135542859815494
204.52,0.2,-0.2058969053015642,-0.12908135779300195
204.525,0.2,-0.20831463447280713,-0.0516647150937595
204.53,0.2,-0.21084257114923394,-0.10386551946413419
204.535,0.2,-0.2134520801568332,0.09787402875700031
204.54,0.2,-0.21601829139123768,-0.2793597870567558
204.545,0.2,-0.21837218372364312,-0.24913148239283767
204.55,0.2,-0.22037510812281125,-0.4037919992743896
204.555,0.2,-0.22197573859337685,-0.46607459376194393
204.56,0.2,-0.22322334361788929,-0.21791836173990536
204.565,0.2,-0.22422375249623397,0.04166104538209482
204.57,0.2,-0.2250430193790523,0.21745612766806138
204.575,0.2,-0.2256231449697706,0.04810012390854682
204.58,0.2,-0.2257838695004312,-0.16383792007025333
204.585,0.2,-0.22531403057127436,-0.39123981986768475
204.59,0.2,-0.22408933737150852,-0.5409685383003437
204.595,0.2,-0.22214671029205058,-0.4108096801086053
204.6,0.2,-0.21967463982481233,-0.20846541055391446
204.605,0.2,-0.21692972338948732,-0.15612884864508525
204.61,0.2,-0.2141388170406308,0.025391967280025976
204.615,0.2,-0.21143895118379605,-0.1257754623871139
204.62,0.2,-0.2088722085615475,-0.15352619508795648
204.625,0.2,-0.20642898116227343,-0.3541002090537836
204.63,0.2,-0.2041118109900329,-0.4199193578477941
204.635,0.2,-0.2019809413357483,-0.27993087721511134
204.64,0.2,-0.20014189772274033,0.02245556629052689
204.645,0.2,-0.19867572308735734,-0.08131001126406297
204.65,0.2,-0.1975732420974964,0.15549632297573196
204.655,0.2,-0.1967102100320322,0.19601198145837798
204.66,0.2,-0.19586009147880926,-0.22949551462779622
204.665,0.2,-0.19476338750116987,-0.24822911002965564
204.67,0.2,-0.19323414992141752,-0.45431263950780165
204.675,0.2,-0.19122574692079802,-0.23551025746418797
204.68,0.2,-0.18881645209107598,-0.1665925916275893
204.685,0.2,-0.1861360030693105,0.06733706654179232
204.69,0.2,-0.18327720637545114,0.16417507524621644
204.695,0.2,-0.18024099581569653,-0.0668653804861241
204.7,0.2,-0.17695922283554644,-0.3759187980857698
204.705,0.2,-0.1733926231378172,-0.5099989676720214
204.71,0.2,-0.16962747267114947,-0.48786816588241977
204.715,0.2,-0.16589757962042442,-0.4325632712728083
204.72,0.2,-0.16252931547384725,-0.20852326401976728
204.725,0.2,-0.15984321692732842,0.04512111613002296
204.73,0.2,-0.15804566991324243,0.1791890771035894
204.735,0.2,-0.15715749740476456,0.0646439938178168
204.74,0.2,-0.15702653470018885,-0.17710051142293304
204.745,0.2,-0.15742027273165995,-0.28271172154195146
204.75,0.2,-0.15813364731325646,-0.32309375926895856
204.755,0.2,-0.15905674555551466,-0.5744637492506223
204.76,0.2,-0.1601930707331446,-0.11212255312162389
204.765,0.2,-0.1616179799007239,-0.15783048184463092
204.77,0.2,-0.16338897970657998,0.1416597745973179
204.775,0.2,-0.16546761718555678,0.07854356365774617
204.78,0.2,-0.1677017525992618,-0.17287935459426496
204.785,0.2,-0.16989261206646614,-0.6188952198626105
204.79,0.2,-0.17192252314345513,-0.5700265914735412
204.795,0.2,-0.17384445574610075,-0.5093348216296036
204.8,0.2,-0.17585978393597665,-0.2527299465607704
204.805,0.2,-0.17820637084669902,0.11445399258071672
204.81,0.2,-0.18102803427041209,-0.015600041976700812
204.815,0.2,-0.18430630259256323,-0.049392601035746095
204.82,0.2,-0.18789138829653484,-0.22805816642463586
204.825,0.2,-0.1915848396768718,-0.20921397160929528
204.83,0.2,-0.1952102467531266,-0.35915256914184746
204.835,0.2,-0.19865515476856815,-0.37756676551347845
204.84,0.2,-0.20188714624191018,-0.2818615441917495
204.845,0.2,-0.2049289999302594,0.027374163380504794
204.85,0.2,-0.20778369997586008,0.1963338042855919
204.855,0.2,-0.21035781302841663,-0.03815907502530613
204.86,0.2,-0.21246604546146702,-0.32917329038088755
204.865,0.2,-0.2139258709421011,-0.3134602962519012
204.87,0.2,-0.21466239795610675,-0.7298469984791873
204.875,0.2,-0.21476244393133276,-0.3275720802084505
204.88,0.2,-0.21444918098250784,-0.16630242985879798
204.885,0.2,-0.21397081852535946,0.1612679528267504
204.89,0.2,-0.21347370321343523,0.015378546691327044
204.895,0.2,-0.21294748711472958,0.1484651736806543
204.9,0.2,-0.21225241921697152,-0.12618636385028392
204.905,0.2,-0.21119642300393346,-0.2975734515188715
204.91,0.2,-0.2096365024151863,-0.5257271226383374
204.915,0.2,-0.20756538307678374,-0.4740323192345489
204.92,0.2,-0.20512619302334134,-0.10985593828418391
204.925,0.2,-0.2025336727190915,-0.059829082803290176
204.93,0.2,-0.1999677622202176,-0.156641760623501
204.935,0.2,-0.19753128385138133,-0.18778509396194865
204.94,0.2,-0.19527223035867133,-0.13538860667122965
204.945,0.2,-0.1932225314733654,-0.5783581525376246
204.95,0.2,-0.19145087823429482,-0.5030485955519556
204.955,0.2,-0.19011321140717324,-0.5216145435437899
204.96,0.2,-0.18944209394184947,-0.19202466529408807
204.965,0.2,-0.18966317900873592,-0.04924276599039882
204.97,0.2,-0.1908929409811412,0.053724026093353666
204.975,0.2,-0.19307998104163732,0.028279626856531626
204.98,0.2,-0.19602269419104543,-0.3101170117181511
204.985,0.2,-0.1994609346469597,-0.4888637983950464
204.99,0.2,-0.203192507464747,-0.4798157621471351
204.995,0.2,-0.20713119493865786,-0.2594902938246568
205.0,0.2,-0.21127087791226193,-0.1796564056998286
205.005,0.2,-0.2156000992195671,0.08880389939961861
205.01,0.2,-0.22002500502808875,0.07719100755860947
205.015,0.2,-0.22433498210437453,0.06260435711165399
205.02,0.2,-0.22823061295106517,-0.20057193588845945
205.025,-0.2,-0.23140859558781987,-0.3788688583592259
205.03,-0.2,-0.23366332654826374,-0.4673842506385884
205.035,-0.2,-0.23493962814366562,-0.09598089071456317
205.04,-0.2,-0.2352960680624186,-0.18407392280478113
205.045,-0.2,-0.2348214362884145,0.020985302911025076
205.05,-0.2,-0.23357289092495673,0.01657941931654866
205.055,-0.2,-0.2315491257734892,0.07925636436031493
205.06,-0.2,-0.22869924085749924,-0.3018248973980445
205.065,-0.2,-0.22498613061423936,-0.4774520615115641
205.07,-0.2,-0.22048501460078396,-0.685587174005398
205.075,-0.2,-0.2154448699542383,-0.4036102296255269
205.08,-0.2,-0.2102493560633597,-0.12536007503648083
205.085,-0.2,-0.20529124798339027,-0.03150758087424943
205.09,-0.2,-0.2008534011065054,-0.0809775759317575
205.095,-0.2,-0.19707456587741723,-0.20833859104216662
205.1,-0.2,-0.19398503640190062,-0.03501683499525282
205.105,-0.2,-0.1915524328335572,-0.3413418720620499
205.11,-0.2,-0.1897298676618714,-0.5205404305863184
205.115,-0.2,-0.18851779041277356,-0.38053988829513513
205.12,-0.2,-0.18798380743382187,-0.0924098970956983
205.125,-0.2,-0.18819882526030207,-0.043482031361691625
205.13,-0.2,-0.18915020090000007,0.05789598394025965
205.135,-0.2,-0.19070287247437928,0.03910663543770289
205.14,-0.2,-0.19261668466051496,-0.10586932699792473
205.145,-0.2,-0.1946154150582144,-0.5648339129101247
205.15,-0.2,-0.19649846298615822,-0.5501899438628555
205.155,-0.2,-0.1982296039863072,-0.49718965946177895
205.16,-0.2,-0.1999255174776899,-0.13660907977426137
205.165,-0.2,-0.20175095422199824,-0.05120614276493714
205.17,-0.2,-0.20380032599756903,0.08472315891423048
205.175,-0.2,-0.2060327783124561,0.08538062834378042
205.18,-0.2,-0.2082754782808205,-0.07752657783003394
205.185,-0.2,-0.21029151712684113,-0.48783595460650525
205.19,-0.2,-0.2118917934834188,-0.3809199605533267
205.195,-0.2,-0.213017611722921,-0.38403567411274636
205.2,-0.2,-0.21373800987272726,-0.30762229597760565
205.205,-0.2,-0.2141772035937465,0.2788259311187832
205.21,-0.2,-0.2144004558143234,0.24312564374158196
205.215,-0.2,-0.2143246561689016,-0.022300388159563048
205.22,-0.2,-0.21374768853163037,-0.2593838403359387
205.225,-0.2,-0.21247303434073617,-0.3123358478638457
205.23,-0.2,-0.21042232425374008,-0.6406073495423159
205.235,-0.2,-0.2076923649595734,-0.5065369294378426
205.24,-0.2,-0.2045428581130878,-0.1089989504227511
205.245,-0.2,-0.2013002090359344,-0.20062497437576055
205.25,-0.2,-0.19824420387435263,-0.12312040019562687
205.255,-0.2,-0.19555490458351663,0.015592971119603598
205.26,-0.2,-0.19330655910401912,-0.1876553930593004
205.265,-0.2,-0.19149675794548046,-0.4457475021872487
205.27,-0.2,-0.1901204466975114,-0.4440454923817903
205.275,-0.2,-0.1892360691030513,-0.39248875762434726
205.28,-0.2,-0.1889614889446298,-0.1579639442196882
205.285,-0.2,-0.1894055228589394,0.0036220839240159695
205.29,-0.2,-0.19058616628859995,0.04465688300949464
205.295,-0.2,-0.19239032542785006,-0.05008787643613624
205.3,-0.2,-0.1946049412782646,-0.3296557308997963
205.305,-0.2,-0.19700282698678712,-0.3327524902796568
205.31,-0.2,-0.19942434588974348,-0.3787833693722962
205.315,-0.2,-0.2018105689564461,-0.46576195730879305
205.32,-0.2,-0.20418898102484007,-0.08531938294162904
205.325,-0.2,-0.2066111000683806,0.0734282100523681
205.33,-0.2,-0.2090601066494656,0.09054699203735248
205.335,-0.2,-0.21140023811714626,-0.018971062720457038
205.34,-0.2,-0.21340756399460317,-0.12897860739788372
205.345,-0.2,-0.21485136247364758,-0.39617519692496256
205.35,-0.2,-0.21558635253994504,-0.5281154127386402
205.355,-0.2,-0.21561855062714025,-0.4101055209527761
205.36,-0.2,-0.21510412571030516,-0.34477300959019286
205.365,-0.2,-0.21427377346614013,0.10175042173563659
205.37,-0.2,-0.21331883978162394,0.03723003057323132
205.375,-0.2,-0.21230696784287573,0.009928728889580983
205.38,-0.2,-0.21118352933488624,-0.16684387017002406
205.385,-0.2,-0.209844567265291,-0.34092688193242154
205.39,-0.2,-0.208228268678565,-0.5148023804247336
205.395,-0.2,-0.20638353599335038,-0.46643041650958006
205.4,-0.2,-0.2044793196140674,-0.25182986003801544
205.405,-0.2,-0.2027364914459945,0.04881371590437933
205.41,-0.2,-0.2013154375828375,0.10539859214067754
205.415,-0.2,-0.20023523476381788,0.016980865785656885
205.42,-0.2,-0.19938111458606472,-0.20808284213829317
205.425,-0.2,-0.19859318723748992,-0.5046605685096228
205.43,-0.2,-0.1977835648955289,-0.604743623043566
205.435,-0.2,-0.197008410173695,-0.3181745417912398
205.44,-0.2,-0.19643695575304002,-0.12781880575083987
205.445,-0.2,-0.1962401120055017,0.04060924447703034
205.45,-0.2,-0.19648439864126918,0.1099912197262528
205.455,-0.2,-0.19708955838575878,0.004465354504558497
205.46,-0.2,-0.19785982439117808,-0.2041742641270852
205.465,-0.2,-0.19856691514664399,-0.23946757708551983
205.47,-0.2,-0.19903533445729907,-0.3942519821373671
205.475,-0.2,-0.19919103422553494,-0.3333235982490656
205.48,-0.2,-0.19906216358481937,-0.18727182406058582
205.485,-0.2,-0.19872864357613615,0.04365750135330355
205.49,-0.2,-0.19824667730499662,-0.09707868593860647
205.495,-0.2,-0.19760723093814409,-0.05205039446278857
205.5,-0.2,-0.19674951408024544,-0.11696556861589151
205.505,-0.2,-0.1956050865361537,-0.45439503324229336
205.51,-0.2,-0.19416315042725857,-0.5298862072441747
205.515,-0.2,-0.19254069537435398,-0.7361687308734183
205.52,-0.2,-0.1909997131987649,-0.14535100520656477
205.525,-0.2,-0.18985916576388875,0.08164438290731517
205.53,-0.2,-0.1893434982047287,0.018934957593042145
205.535,-0.2,-0.18948865185397204,0.16446374942442782
205.54,-0.2,-0.1901541677832865,-0.1362038752524925
205.545,-0.2,-0.19110736961563285,-0.42313238518015683
205.55,-0.2,-0.19214264426109984,-0.41744045160769816
205.555,-0.2,-0.19317012730316147,-0.40173867031044547
205.56,-0.2,-0.1942194005436305,-0.24488603855597293
205.565,-0.2,-0.19536934132193182,0.17098546991518365
205.57,-0.2,-0.19664400802908025,0.09135240693831309
205.575,-0.2,-0.19794594541711585,-0.10368771616400352
205.58,-0.2,-0.19908537202854107,-0.11449623198761916
205.585,-0.2,-0.1998701213361571,-0.4644349960566425
205.59,-0.2,-0.20019415960630793,-0.47218083663915367
205.595,-0.2,-0.20009487994095385,-0.5361262687972209
205.6,-0.2,-0.19974482610097397,-0.07610867638629987
205.605,-0.2,-0.1993593259079622,0.05655554128317767
205.61,-0.2,-0.19907169641278688,0.12975515008718802
205.615,-0.2,-0.1988670164582807,-0.027574581524297793
205.62,-0.2,-0.19861443542417226,-0.2496516839784873
205.625,-0.2,-0.19816437982992993,-0.4157758447600081
205.63,-0.2,-0.19744987772995307,-0.5366335043117799
205.635,-0.2,-0.19654081224990125,-0.4218576952857461
205.64,-0.2,-0.1956276802758299,-0.3079039775254575
205.645,-0.2,-0.1949483787918738,-0.14089112818539135
205.65,-0.2,-0.19469549393022953,0.08322014942253275
205.655,-0.2,-0.1949397630875108,0.04998605853571322
205.66,-0.2,-0.19560112056460977,0.02240841860768203
205.665,-0.2,-0.19649276223133644,-0.4632730556793124
205.67,-0.2,-0.1974291946689261,-0.4367989175512242
205.675,-0.2,-0.19832607534886157,-0.3355414984441609
205.68,-0.2,-0.19921139850269498,-0.20738870053990985
205.685,-0.2,-0.20015195515893253,0.12501063927775963
205.69,-0.2,-0.20115899245380098,0.028675219395344745
205.695,-0.2,-0.2021339912949936,0.08455494220761031
205.7,-0.2,-0.2028901345047639,-0.32450200093079873
205.705,-0.2,-0.20323578012373364,-0.25906235847213727
205.71,-0.2,-0.20306237746858286,-0.46035682303929076
205.715,-0.2,-0.20239152335972346,-0.5120116123087953
205.72,-0.2,-0.20137641377943058,-0.3107724313354121
205.725,-0.2,-0.2002483543075914,0.01010570964376039
205.73,-0.2,-0.1992083232948763,0.12078515123717551
205.735,-0.2,-0.1983282103129896,0.06475591317285614
205.74,-0.2,-0.19753994897507368,-0.2949135261852296
205.745,-0.2,-0.19672178396220594,-0.4041388199807872
205.75,-0.2,-0.19581662083833004,-0.6313331303166915
205.755,-0.2,-0.19490487757766806,-0.4471369858985946
205.76,-0.2,-0.19419206399386946,-0.26104090416195963
205.765,-0.2,-0.19391531611329707,0.0842072219660621
205.77,-0.2,-0.19422240545118616,0.011270268699028002
205.775,-0.2,-0.19509741691932614,0.1880862600820643
205.78,-0.2,-0.1963659674178981,-0.17259668934701144
205.785,-0.2,-0.1977795065856365,-0.5891750275306236
205.79,-0.2,-0.1991490361394319,-0.41535338440651814
205.795,-0.2,-0.2004281064612839,-0.2622980882979893
205.8,-0.2,-0.20167849801172713,-0.23087656842342844
205.805,-0.2,-0.2029761748566724,0.14806358650931994
205.81,-0.2,-0.20432190700151528,0.175244541704481
205.815,-0.2,-0.2055855371366605,0.07425643305545797
205.82,-0.2,-0.20652254719840923,-0.07899069305448239
205.825,-0.2,-0.20686758513063747,-0.5328358941495848
205.83,-0.2,-0.20646150212870765,-0.5688846923854387
205.835,-0.2,-0.20534234862813996,-0.5211722427742831
205.84,-0.2,-0.2037386276234453,-0.32165369941326627
205.845,-0.2,-0.20196662393778417,0.09547934330995825
205.85,-0.2,-0.2002890474101261,0.0655746978851473
205.855,-0.2,-0.1988184866936981,-0.0380654374040591
205.86,-0.2,-0.1975320455439045,-0.42356409793878924
205.865,-0.2,-0.19637447255057736,-0.3747718377392549
205.87,-0.2,-0.19535519528286313,-0.4683630139916322
205.875,-0.2,-0.1945745441166702,-0.3161214715333719
205.88,-0.2,-0.1941831076998404,-0.10850711612105915
205.885,-0.2,-0.19430467407166604,-0.006373428372759556
205.89,-0.2,-0.19496790603829606,-0.08718754175650148
205.895,-0.2,-0.1960846456026276,0.15578732221776423
205.9,-0.2,-0.19746605832494443,-0.1516779219474338
205.905,-0.2,-0.19887528779690086,-0.4534221451275599
205.91,-0.2,-0.20012554907374153,-0.4516180372616423
205.915,-0.2,-0.20116525141232025,-0.5183152162789382
205.92,-0.2,-0.20208648323147613,-0.33469012406809723
205.925,-0.2,-0.20306277104452833,-0.10871296757580898
205.93,-0.2,-0.2042445876518171,0.22671061478284182
205.935,-0.2,-0.20565526214539792,0.05889100398847864
205.94,-0.2,-0.20716360161800745,-0.2501572650422974
205.945,-0.2,-0.20856336738787343,-0.2275776351215939
205.95,-0.2,-0.20968322021470429,-0.40399191496941844
205.955,-0.2,-0.21044843468560115,-0.3734835290791656
205.96,-0.2,-0.21088813241787457,-0.26034898845288446
205.965,-0.2,-0.2110906237571392,0.11011008950049612
205.97,-0.2,-0.21111408963041567,0.09682189379396956
205.975,-0.2,-0.2109167450054278,-0.0719543469592755
205.98,-0.2,-0.21037694067202561,-0.3320031619536521
205.985,-0.2,-0.20938730677094974,-0.4014204425200069
205.99,-0.2,-0.2079426064336502,-0.489954498363879
205.995,-0.2,-0.20617102487490807,-0.4661005288281432
206.0,-0.2,-0.2043070419524318,-0.22018625398681962
206.005,-0.2,-0.20261752984003453,-0.1391967580460538
206.01,-0.2,-0.2013074569388874,0.15195761073394595
206.015,-0.2,-0.20045153781310004,-0.15045029161820184
206.02,-0.2,-0.2000009905585344,-0.3239030213612344
206.025,-0.2,-0.19986594446796363,-0.35952551211374106
206.03,-0.2,-0.20000863088802964,-0.6874170838456524
206.035,-0.2,-0.20049708161561175,-0.4399519871773764
206.04,-0.2,-0.2014918701808644,-0.09904667704619724
206.045,-0.2,-0.20314907734194138,0.03132683511135187
206.05,-0.2,-0.20550527201756347,0.0162796326777567
206.055,-0.2,-0.20843866845831696,-0.0724675675371893
206.06,-0.2,-0.2117187785925819,-0.30848072966874124
206.065,-0.2,-0.21510136442829544,-0.4286572662592154
206.07,-0.2,-0.2184107432306488,-0.2198775256822234
206.075,-0.2,-0.22156296297664754,-0.4517975012314882
206.08,-0.2,-0.2245438055503445,-0.18205298154263758
206.085,-0.2,-0.22737001019651826,-0.07075798557755456
206.09,-0.2,-0.23003193145740744,0.04470039649312758
206.095,-0.2,-0.2324385009301519,0.1329895061765549
206.1,-0.2,-0.23440409880100502,-0.11457107969913685
206.105,-0.2,-0.23570485375159772,-0.5447274751540694
206.11,-0.2,-0.23619861978943954,-0.6245166503835275
206.115,-0.2,-0.23592574448949985,-0.4405848871829984
206.12,-0.2,-0.23509738600579147,-0.2122346283290841
206.125,-0.2,-0.23398250949136903,0.007558131630910944
206.13,-0.2,-0.23278084541654212,0.0754219678480941
206.135,-0.2,-0.23155087193570514,0.065562176631749
206.14,-0.2,-0.23021784845552437,-0.2380043236580815
206.145,-0.2,-0.2286567837536841,-0.4721345071455373
206.15,-0.2,-0.22680438111373505,-0.44218058153117207
206.155,-0.2,-0.22471974079663817,-0.30775767284616545
206.16,-0.2,-0.22255375098732744,-0.15720959601685747
206.165,-0.2,-0.22046454499263246,0.005646781850515023
206.17,-0.2,-0.2185353999152279,0.1186344631193757
206.175,-0.2,-0.21672765163215985,0.08538205317386363
206.18,-0.2,-0.2148884252628056,-0.1144889614195636
206.185,-0.2,-0.21281973708699972,-0.35502063683544105
206.19,-0.2,-0.21038397000640274,-0.5612463081298313
206.195,-0.2,-0.207588886204526,-0.41613036858083124
206.2,-0.2,-0.20459545750677846,-0.2979075156117385
206.205,-0.2,-0.20163914338773778,0.05376418063384045
206.21,-0.2,-0.19891099960894815,0.11410265522778075
206.215,-0.2,-0.19647495392151706,-0.13888632473296655
206.22,-0.2,-0.1942797548593758,-0.1918886529918444
206.225,-0.2,-0.1922421153645318,-0.39240544465671745
206.23,-0.2,-0.1903301113333737,-0.4783057020273663
206.235,-0.2,-0.1886087325145316,-0.41319059316560647
206.24,-0.2,-0.18722690184563315,-0.08833213354945543
206.245,-0.2,-0.18633894892708983,0.0015522226652292682
206.25,-0.2,-0.18600977061916207,0.06582119544561599
206.255,-0.2,-0.18616714666299786,0.12687638631034376
206.26,-0.2,-0.18661722322500238,-0.1776067859553602
206.265,-0.2,-0.18711584183238827,-0.3212177665571328
206.27,-0.2,-0.1874672714349857,-0.3584776184607271
206.275,-0.2,-0.18758943690100843,-0.3631022563043125
206.28,-0.2,-0.18751163202798235,-0.16897196545429535
206.285,-0.2,-0.1873147779487792,0.07615114536692819
206.29,-0.2,-0.18704156097566044,0.17085742333995443
206.295,-0.2,-0.18663063463351642,0.00277553298248015
206.3,-0.2,-0.18592975109344365,-0.1973065750730375
206.305,-0.2,-0.1847867939380473,-0.5456377228834706
206.31,-0.2,-0.1831608440922316,-0.4859309578815823
206.315,-0.2,-0.18117473909261753,-0.31669350040878097
206.32,-0.2,-0.17907127220435087,-0.25670191560307226
206.325,-0.2,-0.17711714649816013,-0.06412531111877648
206.33,-0.2,-0.17550484241516748,0.39161172273250444
206.335,-0.2,-0.1742714392488792,-0.05659598230623157
206.34,-0.2,-0.17329284067409817,-0.11922695172653609
206.345,-0.2,-0.17238361087490905,-0.44200827256544223
206.35,-0.2,-0.17142603360254408,-0.5247042783944005
206.355,-0.2,-0.17043764085187132,-0.17845748882781728
206.36,-0.2,-0.16954095469198047,-0.21685657064672204
206.365,-0.2,-0.16887485838628968,-0.046025749405218766
206.37,-0.2,-0.16851295001835062,0.30007639328773905
206.375,-0.2,-0.16840503114785726,0.05208808304040055
206.38,-0.2,-0.16837065163029669,-0.09266529783481496
206.385,-0.2,-0.1681820049467213,-0.4719223722201139
206.39,-0.2,-0.16769400652341512,-0.5782650975866481
206.395,-0.2,-0.16693474284522591,-0.45378626374971504
206.4,-0.2,-0.16609701513617828,-0.2278024935468058
206.405,-0.2,-0.16543508219301148,0.0865103165895782
206.41,-0.2,-0.16513590330964295,-0.021671443496296267
206.415,-0.2,-0.1652473629151637,0.04572755007475205
206.42,-0.2,-0.16568945199047833,-0.1195691257595998
206.425,-0.2,-0.16632004660114502,-0.39355432728271805
206.43,-0.2,-0.16702792140673847,-0.5361867453724762
206.435,-0.2,-0.16781799691172514,-0.5894124916779735
206.44,-0.2,-0.16882958118221497,-0.13973354745050545
206.445,-0.2,-0.17024839205916173,0.23075330473006928
206.45,-0.2,-0.172158934748103,0.1205500307993761
206.455,-0.2,-0.1744649179128987,-0.09672804884372874
206.46,-0.2,-0.1769428476503277,-0.19861317466172032
206.465,-0.2,-0.17935833963246184,-0.3858751132435964
206.47,-0.2,-0.18156588008395155,-0.6577282297824545
206.475,-0.2,-0.18356782226549134,-0.3499019863480126
206.48,-0.2,-0.18549496285744,-0.058095364626479185
206.485,-0.2,-0.18749470461383055,0.11264714961037829
206.49,-0.2,-0.18960942653264318,0.07705125971278697
206.495,-0.2,-0.19173847208943662,-0.08101461128101356
206.5,-0.2,-0.19368917518032389,-0.12863656303575885
206.505,-0.2,-0.19526580265860147,-0.45866409443644784
206.51,-0.2,-0.19634886261203555,-0.21534994081331893
206.515,-0.2,-0.19693206266519891,-0.5109939131825825
206.52,-0.2,-0.19711022924373145,-0.12645351424911702
206.525,-0.2,-0.19702635817780717,-0.02880685612301479
206.53,-0.2,-0.1967892945068669,0.09748905753693089
206.535,-0.2,-0.19640655968928866,0.09822600034120597
206.54,-0.2,-0.19577931367562276,-0.15648706385409358
206.545,-0.2,-0.1947587585304596,-0.12640363655162923
206.55,-0.2,-0.19322860310227472,-0.5245681316333201
206.555,-0.2,-0.1911719090082155,-0.19120504836141272
206.56,-0.2,-0.18867894843046348,-0.1250180453180978
206.565,-0.2,-0.18588319937843992,0.02599213206646158
206.57,-0.2,-0.18288545295203945,-0.10444204149860192
206.575,-0.2,-0.1797375412922003,-0.32464300125742424
206.58,-0.2,-0.1764853243434279,-0.19934272712003576
206.585,-0.2,-0.17321587880291908,-0.4720845869476388
206.59,-0.2,-0.17008186895070526,-0.4709595514918365
206.595,-0.2,-0.16730817034168136,-0.3407795469643361
206.6,-0.2,-0.16516273804421083,-0.2623307168993593
206.605,-0.2,-0.1638876007697749,-0.024580586071986654
206.61,-0.2,-0.16361891151974692,0.1705658979720957
206.615,-0.2,-0.16433105506724327,-0.07931305476129835
206.62,-0.2,-0.16584479382566417,0.0012326445207643533
206.625,-0.2,-0.16790122356821513,-0.401726651668941
206.63,-0.2,-0.17026036990731683,-0.3954296313263643
206.635,-0.2,-0.17277428252844768,-0.23336316247305314
206.64,-0.2,-0.17538646223422216,-0.13359655991763858
206.645,-0.2,-0.17806857505089577,-0.03675670681563617
206.65,-0.2,-0.18075649955715226,0.06466297301014802
206.655,-0.2,-0.18331669277317164,0.06845816607832711
206.66,-0.2,-0.18554516227170617,0.008118695432954154
206.665,-0.2,-0.1872115255830655,-0.45477436623573253
206.67,-0.2,-0.18814679219001038,-0.2902377536429225
206.675,-0.2,-0.1883128613052148,-0.3013964729888863
206.68,-0.2,-0.18779561385033514,-0.2542996157564218
206.685,-0.2,-0.1867393304249328,0.19113912100521457
206.69,-0.2,-0.18525515235994042,0.1585413148356398
206.695,-0.2,-0.18334932492983685,-0.007033057640980285
206.7,-0.2,-0.18093877077924467,-0.22220677821091928
206.705,-0.2,-0.17794633446020786,-0.4310827669284096
206.71,-0.2,-0.1743982758763436,-0.4407967378699523
206.715,-0.2,-0.1704626606641577,-0.32608817234707194
206.72,-0.2,-0.16641739176186068,-0.3722079956679384
206.725,-0.2,-0.16257977702459364,-0.04444021219600307
206.73,-0.2,-0.15922035854350264,0.15499140972898987
206.735,-0.2,-0.15647600208388932,0.11867182644044261
206.74,-0.2,-0.15431859316835014,-0.14779522256887767
206.745,-0.2,-0.15262458423986489,-0.48959653212756715
206.75,-0.2,-0.15129982740639755,-0.37590378144876313
206.755,-0.2,-0.15035689601907878,-0.34513573370745
206.76,-0.2,-0.14989463804934175,-0.11980039886216536
206.765,-0.2,-0.1500139953790462,0.1271282877494132
206.77,-0.2,-0.15072587221282774,0.12024057655558137
206.775,-0.2,-0.15190352552617106,0.04745382250803871
206.78,-0.2,-0.15331591296655905,-0.2872456834689246
206.785,-0.2,-0.15473160336281366,-0.5329012141062752
206.79,-0.2,-0.15603559431670802,-0.5214208757144676
206.795,-0.2,-0.15728089734362535,-0.34287283645373945
206.8,-0.2,-0.15863712743084404,-0.09089760177147939
206.805,-0.2,-0.16027436263566744,0.08739705875569934
206.81,-0.2,-0.16225129107604377,0.26214552092800764
206.815,-0.2,-0.16445851386535837,0.08499588125116936
206.82,-0.2,-0.16664695698777618,-0.18156425132536327
206.825,-0.2,-0.16853589400199065,-0.39315898583669245
206.83,-0.2,-0.1699406866458796,-0.5327941120090953
206.835,-0.2,-0.17084997300458787,-0.48630148956088254
206.84,-0.2,-0.1714202036275,-0.2830547923025213
206.845,-0.2,-0.17189180440823762,0.018687295412560423
206.85,-0.2,-0.17247029879151557,-0.037570817416712365
206.855,-0.2,-0.17324114768530163,0.15668405251667666
206.86,-0.2,-0.17415899953206335,-0.29182488058184775
206.865,-0.2,-0.1751151688406367,-0.4460147120272369
206.87,-0.2,-0.176042412192166,-0.3285573653240772
206.875,-0.2,-0.17697369764496032,-0.4695518320015306
206.88,-0.2,-0.1780242135130244,-0.1346407704898892
206.885,-0.2,-0.17932972858529508,-0.14390628589902626
206.89,-0.2,-0.18097044714366173,0.17874933809388205
206.895,-0.2,-0.18291392856686262,-0.105067639561438
206.9,-0.2,-0.185012603106912,0.05190012125806928
206.905,-0.2,-0.1870519377007161,-0.2196893039409057
206.91,-0.2,-0.1888232570865665,-0.44283525005923624
206.915,-0.2,-0.19020692887660898,-0.5182036488949895
206.92,-0.2,-0.19122134583033795,-0.1535284797751093
206.925,-0.2,-0.19197844111587115,-0.02308771274611099
206.93,-0.2,-0.1925750023060668,0.08112558139461964
206.935,-0.2,-0.19301404717149667,0.007745170036345561
206.94,-0.2,-0.19320396918903543,-0.14554101773004144
206.945,-0.2,-0.1930199817626835,-0.33586517330435217
206.95,-0.2,-0.19238850807788513,-0.4531989599431488
206.955,-0.2,-0.1913532042485337,-0.5464534787617802
206.96,-0.2,-0.1900850574147383,-0.1161865356266526
206.965,-0.2,-0.18881322962348104,-0.055120075011631894
206.97,-0.2,-0.1877112107351899,0.17079513614242592
206.975,-0.2,-0.1868206388304176,-0.07353297243216982
206.98,-0.2,-0.1860613591971357,-0.15104114274800834
206.985,-0.2,-0.18531166042527192,-0.4482909909096096
206.99,-0.2,-0.18450678714153976,-0.4853035890454814
206.995,-0.2,-0.18370091502540686,-0.436359576896137
207.0,-0.2,-0.18305609844890058,-0.17226239048060032
207.005,-0.2,-0.18275663672917564,0.13352557738126136
207.01,-0.2,-0.18289246641654588,0.19505394963091843
207.015,-0.2,-0.1833848724978662,0.10699056695621993
207.02,-0.2,-0.1840030748791753,-0.04196300419470286
207.025,-0.2,-0.18445927564073203,-0.4331154209668405
207.03,-0.2,-0.18453611536993836,-0.5172472123508493
207.035,-0.2,-0.18418327233258136,-0.45645787870686017
207.04,-0.2,-0.18352433241555108,-0.2855145470818621
207.045,-0.2,-0.18277272441327516,0.03853906611710431
207.05,-0.2,-0.18211095274472403,0.0455923193074733
207.055,-0.2,-0.18160398116000756,0.043333991191091006
207.06,-0.2,-0.181198628631126,-0.3354636343656302
207.065,-0.2,-0.18080829590142602,-0.5049742321511227
207.07,-0.2,-0.18042992982986886,-0.753220366701876
207.075,-0.2,-0.18021264941289952,-0.31436479502375564
207.08,-0.2,-0.18041876252708636,-0.26402814750299175
207.085,-0.2,-0.18130691719763806,-0.07115739262667978
207.09,-0.2,-0.18302265707307774,0.1686385857291811
207.095,-0.2,-0.18553427692441846,0.1487111171520222
207.1,-0.2,-0.1886241330991243,-0.014851545657392162
207.105,-0.2,-0.1919542143409756,-0.22736043070844092
207.11,-0.2,-0.19518559436890173,-0.4915694781497233
207.115,-0.2,-0.19808889841087024,-0.33388606323842496
207.12,-0.2,-0.2005800618604988,-0.17967686069191469
207.125,-0.2,-0.20266110166349321,0.09306663730376873
207.13,-0.2,-0.20431734714230068,0.1363691528515009
207.135,-0.2,-0.20544367111059567,0.2036868685127569
207.14,-0.2,-0.2058462498035427,-0.3181931513900591
207.145,-0.2,-0.20533149954017324,-0.3933121496813747
207.15,-0.2,-0.20383001326036534,-0.6042005046674813
207.155,-0.2,-0.20146652212260155,-0.45413676527788066
207.16,-0.2,-0.19852861403966895,-0.06606098425003176
207.165,-0.2,-0.19535120020810168,-0.06631515788043633
207.17,-0.2,-0.19218908656030242,0.19952522247397053
207.175,-0.2,-0.1891513130705078,-0.0818972635324086
207.18,-0.2,-0.1862179799317128,-0.11373348661076055
207.185,-0.2,-0.18331615645052232,-0.33771353582724134
207.19,-0.2,-0.18041163284632403,-0.5656874586469993
207.195,-0.2,-0.17757736922124792,-0.39168007992575304
207.2,-0.2,-0.17499393157376414,-0.08611020605220342
207.205,-0.2,-0.17285917572535386,0.11691633157045439
207.21,-0.2,-0.1712673458263203,0.19763851841988678
207.215,-0.2,-0.17015016278421682,-0.042243800569099446
207.22,-0.2,-0.16931614289177865,-0.1487328907336603
207.225,-0.2,-0.16855204014184363,-0.3866745007810911
207.23,-0.2,-0.16772693780160905,-0.5761758532674123
207.235,-0.2,-0.1668610624630478,-0.5148906976963017
207.24,-0.2,-0.16612250345245952,-0.10824629927995759
207.245,-0.2,-0.16572743490598255,0.12276841277411445
207.25,-0.2,-0.16579947314478496,0.15756628587919136
207.255,-0.2,-0.16629298229243789,0.023092515081625194
207.26,-0.2,-0.16701900684275622,-0.0010148970241423416
207.265,-0.2,-0.16772830062776697,-0.25637694658347304
207.27,-0.2,-0.168210600358298,-0.6034041578518927
207.275,-0.2,-0.16838660569068847,-0.3308414946497311
207.28,-0.2,-0.16833399398641474,-0.3003068989659313
207.285,-0.2,-0.16821701563738697,0.04233870226804373
207.29,-0.2,-0.16817728253485026,-0.016287303866769492
207.295,-0.2,-0.16826276443465696,-0.02843477392733472
207.3,-0.2,-0.1684320242035916,-0.28702390260855243
207.305,-0.2,-0.16862277548679913,-0.45549906568591025
207.31,-0.2,-0.16883744841076218,-0.5158638255750115
207.315,-0.2,-0.16918863312066074,-0.38434419125330016
207.32,-0.2,-0.16987589798821048,-0.3359023358259525
207.325,-0.2,-0.17111071047891419,0.04624876186728447
207.33,-0.2,-0.1730282239104807,-0.13956350340215995
207.335,-0.2,-0.1756297363354575,0.16846931368472295
207.34,-0.2,-0.17878609173976182,-0.405818064699921
207.345,-0.2,-0.18230900676771677,-0.3921105835037293
207.35,-0.2,-0.1860542644797868,-0.4692949981646364
207.355,-0.2,-0.18998131289836487,-0.4523239276744452
207.36,-0.2,-0.19413539201749383,-0.10765101434813844
207.365,-0.2,-0.1985710424367703,0.012731117002848139
207.37,-0.2,-0.20325664866349377,0.17312281212646535
207.375,-0.2,-0.2080176882404505,0.0880729477108923
207.38,-0.2,-0.21255478332994768,-0.12851938863150913
207.385,-0.2,-0.216530272320674,-0.3321644178618582
207.39,-0.2,-0.21968175372396523,-0.4809873056223136
207.395,-0.2,-0.2219032572233585,-0.4215854166093551
207.4,-0.2,-0.22324987098248142,-0.15368160724042304
207.405,-0.2,-0.2238654399114885,-0.12345256218950543
207.41,-0.2,-0.22388969462056973,-0.051683457459985954
207.415,-0.2,-0.2234028488215174,0.023310696964060258
207.42,-0.2,-0.22241341657989988,-0.09555512908049725
207.425,-0.2,-0.22089128374230832,-0.5489850812826405
207.43,-0.2,-0.2188513266459919,-0.43389048704461664
207.435,-0.2,-0.2164262870592324,-0.4604178087591977
207.44,-0.2,-0.213861928845005,-0.36990277222916157
207.445,-0.2,-0.21144376025056022,0.11134882912393677
207.45,-0.2,-0.20938923984247965,0.06447824713158729
207.455,-0.2,-0.20775904795546046,0.0930889740158602
207.46,-0.2,-0.20645409987599148,-0.17485728014829555
207.465,-0.2,-0.20530404062030047,-0.5320850212763876
207.47,-0.2,-0.20420122948234443,-0.7491765564313593
207.475,-0.2,-0.20320547548373127,-0.4937657183492975
207.48,-0.2,-0.2025382266051891,-0.2715492517309396
207.485,-0.2,-0.2024651710300245,0.015173619821558388
207.49,-0.2,-0.20315175503711622,0.1784488358046238
207.495,-0.2,-0.20457236067056098,0.10468416011359162
207.5,-0.2,-0.20652049549066556,-0.36677567230440977
207.505,-0.2,-0.20873029946347893,-0.6499245518803817
207.51,-0.2,-0.21103742810458595,-0.6141096941375302
207.515,-0.2,-0.21345844262282895,-0.45471175598511726
207.52,-0.2,-0.21613562479702053,0.01028206329796913
207.525,-0.2,-0.21919281120311507,0.18980007937121068
207.53,-0.2,-0.22259961655159208,0.15236208657228975
207.535,-0.2,-0.226130787855958,0.09184316432511998
207.54,-0.2,-0.22943402547493502,-0.31243359611222266
207.545,-0.2,-0.23216536645210037,-0.5884142322987267
207.55,-0.2,-0.2341260538633852,-0.43609455782875506
207.555,-0.2,-0.23531375551750097,-0.34341842984998383
207.56,-0.2,-0.2358620871802929,-0.12402470748864489
207.565,-0.2,-0.23593203757149436,-0.00896262525268745
207.57,-0.2,-0.2356212310691492,0.08416612607105355
207.575,-0.2,-0.23492416475080635,-0.09561320585563797
207.58,-0.2,-0.23375890347671227,-0.23795301003585195
207.585,-0.2,-0.2320433832525544,-0.3896076931414836
207.59,-0.2,-0.2297793786734712,-0.6539744606225144
207.595,-0.2,-0.22710959692204444,-0.5000523081662459
207.6,-0.2,-0.22431454646841298,-0.3534817067850331
207.605,-0.2,-0.22173417657980254,-0.1397642831732014
207.61,-0.2,-0.2196544557473847,0.04475922900719531
207.615,-0.2,-0.21821946593877317,-0.0060798084378884815
207.62,-0.2,-0.21741266220764638,-0.2184828590344416
207.625,-0.2,-0.21711815022105668,-0.3539493634101488
207.63,-0.2,-0.21722130960452796,-0.5502883089108594
207.635,-0.2,-0.2176882735533789,-0.4721719485100904
207.64,-0.2,-0.2185827742067981,-0.2905442119816506
207.645,-0.2,-0.22000714296178128,0.017277972110240982
207.65,-0.2,-0.2219930852406926,0.2922364829172059
207.655,-0.2,-0.22441064483513173,-0.021019421263192537
207.66,-0.2,-0.22697683752216605,-0.23922321711008426
207.665,-0.2,-0.2293701059219934,-0.3971301551649438
207.67,-0.2,-0.23135862424220227,-0.4955776034664101
207.675,-0.2,-0.232861198739909,-0.3343251150603904
207.68,-0.2,-0.23393059898460739,-0.3640205091206461
207.685,-0.2,-0.23468446153404757,0.08693664789796342
207.69,-0.2,-0.23521018450727152,0.08142799390800724
207.695,-0.2,-0.23549115628326772,-0.090295890193134
207.7,-0.2,-0.23541845003138975,-0.30568362936016735
207.705,-0.2,-0.2348820547866842,-0.4512655426944284
207.71,-0.2,-0.2338686032340902,-0.6477460129422296
207.715,-0.2,-0.23250789532522625,-0.323774965799422
207.72,-0.2,-0.23103593312378004,-0.16570760276073565
207.725,-0.2,-0.2296938345433315,-0.15962405266888516
207.73,-0.2,-0.2286402705460191,0.0035631598422403155
207.735,-0.2,-0.22791920780455566,-0.10514674512611846
207.74,-0.2,-0.22747176605498434,-0.13694826436069973
207.745,-0.2,-0.2271867702059158,-0.4637641676878164
207.75,-0.2,-0.2269832672012746,-0.5761215441448805
207.755,-0.2,-0.226883436021188,-0.43854286403488246
207.76,-0.2,-0.2270183819217988,-0.3440781127094656
207.765,-0.2,-0.22755784435073534,-0.02953340793061009
207.77,-0.2,-0.22861431093140136,-0.10246361162026305
207.775,-0.2,-0.2301825014061149,-0.038589468748461656
207.78,-0.2,-0.23213989752151373,-0.0975392904533808
207.785,-0.2,-0.23429659097406952,-0.472432953915417
207.79,-0.2,-0.2364821158753748,-0.5436135817534883
207.795,-0.2,-0.2386325576236779,-0.5233928372123315
207.8,-0.2,-0.2408054625387935,-0.13806660998672607
207.805,-0.2,-0.24309841430295773,-0.004935852212893051
207.81,-0.2,-0.24553826469052245,-0.014786181959880462
207.815,-0.2,-0.2480284048133716,-0.016321312636673368
207.82,-0.2,-0.2503720455035563,-0.13377894696456566
207.825,-0.2,-0.25233831621245384,-0.3752827147456502
207.83,-0.2,-0.253749420562976,-0.5678774231810679
207.835,-0.2,-0.2545574398668049,-0.4223950439089244
207.84,-0.2,-0.2548532573985146,-0.21472348192938714
207.845,-0.2,-0.25478196115945434,0.23840561732618207
207.85,-0.2,-0.2544107298425526,0.22592394004065183
207.855,-0.2,-0.25365281009808105,-0.20398726210607382
207.86,-0.2,-0.25232580688556366,-0.3459476460169873
207.865,-0.2,-0.25028866618546813,-0.41242267831348434
207.87,-0.2,-0.24753407425327048,-0.4631569690314318
207.875,-0.2,-0.24420562678788194,-0.6175642797916443
207.88,-0.2,-0.24057704311380132,-0.3524030537983395
207.885,-0.2,-0.23699107245682202,-0.10158051491822792
207.89,-0.2,-0.2337498574043479,0.07127579792737257
207.895,-0.2,-0.2310158374019622,-0.08374518903350908
207.9,-0.2,-0.22880207221459167,-0.3731949909017399
207.905,-0.2,-0.2270574697293714,-0.4659534463978814
207.91,-0.2,-0.22576884873758504,-0.4690441075594173
207.915,-0.2,-0.22500593135947897,-0.5023269244225448
207.92,-0.2,-0.22490029731192693,-0.1748311920146946
207.925,-0.2,-0.22557910758616143,-0.16176855648170835
207.93,-0.2,-0.22708854515558052,-0.015521298821310328
207.935,-0.2,-0.22934864636797533,0.036309064094990275
207.94,-0.2,-0.23214862818375726,0.02492588141854074
207.945,-0.2,-0.23518313628719686,-0.32884004674977013
207.95,-0.2,-0.23814106442970803,-0.4940245931655182
207.955,-0.2,-0.24081006304436148,-0.3814879366407942
207.96,-0.2,-0.24311144368541113,-0.1256328974410595
207.965,-0.2,-0.2450382818627052,-0.051605715127680994
207.97,-0.2,-0.24656437860349648,0.04936817932484558
207.975,-0.2,-0.24759053744101234,0.12313073984653203
207.98,-0.2,-0.24794785984438816,-0.3330476156070711
207.985,-0.2,-0.24747105235750383,-0.5110213415792624
207.99,-0.2,-0.24610505563345147,-0.350636497842298
207.995,-0.2,-0.24395565645912157,-0.6243412572345823
208.0,-0.2,-0.2412675104822517,-0.34545638017178626
208.005,-0.2,-0.23835773706729016,0.013934665920771173
208.01,-0.2,-0.23550895263218377,-0.07780972375170697
208.015,-0.2,-0.23288337015109148,-0.14452930813622875
208.02,-0.2,-0.2305271395974622,-0.2348474198863855
208.025,-0.2,-0.22843426640250136,-0.3852885918835138
208.03,-0.2,-0.226612811878865,-0.4594310360871386
208.035,-0.2,-0.2251295860167852,-0.46990084937212406
208.04,-0.2,-0.2241134357363052,-0.22976152054061275
208.045,-0.2,-0.22370369682671415,-0.06793376034321696
208.05,-0.2,-0.22396679978489112,0.08170266910760074
208.055,-0.2,-0.22483375009216594,0.03955784764445721
208.06,-0.2,-0.2261050188324995,-0.2938867384748449
208.065,-0.2,-0.22753123590871488,-0.3488076087965834
208.07,-0.2,-0.22891592405411623,-0.40329654698509104
208.075,-0.2,-0.23017304765163457,-0.49578909954581507
208.08,-0.2,-0.23132538533339667,-0.19436000643232823
208.085,-0.2,-0.2324481823958397,0.018022910920841004
208.09,-0.2,-0.23357838139331666,-0.043065877337975136
208.095,-0.2,-0.23465547775433448,0.02347230352986892
208.1,-0.2,-0.23553232221291495,-0.19982535659985326
208.105,-0.2,-0.23603290380129752,-0.24688615391031332
208.11,-0.2,-0.23602196798073424,-0.38911528595273204
208.115,-0.2,-0.23545594418729562,-0.3718982274696577
208.12,-0.2,-0.2343932093165561,-0.25518786377161357
208.125,-0.2,-0.23295949103797817,-0.18205762558991528
208.13,-0.2,-0.23128595403174274,0.007940337523888397
208.135,-0.2,-0.2294458238310949,0.10902077670431232
208.14,-0.2,-0.22742615232289315,-0.39696601566661843
208.145,-0.2,-0.22517653646947558,-0.3385119603241833
208.15,-0.2,-0.22269996591568475,-0.4365981044232834
208.155,-0.2,-0.22010003597350475,-0.4693720068929319
208.16,-0.2,-0.2175627026036356,-0.121914649798187
208.165,-0.2,-0.21529134558408763,-0.15278819028079918
208.17,-0.2,-0.21343031116907965,-0.07841042701526713
208.175,-0.2,-0.21202795781884456,-0.10085720999604846
208.18,-0.2,-0.21104534749724552,-0.11670219742595446
208.185,-0.2,-0.21039161504830883,-0.38385279464619837
208.19,-0.2,-0.20998337795812766,-0.4290234164678665
208.195,-0.2,-0.20981024180383673,-0.6185527532026543
208.2,-0.2,-0.2099645770871013,-0.279811537309782
208.205,-0.2,-0.21060274061850628,-0.19333683927207063
208.21,-0.2,-0.21185260192986036,0.045337436286027294
208.215,-0.2,-0.21372410360784488,0.13807402709897107
208.22,-0.2,-0.21607257367066154,-0.1088075239626539
208.225,-0.2,-0.21864866962543908,-0.505458719651518
208.23,-0.2,-0.22122432594126287,-0.5291887038992733
208.235,-0.2,-0.22369857540814708,-0.34328680142790036
208.24,-0.2,-0.22609417818676156,-0.1784460868621235
208.245,-0.2,-0.2284632607081751,0.15822622466486502
208.25,-0.2,-0.23077858866424245,0.12660822519793774
208.255,-0.2,-0.23288174977548898,-0.064358302659203
208.26,-0.2,-0.23452788588939072,-0.29035051257484745
208.265,-0.2,-0.23549901232959822,-0.5486849306017849
208.27,-0.2,-0.23571989501304744,-0.7568025986828514
208.275,-0.2,-0.23531690617662065,-0.3631203239274225
208.28,-0.2,-0.23457207021433857,-0.2342640239452153
208.285,-0.2,-0.23379640148975514,-0.1348264079030938
208.29,-0.2,-0.23321096943222275,0.19538559292587326
208.295,-0.2,-0.23287945569340368,5.798477324749779e-05
208.3,-0.2,-0.23271288690760863,-0.3707373087714427
208.305,-0.2,-0.23256396136086308,-0.36207273830203907
208.31,-0.2,-0.2323453371158629,-0.5738268588408013
208.315,-0.2,-0.23208472140056138,-0.30801331197958715
208.32,-0.2,-0.23189499306147907,-0.09225694694091105
208.325,-0.2,-0.23188635869213725,-0.06805595937005862
208.33,-0.2,-0.2320799503191898,0.209475421877639
208.335,-0.2,-0.23236787799119643,-0.03257118786867483
208.34,-0.2,-0.23253925699124225,-0.28721563248596843
208.345,-0.2,-0.23237699344542906,-0.4728610819103795
208.35,-0.2,-0.23177096682486326,-0.5304461264892296
208.355,-0.2,-0.2307721314498882,-0.4619127938360799
208.36,-0.2,-0.22956498712007692,-0.2416011865991371
208.365,-0.2,-0.22838413586708545,-0.20001036284567966
208.37,-0.2,-0.22742191673384682,0.03580719791545858
208.375,-0.2,-0.22676168642249786,0.04563959884162107
208.38,-0.2,-0.2263567772871547,-0.1842510536894904
208.385,-0.2,-0.22608390350324278,-0.5756949567731772
208.39,-0.2,-0.22585860437448954,-0.5468474788780763
208.395,-0.2,-0.22572226427963504,-0.4408775915836535
208.4,-0.2,-0.2258344578501663,-0.46079152312877447
208.405,-0.2,-0.22639679457072306,0.026198873221918544
208.41,-0.2,-0.22754844944869448,0.09501987895360227
208.415,-0.2,-0.2292835127361067,-0.2642942236586594
208.42,-0.2,-0.23147029525747853,-0.382003330591923
208.425,-0.2,-0.23395793609374527,-0.44719201913393736
208.43,-0.2,-0.23666733083811578,-0.6167679891843317
208.435,-0.2,-0.2396222897819938,-0.4228301471022584
208.44,-0.2,-0.24292524718183214,-0.2933778866681146
208.445,-0.2,-0.24668103848891554,0.007729523303174529
208.45,-0.2,-0.25090192412013523,0.04362579193839626
208.455,-0.2,-0.2554482041467877,0.07216536672990526
208.46,-0.2,-0.2600411813419236,-0.23033165512890694
208.465,-0.2,-0.26435304764579587,-0.5196649368346518
208.47,-0.2,-0.2681305933268441,-0.44467182183661513
208.475,-0.2,-0.27127657985704473,-0.6371457510719982
208.48,-0.2,-0.27385098319509044,-0.2701346958723216
208.485,-0.2,-0.2760028339263906,-0.1312991435635154
208.49,-0.2,-0.2778628949544897,0.04210407098490685
208.495,-0.2,-0.2794631347221227,-0.21418165136986847
208.5,-0.2,-0.28074085326500536,-0.24539189735826955
208.505,-0.2,-0.28160321901219215,-0.26947405283955606
208.51,-0.2,-0.28199489943330514,-0.6910661792681364
208.515,-0.2,-0.28195709589319246,-0.5470578864830918
208.52,-0.2,-0.28165359940567564,-0.3193212800954761
208.525,-0.2,-0.28130781332154176,0.040170922452176155
208.53,-0.2,-0.28108084163006564,-0.10777617484101601
208.535,-0.2,-0.28100213456337103,-0.19685195146839649
208.54,-0.2,-0.2810059353335844,-0.4620770004482173
208.545,-0.2,-0.28102819905587334,-0.5937619690004129
208.55,-0.2,-0.28109554136581466,-0.7089969346606785
208.555,-0.2,-0.28135993547161814,-0.46435849293734777
208.56,-0.2,-0.28205508235431426,-0.2847139997825258
208.565,-0.2,-0.2833920616786508,-0.024543766607382632
208.57,-0.2,-0.28545509125871876,-0.04617491466122717
208.575,-0.2,-0.28815812955594194,-0.11558491994693157
208.58,-0.2,-0.2912839023893427,-0.3651497911005184
208.585,-0.2,-0.29457396454520435,-0.2949906813920742
208.59,-0.2,-0.29781751046317917,-0.7338513519049162
208.595,-0.2,-0.3009116827394923,-0.3779562281429955
208.6,-0.2,-0.3038659001491477,-0.3007478471148683
208.605,-0.2,-0.30673511941021175,-0.16639034190738988
208.61,-0.2,-0.3095319151694974,0.03240056729606433
208.615,-0.2,-0.3121717312373753,-0.07668885074290552
208.62,-0.2,-0.3144773534762974,-0.37027174786227246
208.625,-0.2,-0.3162550571792397,-0.4938081249985087
208.63,-0.2,-0.31739782229648605,-0.6202483294734684
208.635,-0.2,-0.31794218038967664,-0.4820976867494303
208.64,-0.2,-0.31805148545087253,-0.4366876435701249
208.645,-0.2,-0.3179439359083173,-0.11485386316684064
208.65,-0.2,-0.31779904582545454,-0.09647860248193876
208.655,-0.2,-0.31768907665979584,-0.17026862315677369
208.66,-0.2,-0.3175784316760642,-0.2990008097188205
208.665,-0.2,-0.3173845625766223,-0.4468674941067694
208.67,-0.2,-0.3170548792014165,-0.5661314924089407
208.675,-0.2,-0.3166190603727139,-0.4622990526282429
208.68,-0.2,-0.316187425197539,-0.30544994096087946
208.685,-0.2,-0.3158893852288088,-0.05420516422921264
208.69,-0.2,-0.3157885215325693,-0.08157413034493648
208.695,-0.2,-0.31582987279776464,0.00686615504166857
208.7,-0.2,-0.31585309858532506,-0.4089489444630573
208.705,-0.2,-0.31567641363636956,-0.6305007456365174
208.71,-0.2,-0.31520963098928007,-0.532263248163529
208.715,-0.2,-0.3145123645364985,-0.6048576607456102
208.72,-0.2,-0.3137608349536318,-0.2105795710620794
208.725,-0.2,-0.3131511418902974,-0.02601259258931192
208.73,-0.2,-0.31278939622316343,-0.06879294458406926
208.735,-0.2,-0.3126376176568262,-0.08377452087186962
208.74,-0.2,-0.31254633812571586,-0.3599930797195766
208.745,-0.2,-0.3123412188257204,-0.45146674446581864
208.75,-0.2,-0.31191391401045404,-0.571595910328976
208.755,-0.2,-0.31127223417740263,-0.4524032399228977
208.76,-0.2,-0.31053027448457626,-0.45578191989328853
208.765,-0.2,-0.30985008334580894,-0.06513252212653635
208.77,-0.2,-0.3093530734548399,0.012848239745524417
208.775,-0.2,-0.3090454242311335,-0.21264774385683302
208.78,-0.2,-0.30882609047475873,-0.4062592105117538
208.785,-0.2,-0.30858038876800054,-0.6289058160872756
208.79,-0.2,-0.3082759889636879,-0.4292759628466766
208.795,-0.2,-0.3079861963301444,-0.4388775295187579
208.8,-0.2,-0.30784273252838756,-0.2935380379209597
208.805,-0.2,-0.30796388140557096,-0.0313985093488484
208.81,-0.2,-0.3083817729603094,0.04544823390615826
208.815,-0.2,-0.3089968096192266,-0.16586885563530104
208.82,-0.2,-0.30960778576148323,-0.37062040668250473
208.825,-0.2,-0.3100093426619122,-0.4670462592336933
208.83,-0.2,-0.3100928703582334,-0.7966010363511221
208.835,-0.2,-0.3099070881442778,-0.5484719212551401
208.84,-0.2,-0.30965190311365365,-0.5049336607592608
208.845,-0.2,-0.3095980313644669,-0.20553145176770396
208.85,-0.2,-0.3099750754016508,-0.12088958006366068
208.855,-0.2,-0.31089258439836825,-0.29886306241489674
208.86,-0.2,-0.3123364480032648,-0.3029180209011798
208.865,-0.2,-0.3142316657599491,-0.6573256962410727
208.87,-0.2,-0.31652752857979494,-0.6450189004251313
208.875,-0.2,-0.3192579267373138,-0.5974523801652388
208.88,-0.2,-0.3225344907126015,-0.35556630625062563
208.885,-0.2,-0.3264723550534464,-0.18651298414228495
208.89,-0.2,-0.3311004240073716,-0.14947062488271062
208.895,-0.2,-0.3363150961086889,-0.221991014705741
208.9,-0.2,-0.3418988068548734,-0.2508044337286792
208.905,-0.2,-0.34758074162761365,-0.4606912356313804
208.91,-0.2,-0.3531206347060083,-0.8554255565094404
208.915,-0.2,-0.35839679610608977,-0.530206935173725
208.92,-0.2,-0.3634285126621092,-0.35599770148653426
208.925,-0.2,-0.368285281026479,0.10985746516240258
208.93,-0.2,-0.37295151064055226,-0.0941570229530276
208.935,-0.2,-0.3772654829623371,-0.21808349506058122
208.94,-0.2,-0.38097527673194986,-0.39451780357555644
208.945,-0.2,-0.38385235303121823,-0.6424938574415076
208.95,-0.2,-0.3857891589731321,-0.6317138467182866
208.955,-0.2,-0.3868370262846459,-0.44818914372105134
208.96,-0.2,-0.38716237671236803,-0.2923098234911468
208.965,-0.2,-0.38695272280147486,-0.21562790550425615
208.97,-0.2,-0.3863370339787214,-0.13397456640929314
208.975,-0.2,-0.3853550680154733,-0.271506552283171
208.98,-0.2,-0.3839738316744329,-0.21401976680446558
208.985,-0.2,-0.38213953459293937,-0.7099871504605356
208.99,-0.2,-0.3798643034655809,-0.899718155563372
208.995,-0.2,-0.3773135908760022,-0.6453059320983356
209.0,-0.2,-0.3748016190295884,-0.3409049361656419
209.005,-0.2,-0.37266671873960455,-0.06745714997373708
209.01,-0.2,-0.3711208325833977,-0.02175889783670723
209.015,-0.2,-0.3701752136379248,-0.13851586627349652
209.02,-0.2,-0.3696703587901443,-0.2952594812338122
209.025,-0.2,-0.36937598706550506,-0.5525642462383611
209.03,-0.2,-0.3691050405840205,-0.6161920932767521
209.035,-0.2,-0.3687862910943453,-0.4770390670086305
209.04,-0.2,-0.36845684324457284,-0.3102586018344902
209.045,-0.2,-0.3681866525192317,-0.12207999301888599
209.05,-0.2,-0.3679960402042755,-0.23836654698752963
209.055,-0.2,-0.36782864035595536,-0.36622121690758047
209.06,-0.2,-0.36758595956138496,-0.24149122365417927
209.065,-0.2,-0.36717529778982955,-0.5483286114504281
209.07,-0.2,-0.366553057806751,-0.6492162654767212
209.075,-0.2,-0.36577181067201886,-0.6585735908870416
209.08,-0.2,-0.3649871411212441,-0.2268997258868326
209.085,-0.2,-0.36437667634198967,-0.016542487114052984
209.09,-0.2,-0.36402432623670555,-0.2450537500304444
209.095,-0.2,-0.3638748436465229,-0.07826303556554887
209.1,-0.2,-0.36377691850542987,-0.4591396927735522
209.105,-0.2,-0.3635655355730386,-0.5293610885617576
209.11,-0.2,-0.3631496653957662,-0.6861792873635769
209.115,-0.2,-0.36256405483173026,-0.4898182341524563
209.12,-0.2,-0.36195251475012397,-0.5149512892595565
209.125,-0.2,-0.36150045140685927,-0.19473539374064652
209.13,-0.2,-0.36134926045199384,-0.08000858595806089
209.135,-0.2,-0.3615248934920981,-0.16139680875993004
209.14,-0.2,-0.3619286480698535,-0.37813531506588166
209.145,-0.2,-0.3624097361082114,-0.6383807399623409
209.15,-0.2,-0.3628773960624133,-0.8264787850144729
209.155,-0.2,-0.3633820532377071,-0.6251943730994095
209.16,-0.2,-0.3641035806319791,-0.313484117880463
209.165,-0.2,-0.36524452978849775,-0.17381482000829696
209.17,-0.2,-0.3669050994957259,-0.00629488128946698
209.175,-0.2,-0.36901728551784213,-0.11513396709864153
209.18,-0.2,-0.3713642702300109,-0.36656331877617204
209.185,-0.2,-0.37367200060884614,-0.4889406381151086
209.19,-0.2,-0.37572231800282835,-0.684103260594598
209.195,-0.2,-0.3774264047334106,-0.5234785257160608
209.2,-0.2,-0.3788269165081592,-0.47367869108391414
209.205,-0.2,-0.38003724865740596,-0.24305261528202546
209.21,-0.2,-0.38116017843781363,-0.27818942793091395
209.215,-0.2,-0.3822326667124313,-0.20964261890166735
209.22,-0.2,-0.3832172910041252,-0.34253081614499037
209.225,-0.2,-0.38403833282656974,-0.5811120294683413
209.23,-0.2,-0.38465262798332706,-0.738205004146499
209.235,-0.2,-0.38511663868311835,-0.5820193259488878
209.24,-0.2,-0.3855888783004153,-0.41668186164215165
209.245,-0.2,-0.38625369649122726,-0.1486561811373582
209.25,-0.2,-0.3872172085280124,-0.06987177621236758
209.255,-0.2,-0.38844584125437476,-0.3102273740619254
209.26,-0.2,-0.3897867733091564,-0.22238929205988262
209.265,-0.2,-0.39104567812706825,-0.6486493796013266
209.27,-0.2,-0.39208224356535687,-0.7934266101457872
209.275,-0.2,-0.39288938643199467,-0.5554191508815518
209.28,-0.2,-0.3935920160347864,-0.36011784464595264
209.285,-0.2,-0.3943509773198246,-0.15793108043005366
209.29,-0.2,-0.39524820021497725,-0.017646781415954896
209.295,-0.2,-0.3962230972291072,-0.14311654372128127
209.3,-0.2,-0.39708732532075613,-0.3310980971382549
209.305,-0.2,-0.3976179093979107,-0.7869598358017916
209.31,-0.2,-0.3976874197754399,-0.7289886880686685
209.315,-0.2,-0.39734697524229196,-0.6569920818632815
209.32,-0.2,-0.3968055270173594,-0.5428642932084028
209.325,-0.2,-0.39633577255323654,-0.2739615171097852
209.33,-0.2,-0.3961660224292618,-0.18408318894504055
209.335,-0.2,-0.3963977737518545,-0.1151876365864968
209.34,-0.2,-0.3969807586839867,-0.26810514241968886
209.345,-0.2,-0.39776133703515737,-0.6026180858287932
209.35,-0.2,-0.3985863451535153,-0.6639659540797186
209.355,-0.2,-0.3994000921876906,-0.6845406010929405
209.36,-0.2,-0.4002615393483611,-0.23896963089338316
209.365,-0.2,-0.4012664723060397,-0.21167757497147233
209.37,-0.2,-0.40244074697192334,-0.08166327580735197
209.375,-0.2,-0.4036863596955621,-0.1612960101007858
209.38,-0.2,-0.4048010638792453,-0.3032964031219051
209.385,-0.2,-0.4055462558810533,-0.4179188401447006
209.39,-0.2,-0.40573911272057317,-0.8995320208529654
209.395,-0.2,-0.4053416892706583,-0.576486837223964
209.4,-0.2,-0.4044856232250576,-0.49956726430040144
209.405,-0.2,-0.4033948281962066,-0.20474597678653855
209.41,-0.2,-0.4022613137211778,-0.06608392162785562
209.415,-0.2,-0.40116014820037804,-0.32466336878963886
209.42,-0.2,-0.4000565163902256,-0.4895459494270544
209.425,-0.2,-0.39889208880574056,-0.6167467286726247
209.43,-0.2,-0.3976764891756205,-0.7421891738027423
209.435,-0.2,-0.396528799467426,-0.6085722015585158
209.44,-0.2,-0.39565665367773456,-0.4745283045278288
209.445,-0.2,-0.3952814730835694,-0.23208935226744737
209.45,-0.2,-0.395547186012979,-0.22048550155391755
209.455,-0.2,-0.3964541070962988,0.09762399126574228
209.46,-0.2,-0.39784192294279846,-0.42958360143825375
209.465,-0.2,-0.3994499619964993,-0.5235974580471646
209.47,-0.2,-0.4010418761030666,-0.7154358712644587
209.475,-0.2,-0.40250688978260674,-0.6266144067730444
209.48,-0.2,-0.40387558116446315,-0.5487300871461456
209.485,-0.2,-0.40525381845090036,-0.0033562566651789416
209.49,-0.2,-0.40670422242766985,-0.077902559606615
209.495,-0.2,-0.40815034949793444,-0.09003968076884453
209.5,-0.2,-0.40938199776349854,-0.38635824103917704
209.505,-0.2,-0.410150953452344,-0.5264389965530771
209.51,-0.2,-0.41028139199316055,-0.5696449707105606
209.515,-0.2,-0.4097368420808963,-0.7604011541367762
209.52,-0.2,-0.40863039689298963,-0.4585743699448493
209.525,-0.2,-0.40717606964923164,-0.34196548727020526
209.53,-0.2,-0.40559396973733625,-0.20141882369488462
209.535,-0.2,-0.40402588885854873,-0.24400649077277098
209.54,-0.2,-0.4025116112857173,-0.35535396673736774
209.545,-0.2,-0.4010283568196569,-0.5674071395208891
209.55,-0.2,-0.3995638903349141,-0.6233521806094886
209.555,-0.2,-0.39817818940585964,-0.6828991515597245
209.56,-0.2,-0.3970148616833562,-0.4162053064432326
209.565,-0.2,-0.3962520569129682,-0.356260871403001
209.57,-0.2,-0.3960154103977439,0.053765349768617715
209.575,-0.2,-0.3962915967724561,-0.008364643250901471
209.58,-0.2,-0.396902370045231,-0.5011443202054262
209.585,-0.2,-0.3975939546066951,-0.6622719339275447
209.59,-0.2,-0.3981845079291255,-0.631658127947696
209.595,-0.2,-0.39864257082307125,-0.6473555491679455
209.6,-0.2,-0.3990656533433606,-0.4765409158088832
209.605,-0.2,-0.3996015486173199,-0.10021205252514138
209.61,-0.2,-0.40033881987941683,0.020832041752596953
209.615,-0.2,-0.4012208196780668,-0.24386260856372213
209.62,-0.2,-0.40205733640039804,-0.3262528753708745
209.625,-0.2,-0.4026245708453167,-0.6349690185413848
209.63,-0.2,-0.40278084301257777,-0.7859689393578921
209.635,-0.2,-0.40254287868261923,-0.6685193895737307
209.64,-0.2,-0.4020797298490456,-0.36181846868858303
209.645,-0.2,-0.4016143007728709,-0.15955563288278723
209.65,-0.2,-0.40129408549297574,-0.026318336813661927
209.655,-0.2,-0.4011121977330482,-0.11359865665151264
209.66,-0.2,-0.40091512745491825,-0.2798734762718695
209.665,-0.2,-0.4004924628752796,-0.7904701677927822
209.67,-0.2,-0.3997082575778816,-0.6252112327930178
209.675,-0.2,-0.3985830293981099,-0.5128979936221405
209.68,-0.2,-0.3972572335514599,-0.20317132604711266
209.685,-0.2,-0.39587703163291693,-0.12441096247406958
209.69,-0.2,-0.39449741848519415,-0.1412075729590803
209.695,-0.2,-0.3930535938692343,-0.09038031408527616
209.7,-0.2,-0.3913946470018236,-0.4297596072645198
209.705,-0.2,-0.3893664860711424,-0.7204004938598135
209.71,-0.2,-0.3869195832176145,-0.6776798794708018
209.715,-0.2,-0.3841688847827526,-0.5971131414711167
209.72,-0.2,-0.3813594402625398,-0.4670089030781822
209.725,-0.2,-0.3787789446136348,-0.4050189252146572
209.73,-0.2,-0.37667048241148143,-0.0797406859048795
209.735,-0.2,-0.37516231681607964,-0.21472267007769136
209.74,-0.2,-0.3742404356462727,-0.27957199049189396
209.745,-0.2,-0.37379689051054144,-0.6884468721575187
209.75,-0.2,-0.37373541023757506,-0.7044585156895758
209.755,-0.2,-0.37406038875019443,-0.6615070840397322
209.76,-0.2,-0.3748821459094503,-0.40203054285784934
209.765,-0.2,-0.37633528669190963,-0.1205955470361043
209.77,-0.2,-0.37846315959213905,0.016827862027623056
209.775,-0.2,-0.38114427518564853,-0.2551120652122076
209.78,-0.2,-0.3841170119387221,-0.3180855753701715
209.785,-0.2,-0.3870810433310117,-0.5769949153874891
209.79,-0.2,-0.38980658968551524,-0.7134992101217918
209.795,-0.2,-0.39220140969737194,-0.5018222214658197
209.8,-0.2,-0.3943019029738302,-0.3936584758576128
209.805,-0.2,-0.396194236736695,-0.1901729515166649
209.81,-0.2,-0.3979226062193601,-0.12101308471105637
209.815,-0.2,-0.3994402791363387,-0.32164948755044886
209.82,-0.2,-0.40062950976448636,-0.3872487897726637
209.825,-0.2,-0.40137572393908233,-0.7019836293601114
209.83,-0.2,-0.40164895888846985,-0.6203017058602872
209.835,-0.2,-0.4015431926802781,-0.5912968606355993
209.84,-0.2,-0.4012481248741934,-0.405719200988622
209.845,-0.2,-0.40097360904037976,-0.2902421506093976
209.85,-0.2,-0.40087564380861573,-0.3488512942377771
209.855,-0.2,-0.40101793446050393,-0.1341603544611326
209.86,-0.2,-0.4013668806103957,-0.3274532338975623
209.865,-0.2,-0.401820834046505,-0.5976456909512693
209.87,-0.2,-0.402290621313153,-0.8228828313915534
209.875,-0.2,-0.402789225176617,-0.5736729359278254
209.88,-0.2,-0.4034407382977388,-0.37582856377897006
209.885,-0.2,-0.4043940180305917,-0.23261111375025764
209.89,-0.2,-0.4057170551145937,-0.05011533488787681
209.895,-0.2,-0.40733922258799765,-0.2138506486980957
209.9,-0.2,-0.4090707595411337,-0.506680715947646
209.905,-0.2,-0.4107005743836288,-0.7320967810882901
209.91,-0.2,-0.412111452747135,-0.620459004633288
209.915,-0.2,-0.41332531029906483,-0.5648668857445396
209.92,-0.2,-0.4144589306829076,-0.36236956433502704
209.925,-0.2,-0.4156356185482306,-0.16335668329595815
209.93,-0.2,-0.4168943023896606,0.04493385282238155
209.935,-0.2,-0.4181300309271638,-0.15447451432882542
209.94,-0.2,-0.41911586302694726,-0.5494960659994518
209.945,-0.2,-0.4196124107672584,-0.4771311093746442
209.95,-0.2,-0.41947817723522446,-0.5927726262378061
209.955,-0.2,-0.4187130922008323,-0.7806043340056926
209.96,-0.2,-0.4174481066626216,-0.25254801485521844
209.965,-0.2,-0.4158739199126339,-0.106789476699732
209.97,-0.2,-0.4141224869036002,-0.1369181173038664
209.975,-0.2,-0.4122014430079812,-0.28470327655036104
209.98,-0.2,-0.4100343689171319,-0.5145254609784068
209.985,-0.2,-0.4075593961756743,-0.7284785000706554
209.99,-0.2,-0.40481946696119564,-0.67361493107683
209.995,-0.2,-0.4019964969302168,-0.7458593461183776
210.0,-0.2,-0.3993775118772992,-0.42808983309058174
210.005,-0.2,-0.3972694980550747,-0.28536896536182244
210.01,-0.2,-0.39589113735452197,-0.010752005839004306
210.015,-0.2,-0.3952848611810856,-0.011484108017020184
210.02,-0.2,-0.3952982805931955,-0.32045796304956375
